Date,Adj Close,Close,High,Low,Open,Volume
,BATAINDIA.NS,BATAINDIA.NS,BATAINDIA.NS,BATAINDIA.NS,BATAINDIA.NS,BATAINDIA.NS
2010-01-04,86.15592193603516,98.19999694824219,99.30000305175781,97.5,99.30000305175781,106188
2010-01-05,85.12507629394531,97.0250015258789,99.3499984741211,96.7750015258789,99.3499984741211,182024
2010-01-06,84.9715347290039,96.8499984741211,98.75,96.6500015258789,97.94999694824219,83756
2010-01-07,86.0462646484375,98.07499694824219,99.3499984741211,96.4000015258789,97.5,227438
2010-01-08,85.91466522216797,97.92500305175781,101.30000305175781,97.125,97.125,648046
2010-01-11,85.69534301757812,97.67500305175781,99.4749984741211,97.4749984741211,97.75,189572
2010-01-12,87.45003509521484,99.67500305175781,102.19999694824219,97.5999984741211,97.94999694824219,1404944
2010-01-13,91.72713470458984,104.55000305175781,104.94999694824219,99.07499694824219,99.5,2285164
2010-01-14,90.4111099243164,103.05000305175781,106.55000305175781,102.57499694824219,104.5,978710
2010-01-15,91.5077896118164,104.30000305175781,105.5,101.7750015258789,103.0,590156
2010-01-18,90.7401123046875,103.42500305175781,108.0999984741211,103.0,104.0,1352780
2010-01-19,89.53376770019531,102.05000305175781,105.0,101.55000305175781,102.0,212792
2010-01-20,87.93257904052734,100.2249984741211,105.25,99.4000015258789,103.0,418540
2010-01-21,86.30947875976562,98.375,102.30000305175781,98.0250015258789,100.44999694824219,367670
2010-01-22,84.62059020996094,96.44999694824219,97.5,93.5250015258789,97.5,286058
2010-01-25,81.48403930664062,92.875,97.0,91.80000305175781,95.0,452060
2010-01-27,77.51400756835938,88.3499984741211,94.0,87.5,93.0,499614
2010-01-28,79.75128173828125,90.9000015258789,91.82499694824219,88.25,88.5,309626
2010-01-29,79.8390121459961,91.0,92.5,88.5250015258789,89.5,289154
2010-02-01,83.83097076416016,95.55000305175781,96.0,89.17500305175781,91.0,332846
2010-02-02,84.13803100585938,95.9000015258789,97.69999694824219,95.0,96.5,200654
2010-02-03,83.6554946899414,95.3499984741211,98.44999694824219,95.05000305175781,96.0,206558
2010-02-04,82.07624816894531,93.55000305175781,95.92500305175781,92.7750015258789,95.80000305175781,75622
2010-02-05,79.22486877441406,90.30000305175781,92.5,88.75,92.44999694824219,91302
2010-02-08,79.88288879394531,91.05000305175781,94.0,90.6500015258789,90.94999694824219,135726
2010-02-09,79.99254608154297,91.17500305175781,92.69999694824219,90.80000305175781,91.3499984741211,50580
2010-02-10,80.6724853515625,91.94999694824219,93.94999694824219,91.375,91.75,217838
2010-02-11,80.89183807373047,92.19999694824219,93.4749984741211,92.05000305175781,92.69999694824219,71252
2010-02-15,80.01446533203125,91.19999694824219,92.92500305175781,90.94999694824219,92.0250015258789,50020
2010-02-16,81.46210479736328,92.8499984741211,93.5,91.1500015258789,91.94999694824219,78534
2010-02-17,81.63758087158203,93.05000305175781,94.0,92.30000305175781,93.5,69214
2010-02-18,81.06729888916016,92.4000015258789,93.75,91.94999694824219,93.44999694824219,49048
2010-02-19,81.28665161132812,92.6500015258789,93.30000305175781,91.55000305175781,91.55000305175781,58182
2010-02-22,79.75128173828125,90.9000015258789,94.0,90.5999984741211,94.0,50288
2010-02-23,81.54983520507812,92.94999694824219,93.25,90.82499694824219,92.44999694824219,108154
2010-02-24,81.44017791748047,92.82499694824219,95.44999694824219,91.19999694824219,91.19999694824219,356424
2010-02-25,90.1259536743164,102.7249984741211,105.19999694824219,93.625,94.05000305175781,5556794
2010-02-26,102.95723724365234,117.3499984741211,123.2750015258789,100.5250015258789,102.5,8616392
2010-03-02,104.2293930053711,118.80000305175781,122.5,102.625,102.625,8546732
2010-03-03,103.7029800415039,118.19999694824219,120.80000305175781,115.6500015258789,119.07499694824219,2380668
2010-03-04,102.93529510498047,117.32499694824219,120.19999694824219,115.1500015258789,117.0,1177184
2010-03-05,102.5843505859375,116.92500305175781,119.75,115.6500015258789,118.30000305175781,489020
2010-03-08,103.59332275390625,118.07499694824219,122.44999694824219,117.1500015258789,119.0,910998
2010-03-09,103.2862319946289,117.7249984741211,119.6500015258789,117.0,118.75,303392
2010-03-10,105.83055114746094,120.625,124.3499984741211,117.0999984741211,118.5,1897618
2010-03-11,109.3180160522461,124.5999984741211,127.92500305175781,120.25,120.25,3466852
2010-03-12,109.29609680175781,124.57499694824219,127.75,123.19999694824219,123.94999694824219,1079428
2010-03-15,105.91828155517578,120.7249984741211,125.25,120.05000305175781,124.5,326906
2010-03-16,106.62017059326172,121.5250015258789,124.30000305175781,120.5999984741211,121.4749984741211,477814
2010-03-17,104.51451873779297,119.125,122.9749984741211,118.05000305175781,122.44999694824219,263870
2010-03-18,103.94425964355469,118.4749984741211,120.9000015258789,117.57499694824219,120.0,222596
2010-03-19,104.40486145019531,119.0,121.17500305175781,118.0999984741211,118.5,295056
2010-03-22,106.20345306396484,121.05000305175781,125.69999694824219,118.5,119.25,1980342
2010-03-23,105.4795913696289,120.2249984741211,123.2750015258789,119.57499694824219,122.0,336938
2010-03-25,104.86546325683594,119.5250015258789,122.2750015258789,119.0,120.94999694824219,285232
2010-03-26,104.20745849609375,118.7750015258789,121.2249984741211,118.5,120.44999694824219,173418
2010-03-29,101.86054229736328,116.0999984741211,120.32499694824219,115.5250015258789,119.05000305175781,222922
2010-03-30,99.88648986816406,113.8499984741211,116.5250015258789,113.0999984741211,116.5,288238
2010-03-31,100.06196594238281,114.05000305175781,117.25,113.55000305175781,113.8499984741211,310028
2010-04-01,103.94425964355469,118.4749984741211,119.2249984741211,114.69999694824219,114.69999694824219,666474
2010-04-05,105.36994934082031,120.0999984741211,120.92500305175781,119.5,120.0,394060
2010-04-06,105.413818359375,120.1500015258789,123.5,119.32499694824219,120.5,385816
2010-04-07,106.40082550048828,121.2750015258789,121.8499984741211,120.07499694824219,121.0,162866
2010-04-08,105.30415344238281,120.0250015258789,123.9749984741211,119.05000305175781,120.5,247622
2010-04-09,108.55034637451172,123.7249984741211,124.75,120.80000305175781,121.8499984741211,694384
2010-04-12,107.98006439208984,123.07499694824219,126.69999694824219,122.25,122.44999694824219,584298
2010-04-13,113.61705017089844,129.5,130.35000610351562,122.55000305175781,123.9749984741211,1676546
2010-04-15,113.06871795654297,128.875,133.6999969482422,128.0,130.9499969482422,1278106
2010-04-16,111.1823959350586,126.7249984741211,128.5,126.05000305175781,126.07499694824219,228650
2010-04-19,111.27013397216797,126.82499694824219,128.89999389648438,122.55000305175781,123.5,384602
2010-04-20,110.45858764648438,125.9000015258789,128.25,125.05000305175781,127.5,163948
2010-04-21,112.3887710571289,128.10000610351562,131.0,126.25,126.5,472762
2010-04-22,111.4236831665039,127.0,129.89999389648438,126.0,127.94999694824219,223904
2010-04-23,111.33594512939453,126.9000015258789,128.3249969482422,126.5,127.44999694824219,105950
2010-04-26,113.26610565185547,129.10000610351562,130.75,126.75,127.4000015258789,294174
2010-04-27,124.51814270019531,141.9250030517578,143.4250030517578,129.10000610351562,129.10000610351562,5381508
2010-04-28,129.27781677246094,147.35000610351562,148.64999389648438,137.5500030517578,138.9499969482422,5029676
2010-04-29,126.4483642578125,144.125,151.64999389648438,142.75,149.39999389648438,3403520
2010-04-30,120.92098236083984,137.8249969482422,145.89999389648438,137.5,144.0500030517578,1397638
2010-05-03,120.98677825927734,137.89999389648438,142.0,130.0,130.0,928264
2010-05-04,115.94202423095703,132.14999389648438,141.5,129.8249969482422,139.9250030517578,578796
2010-05-05,118.15735626220703,134.6750030517578,135.75,126.5,130.5,927628
2010-05-06,117.22575378417969,132.125,134.5,129.25,132.4499969482422,483822
2010-05-07,113.76554870605469,128.22500610351562,133.375,127.0,130.0,393980
2010-05-10,116.73777770996094,131.5749969482422,133.89999389648438,129.0,129.75,473256
2010-05-11,116.7155990600586,131.5500030517578,133.875,130.27499389648438,132.47500610351562,334140
2010-05-12,118.68968200683594,133.77499389648438,137.875,130.75,131.5,1311028
2010-05-13,124.96686553955078,140.85000610351562,142.6999969482422,134.5,134.5749969482422,1723904
2010-05-14,121.37358856201172,136.8000030517578,143.875,134.85000610351562,142.5,1062640
2010-05-17,119.37728881835938,134.5500030517578,139.0,130.0500030517578,130.0500030517578,380426
2010-05-18,119.17767333984375,134.3249969482422,138.0,133.10000610351562,134.85000610351562,271782
2010-05-19,112.92267608642578,127.2750015258789,134.0,125.80000305175781,132.5500030517578,353390
2010-05-20,112.76740264892578,127.0999984741211,131.0,126.25,128.5,214984
2010-05-21,112.61213684082031,126.92500305175781,127.9000015258789,120.07499694824219,125.05000305175781,275942
2010-05-24,115.85053253173828,130.5749969482422,132.1750030517578,127.55000305175781,127.55000305175781,239234
2010-05-25,112.05760955810547,126.30000305175781,133.52499389648438,125.5,128.625,455920
2010-05-26,111.70272827148438,125.9000015258789,129.97500610351562,125.05000305175781,127.0,260408
2010-05-27,114.96329498291016,129.5749969482422,132.1750030517578,126.30000305175781,127.30000305175781,559120
2010-05-28,113.43283081054688,127.8499984741211,132.97500610351562,126.0,131.14999389648438,527000
2010-05-31,115.40692138671875,130.0749969482422,131.9499969482422,129.0,130.5,213796
2010-06-01,113.4771957397461,127.9000015258789,131.6999969482422,126.25,130.5,243726
2010-06-02,114.3865966796875,128.9250030517578,131.125,126.0,128.5,181694
2010-06-03,114.07608032226562,128.5749969482422,131.25,127.625,129.625,186454
2010-06-04,113.61028289794922,128.0500030517578,130.8249969482422,127.5250015258789,128.0,241902
2010-06-07,112.07978057861328,126.32499694824219,128.47500610351562,124.07499694824219,125.5,151272
2010-06-08,111.54744720458984,125.7249984741211,128.85000610351562,125.1500015258789,126.55000305175781,120308
2010-06-09,112.8339614868164,127.17500305175781,128.47500610351562,125.05000305175781,126.9749984741211,151646
2010-06-10,124.412353515625,140.22500610351562,141.5749969482422,128.5,128.5,6066496
2010-06-11,121.44011688232422,136.875,142.39999389648438,135.3000030517578,140.5,1197604
2010-06-14,122.52698516845703,138.10000610351562,141.64999389648438,136.75,138.0500030517578,638000
2010-06-15,120.37544250488281,135.6750030517578,138.75,134.0500030517578,137.5500030517578,250820
2010-06-16,121.9280776977539,137.4250030517578,140.85000610351562,136.0,136.0,540842
2010-06-17,120.79688262939453,136.14999389648438,139.35000610351562,135.52499389648438,138.5,300078
2010-06-18,121.04085540771484,136.4250030517578,138.5,135.5,136.97500610351562,239718
2010-06-21,121.41795349121094,136.85000610351562,139.5,136.52499389648438,138.39999389648438,194576
2010-06-22,123.1036605834961,138.75,143.75,133.0500030517578,136.85000610351562,1549066
2010-06-23,122.23860931396484,137.77499389648438,141.75,126.9000015258789,138.14999389648438,511612
2010-06-24,122.23860931396484,137.77499389648438,140.89999389648438,136.60000610351562,138.5500030517578,294130
2010-06-25,122.26078796386719,137.8000030517578,140.47500610351562,137.0,138.0500030517578,368232
2010-06-28,121.46229553222656,136.89999389648438,140.1999969482422,136.5,138.5,188288
2010-06-29,120.7081527709961,136.0500030517578,139.97500610351562,134.6999969482422,137.85000610351562,335968
2010-06-30,120.79688262939453,136.14999389648438,139.6999969482422,134.14999389648438,136.0500030517578,394064
2010-07-01,122.19427490234375,137.72500610351562,139.10000610351562,135.3000030517578,136.5500030517578,263334
2010-07-02,124.52325439453125,140.35000610351562,144.6999969482422,139.25,139.5,2363600
2010-07-05,123.14804077148438,138.8000030517578,142.0,138.5,139.6999969482422,250800
2010-07-06,122.9040298461914,138.52499389648438,141.375,138.02499389648438,138.5,273108
2010-07-07,120.97431945800781,136.35000610351562,140.4250030517578,135.35000610351562,139.4250030517578,271240
2010-07-08,121.1073989868164,136.5,139.5,136.10000610351562,137.52499389648438,273976
2010-07-09,121.37358856201172,136.8000030517578,138.875,135.75,138.0500030517578,234120
2010-07-12,119.51036071777344,134.6999969482422,139.0,134.3000030517578,139.0,276192
2010-07-13,120.37544250488281,135.6750030517578,137.8000030517578,135.0,135.0,372298
2010-07-14,120.46415710449219,135.77499389648438,138.4250030517578,135.3249969482422,138.4250030517578,263160
2010-07-15,121.7950210571289,137.27499389648438,138.0,135.75,136.5,278332
2010-07-16,121.06304168701172,136.4499969482422,138.10000610351562,136.1999969482422,137.5,118218
2010-07-19,120.17581176757812,135.4499969482422,137.39999389648438,134.8000030517578,135.5500030517578,129460
2010-07-20,119.39946746826172,134.5749969482422,136.75,134.1750030517578,136.39999389648438,120478
2010-07-21,120.99649810791016,136.375,137.4499969482422,135.0500030517578,135.85000610351562,152978
2010-07-22,120.84121704101562,136.1999969482422,136.9499969482422,135.39999389648438,136.9499969482422,99528
2010-07-23,124.10182189941406,139.875,143.5,136.5500030517578,137.39999389648438,2220318
2010-07-26,122.03900146484375,137.5500030517578,142.1999969482422,136.6999969482422,141.5500030517578,509498
2010-07-27,121.7950210571289,137.27499389648438,140.47500610351562,137.0,137.97500610351562,388690
2010-07-28,124.05743408203125,139.8249969482422,140.75,137.5500030517578,138.35000610351562,546792
2010-07-29,129.2477569580078,145.6750030517578,146.85000610351562,141.25,141.5,2764912
2010-07-30,126.89659118652344,143.02499389648438,149.6999969482422,142.5,146.0500030517578,1449274
2010-08-02,130.11279296875,146.64999389648438,147.25,143.0749969482422,144.0,669870
2010-08-03,129.6248321533203,146.10000610351562,148.125,144.0,147.0,541644
2010-08-04,130.64517211914062,147.25,150.5,145.0,147.22500610351562,1238392
2010-08-05,133.21812438964844,150.14999389648438,153.14999389648438,146.02499389648438,147.3000030517578,2091322
2010-08-06,135.6136932373047,152.85000610351562,156.0,150.0,150.0,1923798
2010-08-09,135.08132934570312,152.25,154.89999389648438,151.0,153.0500030517578,451344
2010-08-10,132.685791015625,149.5500030517578,153.35000610351562,148.0749969482422,153.0500030517578,487586
2010-08-11,135.92420959472656,153.1999969482422,154.89999389648438,147.25,149.0,1069488
2010-08-12,136.34559631347656,153.6750030517578,158.35000610351562,151.5,151.72500610351562,1390042
2010-08-13,141.9795684814453,160.02499389648438,163.35000610351562,154.25,154.6999969482422,2306142
2010-08-16,137.1219940185547,154.5500030517578,164.9499969482422,153.39999389648438,160.52499389648438,1198692
2010-08-17,138.56375122070312,156.1750030517578,158.4250030517578,155.0,155.0,413574
2010-08-18,140.42689514160156,158.27499389648438,159.97500610351562,153.75,157.35000610351562,538124
2010-08-19,144.88525390625,163.3000030517578,164.0,158.0,158.0,1114366
2010-08-20,144.53038024902344,162.89999389648438,166.35000610351562,161.85000610351562,163.0,947142
2010-08-23,145.2401580810547,163.6999969482422,167.0,162.0,162.60000610351562,619590
2010-08-24,141.93521118164062,159.97500610351562,165.27499389648438,158.5,164.35000610351562,247502
2010-08-25,137.94265747070312,155.47500610351562,160.9499969482422,154.5,160.72500610351562,294120
2010-08-26,137.92047119140625,155.4499969482422,159.25,154.6750030517578,156.4499969482422,239266
2010-08-27,136.34559631347656,153.6750030517578,158.3249969482422,153.0,155.9499969482422,323890
2010-08-30,138.18663024902344,155.75,157.1750030517578,154.0500030517578,156.0,158684
2010-08-31,138.25318908691406,155.8249969482422,156.97500610351562,153.52499389648438,155.3000030517578,228512
2010-09-01,143.86492919921875,162.14999389648438,162.9250030517578,156.9499969482422,156.9499969482422,1167550
2010-09-02,149.65414428710938,168.6750030517578,170.97500610351562,163.14999389648438,164.5,1511804
2010-09-03,152.02749633789062,171.35000610351562,172.9250030517578,169.0500030517578,170.10000610351562,983848
2010-09-06,152.49330139160156,171.875,174.39999389648438,168.6999969482422,172.39999389648438,979612
2010-09-07,150.29734802246094,169.39999389648438,172.875,168.875,171.875,371280
2010-09-08,151.1181182861328,170.3249969482422,171.4499969482422,167.10000610351562,169.39999389648438,300136
2010-09-09,149.9646759033203,169.02499389648438,171.9250030517578,168.25,170.85000610351562,255472
2010-09-13,151.29554748535156,170.52499389648438,173.0,169.35000610351562,170.5,414312
2010-09-14,156.33058166503906,176.1999969482422,178.4250030517578,170.02499389648438,170.52499389648438,1363778
2010-09-15,161.21035766601562,181.6999969482422,182.5,174.5,176.4499969482422,1240708
2010-09-16,156.44146728515625,176.3249969482422,181.5,174.39999389648438,181.5,475236
2010-09-17,156.30841064453125,176.1750030517578,178.6999969482422,174.89999389648438,176.4499969482422,618594
2010-09-20,156.04220581054688,175.875,178.72500610351562,175.0,176.5,229642
2010-09-21,151.0293426513672,170.22500610351562,177.375,169.5,176.5,251186
2010-09-22,151.9609375,171.27499389648438,173.375,168.5,171.25,230662
2010-09-23,152.44894409179688,171.8249969482422,175.25,171.0500030517578,173.0,413776
2010-09-24,149.5654296875,168.5749969482422,172.4250030517578,166.10000610351562,172.0,412820
2010-09-27,148.05711364746094,166.875,173.6750030517578,165.1999969482422,169.10000610351562,374256
2010-09-28,148.3676300048828,167.22500610351562,169.35000610351562,166.25,167.35000610351562,149844
2010-09-29,149.67633056640625,168.6999969482422,176.375,166.27499389648438,167.75,3055590
2010-09-30,148.2345733642578,167.0749969482422,168.97500610351562,165.14999389648438,168.75,293698
2010-10-01,149.67633056640625,168.6999969482422,171.25,167.5,167.75,352994
2010-10-04,148.05711364746094,166.875,170.4499969482422,166.5,169.39999389648438,413588
2010-10-05,145.88339233398438,164.4250030517578,168.4250030517578,163.5,167.4250030517578,362258
2010-10-06,147.6356964111328,166.39999389648438,169.25,165.0,165.22500610351562,459236
2010-10-07,147.08114624023438,165.77499389648438,168.35000610351562,164.3000030517578,166.89999389648438,380674
2010-10-08,143.44351196289062,161.6750030517578,167.10000610351562,160.77499389648438,166.27499389648438,219662
2010-10-11,141.15887451171875,159.10000610351562,164.97500610351562,158.5,162.4499969482422,541404
2010-10-12,146.10523986816406,164.6750030517578,166.9499969482422,159.0,159.60000610351562,731022
2010-10-13,143.68746948242188,161.9499969482422,166.6750030517578,161.0,165.85000610351562,361916
2010-10-14,152.67071533203125,172.0749969482422,173.8249969482422,161.8000030517578,162.75,1275668
2010-10-15,151.7835235595703,171.0749969482422,175.5,168.125,173.5,788626
2010-10-18,145.5950469970703,164.10000610351562,172.4499969482422,163.5500030517578,171.0749969482422,263536
2010-10-19,145.794677734375,164.3249969482422,167.4499969482422,163.52499389648438,164.5,138688
2010-10-20,147.08114624023438,165.77499389648438,170.0,165.0,165.9499969482422,405844
2010-10-21,147.613525390625,166.375,169.9499969482422,166.02499389648438,166.25,255398
2010-10-22,147.08114624023438,165.77499389648438,168.0,164.52499389648438,167.6999969482422,126342
2010-10-25,149.5654296875,168.5749969482422,170.9499969482422,166.4250030517578,167.4499969482422,410418
2010-10-26,149.9425048828125,169.0,172.5,168.10000610351562,172.5,198958
2010-10-27,149.78721618652344,168.8249969482422,188.35000610351562,167.625,170.5,2071316
2010-10-28,153.51361083984375,173.02499389648438,173.5,169.77499389648438,170.3249969482422,887672
2010-10-29,149.12179565429688,168.0749969482422,174.75,166.39999389648438,174.75,613626
2010-11-01,149.63194274902344,168.64999389648438,170.0500030517578,167.125,169.22500610351562,134632
2010-11-02,148.0127716064453,166.8249969482422,169.5,165.3000030517578,169.5,113416
2010-11-03,150.60789489746094,169.75,172.60000610351562,166.1999969482422,167.6750030517578,582446
2010-11-04,151.0071563720703,170.1999969482422,171.9499969482422,168.64999389648438,171.0,168484
2010-11-08,151.40643310546875,170.64999389648438,172.3000030517578,169.25,171.6750030517578,108564
2010-11-09,150.80755615234375,169.97500610351562,173.0,169.25,171.52499389648438,754384
2010-11-10,160.12350463867188,180.47500610351562,182.10000610351562,169.5500030517578,170.35000610351562,2207514
2010-11-11,163.33973693847656,184.10000610351562,189.5,177.5500030517578,181.47500610351562,2068724
2010-11-12,157.06253051757812,177.02499389648438,185.22500610351562,175.5,181.64999389648438,424052
2010-11-15,155.265869140625,175.0,178.4499969482422,171.375,177.75,281696
2010-11-16,162.16415405273438,182.77499389648438,185.39999389648438,174.0500030517578,175.5500030517578,1344266
2010-11-18,171.81283569335938,193.64999389648438,195.6999969482422,180.5,185.0,3065782
2010-11-19,160.5893096923828,181.0,194.9499969482422,178.625,194.0,1564086
2010-11-22,158.0828857421875,178.1750030517578,183.4250030517578,175.0500030517578,181.9499969482422,1511740
2010-11-23,153.49142456054688,173.0,178.25,168.5,178.25,508676
2010-11-24,154.68919372558594,174.35000610351562,181.9499969482422,172.0500030517578,173.0,1050202
2010-11-25,158.4821319580078,178.625,181.0,173.64999389648438,175.5500030517578,826100
2010-11-26,154.68919372558594,174.35000610351562,181.5,154.5,179.5,1349486
2010-11-29,152.249267578125,171.60000610351562,176.39999389648438,168.52499389648438,175.5,249876
2010-11-30,150.9406280517578,170.125,171.5,165.1999969482422,171.5,344206
2010-12-01,158.90357971191406,179.10000610351562,180.0,170.0,170.5,466834
2010-12-02,159.81297302246094,180.125,184.25,179.02499389648438,181.14999389648438,471904
2010-12-03,156.02003479003906,175.85000610351562,180.02499389648438,173.1999969482422,180.02499389648438,170992
2010-12-06,155.62078857421875,175.39999389648438,181.3000030517578,172.8000030517578,177.5,421962
2010-12-07,156.84072875976562,176.77499389648438,179.0,175.0500030517578,176.9250030517578,207884
2010-12-08,156.92945861816406,176.875,178.4499969482422,173.52499389648438,176.0,279122
2010-12-09,151.38426208496094,170.625,181.25,164.52499389648438,178.5,693298
2010-12-10,151.80567932128906,171.10000610351562,173.39999389648438,159.02499389648438,164.39999389648438,502356
2010-12-13,153.71324157714844,173.25,181.14999389648438,169.5,181.14999389648438,226940
2010-12-14,153.86851501464844,173.4250030517578,175.75,171.0,172.1750030517578,105618
2010-12-15,153.33615112304688,172.8249969482422,174.97500610351562,170.0,174.0,187962
2010-12-16,150.82974243164062,170.0,173.5,168.8000030517578,173.25,153130
2010-12-20,152.20494079589844,171.5500030517578,172.35000610351562,169.8000030517578,171.0,339434
2010-12-21,151.8944091796875,171.1999969482422,173.35000610351562,170.35000610351562,171.97500610351562,70280
2010-12-22,152.02749633789062,171.35000610351562,172.5,169.52499389648438,171.4499969482422,92136
2010-12-23,152.93692016601562,172.375,174.0,169.5,171.85000610351562,235448
2010-12-24,152.58200073242188,171.97500610351562,173.85000610351562,170.52499389648438,170.52499389648438,116868
2010-12-27,156.37493896484375,176.25,180.35000610351562,171.25,173.35000610351562,703888
2010-12-28,156.35276794433594,176.22500610351562,179.85000610351562,173.5749969482422,177.35000610351562,518392
2010-12-29,159.67991638183594,179.97500610351562,181.6999969482422,176.14999389648438,176.14999389648438,676266
2010-12-30,160.98854064941406,181.4499969482422,184.39999389648438,180.0,180.0,375274
2010-12-31,160.67800903320312,181.10000610351562,183.39999389648438,180.5500030517578,182.25,146952
2011-01-03,165.4912567138672,186.52499389648438,187.6999969482422,180.5,181.5,816976
2011-01-04,178.9772186279297,201.72500610351562,203.6750030517578,187.5,187.5,4130766
2011-01-05,176.60385131835938,199.0500030517578,207.9499969482422,197.9250030517578,202.5,4037558
2011-01-06,171.34701538085938,193.125,200.625,191.5,200.22500610351562,858506
2011-01-07,171.36917114257812,193.14999389648438,202.39999389648438,191.125,192.97500610351562,2502802
2011-01-10,164.75927734375,185.6999969482422,194.375,184.52499389648438,194.375,731062
2011-01-11,160.67800903320312,181.10000610351562,209.8000030517578,179.35000610351562,209.8000030517578,461418
2011-01-12,169.92742919921875,191.52499389648438,193.25,179.0,181.60000610351562,761852
2011-01-13,168.01986694335938,189.375,197.4499969482422,187.60000610351562,192.5,1216902
2011-01-14,163.8942413330078,184.72500610351562,194.0,182.72500610351562,190.35000610351562,669594
2011-01-17,161.56529235839844,182.10000610351562,186.5,181.0,185.5,274936
2011-01-18,149.72068786621094,168.75,187.5,163.77499389648438,182.5,1744894
2011-01-19,152.870361328125,172.3000030517578,176.9499969482422,169.0500030517578,169.4499969482422,1233962
2011-01-20,153.80198669433594,173.35000610351562,174.9250030517578,168.4499969482422,172.5,455548
2011-01-21,158.74826049804688,178.9250030517578,180.75,172.85000610351562,172.85000610351562,902252
2011-01-24,161.14382934570312,181.625,184.5,179.85000610351562,179.85000610351562,554892
2011-01-25,157.77235412597656,177.8249969482422,183.1999969482422,177.0,183.1999969482422,299118
2011-01-27,153.89068603515625,173.4499969482422,179.85000610351562,172.5749969482422,179.85000610351562,315856
2011-01-28,146.70408630371094,165.35000610351562,174.4499969482422,161.0,173.5,374452
2011-01-31,140.00547790527344,157.8000030517578,164.0,152.3000030517578,164.0,1147186
2011-02-01,136.38999938964844,153.72500610351562,160.14999389648438,149.5749969482422,158.5500030517578,2323488
2011-02-02,138.31973266601562,155.89999389648438,157.72500610351562,150.3249969482422,154.5,1109320
2011-02-03,145.1736297607422,163.625,164.75,153.10000610351562,155.72500610351562,869434
2011-02-04,141.73556518554688,159.75,166.75,157.5500030517578,164.0,524874
2011-02-07,140.3825225830078,158.22500610351562,162.75,156.875,160.5,192528
2011-02-08,138.3640899658203,155.9499969482422,160.9499969482422,154.1999969482422,158.5,412318
2011-02-09,136.6783447265625,154.0500030517578,157.1999969482422,148.4250030517578,152.5500030517578,732192
2011-02-10,141.9795684814453,160.02499389648438,162.0,151.02499389648438,152.5,537950
2011-02-11,147.8353271484375,166.625,167.5,158.5,161.02499389648438,606826
2011-02-14,151.05157470703125,170.25,172.85000610351562,166.0749969482422,168.0,635046
2011-02-15,148.45640563964844,167.3249969482422,170.97500610351562,166.0,168.77499389648438,225862
2011-02-16,152.3823699951172,171.75,174.0,160.27499389648438,166.0,694554
2011-02-17,153.2917938232422,172.77499389648438,176.85000610351562,172.1750030517578,172.75,1069604
2011-02-18,149.80941772460938,168.85000610351562,176.0,167.5,173.02499389648438,337078
2011-02-21,156.15313720703125,176.0,176.9499969482422,169.22500610351562,169.625,783936
2011-02-22,153.8463134765625,173.39999389648438,178.89999389648438,172.27499389648438,174.4250030517578,588118
2011-02-23,154.73355102539062,174.39999389648438,177.25,170.10000610351562,173.5,733262
2011-02-24,152.51547241210938,171.89999389648438,177.4499969482422,165.6999969482422,175.0500030517578,929818
2011-02-25,153.62449645996094,173.14999389648438,176.47500610351562,170.0500030517578,175.0,256788
2011-02-28,152.33804321289062,171.6999969482422,180.4499969482422,171.0,176.25,823558
2011-03-01,153.0921630859375,172.5500030517578,175.39999389648438,171.0749969482422,172.0,543734
2011-03-03,151.49514770507812,170.75,174.125,169.10000610351562,171.35000610351562,351758
2011-03-04,151.53952026367188,170.8000030517578,173.5,170.0500030517578,172.35000610351562,176762
2011-03-07,149.4545135498047,168.4499969482422,170.5500030517578,167.27499389648438,170.5500030517578,147692
2011-03-08,153.0921630859375,172.5500030517578,175.9499969482422,168.0,168.89999389648438,749118
2011-03-09,154.5117645263672,174.14999389648438,176.375,172.0,173.22500610351562,438062
2011-03-10,152.89254760742188,172.3249969482422,174.35000610351562,171.60000610351562,173.35000610351562,84330
2011-03-11,152.69293212890625,172.10000610351562,174.35000610351562,170.3000030517578,171.1999969482422,198618
2011-03-14,152.69293212890625,172.10000610351562,173.22500610351562,171.25,171.375,125386
2011-03-15,150.71884155273438,169.875,176.5,158.125,167.0500030517578,575710
2011-03-16,151.9609375,171.27499389648438,174.9499969482422,170.25,171.375,237700
2011-03-17,153.80198669433594,173.35000610351562,175.35000610351562,169.85000610351562,169.97500610351562,492442
2011-03-18,153.62449645996094,173.14999389648438,174.97500610351562,171.27499389648438,174.75,271444
2011-03-21,152.1605682373047,171.5,173.89999389648438,170.5500030517578,173.89999389648438,153650
2011-03-22,156.79637145996094,176.72500610351562,179.0,171.27499389648438,172.4250030517578,1136326
2011-03-23,158.5708465576172,178.72500610351562,182.14999389648438,176.75,177.0,1052036
2011-03-24,158.45993041992188,178.60000610351562,180.9499969482422,177.6750030517578,179.875,190838
2011-03-25,168.68533325195312,190.125,193.89999389648438,179.85000610351562,180.0500030517578,1412730
2011-03-28,166.64466857910156,187.8249969482422,191.8000030517578,185.75,190.0,342998
2011-03-29,172.899658203125,194.875,197.9499969482422,186.0,186.9250030517578,1659754
2011-03-30,171.36917114257812,193.14999389648438,199.22500610351562,190.1750030517578,195.5,632264
2011-03-31,173.54290771484375,195.60000610351562,199.89999389648438,192.97500610351562,192.97500610351562,737644
2011-04-01,174.3636016845703,196.52499389648438,199.72500610351562,195.85000610351562,196.35000610351562,406776
2011-04-04,180.35243225097656,203.27499389648438,204.3249969482422,194.77499389648438,196.0,1074852
2011-04-05,186.607421875,210.3249969482422,213.5500030517578,201.64999389648438,205.0,1076018
2011-04-06,185.1656951904297,208.6999969482422,213.14999389648438,206.0749969482422,206.0749969482422,702662
2011-04-07,192.7293701171875,217.22500610351562,218.39999389648438,206.64999389648438,208.6999969482422,1236450
2011-04-08,184.76644897460938,208.25,217.125,207.0749969482422,210.6999969482422,532810
2011-04-11,182.23780822753906,205.39999389648438,211.4499969482422,204.0749969482422,207.0,727686
2011-04-13,185.07696533203125,208.60000610351562,209.6999969482422,202.14999389648438,203.5,486590
2011-04-15,183.45774841308594,206.77499389648438,210.0,205.5500030517578,208.77499389648438,263866
2011-04-18,180.35243225097656,203.27499389648438,209.75,202.5749969482422,207.1999969482422,207556
2011-04-19,186.2969207763672,209.97500610351562,211.25,201.60000610351562,203.27499389648438,970126
2011-04-20,187.5612030029297,211.39999389648438,212.8000030517578,208.10000610351562,211.0500030517578,605960
2011-04-21,185.63148498535156,209.22500610351562,213.0,208.64999389648438,212.0500030517578,193454
2011-04-25,185.78672790527344,209.39999389648438,212.27499389648438,208.125,209.6999969482422,203280
2011-04-26,184.2340850830078,207.64999389648438,211.6999969482422,206.125,210.0500030517578,399758
2011-04-27,192.3079071044922,216.75,219.1999969482422,208.5,209.6999969482422,2424566
2011-04-28,186.78488159179688,210.52499389648438,220.75,207.14999389648438,218.0500030517578,3926876
2011-04-29,189.75709533691406,213.875,215.77499389648438,203.52499389648438,210.52499389648438,2039034
2011-05-02,188.8920440673828,212.89999389648438,215.60000610351562,205.1750030517578,215.5749969482422,427502
2011-05-03,187.96051025390625,211.85000610351562,215.47500610351562,211.0,212.89999389648438,430700
2011-05-04,189.0029296875,213.02499389648438,214.25,209.125,211.02499389648438,419066
2011-05-05,189.73492431640625,213.85000610351562,219.0,212.77499389648438,214.4250030517578,708660
2011-05-06,190.3337860107422,214.52499389648438,216.39999389648438,211.14999389648438,215.0,247266
2011-05-09,201.3133087158203,226.89999389648438,228.39999389648438,212.3000030517578,214.0,2138964
2011-05-10,208.4999542236328,235.0,237.0,225.0,228.5,3337710
2011-05-11,205.3280487060547,231.4250030517578,236.0,229.5749969482422,236.0,557404
2011-05-12,200.91407775878906,226.4499969482422,235.3249969482422,225.5749969482422,228.52499389648438,1026662
2011-05-13,205.26150512695312,231.35000610351562,235.4499969482422,226.0,226.22500610351562,954638
2011-05-16,205.70516967773438,231.85000610351562,236.5,228.89999389648438,230.72500610351562,569782
2011-05-17,210.20785522460938,236.9250030517578,239.64999389648438,232.0,232.0,1718160
2011-05-18,205.92694091796875,232.10000610351562,240.5,231.125,238.0,974382
2011-05-19,202.0009307861328,227.6750030517578,234.4499969482422,227.1999969482422,233.0,574698
2011-05-20,202.33364868164062,228.0500030517578,230.85000610351562,224.0500030517578,224.0500030517578,611834
2011-05-23,203.2874298095703,229.125,231.47500610351562,225.0749969482422,227.5,415094
2011-05-24,202.64414978027344,228.39999389648438,230.47500610351562,227.5,228.9250030517578,207158
2011-05-25,202.64414978027344,228.39999389648438,231.5,226.60000610351562,228.375,398956
2011-05-26,203.0878143310547,228.89999389648438,233.125,228.14999389648438,228.52499389648438,575216
2011-05-27,204.4408416748047,230.4250030517578,232.39999389648438,209.1750030517578,209.1750030517578,263184
2011-05-30,211.8492431640625,238.77499389648438,239.60000610351562,230.5,230.5,810638
2011-05-31,215.53125,242.9250030517578,244.75,239.75,239.75,869544
2011-06-01,219.72340393066406,247.64999389648438,248.64999389648438,240.25,243.60000610351562,1064100
2011-06-02,222.05239868164062,250.27499389648438,253.25,242.1750030517578,251.0,1233014
2011-06-03,220.43324279785156,248.4499969482422,252.0,246.5,251.0,532824
2011-06-06,220.98770141601562,249.0749969482422,251.60000610351562,246.25,248.9250030517578,533726
2011-06-07,226.06712341308594,254.8000030517578,256.5,248.10000610351562,249.0749969482422,1287530
2011-06-08,228.01904296875,257.0,258.2250061035156,254.0,254.8000030517578,747184
2011-06-09,229.03936767578125,258.1499938964844,259.45001220703125,254.6750030517578,258.5,610414
2011-06-10,233.5325164794922,261.17498779296875,262.5,253.375,257.04998779296875,1365934
2011-06-13,236.3938446044922,264.375,265.45001220703125,259.1499938964844,259.79998779296875,1140558
2011-06-14,248.10736083984375,277.4750061035156,284.70001220703125,265.42498779296875,265.5249938964844,5560386
2011-06-15,249.9180450439453,279.5,283.5,275.7749938964844,277.75,3841912
2011-06-16,252.89111328125,282.82501220703125,286.0,277.5,278.3500061035156,2279172
2011-06-17,246.38607788085938,275.54998779296875,287.8999938964844,272.67498779296875,284.9750061035156,3171870
2011-06-20,235.67852783203125,263.57501220703125,276.6499938964844,262.5,275.0,1633364
2011-06-21,233.08543395996094,260.67498779296875,267.5,256.0,264.7749938964844,1436952
2011-06-22,230.98419189453125,258.32501220703125,264.32501220703125,255.5749969482422,261.1000061035156,957668
2011-06-23,228.03347778320312,255.02499389648438,258.7250061035156,240.6750030517578,256.25,1000090
2011-06-24,236.25975036621094,264.2250061035156,265.95001220703125,255.5,256.04998779296875,1211998
2011-06-27,241.0658721923828,269.6000061035156,271.95001220703125,262.57501220703125,264.75,1102720
2011-06-28,239.76930236816406,268.1499938964844,271.8500061035156,265.57501220703125,270.79998779296875,599778
2011-06-29,261.9892272949219,293.0,295.5,268.5,268.5,5745096
2011-06-30,273.6133117675781,306.0,309.5,292.5,293.8999938964844,8047438
2011-07-01,272.94268798828125,305.25,309.70001220703125,301.6499938964844,307.5,3483612
2011-07-04,273.2333068847656,305.57501220703125,308.875,302.8500061035156,307.5,1903354
2011-07-05,268.7177429199219,300.5249938964844,307.25,296.6499938964844,307.25,2042990
2011-07-06,275.0662841796875,307.625,308.8999938964844,296.7749938964844,299.5,4153490
2011-07-07,279.20184326171875,312.25,315.25,308.0,308.0,2945670
2011-07-08,280.58770751953125,313.79998779296875,317.5,310.5249938964844,312.1000061035156,2370142
2011-07-11,281.7725830078125,315.125,318.32501220703125,312.04998779296875,314.1000061035156,2166262
2011-07-12,276.116943359375,308.79998779296875,315.95001220703125,305.75,312.5,1154170
2011-07-13,276.0945739746094,308.7749938964844,312.29998779296875,306.04998779296875,308.5,1402434
2011-07-14,279.693603515625,312.79998779296875,314.5,305.04998779296875,309.75,1682324
2011-07-15,283.6279602050781,317.20001220703125,319.42498779296875,312.42498779296875,313.04998779296875,1901456
2011-07-18,285.5727233886719,319.375,321.5,317.25,317.5,1433178
2011-07-19,287.1821594238281,321.17498779296875,323.3999938964844,318.875,320.04998779296875,987218
2011-07-20,284.1197204589844,317.75,323.29998779296875,316.5249938964844,322.6000061035156,654756
2011-07-21,278.62060546875,311.6000061035156,317.9750061035156,310.2749938964844,316.95001220703125,1037348
2011-07-22,281.7054748535156,315.04998779296875,317.6000061035156,311.125,316.6000061035156,910294
2011-07-25,284.2985534667969,317.95001220703125,319.8500061035156,314.5,316.3500061035156,676448
2011-07-26,279.7830505371094,312.8999938964844,319.0,311.125,317.5,648842
2011-07-27,279.4477233886719,312.5249938964844,315.4750061035156,308.2250061035156,313.82501220703125,807890
2011-07-28,278.0170593261719,310.92498779296875,313.95001220703125,309.1000061035156,310.0,898782
2011-07-29,294.6931457519531,329.57501220703125,331.25,311.5,311.5249938964844,4451276
2011-08-01,296.72735595703125,331.8500061035156,335.6499938964844,329.17498779296875,331.25,1435526
2011-08-02,290.8482666015625,325.2749938964844,332.45001220703125,322.17498779296875,330.9750061035156,945478
2011-08-03,292.74835205078125,327.3999938964844,328.92498779296875,281.04998779296875,281.04998779296875,774992
2011-08-04,291.9883117675781,326.54998779296875,332.25,325.32501220703125,330.6000061035156,924162
2011-08-05,284.3656005859375,318.0249938964844,322.29998779296875,305.6499938964844,317.54998779296875,1291300
2011-08-08,284.83502197265625,318.54998779296875,321.79998779296875,312.04998779296875,312.6499938964844,1203512
2011-08-09,286.6009826660156,320.5249938964844,326.29998779296875,310.20001220703125,312.5249938964844,1459188
2011-08-10,297.1297912597656,332.29998779296875,334.17498779296875,321.5,321.5,1396138
2011-08-11,305.6466369628906,341.82501220703125,344.0,332.5,332.5,2267382
2011-08-12,312.26336669921875,349.2250061035156,352.3999938964844,341.7749938964844,343.0,1864896
2011-08-16,312.665771484375,349.67498779296875,355.4750061035156,348.0,351.95001220703125,1101074
2011-08-17,310.29620361328125,347.0249938964844,353.07501220703125,340.2749938964844,349.95001220703125,1248826
2011-08-18,298.068603515625,333.3500061035156,348.8500061035156,331.625,342.5,1294738
2011-08-19,295.7661437988281,330.7749938964844,334.5,322.82501220703125,329.9750061035156,1595602
2011-08-22,308.1055603027344,344.57501220703125,348.0,327.6000061035156,331.2749938964844,1321230
2011-08-23,319.64031982421875,357.4750061035156,359.5,346.5,346.5,2051496
2011-08-24,323.3063049316406,361.57501220703125,367.25,350.5,350.5,2210760
2011-08-25,326.1676025390625,364.7749938964844,370.5,356.3500061035156,364.92498779296875,2416902
2011-08-26,317.1589660644531,354.70001220703125,367.32501220703125,352.0,365.0,1332374
2011-08-29,314.8788146972656,352.1499938964844,364.95001220703125,349.57501220703125,364.95001220703125,2392624
2011-08-30,310.3633117675781,347.1000061035156,356.625,343.2749938964844,355.5,2056294
2011-09-02,313.96234130859375,351.125,356.45001220703125,343.0,347.1000061035156,2628410
2011-09-05,317.2260437011719,354.7749938964844,356.9750061035156,348.45001220703125,350.0,1675006
2011-09-06,318.2319030761719,355.8999938964844,359.875,352.2749938964844,354.625,1894866
2011-09-07,314.6552734375,351.8999938964844,357.42498779296875,350.20001220703125,357.42498779296875,1213452
2011-09-08,305.55718994140625,341.7250061035156,352.6000061035156,340.7250061035156,352.0,1947474
2011-09-09,308.2397155761719,344.7250061035156,351.95001220703125,334.07501220703125,340.0,4424250
2011-09-12,303.16534423828125,339.04998779296875,349.8999938964844,336.54998779296875,343.0,1260214
2011-09-13,298.2251281738281,333.5249938964844,343.45001220703125,331.17498779296875,340.0,1366564
2011-09-14,300.50518798828125,336.07501220703125,337.3999938964844,326.6000061035156,333.5,1815112
2011-09-15,301.8911437988281,337.625,340.3500061035156,333.29998779296875,339.2250061035156,1121860
2011-09-16,299.99114990234375,335.5,339.95001220703125,332.57501220703125,337.625,1276676
2011-09-19,299.87933349609375,335.375,339.5,332.67498779296875,335.9750061035156,532628
2011-09-20,310.8103942871094,347.6000061035156,348.5,334.29998779296875,335.95001220703125,1456106
2011-09-21,314.36474609375,351.57501220703125,356.20001220703125,348.6000061035156,350.07501220703125,2794318
2011-09-22,301.19818115234375,336.8500061035156,350.70001220703125,335.0,345.0,862564
2011-09-23,295.29669189453125,330.25,336.2250061035156,327.54998779296875,333.25,1167974
2011-09-26,286.1539001464844,320.0249938964844,332.2250061035156,311.75,331.5249938964844,1611588
2011-09-27,290.6470947265625,325.04998779296875,328.375,322.0249938964844,324.9750061035156,1037648
2011-09-28,285.6398620605469,319.45001220703125,326.3500061035156,317.0,323.67498779296875,875910
2011-09-29,282.62200927734375,316.07501220703125,320.0,310.07501220703125,318.625,1154200
2011-09-30,290.311767578125,324.67498779296875,350.0,315.5,334.9750061035156,1081040
2011-10-03,284.0526123046875,317.67498779296875,323.70001220703125,314.04998779296875,323.0,672566
2011-10-04,284.1420593261719,317.7749938964844,324.75,314.42498779296875,315.0,733642
2011-10-05,275.87103271484375,308.5249938964844,322.20001220703125,306.0,318.57501220703125,831656
2011-10-07,278.77703857421875,311.7749938964844,317.5,308.5,314.5,780322
2011-10-10,293.4189147949219,328.1499938964844,329.57501220703125,311.79998779296875,311.79998779296875,1502230
2011-10-11,294.2237243652344,329.04998779296875,335.70001220703125,327.5,330.5249938964844,1340342
2011-10-12,303.36651611328125,339.2749938964844,340.0,328.0,329.92498779296875,1476258
2011-10-13,302.62884521484375,338.45001220703125,365.0,336.0249938964844,342.20001220703125,1035640
2011-10-14,306.20550537109375,342.45001220703125,343.9750061035156,336.0,339.3999938964844,639512
2011-10-17,309.49151611328125,346.125,348.5,341.6000061035156,344.20001220703125,663540
2011-10-18,302.58404541015625,338.3999938964844,342.5,336.2250061035156,342.5,455848
2011-10-19,312.665771484375,349.67498779296875,351.3999938964844,338.0,338.0,1351442
2011-10-20,310.56451416015625,347.32501220703125,349.0,341.04998779296875,345.04998779296875,585906
2011-10-21,307.27850341796875,343.6499938964844,348.7749938964844,342.54998779296875,348.7749938964844,364558
2011-10-24,311.19049072265625,348.0249938964844,351.20001220703125,345.07501220703125,346.20001220703125,583138
2011-10-25,312.8669738769531,349.8999938964844,350.6000061035156,346.0249938964844,349.7250061035156,947424
2011-10-28,317.3377990722656,354.8999938964844,363.4750061035156,352.125,353.5249938964844,754856
2011-10-31,323.9321594238281,362.2749938964844,364.2250061035156,351.67498779296875,357.0,1830906
2011-11-01,326.5029602050781,365.1499938964844,366.6000061035156,360.04998779296875,362.0,1140514
2011-11-02,321.49560546875,359.54998779296875,364.9750061035156,358.3500061035156,364.8999938964844,427264
2011-11-03,323.35101318359375,361.625,362.95001220703125,356.32501220703125,359.4750061035156,353462
2011-11-04,323.7086486816406,362.0249938964844,364.375,359.04998779296875,364.375,289208
2011-11-08,318.1872863769531,355.8500061035156,363.6499938964844,354.17498779296875,361.92498779296875,392514
2011-11-09,316.51068115234375,353.9750061035156,361.20001220703125,353.0,356.0249938964844,232366
2011-11-11,311.43634033203125,348.29998779296875,355.70001220703125,344.07501220703125,350.54998779296875,941262
2011-11-14,302.2040710449219,337.9750061035156,352.29998779296875,336.75,351.3500061035156,562296
2011-11-15,291.89892578125,326.45001220703125,336.2250061035156,324.875,336.2250061035156,552406
2011-11-16,295.9225769042969,330.95001220703125,334.20001220703125,321.5,325.75,675614
2011-11-17,294.1343078613281,328.95001220703125,334.5,326.75,328.9750061035156,476236
2011-11-18,287.1151123046875,321.1000061035156,330.0,315.04998779296875,323.1000061035156,636838
2011-11-21,278.7994384765625,311.79998779296875,319.875,311.25,313.5,846094
2011-11-22,272.4285888671875,304.67498779296875,315.1499938964844,297.54998779296875,310.9750061035156,1022186
2011-11-23,271.5343933105469,303.67498779296875,306.0,297.17498779296875,301.5,794254
2011-11-24,281.7725830078125,315.125,318.29998779296875,301.67498779296875,304.79998779296875,978676
2011-11-25,284.2314147949219,317.875,324.875,312.9750061035156,312.9750061035156,476190
2011-11-28,288.053955078125,322.1499938964844,324.45001220703125,318.04998779296875,320.6000061035156,481622
2011-11-29,283.9408874511719,317.54998779296875,325.17498779296875,315.0,322.17498779296875,334590
2011-11-30,276.2510681152344,308.95001220703125,315.5,305.20001220703125,315.25,621078
2011-12-01,276.5640563964844,309.29998779296875,322.4750061035156,307.5,313.0,626690
2011-12-02,284.1420593261719,317.7749938964844,319.625,305.04998779296875,308.42498779296875,800506
2011-12-05,283.24786376953125,316.7749938964844,322.20001220703125,312.75,322.20001220703125,476450
2011-12-07,283.6502685546875,317.2250061035156,322.95001220703125,314.92498779296875,317.25,490374
2011-12-08,277.6369934082031,310.5,316.92498779296875,308.875,316.92498779296875,323274
2011-12-09,269.6343078613281,301.54998779296875,307.375,294.5,303.875,1449610
2011-12-12,258.4796142578125,289.07501220703125,304.25,287.5,301.6000061035156,1014910
2011-12-13,266.2364501953125,297.75,302.42498779296875,269.5,271.6000061035156,1135452
2011-12-14,260.0667724609375,290.8500061035156,301.5,289.1000061035156,296.5,1064368
2011-12-15,262.81634521484375,293.92498779296875,295.67498779296875,282.25,287.125,745414
2011-12-16,254.3217315673828,284.42498779296875,299.25,282.0,293.92498779296875,647436
2011-12-19,225.574462890625,252.27499389648438,283.32501220703125,248.3000030517578,282.57501220703125,3687990
2011-12-20,240.35047912597656,268.79998779296875,271.5,246.0,252.0,4542546
2011-12-21,245.8272705078125,274.92498779296875,277.17498779296875,260.8500061035156,271.875,2522538
2011-12-22,249.6721954345703,279.2250061035156,282.0,268.45001220703125,272.5249938964844,1767336
2011-12-23,242.98831176757812,271.75,280.5,269.57501220703125,278.8999938964844,1194546
2011-12-26,246.72137451171875,275.92498779296875,278.8500061035156,266.8999938964844,270.0,1119762
2011-12-27,245.2236785888672,274.25,278.70001220703125,272.2250061035156,274.82501220703125,593626
2011-12-28,243.88246154785156,272.75,275.3500061035156,270.2749938964844,274.0,388904
2011-12-29,238.8080596923828,267.07501220703125,272.9750061035156,264.04998779296875,270.9750061035156,777414
2011-12-30,236.97503662109375,265.0249938964844,270.25,262.54998779296875,267.5,859526
2012-01-02,236.93035888671875,264.9750061035156,267.5,259.1000061035156,267.5,681876
2012-01-03,241.49057006835938,270.07501220703125,274.3500061035156,267.3999938964844,269.3999938964844,766584
2012-01-04,248.30857849121094,277.70001220703125,282.0,267.5,270.54998779296875,1111662
2012-01-05,252.46641540527344,282.3500061035156,289.2250061035156,278.0,278.0,1615768
2012-01-06,250.45455932617188,280.1000061035156,288.0249938964844,278.04998779296875,283.3500061035156,1469840
2012-01-09,246.65435791015625,275.8500061035156,280.95001220703125,273.6499938964844,280.95001220703125,694366
2012-01-10,263.0398254394531,294.17498779296875,295.95001220703125,276.57501220703125,277.29998779296875,1582732
2012-01-11,261.832763671875,292.82501220703125,303.82501220703125,288.29998779296875,295.0,2722946
2012-01-12,250.96865844726562,280.67498779296875,292.4750061035156,278.8500061035156,290.3500061035156,2006388
2012-01-13,259.5526123046875,290.2749938964844,293.2250061035156,281.04998779296875,281.04998779296875,1161642
2012-01-16,273.09912109375,305.42498779296875,308.1000061035156,284.5,288.6499938964844,2168586
2012-01-17,270.1708068847656,302.1499938964844,310.625,298.57501220703125,308.95001220703125,1739930
2012-01-18,266.0576477050781,297.54998779296875,305.9750061035156,295.3999938964844,300.5249938964844,1086664
2012-01-19,268.47186279296875,300.25,303.3500061035156,297.25,299.20001220703125,738746
2012-01-20,261.27386474609375,292.20001220703125,308.25,289.17498779296875,301.54998779296875,1643020
2012-01-23,268.2036437988281,299.95001220703125,302.0,287.67498779296875,291.8500061035156,1031090
2012-01-24,274.8428039550781,307.375,312.5,297.5,302.07501220703125,1375578
2012-01-25,280.5207214355469,313.7250061035156,314.70001220703125,307.04998779296875,309.82501220703125,1188292
2012-01-27,293.4413146972656,328.17498779296875,331.5,315.07501220703125,320.0,1465198
2012-01-30,287.4504699707031,321.4750061035156,333.95001220703125,319.1000061035156,329.3500061035156,902594
2012-01-31,307.3232116699219,343.70001220703125,345.75,323.17498779296875,325.75,1240936
2012-02-01,306.4513854980469,342.7250061035156,352.125,340.25,346.0,2025592
2012-02-02,312.419921875,349.3999938964844,350.875,337.6000061035156,343.0,1213136
2012-02-03,314.09649658203125,351.2749938964844,357.17498779296875,345.04998779296875,349.95001220703125,1068594
2012-02-06,309.2008361816406,345.79998779296875,356.29998779296875,343.7250061035156,351.0,780530
2012-02-07,302.94171142578125,338.79998779296875,347.29998779296875,337.5,346.20001220703125,556464
2012-02-08,308.3738098144531,344.875,349.0,336.79998779296875,340.29998779296875,750346
2012-02-09,311.9504699707031,348.875,351.29998779296875,341.0,345.5,643404
2012-02-10,313.6270446777344,350.75,360.8999938964844,344.5249938964844,351.45001220703125,1318250
2012-02-13,314.2752990722656,351.4750061035156,354.95001220703125,343.1000061035156,351.7749938964844,663112
2012-02-14,313.2694091796875,350.3500061035156,356.32501220703125,347.17498779296875,351.25,666438
2012-02-15,317.0695495605469,354.6000061035156,359.8999938964844,351.5,351.95001220703125,823094
2012-02-16,316.6224365234375,354.1000061035156,356.20001220703125,349.1499938964844,356.20001220703125,538242
2012-02-17,316.0188903808594,353.42498779296875,364.5,351.1000061035156,356.0,1155512
2012-02-21,313.1575622558594,350.2250061035156,357.5,349.0,354.5,942236
2012-02-22,298.6497802734375,334.0,354.2250061035156,331.25,352.5249938964844,966884
2012-02-23,309.715087890625,346.375,349.0,325.5,333.0,853384
2012-02-24,301.3099365234375,336.9750061035156,351.67498779296875,332.54998779296875,349.79998779296875,780626
2012-02-27,304.5513000488281,340.6000061035156,342.95001220703125,331.1499938964844,337.95001220703125,641802
2012-02-28,317.6954345703125,355.29998779296875,358.3999938964844,341.42498779296875,341.5,1658018
2012-02-29,312.8892822265625,349.92498779296875,363.70001220703125,346.0,359.5,1346542
2012-03-01,310.63153076171875,347.3999938964844,357.5,332.6499938964844,332.6499938964844,1367980
2012-03-02,310.8551940917969,347.6499938964844,353.0,344.9750061035156,349.8999938964844,554534
2012-03-05,301.7122802734375,337.42498779296875,345.92498779296875,335.125,344.29998779296875,439554
2012-03-06,300.415771484375,335.9750061035156,346.0,330.32501220703125,335.07501220703125,567110
2012-03-07,295.9896545410156,331.0249938964844,337.29998779296875,328.17498779296875,334.79998779296875,495292
2012-03-09,307.7479248046875,344.17498779296875,345.5,334.04998779296875,337.45001220703125,482144
2012-03-12,305.7807312011719,341.9750061035156,347.82501220703125,337.32501220703125,345.7749938964844,412120
2012-03-13,311.9504699707031,348.875,352.75,343.75,343.82501220703125,504446
2012-03-14,309.17852783203125,345.7749938964844,354.2250061035156,343.57501220703125,346.5,365582
2012-03-15,305.7807312011719,341.9750061035156,351.5,338.75,346.0,474174
2012-03-16,310.9669189453125,347.7749938964844,354.75,330.0,330.0,694092
2012-03-19,307.7702941894531,344.20001220703125,349.5,342.7250061035156,349.4750061035156,235632
2012-03-20,324.3122863769531,362.70001220703125,366.2250061035156,341.3500061035156,346.20001220703125,1264786
2012-03-21,345.61566162109375,386.5249938964844,389.5,363.0,363.0,3279616
2012-03-22,338.1717834472656,378.20001220703125,392.5,375.54998779296875,388.5,1684212
2012-03-23,350.667724609375,392.17498779296875,395.2250061035156,378.95001220703125,378.95001220703125,1392654
2012-03-26,350.2652587890625,391.7250061035156,396.0,386.45001220703125,395.0,1302708
2012-03-27,349.54986572265625,390.92498779296875,398.3500061035156,388.0,391.75,1023262
2012-03-28,344.5873718261719,385.375,393.5,382.67498779296875,391.95001220703125,628050
2012-03-29,341.4577941894531,381.875,386.5,379.6000061035156,382.0,732112
2012-03-30,343.6260681152344,384.29998779296875,391.0,381.0249938964844,384.0,966792
2012-04-02,361.2857666015625,404.04998779296875,407.45001220703125,385.5,388.0249938964844,2032374
2012-04-03,364.21417236328125,407.32501220703125,411.0,403.17498779296875,406.0,1134136
2012-04-04,361.86700439453125,404.70001220703125,408.32501220703125,400.7749938964844,405.0249938964844,606058
2012-04-09,359.98931884765625,402.6000061035156,408.7250061035156,400.54998779296875,403.0,572030
2012-04-10,367.8355407714844,411.375,414.45001220703125,398.1000061035156,404.4750061035156,1802050
2012-04-11,363.9682312011719,407.04998779296875,412.45001220703125,405.375,408.57501220703125,740196
2012-04-12,363.58831787109375,406.625,411.3500061035156,405.0249938964844,407.4750061035156,443456
2012-04-13,367.2096252441406,410.67498779296875,417.25,407.45001220703125,407.45001220703125,1221448
2012-04-16,377.9619140625,422.70001220703125,424.5,409.2250061035156,410.17498779296875,973318
2012-04-17,381.9409484863281,427.1499938964844,428.42498779296875,416.79998779296875,422.79998779296875,770710
2012-04-18,382.8127746582031,428.125,431.42498779296875,425.57501220703125,429.3500061035156,509222
2012-04-19,383.729248046875,429.1499938964844,432.20001220703125,426.0,428.45001220703125,398244
2012-04-20,377.2242431640625,421.875,431.20001220703125,418.4750061035156,430.25,395308
2012-04-23,368.5732727050781,412.20001220703125,425.95001220703125,410.6000061035156,422.9750061035156,742262
2012-04-24,383.729248046875,429.1499938964844,431.8999938964844,403.5,410.0,1187906
2012-04-25,381.6056213378906,426.7749938964844,434.3999938964844,415.6000061035156,415.6000061035156,873766
2012-04-26,375.14532470703125,419.54998779296875,433.75,411.1000061035156,433.75,2647300
2012-04-27,384.019775390625,429.4750061035156,431.92498779296875,415.0249938964844,415.0249938964844,1263348
2012-04-30,392.6932067871094,439.17498779296875,440.75,423.625,428.0,1343352
2012-05-02,391.8660888671875,438.25,443.70001220703125,436.54998779296875,439.0,735646
2012-05-03,387.1494140625,432.9750061035156,438.5,429.79998779296875,438.5,423444
2012-05-04,377.805419921875,422.5249938964844,431.0249938964844,421.75,431.0249938964844,696386
2012-05-07,385.3833923339844,431.0,434.07501220703125,412.57501220703125,412.57501220703125,678246
2012-05-08,380.75616455078125,425.82501220703125,437.79998779296875,421.79998779296875,432.5,586478
2012-05-09,374.653564453125,419.0,423.5,414.0249938964844,419.0,583318
2012-05-10,370.8085632324219,414.70001220703125,426.0,412.5,419.0,423282
2012-05-11,382.2091064453125,427.45001220703125,430.54998779296875,411.3500061035156,413.9750061035156,709878
2012-05-14,385.47344970703125,428.07501220703125,432.0,421.7250061035156,429.5,549230
2012-05-15,384.7080383300781,427.2250061035156,430.5,417.57501220703125,417.57501220703125,314184
2012-05-16,375.2304992675781,416.70001220703125,425.0,413.20001220703125,425.0,473902
2012-05-17,378.8998718261719,420.7749938964844,425.5,417.4750061035156,417.4750061035156,415254
2012-05-18,391.8443298339844,435.1499938964844,441.4750061035156,413.6000061035156,418.9750061035156,721748
2012-05-21,400.2413635253906,444.4750061035156,450.79998779296875,435.6499938964844,436.5,1106322
2012-05-22,396.2341613769531,440.0249938964844,453.29998779296875,438.1499938964844,446.5,726512
2012-05-23,389.07525634765625,432.07501220703125,441.3999938964844,430.57501220703125,439.9750061035156,558102
2012-05-24,393.39764404296875,436.875,438.3999938964844,427.0,431.9750061035156,728384
2012-05-25,400.71405029296875,445.0,447.5,435.625,438.3500061035156,672416
2012-05-28,412.01513671875,457.54998779296875,458.9750061035156,445.5,447.5,1077124
2012-05-29,407.625244140625,452.67498779296875,460.8999938964844,450.67498779296875,458.5,926382
2012-05-30,400.0837097167969,444.29998779296875,455.57501220703125,443.0,451.0,680486
2012-05-31,395.31121826171875,439.0,442.82501220703125,435.29998779296875,440.0,940694
2012-06-01,387.1168212890625,429.8999938964844,444.25,428.07501220703125,440.0249938964844,855716
2012-06-04,376.10845947265625,417.67498779296875,425.0,402.54998779296875,425.0,1827454
2012-06-05,366.8109436035156,407.3500061035156,421.0,405.57501220703125,420.0,1202966
2012-06-06,369.9626770019531,410.8500061035156,415.4750061035156,399.42498779296875,408.1499938964844,2121386
2012-06-07,378.4946594238281,420.32501220703125,421.95001220703125,403.2250061035156,413.0,1870246
2012-06-08,375.4555969238281,416.95001220703125,425.29998779296875,410.95001220703125,425.29998779296875,872086
2012-06-11,375.3880615234375,416.875,427.0,414.5249938964844,418.0249938964844,1137738
2012-06-12,368.85955810546875,409.625,418.2250061035156,403.5249938964844,416.5,1442426
2012-06-13,371.9662170410156,413.07501220703125,415.5,405.875,409.5,1260106
2012-06-14,370.21026611328125,411.125,417.1000061035156,409.7250061035156,412.5,610600
2012-06-15,368.1617126464844,408.8500061035156,416.0,406.6499938964844,412.4750061035156,717802
2012-06-18,356.0277099609375,395.375,412.8999938964844,392.79998779296875,410.0,1067656
2012-06-19,361.6331787109375,401.6000061035156,405.0,384.6000061035156,394.25,1748984
2012-06-20,369.6024169921875,410.45001220703125,412.5,400.04998779296875,402.125,1105670
2012-06-21,381.4662780761719,423.625,426.0,402.04998779296875,409.4750061035156,1906148
2012-06-22,383.8750915527344,426.29998779296875,429.875,416.5,423.0,1393766
2012-06-25,383.22222900390625,425.57501220703125,432.5,423.4750061035156,426.2250061035156,750576
2012-06-26,386.64404296875,429.375,432.0,420.04998779296875,426.0,1035054
2012-06-27,385.63104248046875,428.25,434.0,426.0,430.0,733470
2012-06-28,379.7103271484375,421.67498779296875,431.1499938964844,420.0,428.5,618388
2012-06-29,390.04339599609375,433.1499938964844,435.0,420.45001220703125,421.5,810260
2012-07-02,395.2662048339844,438.95001220703125,441.8500061035156,433.1499938964844,438.8999938964844,650738
2012-07-03,399.5884704589844,443.75,456.25,440.5,456.25,664322
2012-07-04,397.2922058105469,441.20001220703125,446.3500061035156,438.75,443.75,593010
2012-07-05,398.93560791015625,443.0249938964844,448.0,438.32501220703125,440.20001220703125,566850
2012-07-06,396.77447509765625,440.625,445.0,438.5,445.0,324170
2012-07-09,392.65472412109375,436.04998779296875,442.92498779296875,434.04998779296875,439.3500061035156,357878
2012-07-10,394.9058837890625,438.54998779296875,441.70001220703125,436.04998779296875,436.54998779296875,391868
2012-07-11,394.725830078125,438.3500061035156,443.70001220703125,435.75,438.4750061035156,226970
2012-07-12,392.0243835449219,435.3500061035156,437.5,433.45001220703125,435.7749938964844,237100
2012-07-13,399.52093505859375,443.67498779296875,447.3999938964844,436.17498779296875,436.875,964400
2012-07-16,396.3467102050781,440.1499938964844,446.17498779296875,402.3999938964844,445.125,843924
2012-07-17,396.3467102050781,440.1499938964844,442.5,439.0249938964844,440.54998779296875,364690
2012-07-18,398.66552734375,442.7250061035156,444.67498779296875,436.2749938964844,439.95001220703125,317232
2012-07-19,408.14300537109375,453.25,456.625,442.0249938964844,442.0249938964844,902292
2012-07-20,409.56134033203125,454.82501220703125,458.8500061035156,446.625,454.45001220703125,877112
2012-07-23,410.28167724609375,455.625,459.75,450.0,454.82501220703125,901522
2012-07-24,405.53167724609375,450.3500061035156,458.42498779296875,448.0,455.0,543990
2012-07-25,408.480712890625,453.625,457.25,448.79998779296875,451.9750061035156,597600
2012-07-26,403.28045654296875,447.8500061035156,458.95001220703125,443.3999938964844,455.0,975772
2012-07-27,397.74249267578125,441.70001220703125,455.25,437.6499938964844,449.8999938964844,892192
2012-07-30,394.8834533691406,438.5249938964844,445.8999938964844,433.0,441.75,685226
2012-07-31,400.646484375,444.92498779296875,447.0,435.5,439.875,714114
2012-08-01,404.60870361328125,449.32501220703125,452.5,443.0,444.17498779296875,518578
2012-08-02,404.51861572265625,449.2250061035156,452.25,446.2749938964844,449.8999938964844,249700
2012-08-03,413.27581787109375,458.95001220703125,461.0,443.5,452.25,746936
2012-08-06,413.74853515625,459.4750061035156,468.5,457.6499938964844,460.0,872292
2012-08-07,414.08624267578125,459.8500061035156,463.5,458.125,460.7749938964844,735886
2012-08-08,409.8989562988281,455.20001220703125,465.70001220703125,452.6499938964844,459.5,712934
2012-08-09,410.73193359375,456.125,458.8500061035156,451.5249938964844,456.1000061035156,453154
2012-08-10,412.44281005859375,458.0249938964844,461.4750061035156,453.8500061035156,454.9750061035156,380496
2012-08-13,411.3623046875,456.82501220703125,461.5,453.9750061035156,458.0249938964844,414582
2012-08-14,410.4392395019531,455.79998779296875,460.5,454.3500061035156,457.42498779296875,324512
2012-08-16,406.0268859863281,450.8999938964844,458.5,450.0,456.32501220703125,595290
2012-08-17,402.4474792480469,446.92498779296875,453.5,445.70001220703125,450.6000061035156,417448
2012-08-21,399.97113037109375,444.17498779296875,449.70001220703125,440.8500061035156,449.0249938964844,555336
2012-08-22,405.7567443847656,450.6000061035156,453.95001220703125,425.0,442.5,657132
2012-08-23,404.76629638671875,449.5,457.3999938964844,445.7749938964844,453.6000061035156,731040
2012-08-24,402.9427795410156,447.4750061035156,452.0,444.70001220703125,446.625,299862
2012-08-27,398.6204528808594,442.67498779296875,451.6000061035156,441.17498779296875,446.20001220703125,351660
2012-08-28,394.5006408691406,438.1000061035156,443.25,433.79998779296875,442.5,409290
2012-08-29,392.8348388671875,436.25,439.92498779296875,432.25,439.92498779296875,408624
2012-08-30,399.0032043457031,443.1000061035156,445.0,432.9750061035156,434.07501220703125,531930
2012-08-31,400.0387268066406,444.25,447.2749938964844,440.2250061035156,442.5,299116
2012-09-03,406.90484619140625,451.875,453.70001220703125,445.70001220703125,447.04998779296875,642442
2012-09-04,403.5506286621094,448.1499938964844,463.6499938964844,446.29998779296875,456.70001220703125,307446
2012-09-05,393.1500244140625,436.6000061035156,448.625,434.0,443.9750061035156,645632
2012-09-06,393.89288330078125,437.42498779296875,441.4750061035156,432.5,433.5,350236
2012-09-07,401.3894348144531,445.75,447.4750061035156,441.3500061035156,441.92498779296875,527430
2012-09-10,406.7247619628906,451.67498779296875,454.625,448.29998779296875,449.9750061035156,284798
2012-09-11,414.62652587890625,460.45001220703125,462.67498779296875,451.0,453.4750061035156,712468
2012-09-12,427.4808654785156,474.7250061035156,476.25,461.7749938964844,463.25,1145738
2012-09-13,425.3423156738281,472.3500061035156,477.4750061035156,470.0,475.04998779296875,584486
2012-09-14,431.5555419921875,479.25,480.9750061035156,473.5249938964844,478.0,434420
2012-09-17,431.8482666015625,479.57501220703125,484.4750061035156,471.5249938964844,480.0,524974
2012-09-18,423.7889099121094,470.625,481.375,469.4750061035156,478.8500061035156,463504
2012-09-20,426.017578125,473.1000061035156,475.70001220703125,464.3500061035156,465.6000061035156,492048
2012-09-21,430.3399658203125,477.8999938964844,484.29998779296875,473.1000061035156,473.1000061035156,441562
2012-09-24,422.91094970703125,469.6499938964844,483.3500061035156,467.9750061035156,483.3500061035156,608528
2012-09-25,423.3836975097656,470.17498779296875,474.54998779296875,464.125,470.9750061035156,608492
2012-09-26,421.04241943359375,467.57501220703125,475.70001220703125,465.0,465.0,578298
2012-09-27,425.274658203125,472.2749938964844,474.42498779296875,464.25,469.875,563454
2012-09-28,440.02008056640625,488.6499938964844,493.0,472.1499938964844,474.5249938964844,1098874
2012-10-01,437.0934753417969,485.3999938964844,490.92498779296875,483.125,490.6000061035156,471468
2012-10-03,442.4963684082031,491.3999938964844,494.75,479.6499938964844,485.57501220703125,960018
2012-10-04,434.0543212890625,482.0249938964844,492.95001220703125,470.04998779296875,470.04998779296875,849282
2012-10-05,424.30670166015625,471.20001220703125,483.20001220703125,466.54998779296875,483.0,587234
2012-10-08,416.652587890625,462.70001220703125,476.6000061035156,461.1499938964844,473.3999938964844,515922
2012-10-09,420.4346008300781,466.8999938964844,471.8999938964844,457.5,457.8500061035156,596176
2012-10-10,416.8777160644531,462.95001220703125,470.5,460.70001220703125,465.125,368196
2012-10-11,421.2900390625,467.8500061035156,470.0,461.32501220703125,463.1499938964844,331146
2012-10-12,425.8600158691406,472.92498779296875,479.5,465.6000061035156,465.6000061035156,493072
2012-10-15,428.15618896484375,475.4750061035156,480.5,471.5,472.92498779296875,491638
2012-10-16,421.24505615234375,467.79998779296875,479.8500061035156,465.5,476.70001220703125,351378
2012-10-17,421.8528747558594,468.4750061035156,472.20001220703125,465.7749938964844,471.875,299062
2012-10-18,421.1099548339844,467.6499938964844,471.5,463.5,463.5249938964844,446718
2012-10-19,419.06134033203125,465.375,471.82501220703125,463.57501220703125,468.07501220703125,204970
2012-10-22,415.3018493652344,461.20001220703125,466.42498779296875,458.0,465.57501220703125,285122
2012-10-23,411.5199279785156,457.0,464.82501220703125,454.125,460.0,343908
2012-10-25,409.13360595703125,454.3500061035156,458.6499938964844,446.4750061035156,457.04998779296875,673280
2012-10-29,407.2425842285156,452.25,457.45001220703125,447.42498779296875,450.5,309262
2012-10-30,399.61102294921875,443.7749938964844,452.5,437.5,452.5,470512
2012-10-31,384.5954284667969,427.1000061035156,455.5,423.82501220703125,444.0,1865384
2012-11-01,383.7624816894531,426.17498779296875,430.875,419.9750061035156,425.5,1806484
2012-11-02,388.2424011230469,431.1499938964844,434.3999938964844,426.5,430.0,645682
2012-11-05,387.8371887207031,430.70001220703125,437.625,427.7749938964844,432.42498779296875,500438
2012-11-06,389.6381530761719,432.70001220703125,435.79998779296875,428.9750061035156,432.0,401570
2012-11-07,389.7056579589844,432.7749938964844,445.0,430.5,445.0,275650
2012-11-08,385.90118408203125,428.54998779296875,432.7749938964844,426.125,432.7749938964844,282864
2012-11-09,385.58599853515625,428.20001220703125,431.5,423.6000061035156,426.875,679560
2012-11-12,384.0101623535156,426.45001220703125,429.375,422.29998779296875,428.20001220703125,246818
2012-11-15,387.81463623046875,430.67498779296875,436.7250061035156,425.1499938964844,426.07501220703125,443256
2012-11-16,389.5706787109375,432.625,441.67498779296875,429.67498779296875,430.5,564612
2012-11-19,392.1369323730469,435.4750061035156,439.4750061035156,433.2250061035156,434.5249938964844,367084
2012-11-20,393.4426574707031,436.92498779296875,442.1000061035156,431.2749938964844,437.07501220703125,487654
2012-11-21,391.6642150878906,434.95001220703125,444.75,433.0,437.5,454162
2012-11-22,394.4557189941406,438.04998779296875,441.25,434.0,436.1499938964844,277492
2012-11-23,393.7128601074219,437.2250061035156,441.8500061035156,433.5,440.0249938964844,203528
2012-11-26,407.8503723144531,452.92498779296875,453.92498779296875,437.875,439.7250061035156,777422
2012-11-27,421.7852783203125,468.3999938964844,472.95001220703125,454.2250061035156,454.2250061035156,1365268
2012-11-29,419.871826171875,466.2749938964844,474.5,465.0249938964844,469.0,400190
2012-11-30,414.6714782714844,460.5,470.0,436.1499938964844,465.5249938964844,346050
2012-12-03,415.68450927734375,461.625,466.70001220703125,457.5,460.67498779296875,388738
2012-12-04,414.0411071777344,459.79998779296875,466.20001220703125,457.45001220703125,460.5,234124
2012-12-05,412.2852478027344,457.8500061035156,464.6499938964844,456.20001220703125,460.57501220703125,761186
2012-12-06,408.908447265625,454.1000061035156,461.32501220703125,451.04998779296875,461.32501220703125,459814
2012-12-07,407.8729248046875,452.95001220703125,463.8999938964844,449.32501220703125,457.45001220703125,853558
2012-12-10,400.8491516113281,445.1499938964844,456.5249938964844,442.04998779296875,456.5249938964844,495610
2012-12-11,398.462890625,442.5,448.0249938964844,438.875,447.0,369158
2012-12-12,400.8040771484375,445.1000061035156,447.625,437.5,442.5,298692
2012-12-13,394.8834533691406,438.5249938964844,446.7749938964844,435.57501220703125,446.32501220703125,303116
2012-12-14,397.4948425292969,441.42498779296875,442.5,434.29998779296875,437.42498779296875,268184
2012-12-17,401.65960693359375,446.04998779296875,448.95001220703125,439.0249938964844,439.04998779296875,291110
2012-12-18,404.8788146972656,449.625,452.0,441.0,447.45001220703125,411782
2012-12-19,400.3988952636719,444.6499938964844,452.5249938964844,443.04998779296875,452.5,294816
2012-12-20,397.5398864746094,441.4750061035156,445.42498779296875,440.0,445.0,123092
2012-12-21,393.1950378417969,436.6499938964844,446.0,425.0,425.0,267320
2012-12-24,387.5445251464844,430.375,439.6499938964844,429.07501220703125,437.54998779296875,272592
2012-12-26,387.09429931640625,429.875,433.32501220703125,427.25,430.17498779296875,446082
2012-12-27,385.6535339355469,428.2749938964844,434.04998779296875,426.8500061035156,429.8500061035156,495284
2012-12-28,389.77325439453125,432.8500061035156,437.5,424.07501220703125,432.375,599696
2012-12-31,390.33599853515625,433.4750061035156,436.75,431.0,432.45001220703125,215342
2013-01-01,394.0505065917969,437.6000061035156,438.95001220703125,434.375,435.45001220703125,190574
2013-01-02,404.5861511230469,449.29998779296875,450.42498779296875,438.0249938964844,440.4750061035156,601232
2013-01-03,397.7875061035156,441.75,452.17498779296875,440.0,450.32501220703125,529950
2013-01-04,395.44622802734375,439.1499938964844,442.2250061035156,437.04998779296875,442.0249938964844,222920
2013-01-07,396.1216735839844,439.8999938964844,445.5,437.5,440.0,302968
2013-01-08,398.0126647949219,442.0,445.0,435.5,445.0,271176
2013-01-09,393.8028869628906,437.32501220703125,449.1499938964844,435.4750061035156,443.3500061035156,370194
2013-01-10,393.91546630859375,437.45001220703125,441.45001220703125,435.0,440.0,163084
2013-01-11,385.04571533203125,427.6000061035156,439.2749938964844,426.0,437.79998779296875,286464
2013-01-14,385.6760559082031,428.29998779296875,432.625,423.3500061035156,427.8999938964844,345562
2013-01-15,383.10968017578125,425.45001220703125,432.5,423.2250061035156,429.92498779296875,306482
2013-01-16,376.53619384765625,418.1499938964844,427.6499938964844,415.5,425.45001220703125,355796
2013-01-17,369.1747741699219,409.9750061035156,417.5,408.5,416.8999938964844,903282
2013-01-18,368.4093322753906,409.125,411.5,406.6000061035156,408.54998779296875,324888
2013-01-21,369.2422790527344,410.04998779296875,413.75,406.375,409.125,511534
2013-01-22,363.501708984375,403.67498779296875,413.375,399.5,413.3500061035156,437168
2013-01-23,355.7125244140625,395.0249938964844,404.70001220703125,394.0,403.4750061035156,528444
2013-01-24,344.6141052246094,382.70001220703125,395.2250061035156,378.0,394.42498779296875,518076
2013-01-25,363.14154052734375,403.2749938964844,405.0,378.25,380.1000061035156,642594
2013-01-28,363.4791564941406,403.6499938964844,407.92498779296875,397.6000061035156,405.1499938964844,519950
2013-01-29,355.3073425292969,394.57501220703125,410.5,390.82501220703125,404.3500061035156,440744
2013-01-30,356.0277099609375,395.375,398.67498779296875,388.0,394.25,548550
2013-01-31,354.4743957519531,393.6499938964844,397.3999938964844,390.8999938964844,394.92498779296875,288076
2013-02-01,353.0110168457031,392.0249938964844,400.67498779296875,389.0,396.54998779296875,481054
2013-02-04,349.9044189453125,388.57501220703125,398.1000061035156,386.8999938964844,392.0,283714
2013-02-05,343.8036804199219,381.79998779296875,387.5,380.5,386.42498779296875,779692
2013-02-06,341.7101135253906,379.4750061035156,385.0,376.625,383.0,464422
2013-02-07,350.39971923828125,389.125,390.5,379.4750061035156,379.4750061035156,455372
2013-02-08,355.50994873046875,394.79998779296875,397.54998779296875,390.1000061035156,391.0,587250
2013-02-11,356.43292236328125,395.82501220703125,399.5,394.04998779296875,395.5,197582
2013-02-12,356.9956970214844,396.45001220703125,397.5,390.0249938964844,396.5,181308
2013-02-13,358.68408203125,398.32501220703125,404.0,393.5249938964844,393.5249938964844,396732
2013-02-14,351.0525207519531,389.8500061035156,399.0,386.70001220703125,397.75,232508
2013-02-15,351.1876220703125,390.0,390.54998779296875,381.7250061035156,387.3999938964844,295954
2013-02-18,348.91387939453125,387.4750061035156,394.42498779296875,385.9750061035156,390.9750061035156,187208
2013-02-19,353.8665466308594,392.9750061035156,395.0,386.6499938964844,389.25,287192
2013-02-20,346.5276184082031,384.82501220703125,394.6000061035156,383.54998779296875,394.6000061035156,600708
2013-02-21,337.8604736328125,375.20001220703125,382.0,373.5,380.0,409852
2013-02-22,346.39251708984375,384.67498779296875,386.5,370.1499938964844,373.79998779296875,710418
2013-02-25,353.5963439941406,392.67498779296875,394.5,382.29998779296875,386.0249938964844,603202
2013-02-26,341.2823486328125,379.0,393.0,377.1499938964844,390.5,499226
2013-02-27,348.39605712890625,386.8999938964844,389.6499938964844,376.5249938964844,379.6000061035156,608180
2013-02-28,336.5773010253906,373.7749938964844,395.3999938964844,361.5,388.5,1034536
2013-03-01,340.40435791015625,378.0249938964844,382.42498779296875,371.45001220703125,373.0,343180
2013-03-04,340.6519470214844,378.29998779296875,380.45001220703125,369.79998779296875,378.0,214428
2013-03-05,354.6319885253906,393.82501220703125,395.3999938964844,380.375,380.375,297082
2013-03-06,348.80133056640625,387.3500061035156,401.0,385.5,397.17498779296875,474516
2013-03-07,352.7859802246094,391.7749938964844,396.45001220703125,383.625,387.0,251560
2013-03-08,352.6958923339844,391.67498779296875,396.7749938964844,386.3999938964844,394.32501220703125,312600
2013-03-11,349.1390380859375,387.7250061035156,394.9750061035156,386.0,393.9750061035156,228224
2013-03-12,350.3771667480469,389.1000061035156,392.7749938964844,383.0,388.6499938964844,283634
2013-03-13,340.674560546875,378.32501220703125,389.5,374.6499938964844,389.5,237348
2013-03-14,337.9955749511719,375.3500061035156,381.5,373.125,378.3500061035156,438278
2013-03-15,334.39361572265625,371.3500061035156,379.3500061035156,367.5,375.0,455244
2013-03-18,331.5796203613281,368.2250061035156,370.95001220703125,363.5,369.57501220703125,582542
2013-03-19,321.7868957519531,357.3500061035156,367.95001220703125,355.82501220703125,367.8500061035156,356048
2013-03-20,313.795166015625,348.4750061035156,357.5,343.42498779296875,357.3500061035156,513328
2013-03-21,315.68609619140625,350.57501220703125,355.5,345.04998779296875,349.07501220703125,505300
2013-03-22,323.36279296875,359.1000061035156,363.1000061035156,347.07501220703125,348.0,368894
2013-03-25,324.6459655761719,360.5249938964844,367.5,358.54998779296875,363.67498779296875,286296
2013-03-26,319.7157897949219,355.04998779296875,362.42498779296875,353.0,357.57501220703125,374068
2013-03-28,323.4303283691406,359.17498779296875,364.0,351.6000061035156,353.4750061035156,413896
2013-04-01,325.636474609375,361.625,364.92498779296875,356.04998779296875,357.5,182646
2013-04-02,334.3486022949219,371.29998779296875,372.2749938964844,359.42498779296875,359.42498779296875,256756
2013-04-03,325.6589660644531,361.6499938964844,373.625,359.25,369.0,250212
2013-04-04,321.08905029296875,356.57501220703125,361.25,355.6499938964844,358.1499938964844,147022
2013-04-05,321.9219665527344,357.5,360.0,355.92498779296875,355.92498779296875,201624
2013-04-08,322.95751953125,358.6499938964844,363.375,356.25,360.0,133576
2013-04-09,324.01568603515625,359.82501220703125,364.95001220703125,357.5,363.0,169236
2013-04-10,322.7323913574219,358.3999938964844,363.75,354.5,360.0,238758
2013-04-11,331.1744079589844,367.7749938964844,371.17498779296875,359.1000061035156,361.25,375882
2013-04-12,326.5594787597656,362.6499938964844,369.0,356.6000061035156,369.0,171536
2013-04-15,339.27874755859375,376.7749938964844,378.6499938964844,363.5249938964844,363.5249938964844,417590
2013-04-16,337.59033203125,374.8999938964844,382.0,373.1499938964844,377.0249938964844,360898
2013-04-17,337.2751770019531,374.54998779296875,379.8999938964844,369.875,376.04998779296875,269394
2013-04-18,340.8321228027344,378.5,380.79998779296875,372.1499938964844,377.5,269554
2013-04-22,338.46832275390625,375.875,381.0,373.5,379.0,222044
2013-04-23,328.6305847167969,364.95001220703125,379.375,363.4750061035156,377.5,270690
2013-04-25,316.74420166015625,351.75,365.8500061035156,350.0,365.0,1214242
2013-04-26,321.42669677734375,356.95001220703125,362.0249938964844,353.0,353.0,840506
2013-04-29,318.6351623535156,353.8500061035156,360.8999938964844,351.0,355.0,366532
2013-04-30,335.87945556640625,373.0,375.82501220703125,355.0,355.5,1525688
2013-05-02,335.6318054199219,372.7250061035156,377.20001220703125,366.42498779296875,371.0,496784
2013-05-03,347.5181884765625,385.92498779296875,387.3500061035156,372.4750061035156,374.5,636174
2013-05-06,349.6342468261719,388.2749938964844,392.17498779296875,385.0,386.0,419722
2013-05-07,353.8215026855469,392.92498779296875,395.75,386.5,386.5,459684
2013-05-08,360.48504638671875,400.32501220703125,401.54998779296875,388.25,392.0,588366
2013-05-09,361.880859375,401.875,409.5,399.875,400.0249938964844,611568
2013-05-10,363.09649658203125,403.2250061035156,407.0,396.8999938964844,401.0,421468
2013-05-13,359.6296081542969,399.375,407.07501220703125,397.5,406.92498779296875,274416
2013-05-14,364.784912109375,405.1000061035156,407.0,395.0,400.67498779296875,369964
2013-05-15,367.3287048339844,407.92498779296875,413.92498779296875,404.0249938964844,406.45001220703125,563386
2013-05-16,364.9874572753906,405.32501220703125,410.42498779296875,402.5,407.92498779296875,361266
2013-05-17,369.79559326171875,407.625,410.8999938964844,404.0,404.3500061035156,384868
2013-05-20,369.97711181640625,407.82501220703125,414.92498779296875,406.0,408.5,407342
2013-05-21,366.665771484375,404.17498779296875,410.5,402.8999938964844,407.5249938964844,278684
2013-05-22,365.6225280761719,403.0249938964844,407.5,399.5,404.5,329436
2013-05-23,362.31121826171875,399.375,402.0249938964844,394.0,400.5,306464
2013-05-24,363.173095703125,400.32501220703125,403.5,397.75,400.3999938964844,133638
2013-05-27,375.3295593261719,413.7250061035156,414.8999938964844,400.0,400.8500061035156,527736
2013-05-28,377.18927001953125,415.7749938964844,420.95001220703125,413.20001220703125,414.5,371018
2013-05-29,374.1728515625,412.45001220703125,418.5,409.70001220703125,416.4750061035156,203416
2013-05-30,374.42236328125,412.7250061035156,415.0,410.1000061035156,413.45001220703125,152974
2013-05-31,363.9669494628906,401.20001220703125,414.70001220703125,398.17498779296875,414.0,232092
2013-06-03,368.13995361328125,405.79998779296875,410.0249938964844,398.75,403.04998779296875,208600
2013-06-04,391.5002136230469,431.54998779296875,433.9750061035156,406.0,406.0,3130982
2013-06-05,392.7023620605469,432.875,439.3500061035156,427.25,433.0,1564150
2013-06-06,402.88555908203125,444.1000061035156,447.2250061035156,428.5,430.0,952406
2013-06-07,397.8960266113281,438.6000061035156,449.32501220703125,437.25,444.5,595022
2013-06-10,395.5372619628906,436.0,443.5,430.82501220703125,440.04998779296875,286412
2013-06-11,365.8719787597656,403.29998779296875,438.5,398.54998779296875,432.5,1783890
2013-06-12,363.9442138671875,401.17498779296875,412.9750061035156,374.3500061035156,404.5,3982756
2013-06-13,366.0987548828125,403.54998779296875,410.67498779296875,392.25,400.0,603572
2013-06-14,368.0492858886719,405.70001220703125,412.25,388.875,406.5,868736
2013-06-17,371.47393798828125,409.4750061035156,411.6000061035156,400.5,408.375,384566
2013-06-18,372.2904052734375,410.375,417.6499938964844,405.5,408.0,388134
2013-06-19,374.853271484375,413.20001220703125,414.92498779296875,406.04998779296875,410.0,288250
2013-06-20,372.2677001953125,410.3500061035156,413.3999938964844,407.42498779296875,411.1000061035156,399200
2013-06-21,374.9667053222656,413.32501220703125,416.82501220703125,405.0,407.0,502868
2013-06-24,378.36859130859375,417.07501220703125,421.0,412.5,415.5,771854
2013-06-25,369.8636474609375,407.70001220703125,420.95001220703125,402.92498779296875,420.75,520850
2013-06-26,365.1916198730469,402.54998779296875,410.95001220703125,400.5249938964844,409.5,422542
2013-06-27,364.98748779296875,402.32501220703125,408.2250061035156,398.5,404.5,778794
2013-06-28,378.8222351074219,417.57501220703125,419.95001220703125,402.5,405.57501220703125,593900
2013-07-01,380.6592712402344,419.6000061035156,424.0,416.0,417.5,223526
2013-07-02,386.8281555175781,426.3999938964844,430.4750061035156,417.5,419.5,441088
2013-07-03,382.90460205078125,422.07501220703125,430.45001220703125,419.1000061035156,426.5,520194
2013-07-04,393.0198669433594,433.2250061035156,434.8500061035156,420.07501220703125,423.5,630612
2013-07-05,396.5352478027344,437.1000061035156,440.25,434.0,435.0,554114
2013-07-08,393.6548767089844,433.92498779296875,436.4750061035156,425.54998779296875,434.5,325874
2013-07-09,405.4257507324219,446.8999938964844,448.75,435.0,436.0,759522
2013-07-10,402.4773254394531,443.6499938964844,459.5,439.5,448.1000061035156,1163576
2013-07-11,401.6381530761719,442.7250061035156,450.04998779296875,440.04998779296875,447.5,280442
2013-07-12,407.1267395019531,448.7749938964844,454.5,441.17498779296875,444.6499938964844,485844
2013-07-15,412.25238037109375,454.42498779296875,455.70001220703125,444.0,449.3500061035156,342132
2013-07-16,410.0751037597656,452.0249938964844,453.67498779296875,445.75,449.9750061035156,240308
2013-07-17,419.21514892578125,462.1000061035156,468.5,454.1499938964844,456.0,949766
2013-07-18,423.9325256347656,467.29998779296875,469.0,462.7749938964844,464.5,463036
2013-07-19,421.1882629394531,464.2749938964844,472.0,462.17498779296875,468.5,386196
2013-07-22,421.1882629394531,464.2749938964844,470.5,461.5,465.0,297984
2013-07-23,415.63165283203125,458.1499938964844,464.25,455.57501220703125,462.75,226152
2013-07-24,405.607177734375,447.1000061035156,462.8500061035156,446.0,459.0,443862
2013-07-25,397.3970642089844,438.04998779296875,446.0,426.3500061035156,446.0,656922
2013-07-26,411.6400146484375,453.75,457.5,444.1000061035156,445.0,794718
2013-07-29,418.5120849609375,461.32501220703125,463.9750061035156,453.3500061035156,456.95001220703125,421032
2013-07-30,421.2336730957031,464.32501220703125,466.79998779296875,455.1000061035156,459.95001220703125,506842
2013-07-31,436.7693786621094,481.45001220703125,486.5,460.125,464.45001220703125,922332
2013-08-01,419.9635314941406,462.92498779296875,487.5,445.0,484.3500061035156,1163116
2013-08-02,409.0772399902344,450.92498779296875,467.45001220703125,446.54998779296875,467.45001220703125,988574
2013-08-05,398.0093994140625,438.7250061035156,453.92498779296875,436.0,446.5,382730
2013-08-06,383.99322509765625,423.2749938964844,436.0,412.5,436.0,852368
2013-08-07,396.44451904296875,437.0,440.0,413.0,417.6000061035156,652600
2013-08-08,395.4692687988281,435.92498779296875,440.0,427.125,436.5,276830
2013-08-12,408.6009216308594,450.3999938964844,453.95001220703125,432.0,437.5,509994
2013-08-13,416.87908935546875,459.5249938964844,461.29998779296875,445.5,449.54998779296875,469982
2013-08-14,417.99041748046875,460.75,465.0,456.1000061035156,461.95001220703125,353556
2013-08-16,398.82586669921875,439.625,458.95001220703125,435.8500061035156,458.17498779296875,472716
2013-08-19,387.84881591796875,427.5249938964844,438.5,420.1000061035156,438.0,530428
2013-08-20,383.4035339355469,422.625,429.92498779296875,416.0,419.0249938964844,408992
2013-08-21,376.32745361328125,414.82501220703125,437.5,413.5249938964844,424.875,396082
2013-08-22,370.2492370605469,408.125,417.17498779296875,401.07501220703125,411.5,469996
2013-08-23,386.05706787109375,425.54998779296875,428.3999938964844,405.07501220703125,408.0,455812
2013-08-26,375.5790100097656,414.0,431.9750061035156,411.125,421.7749938964844,433382
2013-08-27,359.4989929199219,396.2749938964844,414.0,393.70001220703125,410.0,388738
2013-08-28,357.70721435546875,394.29998779296875,398.45001220703125,385.5249938964844,390.0249938964844,636866
2013-08-29,361.4494323730469,398.42498779296875,408.5,387.0,397.5,879436
2013-08-30,371.3377990722656,409.32501220703125,412.0,392.57501220703125,400.5,373846
2013-09-02,374.5356750488281,412.8500061035156,421.0,405.29998779296875,408.0,478180
2013-09-03,364.7380676269531,402.04998779296875,422.45001220703125,400.0,421.0,410754
2013-09-04,364.42047119140625,401.70001220703125,412.45001220703125,395.625,404.5,315244
2013-09-05,375.3295593261719,413.7250061035156,417.45001220703125,407.6499938964844,408.5,329904
2013-09-06,373.4696960449219,411.67498779296875,418.8500061035156,403.875,414.17498779296875,271880
2013-09-10,384.9231262207031,424.29998779296875,429.0,412.5,415.5,458584
2013-09-11,378.5047302246094,417.2250061035156,427.625,414.1000061035156,424.0,378212
2013-09-12,374.8985290527344,413.25,420.0249938964844,407.79998779296875,419.5,423102
2013-09-13,372.9254455566406,411.07501220703125,413.875,404.0,409.7250061035156,594794
2013-09-16,373.24298095703125,411.42498779296875,417.8500061035156,406.54998779296875,414.8500061035156,582070
2013-09-17,367.07403564453125,404.625,410.0,402.79998779296875,410.0,245916
2013-09-18,367.64105224609375,405.25,407.3999938964844,401.5,404.0,346490
2013-09-19,378.4366455078125,417.1499938964844,419.9750061035156,409.0,413.125,741508
2013-09-20,377.0304870605469,415.6000061035156,421.9750061035156,407.0,418.8500061035156,676812
2013-09-23,374.376953125,412.67498779296875,420.0,408.57501220703125,412.75,414882
2013-09-24,372.9934997558594,411.1499938964844,416.45001220703125,409.92498779296875,410.0,247998
2013-09-25,371.7007141113281,409.7250061035156,416.4750061035156,406.57501220703125,411.625,295322
2013-09-26,372.47186279296875,410.57501220703125,411.875,405.04998779296875,410.20001220703125,189956
2013-09-27,385.6942443847656,425.1499938964844,430.0,411.5,413.0,843420
2013-09-30,388.5292053222656,428.2749938964844,436.0,420.8500061035156,426.07501220703125,826522
2013-10-01,389.0509338378906,428.8500061035156,434.5,426.5,430.0,314046
2013-10-03,394.15380859375,434.4750061035156,438.20001220703125,425.32501220703125,430.5,458100
2013-10-04,390.8425598144531,430.82501220703125,442.2749938964844,429.04998779296875,434.0,493602
2013-10-07,397.6011657714844,438.2749938964844,439.8999938964844,428.5,431.32501220703125,443626
2013-10-08,393.2012939453125,433.42498779296875,441.6000061035156,432.25,440.0,240076
2013-10-09,394.65277099609375,435.0249938964844,436.9750061035156,427.0,427.5,310920
2013-10-10,396.3310546875,436.875,442.45001220703125,431.0,435.0,301100
2013-10-11,392.4981994628906,432.6499938964844,440.5,431.0,440.5,220658
2013-10-14,408.28338623046875,450.04998779296875,452.25,431.5,431.5,739302
2013-10-15,399.8691711425781,440.7749938964844,459.42498779296875,438.82501220703125,455.95001220703125,727262
2013-10-17,393.54144287109375,433.79998779296875,449.375,431.125,443.875,388406
2013-10-18,401.3433837890625,442.3999938964844,444.0,435.0,435.0,263354
2013-10-21,400.07330322265625,441.0,445.0,437.5,443.5,194084
2013-10-22,405.31231689453125,446.7749938964844,453.375,440.0,440.0,723462
2013-10-23,408.3741455078125,450.1499938964844,453.0,446.3500061035156,447.45001220703125,1106528
2013-10-24,409.2812805175781,451.1499938964844,459.0,449.1000061035156,452.0,408008
2013-10-25,405.0401611328125,446.4750061035156,452.0,443.04998779296875,450.8999938964844,203146
2013-10-28,404.31439208984375,445.67498779296875,449.9750061035156,437.75,449.9750061035156,428530
2013-10-29,405.78857421875,447.29998779296875,456.5,441.625,444.0249938964844,365146
2013-10-30,402.6361083984375,443.82501220703125,465.79998779296875,435.375,451.0,2454148
2013-10-31,414.58843994140625,457.0,459.0249938964844,441.6000061035156,442.0,479346
2013-11-01,417.4914245605469,460.20001220703125,463.75,453.57501220703125,457.0,386316
2013-11-05,420.23565673828125,463.2250061035156,467.5,451.5249938964844,451.5249938964844,251894
2013-11-06,425.9510192871094,469.5249938964844,473.625,461.125,464.95001220703125,573416
2013-11-07,418.92022705078125,461.7749938964844,475.0,459.29998779296875,470.79998779296875,355510
2013-11-08,415.7223815917969,458.25,466.25,455.625,461.0249938964844,127266
2013-11-11,416.4934997558594,459.1000061035156,465.0,453.875,459.875,183260
2013-11-12,432.2106628417969,476.42498779296875,479.3999938964844,457.1000061035156,459.5,659702
2013-11-13,438.81048583984375,483.70001220703125,501.5,478.29998779296875,479.95001220703125,2029770
2013-11-14,445.2969665527344,490.8500061035156,494.67498779296875,485.0,486.1499938964844,466622
2013-11-18,451.08038330078125,497.2250061035156,500.5,490.5249938964844,491.3999938964844,388996
2013-11-19,467.6365966796875,515.4749755859375,519.0,491.04998779296875,496.1000061035156,748898
2013-11-20,458.36053466796875,505.25,522.0,500.9750061035156,522.0,750914
2013-11-21,459.4718933105469,506.4750061035156,514.5,500.04998779296875,504.0,529598
2013-11-22,476.5272216796875,525.2750244140625,527.875,510.25,511.5,963250
2013-11-25,477.43438720703125,526.2750244140625,535.9000244140625,520.0499877929688,529.0,518156
2013-11-26,481.56207275390625,530.8250122070312,533.625,520.0,520.0,305640
2013-11-27,486.8011169433594,536.5999755859375,538.5,529.0499877929688,534.6500244140625,288416
2013-11-28,487.3908386230469,537.25,540.75,530.5499877929688,536.5,354064
2013-11-29,484.60113525390625,534.1749877929688,541.4500122070312,528.625,537.75,363412
2013-12-02,476.7994384765625,525.5750122070312,536.4000244140625,522.7999877929688,534.7750244140625,287772
2013-12-03,472.60357666015625,520.9500122070312,528.5,517.5999755859375,528.2000122070312,318526
2013-12-04,473.4427185058594,521.875,530.5,516.25,519.8499755859375,418670
2013-12-05,472.2179870605469,520.5250244140625,529.1749877929688,518.7999877929688,526.6500244140625,206010
2013-12-06,471.6282958984375,519.875,524.0,518.5,522.5,143982
2013-12-09,466.3666076660156,514.0750122070312,526.75,511.5,523.0,160608
2013-12-10,460.0162048339844,507.07501220703125,520.0,505.04998779296875,515.0,290588
2013-12-11,455.7070617675781,502.32501220703125,508.8999938964844,501.125,502.0,240492
2013-12-12,464.1440124511719,511.625,517.2750244140625,502.0,502.3999938964844,492446
2013-12-13,457.0224609375,503.7749938964844,520.5,499.6000061035156,510.0,566718
2013-12-16,456.5688781738281,503.2749938964844,508.75,497.5249938964844,506.3999938964844,682614
2013-12-17,453.8473205566406,500.2749938964844,508.75,497.75,507.0,228238
2013-12-18,452.7359924316406,499.04998779296875,505.45001220703125,491.04998779296875,503.3999938964844,346932
2013-12-19,457.9749755859375,504.82501220703125,509.9750061035156,499.0,502.3999938964844,861868
2013-12-20,465.34600830078125,512.9500122070312,517.0,504.82501220703125,508.4750061035156,537308
2013-12-23,476.5726013183594,525.3250122070312,527.9000244140625,515.0999755859375,517.5,402526
2013-12-24,478.1827697753906,527.0999755859375,530.0,521.7750244140625,529.5,222424
2013-12-26,476.1870422363281,524.9000244140625,533.3250122070312,521.5,528.0250244140625,495920
2013-12-27,478.74981689453125,527.7249755859375,530.0,518.5,525.5499877929688,141128
2013-12-30,474.8489074707031,523.4249877929688,530.0,521.5,530.0,143830
2013-12-31,477.9786682128906,526.875,531.5,523.0,528.0,188124
2014-01-01,484.28375244140625,533.8250122070312,542.0,525.625,528.0,424144
2014-01-02,467.341796875,515.1500244140625,539.7000122070312,510.54998779296875,537.4749755859375,774618
2014-01-03,472.1726379394531,520.4749755859375,522.25,510.0,510.0,180640
2014-01-06,465.5273742675781,513.1500244140625,522.4749755859375,511.45001220703125,520.5,145714
2014-01-07,464.7337341308594,512.2750244140625,518.9000244140625,506.17498779296875,513.1500244140625,148746
2014-01-08,472.7623291015625,521.125,524.5,513.0999755859375,514.75,280134
2014-01-09,464.91510009765625,512.4749755859375,523.5,510.0,523.2750244140625,141794
2014-01-10,458.9729309082031,505.92498779296875,518.0,503.6499938964844,517.0,148648
2014-01-13,470.94793701171875,519.125,522.5,503.42498779296875,503.42498779296875,234470
2014-01-14,461.1048889160156,508.2749938964844,521.9749755859375,507.5,520.0,246986
2014-01-15,452.5544738769531,498.8500061035156,512.5,496.8999938964844,510.0,400156
2014-01-16,456.795654296875,503.5249938964844,506.8500061035156,492.75,502.5,239290
2014-01-17,450.2411804199219,496.29998779296875,510.4750061035156,495.0,505.25,218050
2014-01-20,449.2432556152344,495.20001220703125,498.95001220703125,491.79998779296875,496.0249938964844,164486
2014-01-21,441.6001281738281,486.7749938964844,499.25,485.5249938964844,498.0,275304
2014-01-22,447.1794128417969,492.92498779296875,495.82501220703125,481.5,489.5,523878
2014-01-23,448.8804016113281,494.79998779296875,499.95001220703125,491.7250061035156,493.70001220703125,378214
2014-01-24,439.15069580078125,484.07501220703125,493.3500061035156,482.5,492.0,289036
2014-01-27,428.5592346191406,472.3999938964844,479.5,466.54998779296875,479.5,462600
2014-01-28,421.2336730957031,464.32501220703125,476.95001220703125,461.6000061035156,474.0,263026
2014-01-29,422.11810302734375,465.29998779296875,473.92498779296875,461.70001220703125,461.70001220703125,184102
2014-01-30,418.12646484375,460.8999938964844,463.9750061035156,447.2749938964844,460.6499938964844,644364
2014-01-31,431.3941955566406,475.5249938964844,476.6000061035156,457.8999938964844,457.8999938964844,309686
2014-02-03,433.29937744140625,477.625,483.95001220703125,469.57501220703125,480.0,350490
2014-02-04,440.6929626464844,485.7749938964844,487.0,471.0,475.0,290238
2014-02-05,436.8373107910156,481.5249938964844,490.45001220703125,477.5,489.75,298644
2014-02-06,433.75286865234375,478.125,486.8500061035156,476.5,484.0,157730
2014-02-07,440.8063659667969,485.8999938964844,489.75,480.04998779296875,481.0,227138
2014-02-10,449.8329162597656,495.8500061035156,497.79998779296875,486.5,486.5,417140
2014-02-11,454.16485595703125,500.625,504.375,495.0,497.45001220703125,505892
2014-02-12,453.756591796875,500.17498779296875,506.92498779296875,495.54998779296875,504.5,356914
2014-02-13,452.6679382324219,498.9750061035156,506.5,495.29998779296875,505.0,854896
2014-02-14,463.9398498535156,511.3999938964844,513.4500122070312,498.0,500.0,323454
2014-02-17,461.8759460449219,509.125,513.8499755859375,503.5,510.0,316282
2014-02-18,463.4409484863281,510.8500061035156,518.0750122070312,505.57501220703125,510.0,254324
2014-02-19,463.7130432128906,511.1499938964844,518.0,509.6000061035156,512.9749755859375,223790
2014-02-20,464.16668701171875,511.6499938964844,514.6749877929688,507.79998779296875,510.0,648878
2014-02-21,467.79547119140625,515.6500244140625,519.0,512.5,516.0,128436
2014-02-24,473.1252136230469,521.5250244140625,523.5,512.1749877929688,518.0,118260
2014-02-25,472.3086853027344,520.625,524.5,515.0250244140625,523.0,152010
2014-02-26,478.5683898925781,527.5250244140625,530.9749755859375,518.2999877929688,523.4749755859375,335678
2014-02-28,481.1085510253906,530.3250122070312,534.0,524.0,526.9500122070312,142968
2014-03-03,472.7396240234375,521.0999755859375,531.5,516.0,531.5,208920
2014-03-04,476.39105224609375,525.125,527.5,515.5999755859375,519.0,178422
2014-03-05,486.2569274902344,536.0,537.1749877929688,520.0750122070312,520.0750122070312,295384
2014-03-06,487.1867370605469,537.0250244140625,542.4500122070312,532.875,536.9500122070312,319292
2014-03-07,483.9660949707031,533.4749755859375,540.9000244140625,528.25,537.5,218482
2014-03-10,496.07733154296875,546.8250122070312,549.5,530.5250244140625,535.0,256324
2014-03-11,500.998779296875,552.25,562.2000122070312,543.8499755859375,552.3499755859375,589782
2014-03-12,494.9659729003906,545.5999755859375,554.0,542.875,552.25,136158
2014-03-13,494.1041564941406,544.6500244140625,557.4249877929688,540.1500244140625,550.0,173476
2014-03-14,498.6854553222656,549.7000122070312,552.625,540.2249755859375,544.4500122070312,171166
2014-03-18,494.1947937011719,544.75,552.5,538.625,550.3250122070312,285048
2014-03-19,511.068603515625,563.3499755859375,567.9500122070312,545.0,546.9500122070312,529472
2014-03-20,502.8359069824219,554.2750244140625,565.0,550.5,563.0,336468
2014-03-21,500.02362060546875,551.1749877929688,568.0750122070312,548.5,553.5,540524
2014-03-24,518.0767211914062,571.0750122070312,576.6500244140625,555.0499877929688,557.0,537192
2014-03-25,512.4521484375,564.875,571.9749755859375,561.2750244140625,570.5,222312
2014-03-26,503.425537109375,554.9249877929688,566.9749755859375,553.3250122070312,564.5,265426
2014-03-27,504.3327331542969,555.9249877929688,569.25,551.4500122070312,552.5250244140625,383824
2014-03-28,511.18212890625,563.4749755859375,566.2000122070312,556.7249755859375,559.8499755859375,136186
2014-03-31,517.4189453125,570.3499755859375,579.4749755859375,558.1500244140625,567.5,354116
2014-04-01,512.6561889648438,565.0999755859375,573.5,563.0499877929688,573.5,123688
2014-04-02,507.2584533691406,559.1500244140625,573.0,556.5250244140625,573.0,141872
2014-04-03,509.1862487792969,561.2750244140625,570.0,555.5,560.0,265890
2014-04-04,497.8689270019531,548.7999877929688,565.0,545.0999755859375,562.3499755859375,157824
2014-04-07,492.17633056640625,542.5250244140625,552.9000244140625,539.0999755859375,549.5250244140625,275872
2014-04-09,498.5267639160156,549.5250244140625,554.0,536.0499877929688,548.5,254988
2014-04-10,491.51861572265625,541.7999877929688,554.4500122070312,540.5750122070312,550.8499755859375,144462
2014-04-11,485.372314453125,535.0250244140625,541.4500122070312,532.7750244140625,539.9500122070312,157598
2014-04-15,492.2669982910156,542.625,547.4000244140625,533.5750122070312,536.5,233342
2014-04-16,484.3971252441406,533.9500122070312,552.4500122070312,531.5750122070312,542.625,208870
2014-04-17,486.0300598144531,535.75,542.7999877929688,528.6500244140625,528.6500244140625,205470
2014-04-21,483.37646484375,532.8250122070312,545.0,531.0,532.5,251242
2014-04-22,478.81781005859375,527.7999877929688,539.9500122070312,526.3250122070312,534.5,311758
2014-04-23,496.6214599609375,547.4249877929688,549.5,525.9000244140625,528.5,618224
2014-04-24,496.6214599609375,547.4249877929688,547.4249877929688,547.4249877929688,547.4249877929688,0
2014-04-25,500.13690185546875,551.2999877929688,561.875,547.0250244140625,551.0,423566
2014-04-28,498.0049743652344,548.9500122070312,554.5,544.7750244140625,554.5,112706
2014-04-29,487.86712646484375,537.7750244140625,549.9749755859375,535.0,535.0499877929688,122308
2014-04-30,484.510498046875,534.0750122070312,547.0,530.4500122070312,544.0,340128
2014-05-02,464.3254089355469,511.82501220703125,527.5,501.0,527.5,601928
2014-05-05,458.6876220703125,502.3999938964844,511.5,500.0,511.5,328228
2014-05-06,457.61492919921875,501.2250061035156,504.95001220703125,499.0,500.32501220703125,269164
2014-05-07,466.197021484375,510.625,519.0750122070312,500.0,501.95001220703125,590688
2014-05-08,470.9217529296875,515.7999877929688,520.0,510.5,514.5,290010
2014-05-09,469.871826171875,514.6500244140625,519.5,510.5,510.6499938964844,116264
2014-05-12,474.6878662109375,519.9249877929688,527.5,511.82501220703125,514.2000122070312,544040
2014-05-13,469.0957336425781,513.7999877929688,528.875,512.0,520.0,378610
2014-05-14,461.7918395996094,505.79998779296875,515.9249877929688,501.29998779296875,515.9000244140625,320222
2014-05-15,467.2013244628906,511.7250061035156,512.5,505.875,507.54998779296875,347216
2014-05-16,478.61370849609375,524.2249755859375,547.25,513.0999755859375,513.5,593604
2014-05-19,496.8507080078125,544.2000122070312,550.5499877929688,514.4500122070312,524.0,622002
2014-05-20,500.5483703613281,548.25,564.5,545.1749877929688,551.2249755859375,415014
2014-05-21,498.1062316894531,545.5750122070312,558.0,539.2249755859375,557.4500122070312,267962
2014-05-22,531.2021484375,581.8250122070312,588.0,547.5,549.9500122070312,582858
2014-05-23,548.4348754882812,600.7000122070312,612.8499755859375,588.0,588.0,547744
2014-05-26,527.6642456054688,577.9500122070312,610.9749755859375,575.3250122070312,610.0,238354
2014-05-27,535.105224609375,586.0999755859375,596.9749755859375,566.25,587.5,384656
2014-05-28,533.3477172851562,584.1749877929688,591.0,580.0499877929688,591.0,147526
2014-05-29,519.3331909179688,568.8250122070312,586.7249755859375,565.0,584.5,253134
2014-05-30,528.4402465820312,578.7999877929688,585.5750122070312,570.0,570.0,376164
2014-06-02,530.8369750976562,581.4249877929688,593.3250122070312,575.4749755859375,584.9749755859375,356294
2014-06-03,525.7241821289062,575.8250122070312,590.4749755859375,574.0,575.6749877929688,137672
2014-06-04,526.0665283203125,576.2000122070312,584.4749755859375,568.5,577.5,252018
2014-06-05,539.5103149414062,590.9249877929688,595.5,576.8499755859375,577.5,843414
2014-06-06,564.8916015625,618.7249755859375,621.4500122070312,594.0,595.0,680194
2014-06-09,561.536376953125,615.0499877929688,646.4749755859375,606.4749755859375,625.0,676400
2014-06-10,572.926025390625,627.5250244140625,629.1500244140625,602.5250244140625,616.6500244140625,220736
2014-06-11,559.77880859375,613.125,638.5,610.0,630.5,258256
2014-06-12,569.3424682617188,623.5999755859375,627.4000244140625,612.5,619.5,242744
2014-06-13,545.4447631835938,597.4249877929688,632.5,595.0,632.5,253698
2014-06-16,545.5132446289062,597.5,602.0250244140625,580.0499877929688,597.5,171520
2014-06-17,552.7031860351562,605.375,609.0,597.0250244140625,602.5,198820
2014-06-18,549.91845703125,602.3250122070312,609.9000244140625,596.5,600.0,135638
2014-06-19,536.3833618164062,587.5,627.0,585.625,596.75,202052
2014-06-20,540.7430419921875,592.2750244140625,603.5,576.1749877929688,589.0,222562
2014-06-23,552.6346435546875,605.2999877929688,607.0,593.0,593.0,183730
2014-06-24,547.2935180664062,599.4500122070312,610.0,598.0,610.0,133866
2014-06-25,552.54345703125,605.2000122070312,609.7000122070312,597.0,599.4500122070312,125452
2014-06-26,560.4178466796875,613.8250122070312,616.0,596.125,606.0,244364
2014-06-27,565.78173828125,619.7000122070312,626.0,614.375,614.4500122070312,148084
2014-06-30,585.4796142578125,641.2750244140625,647.5,610.0,614.8499755859375,302634
2014-07-01,584.4067993164062,640.0999755859375,656.75,636.4249877929688,647.5,405436
2014-07-02,587.5565185546875,643.5499877929688,649.5,633.375,649.5,391486
2014-07-03,613.25732421875,671.7000122070312,681.4500122070312,637.5,645.1749877929688,594032
2014-07-04,605.2914428710938,662.9749755859375,675.9500122070312,657.3499755859375,673.0,475028
2014-07-07,604.697998046875,662.3250122070312,669.1500244140625,656.125,660.0,322782
2014-07-08,580.5037841796875,635.8250122070312,668.625,625.0,664.0,231264
2014-07-09,563.1796264648438,616.8499755859375,644.7000122070312,613.0250244140625,640.0,223728
2014-07-10,586.30126953125,642.1749877929688,655.0,607.8499755859375,617.9500122070312,468380
2014-07-11,572.9031982421875,627.5,657.5750122070312,624.25,650.0,260624
2014-07-14,567.0142822265625,621.0499877929688,637.2000122070312,606.5,634.9249877929688,204652
2014-07-15,569.0230102539062,623.25,645.0,617.5499877929688,627.4749755859375,330848
2014-07-16,582.124267578125,637.5999755859375,640.0,622.7750244140625,631.9249877929688,210038
2014-07-17,587.1458129882812,643.0999755859375,649.2750244140625,635.0750122070312,644.5,265968
2014-07-18,578.1757202148438,633.2750244140625,644.9500122070312,631.7000122070312,637.5,155558
2014-07-21,600.680908203125,657.9249877929688,662.5,632.5,635.0,619326
2014-07-22,609.9249267578125,668.0499877929688,670.0,662.5,662.5499877929688,404164
2014-07-23,604.8807983398438,662.5250244140625,668.6749877929688,650.6500244140625,667.5,128628
2014-07-24,601.6395263671875,658.9749755859375,672.0499877929688,655.1749877929688,664.0,150136
2014-07-25,590.5238647460938,646.7999877929688,662.0,642.7999877929688,657.5,165702
2014-07-28,574.432373046875,629.1749877929688,655.0,625.0,655.0,176848
2014-07-30,583.4480590820312,639.0499877929688,643.7750244140625,621.7999877929688,632.5250244140625,256600
2014-07-31,569.2966918945312,623.5499877929688,643.5,620.5,643.5,216920
2014-08-01,566.4664916992188,620.4500122070312,632.5250244140625,615.0499877929688,615.0499877929688,393768
2014-08-04,568.931640625,623.1500244140625,632.5,617.5,621.0,191276
2014-08-05,571.7619018554688,626.25,636.4749755859375,623.125,629.375,424694
2014-08-06,562.1068725585938,615.6749877929688,624.8499755859375,599.9749755859375,600.0,1228014
2014-08-07,551.8358154296875,604.4249877929688,617.5,602.0999755859375,617.5,323860
2014-08-08,535.9725341796875,587.0499877929688,601.5,585.7750244140625,601.5,230842
2014-08-11,538.5973510742188,589.9249877929688,596.9000244140625,587.0,588.0750122070312,372922
2014-08-12,551.676025390625,604.25,606.9500122070312,590.0750122070312,590.0750122070312,214492
2014-08-13,541.4505004882812,593.0499877929688,604.5,588.5,600.0,112420
2014-08-14,549.5533447265625,601.9249877929688,606.4500122070312,587.0999755859375,587.0999755859375,191174
2014-08-18,560.6005249023438,614.0250244140625,617.3499755859375,600.0,600.0,166354
2014-08-19,569.5021362304688,623.7750244140625,627.0,615.0,616.4249877929688,259576
2014-08-20,564.8687744140625,618.7000122070312,627.25,616.5499877929688,620.0250244140625,100604
2014-08-21,561.4906005859375,615.0,622.2750244140625,604.4749755859375,617.5,128254
2014-08-22,571.670654296875,626.1500244140625,631.0,611.7999877929688,616.0,129848
2014-08-25,578.3125610351562,633.4249877929688,644.9500122070312,626.0999755859375,629.9000244140625,389866
2014-08-26,572.6748657226562,627.25,639.3499755859375,620.5250244140625,633.5,160210
2014-08-27,573.9986572265625,628.7000122070312,634.5750122070312,626.5499877929688,627.5,163874
2014-08-28,583.4024658203125,639.0,644.0250244140625,625.5,631.0,344910
2014-09-01,590.2499389648438,646.5,654.5,641.0,641.0,397172
2014-09-02,587.077392578125,643.0250244140625,650.0,635.625,648.125,330742
2014-09-03,600.1787719726562,657.375,659.9500122070312,643.5,643.5,415408
2014-09-04,608.5553588867188,666.5499877929688,671.875,650.5499877929688,657.5,214716
2014-09-05,605.1317749023438,662.7999877929688,674.9500122070312,658.0499877929688,673.0,290940
2014-09-08,615.2887573242188,673.9249877929688,679.2000122070312,662.6500244140625,672.4000244140625,189940
2014-09-09,602.301513671875,659.7000122070312,673.5,656.8499755859375,673.5,189026
2014-09-10,599.197265625,656.2999877929688,663.4500122070312,652.0,662.0,451092
2014-09-11,598.48974609375,655.5250244140625,660.8250122070312,651.5,657.9500122070312,186154
2014-09-12,600.7721557617188,658.0250244140625,667.5,651.7750244140625,655.5250244140625,321246
2014-09-15,598.1929321289062,655.2000122070312,661.0,653.2000122070312,658.5,166764
2014-09-16,582.3753662109375,637.875,658.0,632.7750244140625,652.0,244670
2014-09-17,568.2696533203125,622.4249877929688,640.5,616.0,631.5,346874
2014-09-18,577.5364990234375,632.5750122070312,636.7000122070312,612.5499877929688,616.5,427690
2014-09-19,593.490966796875,650.0499877929688,652.5,628.0,628.0,289028
2014-09-22,594.8834228515625,651.5750122070312,657.5,635.25,652.4000244140625,196100
2014-09-23,582.6036376953125,638.125,651.9749755859375,636.75,650.0,232824
2014-09-24,579.02001953125,634.2000122070312,642.7000122070312,620.0,638.5,170854
2014-09-25,574.2041625976562,628.9249877929688,637.25,624.5,634.2999877929688,290574
2014-09-26,578.3809204101562,633.5,639.4500122070312,618.0,627.5,186738
2014-09-29,598.2842407226562,655.2999877929688,660.1500244140625,628.5250244140625,631.5,229762
2014-09-30,604.6524047851562,662.2750244140625,666.0,656.0,656.0,329078
2014-10-01,635.5343627929688,696.0999755859375,704.9500122070312,662.75,662.75,862972
2014-10-07,633.0921020507812,693.4249877929688,706.7000122070312,689.0,702.5,616650
2014-10-08,613.7824096679688,672.2750244140625,694.0,667.5,691.0,209528
2014-10-09,610.2901611328125,668.4500122070312,689.2999877929688,665.3250122070312,676.0,378826
2014-10-10,592.8976440429688,649.4000244140625,667.4500122070312,646.0,667.4500122070312,285834
2014-10-13,593.4225463867188,649.9749755859375,658.0,633.1500244140625,649.0,262484
2014-10-14,584.1785278320312,639.8499755859375,660.5,636.2750244140625,660.5,343886
2014-10-15,584.1785278320312,639.8499755859375,639.8499755859375,639.8499755859375,639.8499755859375,0
2014-10-16,559.5276489257812,612.8499755859375,643.4500122070312,606.5250244140625,637.5,192694
2014-10-17,552.9998168945312,605.7000122070312,624.2000122070312,603.3499755859375,613.8499755859375,462352
2014-10-20,554.2551879882812,607.0750122070312,619.2999877929688,601.875,612.0750122070312,296406
2014-10-21,569.0914306640625,623.3250122070312,625.9500122070312,607.5,607.75,417116
2014-10-22,569.6163330078125,623.9000244140625,632.4000244140625,621.0,629.5,297530
2014-10-27,564.5719604492188,618.375,633.2750244140625,616.0250244140625,633.2750244140625,178506
2014-10-28,566.9685668945312,621.0,629.0,618.0250244140625,620.0,160892
2014-10-29,577.9931030273438,633.0750122070312,639.5499877929688,620.5,623.0,285046
2014-10-30,573.3595581054688,628.0,634.9749755859375,623.5,633.0750122070312,172762
2014-10-31,581.1656494140625,636.5499877929688,647.5,630.0,630.0,297818
2014-11-03,585.0230102539062,640.7750244140625,645.0,635.0499877929688,638.5,180678
2014-11-05,581.5537109375,636.9749755859375,650.0,631.0250244140625,645.9000244140625,410866
2014-11-07,568.5892333984375,622.7750244140625,632.375,612.4000244140625,625.0,340374
2014-11-10,565.59912109375,619.5,629.8499755859375,617.0,625.0,180284
2014-11-11,573.0628662109375,627.6749877929688,629.8499755859375,617.5,620.5,201524
2014-11-12,569.4336547851562,623.7000122070312,634.0,618.5499877929688,628.0,203956
2014-11-13,582.763427734375,638.2999877929688,644.875,612.6749877929688,625.0,481890
2014-11-14,599.6766357421875,656.8250122070312,662.2000122070312,642.5999755859375,646.3499755859375,611012
2014-11-17,606.8892822265625,664.7249755859375,670.2750244140625,650.7000122070312,659.1749877929688,815892
2014-11-18,600.0189819335938,657.2000122070312,672.5,655.0,666.9749755859375,345740
2014-11-19,595.7051391601562,652.4749755859375,667.4500122070312,647.5,657.7000122070312,287902
2014-11-20,595.1116943359375,651.8250122070312,657.0750122070312,642.0250244140625,655.0,180350
2014-11-21,590.0901489257812,646.3250122070312,657.2750244140625,643.5,652.4000244140625,116068
2014-11-24,588.35546875,644.4249877929688,651.5750122070312,641.2999877929688,650.0,219080
2014-11-25,576.9886474609375,631.9749755859375,648.5,628.5,645.1749877929688,320344
2014-11-26,565.0513305664062,618.9000244140625,632.8499755859375,617.0250244140625,630.0,485540
2014-11-27,576.030029296875,630.9249877929688,634.75,619.5250244140625,625.0,251098
2014-11-28,571.122802734375,625.5499877929688,637.5,623.5,625.2000122070312,415792
2014-12-01,570.6205444335938,625.0,631.2000122070312,621.5250244140625,630.0,233288
2014-12-02,581.1428833007812,636.5250244140625,638.5,619.0,625.7000122070312,448298
2014-12-03,598.6038818359375,655.6500244140625,659.5,630.1500244140625,630.1500244140625,441130
2014-12-04,607.0718383789062,664.9249877929688,668.0,649.9249877929688,660.9500122070312,429898
2014-12-05,607.0946655273438,664.9500122070312,672.4500122070312,659.9749755859375,667.5250244140625,321296
2014-12-08,597.2115478515625,654.125,670.0250244140625,650.7000122070312,667.5,242908
2014-12-09,584.2013549804688,639.875,654.8499755859375,634.2999877929688,654.7000122070312,449108
2014-12-10,585.4110717773438,641.2000122070312,644.8499755859375,635.0499877929688,640.0,183126
2014-12-11,599.1287231445312,656.2249755859375,663.9749755859375,639.0,644.7000122070312,296930
2014-12-12,583.5851440429688,639.2000122070312,662.9500122070312,600.5,656.25,349466
2014-12-15,589.0402221679688,645.1749877929688,649.5,632.875,635.7999877929688,115156
2014-12-16,579.5451049804688,634.7750244140625,652.4500122070312,626.2750244140625,640.0,621726
2014-12-17,575.64208984375,630.5,637.1500244140625,621.7249755859375,634.5,325604
2014-12-18,582.169921875,637.6500244140625,644.25,625.0,635.0,559218
2014-12-19,581.64501953125,637.0750122070312,653.5,632.5,640.0,355080
2014-12-22,585.3426513671875,641.125,646.9749755859375,638.0750122070312,639.0,170530
2014-12-23,592.6922607421875,649.1749877929688,656.2000122070312,640.5250244140625,640.5250244140625,281344
2014-12-24,582.0330200195312,637.5,649.5,633.125,645.0250244140625,496840
2014-12-26,584.0643920898438,639.7249755859375,644.2249755859375,635.0,635.0,214054
2014-12-29,596.4127807617188,653.25,655.2249755859375,637.0,637.0,314736
2014-12-30,594.5867309570312,651.25,657.7750244140625,646.5,653.9749755859375,180742
2014-12-31,596.572509765625,653.4249877929688,659.9749755859375,649.0750122070312,651.9749755859375,207484
2015-01-01,592.4638671875,648.9249877929688,656.7000122070312,645.0,652.75,94416
2015-01-02,602.7122802734375,660.1500244140625,667.5,650.0,650.0,397810
2015-01-05,604.538330078125,662.1500244140625,676.25,659.7249755859375,664.5,425966
2015-01-06,582.2611694335938,637.75,661.3499755859375,632.6500244140625,658.0,277222
2015-01-07,584.7264404296875,640.4500122070312,649.5,630.25,640.0,339332
2015-01-08,603.9677124023438,661.5250244140625,663.9749755859375,644.0250244140625,649.125,373992
2015-01-09,619.4200439453125,678.4500122070312,685.2750244140625,655.0499877929688,666.9500122070312,573142
2015-01-12,627.34033203125,687.125,692.5,683.0499877929688,683.0499877929688,708326
2015-01-13,636.5387573242188,697.2000122070312,702.5250244140625,679.9000244140625,690.0,387412
2015-01-14,645.2805786132812,706.7750244140625,715.5,686.5,698.25,328866
2015-01-15,648.5674438476562,710.375,714.9000244140625,700.5,712.5499877929688,468552
2015-01-16,655.6429443359375,718.125,723.5,703.0999755859375,707.9749755859375,429992
2015-01-19,660.801513671875,723.7750244140625,728.9749755859375,714.375,725.0,512220
2015-01-20,654.5247192382812,716.9000244140625,727.4249877929688,712.5,725.5,328108
2015-01-21,675.865966796875,740.2750244140625,746.4500122070312,711.6500244140625,719.4000244140625,404208
2015-01-22,670.2738037109375,734.1500244140625,748.0,731.0,741.0,383060
2015-01-23,662.1253662109375,725.2249755859375,739.9500122070312,722.5499877929688,738.5,291836
2015-01-27,657.4005126953125,720.0499877929688,731.0,715.0499877929688,725.2999877929688,313052
2015-01-28,658.4733276367188,721.2249755859375,736.0,715.9500122070312,720.0,389464
2015-01-29,666.9185180664062,730.4749755859375,736.0499877929688,718.3250122070312,720.0,304470
2015-01-30,649.6173706054688,711.5250244140625,735.0,707.625,732.5,179068
2015-02-02,633.6856079101562,694.0750122070312,711.5,690.0499877929688,711.5,279024
2015-02-03,627.4315795898438,687.2249755859375,701.6500244140625,682.5,696.5,249998
2015-02-04,621.8394165039062,681.0999755859375,698.9500122070312,673.2249755859375,689.5,180740
2015-02-05,621.15478515625,680.3499755859375,694.8499755859375,672.7000122070312,681.0,263026
2015-02-06,621.70263671875,680.9500122070312,685.5,669.2000122070312,684.9249877929688,349022
2015-02-09,607.3228759765625,665.2000122070312,682.0750122070312,659.0,681.0,218030
2015-02-10,604.0589599609375,661.625,671.5,648.5750122070312,660.125,252438
2015-02-11,589.2683715820312,645.4249877929688,665.0,640.0499877929688,664.9500122070312,404194
2015-02-12,571.2597045898438,625.7000122070312,646.75,619.0,626.5,1386688
2015-02-13,573.6334228515625,628.2999877929688,636.0,625.0750122070312,630.5,451508
2015-02-16,587.214111328125,643.1749877929688,651.75,630.0,631.9000244140625,519454
2015-02-18,586.6664428710938,642.5750122070312,657.3250122070312,638.0499877929688,647.0,426822
2015-02-19,584.361083984375,640.0499877929688,650.0,635.125,649.75,258518
2015-02-20,593.490966796875,650.0499877929688,658.3499755859375,647.5,655.0,427016
2015-02-23,581.1885375976562,636.5750122070312,655.0,632.75,652.5,288224
2015-02-24,568.7490234375,622.9500122070312,638.5,620.9500122070312,637.5,424874
2015-02-25,567.4022216796875,621.4749755859375,632.9500122070312,620.0,623.5,336278
2015-02-26,550.2380981445312,602.6749877929688,623.5,600.125,623.5,642240
2015-02-27,559.2766723632812,612.5750122070312,619.5,598.0,604.5,680414
2015-03-02,582.3070068359375,637.7999877929688,648.375,629.0499877929688,648.375,447324
2015-03-03,576.0985107421875,631.0,642.5,629.5,639.9749755859375,437400
2015-03-04,562.9287109375,616.5750122070312,637.5,613.3250122070312,634.0,267088
2015-03-05,563.7274780273438,617.4500122070312,622.7000122070312,612.5,618.5,351702
2015-03-09,561.3765869140625,614.875,629.0,612.5,615.5250244140625,280286
2015-03-10,559.048583984375,612.3250122070312,622.2000122070312,607.5,615.7000122070312,199878
2015-03-11,557.99853515625,611.1749877929688,617.9500122070312,603.7249755859375,613.5499877929688,197694
2015-03-12,558.5918579101562,611.8250122070312,616.9249877929688,606.5499877929688,610.5,148724
2015-03-13,528.3717041015625,578.7249755859375,612.75,574.7249755859375,612.5,775108
2015-03-16,536.6344604492188,587.7750244140625,590.75,576.0499877929688,584.0,298120
2015-03-17,539.7614135742188,591.2000122070312,599.4500122070312,582.6500244140625,591.0499877929688,630846
2015-03-18,543.0025024414062,594.75,602.0,590.9500122070312,594.5,450386
2015-03-19,532.70849609375,583.4749755859375,598.5,581.2249755859375,598.0,309864
2015-03-20,533.4617919921875,584.2999877929688,592.875,571.625,584.0,410120
2015-03-23,529.1707763671875,579.5999755859375,589.1500244140625,574.0,586.5,262828
2015-03-24,531.1793823242188,581.7999877929688,589.6500244140625,573.4500122070312,579.5,408504
2015-03-25,526.8652954101562,577.0750122070312,585.9249877929688,573.9500122070312,584.9749755859375,331166
2015-03-26,511.2076416015625,559.9249877929688,577.5,555.0,577.5,722024
2015-03-27,492.7879333496094,539.75,565.0,534.0,560.1500244140625,1166150
2015-03-30,491.6238708496094,538.4749755859375,547.5,531.2000122070312,546.2750244140625,937686
2015-03-31,497.9691467285156,545.4249877929688,557.2750244140625,542.9749755859375,545.875,816426
2015-04-01,499.7266845703125,547.3499755859375,552.4500122070312,542.5,547.5,274332
2015-04-06,516.890869140625,566.1500244140625,568.9500122070312,547.0,547.0,532498
2015-04-07,516.8682250976562,566.125,573.3250122070312,559.5,572.5,309828
2015-04-08,515.2703857421875,564.375,570.0,560.0250244140625,569.5,234660
2015-04-09,529.6729125976562,580.1500244140625,582.9500122070312,564.0,569.5,603644
2015-04-10,528.5999755859375,578.9749755859375,583.0,569.0499877929688,581.0,396472
2015-04-13,529.490234375,579.9500122070312,589.2000122070312,577.5250244140625,580.5,256892
2015-04-15,523.8753051757812,573.7999877929688,586.2750244140625,570.5,584.625,279400
2015-04-16,518.3973388671875,567.7999877929688,577.4500122070312,563.0,573.5,334600
2015-04-17,502.00921630859375,549.8499755859375,570.0250244140625,547.5,567.5499877929688,344128
2015-04-20,482.8135070800781,528.8250122070312,552.4749755859375,525.0,552.4749755859375,589000
2015-04-21,460.9701843261719,504.8999938964844,533.0,502.5,529.0,1121262
2015-04-22,457.52362060546875,501.125,514.2750244140625,487.5,506.20001220703125,965966
2015-04-23,465.92315673828125,510.32501220703125,522.3250122070312,505.0,505.0,791702
2015-04-24,463.7547302246094,507.95001220703125,513.5,501.0,512.5,759562
2015-04-27,460.1256103515625,503.9750061035156,513.5,496.0,509.125,829462
2015-04-28,464.80474853515625,509.1000061035156,517.0,497.8999938964844,505.0,419202
2015-04-29,465.0101623535156,509.32501220703125,516.0,502.0,507.67498779296875,234122
2015-04-30,465.26116943359375,509.6000061035156,513.9000244140625,503.5,507.0,703946
2015-05-04,470.8076171875,515.6749877929688,527.4000244140625,510.20001220703125,512.4749755859375,337638
2015-05-05,486.282958984375,532.625,535.5,515.6749877929688,515.7750244140625,519530
2015-05-06,475.0987243652344,520.375,533.2249755859375,505.82501220703125,530.5999755859375,730358
2015-05-07,472.9303283691406,518.0,522.5,508.5,520.5,492426
2015-05-08,477.26702880859375,522.75,527.5,518.1500244140625,521.5,338812
2015-05-11,479.9831848144531,525.7249755859375,529.9000244140625,518.5250244140625,525.6500244140625,267206
2015-05-12,478.5909118652344,524.2000122070312,537.4500122070312,517.0,524.0499877929688,605220
2015-05-13,483.7265319824219,529.8250122070312,532.4000244140625,519.0,524.9749755859375,277544
2015-05-14,487.7208557128906,534.2000122070312,539.3250122070312,522.5,534.0,217444
2015-05-15,483.0645446777344,529.0999755859375,540.0,527.5499877929688,532.5499877929688,222724
2015-05-18,485.75787353515625,532.0499877929688,535.9500122070312,526.0,529.0,301416
2015-05-19,506.8707580566406,555.1749877929688,559.9500122070312,529.0,536.0,619684
2015-05-20,501.8951110839844,549.7249755859375,565.75,546.6749877929688,561.8499755859375,475306
2015-05-21,511.57275390625,560.3250122070312,564.0,547.5,551.5,378106
2015-05-22,511.3443908691406,560.0750122070312,567.2000122070312,556.5,563.0,471520
2015-05-25,508.1034851074219,556.5250244140625,562.7750244140625,551.8499755859375,559.9749755859375,303664
2015-05-26,490.1402282714844,536.8499755859375,558.4500122070312,530.5,556.5750122070312,458738
2015-05-27,474.2313537597656,519.4249877929688,534.9500122070312,514.2750244140625,534.9500122070312,808218
2015-05-28,480.8962097167969,526.7249755859375,532.9249877929688,510.1000061035156,524.9249877929688,1967880
2015-05-29,488.8848876953125,535.4749755859375,539.2750244140625,523.0,525.0,670404
2015-06-01,482.5852966308594,528.5750122070312,534.5,522.7249755859375,534.4500122070312,248166
2015-06-02,472.4510498046875,517.4749755859375,528.9749755859375,512.0,528.5750122070312,588298
2015-06-03,468.3653869628906,513.0,520.5999755859375,502.1499938964844,515.9500122070312,473858
2015-06-04,470.4653015136719,515.2999877929688,520.2750244140625,510.67498779296875,513.0,437796
2015-06-05,457.52362060546875,501.125,522.8499755859375,498.32501220703125,515.0,405844
2015-06-08,453.4151611328125,496.625,506.17498779296875,487.54998779296875,503.9750061035156,601338
2015-06-09,446.54486083984375,489.1000061035156,495.5,471.125,495.5,597658
2015-06-10,453.483642578125,496.70001220703125,502.5,488.17498779296875,490.0,354406
2015-06-11,454.1911926269531,497.4750061035156,507.0,491.5,501.95001220703125,264790
2015-06-12,452.9358215332031,496.1000061035156,501.0,487.6000061035156,497.5,338582
2015-06-15,468.3197326660156,512.9500122070312,519.4500122070312,493.5249938964844,503.45001220703125,433054
2015-06-16,464.4395446777344,508.70001220703125,519.25,504.5,519.0499877929688,349076
2015-06-17,460.9701843261719,504.8999938964844,514.9500122070312,502.7250061035156,510.8500061035156,490132
2015-06-18,457.52362060546875,501.125,510.95001220703125,499.20001220703125,505.6000061035156,452900
2015-06-19,466.79046630859375,511.2749938964844,515.3499755859375,500.0,507.4750061035156,513956
2015-06-22,474.7791748046875,520.0250244140625,524.7000122070312,513.0250244140625,515.0,719234
2015-06-23,477.6550598144531,523.1749877929688,526.5499877929688,519.0,524.0,297956
2015-06-24,472.61083984375,517.6500244140625,526.5,511.0,526.5,430562
2015-06-25,478.84197998046875,524.4749755859375,528.0,515.0,517.8250122070312,429806
2015-06-26,476.76495361328125,522.2000122070312,526.0,517.5,521.8499755859375,167282
2015-06-29,469.3012390136719,514.0250244140625,520.0,494.0249938964844,515.5,308170
2015-06-30,482.8363037109375,528.8499755859375,533.75,512.5,513.3499755859375,421234
2015-07-01,486.5111083984375,532.875,535.7249755859375,523.0,525.0,411218
2015-07-02,489.6153259277344,536.2750244140625,540.0,531.0999755859375,533.0,267600
2015-07-03,494.6367492675781,541.7750244140625,544.5,533.5250244140625,539.2000122070312,399972
2015-07-06,518.351806640625,567.75,572.5,531.4500122070312,538.5,597642
2015-07-07,528.2805786132812,578.625,585.5,570.9500122070312,570.9500122070312,993090
2015-07-08,524.4002685546875,574.375,579.0,563.0999755859375,575.25,428292
2015-07-09,528.7825927734375,579.1749877929688,586.75,565.4500122070312,570.5,360894
2015-07-10,528.3262329101562,578.6749877929688,585.5999755859375,570.0250244140625,584.6500244140625,313340
2015-07-13,539.8756713867188,591.3250122070312,593.2750244140625,572.0499877929688,581.4500122070312,325338
2015-07-14,535.6301879882812,586.6749877929688,597.6500244140625,583.0,594.5,318494
2015-07-15,545.8785400390625,597.9000244140625,599.5,586.0,587.0,315218
2015-07-16,546.85986328125,598.9749755859375,602.7999877929688,592.5,597.5,208790
2015-07-17,552.9085083007812,605.5999755859375,610.0,591.5250244140625,600.9000244140625,267336
2015-07-20,548.4795532226562,597.5250244140625,606.7750244140625,595.0,605.75,206034
2015-07-21,538.0152587890625,586.125,599.75,580.0,598.0,151274
2015-07-22,523.5350952148438,570.3499755859375,582.0,566.5,582.0,339830
2015-07-23,531.0620727539062,578.5499877929688,584.5,570.0,572.0,402392
2015-07-24,531.70458984375,579.25,583.0999755859375,572.9000244140625,580.0,394026
2015-07-27,528.446044921875,575.7000122070312,581.0,568.3250122070312,579.25,304762
2015-07-28,512.3825073242188,558.2000122070312,578.75,556.3250122070312,575.7000122070312,364252
2015-07-29,516.3524780273438,562.5250244140625,566.9000244140625,552.5,558.2000122070312,807362
2015-07-30,545.542236328125,594.3250122070312,604.0,567.5,567.5,552408
2015-07-31,550.9349975585938,600.2000122070312,607.5,587.0750122070312,596.4249877929688,284980
2015-08-03,556.0064086914062,605.7249755859375,616.5,601.1749877929688,601.75,363406
2015-08-04,561.9041137695312,612.1500244140625,615.0,598.2750244140625,609.0,252802
2015-08-05,565.9660034179688,616.5750122070312,622.0,607.8250122070312,615.9500122070312,794520
2015-08-06,536.8677978515625,584.875,612.5,580.0,612.5,1240632
2015-08-07,544.1194458007812,592.7750244140625,595.0,583.0,587.5,591570
2015-08-10,545.1980590820312,593.9500122070312,602.4500122070312,591.0,597.5,308214
2015-08-11,541.9852905273438,590.4500122070312,596.4500122070312,576.5499877929688,596.4500122070312,305128
2015-08-12,527.9411010742188,575.1500244140625,589.5,571.5,589.5,342740
2015-08-13,528.4918823242188,575.75,584.2249755859375,573.25,577.0999755859375,289908
2015-08-14,533.7929077148438,581.5250244140625,588.5,575.5,582.5,226668
2015-08-17,539.7134399414062,587.9749755859375,596.2999877929688,585.0,590.0499877929688,204912
2015-08-18,541.2509765625,589.6500244140625,593.5,585.5,588.0999755859375,163944
2015-08-19,541.4345092773438,589.8499755859375,600.5,584.0,589.5,186286
2015-08-20,519.450439453125,565.9000244140625,591.0750122070312,561.5499877929688,590.0,630080
2015-08-21,517.4080200195312,563.6749877929688,573.5,543.4500122070312,555.0,383338
2015-08-24,467.9092712402344,509.75,551.0499877929688,501.04998779296875,550.5,585782
2015-08-25,465.56854248046875,507.20001220703125,520.4749755859375,487.5249938964844,520.4749755859375,463208
2015-08-26,477.4785461425781,520.1749877929688,528.0,499.5,507.5,275550
2015-08-27,512.3135375976562,558.125,587.0,520.5999755859375,521.0999755859375,677230
2015-08-28,493.2897644042969,537.4000244140625,571.0,533.5,559.5,581794
2015-08-31,492.2798767089844,536.2999877929688,545.5,528.2999877929688,537.5,183738
2015-09-01,495.21734619140625,539.5,544.0,528.75,532.5,209664
2015-09-02,482.2746887207031,525.4000244140625,545.5750122070312,517.125,542.5,407740
2015-09-03,472.3382263183594,514.5750122070312,528.7999877929688,512.75,523.5,303750
2015-09-04,475.1837158203125,517.6749877929688,520.4749755859375,501.0,514.5750122070312,283460
2015-09-07,460.0840148925781,501.2250061035156,519.9000244140625,498.0,519.9000244140625,221110
2015-09-08,464.7654113769531,506.32501220703125,511.20001220703125,493.0,501.0,213492
2015-09-09,469.4007873535156,511.375,524.0,507.625,512.5,302140
2015-09-10,469.8827209472656,511.8999938964844,513.375,499.0249938964844,509.0,154978
2015-09-11,471.1219482421875,513.25,518.9249877929688,502.5,514.5,360554
2015-09-14,487.3002624511719,530.875,540.0,514.125,514.25,683744
2015-09-15,504.7178039550781,549.8499755859375,553.3499755859375,524.0250244140625,537.5,580054
2015-09-16,513.5986328125,559.5250244140625,565.8499755859375,552.5,552.5,703216
2015-09-18,523.4891967773438,570.2999877929688,573.9000244140625,561.0,561.0,336396
2015-09-21,526.4496459960938,573.5250244140625,578.9500122070312,562.9249877929688,565.0,237290
2015-09-22,518.2570190429688,564.5999755859375,577.0,561.0,575.5,640202
2015-09-23,509.3760681152344,554.9249877929688,558.25,540.0,555.0,562316
2015-09-24,515.7328491210938,561.8499755859375,571.5,547.7999877929688,556.0,662000
2015-09-28,507.83868408203125,553.25,576.125,550.0,562.5,331154
2015-09-29,490.23760986328125,534.0750122070312,554.6500244140625,529.0,554.6500244140625,422240
2015-09-30,494.8731384277344,539.125,544.0499877929688,525.0,525.0,445008
2015-10-01,485.625,529.0499877929688,547.5,526.3499755859375,543.5999755859375,271754
2015-10-05,493.6339416503906,537.7750244140625,546.9500122070312,531.4500122070312,533.8250122070312,533216
2015-10-06,504.37353515625,549.4749755859375,551.5,541.0250244140625,546.5,379928
2015-10-07,504.6260070800781,549.75,562.6500244140625,546.0,550.7999877929688,230255
2015-10-08,507.425537109375,552.7999877929688,559.2999877929688,546.5,548.9500122070312,144946
2015-10-09,500.3117370605469,545.0499877929688,558.7999877929688,539.3499755859375,555.0,155661
2015-10-12,491.8210144042969,535.7999877929688,551.0,533.0999755859375,543.0,325966
2015-10-13,481.95343017578125,525.0499877929688,541.7999877929688,523.0,540.0,253407
2015-10-14,491.9587097167969,535.9500122070312,540.0,519.4500122070312,521.0,254399
2015-10-15,483.55975341796875,526.7999877929688,542.5,525.0499877929688,537.0,271339
2015-10-16,485.7168884277344,529.1500244140625,535.8499755859375,521.5,528.0,261495
2015-10-19,481.7697448730469,524.8499755859375,530.8499755859375,522.5499877929688,530.0,239879
2015-10-20,483.46795654296875,526.7000122070312,531.5,523.0999755859375,526.0,529068
2015-10-21,482.6877136230469,525.8499755859375,538.2000122070312,522.6500244140625,528.0,740034
2015-10-23,482.6877136230469,525.8499755859375,530.5,524.2000122070312,526.5999755859375,343193
2015-10-26,476.9507141113281,519.5999755859375,529.0,515.0,528.0,337179
2015-10-27,480.9437255859375,523.9500122070312,525.0,516.0,519.0,167979
2015-10-28,482.550048828125,525.7000122070312,532.4000244140625,521.2999877929688,523.9500122070312,330920
2015-10-29,462.4476013183594,503.79998779296875,527.9500122070312,499.0,524.5499877929688,917437
2015-10-30,461.6673889160156,502.95001220703125,509.8999938964844,497.29998779296875,507.6000061035156,598289
2015-11-02,462.2181396484375,503.54998779296875,511.8999938964844,485.5,502.0,644756
2015-11-03,453.0389099121094,493.54998779296875,509.5,490.6000061035156,508.0,570450
2015-11-04,444.45635986328125,484.20001220703125,497.0,481.0,495.6000061035156,596137
2015-11-05,426.5111083984375,464.6499938964844,479.0,461.54998779296875,467.0,1676447
2015-11-06,427.7961730957031,466.04998779296875,472.5,462.04998779296875,470.0,237080
2015-11-09,444.45635986328125,484.20001220703125,488.0,456.6499938964844,463.5,484833
2015-11-10,431.880859375,470.5,489.0,465.70001220703125,488.0,330366
2015-11-13,433.30364990234375,472.04998779296875,477.3999938964844,465.0,477.3999938964844,228633
2015-11-16,433.9002990722656,472.70001220703125,474.5,463.0,471.0,228377
2015-11-17,433.53314208984375,472.29998779296875,478.0,467.04998779296875,478.0,237760
2015-11-18,437.3424987792969,476.45001220703125,479.3999938964844,466.3999938964844,471.95001220703125,397732
2015-11-19,439.0406494140625,478.29998779296875,482.95001220703125,474.45001220703125,479.95001220703125,268281
2015-11-20,451.8915100097656,492.29998779296875,493.70001220703125,480.04998779296875,480.04998779296875,276081
2015-11-23,447.9903564453125,488.04998779296875,499.8999938964844,485.04998779296875,495.25,303931
2015-11-24,446.2922668457031,486.20001220703125,494.8999938964844,471.8999938964844,488.04998779296875,586395
2015-11-26,471.5350036621094,513.7000122070312,532.4000244140625,478.0,479.0,2088574
2015-11-27,455.7008972167969,496.45001220703125,507.8500061035156,492.5,507.8500061035156,520919
2015-11-30,458.50054931640625,499.5,505.5,488.1000061035156,488.20001220703125,369457
2015-12-01,445.6037902832031,485.45001220703125,502.0,483.0,502.0,635879
2015-12-02,441.0141906738281,480.45001220703125,489.5,476.0,488.8500061035156,626928
2015-12-03,440.3257751464844,479.70001220703125,482.25,476.45001220703125,478.0,323762
2015-12-04,443.9515075683594,483.6499938964844,487.8500061035156,477.29998779296875,478.0,275783
2015-12-07,445.69561767578125,485.54998779296875,493.8999938964844,484.0,489.75,364046
2015-12-08,454.18634033203125,494.79998779296875,497.0,482.0,483.0,465726
2015-12-09,440.50933837890625,479.8999938964844,499.3999938964844,473.79998779296875,498.0,954723
2015-12-10,434.45111083984375,473.29998779296875,479.95001220703125,470.6000061035156,479.95001220703125,1448932
2015-12-11,430.77935791015625,469.29998779296875,475.0,464.6000061035156,473.25,279885
2015-12-14,433.6249694824219,472.3999938964844,474.0,464.1499938964844,465.0,301553
2015-12-15,445.46612548828125,485.29998779296875,488.70001220703125,474.5,474.5,435602
2015-12-16,440.0503845214844,479.3999938964844,488.95001220703125,475.29998779296875,487.0,430307
2015-12-17,457.8580322265625,498.79998779296875,503.0,480.79998779296875,482.70001220703125,368557
2015-12-18,449.7802734375,490.0,496.95001220703125,482.75,496.95001220703125,159659
2015-12-21,445.925048828125,485.79998779296875,492.0,484.0,490.20001220703125,300701
2015-12-22,453.5437927246094,494.1000061035156,497.70001220703125,486.0,486.0,218076
2015-12-23,457.9498291015625,498.8999938964844,502.70001220703125,495.0,495.8999938964844,324864
2015-12-24,454.3699035644531,495.0,512.8499755859375,493.0,500.0,611935
2015-12-28,464.78826904296875,506.3500061035156,510.95001220703125,493.0,497.70001220703125,544973
2015-12-29,466.9454345703125,508.70001220703125,515.9500122070312,506.20001220703125,509.29998779296875,519276
2015-12-30,463.6867980957031,505.1499938964844,512.5,503.1000061035156,509.20001220703125,245519
2015-12-31,479.1077880859375,521.9500122070312,524.7999877929688,505.95001220703125,507.6000061035156,1257098
2016-01-01,473.4626159667969,515.7999877929688,519.0,513.0,519.0,184898
2016-01-04,467.63385009765625,509.45001220703125,518.0499877929688,504.0,514.2999877929688,180961
2016-01-05,459.69384765625,500.79998779296875,513.75,498.6499938964844,511.0,240211
2016-01-06,458.8218078613281,499.8500061035156,505.0,489.1000061035156,500.8999938964844,430687
2016-01-07,455.97625732421875,496.75,503.5,490.8500061035156,498.1000061035156,329606
2016-01-08,448.9542236328125,489.1000061035156,502.29998779296875,486.6000061035156,497.5,378667
2016-01-11,446.7970886230469,486.75,491.8999938964844,475.0,480.0,179339
2016-01-12,447.3937072753906,487.3999938964844,490.6499938964844,478.95001220703125,487.0,156667
2016-01-13,440.8305969238281,480.25,495.95001220703125,477.75,488.3999938964844,378099
2016-01-14,428.071533203125,466.3500061035156,477.1000061035156,461.0,477.1000061035156,590358
2016-01-15,423.2065124511719,461.04998779296875,474.70001220703125,457.0,469.79998779296875,321873
2016-01-18,422.47222900390625,460.25,468.8999938964844,446.5,468.8999938964844,423764
2016-01-19,427.199462890625,465.3999938964844,467.3999938964844,457.3999938964844,457.3999938964844,234160
2016-01-20,414.853515625,451.95001220703125,465.3999938964844,448.1000061035156,452.0,372755
2016-01-21,411.9161376953125,448.75,460.0,438.0,455.0,246351
2016-01-22,433.25775146484375,472.0,476.0,450.0,455.5,316593
2016-01-25,437.204833984375,476.29998779296875,506.75,470.79998779296875,474.0,836437
2016-01-27,441.10601806640625,480.54998779296875,487.8999938964844,468.75,483.3999938964844,767898
2016-01-28,439.4537658691406,478.75,486.29998779296875,473.54998779296875,482.0,464549
2016-01-29,437.296630859375,476.3999938964844,483.5,470.45001220703125,479.5,705364
2016-02-01,429.8614501953125,468.29998779296875,484.0,463.0,483.0,527514
2016-02-02,416.68939208984375,453.95001220703125,469.6499938964844,452.1000061035156,468.0,368882
2016-02-03,415.6336975097656,452.79998779296875,460.0,446.45001220703125,454.95001220703125,204590
2016-02-04,427.5666809082031,465.79998779296875,470.0,455.0,456.0,339417
2016-02-05,443.5384521484375,483.20001220703125,491.1000061035156,460.25,467.20001220703125,356737
2016-02-08,449.0459899902344,489.20001220703125,495.70001220703125,478.04998779296875,480.0,421524
2016-02-09,442.2074890136719,481.75,483.8999938964844,470.1000061035156,470.1000061035156,200756
2016-02-10,447.2560729980469,487.25,497.0,457.1000061035156,483.0,730551
2016-02-11,441.06005859375,480.5,501.0,464.0,492.3999938964844,1286016
2016-02-12,423.2983093261719,461.1499938964844,481.79998779296875,452.45001220703125,481.79998779296875,339939
2016-02-15,443.12542724609375,482.75,489.0,468.25,468.95001220703125,316092
2016-02-16,430.77935791015625,469.29998779296875,496.95001220703125,462.0,485.04998779296875,279269
2016-02-17,428.301025390625,466.6000061035156,469.0,454.75,464.3500061035156,253776
2016-02-18,433.0282287597656,471.75,479.25,468.75,472.0,178680
2016-02-19,445.83331298828125,485.70001220703125,488.45001220703125,471.0,474.0,269897
2016-02-22,449.22955322265625,489.3999938964844,500.0,486.25,488.0,410230
2016-02-23,434.6346435546875,473.5,491.8999938964844,468.1000061035156,490.0,329095
2016-02-24,424.81298828125,462.79998779296875,471.75,459.5,468.0,462870
2016-02-25,425.9602966308594,464.04998779296875,469.20001220703125,453.70001220703125,465.0,881220
2016-02-26,424.3998107910156,462.3500061035156,471.0,461.0,467.95001220703125,128112
2016-02-29,418.24981689453125,455.6499938964844,467.79998779296875,452.3500061035156,464.6499938964844,281038
2016-03-01,426.41925048828125,464.54998779296875,468.54998779296875,457.29998779296875,457.29998779296875,258568
2016-03-02,434.17572021484375,473.0,482.8999938964844,468.5,468.5,421795
2016-03-03,452.4881896972656,492.95001220703125,496.0,473.0,477.0,388684
2016-03-04,450.65234375,490.95001220703125,504.8999938964844,488.1000061035156,499.45001220703125,426305
2016-03-08,442.9877014160156,482.6000061035156,490.0,477.04998779296875,484.0,300697
2016-03-09,450.6064453125,490.8999938964844,492.5,476.5,478.25,257826
2016-03-10,444.5481872558594,484.29998779296875,495.0,480.70001220703125,495.0,211745
2016-03-11,453.1307067871094,493.6499938964844,496.0,481.0,484.04998779296875,269192
2016-03-14,458.0415954589844,499.0,503.0,494.3500061035156,499.0,236480
2016-03-15,449.45904541015625,489.6499938964844,499.0,486.0,499.0,328433
2016-03-16,449.0459899902344,489.20001220703125,492.0,479.5,489.0,174951
2016-03-17,445.83331298828125,485.70001220703125,495.3500061035156,481.3999938964844,493.6499938964844,243159
2016-03-18,448.9542236328125,489.1000061035156,491.20001220703125,480.5,485.8999938964844,144815
2016-03-21,457.9956970214844,498.95001220703125,501.8999938964844,487.0,491.95001220703125,199241
2016-03-22,462.9524841308594,504.3500061035156,507.0,492.75,497.5,337519
2016-03-23,466.8077392578125,508.54998779296875,515.0,502.1499938964844,502.1499938964844,432287
2016-03-28,455.471435546875,496.20001220703125,511.6499938964844,494.6000061035156,511.6499938964844,255427
2016-03-29,460.97894287109375,502.20001220703125,506.0,496.54998779296875,499.5,316768
2016-03-30,462.9524841308594,504.3500061035156,515.0,502.25,509.95001220703125,320467
2016-03-31,466.8536376953125,508.6000061035156,512.0,498.04998779296875,509.5,464285
2016-04-01,463.13604736328125,504.54998779296875,515.0,502.3999938964844,507.5,495448
2016-04-04,479.7962341308594,522.7000122070312,524.8499755859375,503.1000061035156,507.70001220703125,1325203
2016-04-05,469.3778991699219,511.3500061035156,531.7999877929688,505.5,524.7999877929688,1057013
2016-04-06,472.13165283203125,514.3499755859375,520.5999755859375,512.0999755859375,514.3499755859375,336153
2016-04-07,480.11749267578125,523.0499877929688,525.0,509.25,517.7000122070312,606256
2016-04-08,485.12017822265625,528.5,531.75,518.75,522.0,392955
2016-04-11,491.3161315917969,535.25,538.7999877929688,531.2999877929688,532.6500244140625,563478
2016-04-12,490.94903564453125,534.8499755859375,539.5,530.4000244140625,534.7000122070312,582467
2016-04-13,500.2658996582031,545.0,548.0,535.5,535.5,487790
2016-04-18,507.9765319824219,553.4000244140625,554.9000244140625,541.2000122070312,546.7000122070312,303943
2016-04-20,511.0054931640625,556.7000122070312,560.9500122070312,554.5499877929688,554.8499755859375,209276
2016-04-21,501.3215026855469,546.1500244140625,561.4000244140625,543.4000244140625,557.4000244140625,189370
2016-04-22,513.94287109375,559.9000244140625,564.5,538.8499755859375,543.4000244140625,307410
2016-04-25,513.1625366210938,559.0499877929688,564.9000244140625,551.0999755859375,560.5999755859375,292361
2016-04-26,519.1749877929688,565.5999755859375,569.0,557.5499877929688,559.4000244140625,342836
2016-04-27,518.0735473632812,564.4000244140625,572.9500122070312,560.0,565.0,322492
2016-04-28,510.592529296875,556.25,569.7999877929688,549.25,563.0,347197
2016-04-29,536.2482299804688,584.2000122070312,597.5,550.0999755859375,556.0,597393
2016-05-02,531.4292602539062,578.9500122070312,595.9000244140625,576.0,586.0,422106
2016-05-03,520.2764892578125,566.7999877929688,584.0,564.4000244140625,580.0499877929688,300971
2016-05-04,515.9622802734375,562.0999755859375,572.2999877929688,559.0,566.8499755859375,311400
2016-05-05,525.6463623046875,572.6500244140625,580.0,565.0,565.2000122070312,346232
2016-05-06,526.5642700195312,573.6500244140625,587.9000244140625,571.2999877929688,573.9500122070312,558152
2016-05-09,547.6763305664062,596.6500244140625,602.2000122070312,575.0,577.5,833551
2016-05-10,530.0523071289062,577.4500122070312,599.2000122070312,575.0,596.0,697270
2016-05-11,527.711669921875,574.9000244140625,583.9000244140625,568.2000122070312,573.75,368078
2016-05-12,525.0496826171875,572.0,579.5499877929688,570.5499877929688,578.0,262309
2016-05-13,526.1511840820312,573.2000122070312,580.7999877929688,565.5,570.0,268149
2016-05-16,537.2120971679688,585.25,586.9000244140625,568.7000122070312,576.0,426140
2016-05-17,540.287109375,588.5999755859375,598.4500122070312,586.0999755859375,592.25,767420
2016-05-18,539.5068969726562,587.75,595.0,580.4500122070312,587.0,289565
2016-05-19,523.1679077148438,569.9500122070312,593.0499877929688,566.6500244140625,586.0,447088
2016-05-20,518.6242065429688,565.0,575.0999755859375,562.2999877929688,572.5499877929688,308922
2016-05-23,508.940185546875,554.4500122070312,568.0,553.0,567.9500122070312,420072
2016-05-24,510.8218688964844,556.5,560.3499755859375,546.2999877929688,554.9000244140625,221268
2016-05-25,511.1891784667969,556.9000244140625,568.4000244140625,555.0499877929688,559.2999877929688,442314
2016-05-26,499.393798828125,544.0499877929688,558.9000244140625,535.5,558.9000244140625,528139
2016-05-27,511.5562438964844,557.2999877929688,559.9500122070312,530.0499877929688,544.0,1359590
2016-05-30,522.8466796875,569.5999755859375,571.2999877929688,557.5,558.6500244140625,715634
2016-05-31,525.4169311523438,572.4000244140625,576.9500122070312,559.0499877929688,566.0,823912
2016-06-01,523.1679077148438,569.9500122070312,580.5,566.0,574.0,293462
2016-06-02,521.423828125,568.0499877929688,573.5999755859375,564.3499755859375,568.0,147007
2016-06-03,512.93310546875,558.7999877929688,574.0,556.7000122070312,569.0,374537
2016-06-06,512.9791259765625,558.8499755859375,563.9500122070312,553.4000244140625,558.7999877929688,272975
2016-06-07,506.8749084472656,552.2000122070312,559.9000244140625,549.0999755859375,558.0,205529
2016-06-08,514.4476928710938,560.4500122070312,563.9000244140625,551.7000122070312,555.0,267131
2016-06-09,510.31707763671875,555.9500122070312,562.9000244140625,553.0,560.0,141558
2016-06-10,504.3047790527344,549.4000244140625,560.5,546.9000244140625,556.0,273131
2016-06-13,495.44677734375,539.75,548.1500244140625,538.0,546.0999755859375,289177
2016-06-14,496.7778015136719,541.2000122070312,546.2999877929688,536.5999755859375,543.2000122070312,193659
2016-06-15,498.38421630859375,542.9500122070312,551.0,540.0,543.9000244140625,198500
2016-06-16,491.4538269042969,535.4000244140625,544.0999755859375,533.3499755859375,543.0,172142
2016-06-17,485.3496398925781,528.75,539.9000244140625,525.0999755859375,539.9000244140625,370230
2016-06-20,491.04083251953125,534.9500122070312,536.25,522.9500122070312,525.0,186632
2016-06-21,492.7389221191406,536.7999877929688,539.9000244140625,531.1500244140625,537.75,176851
2016-06-22,486.26763916015625,529.75,538.7999877929688,527.2000122070312,535.6500244140625,343979
2016-06-23,480.6683654785156,523.6500244140625,535.0,522.0499877929688,531.0,329283
2016-06-24,479.47503662109375,522.3499755859375,524.0,502.45001220703125,517.0,288456
2016-06-27,481.1272888183594,524.1500244140625,527.2999877929688,517.0499877929688,517.0499877929688,128718
2016-06-28,495.90576171875,540.25,543.5,522.2999877929688,526.9000244140625,533890
2016-06-29,506.7831115722656,552.0999755859375,553.9000244140625,541.0999755859375,543.0,453945
2016-06-30,501.0461120605469,545.8499755859375,556.0499877929688,543.0,555.0,499929
2016-07-01,504.2586975097656,549.3499755859375,555.0,546.0999755859375,546.0999755859375,191775
2016-07-04,516.5589599609375,562.75,564.6500244140625,549.3499755859375,550.4000244140625,307997
2016-07-05,514.40185546875,560.4000244140625,566.5499877929688,557.0499877929688,562.9500122070312,188930
2016-07-07,506.7371826171875,552.0499877929688,565.5,550.3499755859375,560.5,214068
2016-07-08,501.9180603027344,546.7999877929688,554.7000122070312,542.0,550.9500122070312,145457
2016-07-11,511.87750244140625,557.6500244140625,558.3499755859375,550.0,551.0,565997
2016-07-12,522.158203125,568.8499755859375,571.2000122070312,554.3499755859375,557.9000244140625,648440
2016-07-13,519.0831298828125,565.5,586.9000244140625,562.0,579.7999877929688,1361117
2016-07-14,523.1220703125,569.9000244140625,571.0,561.7999877929688,564.0,327576
2016-07-15,517.798095703125,564.0999755859375,574.7000122070312,561.2999877929688,566.4000244140625,239153
2016-07-18,513.57568359375,559.5,569.0,557.0499877929688,564.5,219714
2016-07-19,524.6600952148438,568.0,570.0,552.4500122070312,558.9000244140625,345131
2016-07-20,526.0917358398438,569.5499877929688,577.2000122070312,568.0999755859375,568.7000122070312,513441
2016-07-21,522.027587890625,565.1500244140625,574.0,562.0,573.0,255967
2016-07-22,525.39892578125,568.7999877929688,574.9000244140625,560.0,565.1500244140625,282461
2016-07-25,531.8648681640625,575.7999877929688,581.2000122070312,567.3499755859375,569.5,438715
2016-07-26,526.4151611328125,569.9000244140625,580.9500122070312,567.0,574.0,398268
2016-07-27,527.4310913085938,571.0,579.5499877929688,568.5499877929688,570.7999877929688,317170
2016-07-28,534.4512329101562,578.5999755859375,580.7999877929688,571.1500244140625,571.7000122070312,612851
2016-07-29,559.2525634765625,605.4500122070312,608.75,583.0999755859375,584.9500122070312,1162567
2016-08-01,552.3709716796875,598.0,613.6500244140625,592.1500244140625,612.0,1002237
2016-08-02,533.2966918945312,577.3499755859375,605.6500244140625,572.4000244140625,598.0499877929688,1175498
2016-08-03,510.89703369140625,553.0999755859375,573.9000244140625,550.0,573.9000244140625,1027356
2016-08-04,488.8667907714844,529.25,564.9000244140625,520.3499755859375,550.0,2860860
2016-08-05,490.1600341796875,530.6500244140625,535.0,525.8499755859375,530.9000244140625,596809
2016-08-08,506.6942138671875,548.5499877929688,552.0999755859375,533.25,534.9000244140625,807290
2016-08-09,505.58563232421875,547.3499755859375,550.4000244140625,540.0,549.0,514508
2016-08-10,492.4230041503906,533.0999755859375,547.0,528.5499877929688,546.9000244140625,765497
2016-08-11,490.7603759765625,531.2999877929688,533.9000244140625,521.5999755859375,529.9500122070312,1048807
2016-08-12,493.6238098144531,534.4000244140625,538.4000244140625,528.0999755859375,531.4500122070312,375383
2016-08-16,494.91705322265625,535.7999877929688,537.3499755859375,529.1500244140625,532.0,271234
2016-08-17,500.7825622558594,542.1500244140625,547.7000122070312,534.0,535.5,406262
2016-08-18,504.61578369140625,546.2999877929688,548.9000244140625,540.4000244140625,546.0,514543
2016-08-19,509.0033874511719,551.0499877929688,553.5,544.5499877929688,548.0,464081
2016-08-22,514.6841430664062,557.2000122070312,559.7000122070312,547.3499755859375,549.0,619919
2016-08-23,502.6298828125,544.1500244140625,558.7999877929688,540.75,558.7999877929688,647908
2016-08-24,501.93707275390625,543.4000244140625,547.4000244140625,534.0,543.0,413181
2016-08-25,495.7021484375,536.6500244140625,546.7999877929688,530.5999755859375,543.0,428397
2016-08-26,493.0234375,533.75,541.0,532.0499877929688,533.0999755859375,175480
2016-08-29,492.0997314453125,532.75,538.1500244140625,525.0999755859375,534.0,270640
2016-08-30,494.5936279296875,535.4500122070312,540.75,532.5999755859375,532.75,412796
2016-08-31,493.6700439453125,534.4500122070312,538.5999755859375,532.5999755859375,536.0,654573
2016-09-01,496.8105163574219,537.8499755859375,547.5999755859375,532.4500122070312,534.4500122070312,581231
2016-09-02,497.0877990722656,538.1500244140625,543.7999877929688,536.9000244140625,539.2000122070312,199550
2016-09-06,493.7623596191406,534.5499877929688,540.25,532.5999755859375,540.0,338978
2016-09-07,496.3487243652344,537.3499755859375,543.9000244140625,534.0,536.9500122070312,370663
2016-09-08,497.4109802246094,538.5,542.3499755859375,535.0999755859375,535.0999755859375,197358
2016-09-09,501.4291076660156,542.8499755859375,548.0,537.0,539.0,518371
2016-09-12,489.5595703125,530.0,538.9000244140625,526.0,538.9000244140625,457416
2016-09-14,485.818603515625,525.9500122070312,528.7999877929688,511.04998779296875,528.7999877929688,715845
2016-09-15,491.453125,532.0499877929688,534.2999877929688,520.0499877929688,526.0499877929688,534254
2016-09-16,486.0956726074219,526.25,537.2000122070312,524.4500122070312,533.2999877929688,508804
2016-09-19,483.41693115234375,523.3499755859375,532.0,519.0999755859375,532.0,618237
2016-09-20,481.7543029785156,521.5499877929688,527.0,519.0,523.0,417644
2016-09-21,471.36273193359375,510.29998779296875,520.0,508.3500061035156,520.0,615004
2016-09-22,472.47119140625,511.5,516.4000244140625,507.6499938964844,512.5,897304
2016-09-23,467.9912109375,506.6499938964844,520.7000122070312,502.45001220703125,512.0,867894
2016-09-26,463.4189758300781,501.70001220703125,506.0,498.0,506.0,1052110
2016-09-27,461.7562561035156,499.8999938964844,507.04998779296875,498.0,501.8999938964844,455900
2016-09-28,464.94305419921875,503.3500061035156,505.3999938964844,499.5,499.95001220703125,280004
2016-09-29,446.4691162109375,483.3500061035156,508.5,475.8500061035156,506.0,831212
2016-09-30,452.8887939453125,490.29998779296875,496.6499938964844,475.25,475.25,458338
2016-10-03,458.661865234375,496.54998779296875,501.70001220703125,491.1499938964844,493.0,237396
2016-10-04,451.734130859375,489.04998779296875,499.6000061035156,487.1499938964844,498.0,353932
2016-10-05,454.7361145019531,492.29998779296875,496.3500061035156,485.5,490.0,447612
2016-10-06,449.51727294921875,486.6499938964844,496.5,483.0,494.0,294744
2016-10-07,456.9068603515625,494.6499938964844,496.20001220703125,485.45001220703125,487.0,534863
2016-10-10,462.81854248046875,501.04998779296875,507.5,495.25,497.0,567161
2016-10-13,458.338623046875,496.20001220703125,505.75,492.29998779296875,500.75,536169
2016-10-14,449.6557922363281,486.79998779296875,498.45001220703125,484.75,495.0,714482
2016-10-17,445.7301025390625,482.54998779296875,486.79998779296875,480.6000061035156,485.0,279908
2016-10-18,451.1799621582031,488.45001220703125,490.6000061035156,482.25,485.0,274364
2016-10-19,457.3687438964844,495.1499938964844,495.8999938964844,486.5,491.5,302068
2016-10-20,457.1378173828125,494.8999938964844,501.6499938964844,489.0,497.3999938964844,462421
2016-10-21,454.9670715332031,492.54998779296875,497.79998779296875,491.1000061035156,494.5,238237
2016-10-24,451.22613525390625,488.5,496.3500061035156,487.20001220703125,495.5,234510
2016-10-25,445.12969970703125,481.8999938964844,491.95001220703125,480.6000061035156,491.0,437832
2016-10-26,444.3907470703125,481.1000061035156,485.8999938964844,479.0,482.0,414790
2016-10-27,446.09967041015625,482.95001220703125,487.3500061035156,469.79998779296875,481.1000061035156,598318
2016-10-28,444.57550048828125,481.29998779296875,486.0,479.25,483.0,264991
2016-11-01,446.9309387207031,483.8500061035156,486.3999938964844,481.5,481.79998779296875,240027
2016-11-02,435.61566162109375,471.6000061035156,481.95001220703125,470.20001220703125,481.95001220703125,233375
2016-11-03,424.2541809082031,459.29998779296875,476.1000061035156,458.1499938964844,474.45001220703125,364807
2016-11-04,420.8365173339844,455.6000061035156,469.3999938964844,448.79998779296875,459.3500061035156,553656
2016-11-07,425.50115966796875,460.6499938964844,465.29998779296875,457.0,462.0,341992
2016-11-08,428.0874938964844,463.45001220703125,466.6499938964844,460.6499938964844,462.79998779296875,311047
2016-11-09,419.4047546386719,454.04998779296875,455.20001220703125,422.3500061035156,439.8999938964844,486585
2016-11-10,426.3324890136719,461.54998779296875,465.79998779296875,456.04998779296875,456.04998779296875,311375
2016-11-11,400.56134033203125,433.6499938964844,460.3999938964844,428.5,459.3999938964844,695754
2016-11-15,391.8323974609375,424.20001220703125,435.8999938964844,419.3999938964844,435.0,703415
2016-11-16,395.8966369628906,428.6000061035156,433.0,415.0,428.0,527833
2016-11-17,394.7420349121094,427.3500061035156,431.79998779296875,421.0,427.0,337162
2016-11-18,392.84844970703125,425.29998779296875,429.45001220703125,420.0,426.95001220703125,319233
2016-11-21,387.2138671875,419.20001220703125,427.8999938964844,413.5,427.8500061035156,465016
2016-11-22,387.12152099609375,419.1000061035156,423.3999938964844,415.25,420.0,207965
2016-11-23,385.3203430175781,417.1499938964844,424.8999938964844,415.0,421.0,266454
2016-11-24,371.8343200683594,402.54998779296875,418.0,400.1000061035156,418.0,1501914
2016-11-25,381.4407653808594,412.95001220703125,417.8999938964844,399.20001220703125,403.79998779296875,1074669
2016-11-28,380.47088623046875,411.8999938964844,414.6000061035156,408.54998779296875,411.3999938964844,354806
2016-11-29,381.256103515625,412.75,418.0,411.25,411.95001220703125,460010
2016-11-30,384.1195068359375,415.8500061035156,419.8999938964844,413.0,415.8999938964844,499151
2016-12-01,382.8263854980469,414.45001220703125,417.04998779296875,410.1000061035156,415.8999938964844,411171
2016-12-02,380.47088623046875,411.8999938964844,417.0,409.0,413.1000061035156,673388
2016-12-05,378.71588134765625,410.0,411.0,404.0,409.79998779296875,462862
2016-12-06,383.4267272949219,415.1000061035156,418.0,410.8500061035156,411.8999938964844,493132
2016-12-07,383.7962341308594,415.5,420.8999938964844,413.0,419.8999938964844,625439
2016-12-08,392.5251770019531,424.95001220703125,426.8999938964844,416.04998779296875,417.54998779296875,633538
2016-12-09,393.1255798339844,425.6000061035156,429.5,424.79998779296875,428.25,435342
2016-12-12,383.1034240722656,414.75,432.5,412.79998779296875,428.0,878941
2016-12-13,387.53717041015625,419.54998779296875,420.5,412.04998779296875,413.20001220703125,337126
2016-12-14,385.4126892089844,417.25,420.79998779296875,415.8500061035156,419.0,164897
2016-12-15,385.9668884277344,417.8500061035156,421.6499938964844,413.0,414.5,208865
2016-12-16,386.84442138671875,418.79998779296875,420.8999938964844,416.0,417.8500061035156,162475
2016-12-19,385.22796630859375,417.04998779296875,422.0,416.5,419.8999938964844,437306
2016-12-20,389.1536865234375,421.29998779296875,428.20001220703125,417.1000061035156,419.0,770662
2016-12-21,387.0291748046875,419.0,429.54998779296875,417.20001220703125,423.8999938964844,414886
2016-12-22,386.6596374511719,418.6000061035156,422.0,416.1000061035156,421.0,308714
2016-12-23,392.47894287109375,424.8999938964844,426.8500061035156,417.20001220703125,419.8500061035156,301891
2016-12-26,388.5994567871094,420.70001220703125,425.75,419.54998779296875,424.5,163317
2016-12-27,393.818359375,426.3500061035156,427.29998779296875,419.3500061035156,420.8999938964844,165924
2016-12-28,404.9027099609375,438.3500061035156,439.8999938964844,425.95001220703125,426.3999938964844,688975
2016-12-29,414.2320251464844,448.45001220703125,449.5,441.0,443.70001220703125,1312252
2016-12-30,416.0332946777344,450.3999938964844,452.0,446.0,449.0,360320
2017-01-02,413.0312805175781,447.1499938964844,453.75,444.3999938964844,450.54998779296875,198639
2017-01-03,427.8103942871094,463.1499938964844,464.75,445.54998779296875,447.5,471020
2017-01-04,427.9950866699219,463.3500061035156,466.8999938964844,461.0,464.8500061035156,341719
2017-01-05,434.5072326660156,470.3999938964844,471.5,464.04998779296875,464.04998779296875,190214
2017-01-06,436.2160949707031,472.25,474.1499938964844,464.04998779296875,472.5,617479
2017-01-09,427.718017578125,463.04998779296875,472.0,460.1000061035156,468.0,86742
2017-01-10,430.4429626464844,466.0,469.5,461.1499938964844,462.25,131992
2017-01-11,440.3726806640625,476.75,479.0,465.45001220703125,466.04998779296875,203670
2017-01-12,448.4550476074219,485.5,499.0,482.0,485.6000061035156,1496594
2017-01-13,439.86468505859375,476.20001220703125,488.3999938964844,474.04998779296875,485.20001220703125,283147
2017-01-16,439.77227783203125,476.1000061035156,480.0,471.04998779296875,474.20001220703125,241123
2017-01-17,435.0152587890625,470.95001220703125,482.1499938964844,468.75,477.95001220703125,251455
2017-01-18,429.4730224609375,464.95001220703125,470.8500061035156,464.29998779296875,469.1499938964844,289534
2017-01-19,432.5674133300781,468.29998779296875,473.0,463.0,466.79998779296875,310879
2017-01-20,426.0553894042969,461.25,476.0,459.25,467.1000061035156,274972
2017-01-23,431.1357421875,466.75,469.6000061035156,456.54998779296875,461.25,264430
2017-01-24,428.7341003417969,464.1499938964844,471.0,462.54998779296875,468.3999938964844,309908
2017-01-25,442.7742614746094,479.3500061035156,480.79998779296875,464.0,465.25,546047
2017-01-27,446.5152893066406,483.3999938964844,490.29998779296875,481.3500061035156,481.95001220703125,405934
2017-01-30,445.0835266113281,481.8500061035156,484.5,477.1499938964844,482.0,116609
2017-01-31,442.8666687011719,479.45001220703125,486.5,477.04998779296875,481.0,229772
2017-02-01,451.91888427734375,489.25,497.75,474.75,479.70001220703125,456960
2017-02-02,448.7321472167969,485.79998779296875,489.70001220703125,482.0,489.70001220703125,220780
2017-02-03,455.89080810546875,493.54998779296875,498.3999938964844,484.04998779296875,486.8999938964844,510427
2017-02-06,469.8848876953125,508.70001220703125,514.5,499.5,499.8999938964844,1320350
2017-02-07,466.374755859375,504.8999938964844,514.0,503.1000061035156,513.9500122070312,1084180
2017-02-08,469.0996398925781,507.8500061035156,510.0,495.20001220703125,506.8999938964844,753815
2017-02-09,470.3466491699219,509.20001220703125,512.4000244140625,501.1000061035156,507.70001220703125,745624
2017-02-10,461.4791564941406,499.6000061035156,514.0,486.8500061035156,513.4500122070312,1612620
2017-02-13,458.29241943359375,496.1499938964844,502.0,488.1000061035156,499.0,284978
2017-02-14,464.29644775390625,502.6499938964844,505.0,492.6499938964844,497.3999938964844,342483
2017-02-15,450.8104248046875,488.04998779296875,503.8500061035156,482.70001220703125,503.0,397160
2017-02-16,458.338623046875,496.20001220703125,499.70001220703125,482.8500061035156,487.0,309800
2017-02-17,462.6337890625,500.8500061035156,504.0,491.79998779296875,495.95001220703125,208716
2017-02-20,462.44903564453125,500.6499938964844,507.0,498.6000061035156,501.79998779296875,186001
2017-02-21,465.54345703125,504.0,504.79998779296875,499.6499938964844,502.45001220703125,289583
2017-02-22,464.8968200683594,503.29998779296875,505.8999938964844,495.1000061035156,503.8999938964844,411366
2017-02-23,459.0313720703125,496.95001220703125,505.1499938964844,493.29998779296875,504.3999938964844,530152
2017-02-27,462.07952880859375,500.25,502.54998779296875,494.20001220703125,497.0,239262
2017-02-28,469.7463073730469,508.54998779296875,514.0,500.20001220703125,500.20001220703125,1184598
2017-03-01,467.945068359375,506.6000061035156,515.5,503.0,514.0,574086
2017-03-02,457.83050537109375,495.6499938964844,511.8500061035156,492.0,507.0,449152
2017-03-03,459.7702941894531,497.75,499.70001220703125,491.8999938964844,495.0,183103
2017-03-06,459.9551086425781,497.95001220703125,504.3500061035156,496.5,500.04998779296875,215936
2017-03-07,465.7743835449219,504.25,506.75,496.5,499.8500061035156,236661
2017-03-08,459.2622985839844,497.20001220703125,509.6499938964844,496.0,507.0,363524
2017-03-09,459.12371826171875,497.04998779296875,503.0,495.3999938964844,498.0,487249
2017-03-10,469.9309997558594,508.75,512.0,496.6499938964844,500.8999938964844,1073215
2017-03-14,489.6518859863281,530.0999755859375,533.6500244140625,513.7999877929688,518.0,1276901
2017-03-15,485.4952392578125,525.5999755859375,534.9000244140625,524.0999755859375,531.0,640231
2017-03-16,491.26837158203125,531.8499755859375,534.7000122070312,524.25,530.0,900315
2017-03-17,489.4210205078125,529.8499755859375,536.5,526.5,535.0,389068
2017-03-20,494.8708190917969,535.75,538.9500122070312,532.5499877929688,533.0999755859375,445292
2017-03-21,499.07354736328125,540.2999877929688,543.4000244140625,523.1500244140625,538.0,808244
2017-03-22,494.1780090332031,535.0,546.0,531.3499755859375,538.0,551756
2017-03-23,502.44512939453125,543.9500122070312,545.1500244140625,535.0,535.0499877929688,438204
2017-03-24,499.1660461425781,540.4000244140625,546.4500122070312,538.4000244140625,543.7999877929688,476663
2017-03-27,502.0295104980469,543.5,544.9000244140625,535.9000244140625,540.7999877929688,251049
2017-03-28,509.9732666015625,552.0999755859375,554.7999877929688,544.7000122070312,545.0,468371
2017-03-29,502.81463623046875,544.3499755859375,555.5999755859375,541.4500122070312,550.9500122070312,676135
2017-03-30,525.9994506835938,569.4500122070312,572.7999877929688,544.0499877929688,547.0,1384047
2017-03-31,524.6138916015625,567.9500122070312,570.9000244140625,563.5999755859375,569.0,322253
2017-04-03,518.563720703125,561.4000244140625,569.5499877929688,560.0,560.0,301440
2017-04-05,522.5355224609375,565.7000122070312,570.6500244140625,558.0,560.5,451963
2017-04-06,517.03955078125,559.75,567.0,559.0,565.4500122070312,249410
2017-04-07,514.9613037109375,557.5,562.2000122070312,549.6500244140625,557.5499877929688,725166
2017-04-10,522.8587646484375,566.0499877929688,572.0,558.0,558.0,445446
2017-04-11,534.5897827148438,578.75,585.9000244140625,569.0999755859375,570.0499877929688,948980
2017-04-12,526.876953125,570.4000244140625,581.0,562.4000244140625,581.0,496542
2017-04-13,523.7362670898438,567.0,575.6500244140625,566.0,574.0,268352
2017-04-17,535.9292602539062,580.2000122070312,587.0,567.5,570.0,311479
2017-04-18,527.9853515625,571.5999755859375,587.5,568.1500244140625,582.9000244140625,271501
2017-04-19,520.64208984375,563.6500244140625,574.75,558.4000244140625,574.0,604990
2017-04-20,534.0355834960938,578.1500244140625,580.0,560.9500122070312,561.0999755859375,449515
2017-04-21,526.876953125,570.4000244140625,580.0,568.0,579.9000244140625,188082
2017-04-24,536.5296020507812,580.8499755859375,585.9000244140625,565.0499877929688,568.0,573728
2017-04-25,535.3749389648438,579.5999755859375,584.9500122070312,577.5,583.1500244140625,377707
2017-04-26,539.4854125976562,584.0499877929688,592.9500122070312,576.5,579.5999755859375,391202
2017-04-27,539.947265625,584.5499877929688,588.6500244140625,578.2999877929688,585.0,328664
2017-04-28,538.5154418945312,583.0,592.9000244140625,576.0,585.2000122070312,669638
2017-05-02,540.316650390625,584.9500122070312,589.5,577.0,583.0499877929688,188522
2017-05-03,533.8508911132812,577.9500122070312,586.75,576.5499877929688,584.9000244140625,294651
2017-05-04,540.1781616210938,584.7999877929688,587.5999755859375,576.25,577.9500122070312,225750
2017-05-05,529.2323608398438,572.9500122070312,585.0,562.5,584.0,571742
2017-05-08,528.8167724609375,572.5,578.0,567.0,567.0,205394
2017-05-09,534.0355834960938,578.1500244140625,588.2000122070312,572.4500122070312,572.4500122070312,849636
2017-05-10,530.9874877929688,574.8499755859375,582.7999877929688,568.6500244140625,578.9000244140625,325044
2017-05-11,529.4171142578125,573.1500244140625,580.0,569.0499877929688,575.0,148816
2017-05-12,525.2142944335938,568.5999755859375,576.25,564.3499755859375,573.0,179465
2017-05-15,531.4029541015625,575.2999877929688,579.0,559.2000122070312,570.5,581207
2017-05-16,519.9029541015625,562.8499755859375,578.0,560.5999755859375,576.5499877929688,480861
2017-05-17,515.423095703125,558.0,567.0,555.2000122070312,562.8499755859375,307997
2017-05-18,510.1579895019531,552.2999877929688,557.25,546.4000244140625,555.9500122070312,737363
2017-05-19,505.2624816894531,547.0,564.0,540.2999877929688,553.0,555088
2017-05-22,502.39892578125,543.9000244140625,555.0,538.0499877929688,549.0,367235
2017-05-23,485.4029541015625,525.5,544.9500122070312,522.0,544.9500122070312,807147
2017-05-24,481.3848571777344,521.1500244140625,528.75,517.0,525.0,669070
2017-05-25,487.0655822753906,527.2999877929688,529.4000244140625,516.4500122070312,520.0,720281
2017-05-26,495.74835205078125,536.7000122070312,539.7999877929688,526.4000244140625,529.7000122070312,295824
2017-05-29,489.5133361816406,529.9500122070312,540.0,526.8499755859375,536.7000122070312,448292
2017-05-30,498.93511962890625,540.1500244140625,564.7000122070312,537.0499877929688,543.0,2010192
2017-05-31,503.599853515625,545.2000122070312,547.9000244140625,535.0999755859375,540.9000244140625,525013
2017-06-01,504.8928527832031,546.5999755859375,552.0,540.5,545.0999755859375,396838
2017-06-02,508.1258239746094,550.0999755859375,551.7000122070312,541.1500244140625,550.0,364456
2017-06-05,513.067626953125,555.4500122070312,566.75,550.9500122070312,551.0,769885
2017-06-06,505.0776062011719,546.7999877929688,559.7999877929688,542.0999755859375,556.0999755859375,616057
2017-06-07,507.2484130859375,549.1500244140625,552.1500244140625,543.25,546.9000244140625,268958
2017-06-08,511.31256103515625,553.5499877929688,555.4500122070312,545.6500244140625,550.0,293430
2017-06-09,512.0978393554688,554.4000244140625,558.0999755859375,552.5,555.0,294219
2017-06-12,508.0797119140625,550.0499877929688,557.5499877929688,546.0,553.0,276662
2017-06-13,510.2042541503906,552.3499755859375,559.2999877929688,550.1500244140625,551.0,192790
2017-06-14,506.047607421875,547.8499755859375,554.8499755859375,546.0999755859375,554.5,337216
2017-06-15,497.9652099609375,539.0999755859375,549.75,536.4000244140625,549.75,350825
2017-06-16,497.9652099609375,539.0999755859375,542.1500244140625,534.4000244140625,535.0,282926
2017-06-19,499.0274963378906,540.25,543.0,536.0999755859375,540.9000244140625,126067
2017-06-20,490.852783203125,531.4000244140625,538.5499877929688,529.0499877929688,538.5,220390
2017-06-21,487.3426818847656,527.5999755859375,534.6500244140625,523.6500244140625,528.2000122070312,238042
2017-06-22,483.463134765625,523.4000244140625,531.4000244140625,520.0999755859375,525.2000122070312,303310
2017-06-23,481.6618957519531,521.4500122070312,526.0,510.70001220703125,523.0499877929688,426877
2017-06-27,489.6057434082031,530.0499877929688,533.9500122070312,513.75,526.0,331652
2017-06-28,488.6820373535156,529.0499877929688,534.7000122070312,522.6500244140625,534.7000122070312,265998
2017-06-29,489.2824401855469,529.7000122070312,544.5499877929688,523.0,529.9000244140625,324957
2017-06-30,496.2563171386719,537.25,540.6500244140625,522.2000122070312,528.0,226143
2017-07-03,507.57171630859375,549.5,554.4000244140625,539.3499755859375,540.0,616360
2017-07-04,531.9109497070312,575.8499755859375,579.3499755859375,548.5,553.8499755859375,1843630
2017-07-05,526.6921997070312,570.2000122070312,579.3499755859375,568.0,579.3499755859375,856770
2017-07-06,524.1362915039062,563.9500122070312,574.2999877929688,561.0,572.0,305552
2017-07-07,533.1514892578125,573.6500244140625,579.0,560.25,561.0,1167334
2017-07-10,536.9156494140625,577.7000122070312,580.0,570.0,580.0,163931
2017-07-11,520.1399536132812,559.6500244140625,583.5499877929688,555.5999755859375,578.0,444069
2017-07-12,522.1845703125,561.8499755859375,568.3499755859375,559.0,562.8499755859375,580574
2017-07-13,525.0657958984375,564.9500122070312,569.5,560.7999877929688,562.9000244140625,146162
2017-07-14,519.3964233398438,558.8499755859375,564.9000244140625,555.0499877929688,564.9000244140625,142615
2017-07-17,515.7252807617188,554.9000244140625,562.75,553.4000244140625,562.5499877929688,175061
2017-07-18,529.0156860351562,569.2000122070312,574.0,552.0,554.0,655919
2017-07-19,532.17578125,572.5999755859375,576.8499755859375,569.2000122070312,574.0,469807
2017-07-20,531.6180419921875,572.0,582.1500244140625,566.4500122070312,575.7000122070312,634166
2017-07-21,538.7279663085938,579.6500244140625,588.7000122070312,571.2999877929688,585.0,1350734
2017-07-24,546.11669921875,587.5999755859375,595.75,577.0,582.0,1421977
2017-07-25,541.887939453125,583.0499877929688,595.5,581.0,589.0,849401
2017-07-26,543.0496826171875,584.2999877929688,589.9000244140625,583.0,585.4000244140625,677525
2017-07-27,530.828125,571.1500244140625,590.0,569.0,587.4000244140625,1130933
2017-07-28,534.7779541015625,575.4000244140625,580.9500122070312,565.0,565.0,486808
2017-07-31,546.6278686523438,588.1500244140625,589.9000244140625,575.5,578.0,865791
2017-08-01,544.7225952148438,586.0999755859375,593.4500122070312,582.3499755859375,589.5,777533
2017-08-02,543.7001953125,585.0,590.75,582.0,587.5,490892
2017-08-03,577.6234130859375,621.5,625.9000244140625,595.0,600.0,8481663
2017-08-04,586.7780151367188,631.3499755859375,635.9000244140625,621.0,621.0,2409790
2017-08-07,596.0255126953125,641.2999877929688,644.2999877929688,633.0,633.0,1085338
2017-08-08,589.473388671875,634.25,648.0,626.8499755859375,640.0,697665
2017-08-09,591.6110229492188,636.5499877929688,646.8499755859375,628.8499755859375,630.0,720334
2017-08-10,587.4285278320312,632.0499877929688,643.7000122070312,622.0999755859375,635.9500122070312,802071
2017-08-11,590.635009765625,635.5,644.5,620.2000122070312,621.0,1317726
2017-08-14,613.1731567382812,659.75,665.2999877929688,639.2999877929688,642.0,1754636
2017-08-16,625.952392578125,673.5,675.2999877929688,658.0,668.2000122070312,1249114
2017-08-17,628.2758178710938,676.0,685.4000244140625,666.5999755859375,675.2999877929688,935987
2017-08-18,631.668212890625,679.6500244140625,686.2999877929688,670.0499877929688,674.7999877929688,1148229
2017-08-21,622.1419067382812,669.4000244140625,688.4000244140625,663.9000244140625,679.0999755859375,821531
2017-08-22,634.9675903320312,683.2000122070312,690.5,665.0,677.2999877929688,1566384
2017-08-23,630.2740478515625,678.1500244140625,693.5999755859375,675.1500244140625,690.0,878071
2017-08-24,620.6082153320312,667.75,680.5499877929688,666.0999755859375,679.7999877929688,626183
2017-08-28,632.9693603515625,681.0499877929688,684.0,668.9000244140625,672.0,657180
2017-08-29,628.0433959960938,675.75,688.4500122070312,675.0,682.9500122070312,707115
2017-08-30,638.5457763671875,687.0499877929688,694.9500122070312,680.7000122070312,682.5,933126
2017-08-31,632.7833862304688,680.8499755859375,695.0,678.1500244140625,688.3499755859375,657017
2017-09-01,636.0363159179688,684.3499755859375,688.2000122070312,680.1500244140625,685.0,342431
2017-09-04,632.7833862304688,680.8499755859375,700.0,676.0,685.0999755859375,774700
2017-09-05,638.3134765625,686.7999877929688,692.4000244140625,683.2000122070312,689.5,307931
2017-09-06,644.8192138671875,693.7999877929688,698.9500122070312,682.5499877929688,686.7999877929688,805111
2017-09-07,643.378662109375,692.25,700.0,688.0999755859375,694.9000244140625,451685
2017-09-08,643.4251708984375,692.2999877929688,695.25,687.0,691.8499755859375,381071
2017-09-11,668.6583862304688,719.4500122070312,722.9000244140625,694.0,694.7000122070312,2421773
2017-09-12,667.310791015625,718.0,727.4500122070312,713.7000122070312,724.25,785074
2017-09-13,660.38671875,710.5499877929688,726.2000122070312,706.0,720.9000244140625,583596
2017-09-14,671.8648071289062,722.9000244140625,726.0,710.0999755859375,711.0,445068
2017-09-15,669.9130859375,720.7999877929688,725.3499755859375,712.1500244140625,720.9500122070312,258462
2017-09-18,679.4393920898438,731.0499877929688,737.5999755859375,719.75,722.9000244140625,897698
2017-09-19,682.5065307617188,734.3499755859375,740.7000122070312,731.0499877929688,732.0,884786
2017-09-20,675.6754150390625,727.0,738.9000244140625,725.0999755859375,738.9000244140625,215470
2017-09-21,692.0327758789062,744.5999755859375,749.5999755859375,724.25,729.0,678715
2017-09-22,674.1883544921875,725.4000244140625,743.5499877929688,722.5,743.0,520777
2017-09-25,659.2249755859375,709.2999877929688,724.9500122070312,702.4500122070312,721.7000122070312,348964
2017-09-26,641.3339233398438,690.0499877929688,714.7000122070312,685.0499877929688,714.7000122070312,797091
2017-09-27,632.7833862304688,680.8499755859375,696.9500122070312,678.2999877929688,696.0,564597
2017-09-28,644.7727661132812,693.75,698.0,668.5,676.5,503477
2017-09-29,641.2410278320312,689.9500122070312,699.0,684.0999755859375,699.0,334899
2017-10-03,645.3304443359375,694.3499755859375,697.7999877929688,685.0,693.0,340149
2017-10-04,678.9747924804688,730.5499877929688,734.0,698.0999755859375,700.0,2021532
2017-10-05,673.630615234375,724.7999877929688,732.0,721.0,730.5499877929688,436138
2017-10-06,687.2929077148438,739.5,747.0,726.0,726.9000244140625,1518293
2017-10-09,706.531494140625,760.2000122070312,763.9000244140625,734.7000122070312,739.0,1181290
2017-10-10,723.7254638671875,778.7000122070312,784.2000122070312,762.4000244140625,767.9000244140625,2166232
2017-10-11,713.037353515625,767.2000122070312,784.0,760.0999755859375,784.0,846751
2017-10-12,718.8460693359375,773.4500122070312,776.0,761.0,767.9000244140625,578541
2017-10-13,733.762939453125,789.5,793.0499877929688,768.0499877929688,773.9000244140625,1094491
2017-10-16,728.3260498046875,783.6500244140625,796.0,781.1500244140625,793.0,592799
2017-10-17,729.58056640625,785.0,789.5,777.0999755859375,785.9500122070312,339494
2017-10-18,745.1016845703125,801.7000122070312,804.6500244140625,781.6500244140625,789.7000122070312,608535
2017-10-19,735.4823608398438,791.3499755859375,805.0,755.3499755859375,803.9500122070312,148848
2017-10-23,737.9917602539062,794.0499877929688,808.0,790.4500122070312,795.0,576810
2017-10-24,733.1124267578125,788.7999877929688,801.0,783.25,794.0,376170
2017-10-25,726.4207153320312,781.5999755859375,796.5,778.5499877929688,796.5,263859
2017-10-26,720.75146484375,775.5,784.75,766.7000122070312,781.5999755859375,1594053
2017-10-27,723.0748291015625,778.0,784.5499877929688,771.0,772.5499877929688,356775
2017-10-30,763.0391235351562,821.0,823.9500122070312,780.5999755859375,782.0,1922031
2017-10-31,753.8380737304688,811.0999755859375,825.4000244140625,808.7999877929688,819.0,581681
2017-11-01,755.6968383789062,813.0999755859375,832.7999877929688,809.5499877929688,809.5499877929688,1311315
2017-11-02,755.92919921875,813.3499755859375,823.2000122070312,808.0,809.7000122070312,348007
2017-11-03,755.6504516601562,813.0499877929688,825.5,809.9500122070312,817.75,430019
2017-11-06,753.9310913085938,811.2000122070312,821.9500122070312,808.6500244140625,813.0499877929688,211097
2017-11-07,726.7460327148438,781.9500122070312,815.5,775.25,811.5,702507
2017-11-08,719.264404296875,773.9000244140625,786.0999755859375,767.0999755859375,778.0,514541
2017-11-09,748.77294921875,805.6500244140625,809.9000244140625,776.7999877929688,776.7999877929688,570642
2017-11-10,741.5699462890625,797.9000244140625,814.5,791.0,802.8499755859375,673912
2017-11-13,734.2742309570312,790.0499877929688,804.9000244140625,788.0,800.0,251188
2017-11-14,727.0712280273438,782.2999877929688,809.5,774.0,793.0499877929688,2340112
2017-11-15,691.7540283203125,744.2999877929688,787.5,735.75,787.2000122070312,1712432
2017-11-16,690.7781372070312,743.25,748.9500122070312,729.0499877929688,740.0,679614
2017-11-17,698.9568481445312,752.0499877929688,759.5,744.2999877929688,752.9500122070312,473049
2017-11-20,689.755859375,742.1500244140625,754.2999877929688,736.5499877929688,752.0499877929688,520510
2017-11-21,712.5261840820312,766.6500244140625,769.9000244140625,742.1500244140625,742.2999877929688,770374
2017-11-22,695.9363403320312,748.7999877929688,794.5,743.75,780.0,3851677
2017-11-23,695.657470703125,748.5,760.0,741.25,752.0,992944
2017-11-24,688.315185546875,740.5999755859375,744.0,727.6500244140625,727.6500244140625,1420275
2017-11-27,699.5144653320312,752.6500244140625,754.9000244140625,735.4500122070312,742.0,561661
2017-11-28,689.1517333984375,741.5,757.8499755859375,738.2999877929688,751.0,760128
2017-11-29,692.311767578125,744.9000244140625,751.0499877929688,738.0,743.0,673169
2017-11-30,682.4135131835938,734.25,745.5499877929688,730.5,744.9000244140625,1092093
2017-12-01,676.9765625,728.4000244140625,743.5999755859375,725.0499877929688,737.0,613383
2017-12-04,665.963134765625,716.5499877929688,733.9000244140625,710.0,733.5,882616
2017-12-05,672.5619506835938,723.6500244140625,729.0,707.7000122070312,717.5499877929688,801283
2017-12-06,681.4376831054688,733.2000122070312,742.4000244140625,717.7000122070312,723.6500244140625,824856
2017-12-07,678.184814453125,729.7000122070312,739.5,725.0499877929688,733.9500122070312,645010
2017-12-08,684.179443359375,736.1500244140625,744.7999877929688,728.0499877929688,732.5,611088
2017-12-11,684.0400390625,736.0,746.0,733.7000122070312,736.0,445803
2017-12-12,667.078369140625,717.75,737.4500122070312,716.0999755859375,736.5499877929688,607711
2017-12-13,668.2401733398438,719.0,724.4000244140625,711.0,716.0,470733
2017-12-14,668.1471557617188,718.9000244140625,729.5499877929688,711.5,721.6500244140625,532014
2017-12-15,679.4393920898438,731.0499877929688,742.0,722.0499877929688,728.0499877929688,998646
2017-12-18,677.162353515625,728.5999755859375,738.4000244140625,704.3499755859375,720.0,911333
2017-12-19,682.552978515625,734.4000244140625,738.9500122070312,728.0999755859375,733.9000244140625,625940
2017-12-20,697.42333984375,750.4000244140625,754.6500244140625,735.0,736.0,1276742
2017-12-21,697.6093139648438,750.5999755859375,763.9500122070312,746.3499755859375,763.9500122070312,612445
2017-12-22,697.6557006835938,750.6500244140625,757.5499877929688,745.8499755859375,753.0,502511
2017-12-26,701.8380737304688,755.1500244140625,761.0,746.4000244140625,750.0,398777
2017-12-27,699.56103515625,752.7000122070312,763.5,750.0,753.7999877929688,564383
2017-12-28,690.0346069335938,742.4500122070312,759.0999755859375,740.25,745.0,466444
2017-12-29,694.542236328125,747.2999877929688,751.2000122070312,745.0,747.9500122070312,363736
2018-01-01,701.9773559570312,755.2999877929688,758.4000244140625,745.0499877929688,751.9500122070312,556099
2018-01-02,700.67626953125,753.9000244140625,761.9000244140625,742.4500122070312,757.0,499567
2018-01-03,717.8701782226562,772.4000244140625,774.0,752.6500244140625,756.7999877929688,1333787
2018-01-04,713.1767578125,767.3499755859375,779.9500122070312,764.25,779.9500122070312,939051
2018-01-05,710.8067626953125,764.7999877929688,771.75,760.7000122070312,770.0,418312
2018-01-08,707.7862548828125,761.5499877929688,768.0,758.5,764.0,461682
2018-01-09,694.1705322265625,746.9000244140625,765.4000244140625,745.0,762.5499877929688,584194
2018-01-10,700.7227783203125,753.9500122070312,760.8499755859375,740.5499877929688,747.0,979124
2018-01-11,696.7727661132812,749.7000122070312,754.5,746.4500122070312,748.0999755859375,727696
2018-01-12,693.4268798828125,746.0999755859375,754.5,731.3499755859375,753.5499877929688,521444
2018-01-15,693.4734497070312,746.1500244140625,755.0,742.25,752.9000244140625,427519
2018-01-16,676.2330322265625,727.5999755859375,747.0999755859375,725.1500244140625,746.7999877929688,436470
2018-01-17,679.1140747070312,730.7000122070312,739.4000244140625,708.5999755859375,727.0,574960
2018-01-18,669.9130859375,720.7999877929688,736.9500122070312,715.0,725.0999755859375,376905
2018-01-19,665.6842041015625,716.25,723.1500244140625,709.0,719.2999877929688,553594
2018-01-22,678.788818359375,730.3499755859375,732.0,714.9500122070312,717.0,358099
2018-01-23,681.3447265625,733.0999755859375,738.0,721.5,730.5499877929688,539573
2018-01-24,674.3742065429688,725.5999755859375,732.6500244140625,720.0,731.0,181517
2018-01-25,656.436767578125,706.2999877929688,725.9500122070312,702.5999755859375,724.0499877929688,488699
2018-01-29,663.3143310546875,713.7000122070312,716.9000244140625,701.5,713.0,902560
2018-01-30,662.2454833984375,712.5499877929688,720.7999877929688,705.0999755859375,713.5,376525
2018-01-31,656.1115112304688,705.9500122070312,717.2000122070312,700.0999755859375,710.0999755859375,291368
2018-02-01,660.1543579101562,710.2999877929688,717.9500122070312,694.6500244140625,706.9500122070312,666174
2018-02-02,641.0086669921875,689.7000122070312,707.5499877929688,684.4000244140625,706.9500122070312,911876
2018-02-05,644.8192138671875,693.7999877929688,695.5,661.2000122070312,680.0,435547
2018-02-06,633.6199340820312,681.75,686.5999755859375,653.0999755859375,660.0,574987
2018-02-07,647.8396606445312,697.0499877929688,703.0,682.0,684.0,264729
2018-02-08,660.38671875,710.5499877929688,719.4500122070312,698.2999877929688,700.0499877929688,788118
2018-02-09,664.4296875,714.9000244140625,719.0,693.0,698.0,567632
2018-02-12,664.0578002929688,714.5,734.5999755859375,711.75,734.5999755859375,755572
2018-02-14,667.2642211914062,717.9500122070312,725.0,713.75,715.0,623843
2018-02-15,669.07666015625,719.9000244140625,729.9000244140625,714.2000122070312,718.25,565594
2018-02-16,650.8138427734375,700.25,728.5999755859375,693.75,720.0,614759
2018-02-19,659.87548828125,710.0,715.0,695.8499755859375,701.2000122070312,505135
2018-02-20,661.3161010742188,711.5499877929688,718.7000122070312,710.1500244140625,714.6500244140625,337194
2018-02-21,654.9033203125,704.6500244140625,723.4000244140625,701.9500122070312,712.4000244140625,321261
2018-02-22,649.2803344726562,698.5999755859375,709.0,696.0999755859375,703.7999877929688,308141
2018-02-23,667.4967041015625,718.2000122070312,721.7999877929688,700.3499755859375,700.3499755859375,267871
2018-02-26,674.9783325195312,726.25,732.5,719.0,724.0,418003
2018-02-27,671.6324462890625,722.6500244140625,740.7000122070312,719.0,731.0,837674
2018-02-28,678.4170532226562,729.9500122070312,735.2000122070312,713.7000122070312,715.0,514165
2018-03-01,672.2364501953125,723.2999877929688,736.8499755859375,721.0999755859375,729.9500122070312,400430
2018-03-05,665.6378784179688,716.2000122070312,726.25,714.0,722.0,255364
2018-03-06,664.4296875,714.9000244140625,724.5,711.0,720.0,425438
2018-03-07,656.9478759765625,706.8499755859375,718.75,705.0499877929688,713.0,421945
2018-03-08,664.7550048828125,715.25,718.9000244140625,696.5499877929688,707.7999877929688,330219
2018-03-09,657.7843627929688,707.75,725.0,704.0,725.0,577608
2018-03-12,660.7120361328125,710.9000244140625,722.0,705.0999755859375,705.0999755859375,472461
2018-03-13,664.8477783203125,715.3499755859375,717.4500122070312,701.2999877929688,701.2999877929688,566988
2018-03-14,657.41259765625,707.3499755859375,713.9000244140625,704.2000122070312,712.9500122070312,340949
2018-03-15,660.7584228515625,710.9500122070312,716.3499755859375,702.0,711.0,506172
2018-03-16,650.2095947265625,699.5999755859375,715.0,697.0,711.0,470154
2018-03-19,629.1123657226562,676.9000244140625,704.5,674.0,699.9000244140625,533543
2018-03-20,644.0757446289062,693.0,698.0,673.9000244140625,678.0,470099
2018-03-21,656.9014892578125,706.7999877929688,709.5999755859375,695.5,695.5,526853
2018-03-22,655.4144287109375,705.2000122070312,717.5999755859375,703.0,708.5499877929688,580140
2018-03-23,658.9925537109375,709.0499877929688,713.7999877929688,688.7999877929688,695.2000122070312,392981
2018-03-26,690.4063110351562,742.8499755859375,747.5499877929688,710.1500244140625,710.1500244140625,1285428
2018-03-27,686.6422729492188,738.7999877929688,753.5,734.7999877929688,748.2999877929688,637860
2018-03-28,678.4170532226562,729.9500122070312,754.7999877929688,727.0,738.0,1330523
2018-04-02,700.4439697265625,753.6500244140625,755.0,731.3499755859375,735.4000244140625,714684
2018-04-03,696.4010009765625,749.2999877929688,754.9000244140625,739.5499877929688,751.9000244140625,356265
2018-04-04,691.986328125,744.5499877929688,773.4000244140625,740.0,752.0,1519480
2018-04-05,713.1767578125,767.3499755859375,770.0,748.0,748.0,904857
2018-04-06,718.1026611328125,772.6500244140625,775.0,763.8499755859375,768.0,568346
2018-04-09,720.1937866210938,774.9000244140625,782.7000122070312,771.5,776.7000122070312,436546
2018-04-10,716.4296264648438,770.8499755859375,781.5,761.0,772.25,425721
2018-04-11,736.4583740234375,792.4000244140625,794.3499755859375,764.5999755859375,772.0,874461
2018-04-12,717.0802001953125,771.5499877929688,800.8499755859375,768.4500122070312,794.9000244140625,1605375
2018-04-13,716.197265625,770.5999755859375,778.7000122070312,767.0999755859375,775.0,527448
2018-04-16,727.6753540039062,782.9500122070312,786.1500244140625,763.7000122070312,768.0,750034
2018-04-17,725.3983764648438,780.5,790.9000244140625,779.0,789.9500122070312,546271
2018-04-18,720.8442993164062,775.5999755859375,783.75,770.4000244140625,783.75,505963
2018-04-19,714.0131225585938,768.25,777.9000244140625,766.0,777.9000244140625,277107
2018-04-20,745.2875366210938,801.9000244140625,807.4000244140625,763.2999877929688,769.9000244140625,1209490
2018-04-23,730.4636840820312,785.9500122070312,802.0,782.2000122070312,802.0,874732
2018-04-24,728.7442016601562,784.0999755859375,804.5499877929688,781.5,785.0,868702
2018-04-25,726.3278198242188,781.5,792.2000122070312,774.5499877929688,783.0,545347
2018-04-26,725.8167114257812,780.9500122070312,788.5,772.75,781.0,454128
2018-04-27,737.1552734375,793.1500244140625,797.6500244140625,780.1500244140625,785.0,724719
2018-04-30,745.9381103515625,802.5999755859375,816.7000122070312,798.7000122070312,810.0,1405436
2018-05-02,722.9818725585938,777.9000244140625,807.0,768.0,802.0,609612
2018-05-03,716.3367309570312,770.75,781.8499755859375,763.0,780.2999877929688,455832
2018-05-04,722.7960815429688,777.7000122070312,789.0499877929688,767.25,768.1500244140625,600210
2018-05-07,731.8577880859375,787.4500122070312,794.25,776.9500122070312,776.9500122070312,541695
2018-05-08,728.6049194335938,783.9500122070312,794.2000122070312,782.2000122070312,786.5,315181
2018-05-09,735.1107177734375,790.9500122070312,802.7000122070312,782.0999755859375,782.25,767944
2018-05-10,723.30712890625,778.25,797.0,776.0,795.5999755859375,357763
2018-05-11,732.926513671875,788.5999755859375,792.5499877929688,773.6500244140625,783.0,568076
2018-05-14,724.190185546875,779.2000122070312,795.9500122070312,775.5,788.0,459584
2018-05-15,709.8773193359375,763.7999877929688,802.0,747.9000244140625,778.0,1081602
2018-05-16,706.2991333007812,759.9500122070312,775.0,755.7000122070312,761.0,506297
2018-05-17,702.5814819335938,755.9500122070312,768.75,752.8499755859375,760.2999877929688,396705
2018-05-18,699.0499267578125,752.1500244140625,761.0,746.0499877929688,756.2000122070312,453674
2018-05-21,691.5216674804688,744.0499877929688,761.0,740.5999755859375,759.4000244140625,460288
2018-05-22,697.0515747070312,750.0,755.0,735.2999877929688,744.0,846153
2018-05-23,705.973876953125,759.5999755859375,782.2000122070312,753.7000122070312,755.0999755859375,1970687
2018-05-24,697.3768310546875,750.3499755859375,766.0,744.3499755859375,765.9000244140625,668803
2018-05-25,708.994384765625,762.8499755859375,772.0,748.5499877929688,748.5499877929688,899989
2018-05-28,721.9596557617188,776.7999877929688,786.0,764.0,765.0,869123
2018-05-29,716.6619262695312,771.0999755859375,780.6500244140625,761.8499755859375,780.6500244140625,549834
2018-05-30,734.41357421875,790.2000122070312,798.0,763.0999755859375,765.1500244140625,1330351
2018-05-31,724.4690551757812,779.5,800.0,773.5,800.0,1322550
2018-06-01,711.4573364257812,765.5,793.6500244140625,755.0499877929688,783.9000244140625,801494
2018-06-04,698.8175659179688,751.9000244140625,776.0,748.0,767.6500244140625,505238
2018-06-05,694.9139404296875,747.7000122070312,758.8499755859375,739.2000122070312,748.7000122070312,692569
2018-06-06,697.7951049804688,750.7999877929688,754.9500122070312,742.4000244140625,748.5499877929688,495979
2018-06-07,709.830810546875,763.75,769.7000122070312,756.0999755859375,756.0999755859375,467807
2018-06-08,714.8496704101562,769.1500244140625,772.0,752.0999755859375,763.5,593892
2018-06-11,718.2884521484375,772.8499755859375,776.9500122070312,767.0499877929688,771.7999877929688,431822
2018-06-12,720.75146484375,775.5,788.0,773.0,777.9000244140625,1036555
2018-06-13,720.658447265625,775.4000244140625,786.9500122070312,772.8499755859375,775.9500122070312,531299
2018-06-14,717.59130859375,772.0999755859375,780.25,769.4500122070312,778.0,491354
2018-06-15,724.4690551757812,779.5,787.0,772.0,776.0,777832
2018-06-18,758.8568115234375,816.5,819.0,779.5,779.5,3235788
2018-06-19,766.7102661132812,824.9500122070312,833.7999877929688,815.0999755859375,819.25,4125860
2018-06-20,783.532470703125,843.0499877929688,844.7999877929688,818.7000122070312,830.0,2360155
2018-06-21,775.4467163085938,834.3499755859375,847.8499755859375,831.7000122070312,847.8499755859375,1345320
2018-06-22,771.96142578125,830.5999755859375,837.9000244140625,824.0499877929688,835.0,784642
2018-06-25,766.01318359375,824.2000122070312,834.0,821.5499877929688,832.0,423075
2018-06-26,785.8560180664062,845.5499877929688,849.0,821.75,825.3499755859375,1967427
2018-06-27,776.5155029296875,835.5,858.9000244140625,833.0999755859375,851.9500122070312,1847582
2018-06-28,769.8702392578125,828.3499755859375,843.9500122070312,822.4000244140625,836.5,908940
2018-06-29,798.728271484375,859.4000244140625,864.5999755859375,830.0,832.4500122070312,1575834
2018-07-02,778.885498046875,838.0499877929688,864.9000244140625,835.2999877929688,862.0,1107081
2018-07-03,776.8407592773438,835.8499755859375,853.5999755859375,831.9500122070312,836.5999755859375,1238170
2018-07-04,770.1954956054688,828.7000122070312,846.7999877929688,826.2000122070312,836.9500122070312,1060828
2018-07-05,776.3760375976562,835.3499755859375,843.9500122070312,831.0,831.0,867737
2018-07-06,771.4967041015625,830.0999755859375,843.9000244140625,827.7999877929688,836.0,741248
2018-07-09,783.4973754882812,838.9500122070312,843.0,831.0,832.7999877929688,985879
2018-07-10,786.8126831054688,842.5,853.0499877929688,835.0,842.0,1043667
2018-07-11,779.061279296875,834.2000122070312,849.7999877929688,829.7999877929688,845.0,835400
2018-07-12,780.3221435546875,835.5499877929688,847.0,832.5,835.2999877929688,832365
2018-07-13,765.4730834960938,819.6500244140625,841.25,815.9500122070312,840.9500122070312,760079
2018-07-16,764.5858154296875,818.7000122070312,831.8499755859375,813.0999755859375,822.7000122070312,788585
2018-07-17,785.8787841796875,841.5,846.0,815.2999877929688,818.9000244140625,1213290
2018-07-18,772.9910278320312,827.7000122070312,849.7999877929688,824.0499877929688,849.7999877929688,949354
2018-07-19,773.8314819335938,828.5999755859375,838.0,818.3499755859375,831.0,856936
2018-07-20,786.7192993164062,842.4000244140625,845.9000244140625,829.4500122070312,834.5,1769736
2018-07-23,844.2476806640625,904.0,909.7000122070312,856.0,875.0,6979431
2018-07-24,838.3641357421875,897.7000122070312,911.8499755859375,894.9000244140625,909.7999877929688,1523417
2018-07-25,833.6011352539062,892.5999755859375,898.9500122070312,877.5,898.0,1039242
2018-07-26,854.8942260742188,915.4000244140625,919.4000244140625,891.9500122070312,892.5999755859375,1610870
2018-07-27,855.734619140625,916.2999877929688,931.5,912.5999755859375,922.0,1255469
2018-07-30,857.5557250976562,918.25,925.0,906.0,915.0,550530
2018-07-31,848.8238525390625,908.9000244140625,917.9500122070312,906.2999877929688,916.25,409807
2018-08-01,878.942138671875,941.1500244140625,945.0,907.0999755859375,910.5,1663781
2018-08-02,871.1441040039062,932.7999877929688,951.5,926.75,944.0,1409464
2018-08-03,876.23388671875,938.25,942.4500122070312,931.0,932.7999877929688,506373
2018-08-06,872.498291015625,934.25,941.5,927.5499877929688,940.0,571282
2018-08-07,895.5189208984375,958.9000244140625,963.0,932.1500244140625,937.0,1717060
2018-08-08,886.9271240234375,949.7000122070312,967.4000244140625,945.6500244140625,958.5499877929688,1099483
2018-08-09,891.2696533203125,954.3499755859375,961.0,941.25,952.0999755859375,454577
2018-08-10,911.3017578125,975.7999877929688,978.7999877929688,944.8499755859375,955.4000244140625,2399528
2018-08-13,916.9520263671875,981.8499755859375,987.0,965.3499755859375,973.4000244140625,1440391
2018-08-14,938.1514892578125,1004.5499877929688,1008.9500122070312,982.0,984.0,2027310
2018-08-16,940.486328125,1007.0499877929688,1011.5,985.5499877929688,1000.0,1134404
2018-08-17,946.7435302734375,1013.75,1024.9000244140625,1006.9000244140625,1009.5,1009857
2018-08-20,962.0128173828125,1030.0999755859375,1034.5,1008.0999755859375,1013.5499877929688,1072872
2018-08-21,965.655029296875,1034.0,1040.75,1024.800048828125,1030.0999755859375,746840
2018-08-23,1005.3458862304688,1076.5,1082.4000244140625,1030.0,1032.199951171875,2027317
2018-08-24,1003.571533203125,1074.5999755859375,1088.0,1060.6500244140625,1075.199951171875,1287461
2018-08-27,994.3726196289062,1064.75,1081.0,1061.050048828125,1070.5,691721
2018-08-28,1026.9190673828125,1099.5999755859375,1108.9000244140625,1055.949951171875,1064.0,1354443
2018-08-29,1023.7904663085938,1096.25,1115.699951171875,1089.300048828125,1107.199951171875,1288742
2018-08-30,1015.3387451171875,1087.199951171875,1103.5999755859375,1079.300048828125,1100.0,745043
2018-08-31,1010.8558959960938,1082.4000244140625,1099.1500244140625,1069.199951171875,1087.699951171875,645525
2018-09-03,993.765380859375,1064.0999755859375,1098.5,1058.0,1078.0,681515
2018-09-04,964.1607055664062,1032.4000244140625,1071.0,1022.8499755859375,1065.050048828125,853123
2018-09-05,987.321533203125,1057.199951171875,1062.0,1015.5,1038.9000244140625,923602
2018-09-06,979.9904174804688,1049.3499755859375,1065.0,1032.8499755859375,1062.5,720692
2018-09-07,986.4345092773438,1056.25,1069.9000244140625,1039.8499755859375,1049.0999755859375,790700
2018-09-10,968.5968627929688,1037.1500244140625,1059.699951171875,1033.800048828125,1059.699951171875,464671
2018-09-11,952.6737060546875,1020.0999755859375,1043.050048828125,1016.5499877929688,1038.0,491327
2018-09-12,968.970458984375,1037.550048828125,1041.9000244140625,1002.3499755859375,1020.5499877929688,883172
2018-09-14,971.9588012695312,1040.75,1063.0,1034.550048828125,1047.0,1521137
2018-09-17,931.1005859375,997.0,1032.800048828125,988.7999877929688,1021.75,1210121
2018-09-18,937.3577880859375,1003.7000122070312,1015.25,986.0,990.0,1056508
2018-09-19,922.1351318359375,987.4000244140625,1017.0999755859375,975.0999755859375,1008.0,855073
2018-09-21,909.2006225585938,973.5499877929688,1002.0,930.5,991.3499755859375,1030412
2018-09-24,906.025390625,970.1500244140625,976.9500122070312,947.0,974.0,782447
2018-09-25,897.340087890625,960.8499755859375,973.75,933.0,968.0,850683
2018-09-26,893.2775268554688,956.5,967.8499755859375,948.5,966.0,603206
2018-09-27,918.5396118164062,983.5499877929688,990.2000122070312,960.2000122070312,960.2000122070312,1835778
2018-09-28,906.1654052734375,970.2999877929688,995.9000244140625,964.4500122070312,991.7999877929688,1621208
2018-10-01,903.9240112304688,967.9000244140625,974.9500122070312,940.5,973.0,843242
2018-10-03,854.8007202148438,915.2999877929688,970.0499877929688,911.0,967.8499755859375,1547225
2018-10-04,810.4871215820312,867.8499755859375,908.0,861.5,890.0,1819895
2018-10-05,803.4362182617188,860.2999877929688,876.5,852.5999755859375,867.0,1210299
2018-10-08,834.721923828125,893.7999877929688,898.9000244140625,844.0499877929688,862.0,1683421
2018-10-09,808.6193237304688,865.8499755859375,909.9500122070312,860.5,905.0,1609266
2018-10-10,848.6370239257812,908.7000122070312,918.75,870.0,870.0499877929688,1075566
2018-10-11,842.0996704101562,901.7000122070312,917.4000244140625,848.9500122070312,880.0,943829
2018-10-12,860.170654296875,921.0499877929688,943.8499755859375,910.0499877929688,910.8499755859375,1503189
2018-10-15,868.0621337890625,929.5,935.0,911.0499877929688,926.5999755859375,714715
2018-10-16,878.8021240234375,941.0,944.5999755859375,932.0,944.5999755859375,609443
2018-10-17,851.11181640625,911.3499755859375,954.75,905.0999755859375,949.0,761943
2018-10-19,835.4223022460938,894.5499877929688,916.7999877929688,884.2999877929688,911.0,606377
2018-10-22,815.063232421875,872.75,901.4000244140625,858.5999755859375,899.0,850295
2018-10-23,801.614990234375,858.3499755859375,875.0,833.0999755859375,869.0,1721717
2018-10-24,822.3010864257812,880.5,887.9000244140625,857.5499877929688,871.0,759758
2018-10-25,862.1318969726562,923.1500244140625,931.9500122070312,863.5,863.5,2683269
2018-10-26,848.8705444335938,908.9500122070312,932.0,904.2999877929688,928.0,1054016
2018-10-29,873.5722045898438,935.4000244140625,943.0,903.0,910.0,1208719
2018-10-30,877.4478759765625,939.5499877929688,954.5499877929688,921.8499755859375,935.7000122070312,917806
2018-10-31,910.0878295898438,974.5,983.0,943.0999755859375,948.9000244140625,1286649
2018-11-01,948.2843627929688,1015.4000244140625,1018.0499877929688,962.5,975.0,2536840
2018-11-02,940.11279296875,1006.6500244140625,1027.6500244140625,987.3499755859375,1019.0,2118491
2018-11-05,934.4159545898438,1000.5499877929688,1011.3499755859375,982.6500244140625,1005.0,999517
2018-11-06,944.1285400390625,1010.9500122070312,1026.0,1000.75,1000.75,1388239
2018-11-07,947.2103881835938,1014.25,1019.5999755859375,1010.25,1019.5999755859375,86889
2018-11-09,960.2850341796875,1028.25,1037.550048828125,1002.5,1008.0,1037429
2018-11-12,949.5919189453125,1016.7999877929688,1037.0,1009.2999877929688,1028.25,709903
2018-11-13,943.8016967773438,1010.5999755859375,1024.800048828125,1004.0499877929688,1018.0,739958
2018-11-14,932.5947875976562,998.5999755859375,1023.0,992.0,1017.5,686576
2018-11-15,934.1824951171875,1000.2999877929688,1011.0,992.5,999.0,471062
2018-11-16,937.5911254882812,1003.9500122070312,1012.0499877929688,995.0,1004.9000244140625,410517
2018-11-19,929.0926513671875,994.8499755859375,1010.0,984.5999755859375,1010.0,770724
2018-11-20,919.753662109375,984.8499755859375,999.9000244140625,980.0,994.0,380682
2018-11-21,911.1151123046875,975.5999755859375,989.9500122070312,967.0,981.9000244140625,786086
2018-11-22,895.052001953125,958.4000244140625,979.4000244140625,951.0,976.0999755859375,759416
2018-11-26,907.2394409179688,971.4500122070312,975.2000122070312,943.6500244140625,955.2999877929688,960630
2018-11-27,937.8713989257812,1004.25,1007.25,967.0,967.0,2018983
2018-11-28,933.1085205078125,999.1500244140625,1026.4000244140625,991.0999755859375,1007.0,1228582
2018-11-29,935.2564697265625,1001.4500122070312,1016.0,995.0,1002.0,989863
2018-11-30,974.3402709960938,1043.300048828125,1049.9000244140625,1000.0,1001.0999755859375,2093515
2018-12-03,993.4852905273438,1063.800048828125,1069.5,1046.300048828125,1046.300048828125,1716616
2018-12-04,989.2828369140625,1059.300048828125,1075.3499755859375,1048.449951171875,1063.0,1042001
2018-12-05,981.8582153320312,1051.3499755859375,1058.9000244140625,1041.5999755859375,1045.0,607938
2018-12-06,971.0249633789062,1039.75,1049.0,1032.0,1046.0,497411
2018-12-07,989.8429565429688,1059.9000244140625,1074.0,1040.050048828125,1042.300048828125,1279061
2018-12-10,948.657958984375,1015.7999877929688,1048.0,1011.4000244140625,1044.0,801135
2018-12-11,1000.7229614257812,1071.550048828125,1080.0,1000.5499877929688,1007.3499755859375,1313190
2018-12-12,1009.54833984375,1081.0,1087.0,1066.5999755859375,1075.0,1468624
2018-12-13,1014.8250122070312,1086.6500244140625,1094.800048828125,1076.0,1086.4000244140625,846676
2018-12-14,1019.1676635742188,1091.300048828125,1104.0,1074.1500244140625,1075.1500244140625,856295
2018-12-17,1020.1948852539062,1092.4000244140625,1104.800048828125,1087.0,1091.1500244140625,643986
2018-12-18,1025.5648193359375,1098.1500244140625,1102.699951171875,1082.25,1082.25,638077
2018-12-19,1042.6552734375,1116.449951171875,1127.9000244140625,1092.0,1096.0,1371418
2018-12-20,1033.6431884765625,1106.800048828125,1116.5,1101.6500244140625,1107.0,631415
2018-12-21,1044.756591796875,1118.699951171875,1139.0,1102.199951171875,1106.0,1802170
2018-12-24,1035.6976318359375,1109.0,1128.8499755859375,1101.449951171875,1124.0,1159490
2018-12-26,1024.1639404296875,1096.6500244140625,1107.9000244140625,1075.25,1107.9000244140625,665666
2018-12-27,1055.21630859375,1129.9000244140625,1136.949951171875,1102.0999755859375,1102.0999755859375,1529162
2018-12-28,1061.6602783203125,1136.800048828125,1144.0,1125.0,1135.0,1213059
2018-12-31,1059.3253173828125,1134.300048828125,1144.9000244140625,1126.0,1135.0,585584
2019-01-01,1051.620849609375,1126.050048828125,1137.800048828125,1120.449951171875,1133.0,314687
2019-01-02,1038.5462646484375,1112.050048828125,1135.0,1108.0,1120.4000244140625,493851
2019-01-03,1039.4332275390625,1113.0,1128.449951171875,1108.0,1112.0,573624
2019-01-04,1042.7020263671875,1116.5,1125.050048828125,1094.0,1121.0,737834
2019-01-07,1050.7333984375,1125.0999755859375,1136.800048828125,1122.0,1125.0,740031
2019-01-08,1056.6636962890625,1131.449951171875,1134.75,1114.0,1126.0,486912
2019-01-09,1072.306640625,1148.199951171875,1152.449951171875,1126.300048828125,1134.0,1099623
2019-01-10,1088.463134765625,1165.5,1169.9000244140625,1143.550048828125,1148.0,1108076
2019-01-11,1077.536376953125,1153.800048828125,1166.8499755859375,1151.0,1165.0,603904
2019-01-14,1085.661376953125,1162.5,1166.4000244140625,1147.449951171875,1148.5,440400
2019-01-15,1090.14404296875,1167.300048828125,1177.75,1160.0,1162.5,819711
2019-01-16,1088.04296875,1165.050048828125,1173.9000244140625,1161.5,1162.1500244140625,352173
2019-01-17,1076.0888671875,1152.25,1168.1500244140625,1138.3499755859375,1165.0,555003
2019-01-18,1079.450927734375,1155.8499755859375,1162.75,1148.0,1156.800048828125,273012
2019-01-21,1071.6995849609375,1147.550048828125,1159.9000244140625,1143.199951171875,1159.9000244140625,311638
2019-01-22,1071.8863525390625,1147.75,1156.0999755859375,1138.0,1138.0,501678
2019-01-23,1084.2138671875,1160.949951171875,1175.75,1145.449951171875,1148.0999755859375,841527
2019-01-24,1076.6492919921875,1152.8499755859375,1167.75,1144.1500244140625,1165.0999755859375,334775
2019-01-25,1049.8929443359375,1124.199951171875,1163.25,1116.050048828125,1150.9000244140625,479782
2019-01-28,1025.2847900390625,1097.8499755859375,1137.25,1087.699951171875,1124.25,679107
2019-01-29,1030.5611572265625,1103.5,1112.0,1090.300048828125,1090.300048828125,370828
2019-01-30,1030.8414306640625,1103.800048828125,1118.0,1080.75,1106.0999755859375,574214
2019-01-31,1044.6630859375,1118.5999755859375,1126.8499755859375,1087.0999755859375,1107.5999755859375,568576
2019-02-01,1068.3375244140625,1143.949951171875,1153.949951171875,1115.6500244140625,1115.6500244140625,447755
2019-02-04,1107.2813720703125,1185.6500244140625,1195.0,1136.5999755859375,1145.949951171875,982691
2019-02-05,1100.0435791015625,1177.9000244140625,1194.0,1170.4000244140625,1190.6500244140625,712476
2019-02-06,1121.2899169921875,1200.6500244140625,1204.0,1165.0,1180.0,720610
2019-02-07,1116.4803466796875,1195.5,1210.5,1188.1500244140625,1203.0,554886
2019-02-08,1112.1375732421875,1190.8499755859375,1216.3499755859375,1184.050048828125,1190.0,937173
2019-02-11,1109.8494873046875,1188.4000244140625,1209.0,1176.949951171875,1189.0,1012637
2019-02-12,1111.95068359375,1190.6500244140625,1205.0,1182.300048828125,1193.0,1262776
2019-02-14,1175.6895751953125,1258.9000244140625,1282.6500244140625,1251.5999755859375,1270.0,1801064
2019-02-15,1171.8138427734375,1254.75,1271.800048828125,1238.75,1259.0,1118186
2019-02-18,1182.3673095703125,1266.050048828125,1288.800048828125,1257.0999755859375,1265.0,1581618
2019-02-19,1180.4991455078125,1264.050048828125,1278.0,1260.5,1266.050048828125,698817
2019-02-20,1185.308837890625,1269.199951171875,1274.0,1255.550048828125,1265.0999755859375,658587
2019-02-21,1197.96337890625,1282.75,1285.5,1265.050048828125,1268.0,873596
2019-02-22,1226.2137451171875,1313.0,1320.0,1284.199951171875,1284.25,1568922
2019-02-25,1224.8128662109375,1311.5,1329.9000244140625,1301.25,1318.9000244140625,1660247
2019-02-26,1223.6923828125,1310.300048828125,1314.0,1280.300048828125,1280.300048828125,1370995
2019-02-27,1211.6915283203125,1297.449951171875,1321.0,1290.050048828125,1315.0,764760
2019-02-28,1203.6134033203125,1288.800048828125,1306.800048828125,1274.0,1306.800048828125,1326780
2019-03-01,1195.441650390625,1280.050048828125,1297.25,1271.25,1290.25,761639
2019-03-05,1219.349365234375,1305.6500244140625,1310.0,1275.0,1280.050048828125,657363
2019-03-06,1255.49169921875,1344.3499755859375,1348.5999755859375,1292.6500244140625,1310.0,1547417
2019-03-07,1260.2545166015625,1349.449951171875,1358.0,1338.550048828125,1345.0,1130700
2019-03-08,1241.1094970703125,1328.949951171875,1350.449951171875,1324.6500244140625,1348.0,746047
2019-03-11,1251.5693359375,1340.1500244140625,1348.949951171875,1325.0999755859375,1331.050048828125,546913
2019-03-12,1277.8118896484375,1368.25,1374.0,1341.0,1345.0,1017271
2019-03-13,1256.0986328125,1345.0,1367.949951171875,1341.5,1365.0999755859375,527804
2019-03-14,1274.1229248046875,1364.300048828125,1372.800048828125,1338.800048828125,1351.0,889086
2019-03-15,1283.3685302734375,1374.199951171875,1386.5999755859375,1358.300048828125,1364.0,1920819
2019-03-18,1250.7752685546875,1339.300048828125,1373.5,1327.0999755859375,1373.5,829855
2019-03-19,1252.1295166015625,1340.75,1361.800048828125,1330.0,1341.0,717522
2019-03-20,1262.4024658203125,1351.75,1357.3499755859375,1332.949951171875,1343.300048828125,758746
2019-03-22,1271.648193359375,1361.6500244140625,1369.800048828125,1346.0,1349.9000244140625,535750
2019-03-25,1240.7825927734375,1328.5999755859375,1361.0,1324.050048828125,1361.0,864602
2019-03-26,1263.3365478515625,1352.75,1356.75,1332.0,1332.0,601572
2019-03-27,1280.8936767578125,1371.550048828125,1387.0,1358.0,1359.25,898728
2019-03-28,1319.9775390625,1413.4000244140625,1427.1500244140625,1367.699951171875,1375.300048828125,1513755
2019-04-01,1295.6492919921875,1387.3499755859375,1420.0,1383.699951171875,1405.0,570286
2019-04-02,1291.5869140625,1383.0,1398.75,1375.25,1390.050048828125,580623
2019-04-03,1304.98828125,1397.3499755859375,1409.8499755859375,1381.449951171875,1382.5,605476
2019-04-04,1308.677490234375,1401.300048828125,1405.5,1385.0999755859375,1396.300048828125,454117
2019-04-05,1322.031982421875,1415.5999755859375,1424.449951171875,1403.5999755859375,1410.0,991756
2019-04-08,1305.17529296875,1397.550048828125,1416.0,1388.0,1401.0,475431
2019-04-09,1307.369873046875,1399.9000244140625,1413.949951171875,1383.5999755859375,1395.5999755859375,479950
2019-04-10,1300.55224609375,1392.5999755859375,1407.449951171875,1389.3499755859375,1404.0,381272
2019-04-11,1291.4935302734375,1382.9000244140625,1392.5,1367.050048828125,1392.5,586165
2019-04-12,1314.9813232421875,1408.050048828125,1412.949951171875,1389.0,1389.0,1076689
2019-04-15,1320.397705078125,1413.8499755859375,1419.0,1403.0,1413.550048828125,455743
2019-04-16,1336.227294921875,1430.800048828125,1438.5,1408.199951171875,1414.4000244140625,754278
2019-04-18,1327.2618408203125,1421.199951171875,1438.0,1418.0999755859375,1431.0,534153
2019-04-22,1317.736328125,1411.0,1421.949951171875,1407.0999755859375,1414.050048828125,251883
2019-04-23,1350.0025634765625,1445.550048828125,1452.9000244140625,1407.0,1414.0,996932
2019-04-24,1367.419677734375,1464.199951171875,1469.199951171875,1439.4000244140625,1443.1500244140625,1101109
2019-04-25,1368.960693359375,1465.8499755859375,1473.5,1455.0,1464.0,547790
2019-04-26,1350.936279296875,1446.550048828125,1469.699951171875,1443.0,1465.8499755859375,421194
2019-04-30,1357.89404296875,1454.0,1462.800048828125,1435.1500244140625,1454.0,478285
2019-05-02,1369.8013916015625,1466.75,1470.800048828125,1447.5999755859375,1454.0,399193
2019-05-03,1346.3135986328125,1441.5999755859375,1479.949951171875,1435.25,1467.0,826063
2019-05-06,1282.6683349609375,1373.449951171875,1440.4000244140625,1367.300048828125,1425.0,1202111
2019-05-07,1264.08349609375,1353.550048828125,1375.800048828125,1350.0,1370.0,1225646
2019-05-08,1258.8070068359375,1347.9000244140625,1366.0,1333.25,1345.0999755859375,610792
2019-05-09,1261.9356689453125,1351.25,1374.800048828125,1345.6500244140625,1354.0,950364
2019-05-10,1260.44140625,1349.6500244140625,1363.0,1328.5999755859375,1361.0,672164
2019-05-13,1271.7882080078125,1361.800048828125,1384.0999755859375,1346.699951171875,1349.0,822008
2019-05-14,1223.6456298828125,1310.25,1367.949951171875,1300.5999755859375,1360.0,1267075
2019-05-15,1240.2689208984375,1328.050048828125,1337.5,1300.699951171875,1306.0,1012860
2019-05-16,1253.3436279296875,1342.050048828125,1350.9000244140625,1317.0999755859375,1324.5,659367
2019-05-17,1283.9290771484375,1374.800048828125,1377.9000244140625,1333.0,1342.0,805301
2019-05-20,1268.0526123046875,1357.800048828125,1404.550048828125,1349.050048828125,1400.0,571029
2019-05-21,1287.4779052734375,1378.5999755859375,1391.5,1360.0,1360.0,610783
2019-05-22,1293.3145751953125,1384.8499755859375,1395.800048828125,1373.5,1384.4000244140625,558589
2019-05-23,1275.2435302734375,1365.5,1399.0,1363.0,1399.0,576662
2019-05-24,1251.1956787109375,1339.75,1374.9000244140625,1329.0,1374.9000244140625,987097
2019-05-27,1249.6080322265625,1338.050048828125,1373.699951171875,1311.5999755859375,1366.300048828125,2491189
2019-05-28,1227.1475830078125,1314.0,1349.949951171875,1307.5999755859375,1346.300048828125,1028764
2019-05-29,1230.276123046875,1317.3499755859375,1329.8499755859375,1313.25,1319.0,746389
2019-05-30,1234.15185546875,1321.5,1334.0,1311.050048828125,1318.5,719213
2019-05-31,1237.3271484375,1324.9000244140625,1334.0,1318.050048828125,1323.550048828125,453350
2019-06-03,1272.72216796875,1362.800048828125,1370.25,1316.5999755859375,1330.0,935788
2019-06-04,1283.7421875,1374.5999755859375,1389.199951171875,1365.0,1372.0,1092980
2019-06-06,1298.77783203125,1390.699951171875,1399.0,1358.949951171875,1380.0,838108
2019-06-07,1287.944580078125,1379.0999755859375,1399.0,1362.1500244140625,1391.0,613759
2019-06-10,1326.841796875,1420.75,1424.949951171875,1374.75,1375.0,1357222
2019-06-11,1326.93505859375,1420.8499755859375,1429.550048828125,1409.0,1425.0,912042
2019-06-12,1334.873291015625,1429.3499755859375,1443.8499755859375,1417.199951171875,1420.9000244140625,1091679
2019-06-13,1342.2510986328125,1437.25,1441.0,1422.550048828125,1427.0,583556
2019-06-14,1332.5386962890625,1426.8499755859375,1450.0,1420.0999755859375,1437.0,457991
2019-06-17,1331.6513671875,1425.9000244140625,1442.0,1410.050048828125,1422.0,670133
2019-06-18,1298.264404296875,1390.1500244140625,1425.5,1376.1500244140625,1425.5,980375
2019-06-19,1304.6148681640625,1396.949951171875,1407.75,1382.0,1398.0,631560
2019-06-20,1310.078369140625,1402.800048828125,1407.6500244140625,1379.199951171875,1403.0,472476
2019-06-21,1311.75927734375,1404.5999755859375,1415.0,1386.5999755859375,1400.949951171875,998376
2019-06-24,1312.459716796875,1405.3499755859375,1430.6500244140625,1388.0,1414.949951171875,341976
2019-06-25,1320.071044921875,1413.5,1424.8499755859375,1399.699951171875,1405.5,572227
2019-06-26,1334.40625,1428.8499755859375,1437.0,1420.449951171875,1420.449951171875,911770
2019-06-27,1351.636962890625,1447.300048828125,1451.6500244140625,1420.199951171875,1430.0,700796
2019-06-28,1350.843017578125,1446.449951171875,1460.0,1441.25,1447.3499755859375,555967
2019-07-01,1351.4500732421875,1447.0999755859375,1455.0999755859375,1435.4000244140625,1449.9000244140625,386458
2019-07-02,1361.2093505859375,1457.550048828125,1463.9000244140625,1447.0,1454.0,525794
2019-07-03,1366.2523193359375,1462.949951171875,1468.0,1452.800048828125,1458.0,352931
2019-07-04,1360.928955078125,1457.25,1468.0,1453.1500244140625,1465.0,224249
2019-07-05,1353.2242431640625,1449.0,1459.9000244140625,1442.550048828125,1459.9000244140625,327704
2019-07-08,1331.838134765625,1426.0999755859375,1444.699951171875,1407.050048828125,1444.699951171875,662235
2019-07-09,1298.031005859375,1389.9000244140625,1413.9000244140625,1357.75,1413.9000244140625,856652
2019-07-10,1277.158203125,1367.550048828125,1390.0,1361.550048828125,1381.5,415397
2019-07-11,1253.4368896484375,1342.1500244140625,1375.800048828125,1327.6500244140625,1371.0,1606390
2019-07-12,1255.16455078125,1344.0,1357.1500244140625,1330.0,1349.6500244140625,853554
2019-07-15,1251.5224609375,1340.0999755859375,1355.699951171875,1328.5999755859375,1343.0,573418
2019-07-16,1267.86572265625,1357.5999755859375,1362.0,1336.050048828125,1340.0,498787
2019-07-17,1270.9942626953125,1360.949951171875,1371.0,1357.5999755859375,1360.949951171875,456700
2019-07-18,1252.969970703125,1341.6500244140625,1359.0,1332.050048828125,1359.0,664401
2019-07-19,1209.123291015625,1294.699951171875,1348.6500244140625,1283.1500244140625,1348.6500244140625,1095539
2019-07-22,1201.193603515625,1280.0,1292.0,1262.0,1262.699951171875,929567
2019-07-23,1203.39892578125,1282.3499755859375,1289.75,1250.4000244140625,1283.0999755859375,1176457
2019-07-24,1226.0621337890625,1306.5,1317.0999755859375,1275.199951171875,1285.0,689125
2019-07-25,1221.1822509765625,1301.300048828125,1314.5999755859375,1292.6500244140625,1314.5999755859375,571690
2019-07-26,1235.493408203125,1316.550048828125,1328.5999755859375,1292.75,1299.300048828125,484288
2019-07-29,1222.54296875,1302.75,1326.1500244140625,1298.25,1321.949951171875,402717
2019-07-30,1221.7452392578125,1301.9000244140625,1323.699951171875,1290.5,1302.75,478549
2019-07-31,1227.04736328125,1307.550048828125,1319.0,1263.699951171875,1296.0,681325
2019-08-01,1221.6514892578125,1301.800048828125,1315.949951171875,1292.4000244140625,1298.300048828125,547149
2019-08-02,1229.581298828125,1310.25,1321.1500244140625,1282.5,1304.0,969338
2019-08-05,1283.4940185546875,1367.699951171875,1381.449951171875,1284.449951171875,1310.0,3036993
2019-08-06,1318.6385498046875,1405.1500244140625,1414.0,1358.050048828125,1362.699951171875,1742722
2019-08-07,1313.9930419921875,1400.199951171875,1444.0,1387.949951171875,1409.4000244140625,1435997
2019-08-08,1339.6123046875,1427.5,1434.949951171875,1396.699951171875,1407.0,519327
2019-08-09,1338.533203125,1426.3499755859375,1439.0999755859375,1407.199951171875,1431.0,600539
2019-08-13,1344.586181640625,1432.800048828125,1458.0,1420.1500244140625,1430.0,958382
2019-08-14,1361.4781494140625,1450.800048828125,1462.0,1429.0,1434.0999755859375,821325
2019-08-16,1382.8272705078125,1473.550048828125,1479.4000244140625,1450.25,1458.0,1068862
2019-08-19,1382.8272705078125,1473.550048828125,1493.8499755859375,1465.5999755859375,1484.800048828125,770520
2019-08-20,1381.0911865234375,1471.699951171875,1484.4000244140625,1465.3499755859375,1474.1500244140625,482308
2019-08-21,1385.032470703125,1475.9000244140625,1488.9000244140625,1468.0,1470.0999755859375,611803
2019-08-22,1367.436767578125,1457.1500244140625,1475.8499755859375,1448.0,1471.5,443401
2019-08-23,1390.3814697265625,1481.5999755859375,1486.0,1435.5999755859375,1456.199951171875,640851
2019-08-26,1385.3609619140625,1476.25,1495.5,1470.0999755859375,1492.050048828125,559462
2019-08-27,1416.1884765625,1509.0999755859375,1515.199951171875,1475.300048828125,1482.25,970268
2019-08-28,1414.8746337890625,1507.699951171875,1521.699951171875,1501.5,1513.949951171875,761192
2019-08-29,1413.7484130859375,1506.5,1515.0,1491.449951171875,1507.0,446936
2019-08-30,1446.922119140625,1541.8499755859375,1550.0,1505.0,1510.300048828125,966206
2019-09-03,1444.0130615234375,1538.75,1554.800048828125,1525.550048828125,1537.949951171875,950405
2019-09-04,1446.1243896484375,1541.0,1547.8499755859375,1525.8499755859375,1538.75,496458
2019-09-05,1428.247314453125,1521.949951171875,1544.3499755859375,1516.050048828125,1538.199951171875,420691
2019-09-06,1446.452880859375,1541.3499755859375,1544.550048828125,1511.050048828125,1528.0999755859375,356817
2019-09-09,1463.8138427734375,1559.8499755859375,1564.0999755859375,1539.0,1544.550048828125,733342
2019-09-11,1475.40380859375,1572.199951171875,1574.5,1555.0999755859375,1558.0,523795
2019-09-12,1456.4002685546875,1551.949951171875,1579.9000244140625,1543.75,1575.0,448013
2019-09-13,1469.538330078125,1565.949951171875,1570.0,1548.699951171875,1558.0,355591
2019-09-16,1473.3861083984375,1570.050048828125,1576.949951171875,1551.050048828125,1551.050048828125,359837
2019-09-17,1464.4239501953125,1560.5,1577.0,1556.0,1569.9000244140625,356446
2019-09-18,1450.347412109375,1545.5,1568.6500244140625,1530.0,1561.0999755859375,497619
2019-09-19,1436.2237548828125,1530.449951171875,1546.0,1525.0,1536.0,381871
2019-09-20,1528.3780517578125,1628.6500244140625,1649.949951171875,1510.0,1529.0999755859375,1146060
2019-09-23,1625.3651123046875,1732.0,1782.0,1636.300048828125,1643.0,1003259
2019-09-24,1615.08935546875,1721.050048828125,1754.9000244140625,1701.0,1742.800048828125,767040
2019-09-25,1600.9658203125,1706.0,1720.5,1701.0999755859375,1705.0,482046
2019-09-26,1614.5728759765625,1720.5,1727.25,1688.0,1713.0,663147
2019-09-27,1646.104248046875,1754.0999755859375,1760.949951171875,1701.0,1720.5999755859375,687166
2019-09-30,1616.16845703125,1722.199951171875,1769.949951171875,1713.0999755859375,1767.0,663077
2019-10-01,1630.0103759765625,1736.949951171875,1754.0,1723.0,1724.8499755859375,665366
2019-10-03,1584.0740966796875,1688.0,1738.550048828125,1676.0,1719.550048828125,538283
2019-10-04,1569.9974365234375,1673.0,1700.0,1668.0,1699.8499755859375,426642
2019-10-07,1578.208984375,1681.75,1699.4000244140625,1652.550048828125,1674.0,633304
2019-10-09,1617.3883056640625,1723.5,1735.0,1660.5,1680.0,816170
2019-10-10,1596.8836669921875,1701.6500244140625,1748.0,1691.0,1717.0,895098
2019-10-11,1604.203369140625,1709.449951171875,1727.6500244140625,1700.0,1712.300048828125,568615
2019-10-14,1624.2860107421875,1730.8499755859375,1737.800048828125,1709.449951171875,1713.550048828125,313885
2019-10-15,1611.382568359375,1717.0999755859375,1735.0,1708.0999755859375,1730.0,409419
2019-10-16,1595.804443359375,1700.5,1720.949951171875,1694.0,1717.5999755859375,463115
2019-10-17,1639.3006591796875,1746.8499755859375,1750.800048828125,1688.050048828125,1700.0,752572
2019-10-18,1660.1810302734375,1769.0999755859375,1780.0,1736.1500244140625,1740.0,898576
2019-10-22,1659.0078125,1767.8499755859375,1804.949951171875,1742.1500244140625,1773.75,767897
2019-10-23,1663.7938232421875,1772.949951171875,1787.949951171875,1762.0,1766.800048828125,355155
2019-10-24,1679.5126953125,1789.699951171875,1792.4000244140625,1771.0999755859375,1786.0999755859375,280794
2019-10-25,1654.92578125,1763.5,1797.0,1754.550048828125,1777.300048828125,594439
2019-10-27,1658.53857421875,1767.3499755859375,1779.9000244140625,1750.0,1770.0,66615
2019-10-29,1671.958251953125,1781.6500244140625,1791.550048828125,1755.0,1778.0,389498
2019-10-30,1670.59765625,1780.199951171875,1789.0,1764.050048828125,1789.0,353785
2019-10-31,1695.6536865234375,1806.9000244140625,1814.0,1779.3499755859375,1785.300048828125,1065878
2019-11-01,1634.045654296875,1741.25,1810.1500244140625,1732.9000244140625,1802.0,841640
2019-11-04,1624.5672607421875,1731.1500244140625,1759.0,1715.199951171875,1758.0,574339
2019-11-05,1599.7459716796875,1704.699951171875,1741.9000244140625,1700.5999755859375,1730.550048828125,937911
2019-11-06,1604.7666015625,1710.050048828125,1727.6500244140625,1688.050048828125,1708.0,628817
2019-11-07,1619.5,1725.75,1729.9000244140625,1695.300048828125,1705.0,321619
2019-11-08,1593.2236328125,1697.75,1741.0,1688.6500244140625,1724.0,456488
2019-11-11,1598.8543701171875,1703.75,1723.949951171875,1683.5,1693.0999755859375,413019
2019-11-13,1581.024169921875,1684.75,1706.0,1676.6500244140625,1705.0999755859375,942272
2019-11-14,1605.798828125,1711.1500244140625,1775.25,1686.4000244140625,1691.0,2767571
2019-11-15,1624.8021240234375,1731.4000244140625,1743.8499755859375,1708.0,1713.0,612436
2019-11-18,1596.9775390625,1701.75,1738.9000244140625,1698.5999755859375,1732.0,493578
2019-11-19,1582.1971435546875,1686.0,1708.0,1680.6500244140625,1701.0,426584
2019-11-20,1580.2733154296875,1683.949951171875,1701.199951171875,1677.199951171875,1687.0999755859375,399565
2019-11-21,1537.66845703125,1638.550048828125,1691.449951171875,1632.449951171875,1685.0,753920
2019-11-22,1541.56298828125,1642.699951171875,1649.9000244140625,1617.0,1636.0,668209
2019-11-25,1540.1553955078125,1641.199951171875,1651.949951171875,1626.800048828125,1645.0,519307
2019-11-26,1523.8736572265625,1623.8499755859375,1650.050048828125,1620.1500244140625,1647.0,465585
2019-11-27,1521.1051025390625,1620.9000244140625,1633.6500244140625,1600.0,1624.0,687636
2019-11-28,1533.4925537109375,1634.0999755859375,1638.0,1612.8499755859375,1616.25,473768
2019-11-29,1528.7535400390625,1629.050048828125,1645.1500244140625,1622.050048828125,1638.0,310263
2019-12-02,1526.6888427734375,1626.8499755859375,1637.4000244140625,1616.0,1625.0999755859375,213501
2019-12-03,1575.01806640625,1678.3499755859375,1684.9000244140625,1624.0,1624.0,1472521
2019-12-04,1573.3291015625,1676.550048828125,1696.300048828125,1666.0999755859375,1678.3499755859375,828546
2019-12-05,1602.232666015625,1707.3499755859375,1719.300048828125,1674.050048828125,1674.050048828125,954700
2019-12-06,1598.47900390625,1703.3499755859375,1723.5,1690.5999755859375,1709.0,541881
2019-12-09,1584.12109375,1688.050048828125,1713.699951171875,1681.0999755859375,1703.0,356524
2019-12-10,1594.865966796875,1699.5,1710.0,1676.050048828125,1687.0,472252
2019-12-11,1608.7080078125,1714.25,1730.0,1699.0,1700.0,841514
2019-12-12,1605.9395751953125,1711.300048828125,1724.800048828125,1701.0,1717.8499755859375,375006
2019-12-13,1616.35595703125,1722.4000244140625,1737.75,1710.0,1710.0,589213
2019-12-16,1593.1297607421875,1697.6500244140625,1731.6500244140625,1690.0,1724.0,331935
2019-12-17,1579.5694580078125,1683.199951171875,1697.5,1676.550048828125,1696.0,403605
2019-12-18,1560.5662841796875,1662.949951171875,1687.9000244140625,1653.9000244140625,1685.5999755859375,366968
2019-12-19,1564.6954345703125,1667.3499755859375,1681.0,1661.5,1663.5,424639
2019-12-20,1588.6724853515625,1692.9000244140625,1698.3499755859375,1668.800048828125,1668.800048828125,531446
2019-12-23,1603.0772705078125,1708.25,1724.5,1695.050048828125,1697.0,473220
2019-12-24,1605.0010986328125,1710.300048828125,1725.800048828125,1705.0,1716.0999755859375,471469
2019-12-26,1610.3970947265625,1716.050048828125,1722.0,1699.3499755859375,1708.0,352368
2019-12-27,1608.6611328125,1714.199951171875,1725.0,1698.4000244140625,1715.550048828125,305971
2019-12-30,1653.4241943359375,1761.9000244140625,1766.0,1710.0,1712.5,1233600
2019-12-31,1643.7115478515625,1751.550048828125,1770.75,1746.0,1761.9000244140625,638499
2020-01-01,1637.84619140625,1745.300048828125,1764.699951171875,1743.5,1751.550048828125,214199
2020-01-02,1643.1951904296875,1751.0,1759.050048828125,1732.199951171875,1748.0,269100
2020-01-03,1632.96630859375,1740.0999755859375,1757.25,1730.1500244140625,1751.0999755859375,233227
2020-01-06,1599.60498046875,1704.550048828125,1738.0,1686.5,1738.0,492883
2020-01-07,1610.6317138671875,1716.300048828125,1738.1500244140625,1705.4000244140625,1710.0,446263
2020-01-08,1624.332763671875,1730.9000244140625,1736.6500244140625,1686.75,1712.1500244140625,454711
2020-01-09,1652.2510986328125,1760.6500244140625,1771.75,1733.5999755859375,1740.0,456274
2020-01-10,1647.60595703125,1755.699951171875,1770.699951171875,1749.4000244140625,1770.0,270427
2020-01-13,1649.201416015625,1757.4000244140625,1766.449951171875,1751.25,1758.300048828125,150224
2020-01-14,1660.0870361328125,1769.0,1784.449951171875,1755.0,1760.0,950702
2020-01-15,1678.0579833984375,1788.1500244140625,1792.3499755859375,1771.199951171875,1771.199951171875,307090
2020-01-16,1667.078369140625,1776.449951171875,1803.0,1772.449951171875,1794.0,353949
2020-01-17,1679.5126953125,1789.699951171875,1799.9000244140625,1780.0,1787.550048828125,260827
2020-01-20,1682.234130859375,1792.5999755859375,1804.949951171875,1780.550048828125,1789.0,367855
2020-01-21,1678.24560546875,1788.3499755859375,1799.0,1757.6500244140625,1782.0,491307
2020-01-22,1665.9051513671875,1775.199951171875,1791.949951171875,1765.5,1782.0,305625
2020-01-23,1689.7415771484375,1800.5999755859375,1808.0,1769.449951171875,1775.050048828125,348369
2020-01-24,1733.0970458984375,1846.800048828125,1850.4000244140625,1800.5999755859375,1800.9000244140625,1137330
2020-01-27,1736.6629638671875,1850.5999755859375,1866.0,1831.199951171875,1839.0,793831
2020-01-28,1720.3812255859375,1833.25,1859.0,1830.0999755859375,1849.800048828125,358185
2020-01-29,1742.0589599609375,1856.3499755859375,1860.0,1822.0,1840.0,451969
2020-01-30,1714.46923828125,1826.949951171875,1855.0,1820.0,1855.0,349924
2020-01-31,1690.9144287109375,1801.8499755859375,1842.0,1796.8499755859375,1840.0,278726
2020-02-03,1736.287841796875,1850.199951171875,1864.0,1783.199951171875,1795.0,614043
2020-02-04,1751.208984375,1866.0999755859375,1882.5,1838.550048828125,1855.0,823360
2020-02-05,1757.4964599609375,1872.800048828125,1879.9000244140625,1857.0,1869.949951171875,291241
2020-02-06,1739.806884765625,1853.949951171875,1879.699951171875,1850.0,1876.0,412053
2020-02-07,1729.0150146484375,1842.449951171875,1895.449951171875,1812.6500244140625,1879.699951171875,2091261
2020-02-10,1709.2611083984375,1821.4000244140625,1842.3499755859375,1792.0999755859375,1842.0,516217
2020-02-11,1689.272216796875,1800.0999755859375,1839.8499755859375,1793.449951171875,1837.0,463110
2020-02-12,1711.0440673828125,1823.300048828125,1844.800048828125,1796.0,1796.0,457610
2020-02-13,1701.8472900390625,1813.5,1837.9000244140625,1809.4000244140625,1830.0,370967
2020-02-14,1673.459716796875,1783.25,1826.199951171875,1772.550048828125,1815.0,533112
2020-02-17,1675.242919921875,1785.1500244140625,1804.75,1763.0,1789.4000244140625,427930
2020-02-18,1686.41015625,1797.050048828125,1817.949951171875,1781.0,1782.800048828125,766674
2020-02-19,1691.3369140625,1802.300048828125,1814.5999755859375,1782.199951171875,1800.25,432521
2020-02-20,1692.6505126953125,1803.699951171875,1824.8499755859375,1795.199951171875,1800.0,478540
2020-02-24,1651.03125,1759.3499755859375,1806.5999755859375,1752.75,1797.0,481816
2020-02-25,1613.728515625,1719.5999755859375,1771.949951171875,1714.699951171875,1762.0,928904
2020-02-26,1573.6103515625,1676.8499755859375,1711.9000244140625,1667.6500244140625,1710.0,744063
2020-02-27,1569.9974365234375,1673.0,1691.550048828125,1640.050048828125,1677.0,736450
2020-02-28,1549.0234375,1650.6500244140625,1674.4000244140625,1600.0,1640.0,715808
2020-03-02,1533.8209228515625,1634.449951171875,1690.25,1622.0,1670.0,750864
2020-03-03,1518.9468994140625,1618.5999755859375,1659.949951171875,1595.1500244140625,1636.0,802303
2020-03-04,1491.49755859375,1589.3499755859375,1636.0,1537.449951171875,1625.800048828125,1141196
2020-03-05,1513.6446533203125,1612.949951171875,1624.800048828125,1542.5,1600.0,944547
2020-03-06,1453.9136962890625,1549.300048828125,1574.0,1536.050048828125,1550.0,734505
2020-03-09,1412.9508056640625,1505.6500244140625,1540.949951171875,1455.3499755859375,1510.0,769536
2020-03-11,1397.748291015625,1489.449951171875,1532.9000244140625,1468.300048828125,1515.0,925949
2020-03-12,1324.64453125,1411.550048828125,1449.0,1387.949951171875,1443.0,1444742
2020-03-13,1372.8797607421875,1462.949951171875,1488.0,1272.0,1272.0,1169086
2020-03-16,1263.8338623046875,1346.75,1457.4000244140625,1330.5,1400.0,750667
2020-03-17,1226.0621337890625,1306.5,1369.949951171875,1298.0,1346.75,875223
2020-03-18,1123.8199462890625,1197.550048828125,1331.949951171875,1180.0,1330.0,904342
2020-03-19,1032.744873046875,1100.5,1147.0,1000.0,1090.0,2256468
2020-03-20,1157.368896484375,1233.300048828125,1295.0,1097.800048828125,1109.0,1589647
2020-03-23,996.0521850585938,1061.4000244140625,1179.9000244140625,1050.0,1120.0,712736
2020-03-24,1013.413330078125,1079.9000244140625,1129.5999755859375,1052.550048828125,1100.0,610639
2020-03-25,1082.0126953125,1153.0,1187.8499755859375,1031.9000244140625,1040.0,810634
2020-03-26,1155.022705078125,1230.800048828125,1268.300048828125,1125.0,1150.0,1265040
2020-03-27,1150.518310546875,1226.0,1293.949951171875,1190.0,1290.0,975716
2020-03-30,1133.1572265625,1207.5,1249.0,1151.0,1165.0,653877
2020-03-31,1155.30419921875,1231.0999755859375,1275.0,1205.050048828125,1275.0,513581
2020-04-01,1116.4530029296875,1189.699951171875,1249.0,1170.0,1238.75,503551
2020-04-03,1117.4385986328125,1190.75,1215.0,1146.300048828125,1201.9000244140625,737772
2020-04-07,1169.6622314453125,1246.4000244140625,1282.800048828125,1202.449951171875,1232.0,901621
2020-04-08,1163.7032470703125,1240.050048828125,1339.0,1228.0,1246.5,1346077
2020-04-09,1165.9554443359375,1242.449951171875,1280.0,1219.0,1260.0,981051
2020-04-13,1118.423828125,1191.800048828125,1242.449951171875,1154.199951171875,1240.0,1193175
2020-04-15,1129.6380615234375,1203.75,1245.0,1189.1500244140625,1199.0,1088202
2020-04-16,1153.849609375,1229.550048828125,1243.949951171875,1152.6500244140625,1191.25,1351651
2020-04-17,1162.8116455078125,1239.0999755859375,1287.949951171875,1202.550048828125,1255.0,1457046
2020-04-20,1133.2979736328125,1207.6500244140625,1249.5,1202.9000244140625,1239.9000244140625,790595
2020-04-21,1126.494384765625,1200.4000244140625,1208.0,1158.0,1180.0,1824983
2020-04-22,1140.711669921875,1215.550048828125,1223.8499755859375,1170.0,1180.0,1432107
2020-04-23,1191.527587890625,1269.699951171875,1280.800048828125,1211.050048828125,1215.0,2260899
2020-04-24,1163.234130859375,1239.550048828125,1313.0,1230.0,1258.0,3094826
2020-04-27,1210.7657470703125,1290.199951171875,1298.0,1245.0,1248.800048828125,1572374
2020-04-28,1242.67236328125,1324.199951171875,1344.0,1296.300048828125,1309.800048828125,2271914
2020-04-29,1255.7635498046875,1338.1500244140625,1354.0,1327.8499755859375,1348.0,1270129
2020-04-30,1281.10107421875,1365.1500244140625,1382.0,1320.0,1355.0,1561843
2020-05-04,1232.4434814453125,1313.300048828125,1346.25,1306.0,1318.0,988486
2020-05-05,1187.351806640625,1265.25,1341.949951171875,1257.0,1330.0,1112004
2020-05-06,1226.3436279296875,1306.800048828125,1318.0,1245.6500244140625,1270.0,1180399
2020-05-07,1199.73876953125,1278.449951171875,1314.0,1273.5,1313.9000244140625,677378
2020-05-08,1213.487060546875,1293.0999755859375,1314.5999755859375,1286.5,1291.8499755859375,739799
2020-05-11,1239.6693115234375,1321.0,1334.9000244140625,1301.300048828125,1320.0,1364779
2020-05-12,1242.25,1323.75,1329.550048828125,1286.050048828125,1310.0,614793
2020-05-13,1299.3536376953125,1384.5999755859375,1392.0,1328.199951171875,1350.0,1343076
2020-05-14,1280.0218505859375,1364.0,1385.800048828125,1355.199951171875,1370.0,714738
2020-05-15,1252.807373046875,1335.0,1372.0,1323.0,1372.0,882864
2020-05-18,1203.3048095703125,1282.25,1337.949951171875,1273.050048828125,1335.0,1265790
2020-05-19,1209.874267578125,1289.25,1307.5,1263.6500244140625,1282.3499755859375,1229673
2020-05-20,1243.4229736328125,1325.0,1333.8499755859375,1278.949951171875,1280.0,784299
2020-05-21,1221.1822509765625,1301.300048828125,1342.800048828125,1289.0,1325.0,806293
2020-05-22,1196.2197265625,1274.699951171875,1322.0,1267.3499755859375,1295.0,1036071
2020-05-26,1207.34033203125,1286.550048828125,1299.0,1230.0,1260.0,2297682
2020-05-27,1239.5286865234375,1320.8499755859375,1329.0,1255.3499755859375,1284.699951171875,1688595
2020-05-28,1220.0093994140625,1300.050048828125,1328.449951171875,1292.25,1310.050048828125,1388820
2020-05-29,1243.986083984375,1325.5999755859375,1337.800048828125,1283.0,1285.0,1485617
2020-06-01,1302.1220703125,1387.550048828125,1398.75,1335.0,1339.9000244140625,1450295
2020-06-02,1344.8675537109375,1433.0999755859375,1439.25,1403.449951171875,1410.0,2064231
2020-06-03,1318.9197998046875,1405.449951171875,1464.4000244140625,1399.25,1448.0,1221877
2020-06-04,1308.7847900390625,1394.6500244140625,1418.8499755859375,1370.5,1410.0,1377341
2020-06-05,1327.17822265625,1414.25,1420.5,1385.0,1394.6500244140625,725101
2020-06-08,1315.682373046875,1402.0,1452.9000244140625,1394.800048828125,1427.550048828125,1218779
2020-06-09,1308.9722900390625,1394.8499755859375,1428.0,1385.0,1402.0,929446
2020-06-10,1305.547119140625,1391.199951171875,1407.3499755859375,1381.3499755859375,1400.0,483226
2020-06-11,1257.49951171875,1340.0,1402.5999755859375,1334.25,1390.0,1148021
2020-06-12,1282.22705078125,1366.3499755859375,1373.699951171875,1275.0,1275.0,1057783
2020-06-15,1258.3441162109375,1340.9000244140625,1386.3499755859375,1332.0,1368.0,675249
2020-06-16,1248.4437255859375,1330.3499755859375,1368.3499755859375,1306.050048828125,1354.0,768806
2020-06-17,1236.2908935546875,1317.4000244140625,1345.300048828125,1311.050048828125,1313.0999755859375,832565
2020-06-18,1233.7572021484375,1314.699951171875,1323.5999755859375,1295.0,1315.0,904544
2020-06-19,1260.830810546875,1343.550048828125,1355.699951171875,1314.5999755859375,1320.0,1025604
2020-06-22,1259.8455810546875,1342.5,1365.0,1334.550048828125,1364.0,686908
2020-06-23,1264.1156005859375,1347.050048828125,1367.4000244140625,1327.050048828125,1353.949951171875,956097
2020-06-24,1249.4290771484375,1331.4000244140625,1379.0,1325.0,1355.0,841873
2020-06-25,1237.83935546875,1319.050048828125,1340.0,1312.0,1330.0,604495
2020-06-26,1243.986083984375,1325.5999755859375,1342.0,1317.6500244140625,1327.0,464530
2020-06-29,1231.598876953125,1312.4000244140625,1323.0999755859375,1290.699951171875,1317.0,995309
2020-06-30,1225.7803955078125,1306.199951171875,1336.0999755859375,1301.0,1319.75,559995
2020-07-01,1205.8858642578125,1285.0,1319.800048828125,1271.5999755859375,1312.0,902458
2020-07-02,1203.5396728515625,1282.5,1298.699951171875,1273.0,1291.300048828125,761942
2020-07-03,1218.6954345703125,1298.6500244140625,1305.0,1283.5999755859375,1295.0,2070016
2020-07-06,1253.1827392578125,1335.4000244140625,1349.0,1307.8499755859375,1309.0,1893449
2020-07-07,1235.540283203125,1316.5999755859375,1352.699951171875,1312.0,1343.9000244140625,1157630
2020-07-08,1214.6131591796875,1294.300048828125,1330.0,1288.0,1325.0,952129
2020-07-09,1208.5133056640625,1287.800048828125,1306.949951171875,1270.0,1306.949951171875,1310555
2020-07-10,1192.7008056640625,1270.949951171875,1302.0,1265.5999755859375,1285.0,1038324
2020-07-13,1174.776611328125,1251.8499755859375,1280.949951171875,1245.300048828125,1280.949951171875,1266076
2020-07-14,1203.1641845703125,1282.0999755859375,1287.5999755859375,1252.5999755859375,1257.800048828125,1604301
2020-07-15,1200.2080078125,1278.949951171875,1314.9000244140625,1271.25,1283.0,1535715
2020-07-16,1212.1263427734375,1291.6500244140625,1296.0,1253.199951171875,1283.9000244140625,915901
2020-07-17,1222.871337890625,1303.0999755859375,1309.5,1278.25,1295.0999755859375,842220
2020-07-20,1235.540283203125,1316.5999755859375,1325.0,1295.0,1314.199951171875,1055644
2020-07-21,1225.2642822265625,1305.6500244140625,1323.75,1295.449951171875,1318.0999755859375,778215
2020-07-22,1213.440185546875,1293.050048828125,1311.199951171875,1283.5999755859375,1309.0,793775
2020-07-23,1228.97119140625,1309.5999755859375,1321.4000244140625,1286.199951171875,1290.0,1045153
2020-07-24,1210.5308837890625,1289.949951171875,1309.949951171875,1273.75,1309.949951171875,1119127
2020-07-27,1189.181640625,1267.199951171875,1294.800048828125,1262.5999755859375,1291.0,715305
2020-07-28,1178.061279296875,1255.3499755859375,1271.949951171875,1239.5,1271.949951171875,1362915
2020-07-29,1189.405517578125,1263.4000244140625,1285.0,1257.0,1257.0,1215314
2020-07-30,1188.1815185546875,1262.0999755859375,1289.8499755859375,1252.5999755859375,1273.0,732110
2020-07-31,1193.783203125,1268.050048828125,1282.0,1260.699951171875,1266.0999755859375,549264
2020-08-03,1180.6502685546875,1254.0999755859375,1286.0,1251.3499755859375,1258.5,644035
2020-08-04,1187.804931640625,1261.699951171875,1278.9000244140625,1259.6500244140625,1263.699951171875,702377
2020-08-05,1240.995849609375,1318.199951171875,1322.949951171875,1266.050048828125,1269.949951171875,2102878
2020-08-06,1190.158447265625,1264.199951171875,1331.550048828125,1260.050048828125,1324.699951171875,2745681
2020-08-07,1184.2275390625,1257.9000244140625,1273.449951171875,1252.0,1265.0,1489623
2020-08-10,1163.4219970703125,1235.800048828125,1271.6500244140625,1219.550048828125,1239.949951171875,2797502
2020-08-11,1157.7261962890625,1229.75,1250.0,1225.300048828125,1245.0,1169324
2020-08-12,1165.39892578125,1237.9000244140625,1241.949951171875,1215.0,1229.75,780052
2020-08-13,1164.645751953125,1237.0999755859375,1249.0,1213.800048828125,1245.0,919444
2020-08-14,1162.1981201171875,1234.5,1245.0,1225.6500244140625,1243.1500244140625,512046
2020-08-17,1171.424072265625,1244.300048828125,1247.4000244140625,1227.0,1240.0,477918
2020-08-18,1182.956787109375,1256.550048828125,1260.0,1237.0,1248.5,873121
2020-08-19,1196.795654296875,1271.25,1279.0,1258.75,1263.3499755859375,1004727
2020-08-20,1211.1995849609375,1286.550048828125,1292.1500244140625,1256.25,1262.800048828125,923969
2020-08-21,1229.83984375,1306.3499755859375,1324.699951171875,1290.050048828125,1295.9000244140625,1669937
2020-08-24,1247.774169921875,1325.4000244140625,1339.0,1312.3499755859375,1317.8499755859375,1100006
2020-08-25,1230.263671875,1306.800048828125,1340.75,1301.5,1336.949951171875,829344
2020-08-26,1234.5941162109375,1311.4000244140625,1323.4000244140625,1292.5999755859375,1311.0,802197
2020-08-27,1272.01611328125,1351.1500244140625,1359.0,1315.0,1317.0999755859375,1869902
2020-08-28,1262.225341796875,1340.75,1372.0,1331.050048828125,1356.0,1071619
2020-08-31,1222.967529296875,1299.050048828125,1354.699951171875,1292.0,1352.699951171875,677137
2020-09-01,1217.1778564453125,1292.9000244140625,1326.0,1273.0,1299.449951171875,1145020
2020-09-02,1253.469970703125,1331.449951171875,1341.0,1295.0,1295.0,943290
2020-09-03,1293.99853515625,1374.5,1385.050048828125,1332.550048828125,1339.449951171875,1195673
2020-09-04,1270.321533203125,1349.3499755859375,1390.8499755859375,1340.300048828125,1343.0,1011986
2020-09-07,1252.7166748046875,1330.6500244140625,1359.5,1320.0,1349.699951171875,534026
2020-09-08,1231.7227783203125,1308.3499755859375,1337.199951171875,1302.0,1330.0,637548
2020-09-09,1207.1044921875,1282.199951171875,1312.5999755859375,1267.0,1308.3499755859375,679008
2020-09-10,1191.0531005859375,1265.1500244140625,1304.8499755859375,1257.449951171875,1290.0,963686
2020-09-11,1190.53515625,1264.5999755859375,1291.0,1260.050048828125,1270.0,747816
2020-09-14,1252.7166748046875,1330.6500244140625,1342.800048828125,1270.050048828125,1280.0,1239450
2020-09-15,1265.1436767578125,1343.8499755859375,1358.0,1319.4000244140625,1340.0,1041604
2020-09-16,1251.2105712890625,1329.050048828125,1347.050048828125,1320.0,1340.0,687901
2020-09-17,1252.2462158203125,1330.1500244140625,1348.449951171875,1316.050048828125,1325.0,595837
2020-09-18,1256.529541015625,1334.699951171875,1355.0,1326.0999755859375,1338.0,1042244
2020-09-21,1245.79736328125,1323.300048828125,1353.9000244140625,1314.0,1339.25,1288807
2020-09-22,1236.900634765625,1313.8499755859375,1330.0,1270.0,1323.300048828125,705108
2020-09-23,1264.578857421875,1343.25,1369.8499755859375,1319.949951171875,1320.199951171875,1799003
2020-09-24,1222.8731689453125,1298.949951171875,1338.0,1282.449951171875,1335.0,819442
2020-09-25,1226.6861572265625,1303.0,1321.699951171875,1290.8499755859375,1305.0,564341
2020-09-28,1266.13232421875,1344.9000244140625,1354.949951171875,1311.699951171875,1321.0,530922
2020-09-29,1268.72119140625,1347.6500244140625,1404.449951171875,1341.3499755859375,1345.0,2254044
2020-09-30,1241.1370849609375,1318.3499755859375,1350.0,1308.800048828125,1347.0,911109
2020-10-01,1263.7315673828125,1342.3499755859375,1349.5,1330.0,1347.0,557631
2020-10-05,1264.8140869140625,1343.5,1357.0,1326.75,1352.3499755859375,528463
2020-10-06,1271.4041748046875,1350.5,1365.0,1328.0,1349.800048828125,630516
2020-10-07,1294.610595703125,1375.1500244140625,1385.0,1343.699951171875,1353.0,1280484
2020-10-08,1286.1376953125,1366.1500244140625,1397.0,1358.0,1388.050048828125,1072151
2020-10-09,1273.7105712890625,1352.949951171875,1372.550048828125,1350.0,1366.1500244140625,491946
2020-10-12,1278.32373046875,1357.8499755859375,1364.699951171875,1344.6500244140625,1354.0,476872
2020-10-13,1278.606201171875,1358.1500244140625,1376.949951171875,1350.5999755859375,1363.0,450268
2020-10-14,1284.8197021484375,1364.75,1376.75,1341.9000244140625,1358.25,889570
2020-10-15,1271.592529296875,1350.699951171875,1380.0,1331.5,1365.0,906183
2020-10-16,1292.0684814453125,1372.449951171875,1380.0,1350.300048828125,1352.0,490799
2020-10-19,1306.331298828125,1387.5999755859375,1394.0,1365.050048828125,1377.9000244140625,564288
2020-10-20,1288.8677978515625,1369.050048828125,1416.949951171875,1360.050048828125,1387.0999755859375,1654945
2020-10-21,1281.9013671875,1361.6500244140625,1381.1500244140625,1345.050048828125,1370.5999755859375,733736
2020-10-22,1284.0194091796875,1363.9000244140625,1372.0,1353.5,1358.0,445334
2020-10-23,1272.5810546875,1351.75,1381.949951171875,1347.0,1364.550048828125,607252
2020-10-26,1244.6204833984375,1322.050048828125,1359.0999755859375,1318.050048828125,1356.0,501685
2020-10-27,1248.1038818359375,1325.75,1331.949951171875,1295.699951171875,1326.0,563890
2020-10-28,1247.2093505859375,1324.800048828125,1351.9000244140625,1321.0,1329.699951171875,672297
2020-10-29,1227.10986328125,1303.449951171875,1319.8499755859375,1292.3499755859375,1312.949951171875,464152
2020-10-30,1235.1590576171875,1312.0,1321.0,1288.5999755859375,1305.0999755859375,431394
2020-11-02,1231.67578125,1308.300048828125,1322.949951171875,1302.449951171875,1319.0,411557
2020-11-03,1221.9320068359375,1297.949951171875,1319.0,1294.800048828125,1312.699951171875,330267
2020-11-04,1236.9947509765625,1313.949951171875,1317.5,1294.8499755859375,1299.9000244140625,329068
2020-11-05,1256.6707763671875,1334.8499755859375,1337.800048828125,1313.5999755859375,1325.0,388079
2020-11-06,1261.283935546875,1339.75,1359.75,1335.0,1340.0,1056197
2020-11-09,1277.0057373046875,1356.449951171875,1362.0,1335.9000244140625,1350.0,455496
2020-11-10,1287.361572265625,1367.449951171875,1388.75,1360.0,1360.0,1458330
2020-11-11,1249.60986328125,1327.3499755859375,1364.449951171875,1309.0,1330.0,1800878
2020-11-12,1261.2366943359375,1339.699951171875,1352.5,1328.0,1330.0,678750
2020-11-13,1274.887451171875,1354.199951171875,1356.050048828125,1330.3499755859375,1339.6500244140625,440830
2020-11-14,1276.017333984375,1355.4000244140625,1366.300048828125,1351.0,1360.0,80550
2020-11-17,1296.022705078125,1376.6500244140625,1380.0,1348.4000244140625,1362.0,597702
2020-11-18,1346.906982421875,1430.699951171875,1447.25,1375.9000244140625,1383.4000244140625,1448671
2020-11-19,1411.6304931640625,1499.449951171875,1505.0,1434.9000244140625,1440.0,3417305
2020-11-20,1390.4012451171875,1476.9000244140625,1515.0,1452.25,1502.0,1406798
2020-11-23,1416.1021728515625,1504.199951171875,1508.0,1460.550048828125,1495.0,935742
2020-11-24,1416.196533203125,1504.300048828125,1533.0,1493.550048828125,1511.0,1070533
2020-11-25,1397.4620361328125,1484.4000244140625,1513.5999755859375,1469.050048828125,1506.0,554648
2020-11-26,1436.0606689453125,1525.4000244140625,1530.0,1471.050048828125,1484.4000244140625,762409
2020-11-27,1480.778564453125,1572.9000244140625,1583.9000244140625,1535.050048828125,1546.0,2220600
2020-12-01,1453.7596435546875,1544.199951171875,1578.949951171875,1532.050048828125,1578.949951171875,899562
2020-12-02,1452.4886474609375,1542.8499755859375,1568.0,1525.0,1546.0,883062
2020-12-03,1449.7115478515625,1539.9000244140625,1556.1500244140625,1531.699951171875,1550.0,453039
2020-12-04,1472.2587890625,1563.8499755859375,1568.449951171875,1543.0999755859375,1548.0,584853
2020-12-07,1472.7294921875,1564.3499755859375,1587.8499755859375,1552.949951171875,1570.0,670898
2020-12-08,1472.4000244140625,1564.0,1578.949951171875,1546.050048828125,1565.0,479858
2020-12-09,1476.6363525390625,1568.5,1580.0,1560.0,1568.0,399622
2020-12-10,1465.1510009765625,1556.300048828125,1574.0,1546.0999755859375,1571.0,594062
2020-12-11,1467.92822265625,1559.25,1571.449951171875,1543.5999755859375,1554.0,295577
2020-12-14,1532.6044921875,1627.949951171875,1636.199951171875,1552.0,1559.25,1953303
2020-12-15,1512.5521240234375,1606.6500244140625,1645.0,1592.050048828125,1628.0,1306492
2020-12-16,1516.12939453125,1610.449951171875,1626.0,1593.1500244140625,1608.300048828125,626550
2020-12-17,1494.8531494140625,1587.8499755859375,1621.5,1581.75,1610.0,747963
2020-12-18,1491.08740234375,1583.8499755859375,1601.25,1576.1500244140625,1585.0,470894
2020-12-21,1415.490478515625,1503.550048828125,1582.3499755859375,1471.0,1580.0,714376
2020-12-22,1432.294921875,1521.4000244140625,1526.1500244140625,1462.0,1491.050048828125,519320
2020-12-23,1490.804931640625,1583.550048828125,1588.949951171875,1523.1500244140625,1524.0,650794
2020-12-24,1476.0245361328125,1567.8499755859375,1591.6500244140625,1557.0,1584.0,397535
2020-12-28,1515.4234619140625,1609.699951171875,1616.699951171875,1570.1500244140625,1570.1500244140625,624624
2020-12-29,1491.605224609375,1584.4000244140625,1617.0,1576.5,1617.0,507359
2020-12-30,1488.498291015625,1581.0999755859375,1588.550048828125,1570.0,1580.0,320841
2020-12-31,1487.133544921875,1579.6500244140625,1593.699951171875,1570.0,1580.0,398606
2021-01-01,1481.72021484375,1573.9000244140625,1592.25,1570.25,1587.800048828125,353873
2021-01-04,1501.4432373046875,1594.8499755859375,1603.0,1566.0,1585.0,523821
2021-01-05,1514.01123046875,1608.199951171875,1614.800048828125,1580.0,1587.550048828125,745368
2021-01-06,1561.1771240234375,1658.300048828125,1681.949951171875,1610.0,1618.0,3377267
2021-01-07,1544.7491455078125,1640.8499755859375,1674.9000244140625,1630.5,1670.0,934569
2021-01-08,1552.5631103515625,1649.1500244140625,1662.300048828125,1614.449951171875,1660.0,643757
2021-01-11,1526.62646484375,1621.5999755859375,1671.0,1611.5999755859375,1657.0,623686
2021-01-12,1529.12109375,1624.25,1659.0,1618.199951171875,1623.800048828125,789123
2021-01-13,1538.818115234375,1634.550048828125,1662.0,1612.0,1638.0,1016507
2021-01-14,1536.4644775390625,1632.050048828125,1655.0,1625.050048828125,1644.449951171875,456894
2021-01-15,1512.881591796875,1607.0,1647.0,1586.449951171875,1632.050048828125,725215
2021-01-18,1491.7935791015625,1584.5999755859375,1618.0,1548.5,1601.0,875089
2021-01-19,1519.84814453125,1614.4000244140625,1620.0,1582.5,1586.199951171875,751933
2021-01-20,1535.8994140625,1631.449951171875,1648.0,1615.3499755859375,1622.0,606830
2021-01-21,1507.515625,1601.300048828125,1650.0,1586.0,1639.5,580189
2021-01-22,1476.0245361328125,1567.8499755859375,1618.6500244140625,1560.199951171875,1609.0,647209
2021-01-25,1467.7398681640625,1559.050048828125,1595.300048828125,1525.449951171875,1595.300048828125,642153
2021-01-27,1424.528076171875,1513.1500244140625,1556.0,1506.25,1556.0,515318
2021-01-28,1434.6014404296875,1523.8499755859375,1538.0,1498.3499755859375,1504.0,586400
2021-01-29,1413.3721923828125,1501.300048828125,1544.0,1495.0,1536.949951171875,340412
2021-02-01,1441.615234375,1531.300048828125,1536.9000244140625,1477.0,1511.9000244140625,401486
2021-02-02,1450.3233642578125,1540.550048828125,1559.949951171875,1518.1500244140625,1549.9000244140625,440122
2021-02-03,1477.907470703125,1569.8499755859375,1589.0,1536.9000244140625,1546.0,838170
2021-02-04,1497.0654296875,1590.199951171875,1595.949951171875,1565.0999755859375,1575.0,473717
2021-02-05,1457.5252685546875,1548.199951171875,1602.0,1545.449951171875,1591.0,645291
2021-02-08,1499.4189453125,1592.699951171875,1597.949951171875,1555.0,1555.0999755859375,755764
2021-02-09,1482.567626953125,1574.800048828125,1602.5999755859375,1571.0999755859375,1601.0,519405
2021-02-10,1477.154296875,1569.050048828125,1591.0,1544.5999755859375,1574.0,719984
2021-02-11,1441.7562255859375,1531.449951171875,1542.5999755859375,1461.0999755859375,1492.0,4748507
2021-02-12,1437.9906005859375,1527.449951171875,1568.800048828125,1522.5,1536.199951171875,1069067
2021-02-15,1462.09130859375,1553.050048828125,1563.5999755859375,1525.0,1535.0,1111388
2021-02-16,1435.3546142578125,1524.6500244140625,1564.0,1521.0,1551.0999755859375,426008
2021-02-17,1420.95068359375,1509.3499755859375,1529.199951171875,1499.0999755859375,1524.9000244140625,588985
2021-02-18,1426.6934814453125,1515.449951171875,1527.699951171875,1495.550048828125,1518.6500244140625,595494
2021-02-19,1411.2069091796875,1499.0,1532.9000244140625,1487.550048828125,1510.0,589909
2021-02-22,1379.951416015625,1465.800048828125,1506.5999755859375,1455.949951171875,1500.0,533653
2021-02-23,1392.3782958984375,1479.0,1490.0,1440.0,1469.949951171875,783425
2021-02-24,1389.6951904296875,1476.1500244140625,1486.0,1452.0,1483.0,238131
2021-02-25,1395.7674560546875,1482.5999755859375,1494.5999755859375,1470.0,1480.6500244140625,531883
2021-02-26,1353.9677734375,1438.199951171875,1485.5,1434.1500244140625,1476.0,762209
2021-03-01,1382.869873046875,1468.9000244140625,1478.0,1444.0,1450.0,540241
2021-03-02,1407.39404296875,1494.949951171875,1500.0,1467.050048828125,1479.9000244140625,452175
2021-03-03,1435.68408203125,1525.0,1528.0,1490.699951171875,1502.800048828125,623008
2021-03-04,1434.6485595703125,1523.9000244140625,1534.0,1501.0,1514.949951171875,359713
2021-03-05,1437.8963623046875,1527.3499755859375,1546.0,1516.449951171875,1520.0,835691
2021-03-08,1411.81884765625,1499.6500244140625,1542.5,1495.550048828125,1529.5,453522
2021-03-09,1415.0196533203125,1503.050048828125,1513.5,1496.0,1506.050048828125,464229
2021-03-10,1417.89111328125,1506.0999755859375,1516.6500244140625,1497.0,1513.699951171875,399175
2021-03-12,1417.514404296875,1505.699951171875,1538.75,1499.5,1511.0,803764
2021-03-15,1407.3470458984375,1494.9000244140625,1510.9000244140625,1484.25,1505.699951171875,380719
2021-03-16,1400.5216064453125,1487.6500244140625,1527.9000244140625,1484.0,1499.5999755859375,502157
2021-03-17,1393.649169921875,1480.3499755859375,1495.0,1475.0,1490.800048828125,402058
2021-03-18,1384.7056884765625,1470.8499755859375,1497.0,1450.050048828125,1490.199951171875,498162
2021-03-19,1402.5458984375,1489.800048828125,1500.0,1430.0999755859375,1468.0,872243
2021-03-22,1389.60107421875,1476.050048828125,1491.0,1468.5,1489.800048828125,264088
2021-03-23,1401.03955078125,1488.199951171875,1502.0,1478.050048828125,1480.0,291660
2021-03-24,1369.03076171875,1454.199951171875,1498.25,1450.9000244140625,1485.0,351219
2021-03-25,1345.965576171875,1429.699951171875,1451.0999755859375,1402.6500244140625,1450.1500244140625,646909
2021-03-26,1329.2552490234375,1411.949951171875,1446.0,1410.0,1435.199951171875,503620
2021-03-30,1322.0062255859375,1404.25,1432.0,1396.5,1423.699951171875,478318
2021-03-31,1323.8419189453125,1406.199951171875,1419.0,1398.0,1403.0,435917
2021-04-01,1341.5880126953125,1425.050048828125,1437.75,1410.550048828125,1416.550048828125,573721
2021-04-05,1314.757080078125,1396.550048828125,1434.8499755859375,1380.800048828125,1431.9000244140625,743916
2021-04-06,1308.5435791015625,1389.949951171875,1414.199951171875,1386.050048828125,1400.75,688522
2021-04-07,1306.5196533203125,1387.800048828125,1407.25,1384.0,1393.0,587047
2021-04-08,1322.9002685546875,1405.199951171875,1413.199951171875,1390.0,1394.0,424826
2021-04-09,1309.720458984375,1391.199951171875,1411.3499755859375,1390.0,1410.5999755859375,407070
2021-04-12,1229.4163818359375,1305.9000244140625,1384.949951171875,1298.0,1378.0,824030
2021-04-13,1236.100341796875,1313.0,1331.449951171875,1300.75,1306.0,409573
2021-04-15,1239.960205078125,1317.0999755859375,1323.0,1293.949951171875,1305.0,344436
2021-04-16,1246.0325927734375,1323.550048828125,1328.6500244140625,1313.0999755859375,1318.0,561027
2021-04-19,1212.9884033203125,1288.449951171875,1314.3499755859375,1263.5999755859375,1314.3499755859375,1250432
2021-04-20,1221.6495361328125,1297.6500244140625,1329.75,1288.0,1300.0,517858
2021-04-22,1221.461181640625,1297.449951171875,1300.800048828125,1270.199951171875,1290.0,702741
2021-04-23,1226.733154296875,1303.050048828125,1326.0,1290.6500244140625,1294.0,718100
2021-04-26,1263.11962890625,1341.699951171875,1346.949951171875,1303.050048828125,1315.0,951088
2021-04-27,1267.0264892578125,1345.8499755859375,1353.0,1334.300048828125,1345.0,476838
2021-04-28,1269.945068359375,1348.949951171875,1366.5999755859375,1345.4000244140625,1349.3499755859375,489376
2021-04-29,1271.4041748046875,1350.5,1362.300048828125,1339.050048828125,1359.9000244140625,564376
2021-04-30,1289.338623046875,1369.550048828125,1382.449951171875,1335.0,1335.0,822288
2021-05-03,1269.144775390625,1348.0999755859375,1364.300048828125,1340.0,1360.0,266065
2021-05-04,1277.80615234375,1357.300048828125,1372.0,1338.6500244140625,1355.0,462920
2021-05-05,1280.1595458984375,1359.800048828125,1368.5999755859375,1353.550048828125,1368.5999755859375,323774
2021-05-06,1272.91064453125,1352.0999755859375,1374.0,1348.0,1365.0,252451
2021-05-07,1272.204345703125,1351.3499755859375,1362.9000244140625,1346.0999755859375,1359.199951171875,137761
2021-05-10,1269.568359375,1348.550048828125,1362.449951171875,1341.75,1358.0999755859375,278032
2021-05-11,1288.3028564453125,1368.449951171875,1371.0,1342.0,1348.0,307160
2021-05-12,1269.7567138671875,1348.75,1379.699951171875,1344.1500244140625,1370.0,592187
2021-05-14,1305.67236328125,1386.9000244140625,1394.3499755859375,1342.3499755859375,1348.75,875685
2021-05-17,1324.0301513671875,1406.4000244140625,1442.550048828125,1372.0,1424.3499755859375,2647921
2021-05-18,1365.8299560546875,1450.800048828125,1457.5,1408.050048828125,1412.0,944888
2021-05-19,1388.4713134765625,1474.8499755859375,1493.0,1451.0,1454.0,1340980
2021-05-20,1387.6239013671875,1473.949951171875,1479.8499755859375,1452.5,1478.0,443297
2021-05-21,1397.697265625,1484.6500244140625,1504.0,1464.699951171875,1478.0,938434
2021-05-24,1423.8690185546875,1512.449951171875,1515.0,1489.0,1492.9000244140625,523803
2021-05-25,1441.332763671875,1531.0,1544.949951171875,1518.0,1519.0,961693
2021-05-26,1445.4749755859375,1535.4000244140625,1546.0999755859375,1518.0,1530.8499755859375,511638
2021-05-27,1455.4542236328125,1546.0,1559.8499755859375,1528.5,1531.9000244140625,607251
2021-05-28,1454.60693359375,1545.0999755859375,1554.0,1536.0999755859375,1545.8499755859375,270129
2021-05-31,1456.8192138671875,1547.449951171875,1554.9000244140625,1536.1500244140625,1540.0,301710
2021-06-01,1450.464599609375,1540.699951171875,1554.0,1527.5,1545.8499755859375,261666
2021-06-02,1453.4300537109375,1543.8499755859375,1562.0,1533.25,1534.9000244140625,445135
2021-06-03,1459.8787841796875,1550.699951171875,1564.9000244140625,1545.050048828125,1548.9000244140625,251191
2021-06-04,1467.645751953125,1558.949951171875,1562.8499755859375,1541.050048828125,1548.050048828125,219389
2021-06-07,1483.1322021484375,1575.4000244140625,1598.75,1552.0,1558.800048828125,920780
2021-06-08,1482.3321533203125,1574.550048828125,1590.949951171875,1560.1500244140625,1575.0,407165
2021-06-09,1466.6099853515625,1557.8499755859375,1584.800048828125,1551.0,1578.0,429517
2021-06-10,1536.511474609375,1632.0999755859375,1659.0,1551.5999755859375,1551.5999755859375,5103355
2021-06-11,1537.5,1633.1500244140625,1643.75,1612.050048828125,1630.0,620791
2021-06-14,1545.1256103515625,1641.25,1645.0,1602.3499755859375,1633.1500244140625,384607
2021-06-15,1549.7386474609375,1646.1500244140625,1651.449951171875,1638.050048828125,1648.0,261958
2021-06-16,1549.69140625,1646.0999755859375,1658.0,1626.300048828125,1645.9000244140625,377183
2021-06-17,1573.4156494140625,1671.300048828125,1680.0,1628.0,1630.0,664478
2021-06-18,1547.7615966796875,1644.050048828125,1680.800048828125,1630.0,1675.0,536074
2021-06-21,1565.507568359375,1662.9000244140625,1669.449951171875,1620.0,1630.0,288452
2021-06-22,1569.5087890625,1667.1500244140625,1696.949951171875,1660.1500244140625,1670.0,562960
2021-06-23,1564.61328125,1661.949951171875,1675.9000244140625,1651.3499755859375,1667.1500244140625,223164
2021-06-24,1552.045166015625,1648.5999755859375,1664.800048828125,1642.5,1661.949951171875,252307
2021-06-25,1534.4874267578125,1629.949951171875,1659.1500244140625,1625.449951171875,1651.9000244140625,286082
2021-06-28,1530.39208984375,1625.5999755859375,1638.0,1620.25,1629.949951171875,90381
2021-06-29,1507.23291015625,1601.0,1626.949951171875,1598.25,1625.0,375572
2021-06-30,1503.2318115234375,1596.75,1602.1500244140625,1587.699951171875,1600.0,248505
2021-07-01,1503.3260498046875,1596.8499755859375,1605.0,1583.050048828125,1605.0,126348
2021-07-02,1496.0770263671875,1589.1500244140625,1614.4000244140625,1585.300048828125,1599.949951171875,491676
2021-07-05,1486.7568359375,1579.25,1602.949951171875,1576.050048828125,1597.800048828125,297575
2021-07-06,1492.6878662109375,1585.550048828125,1611.949951171875,1580.5,1580.5,574631
2021-07-07,1484.638671875,1577.0,1597.800048828125,1569.0,1586.75,255961
2021-07-08,1483.1793212890625,1575.449951171875,1588.0,1559.0,1578.199951171875,203384
2021-07-09,1478.989990234375,1571.0,1586.75,1567.0999755859375,1572.0,121428
2021-07-12,1475.7891845703125,1567.5999755859375,1582.75,1560.550048828125,1577.9000244140625,422105
2021-07-13,1476.9659423828125,1568.8499755859375,1579.949951171875,1555.199951171875,1572.0999755859375,518271
2021-07-14,1495.888671875,1588.949951171875,1602.4000244140625,1567.0999755859375,1570.0999755859375,805623
2021-07-15,1482.2850341796875,1574.5,1596.9000244140625,1569.6500244140625,1596.9000244140625,652061
2021-07-16,1523.8963623046875,1618.699951171875,1628.5,1565.0999755859375,1579.949951171875,1508222
2021-07-19,1512.881591796875,1607.0,1635.0,1600.800048828125,1618.0,529078
2021-07-20,1463.3621826171875,1554.4000244140625,1610.0,1550.0,1610.0,427288
2021-07-22,1490.38134765625,1583.0999755859375,1594.0,1557.9000244140625,1570.0,506080
2021-07-23,1504.926513671875,1598.550048828125,1607.449951171875,1571.9000244140625,1592.0,643778
2021-07-26,1484.826904296875,1577.199951171875,1608.050048828125,1573.0,1600.0,285577
2021-07-27,1490.0047607421875,1582.699951171875,1591.300048828125,1565.0999755859375,1578.0,357983
2021-07-28,1504.87939453125,1598.5,1602.25,1559.0,1577.0,255790
2021-07-29,1517.82421875,1612.25,1622.0,1591.0999755859375,1603.800048828125,448640
2021-07-30,1524.3670654296875,1619.199951171875,1640.0,1612.949951171875,1620.0,430457
2021-08-02,1583.2066650390625,1681.699951171875,1699.3499755859375,1622.550048828125,1629.800048828125,761229
2021-08-03,1589.796630859375,1688.699951171875,1737.0,1681.5999755859375,1700.0,1608498
2021-08-04,1560.590087890625,1653.75,1708.0,1649.1500244140625,1695.0,559990
2021-08-05,1558.18359375,1651.199951171875,1684.949951171875,1638.0,1654.550048828125,326498
2021-08-06,1577.2459716796875,1671.4000244140625,1695.0,1650.0,1654.199951171875,393655
2021-08-09,1581.3980712890625,1675.800048828125,1696.8499755859375,1657.050048828125,1672.0999755859375,346543
2021-08-10,1598.384033203125,1693.800048828125,1724.0,1668.0,1679.0,1151720
2021-08-11,1572.2442626953125,1666.0999755859375,1707.699951171875,1625.449951171875,1694.0999755859375,559771
2021-08-12,1580.690185546875,1675.050048828125,1755.0,1656.0,1656.0,3829161
2021-08-13,1609.000244140625,1705.050048828125,1720.0,1647.300048828125,1670.0,1126212
2021-08-16,1596.0718994140625,1691.3499755859375,1721.3499755859375,1682.25,1706.0,455115
2021-08-17,1633.1109619140625,1730.5999755859375,1737.3499755859375,1676.9000244140625,1690.0,653181
2021-08-18,1660.3829345703125,1759.5,1768.5,1719.050048828125,1740.0,929808
2021-08-20,1644.4349365234375,1742.5999755859375,1778.0,1722.1500244140625,1759.800048828125,1321417
2021-08-23,1630.4215087890625,1727.75,1774.300048828125,1721.0,1755.0,685320
2021-08-24,1612.019775390625,1708.25,1736.75,1702.3499755859375,1730.0,339114
2021-08-25,1620.2298583984375,1716.949951171875,1744.0,1705.050048828125,1706.5,364034
2021-08-26,1611.076416015625,1707.25,1732.550048828125,1701.300048828125,1716.0,288042
2021-08-27,1625.891845703125,1722.949951171875,1736.949951171875,1700.699951171875,1716.199951171875,421246
2021-08-30,1669.347900390625,1769.0,1780.9000244140625,1723.050048828125,1724.8499755859375,908355
2021-08-31,1671.990234375,1771.800048828125,1785.0,1592.0999755859375,1761.1500244140625,638971
2021-09-01,1675.2928466796875,1775.300048828125,1805.0,1764.0,1776.5,489479
2021-09-02,1686.5697021484375,1787.25,1817.0,1772.9000244140625,1773.0,530270
2021-09-03,1672.6507568359375,1772.5,1803.4000244140625,1765.0,1793.0,219554
2021-09-06,1652.8336181640625,1751.5,1789.949951171875,1743.0999755859375,1780.0,302755
2021-09-07,1639.8109130859375,1737.699951171875,1759.550048828125,1733.0,1745.0,192334
2021-09-08,1636.1307373046875,1733.800048828125,1764.449951171875,1725.550048828125,1749.0,502830
2021-09-09,1639.8582763671875,1737.75,1746.0,1715.0,1734.800048828125,152040
2021-09-13,1669.2532958984375,1768.9000244140625,1776.5999755859375,1723.050048828125,1741.800048828125,581032
2021-09-14,1692.5618896484375,1793.5999755859375,1799.949951171875,1769.5,1778.0,366410
2021-09-15,1734.3193359375,1837.8499755859375,1842.0,1784.1500244140625,1804.0,1058718
2021-09-16,1703.131103515625,1804.800048828125,1848.699951171875,1800.0,1839.75,233139
2021-09-17,1684.0218505859375,1784.550048828125,1829.0,1779.300048828125,1807.5999755859375,368008
2021-09-20,1659.3448486328125,1758.4000244140625,1811.0,1752.0999755859375,1777.0,473978
2021-09-21,1671.80126953125,1771.5999755859375,1780.0,1736.4000244140625,1773.199951171875,495472
2021-09-22,1697.5162353515625,1798.8499755859375,1808.8499755859375,1763.0,1763.0,517890
2021-09-23,1697.3746337890625,1798.699951171875,1823.0,1789.0,1823.0,464840
2021-09-24,1668.6400146484375,1768.25,1806.0,1748.8499755859375,1804.949951171875,325662
2021-09-27,1692.3731689453125,1793.4000244140625,1819.9000244140625,1766.0,1768.25,548093
2021-09-28,1668.262451171875,1767.8499755859375,1813.199951171875,1741.050048828125,1794.4000244140625,307051
2021-09-29,1664.1104736328125,1763.449951171875,1780.1500244140625,1740.25,1767.0,454672
2021-09-30,1677.9822998046875,1778.1500244140625,1789.1500244140625,1761.050048828125,1778.9000244140625,295085
2021-10-01,1731.3466796875,1834.699951171875,1852.949951171875,1762.5,1778.0,1112709
2021-10-04,1763.6671142578125,1868.949951171875,1886.949951171875,1835.0999755859375,1853.050048828125,898323
2021-10-05,1751.9659423828125,1856.550048828125,1875.0,1841.4000244140625,1869.8499755859375,764129
2021-10-06,1723.8446044921875,1826.75,1858.9000244140625,1820.5,1849.949951171875,243645
2021-10-07,1834.8670654296875,1944.4000244140625,1952.9000244140625,1832.3499755859375,1845.0,1550818
2021-10-08,1853.2213134765625,1963.8499755859375,1978.800048828125,1921.300048828125,1965.050048828125,908978
2021-10-11,1858.2698974609375,1969.199951171875,2023.300048828125,1955.0,1984.8499755859375,785210
2021-10-12,1966.0841064453125,2083.449951171875,2108.85009765625,1953.800048828125,1971.800048828125,1032850
2021-10-13,1947.682373046875,2063.949951171875,2106.0,2049.39990234375,2105.0,806107
2021-10-14,1998.8292236328125,2118.14990234375,2126.949951171875,2070.0,2072.0,796551
2021-10-18,2000.9996337890625,2120.449951171875,2180.0,2100.10009765625,2118.14990234375,803750
2021-10-19,1999.5369873046875,2118.89990234375,2168.0,2094.25,2121.0,418233
2021-10-20,1967.923828125,2085.39990234375,2212.75,2076.050048828125,2119.699951171875,1715453
2021-10-21,1937.113525390625,2052.75,2122.0,2045.5999755859375,2096.39990234375,704426
2021-10-22,1908.2371826171875,2022.1500244140625,2077.0,2006.0,2053.0,455692
2021-10-25,1846.662841796875,1956.9000244140625,2031.699951171875,1946.050048828125,2029.0,361774
2021-10-26,1877.4263916015625,1989.5,2004.800048828125,1957.0,1957.0,274514
2021-10-27,1880.6820068359375,1992.949951171875,2025.0,1977.5999755859375,1994.949951171875,311511
2021-10-28,1854.54248046875,1965.25,2005.4000244140625,1950.0,1993.4000244140625,235839
2021-10-29,1867.9425048828125,1979.449951171875,2009.75,1929.5999755859375,1961.0,477895
2021-11-01,1884.3623046875,1996.8499755859375,2025.0,1983.550048828125,1993.699951171875,761222
2021-11-02,1928.903564453125,2044.050048828125,2052.0,1992.6500244140625,1997.0,471176
2021-11-03,1920.693603515625,2035.3499755859375,2056.300048828125,2018.050048828125,2056.300048828125,365125
2021-11-04,1927.9127197265625,2043.0,2064.89990234375,2035.3499755859375,2055.0,173368
2021-11-08,2011.8045654296875,2131.89990234375,2150.0,2047.0999755859375,2058.0,1035835
2021-11-09,2045.587646484375,2167.699951171875,2179.25,2125.550048828125,2132.0,700997
2021-11-10,2061.158447265625,2184.199951171875,2188.64990234375,2150.0,2165.0,480099
2021-11-11,2023.364501953125,2144.14990234375,2228.0,2131.550048828125,2187.64990234375,681997
2021-11-12,2035.2548828125,2156.75,2186.0,2122.39990234375,2150.25,549920
2021-11-15,2104.001220703125,2229.60009765625,2245.949951171875,2155.5,2168.10009765625,975525
2021-11-16,2077.342529296875,2201.35009765625,2262.0,2183.85009765625,2238.5,740559
2021-11-17,2051.863525390625,2174.35009765625,2242.85009765625,2168.550048828125,2199.75,844944
2021-11-18,2023.5533447265625,2144.35009765625,2207.699951171875,2126.050048828125,2180.800048828125,349180
2021-11-22,1948.3428955078125,2064.64990234375,2128.89990234375,2038.25,2100.0,513549
2021-11-23,1953.3443603515625,2069.949951171875,2092.89990234375,2045.949951171875,2050.550048828125,430674
2021-11-24,1924.798583984375,2039.699951171875,2102.75,2018.3499755859375,2069.0,786350
2021-11-25,1923.052734375,2037.8499755859375,2050.39990234375,2020.5999755859375,2040.0,193919
2021-11-26,1811.605712890625,1919.75,2029.550048828125,1900.25,2019.300048828125,650235
2021-11-29,1789.146484375,1895.949951171875,1913.4000244140625,1845.75,1890.0,546149
2021-11-30,1772.3961181640625,1878.199951171875,1945.0,1868.6500244140625,1880.0999755859375,263424
2021-12-01,1784.7110595703125,1891.25,1920.3499755859375,1874.5999755859375,1911.0,218553
2021-12-02,1806.981689453125,1914.8499755859375,1919.0,1883.0,1895.0,162850
2021-12-03,1788.6273193359375,1895.4000244140625,1937.6500244140625,1889.3499755859375,1914.800048828125,257787
2021-12-06,1752.720703125,1857.3499755859375,1914.550048828125,1848.0,1899.9000244140625,268501
2021-12-07,1807.9725341796875,1915.9000244140625,1921.9000244140625,1860.6500244140625,1867.0999755859375,359693
2021-12-08,1874.26513671875,1986.1500244140625,1992.800048828125,1914.050048828125,1921.0,723671
2021-12-09,1874.6898193359375,1986.5999755859375,2006.0,1960.050048828125,1988.0,411124
2021-12-10,1918.7591552734375,2033.300048828125,2042.800048828125,1976.0,1992.9000244140625,755890
2021-12-13,1887.9483642578125,2000.6500244140625,2057.25,1994.3499755859375,2040.0,385766
2021-12-14,1847.22900390625,1957.5,2005.949951171875,1942.699951171875,1996.300048828125,577344
2021-12-15,1803.86767578125,1911.550048828125,1972.0,1905.0,1962.0,651633
2021-12-16,1803.254150390625,1910.9000244140625,1930.050048828125,1885.0999755859375,1924.949951171875,378675
2021-12-17,1747.3419189453125,1851.6500244140625,1916.6500244140625,1843.800048828125,1914.0,441375
2021-12-20,1707.000244140625,1808.9000244140625,1845.0,1780.199951171875,1843.800048828125,727670
2021-12-21,1714.785400390625,1817.1500244140625,1845.5999755859375,1802.5999755859375,1810.0,393103
2021-12-22,1731.960205078125,1835.3499755859375,1857.800048828125,1814.0,1828.9000244140625,389448
2021-12-23,1752.90966796875,1857.550048828125,1867.300048828125,1840.0,1856.9000244140625,195325
2021-12-24,1722.806640625,1825.6500244140625,1864.949951171875,1820.199951171875,1860.0,171481
2021-12-27,1718.4183349609375,1821.0,1824.5999755859375,1785.949951171875,1810.0,360302
2021-12-28,1723.372802734375,1826.25,1843.949951171875,1815.4000244140625,1821.0,217410
2021-12-29,1708.5098876953125,1810.5,1835.5,1795.0,1830.0,446666
2021-12-30,1714.7381591796875,1817.0999755859375,1838.0,1796.0,1812.0,421693
2021-12-31,1766.21533203125,1871.6500244140625,1892.8499755859375,1820.0,1820.0,723678
2022-01-03,1754.3721923828125,1859.0999755859375,1883.699951171875,1852.199951171875,1871.6500244140625,583390
2022-01-04,1741.58544921875,1845.550048828125,1874.0,1834.25,1865.550048828125,225583
2022-01-05,1711.6240234375,1813.800048828125,1852.0,1810.0,1845.550048828125,464891
2022-01-06,1752.34326171875,1856.949951171875,1863.550048828125,1776.1500244140625,1801.0,785904
2022-01-07,1764.186279296875,1869.5,1874.949951171875,1835.449951171875,1862.9000244140625,661422
2022-01-10,1808.4444580078125,1916.4000244140625,1927.0,1869.0,1870.0,557804
2022-01-11,1813.16259765625,1921.4000244140625,1938.699951171875,1907.449951171875,1920.0,422485
2022-01-12,1871.8587646484375,1983.5999755859375,1987.6500244140625,1925.449951171875,1933.0,811194
2022-01-13,1868.6976318359375,1980.25,1992.0,1960.050048828125,1982.8499755859375,305542
2022-01-14,1888.2314453125,2000.949951171875,2015.0,1954.949951171875,1975.0,385563
2022-01-17,1926.4970703125,2041.5,2051.5,2007.1500244140625,2010.0,544536
2022-01-18,1869.4053955078125,1981.0,2056.35009765625,1970.0,2049.800048828125,422382
2022-01-19,1916.4942626953125,2030.9000244140625,2042.300048828125,1963.6500244140625,1980.0,598112
2022-01-20,1936.9246826171875,2052.550048828125,2067.949951171875,2025.0,2030.0,487144
2022-01-21,1914.32373046875,2028.5999755859375,2078.949951171875,2003.0,2059.0,1262475
2022-01-24,1823.0711669921875,1931.9000244140625,2028.199951171875,1909.050048828125,2015.5,423414
2022-01-25,1915.456298828125,2029.800048828125,2054.5,1872.1500244140625,1919.0,1139726
2022-01-27,1845.71923828125,1955.9000244140625,2009.550048828125,1911.3499755859375,2009.550048828125,525187
2022-01-28,1955.9866943359375,2072.75,2089.949951171875,1970.0,1975.800048828125,896304
2022-01-31,1947.77685546875,2064.050048828125,2122.0,2056.60009765625,2099.0,672351
2022-02-01,1910.596435546875,2024.6500244140625,2079.949951171875,2003.75,2075.35009765625,321288
2022-02-02,1912.0589599609375,2026.199951171875,2053.300048828125,2012.4000244140625,2025.0999755859375,216289
2022-02-03,1883.22998046875,1995.6500244140625,2045.9000244140625,1980.050048828125,2029.9000244140625,356130
2022-02-04,1832.838134765625,1942.25,1995.6500244140625,1935.0,1995.0,475094
2022-02-07,1813.634521484375,1921.9000244140625,1957.25,1893.0,1931.0,303211
2022-02-08,1779.23779296875,1885.449951171875,1941.6500244140625,1860.0999755859375,1929.8499755859375,334836
2022-02-09,1788.6273193359375,1895.4000244140625,1924.949951171875,1853.0,1894.0,1153593
2022-02-10,1793.7232666015625,1900.800048828125,1918.0,1892.050048828125,1910.550048828125,500272
2022-02-11,1754.702392578125,1859.449951171875,1895.0,1850.0,1895.0,297755
2022-02-14,1707.4246826171875,1809.3499755859375,1853.949951171875,1797.800048828125,1810.0,351907
2022-02-15,1781.45556640625,1887.800048828125,1893.3499755859375,1791.0,1805.0999755859375,551724
2022-02-16,1808.727294921875,1916.699951171875,1938.0,1885.199951171875,1898.0,385815
2022-02-17,1800.706298828125,1908.199951171875,1939.9000244140625,1895.550048828125,1937.0,258642
2022-02-18,1812.3134765625,1920.5,1928.0,1885.1500244140625,1900.0,171287
2022-02-21,1781.9273681640625,1888.300048828125,1920.5,1867.949951171875,1915.0,324903
2022-02-22,1777.3978271484375,1883.5,1892.0,1822.0,1822.0,242531
2022-02-23,1762.2989501953125,1867.5,1906.5,1858.3499755859375,1895.0,457011
2022-02-24,1676.5196533203125,1776.5999755859375,1859.949951171875,1762.550048828125,1821.0,309020
2022-02-25,1720.96630859375,1823.699951171875,1844.0,1794.0,1794.0,294479
2022-02-28,1711.3409423828125,1813.5,1820.949951171875,1767.1500244140625,1805.0999755859375,623785
2022-03-02,1717.2861328125,1819.800048828125,1843.300048828125,1792.699951171875,1800.0,371564
2022-03-03,1676.472412109375,1776.550048828125,1849.9000244140625,1771.699951171875,1842.0,172829
2022-03-04,1625.46728515625,1722.5,1769.8499755859375,1716.0,1765.0,308589
2022-03-07,1603.33837890625,1699.050048828125,1718.699951171875,1654.050048828125,1700.0,274726
2022-03-08,1627.543212890625,1724.699951171875,1735.449951171875,1690.25,1690.25,262654
2022-03-09,1685.814697265625,1786.449951171875,1794.949951171875,1725.0,1744.0,157387
2022-03-10,1707.0472412109375,1808.949951171875,1837.75,1792.699951171875,1792.699951171875,577711
2022-03-11,1705.962158203125,1807.800048828125,1830.0,1796.050048828125,1808.949951171875,435213
2022-03-14,1740.406005859375,1844.300048828125,1852.0,1777.0,1807.800048828125,236219
2022-03-15,1732.998046875,1836.449951171875,1866.8499755859375,1820.0,1863.1500244140625,224926
2022-03-16,1803.8204345703125,1911.5,1916.0,1836.5,1860.0,747417
2022-03-17,1832.0362548828125,1941.4000244140625,1972.050048828125,1919.0,1929.199951171875,574126
2022-03-21,1846.1436767578125,1956.3499755859375,1985.0,1927.0,1943.199951171875,338189
2022-03-22,1826.987548828125,1936.050048828125,1975.75,1910.0,1952.1500244140625,452707
2022-03-23,1817.2203369140625,1925.699951171875,1970.0,1908.550048828125,1953.699951171875,522866
2022-03-24,1807.4534912109375,1915.3499755859375,1933.3499755859375,1911.550048828125,1919.050048828125,153718
2022-03-25,1825.7135009765625,1934.699951171875,1954.949951171875,1915.3499755859375,1928.0,283993
2022-03-28,1819.6265869140625,1928.25,1951.699951171875,1900.949951171875,1940.0,313046
2022-03-29,1842.74658203125,1952.75,1977.300048828125,1927.3499755859375,1935.0,596225
2022-03-30,1846.5213623046875,1956.75,1970.0,1945.0,1968.949951171875,304011
2022-03-31,1850.9093017578125,1961.4000244140625,1974.0,1948.5999755859375,1964.949951171875,361527
2022-04-01,1886.2025146484375,1998.800048828125,2019.9000244140625,1952.050048828125,1954.9000244140625,626218
2022-04-04,1908.3314208984375,2022.25,2027.0,2000.0999755859375,2007.800048828125,408443
2022-04-05,1904.1322021484375,2017.800048828125,2039.75,2011.449951171875,2022.5999755859375,182373
2022-04-06,1903.8492431640625,2017.5,2032.0,1996.449951171875,2011.0,168417
2022-04-07,1852.985595703125,1963.5999755859375,2021.75,1953.75,2010.0,543825
2022-04-08,1856.665771484375,1967.5,1983.949951171875,1826.1500244140625,1967.0,295081
2022-04-11,1905.972412109375,2019.75,2032.0999755859375,1950.0,1964.9000244140625,368415
2022-04-12,1868.6031494140625,1980.1500244140625,2027.3499755859375,1960.050048828125,2025.0,288328
2022-04-13,1850.1072998046875,1960.550048828125,2003.550048828125,1953.0,1985.0,198600
2022-04-18,1858.930419921875,1969.9000244140625,1987.1500244140625,1912.5,1945.0,331329
2022-04-19,1817.1260986328125,1925.5999755859375,1989.9000244140625,1900.0,1973.0,423957
2022-04-20,1815.52197265625,1923.9000244140625,1969.0,1913.5999755859375,1932.5,258550
2022-04-21,1838.6417236328125,1948.4000244140625,1966.25,1925.0,1930.0,296931
2022-04-22,1805.23583984375,1913.0,1944.0,1908.6500244140625,1937.0,189031
2022-04-25,1802.5936279296875,1910.199951171875,1919.0,1874.9000244140625,1900.0,450443
2022-04-26,1864.1678466796875,1975.449951171875,1983.0,1898.050048828125,1919.0,310081
2022-04-27,1810.9451904296875,1919.050048828125,1979.3499755859375,1912.3499755859375,1968.0,207039
2022-04-28,1827.6007080078125,1936.699951171875,1945.449951171875,1906.050048828125,1930.0,197978
2022-04-29,1838.877685546875,1948.6500244140625,1992.550048828125,1931.1500244140625,1936.699951171875,210005
2022-05-02,1856.9488525390625,1967.800048828125,1971.0,1913.050048828125,1940.0,139236
2022-05-04,1797.78076171875,1905.0999755859375,1987.0,1892.8499755859375,1978.0999755859375,202203
2022-05-05,1775.65185546875,1881.6500244140625,1935.0,1875.199951171875,1928.0,93482
2022-05-06,1752.2017822265625,1856.800048828125,1872.5,1831.5,1855.0,254583
2022-05-09,1708.2740478515625,1810.25,1852.8499755859375,1800.9000244140625,1845.0,145634
2022-05-10,1660.5245361328125,1759.6500244140625,1833.0,1742.300048828125,1805.0999755859375,346419
2022-05-11,1628.203857421875,1725.4000244140625,1776.949951171875,1716.75,1761.0,249355
2022-05-12,1589.2777099609375,1684.1500244140625,1710.0,1655.550048828125,1709.0,359930
2022-05-13,1584.7008056640625,1679.300048828125,1730.5,1668.199951171875,1700.0,210158
2022-05-16,1595.6473388671875,1690.9000244140625,1724.0,1679.949951171875,1699.0,214472
2022-05-17,1663.7801513671875,1763.0999755859375,1768.4000244140625,1691.0999755859375,1704.0,184658
2022-05-18,1655.617431640625,1754.449951171875,1779.449951171875,1746.4000244140625,1765.0,215424
2022-05-19,1638.0179443359375,1735.800048828125,1746.3499755859375,1705.0,1729.800048828125,187757
2022-05-20,1654.2017822265625,1752.949951171875,1767.1500244140625,1729.25,1745.0,532638
2022-05-23,1665.5731201171875,1765.0,1815.0,1760.0,1760.0,276021
2022-05-24,1682.747802734375,1783.199951171875,1794.449951171875,1738.3499755859375,1788.8499755859375,297989
2022-05-25,1647.4075927734375,1745.75,1807.199951171875,1730.0,1785.0,240581
2022-05-26,1670.999267578125,1770.75,1784.0,1671.5,1765.0,941378
2022-05-27,1700.9605712890625,1802.5,1816.0,1771.4000244140625,1771.4000244140625,448224
2022-05-30,1778.10546875,1884.25,1899.0,1813.199951171875,1817.3499755859375,425691
2022-05-31,1771.5469970703125,1877.300048828125,1895.0,1839.25,1887.9000244140625,358743
2022-06-01,1747.9552001953125,1852.300048828125,1899.0,1826.0,1875.0,1240297
2022-06-02,1739.981201171875,1843.8499755859375,1876.550048828125,1839.0,1852.949951171875,298899
2022-06-03,1736.253662109375,1839.9000244140625,1869.6500244140625,1835.0,1862.0,215175
2022-06-06,1725.7791748046875,1828.800048828125,1839.9000244140625,1806.300048828125,1839.9000244140625,172126
2022-06-07,1684.682373046875,1785.25,1821.1500244140625,1773.0999755859375,1818.800048828125,371212
2022-06-08,1638.820068359375,1736.6500244140625,1795.1500244140625,1717.050048828125,1794.1500244140625,540585
2022-06-09,1646.60546875,1744.9000244140625,1748.0999755859375,1710.699951171875,1736.6500244140625,203902
2022-06-10,1639.1031494140625,1736.949951171875,1748.0,1722.5999755859375,1731.9000244140625,173190
2022-06-13,1606.07470703125,1701.949951171875,1719.9000244140625,1680.550048828125,1719.9000244140625,269521
2022-06-14,1623.2496337890625,1720.1500244140625,1743.300048828125,1687.050048828125,1698.5,289872
2022-06-15,1625.2784423828125,1722.300048828125,1744.0,1714.6500244140625,1728.699951171875,92114
2022-06-16,1583.2852783203125,1677.800048828125,1748.699951171875,1670.0,1748.699951171875,157965
2022-06-17,1544.4061279296875,1636.5999755859375,1683.550048828125,1607.449951171875,1674.9000244140625,398106
2022-06-20,1537.139892578125,1628.9000244140625,1651.0,1611.550048828125,1646.0,199179
2022-06-21,1564.9310302734375,1658.3499755859375,1677.5,1620.25,1620.25,298719
2022-06-22,1550.7288818359375,1643.300048828125,1665.949951171875,1616.949951171875,1653.0,182132
2022-06-23,1593.9959716796875,1689.1500244140625,1694.0999755859375,1643.300048828125,1652.0,254536
2022-06-24,1641.4622802734375,1739.449951171875,1743.5999755859375,1694.0,1700.0,332342
2022-06-27,1650.5216064453125,1749.050048828125,1775.0,1741.800048828125,1752.5999755859375,480442
2022-06-28,1615.9833984375,1712.449951171875,1746.800048828125,1704.9000244140625,1740.050048828125,148720
2022-06-29,1585.0311279296875,1679.6500244140625,1699.0,1664.0999755859375,1691.550048828125,341820
2022-06-30,1574.69775390625,1668.699951171875,1693.0,1659.199951171875,1684.0,125576
2022-07-01,1605.74462890625,1701.5999755859375,1706.949951171875,1650.0,1665.0,122583
2022-07-04,1627.7320556640625,1724.9000244140625,1729.9000244140625,1692.25,1705.0,114515
2022-07-05,1627.8736572265625,1725.050048828125,1749.9000244140625,1714.75,1730.0,156607
2022-07-06,1683.31396484375,1783.800048828125,1799.9000244140625,1725.0999755859375,1725.0999755859375,313276
2022-07-07,1683.974609375,1784.5,1807.0,1771.5,1807.0,126254
2022-07-08,1690.910400390625,1791.8499755859375,1805.0,1782.449951171875,1789.0,133391
2022-07-11,1732.9036865234375,1836.3499755859375,1840.0,1781.8499755859375,1787.0,359554
2022-07-12,1700.3470458984375,1801.8499755859375,1850.0,1795.199951171875,1839.0,342789
2022-07-13,1683.7860107421875,1784.300048828125,1826.300048828125,1780.0,1806.1500244140625,185800
2022-07-14,1684.49365234375,1785.050048828125,1809.9000244140625,1772.0,1790.0,156614
2022-07-15,1710.397216796875,1812.5,1817.4000244140625,1790.050048828125,1790.050048828125,133256
2022-07-18,1708.6043701171875,1810.5999755859375,1837.550048828125,1804.050048828125,1820.0,347874
2022-07-19,1721.3438720703125,1824.0999755859375,1829.550048828125,1806.050048828125,1815.0,239021
2022-07-20,1716.2952880859375,1818.75,1869.0,1812.300048828125,1844.0,485969
2022-07-21,1724.2220458984375,1827.1500244140625,1840.050048828125,1801.800048828125,1824.0,334766
2022-07-22,1723.04248046875,1825.9000244140625,1864.75,1820.1500244140625,1829.949951171875,413688
2022-07-25,1732.384765625,1835.800048828125,1843.8499755859375,1808.0,1828.949951171875,251631
2022-07-26,1706.433837890625,1808.300048828125,1840.0,1801.050048828125,1832.0,251029
2022-07-27,1725.8734130859375,1828.9000244140625,1832.0,1773.0,1801.550048828125,348955
2022-07-28,1775.4630126953125,1881.449951171875,1887.0,1837.5,1848.0,451542
2022-07-29,1851.145263671875,1961.6500244140625,1975.800048828125,1889.25,1905.0,777753
2022-08-01,1869.2635498046875,1980.8499755859375,1986.3499755859375,1946.0,1977.949951171875,369705
2022-08-02,1886.91015625,1999.550048828125,2004.9000244140625,1970.0,1985.949951171875,383638
2022-08-03,1866.149658203125,1977.550048828125,2000.1500244140625,1932.1500244140625,1999.0,373312
2022-08-04,1857.2218017578125,1913.8499755859375,1960.0,1891.0,1940.0,950410
2022-08-05,1845.2371826171875,1901.5,1930.800048828125,1894.550048828125,1918.699951171875,176656
2022-08-08,1845.91650390625,1902.199951171875,1918.699951171875,1886.5,1905.5999755859375,233732
2022-08-10,1825.537841796875,1881.199951171875,1905.800048828125,1872.0999755859375,1890.0,298757
2022-08-11,1857.3673095703125,1914.0,1931.0,1890.0,1900.0,931607
2022-08-12,1855.1353759765625,1911.699951171875,1931.0,1884.0,1925.0,622237
2022-08-16,1912.92333984375,1971.25,1985.0,1915.050048828125,1915.050048828125,842905
2022-08-17,1879.1529541015625,1936.449951171875,1989.0,1891.0,1971.25,1043579
2022-08-18,1865.17919921875,1922.050048828125,1957.4000244140625,1917.1500244140625,1934.0,388271
2022-08-19,1860.133056640625,1916.8499755859375,1975.0,1905.050048828125,1926.949951171875,639439
2022-08-22,1801.1805419921875,1856.0999755859375,1914.8499755859375,1850.0999755859375,1912.0,404163
2022-08-23,1824.761474609375,1880.4000244140625,1892.449951171875,1839.050048828125,1852.050048828125,429017
2022-08-24,1804.091796875,1859.0999755859375,1903.4000244140625,1849.0,1882.9000244140625,358665
2022-08-25,1813.0679931640625,1868.3499755859375,1881.9000244140625,1860.4000244140625,1869.0,239161
2022-08-26,1815.0574951171875,1870.4000244140625,1899.0,1865.550048828125,1880.0,222283
2022-08-29,1826.945068359375,1882.6500244140625,1887.6500244140625,1833.199951171875,1840.5999755859375,322814
2022-08-30,1883.8111572265625,1941.25,1945.050048828125,1887.9000244140625,1890.0,531892
2022-09-01,1860.47265625,1917.199951171875,1962.3499755859375,1902.0,1939.949951171875,329028
2022-09-02,1851.9815673828125,1908.449951171875,1937.6500244140625,1904.0,1924.550048828125,229513
2022-09-05,1829.2254638671875,1885.0,1920.0,1880.0,1908.5,242977
2022-09-06,1826.0714111328125,1881.75,1909.699951171875,1876.0,1891.550048828125,200730
2022-09-07,1870.2252197265625,1927.25,1930.0,1867.0,1875.0,470293
2022-09-08,1856.54248046875,1913.1500244140625,1946.949951171875,1907.6500244140625,1940.0,261528
2022-09-09,1843.0052490234375,1899.199951171875,1938.699951171875,1891.449951171875,1920.25,166806
2022-09-12,1855.717529296875,1912.300048828125,1927.949951171875,1905.0,1908.0,275750
2022-09-13,1884.3448486328125,1941.800048828125,1984.800048828125,1917.300048828125,1921.9000244140625,1134230
2022-09-14,1844.169921875,1900.4000244140625,1935.0,1882.0,1921.0,415010
2022-09-15,1833.0101318359375,1888.9000244140625,1923.0999755859375,1881.0999755859375,1910.0,269534
2022-09-16,1785.7509765625,1840.199951171875,1901.949951171875,1815.800048828125,1889.5,411390
2022-09-19,1795.260986328125,1850.0,1855.5,1821.199951171875,1848.9000244140625,313306
2022-09-20,1799.38525390625,1854.25,1899.8499755859375,1851.0999755859375,1859.25,346883
2022-09-21,1821.8017578125,1877.3499755859375,1904.199951171875,1846.949951171875,1862.5,381671
2022-09-22,1849.7010498046875,1906.0999755859375,1931.949951171875,1868.550048828125,1877.9000244140625,536390
2022-09-23,1799.482421875,1854.3499755859375,1921.949951171875,1847.1500244140625,1908.9000244140625,246590
2022-09-26,1758.1427001953125,1811.75,1848.0,1778.0,1848.0,230886
2022-09-27,1743.4896240234375,1796.6500244140625,1827.3499755859375,1783.0,1820.8499755859375,180106
2022-09-28,1727.7689208984375,1780.449951171875,1791.75,1764.0,1785.0,278234
2022-09-29,1734.22216796875,1787.0999755859375,1805.1500244140625,1756.550048828125,1789.949951171875,198449
2022-09-30,1767.6043701171875,1821.5,1827.949951171875,1772.5,1787.0,160766
2022-10-03,1730.4859619140625,1783.25,1820.050048828125,1775.3499755859375,1818.4000244140625,122197
2022-10-04,1763.771240234375,1817.550048828125,1824.0,1792.800048828125,1820.0,145939
2022-10-06,1747.5169677734375,1800.800048828125,1838.699951171875,1797.4000244140625,1826.6500244140625,200844
2022-10-07,1731.8446044921875,1784.6500244140625,1819.0,1778.25,1800.800048828125,275557
2022-10-10,1728.4482421875,1781.1500244140625,1788.0,1755.0,1770.0,267904
2022-10-11,1756.73583984375,1810.300048828125,1821.0,1769.9000244140625,1770.0,656495
2022-10-12,1745.9156494140625,1799.1500244140625,1836.0,1786.5999755859375,1820.0,392865
2022-10-13,1768.3321533203125,1822.25,1825.0,1781.75,1802.0,284505
2022-10-14,1732.5238037109375,1785.3499755859375,1842.800048828125,1780.0,1839.1500244140625,232613
2022-10-17,1785.65380859375,1840.0999755859375,1844.6500244140625,1764.050048828125,1782.0,391653
2022-10-18,1812.2431640625,1867.5,1875.0,1823.550048828125,1846.050048828125,327812
2022-10-19,1784.1500244140625,1838.550048828125,1868.699951171875,1834.75,1867.5,215195
2022-10-20,1763.5771484375,1817.3499755859375,1847.5999755859375,1800.3499755859375,1835.0,136812
2022-10-21,1758.5308837890625,1812.1500244140625,1840.050048828125,1796.0,1817.3499755859375,139389
2022-10-24,1760.85986328125,1814.550048828125,1830.0,1805.050048828125,1830.0,17333
2022-10-25,1750.816162109375,1804.199951171875,1818.8499755859375,1792.050048828125,1814.550048828125,149646
2022-10-27,1754.84326171875,1808.3499755859375,1814.1500244140625,1795.4000244140625,1805.1500244140625,136583
2022-10-28,1759.6954345703125,1813.3499755859375,1821.199951171875,1786.0,1812.9000244140625,279268
2022-10-31,1774.2515869140625,1828.3499755859375,1832.0,1810.050048828125,1815.4000244140625,246552
2022-11-01,1783.3734130859375,1837.75,1843.949951171875,1819.0,1831.0,152680
2022-11-02,1805.5960693359375,1860.6500244140625,1866.0999755859375,1822.699951171875,1835.0,460343
2022-11-03,1777.8907470703125,1832.0999755859375,1866.699951171875,1826.0999755859375,1852.449951171875,216610
2022-11-04,1757.9971923828125,1811.5999755859375,1839.4000244140625,1800.0,1831.699951171875,211896
2022-11-07,1754.50390625,1808.0,1826.0999755859375,1801.449951171875,1820.0,122076
2022-11-09,1757.9971923828125,1811.5999755859375,1828.5,1797.5,1825.0,273450
2022-11-10,1728.011474609375,1780.699951171875,1811.449951171875,1765.25,1800.949951171875,267655
2022-11-11,1698.0743408203125,1749.8499755859375,1785.0,1733.050048828125,1778.800048828125,1168262
2022-11-14,1687.885009765625,1739.3499755859375,1764.300048828125,1725.0,1758.5999755859375,366836
2022-11-15,1654.1146240234375,1704.550048828125,1754.9000244140625,1685.800048828125,1744.699951171875,590637
2022-11-16,1649.0684814453125,1699.3499755859375,1718.699951171875,1692.3499755859375,1705.0,312669
2022-11-17,1633.445068359375,1683.25,1700.0,1679.0999755859375,1700.0,479923
2022-11-18,1627.9620361328125,1677.5999755859375,1692.0,1670.0999755859375,1687.0999755859375,260297
2022-11-21,1625.778564453125,1675.3499755859375,1687.550048828125,1666.5,1679.949951171875,328682
2022-11-22,1630.5338134765625,1680.25,1686.699951171875,1675.3499755859375,1675.3499755859375,167324
2022-11-23,1646.5941162109375,1696.800048828125,1709.449951171875,1684.050048828125,1684.949951171875,448427
2022-11-24,1639.4615478515625,1689.449951171875,1705.9000244140625,1684.0,1705.300048828125,245390
2022-11-25,1659.6947021484375,1710.300048828125,1712.25,1683.0,1689.449951171875,195917
2022-11-28,1660.810546875,1711.449951171875,1726.75,1708.050048828125,1711.300048828125,219628
2022-11-29,1651.6885986328125,1702.050048828125,1722.5,1697.550048828125,1712.050048828125,202703
2022-11-30,1667.0211181640625,1717.8499755859375,1725.949951171875,1697.0,1708.949951171875,386776
2022-12-01,1668.4766845703125,1719.3499755859375,1726.5,1704.25,1726.5,371998
2022-12-02,1683.9063720703125,1735.25,1737.949951171875,1710.1500244140625,1714.050048828125,339069
2022-12-05,1683.712158203125,1735.050048828125,1738.8499755859375,1722.699951171875,1735.25,175391
2022-12-06,1663.6246337890625,1714.3499755859375,1737.6500244140625,1712.0,1730.0,142980
2022-12-07,1639.4615478515625,1689.449951171875,1720.0,1683.0,1720.0,383827
2022-12-08,1626.06982421875,1675.6500244140625,1696.8499755859375,1671.4000244140625,1690.0,541673
2022-12-09,1629.3692626953125,1679.050048828125,1696.699951171875,1670.0,1682.5999755859375,254358
2022-12-12,1620.878173828125,1670.300048828125,1681.3499755859375,1661.5,1679.050048828125,338935
2022-12-13,1634.900390625,1684.75,1695.300048828125,1667.0999755859375,1675.4000244140625,435765
2022-12-14,1636.113525390625,1686.0,1693.449951171875,1675.199951171875,1686.949951171875,275680
2022-12-15,1597.7337646484375,1646.449951171875,1691.8499755859375,1640.1500244140625,1684.9000244140625,386619
2022-12-16,1580.800048828125,1629.0,1642.5999755859375,1618.5999755859375,1630.199951171875,452409
2022-12-19,1607.6319580078125,1656.6500244140625,1659.5,1607.0999755859375,1630.0,501860
2022-12-20,1594.7740478515625,1643.4000244140625,1666.0,1631.949951171875,1650.0,691060
2022-12-21,1593.2698974609375,1641.8499755859375,1659.0,1637.050048828125,1646.9000244140625,414974
2022-12-22,1597.9764404296875,1646.699951171875,1650.0,1613.550048828125,1650.0,214259
2022-12-23,1576.7728271484375,1624.8499755859375,1639.949951171875,1615.199951171875,1631.699951171875,331858
2022-12-26,1574.8804931640625,1622.9000244140625,1638.25,1611.8499755859375,1625.550048828125,237050
2022-12-27,1588.9515380859375,1637.4000244140625,1644.0,1614.5999755859375,1632.0,265983
2022-12-28,1587.54443359375,1635.949951171875,1653.449951171875,1623.300048828125,1644.5999755859375,392708
2022-12-29,1580.5574951171875,1628.75,1634.0,1617.699951171875,1629.0,213930
2022-12-30,1600.3538818359375,1649.1500244140625,1661.0,1632.550048828125,1635.949951171875,471109
2023-01-02,1604.623779296875,1653.550048828125,1656.949951171875,1640.1500244140625,1650.0,198652
2023-01-03,1597.1514892578125,1645.8499755859375,1656.0,1630.050048828125,1656.0,204748
2023-01-04,1590.16455078125,1638.6500244140625,1651.300048828125,1625.300048828125,1650.0,251860
2023-01-05,1586.7197265625,1635.0999755859375,1645.0,1613.4000244140625,1639.1500244140625,279136
2023-01-06,1576.7728271484375,1624.8499755859375,1642.9000244140625,1618.0999755859375,1635.0999755859375,215943
2023-01-09,1587.0107421875,1635.4000244140625,1644.949951171875,1627.949951171875,1644.949951171875,245223
2023-01-10,1576.8214111328125,1624.9000244140625,1650.0,1622.1500244140625,1639.9000244140625,256073
2023-01-11,1588.9515380859375,1637.4000244140625,1640.75,1618.4000244140625,1628.699951171875,191655
2023-01-12,1588.1751708984375,1636.5999755859375,1654.949951171875,1632.0999755859375,1637.4000244140625,232141
2023-01-13,1532.1824951171875,1578.9000244140625,1641.5,1551.0999755859375,1639.449951171875,893881
2023-01-16,1519.4703369140625,1565.800048828125,1594.800048828125,1561.699951171875,1580.4000244140625,326001
2023-01-17,1537.519775390625,1584.4000244140625,1589.550048828125,1565.25,1573.0,169672
2023-01-18,1546.204833984375,1593.3499755859375,1599.0,1568.300048828125,1584.949951171875,272783
2023-01-19,1538.87841796875,1585.800048828125,1597.8499755859375,1580.0,1593.300048828125,164536
2023-01-20,1519.61572265625,1565.949951171875,1590.949951171875,1561.5,1586.9000244140625,163504
2023-01-23,1524.8072509765625,1571.300048828125,1579.1500244140625,1559.0,1576.25,119383
2023-01-24,1525.4381103515625,1571.949951171875,1579.949951171875,1566.0,1570.0,98767
2023-01-25,1484.5352783203125,1529.800048828125,1570.0,1521.25,1570.0,273339
2023-01-27,1451.929443359375,1496.199951171875,1540.0,1478.0999755859375,1540.0,410791
2023-01-30,1467.1649169921875,1511.9000244140625,1516.5999755859375,1486.4000244140625,1495.050048828125,87068
2023-01-31,1484.0986328125,1529.3499755859375,1538.949951171875,1509.0,1514.0,89685
2023-02-01,1456.0052490234375,1500.4000244140625,1545.6500244140625,1481.300048828125,1529.3499755859375,224009
2023-02-02,1485.9423828125,1531.25,1534.9000244140625,1481.0,1481.0,181839
2023-02-03,1484.2440185546875,1529.5,1548.9000244140625,1510.0,1547.4000244140625,155472
2023-02-06,1478.373046875,1523.449951171875,1536.949951171875,1513.6500244140625,1520.0999755859375,88011
2023-02-07,1481.9151611328125,1527.0999755859375,1531.699951171875,1515.25,1520.0999755859375,85838
2023-02-08,1472.0654296875,1516.949951171875,1531.699951171875,1510.0,1531.699951171875,205529
2023-02-09,1469.78515625,1514.5999755859375,1526.6500244140625,1503.75,1519.0,110727
2023-02-10,1475.70458984375,1520.699951171875,1527.449951171875,1506.050048828125,1519.8499755859375,75811
2023-02-13,1449.21240234375,1493.4000244140625,1524.949951171875,1486.0,1523.8499755859375,197844
2023-02-14,1457.4609375,1501.9000244140625,1508.9000244140625,1485.0,1495.300048828125,112483
2023-02-15,1431.842041015625,1475.5,1539.8499755859375,1463.6500244140625,1482.449951171875,1300850
2023-02-16,1407.14501953125,1450.050048828125,1494.5999755859375,1444.0,1480.5,530445
2023-02-17,1397.4410400390625,1440.050048828125,1450.8499755859375,1422.0,1446.0,418074
2023-02-20,1391.6182861328125,1434.050048828125,1451.550048828125,1417.0,1451.550048828125,934320
2023-02-21,1370.997314453125,1412.800048828125,1449.0,1408.25,1439.949951171875,439839
2023-02-22,1382.7391357421875,1424.9000244140625,1427.0,1402.449951171875,1409.550048828125,394468
2023-02-23,1373.6658935546875,1415.550048828125,1429.949951171875,1410.949951171875,1424.9000244140625,222961
2023-02-24,1378.32373046875,1420.3499755859375,1432.5,1416.0999755859375,1422.6500244140625,281152
2023-02-27,1350.521484375,1391.699951171875,1425.8499755859375,1382.5,1425.8499755859375,409843
2023-02-28,1369.39599609375,1411.1500244140625,1414.4000244140625,1386.699951171875,1390.0,225394
2023-03-01,1377.159423828125,1419.1500244140625,1421.0,1406.75,1410.0,282944
2023-03-02,1345.9605712890625,1387.0,1418.949951171875,1385.0,1418.949951171875,400428
2023-03-03,1363.6219482421875,1405.199951171875,1412.0,1387.0999755859375,1394.300048828125,742696
2023-03-06,1378.5662841796875,1420.5999755859375,1426.0,1407.0,1408.5,348034
2023-03-08,1388.7071533203125,1431.050048828125,1435.4000244140625,1402.4000244140625,1418.800048828125,296285
2023-03-09,1378.95458984375,1421.0,1442.949951171875,1410.550048828125,1432.550048828125,400802
2023-03-10,1377.9842529296875,1420.0,1422.199951171875,1396.5999755859375,1405.0,332215
2023-03-13,1374.1510009765625,1416.050048828125,1421.5,1400.0,1419.0,287511
2023-03-14,1359.643310546875,1401.0999755859375,1415.75,1388.1500244140625,1410.050048828125,411277
2023-03-15,1367.0184326171875,1408.699951171875,1414.0,1398.0999755859375,1413.5999755859375,317138
2023-03-16,1366.2421875,1407.9000244140625,1414.449951171875,1389.0,1412.25,284712
2023-03-17,1376.72265625,1418.699951171875,1422.8499755859375,1405.199951171875,1410.0,182424
2023-03-20,1358.4302978515625,1399.8499755859375,1420.050048828125,1381.050048828125,1418.0,292334
2023-03-21,1364.6409912109375,1406.25,1410.449951171875,1397.949951171875,1406.949951171875,155118
2023-03-22,1368.32861328125,1410.050048828125,1414.699951171875,1405.199951171875,1413.199951171875,126101
2023-03-23,1374.3936767578125,1416.300048828125,1421.9000244140625,1405.25,1410.0,290467
2023-03-24,1374.4906005859375,1416.4000244140625,1419.1500244140625,1400.5999755859375,1418.0,843508
2023-03-27,1357.896728515625,1399.300048828125,1420.4000244140625,1383.699951171875,1420.1500244140625,276549
2023-03-28,1353.38427734375,1394.6500244140625,1407.75,1386.4000244140625,1401.050048828125,281244
2023-03-29,1365.126220703125,1406.75,1409.699951171875,1381.449951171875,1393.949951171875,282259
2023-03-31,1376.3829345703125,1418.3499755859375,1433.0,1408.4000244140625,1408.4000244140625,220033
2023-04-03,1389.046875,1431.4000244140625,1436.0,1417.5999755859375,1436.0,240731
2023-04-05,1388.1734619140625,1430.5,1442.0,1424.050048828125,1433.6500244140625,205851
2023-04-06,1361.24462890625,1402.75,1437.9000244140625,1401.0,1428.0,514099
2023-04-10,1362.45751953125,1404.0,1418.0,1399.8499755859375,1409.699951171875,315861
2023-04-11,1348.0953369140625,1389.199951171875,1412.699951171875,1383.0,1408.550048828125,767407
2023-04-12,1351.394775390625,1392.5999755859375,1408.300048828125,1388.0999755859375,1395.4000244140625,615539
2023-04-13,1359.012451171875,1400.449951171875,1409.4000244140625,1383.9000244140625,1396.4000244140625,472097
2023-04-17,1367.1640625,1408.8499755859375,1411.9000244140625,1390.0,1390.0,492550
2023-04-18,1379.3427734375,1421.4000244140625,1429.699951171875,1399.300048828125,1415.0,435948
2023-04-19,1388.7071533203125,1431.050048828125,1438.699951171875,1413.25,1431.0,498684
2023-04-20,1415.6845703125,1458.8499755859375,1470.0,1419.9000244140625,1434.0,679005
2023-04-21,1437.4703369140625,1481.300048828125,1484.5,1455.199951171875,1468.9000244140625,782368
2023-04-24,1437.5673828125,1481.4000244140625,1486.9000244140625,1466.0,1481.300048828125,252510
2023-04-25,1428.1060791015625,1471.6500244140625,1485.0,1462.0,1484.699951171875,360689
2023-04-26,1430.1922607421875,1473.800048828125,1475.8499755859375,1462.800048828125,1470.0,210033
2023-04-27,1432.0360107421875,1475.699951171875,1480.300048828125,1463.0999755859375,1476.0,270248
2023-04-28,1431.0172119140625,1474.6500244140625,1482.199951171875,1466.5999755859375,1480.0,175125
2023-05-02,1446.9320068359375,1491.050048828125,1500.0,1475.699951171875,1479.949951171875,337019
2023-05-03,1461.68212890625,1506.25,1513.0,1484.0,1493.449951171875,319865
2023-05-04,1460.517578125,1505.050048828125,1510.0,1496.6500244140625,1506.25,223688
2023-05-05,1434.364990234375,1478.0999755859375,1511.5999755859375,1473.1500244140625,1504.050048828125,252996
2023-05-08,1457.0726318359375,1501.5,1503.449951171875,1480.0,1480.0,105098
2023-05-09,1454.937744140625,1499.300048828125,1507.949951171875,1492.800048828125,1502.949951171875,170114
2023-05-10,1453.2396240234375,1497.550048828125,1506.5999755859375,1487.25,1502.050048828125,125544
2023-05-11,1484.195556640625,1529.449951171875,1533.0,1492.449951171875,1498.0,637755
2023-05-12,1479.343505859375,1524.449951171875,1539.949951171875,1517.25,1537.699951171875,260980
2023-05-15,1495.597900390625,1541.199951171875,1549.9000244140625,1519.0,1524.449951171875,276771
2023-05-16,1497.5386962890625,1543.199951171875,1552.449951171875,1535.0,1545.5999755859375,152171
2023-05-17,1486.8157958984375,1532.1500244140625,1551.5,1521.199951171875,1543.199951171875,177822
2023-05-18,1480.4111328125,1525.550048828125,1544.449951171875,1517.550048828125,1536.050048828125,157320
2023-05-19,1488.7567138671875,1534.1500244140625,1596.4000244140625,1518.449951171875,1553.0,1293277
2023-05-22,1485.6998291015625,1531.0,1538.6500244140625,1509.0,1534.9000244140625,235124
2023-05-23,1482.15771484375,1527.3499755859375,1534.300048828125,1511.1500244140625,1530.0,232055
2023-05-24,1489.5814208984375,1535.0,1541.8499755859375,1514.5,1520.0,269687
2023-05-25,1514.6180419921875,1560.800048828125,1572.199951171875,1535.0,1535.0,526969
2023-05-26,1535.09375,1581.9000244140625,1586.300048828125,1560.0,1571.8499755859375,221969
2023-05-29,1529.9505615234375,1576.5999755859375,1589.4000244140625,1569.300048828125,1586.5,91619
2023-05-30,1529.6109619140625,1576.25,1596.0,1570.0,1578.0,263320
2023-05-31,1537.2772216796875,1584.1500244140625,1587.199951171875,1571.4000244140625,1576.25,239862
2023-06-01,1531.16357421875,1577.8499755859375,1599.949951171875,1571.800048828125,1590.0,76898
2023-06-02,1511.8038330078125,1557.9000244140625,1583.75,1555.5,1580.0,260202
2023-06-05,1530.0474853515625,1576.699951171875,1581.949951171875,1559.699951171875,1559.699951171875,110174
2023-06-06,1531.212158203125,1577.9000244140625,1583.449951171875,1562.8499755859375,1577.050048828125,93132
2023-06-07,1545.18603515625,1592.300048828125,1594.0,1573.300048828125,1578.0,124897
2023-06-08,1534.414306640625,1581.199951171875,1597.050048828125,1567.0999755859375,1592.300048828125,152266
2023-06-09,1528.494873046875,1575.0999755859375,1590.0,1565.25,1590.0,96441
2023-06-12,1526.8450927734375,1573.4000244140625,1579.0,1560.800048828125,1560.800048828125,173327
2023-06-13,1552.0760498046875,1599.4000244140625,1605.0,1578.0,1578.0,263679
2023-06-14,1555.763427734375,1603.199951171875,1615.949951171875,1593.6500244140625,1607.0,537832
2023-06-15,1566.826171875,1614.5999755859375,1620.0,1593.9000244140625,1607.0,336288
2023-06-16,1568.2818603515625,1616.0999755859375,1634.1500244140625,1605.4000244140625,1617.949951171875,313460
2023-06-19,1578.0828857421875,1626.199951171875,1631.0,1612.0,1613.949951171875,165647
2023-06-20,1592.2509765625,1640.800048828125,1643.300048828125,1616.550048828125,1616.550048828125,278138
2023-06-21,1601.2274169921875,1650.050048828125,1663.1500244140625,1640.949951171875,1640.949951171875,393095
2023-06-22,1588.078125,1636.5,1655.0,1631.050048828125,1655.0,486616
2023-06-23,1577.4036865234375,1625.5,1636.5,1614.449951171875,1634.0999755859375,133758
2023-06-26,1594.677001953125,1643.300048828125,1645.0,1617.3499755859375,1624.9000244140625,360561
2023-06-27,1613.6484375,1662.8499755859375,1672.949951171875,1641.6500244140625,1643.0999755859375,537172
2023-06-28,1613.74560546875,1662.949951171875,1675.0,1658.9000244140625,1672.0,237306
2023-06-30,1625.92431640625,1675.5,1682.5999755859375,1662.25,1665.0,169427
2023-07-03,1599.529052734375,1648.300048828125,1681.75,1626.6500244140625,1678.949951171875,509528
2023-07-04,1583.9052734375,1632.199951171875,1668.0999755859375,1627.0,1650.0,289375
2023-07-05,1609.8154296875,1658.9000244140625,1675.0,1624.050048828125,1635.949951171875,174004
2023-07-06,1623.9833984375,1673.5,1676.25,1651.0,1660.4000244140625,144062
2023-07-07,1617.967041015625,1667.300048828125,1722.5999755859375,1658.449951171875,1677.6500244140625,562262
2023-07-10,1621.0721435546875,1670.5,1695.0,1641.0,1672.25,160575
2023-07-11,1646.3515625,1696.550048828125,1700.75,1671.4000244140625,1671.4000244140625,178753
2023-07-12,1618.0155029296875,1667.3499755859375,1695.0,1623.050048828125,1693.800048828125,678672
2023-07-13,1610.1065673828125,1659.199951171875,1670.9000244140625,1640.25,1665.0,267222
2023-07-14,1631.3585205078125,1681.0999755859375,1683.9000244140625,1648.300048828125,1660.0,297308
2023-07-17,1642.8577880859375,1692.949951171875,1699.75,1679.4000244140625,1685.0,272869
2023-07-18,1642.3726806640625,1692.449951171875,1700.0,1671.449951171875,1694.949951171875,267675
2023-07-19,1649.990478515625,1700.300048828125,1707.9000244140625,1688.449951171875,1694.949951171875,269198
2023-07-20,1647.758544921875,1698.0,1704.5,1680.0999755859375,1700.0999755859375,430273
2023-07-21,1633.8331298828125,1683.6500244140625,1700.050048828125,1670.25,1700.0,120339
2023-07-24,1635.434326171875,1685.300048828125,1693.9000244140625,1661.0,1680.0,236096
2023-07-25,1650.6697998046875,1701.0,1704.9000244140625,1661.0,1661.0,245599
2023-07-26,1656.6376953125,1707.1500244140625,1718.199951171875,1689.1500244140625,1704.0,320924
2023-07-27,1652.756103515625,1703.1500244140625,1716.800048828125,1692.199951171875,1707.199951171875,201213
2023-07-28,1664.9832763671875,1715.75,1718.0,1690.550048828125,1710.0,120528
2023-07-31,1685.022216796875,1736.4000244140625,1742.0,1707.25,1715.9000244140625,320129
2023-08-01,1709.8648681640625,1762.0,1768.25,1734.0,1737.300048828125,247283
2023-08-02,1705.0126953125,1757.0,1765.0,1742.5999755859375,1755.0,309622
2023-08-03,1709.8533935546875,1748.449951171875,1756.9000244140625,1731.699951171875,1742.0,237617
2023-08-04,1720.3173828125,1759.1500244140625,1763.699951171875,1736.1500244140625,1750.0,174206
2023-08-07,1726.4293212890625,1765.4000244140625,1771.0,1744.4000244140625,1758.0999755859375,168377
2023-08-08,1717.18798828125,1755.949951171875,1771.449951171875,1750.0,1766.0,111572
2023-08-09,1662.7664794921875,1700.300048828125,1766.1500244140625,1696.0,1755.550048828125,394387
2023-08-10,1609.5673828125,1645.9000244140625,1696.0,1637.800048828125,1669.949951171875,1307546
2023-08-11,1613.2344970703125,1649.6500244140625,1664.0,1638.0,1645.449951171875,487560
2023-08-14,1610.5452880859375,1646.9000244140625,1651.699951171875,1618.1500244140625,1649.949951171875,272721
2023-08-16,1610.789794921875,1647.1500244140625,1654.199951171875,1626.0,1639.75,145670
2023-08-17,1695.282470703125,1733.550048828125,1768.0,1636.25,1640.0999755859375,2918175
2023-08-18,1685.014404296875,1723.050048828125,1768.0,1697.25,1745.949951171875,1104396
2023-08-21,1694.40234375,1732.6500244140625,1738.8499755859375,1715.050048828125,1725.0,252696
2023-08-22,1692.3975830078125,1730.5999755859375,1740.0,1716.550048828125,1735.800048828125,166278
2023-08-23,1688.7303466796875,1726.8499755859375,1735.9000244140625,1681.75,1735.9000244140625,596531
2023-08-24,1672.7901611328125,1710.550048828125,1743.449951171875,1705.5,1731.75,122857
2023-08-25,1664.820068359375,1702.4000244140625,1723.5999755859375,1695.050048828125,1710.0,123403
2023-08-28,1656.60546875,1694.0,1705.0,1687.300048828125,1700.550048828125,99387
2023-08-29,1653.1339111328125,1690.449951171875,1712.0,1685.1500244140625,1694.050048828125,249717
2023-08-30,1668.4384765625,1706.0999755859375,1720.0,1689.3499755859375,1691.0999755859375,324825
2023-08-31,1650.9334716796875,1688.199951171875,1706.449951171875,1681.550048828125,1705.949951171875,322581
2023-09-01,1647.0218505859375,1684.199951171875,1695.0,1676.550048828125,1687.949951171875,189008
2023-09-04,1618.5152587890625,1655.050048828125,1691.0,1652.0,1684.199951171875,678684
2023-09-05,1644.7725830078125,1681.9000244140625,1685.0,1656.0,1662.949951171875,153046
2023-09-06,1649.320068359375,1686.550048828125,1699.0,1678.0999755859375,1686.0,154904
2023-09-07,1693.033203125,1731.25,1748.949951171875,1685.199951171875,1688.0,902458
2023-09-08,1685.4053955078125,1723.449951171875,1744.800048828125,1717.199951171875,1732.0,184008
2023-09-11,1679.7823486328125,1717.699951171875,1727.0,1709.3499755859375,1720.0,203962
2023-09-12,1663.30419921875,1700.8499755859375,1724.949951171875,1678.0999755859375,1724.949951171875,258073
2023-09-13,1635.4334716796875,1672.3499755859375,1688.0,1650.0999755859375,1660.0,583691
2023-09-14,1623.3070068359375,1659.949951171875,1684.1500244140625,1646.0,1675.3499755859375,246870
2023-09-15,1649.320068359375,1686.550048828125,1689.800048828125,1658.5999755859375,1669.0,354547
2023-09-18,1640.958740234375,1678.0,1692.550048828125,1670.050048828125,1686.550048828125,159397
2023-09-20,1631.179443359375,1668.0,1675.9000244140625,1660.0,1673.050048828125,107216
2023-09-21,1619.2486572265625,1655.800048828125,1677.449951171875,1652.0,1660.0,100997
2023-09-22,1597.538818359375,1633.5999755859375,1663.0,1628.0,1650.0999755859375,140677
2023-09-25,1599.201416015625,1635.300048828125,1650.0,1621.3499755859375,1638.5,229856
2023-09-26,1580.033935546875,1615.699951171875,1641.4000244140625,1612.5,1635.0,129437
2023-09-27,1572.308349609375,1607.800048828125,1617.300048828125,1597.550048828125,1615.0,296962
2023-09-28,1554.216796875,1589.300048828125,1621.4000244140625,1585.050048828125,1605.0,147056
2023-09-29,1572.89501953125,1608.4000244140625,1626.8499755859375,1588.0,1589.0,210071
2023-10-03,1582.869873046875,1618.5999755859375,1630.0,1597.5999755859375,1610.0,129609
2023-10-04,1573.5797119140625,1609.0999755859375,1618.6500244140625,1600.0,1613.4000244140625,165621
2023-10-05,1587.8572998046875,1623.699951171875,1625.1500244140625,1603.25,1607.699951171875,135260
2023-10-06,1587.759521484375,1623.5999755859375,1630.449951171875,1612.25,1624.949951171875,111347
2023-10-09,1584.581298828125,1620.3499755859375,1625.0,1597.0999755859375,1600.0,82661
2023-10-10,1608.4427490234375,1644.75,1647.0,1620.3499755859375,1620.550048828125,141755
2023-10-11,1598.4189453125,1634.5,1666.949951171875,1631.3499755859375,1652.0,260074
2023-10-12,1596.3653564453125,1632.4000244140625,1649.0,1627.25,1638.0,162761
2023-10-13,1588.98193359375,1624.8499755859375,1638.0,1610.0999755859375,1633.0,107027
2023-10-16,1598.1744384765625,1634.25,1645.0,1615.0,1624.8499755859375,149743
2023-10-17,1593.0404052734375,1629.0,1646.800048828125,1622.050048828125,1640.0,77181
2023-10-18,1594.4095458984375,1630.4000244140625,1638.8499755859375,1614.25,1626.5999755859375,266229
2023-10-19,1588.688720703125,1624.550048828125,1628.75,1616.5,1622.300048828125,42867
2023-10-20,1572.650634765625,1608.1500244140625,1624.0,1603.25,1615.4000244140625,94137
2023-10-23,1539.0098876953125,1573.75,1615.0,1570.0,1607.949951171875,117534
2023-10-25,1553.5321044921875,1588.5999755859375,1632.0,1573.75,1573.75,188606
2023-10-26,1520.28271484375,1554.5999755859375,1587.0999755859375,1549.050048828125,1582.0,178383
2023-10-27,1518.718017578125,1553.0,1572.699951171875,1550.25,1563.300048828125,77824
2023-10-30,1535.9783935546875,1570.6500244140625,1575.0,1535.5,1553.0,138752
2023-10-31,1531.47998046875,1566.050048828125,1586.550048828125,1560.9000244140625,1575.0999755859375,65568
2023-11-01,1505.2716064453125,1539.25,1569.8499755859375,1537.0,1566.050048828125,107949
2023-11-02,1538.4232177734375,1573.1500244140625,1578.0999755859375,1542.1500244140625,1542.1500244140625,80265
2023-11-03,1541.5526123046875,1576.3499755859375,1587.5,1568.5,1576.0,59588
2023-11-06,1526.54150390625,1561.0,1588.6500244140625,1545.0,1579.3499755859375,312989
2023-11-07,1504.6357421875,1538.5999755859375,1562.0,1530.0,1561.0,258525
2023-11-08,1522.580810546875,1556.949951171875,1559.0,1536.0,1543.0,442571
2023-11-09,1537.4453125,1572.1500244140625,1613.6500244140625,1530.0,1530.0,797169
2023-11-10,1528.1549072265625,1562.6500244140625,1572.0,1548.0,1570.0,108001
2023-11-13,1534.071533203125,1568.699951171875,1588.0,1564.050048828125,1580.0,58582
2023-11-15,1557.688232421875,1592.8499755859375,1596.300048828125,1566.050048828125,1581.0,123249
2023-11-16,1567.6632080078125,1603.050048828125,1609.0,1581.949951171875,1592.8499755859375,121402
2023-11-17,1560.27978515625,1595.5,1612.949951171875,1592.300048828125,1600.550048828125,101489
2023-11-20,1546.393310546875,1581.300048828125,1605.0,1578.0,1599.949951171875,92333
2023-11-21,1558.470703125,1593.6500244140625,1600.0,1581.300048828125,1585.1500244140625,190119
2023-11-22,1583.8477783203125,1619.5999755859375,1626.4000244140625,1593.5999755859375,1593.6500244140625,293466
2023-11-23,1570.548095703125,1606.0,1633.300048828125,1603.0,1629.4000244140625,145061
2023-11-24,1571.47705078125,1606.949951171875,1611.3499755859375,1590.0,1606.050048828125,229492
2023-11-28,1581.403076171875,1617.0999755859375,1628.800048828125,1600.1500244140625,1606.949951171875,180041
2023-11-29,1577.3446044921875,1612.949951171875,1641.699951171875,1595.0999755859375,1621.300048828125,226859
2023-11-30,1582.136474609375,1617.8499755859375,1632.6500244140625,1602.800048828125,1613.0,159077
2023-12-01,1582.3809814453125,1618.0999755859375,1634.0,1613.5999755859375,1630.5999755859375,87118
2023-12-04,1594.018310546875,1630.0,1641.0,1603.300048828125,1640.050048828125,248494
2023-12-05,1613.0389404296875,1649.449951171875,1656.300048828125,1623.0,1632.1500244140625,246094
2023-12-06,1608.1492919921875,1644.449951171875,1660.0,1641.699951171875,1660.0,120183
2023-12-07,1622.4271240234375,1659.050048828125,1662.8499755859375,1631.0999755859375,1645.0999755859375,128902
2023-12-08,1626.6322021484375,1663.3499755859375,1672.0,1628.449951171875,1661.9000244140625,253597
2023-12-11,1631.9619140625,1668.800048828125,1687.550048828125,1658.699951171875,1668.0,435233
2023-12-12,1618.4664306640625,1655.0,1687.5,1646.6500244140625,1677.0,159200
2023-12-13,1597.147705078125,1633.199951171875,1669.25,1627.550048828125,1655.0999755859375,484678
2023-12-14,1615.777099609375,1652.25,1664.5999755859375,1636.0,1645.0,286247
2023-12-15,1610.3006591796875,1646.6500244140625,1680.0,1639.25,1657.0,436419
2023-12-18,1634.1622314453125,1671.050048828125,1684.5,1643.3499755859375,1646.25,371173
2023-12-19,1637.38916015625,1674.3499755859375,1685.0,1655.300048828125,1671.199951171875,276789
2023-12-20,1597.196533203125,1633.25,1724.25,1576.0,1682.6500244140625,833038
2023-12-21,1584.287841796875,1620.050048828125,1633.449951171875,1602.699951171875,1625.0,315391
2023-12-22,1585.119140625,1620.9000244140625,1637.9000244140625,1609.050048828125,1630.0,312754
2023-12-26,1583.75,1619.5,1626.6500244140625,1608.550048828125,1620.9000244140625,197528
2023-12-27,1603.5040283203125,1639.699951171875,1641.8499755859375,1614.0,1632.0,285133
2023-12-28,1602.477294921875,1638.6500244140625,1651.949951171875,1628.0,1644.0,286719
2023-12-29,1614.9459228515625,1651.4000244140625,1660.25,1628.699951171875,1637.550048828125,289578
2024-01-01,1605.4112548828125,1641.6500244140625,1658.6500244140625,1632.199951171875,1654.449951171875,234872
2024-01-02,1561.69775390625,1596.949951171875,1637.0,1592.0999755859375,1634.0,537992
2024-01-03,1559.9864501953125,1595.199951171875,1611.949951171875,1594.0,1597.0,368231
2024-01-04,1572.5040283203125,1608.0,1614.949951171875,1594.8499755859375,1604.0,480334
2024-01-05,1585.4124755859375,1621.199951171875,1637.050048828125,1609.0,1609.0,528170
2024-01-08,1553.043212890625,1588.0999755859375,1627.0,1579.5999755859375,1626.0,322072
2024-01-09,1534.5604248046875,1569.199951171875,1605.449951171875,1565.0,1596.0,399350
2024-01-10,1530.6976318359375,1565.25,1581.0,1557.550048828125,1572.0,133457
2024-01-11,1541.6015625,1576.4000244140625,1598.0,1568.0,1568.0,515544
2024-01-12,1541.2103271484375,1576.0,1587.9000244140625,1570.4000244140625,1587.0,135284
2024-01-15,1546.14892578125,1581.050048828125,1592.800048828125,1573.0999755859375,1590.0,168687
2024-01-16,1543.6551513671875,1578.5,1592.0,1566.5,1589.949951171875,115649
2024-01-17,1509.3299560546875,1543.4000244140625,1578.9000244140625,1539.050048828125,1565.0,190130
2024-01-18,1483.2193603515625,1516.699951171875,1545.699951171875,1513.0,1543.4000244140625,168177
2024-01-19,1482.3392333984375,1515.800048828125,1532.4000244140625,1505.550048828125,1525.0,244001
2024-01-23,1432.611572265625,1464.949951171875,1517.9000244140625,1461.0,1517.9000244140625,237089
2024-01-24,1434.0784912109375,1466.449951171875,1482.0,1460.0,1482.0,212352
2024-01-25,1417.3072509765625,1449.300048828125,1475.300048828125,1442.0,1460.0,324588
2024-01-29,1426.0595703125,1458.25,1472.9000244140625,1425.0,1450.0,556305
2024-01-30,1428.1131591796875,1460.3499755859375,1478.4000244140625,1442.800048828125,1468.9000244140625,588228
2024-01-31,1455.5928955078125,1488.449951171875,1491.4000244140625,1455.5999755859375,1460.0,439830
2024-02-01,1426.9398193359375,1459.1500244140625,1496.0,1444.1500244140625,1496.0,700786
2024-02-02,1420.338623046875,1452.4000244140625,1468.75,1421.1500244140625,1424.949951171875,1497583
2024-02-05,1400.2913818359375,1431.9000244140625,1460.6500244140625,1425.0,1458.3499755859375,381770
2024-02-06,1410.510498046875,1442.3499755859375,1450.0,1430.0,1434.0,196289
2024-02-07,1390.0718994140625,1421.449951171875,1458.0,1396.8499755859375,1458.0,1076463
2024-02-08,1384.204345703125,1415.449951171875,1434.550048828125,1403.0,1428.3499755859375,528206
2024-02-09,1389.9254150390625,1421.300048828125,1427.3499755859375,1406.4000244140625,1422.25,274905
2024-02-12,1379.1680908203125,1410.300048828125,1425.550048828125,1402.550048828125,1421.300048828125,220573
2024-02-13,1379.265869140625,1410.4000244140625,1420.949951171875,1400.0,1412.0,144524
2024-02-14,1379.9993896484375,1411.1500244140625,1416.5999755859375,1394.0999755859375,1405.0,211631
2024-02-15,1379.0703125,1410.199951171875,1424.0,1406.449951171875,1422.0,151684
2024-02-16,1401.1715087890625,1432.800048828125,1437.0,1411.550048828125,1415.0999755859375,317081
2024-02-19,1402.1982421875,1433.8499755859375,1453.3499755859375,1430.25,1443.0,259101
2024-02-20,1406.10986328125,1437.8499755859375,1442.9000244140625,1416.5,1432.050048828125,482265
2024-02-21,1400.3402099609375,1431.949951171875,1452.8499755859375,1425.050048828125,1449.9000244140625,343186
2024-02-22,1386.306884765625,1417.5999755859375,1438.449951171875,1410.949951171875,1435.0,473373
2024-02-23,1395.010498046875,1426.5,1433.0,1417.75,1430.0,231233
2024-02-26,1397.0152587890625,1428.550048828125,1434.949951171875,1419.9000244140625,1426.0,339069
2024-02-27,1406.0120849609375,1437.75,1446.699951171875,1423.0,1428.5999755859375,266131
2024-02-28,1375.3052978515625,1406.3499755859375,1445.699951171875,1400.0,1438.0,506598
2024-02-29,1378.4346923828125,1409.550048828125,1415.550048828125,1381.0,1406.0,421510
2024-03-01,1400.8780517578125,1432.5,1439.0,1408.0,1413.0,220164
2024-03-04,1393.7879638671875,1425.25,1441.8499755859375,1416.0,1440.0,236729
2024-03-05,1416.769287109375,1448.75,1473.8499755859375,1418.050048828125,1424.0,707312
2024-03-06,1402.6383056640625,1434.300048828125,1459.8499755859375,1415.050048828125,1454.0,346898
2024-03-07,1418.4317626953125,1450.449951171875,1454.550048828125,1431.8499755859375,1444.9000244140625,240421
2024-03-11,1415.1556396484375,1447.0999755859375,1466.949951171875,1435.0,1452.0,272578
2024-03-12,1395.5484619140625,1427.050048828125,1461.8499755859375,1418.0,1446.0,320124
2024-03-13,1372.5181884765625,1403.5,1432.5999755859375,1378.75,1427.0,819845
2024-03-14,1376.087646484375,1407.1500244140625,1413.0,1367.050048828125,1390.0,476722
2024-03-15,1359.80517578125,1390.5,1418.8499755859375,1386.449951171875,1407.4000244140625,421772
2024-03-18,1346.84765625,1377.25,1398.449951171875,1372.949951171875,1395.0,535191
2024-03-19,1341.1756591796875,1371.449951171875,1387.9000244140625,1357.0999755859375,1378.5,498346
2024-03-20,1344.7451171875,1375.0999755859375,1380.0,1348.0999755859375,1376.5999755859375,366341
2024-03-21,1349.1947021484375,1379.6500244140625,1394.0,1374.75,1383.699951171875,340578
2024-03-22,1352.17724609375,1382.699951171875,1397.75,1376.0999755859375,1379.6500244140625,391026
2024-03-26,1342.104736328125,1372.4000244140625,1382.0999755859375,1366.300048828125,1380.0,389068
2024-03-27,1337.1173095703125,1367.300048828125,1377.949951171875,1362.0,1372.4000244140625,549012
2024-03-28,1334.085693359375,1364.199951171875,1371.0,1360.25,1367.300048828125,383390
2024-04-01,1338.975341796875,1369.199951171875,1383.9000244140625,1366.300048828125,1366.300048828125,275675
2024-04-02,1343.76708984375,1374.0999755859375,1384.199951171875,1350.050048828125,1350.050048828125,267323
2024-04-03,1339.317626953125,1369.550048828125,1380.8499755859375,1365.550048828125,1375.0,214264
2024-04-04,1341.61572265625,1371.9000244140625,1381.949951171875,1367.0,1381.949951171875,196616
2024-04-05,1329.3917236328125,1359.4000244140625,1367.0,1350.5,1360.0,435369
2024-04-08,1316.4342041015625,1346.1500244140625,1367.0,1337.800048828125,1367.0,434631
2024-04-09,1313.5491943359375,1343.199951171875,1366.800048828125,1338.0,1354.0,608528
2024-04-10,1349.879150390625,1380.3499755859375,1390.0,1342.0,1344.0,1037763
2024-04-12,1356.871337890625,1387.5,1404.4000244140625,1378.5,1382.050048828125,1062242
2024-04-15,1312.8157958984375,1342.449951171875,1382.0,1341.050048828125,1382.0,780335
2024-04-16,1309.4420166015625,1339.0,1350.0,1326.550048828125,1341.0,503906
2024-04-18,1313.8917236328125,1343.550048828125,1368.0,1340.0,1359.9000244140625,514300
2024-04-19,1291.252685546875,1320.4000244140625,1341.699951171875,1307.050048828125,1340.0,866280
2024-04-22,1313.1092529296875,1342.75,1348.0,1323.75,1339.9000244140625,520748
2024-04-23,1322.2528076171875,1352.0999755859375,1357.0,1337.1500244140625,1352.0,455490
2024-04-24,1332.86328125,1362.949951171875,1369.25,1355.25,1358.800048828125,628985
2024-04-25,1319.6612548828125,1349.449951171875,1366.0,1345.25,1366.0,346668
2024-04-26,1333.3033447265625,1363.4000244140625,1387.949951171875,1349.0,1355.0,1007512
2024-04-29,1326.7513427734375,1356.699951171875,1372.0999755859375,1348.0,1371.0,504759
2024-04-30,1338.926513671875,1369.1500244140625,1373.5,1358.0,1366.0,396351
2024-05-02,1324.3553466796875,1354.25,1374.800048828125,1351.0,1369.1500244140625,299319
2024-05-03,1308.8062744140625,1338.3499755859375,1361.4000244140625,1330.050048828125,1358.0,312915
2024-05-06,1301.912109375,1331.300048828125,1345.0,1323.0,1345.0,256674
2024-05-07,1294.7730712890625,1324.0,1342.4000244140625,1318.0,1333.0,303260
2024-05-08,1291.3992919921875,1320.550048828125,1333.550048828125,1315.449951171875,1324.0,266820
2024-05-09,1269.885009765625,1298.550048828125,1328.0,1295.5,1328.0,447161
2024-05-10,1280.2020263671875,1309.0999755859375,1321.75,1297.5999755859375,1306.5,247831
2024-05-13,1288.1231689453125,1317.199951171875,1320.4000244140625,1294.0,1315.0,294086
2024-05-14,1299.51611328125,1328.8499755859375,1335.0,1317.5,1320.0,288805
2024-05-15,1297.8536376953125,1327.1500244140625,1336.0,1321.0,1334.9000244140625,165453
2024-05-16,1305.041259765625,1334.5,1336.0,1322.0999755859375,1329.050048828125,164981
2024-05-17,1323.181884765625,1353.050048828125,1359.9000244140625,1336.0,1336.300048828125,805358
2024-05-21,1331.298583984375,1361.3499755859375,1386.800048828125,1359.9000244140625,1373.8499755859375,278840
2024-05-22,1336.2860107421875,1366.449951171875,1375.8499755859375,1358.449951171875,1361.3499755859375,211691
2024-05-23,1326.017822265625,1355.949951171875,1369.75,1348.0999755859375,1366.9000244140625,203479
2024-05-24,1316.6787109375,1346.4000244140625,1356.800048828125,1345.0,1349.800048828125,182966
2024-05-27,1325.675537109375,1355.5999755859375,1363.050048828125,1338.4000244140625,1346.4000244140625,314719
2024-05-28,1326.80029296875,1356.75,1364.5999755859375,1343.300048828125,1355.699951171875,301156
2024-05-29,1343.6204833984375,1373.949951171875,1377.0,1351.0,1358.8499755859375,645704
2024-05-30,1341.9091796875,1372.199951171875,1417.8499755859375,1350.5,1355.0,2903377
2024-05-31,1335.30810546875,1365.449951171875,1398.75,1352.0,1378.0,731290
2024-06-03,1338.241943359375,1368.449951171875,1398.6500244140625,1360.300048828125,1398.6500244140625,527951
2024-06-04,1307.6817626953125,1337.199951171875,1372.0,1269.0,1372.0,810262
2024-06-05,1392.5167236328125,1423.949951171875,1432.949951171875,1338.0999755859375,1344.8499755859375,1245444
2024-06-06,1424.788330078125,1456.949951171875,1465.0,1415.949951171875,1435.0,1165705
2024-06-07,1433.540771484375,1465.9000244140625,1473.9000244140625,1454.8499755859375,1470.0,448938
2024-06-10,1449.9697265625,1482.699951171875,1499.5,1465.199951171875,1485.9000244140625,686400
2024-06-11,1441.9019775390625,1474.449951171875,1505.0999755859375,1470.5999755859375,1490.0,383699
2024-06-12,1431.8782958984375,1464.199951171875,1492.449951171875,1456.0,1490.0,349208
2024-06-13,1435.985595703125,1468.4000244140625,1478.0,1460.0,1474.0,262442
2024-06-14,1419.751953125,1451.800048828125,1474.199951171875,1448.0,1468.0,439642
2024-06-18,1423.7125244140625,1455.8499755859375,1465.0,1447.699951171875,1452.699951171875,411776
2024-06-19,1417.405029296875,1449.4000244140625,1468.8499755859375,1447.050048828125,1456.5,353950
2024-06-20,1434.86083984375,1467.25,1476.0,1445.050048828125,1449.4000244140625,609376
2024-06-21,1428.9444580078125,1461.199951171875,1479.800048828125,1452.5,1477.25,301512
2024-06-24,1422.734619140625,1454.8499755859375,1466.5,1448.0999755859375,1456.4000244140625,245296
2024-06-25,1427.03759765625,1459.25,1476.300048828125,1456.0,1461.5999755859375,377733
2024-06-26,1413.2977294921875,1445.199951171875,1461.5999755859375,1440.0,1459.25,341718
2024-06-27,1409.2393798828125,1441.050048828125,1451.949951171875,1435.199951171875,1450.0,485473
2024-06-28,1480.33447265625,1513.75,1523.9000244140625,1433.5999755859375,1439.949951171875,2109333
2024-07-01,1463.123046875,1496.1500244140625,1526.0,1489.0,1523.0999755859375,861337
2024-07-02,1462.3895263671875,1495.4000244140625,1510.0,1482.75,1507.0,315066
2024-07-03,1459.7003173828125,1492.6500244140625,1509.9000244140625,1486.9000244140625,1503.0,233632
2024-07-04,1476.3250732421875,1509.6500244140625,1513.0,1485.5,1500.0,329064
2024-07-05,1474.369140625,1507.6500244140625,1516.0999755859375,1501.050048828125,1513.0,252285
2024-07-08,1498.0838623046875,1531.9000244140625,1536.0,1490.0,1508.0,497122
2024-07-09,1481.850341796875,1515.300048828125,1550.0,1512.8499755859375,1540.0,844436
2024-07-10,1506.6407470703125,1540.6500244140625,1544.949951171875,1487.0999755859375,1525.25,904727
2024-07-11,1500.6754150390625,1534.550048828125,1545.0,1523.300048828125,1544.949951171875,195552
2024-07-12,1482.632568359375,1516.0999755859375,1552.199951171875,1512.5999755859375,1534.550048828125,332563
2024-07-15,1494.220947265625,1527.949951171875,1538.949951171875,1513.0,1518.6500244140625,227117
2024-07-16,1496.2257080078125,1530.0,1544.4000244140625,1525.5,1527.949951171875,256190
2024-07-18,1496.665771484375,1530.449951171875,1554.0,1521.25,1530.0,453241
2024-07-19,1490.16259765625,1523.800048828125,1542.0,1515.300048828125,1530.5,397365
2024-07-22,1505.6627197265625,1539.6500244140625,1545.3499755859375,1502.449951171875,1517.949951171875,347455
2024-07-23,1526.8348388671875,1561.300048828125,1565.0,1502.0,1535.0,601011
2024-07-24,1567.22314453125,1602.5999755859375,1608.0,1562.9000244140625,1565.0,1075660
2024-07-25,1562.2845458984375,1597.550048828125,1619.800048828125,1585.0,1590.0,584433
2024-07-26,1572.84619140625,1608.3499755859375,1612.5,1587.550048828125,1594.0,276011
2024-07-29,1585.4615478515625,1621.25,1633.0,1603.1500244140625,1615.300048828125,489858
2024-07-30,1568.543212890625,1603.949951171875,1633.0,1585.0,1633.0,521143
2024-07-31,1572.829345703125,1596.300048828125,1606.699951171875,1586.3499755859375,1588.0,210362
2024-08-01,1596.3779296875,1620.199951171875,1625.0,1588.6500244140625,1594.9000244140625,662370
2024-08-02,1595.392578125,1619.199951171875,1628.0,1596.800048828125,1618.0,569796
2024-08-05,1534.30419921875,1557.199951171875,1615.0,1547.5,1591.0999755859375,528741
2024-08-06,1492.8231201171875,1515.0999755859375,1585.5999755859375,1505.699951171875,1572.0,516740
2024-08-07,1444.3958740234375,1465.949951171875,1488.75,1440.0,1460.0,1626959
2024-08-08,1434.296630859375,1455.699951171875,1479.9000244140625,1450.25,1465.949951171875,270031
2024-08-09,1421.7833251953125,1443.0,1470.1500244140625,1438.699951171875,1470.0,273308
2024-08-12,1397.939208984375,1418.800048828125,1442.3499755859375,1415.5999755859375,1442.3499755859375,266322
2024-08-13,1382.174560546875,1402.800048828125,1424.949951171875,1400.0,1410.0,354487
2024-08-14,1367.9368896484375,1388.3499755859375,1418.0,1384.25,1406.800048828125,295572
2024-08-16,1410.41357421875,1421.1500244140625,1424.1500244140625,1385.0,1390.949951171875,363962
2024-08-19,1414.2841796875,1425.050048828125,1453.199951171875,1419.0,1423.25,327997
2024-08-20,1408.5279541015625,1419.25,1437.8499755859375,1410.0,1435.0,193531
2024-08-21,1410.3143310546875,1421.050048828125,1428.0,1415.050048828125,1420.75,280678
2024-08-22,1435.37353515625,1446.300048828125,1456.449951171875,1423.050048828125,1428.0,674340
2024-08-23,1441.9732666015625,1452.949951171875,1456.550048828125,1426.0,1446.0,349250
2024-08-26,1439.839599609375,1450.800048828125,1459.949951171875,1446.699951171875,1456.0,244009
2024-08-27,1442.27099609375,1453.25,1461.0,1444.8499755859375,1450.800048828125,123640
2024-08-28,1438.896728515625,1449.8499755859375,1468.949951171875,1440.0,1453.25,257139
2024-08-29,1439.3929443359375,1450.3499755859375,1462.199951171875,1429.550048828125,1449.8499755859375,386922
2024-08-30,1441.675537109375,1452.6500244140625,1461.699951171875,1445.550048828125,1450.3499755859375,169234
2024-09-02,1449.7640380859375,1460.800048828125,1464.25,1452.0,1453.0,148241
2024-09-03,1456.7607421875,1467.8499755859375,1476.949951171875,1457.3499755859375,1464.800048828125,298888
2024-09-04,1435.9193115234375,1446.8499755859375,1470.0,1441.9000244140625,1448.0,181540
2024-09-05,1425.9453125,1436.800048828125,1458.8499755859375,1433.0,1449.0,396867
2024-09-06,1395.6260986328125,1406.25,1446.5999755859375,1405.0,1440.0,395504
2024-09-09,1417.85693359375,1428.6500244140625,1431.8499755859375,1381.0,1408.9000244140625,378138
2024-09-10,1420.437255859375,1431.25,1445.0,1422.199951171875,1438.199951171875,223953
2024-09-11,1406.4932861328125,1417.199951171875,1441.199951171875,1413.5999755859375,1441.199951171875,187875
2024-09-12,1418.0057373046875,1428.800048828125,1431.75,1419.949951171875,1420.0,282717
2024-09-13,1427.0865478515625,1437.949951171875,1444.0,1428.800048828125,1435.0,137045
2024-09-16,1431.453369140625,1442.3499755859375,1449.0,1437.050048828125,1438.0,143559
2024-09-17,1428.128662109375,1439.0,1446.8499755859375,1436.0,1442.3499755859375,93625
2024-09-18,1421.0823974609375,1431.9000244140625,1450.0,1415.699951171875,1446.0,213886
2024-09-19,1415.57421875,1426.3499755859375,1447.5999755859375,1411.0,1432.0,150332
2024-09-20,1415.326171875,1426.0999755859375,1432.300048828125,1418.0,1427.3499755859375,203288
2024-09-23,1418.0057373046875,1428.800048828125,1440.0,1424.550048828125,1440.0,112964
2024-09-24,1418.7996826171875,1429.5999755859375,1435.75,1424.6500244140625,1430.0,217070
2024-09-25,1417.6087646484375,1428.4000244140625,1437.449951171875,1406.9000244140625,1429.5999755859375,432778
2024-09-26,1415.2269287109375,1426.0,1429.0,1415.0999755859375,1424.199951171875,194985
2024-09-27,1438.5989990234375,1449.550048828125,1462.0,1422.0,1426.0999755859375,731734
2024-09-30,1428.8233642578125,1439.699951171875,1465.0,1435.25,1454.0,235858
2024-10-01,1416.566650390625,1427.3499755859375,1447.75,1424.0,1440.0,113207
2024-10-03,1364.314453125,1374.699951171875,1427.4000244140625,1368.550048828125,1416.0,492342
2024-10-04,1354.2412109375,1364.550048828125,1385.0,1350.300048828125,1361.0,487982
2024-10-07,1344.4654541015625,1354.699951171875,1378.300048828125,1340.0,1373.0,160064
2024-10-08,1380.6402587890625,1391.1500244140625,1398.6500244140625,1350.199951171875,1354.199951171875,289306
2024-10-09,1390.663818359375,1401.25,1406.0,1383.5999755859375,1392.0,274924
2024-10-10,1384.11376953125,1394.6500244140625,1413.699951171875,1389.0,1407.0,360712
2024-10-11,1395.4771728515625,1406.0999755859375,1409.5,1389.1500244140625,1397.4000244140625,291909
2024-10-14,1405.004638671875,1415.699951171875,1423.9000244140625,1392.550048828125,1407.0,157345
2024-10-15,1439.690673828125,1450.6500244140625,1454.9000244140625,1416.0,1418.0,287862
2024-10-16,1413.9366455078125,1424.699951171875,1451.5,1420.050048828125,1450.0,163678
2024-10-17,1424.158935546875,1435.0,1443.949951171875,1419.0,1425.0,450226
2024-10-18,1453.882568359375,1464.949951171875,1468.800048828125,1416.0,1430.0,364814
2024-10-21,1419.99072265625,1430.800048828125,1465.800048828125,1417.199951171875,1458.0999755859375,311450
2024-10-22,1385.4039306640625,1395.949951171875,1436.949951171875,1389.050048828125,1428.1500244140625,616986
2024-10-23,1384.6595458984375,1395.199951171875,1419.9000244140625,1373.9000244140625,1385.0,347457
2024-10-24,1374.1893310546875,1384.6500244140625,1400.1500244140625,1371.0,1400.0,117518
2024-10-25,1354.4395751953125,1364.75,1398.5,1356.75,1385.550048828125,137411
2024-10-28,1362.57763671875,1372.949951171875,1386.5999755859375,1363.6500244140625,1370.050048828125,98764
2024-10-29,1349.9736328125,1360.25,1375.0,1347.5,1375.0,169419
2024-10-30,1353.54638671875,1363.8499755859375,1380.199951171875,1352.050048828125,1360.25,330459
2024-10-31,1345.408447265625,1355.6500244140625,1370.0,1346.550048828125,1363.8499755859375,242375
2024-11-01,1346.5001220703125,1356.75,1365.0,1354.0,1365.0,44277
2024-11-04,1326.3038330078125,1336.4000244140625,1362.0,1330.0,1362.0,366261
2024-11-05,1345.85498046875,1356.0999755859375,1359.5999755859375,1300.050048828125,1300.050048828125,1134015
2024-11-06,1348.1375732421875,1358.4000244140625,1370.0,1351.0,1357.550048828125,352439
2024-11-07,1329.92626953125,1340.050048828125,1359.6500244140625,1332.0,1357.800048828125,261356
2024-11-08,1326.20458984375,1336.300048828125,1352.1500244140625,1333.199951171875,1340.0999755859375,98355
2024-11-11,1320.8453369140625,1330.9000244140625,1340.550048828125,1318.8499755859375,1336.300048828125,186781
2024-11-12,1324.815185546875,1334.9000244140625,1350.75,1325.050048828125,1325.0999755859375,330309
2024-11-13,1307.9931640625,1317.949951171875,1340.0,1314.6500244140625,1334.9000244140625,132831
2024-11-14,1297.4732666015625,1307.3499755859375,1337.800048828125,1304.300048828125,1317.949951171875,159862
2024-11-18,1279.5596923828125,1289.300048828125,1306.0,1283.5,1303.0,263397
2024-11-19,1272.9598388671875,1282.6500244140625,1305.6500244140625,1280.0,1290.0,300203
2024-11-21,1271.8682861328125,1281.550048828125,1290.6500244140625,1275.550048828125,1287.0,165055
2024-11-22,1291.6177978515625,1301.449951171875,1305.199951171875,1278.0,1281.550048828125,123381
2024-11-25,1311.516357421875,1321.5,1330.0,1308.050048828125,1310.0,283078
2024-11-26,1355.6304931640625,1365.949951171875,1399.0,1322.4000244140625,1329.300048828125,555955
2024-11-27,1359.94775390625,1370.300048828125,1378.449951171875,1358.25,1365.9000244140625,160938
2024-11-28,1351.95849609375,1362.25,1384.050048828125,1355.0,1365.75,237510
2024-11-29,1400.1912841796875,1410.8499755859375,1418.1500244140625,1358.5,1365.0999755859375,423537
2024-12-02,1422.62060546875,1433.449951171875,1441.949951171875,1399.449951171875,1412.0,306702
2024-12-03,1415.127685546875,1425.9000244140625,1436.8499755859375,1411.0,1435.0,183367
2024-12-04,1432.9420166015625,1443.8499755859375,1447.25,1425.0,1425.0,266223
2024-12-05,1428.873046875,1439.75,1449.75,1429.449951171875,1446.949951171875,107526
2024-12-06,1436.0682373046875,1447.0,1457.0,1434.199951171875,1439.75,209839
2024-12-09,1437.308837890625,1448.25,1457.5,1439.3499755859375,1448.800048828125,119924
2024-12-10,1424.406982421875,1435.25,1455.449951171875,1428.550048828125,1448.25,157465
2024-12-11,1436.564453125,1447.5,1452.449951171875,1430.6500244140625,1431.9000244140625,112680
2024-12-12,1418.998291015625,1429.800048828125,1450.0,1411.0,1450.0,77490
2024-12-13,1421.628173828125,1432.449951171875,1434.800048828125,1406.300048828125,1429.800048828125,109709
2024-12-16,1424.5062255859375,1435.3499755859375,1442.449951171875,1420.050048828125,1435.5,107360
2024-12-17,1401.8785400390625,1412.550048828125,1440.050048828125,1410.0,1435.0,59374
2024-12-18,1369.6241455078125,1380.050048828125,1414.9000244140625,1378.050048828125,1410.0,80875
2024-12-19,1357.962890625,1368.300048828125,1384.949951171875,1354.0,1360.0,127455
2024-12-20,1332.109619140625,1342.25,1374.75,1338.199951171875,1365.550048828125,121400
2024-12-23,1324.0211181640625,1334.0999755859375,1353.4000244140625,1327.8499755859375,1350.25,83477
2024-12-24,1351.2142333984375,1361.5,1371.3499755859375,1332.050048828125,1332.3499755859375,231220
2024-12-26,1340.24755859375,1350.449951171875,1364.4000244140625,1341.25,1355.0,178261
2024-12-27,1370.8646240234375,1381.300048828125,1422.9000244140625,1346.75,1355.699951171875,2596097
2024-12-30,1378.4072265625,1388.9000244140625,1400.0,1353.800048828125,1381.300048828125,383666
2024-12-31,1364.512939453125,1374.9000244140625,1389.9000244140625,1366.8499755859375,1375.0,193306
2025-01-01,1386.446044921875,1397.0,1401.0,1372.75,1378.0999755859375,91829
2025-01-02,1410.860107421875,1421.5999755859375,1429.449951171875,1390.3499755859375,1407.8499755859375,127608
2025-01-03,1449.7640380859375,1460.800048828125,1464.949951171875,1415.0,1424.0,338918
2025-01-06,1413.1923828125,1423.949951171875,1479.0,1411.0,1466.0,457642
2025-01-07,1413.6390380859375,1424.4000244140625,1442.0,1390.0,1424.0,85433
2025-01-08,1410.0166015625,1420.75,1432.0999755859375,1386.8499755859375,1427.4000244140625,142177
2025-01-09,1402.225830078125,1412.9000244140625,1434.4000244140625,1405.4000244140625,1421.0,112693
2025-01-10,1415.127685546875,1425.9000244140625,1445.199951171875,1403.0,1412.9000244140625,279113
2025-01-13,1353.7449951171875,1364.050048828125,1420.0,1359.0,1420.0,200946
2025-01-14,1333.3997802734375,1343.550048828125,1376.699951171875,1332.0,1365.0,174592
2025-01-15,1298.664306640625,1308.550048828125,1350.0,1306.0,1347.5,206940
2025-01-16,1298.0687255859375,1307.949951171875,1325.0,1300.4000244140625,1323.949951171875,149060
2025-01-17,1300.897216796875,1310.800048828125,1319.1500244140625,1301.6500244140625,1316.699951171875,93613
2025-01-20,1293.0072021484375,1302.8499755859375,1322.0,1299.300048828125,1322.0,84532
2025-01-21,1279.113037109375,1288.8499755859375,1313.199951171875,1285.0999755859375,1302.9000244140625,116474
2025-01-22,1266.509033203125,1276.1500244140625,1296.6500244140625,1260.5,1296.4000244140625,222066
2025-01-23,1291.072021484375,1300.9000244140625,1310.699951171875,1275.0,1279.949951171875,426525
2025-01-24,1271.669677734375,1281.3499755859375,1307.0,1277.3499755859375,1295.0,116664
2025-01-27,1228.8455810546875,1238.199951171875,1279.949951171875,1231.199951171875,1279.949951171875,185578
2025-01-28,1228.349365234375,1237.699951171875,1253.25,1228.050048828125,1241.949951171875,244554
2025-01-29,1253.95458984375,1263.5,1278.949951171875,1231.0,1231.0,347931
2025-01-30,1257.6265869140625,1267.199951171875,1286.949951171875,1254.0,1264.550048828125,385248
2025-01-31,1287.0030517578125,1296.800048828125,1299.949951171875,1267.199951171875,1268.4000244140625,260783
2025-02-01,1366.7459716796875,1377.1500244140625,1385.1500244140625,1288.050048828125,1295.0,916732
2025-02-03,1404.6077880859375,1415.300048828125,1424.5999755859375,1351.75,1364.050048828125,998808
2025-02-04,1358.012451171875,1368.3499755859375,1420.25,1351.550048828125,1401.550048828125,354217
2025-02-05,1358.409423828125,1368.75,1384.25,1360.0,1374.0,84644
2025-02-06,1346.5001220703125,1356.75,1381.9000244140625,1352.3499755859375,1365.0,160062
2025-02-07,1324.418212890625,1334.5,1360.5,1330.0,1356.0,86962
2025-02-10,1331.0179443359375,1341.1500244140625,1351.949951171875,1322.550048828125,1332.050048828125,160276
2025-02-11,1333.2509765625,1343.4000244140625,1362.9000244140625,1326.050048828125,1348.4000244140625,324175
2025-02-12,1343.373779296875,1353.5999755859375,1378.949951171875,1335.6500244140625,1336.0,247157
2025-02-13,1323.6241455078125,1333.699951171875,1358.4000244140625,1317.5999755859375,1350.25,216551
2025-02-14,1310.077392578125,1320.050048828125,1344.0,1303.449951171875,1334.0,127682
2025-02-17,1286.5068359375,1296.300048828125,1328.3499755859375,1280.5999755859375,1309.5999755859375,198184
2025-02-18,1275.0440673828125,1284.75,1295.5999755859375,1264.5,1294.9000244140625,499929
2025-02-19,1246.8585205078125,1256.3499755859375,1310.0999755859375,1251.25,1284.0,197385
2025-02-20,1254.599609375,1264.1500244140625,1269.0,1245.5,1254.4000244140625,129345
2025-02-21,1288.2930908203125,1298.0999755859375,1323.800048828125,1263.050048828125,1265.0,595310
2025-02-24,1326.20458984375,1336.300048828125,1351.699951171875,1277.449951171875,1277.449951171875,533086
2025-02-25,1335.8809814453125,1346.050048828125,1377.1500244140625,1330.550048828125,1336.0,1046583
2025-02-27,1272.5628662109375,1282.25,1343.8499755859375,1247.5,1330.449951171875,351668
2025-02-28,1211.8748779296875,1221.0999755859375,1267.0,1213.800048828125,1264.4000244140625,153312
2025-03-03,1228.44873046875,1237.800048828125,1260.0,1177.0,1224.0,179183
2025-03-04,1202.7939453125,1211.949951171875,1232.449951171875,1205.0,1222.0,85795
2025-03-05,1227.7540283203125,1237.0999755859375,1242.0,1202.0999755859375,1202.0999755859375,90411
2025-03-06,1237.2318115234375,1246.6500244140625,1259.449951171875,1233.1500244140625,1256.0,61765
2025-03-07,1223.7841796875,1233.0999755859375,1254.4000244140625,1228.0,1245.0,61540
2025-03-10,1207.0118408203125,1216.199951171875,1242.25,1210.75,1229.0,72358
2025-03-11,1188.35400390625,1197.4000244140625,1215.0,1196.0999755859375,1215.0,63128
2025-03-12,1219.814453125,1229.0999755859375,1231.4000244140625,1197.800048828125,1197.800048828125,164096
2025-03-13,1227.10888671875,1236.449951171875,1240.0,1214.949951171875,1230.0,109731
2025-03-17,1196.7896728515625,1205.9000244140625,1239.75,1202.0,1230.0,125011
2025-03-18,1196.7896728515625,1205.9000244140625,1205.9000244140625,1205.9000244140625,1205.9000244140625,0
2025-03-19,1259.5618896484375,1269.1500244140625,1275.0,1227.5,1240.0,127773
2025-03-20,1259.7108154296875,1269.300048828125,1294.0,1261.3499755859375,1271.1500244140625,98728
2025-03-21,1234.0064697265625,1243.4000244140625,1280.0,1237.0,1271.25,130336
2025-03-24,1227.10888671875,1236.449951171875,1256.800048828125,1231.550048828125,1256.800048828125,114547
2025-03-25,1220.6083984375,1229.9000244140625,1248.949951171875,1224.800048828125,1246.9000244140625,104508
2025-03-26,1203.935302734375,1213.0999755859375,1241.300048828125,1210.0999755859375,1233.949951171875,111424
2025-03-27,1192.9688720703125,1202.050048828125,1220.949951171875,1200.0,1215.9000244140625,149782
2025-03-28,1210.6839599609375,1219.9000244140625,1224.4000244140625,1204.199951171875,1204.199951171875,405048
2025-04-01,1222.1962890625,1231.5,1240.25,1203.0,1205.0,84728
2025-04-02,1233.4110107421875,1242.800048828125,1253.0,1216.3499755859375,1233.0999755859375,111723
2025-04-03,1216.1424560546875,1225.4000244140625,1235.550048828125,1216.550048828125,1228.0,74700
2025-04-04,1200.9580078125,1210.0999755859375,1231.300048828125,1187.8499755859375,1225.4000244140625,123893
2025-04-07,1171.9786376953125,1180.9000244140625,1189.699951171875,1140.300048828125,1150.0,105831
2025-04-08,1202.6947021484375,1211.8499755859375,1232.800048828125,1190.050048828125,1199.949951171875,172896
2025-04-09,1218.474609375,1227.75,1236.9000244140625,1201.75,1211.0999755859375,67940
2025-04-11,1232.4681396484375,1241.8499755859375,1249.0,1232.0999755859375,1245.0,118164
2025-04-15,1220.5091552734375,1229.800048828125,1255.9000244140625,1227.5,1255.0,124053
2025-04-16,1224.9752197265625,1234.300048828125,1243.4000244140625,1228.5,1232.4000244140625,69240
2025-04-17,1215.2491455078125,1224.5,1244.0,1221.0,1234.0,142466
2025-04-21,1194.110107421875,1203.199951171875,1232.5,1200.0999755859375,1225.0,327255
2025-04-22,1217.7303466796875,1227.0,1233.4000244140625,1206.0999755859375,1209.199951171875,244250
2025-04-23,1222.494140625,1231.800048828125,1235.0,1216.0999755859375,1234.800048828125,123622
2025-04-24,1215.5469970703125,1224.800048828125,1237.5999755859375,1217.9000244140625,1232.5,123479
2025-04-25,1201.6527099609375,1210.800048828125,1232.300048828125,1207.0,1225.0,90065
2025-04-28,1210.2869873046875,1219.5,1226.0999755859375,1204.5,1212.9000244140625,102209
2025-04-29,1202.5457763671875,1211.699951171875,1229.0,1210.0,1226.0,74759
2025-04-30,1199.2708740234375,1208.4000244140625,1215.0,1199.5999755859375,1214.800048828125,146934
2025-05-02,1187.758544921875,1196.800048828125,1218.800048828125,1190.0999755859375,1210.9000244140625,185072
2025-05-05,1197.08740234375,1206.199951171875,1209.5999755859375,1200.9000244140625,1200.9000244140625,39893
2025-05-06,1197.88134765625,1207.0,1220.0,1202.5,1210.0,84133
2025-05-07,1203.538330078125,1212.699951171875,1215.0,1194.699951171875,1198.5,68136
2025-05-08,1194.0108642578125,1203.0999755859375,1230.0999755859375,1200.0,1211.0,175372
2025-05-09,1186.76611328125,1195.800048828125,1200.0,1185.0,1190.0,51791
2025-05-12,1205.7216796875,1214.9000244140625,1227.0,1202.800048828125,1226.0,117413
2025-05-13,1193.713134765625,1202.800048828125,1234.699951171875,1200.0,1219.0,256341
2025-05-14,1201.2557373046875,1210.4000244140625,1218.0,1202.0,1210.0,233326
2025-05-15,1226.662353515625,1236.0,1239.0,1206.5,1212.0,204930
2025-05-16,1239.06787109375,1248.5,1278.9000244140625,1240.0,1240.0,166535
2025-05-19,1235.3958740234375,1244.800048828125,1259.0,1240.300048828125,1258.5,114834
2025-05-20,1206.7142333984375,1215.9000244140625,1253.0,1211.5999755859375,1244.800048828125,112488
2025-05-21,1249.091552734375,1258.5999755859375,1263.699951171875,1212.800048828125,1219.0,251868
2025-05-22,1251.473388671875,1261.0,1264.9000244140625,1242.5,1252.5,438276
2025-05-23,1266.0623779296875,1275.699951171875,1278.0,1257.5,1262.0,141231
2025-05-26,1275.391357421875,1285.0999755859375,1300.699951171875,1273.300048828125,1275.699951171875,161428
2025-05-27,1269.0396728515625,1278.699951171875,1290.0,1266.5999755859375,1290.0,73024
2025-05-28,1267.1541748046875,1276.800048828125,1281.9000244140625,1260.0999755859375,1279.9000244140625,101887
2025-05-29,1249.885498046875,1259.4000244140625,1294.199951171875,1246.5999755859375,1260.0,277303
2025-05-30,1254.2523193359375,1263.800048828125,1267.0,1251.0999755859375,1259.4000244140625,286925
2025-06-02,1251.5726318359375,1261.0999755859375,1272.9000244140625,1251.300048828125,1263.800048828125,75922
2025-06-03,1218.921142578125,1228.199951171875,1263.300048828125,1226.0,1260.199951171875,133364
2025-06-04,1213.363525390625,1222.5999755859375,1237.5,1220.300048828125,1233.9000244140625,79568
2025-06-05,1201.05712890625,1210.199951171875,1231.0999755859375,1200.0,1222.5999755859375,200790
2025-06-06,1209.6915283203125,1218.9000244140625,1222.0999755859375,1208.9000244140625,1210.5,77202
2025-06-09,1209.59228515625,1218.800048828125,1230.5999755859375,1217.5,1228.9000244140625,136643
2025-06-10,1210.8824462890625,1220.0999755859375,1224.0,1216.5,1221.9000244140625,70957
2025-06-11,1210.9815673828125,1220.199951171875,1226.0,1213.300048828125,1226.0,102373
2025-06-12,1204.927734375,1214.0999755859375,1231.9000244140625,1210.800048828125,1220.199951171875,98032
2025-06-13,1204.927734375,1214.0999755859375,1220.0999755859375,1205.0,1206.0,58602
2025-06-16,1207.607421875,1216.800048828125,1219.9000244140625,1203.300048828125,1215.9000244140625,52912
2025-06-17,1209.1953125,1218.4000244140625,1226.5999755859375,1212.300048828125,1217.0,58384
2025-06-18,1201.2557373046875,1210.4000244140625,1222.0999755859375,1207.0999755859375,1218.4000244140625,40915
2025-06-19,1194.30859375,1203.4000244140625,1215.800048828125,1201.0,1213.0,34659
2025-06-20,1190.4381103515625,1199.5,1209.800048828125,1196.0999755859375,1206.0,67016
2025-06-23,1188.05615234375,1197.0999755859375,1212.9000244140625,1193.5,1195.0,65106
2025-06-24,1192.621337890625,1201.699951171875,1209.0,1199.199951171875,1206.199951171875,63380
2025-06-25,1205.8209228515625,1215.0,1220.0,1202.5999755859375,1207.800048828125,62381
2025-06-26,1213.8597412109375,1223.0999755859375,1224.9000244140625,1205.199951171875,1218.800048828125,108979
2025-06-27,1221.8985595703125,1231.199951171875,1234.800048828125,1219.5,1226.5,87493
2025-06-30,1211.97412109375,1221.199951171875,1243.5,1218.0,1236.0,139106
2025-07-01,1222.6925048828125,1232.0,1235.0,1220.0,1221.9000244140625,62902
2025-07-02,1220.1121826171875,1229.4000244140625,1236.9000244140625,1223.199951171875,1235.0,60087
2025-07-03,1221.79931640625,1231.0999755859375,1245.0,1227.0,1234.0,104015
2025-07-04,1229.441162109375,1238.800048828125,1243.199951171875,1232.300048828125,1233.0,64545
2025-07-07,1219.0205078125,1228.300048828125,1251.300048828125,1219.9000244140625,1239.0999755859375,182323
2025-07-08,1235.4951171875,1244.9000244140625,1275.0,1233.0999755859375,1235.0,541704
2025-07-09,1255.6416015625,1265.199951171875,1268.5,1238.4000244140625,1250.9000244140625,169237
2025-07-10,1254.550048828125,1264.0999755859375,1284.9000244140625,1253.5,1269.5,149130
2025-07-11,1229.7388916015625,1239.0999755859375,1263.9000244140625,1232.5999755859375,1263.9000244140625,84786
2025-07-14,1226.2652587890625,1235.5999755859375,1243.9000244140625,1229.9000244140625,1239.0999755859375,214886
2025-07-15,1249.68701171875,1259.199951171875,1272.800048828125,1240.9000244140625,1240.9000244140625,144782
2025-07-16,1234.204833984375,1243.5999755859375,1273.0999755859375,1240.0,1258.0,114124
2025-07-17,1219.7152099609375,1229.0,1248.4000244140625,1226.0,1244.800048828125,107526
2025-07-18,1210.2869873046875,1219.5,1235.4000244140625,1217.0999755859375,1234.4000244140625,73227
2025-07-21,1200.5609130859375,1209.699951171875,1228.9000244140625,1207.5,1219.5,122879
2025-07-22,1200.461669921875,1209.5999755859375,1216.5,1207.300048828125,1214.199951171875,87700
2025-07-23,1196.094970703125,1205.199951171875,1214.800048828125,1203.199951171875,1211.0,88073
2025-07-24,1201.751953125,1210.9000244140625,1214.5,1205.4000244140625,1210.0,152777
2025-07-25,1195.6981201171875,1204.800048828125,1217.5,1202.0,1215.0,92351
2025-07-28,1189.1478271484375,1198.199951171875,1207.699951171875,1195.0,1204.800048828125,64850
2025-07-29,1186.9644775390625,1196.0,1203.199951171875,1187.0999755859375,1201.0,80803
2025-07-30,1191.1326904296875,1200.199951171875,1205.0,1195.699951171875,1198.199951171875,52253
2025-07-31,1182.300048828125,1191.300048828125,1201.0,1187.0,1195.0,52449
2025-08-01,1186.199951171875,1186.199951171875,1195.0999755859375,1185.0,1191.199951171875,36952
2025-08-04,1186.199951171875,1186.199951171875,1198.0,1175.199951171875,1198.0,54500
2025-08-05,1186.800048828125,1186.800048828125,1190.0999755859375,1181.0,1189.800048828125,39450
2025-08-06,1193.199951171875,1193.199951171875,1196.0,1173.0,1186.0999755859375,60955
2025-08-07,1182.199951171875,1182.199951171875,1193.699951171875,1175.5,1182.0999755859375,38663
2025-08-08,1182.0999755859375,1182.0999755859375,1187.9000244140625,1177.5,1183.4000244140625,20469
2025-08-11,1183.4000244140625,1183.4000244140625,1192.0,1175.0,1178.0999755859375,44912
2025-08-12,1135.800048828125,1135.800048828125,1177.5,1129.5,1172.0,382334
2025-08-13,1096.9000244140625,1096.9000244140625,1135.0,1090.0,1132.0999755859375,361975
2025-08-14,1049.699951171875,1049.699951171875,1098.9000244140625,1025.0999755859375,1096.0999755859375,1066139
2025-08-18,1120.300048828125,1120.300048828125,1133.0,1065.5,1081.0,969127
2025-08-19,1141.800048828125,1141.800048828125,1150.0,1101.199951171875,1125.800048828125,421958
2025-08-20,1131.0,1131.0,1150.199951171875,1125.5999755859375,1150.0,96706
2025-08-21,1118.5999755859375,1118.5999755859375,1136.0,1113.300048828125,1131.0,104218
2025-08-22,1104.800048828125,1104.800048828125,1122.9000244140625,1101.0,1118.5999755859375,182667
2025-08-25,1095.800048828125,1095.800048828125,1115.0,1091.0999755859375,1110.0,70800
2025-08-26,1065.0,1065.0,1097.0999755859375,1060.0,1095.0999755859375,171874
2025-08-28,1079.4000244140625,1079.4000244140625,1084.300048828125,1065.0,1067.300048828125,147499
2025-08-29,1098.0999755859375,1098.0999755859375,1119.9000244140625,1078.0999755859375,1090.0,730659
2025-09-01,1115.5,1115.5,1122.9000244140625,1095.9000244140625,1100.0,104921
2025-09-02,1157.4000244140625,1157.4000244140625,1160.0,1117.0999755859375,1120.0,364334
2025-09-03,1162.4000244140625,1162.4000244140625,1188.0,1145.0,1160.0,248900
2025-09-04,1245.5,1245.5,1255.0,1169.0999755859375,1193.9000244140625,3055427
2025-09-05,1242.0999755859375,1242.0999755859375,1249.9000244140625,1218.0999755859375,1244.800048828125,417702
2025-09-08,1227.699951171875,1227.699951171875,1249.5,1218.0,1236.9000244140625,575704
2025-09-09,1235.699951171875,1235.699951171875,1241.5,1203.0999755859375,1217.199951171875,260943
2025-09-10,1239.699951171875,1239.699951171875,1245.4000244140625,1226.5,1240.0,85676
2025-09-11,1242.800048828125,1242.800048828125,1248.699951171875,1227.300048828125,1239.699951171875,100897
2025-09-12,1259.199951171875,1259.199951171875,1260.0,1235.0,1245.0,206109
2025-09-15,1263.5,1263.5,1282.5,1249.0999755859375,1260.4000244140625,374720
2025-09-16,1274.0,1274.0,1278.9000244140625,1261.699951171875,1263.5,221618
2025-09-17,1259.0999755859375,1259.0999755859375,1280.9000244140625,1253.5999755859375,1273.0,82193
2025-09-18,1245.800048828125,1245.800048828125,1269.0,1244.0,1260.0999755859375,51867
2025-09-19,1237.699951171875,1237.699951171875,1255.0,1232.5,1246.0,229220
2025-09-22,1227.199951171875,1227.199951171875,1249.5,1221.0,1244.0,97018
2025-09-23,1226.5,1226.5,1231.300048828125,1215.0,1228.0,52220
2025-09-24,1213.699951171875,1213.699951171875,1226.5,1212.0,1222.0,29809
2025-09-25,1185.199951171875,1185.199951171875,1218.0999755859375,1181.0,1212.0,68526
2025-09-26,1168.0999755859375,1168.0999755859375,1195.199951171875,1165.0999755859375,1190.0,54586
2025-09-29,1156.4000244140625,1156.4000244140625,1185.0999755859375,1151.0,1185.0999755859375,101517
2025-09-30,1165.0,1165.0,1178.300048828125,1155.0,1168.0,125763
2025-10-01,1188.0999755859375,1188.0999755859375,1193.800048828125,1164.5,1176.0,147367
2025-10-03,1211.4000244140625,1211.4000244140625,1235.199951171875,1188.300048828125,1188.300048828125,212147
2025-10-06,1220.300048828125,1220.300048828125,1229.800048828125,1201.0,1201.0,106582
2025-10-07,1218.0999755859375,1218.0999755859375,1238.0,1207.0,1222.0,82257
2025-10-08,1201.0,1201.0,1222.0,1195.199951171875,1218.5,45927
2025-10-09,1172.300048828125,1172.300048828125,1202.0,1170.0,1202.0,116384
2025-10-10,1169.0,1169.0,1185.0,1163.0,1175.0999755859375,136224
2025-10-13,1149.0,1149.0,1175.5,1146.0999755859375,1170.0,71341
2025-10-14,1124.199951171875,1124.199951171875,1157.800048828125,1117.5999755859375,1152.4000244140625,92363
2025-10-15,1123.699951171875,1123.699951171875,1132.5,1108.300048828125,1126.0,309811
2025-10-16,1147.699951171875,1147.699951171875,1151.0,1125.0999755859375,1125.0999755859375,165626
2025-10-17,1150.300048828125,1150.300048828125,1161.0,1140.300048828125,1160.0,168640
2025-10-20,1164.800048828125,1164.800048828125,1172.199951171875,1144.300048828125,1155.0,88676
2025-10-21,1165.5,1165.5,1170.800048828125,1161.5999755859375,1170.0,11475
2025-10-23,1167.5999755859375,1167.5999755859375,1178.5,1161.9000244140625,1165.5,102170
2025-10-24,1165.0999755859375,1165.0999755859375,1174.0,1158.5999755859375,1168.0,62226
2025-10-27,1166.199951171875,1166.199951171875,1195.0,1157.300048828125,1168.0,159575
2025-10-28,1101.0,1101.0,1136.300048828125,1088.0,1110.0999755859375,1684085
2025-10-29,1077.0,1077.0,1102.5,1065.300048828125,1101.0,924616
2025-10-30,1072.0,1072.0,1084.300048828125,1069.5,1077.0,747697
2025-10-31,1070.5999755859375,1070.5999755859375,1074.9000244140625,1067.800048828125,1070.5,108794
2025-11-03,1070.5,1070.5,1073.699951171875,1068.0,1070.5999755859375,100624
2025-11-04,1066.0999755859375,1066.0999755859375,1081.300048828125,1063.4000244140625,1075.699951171875,103588
2025-11-06,1050.699951171875,1050.699951171875,1066.0,1048.199951171875,1065.800048828125,108215
2025-11-07,1061.9000244140625,1061.9000244140625,1069.699951171875,1043.0,1054.9000244140625,74824
2025-11-10,1049.5,1049.5,1066.0999755859375,1047.300048828125,1065.0,69700
2025-11-11,1046.9000244140625,1046.9000244140625,1053.5,1043.5,1051.0,45217
2025-11-12,1057.5,1057.5,1060.0,1043.5999755859375,1051.0,80083
2025-11-13,1046.4000244140625,1046.4000244140625,1060.0,1044.0,1060.0,80430
2025-11-14,1027.0999755859375,1027.0999755859375,1046.300048828125,1024.0,1046.199951171875,182646
2025-11-17,1014.5999755859375,1014.5999755859375,1029.9000244140625,1013.0,1027.0999755859375,187089
2025-11-18,1014.7999877929688,1014.7999877929688,1022.4000244140625,1006.0,1015.0,107835
2025-11-19,1011.9000244140625,1011.9000244140625,1017.7999877929688,1007.5999755859375,1017.7999877929688,100677
2025-11-20,1009.4000244140625,1009.4000244140625,1024.9000244140625,1007.2000122070312,1012.0,125353
2025-11-21,1000.4000244140625,1000.4000244140625,1012.4000244140625,996.5,1012.0,100679
2025-11-24,1005.7000122070312,1005.7000122070312,1010.0,996.0,1000.4000244140625,86070
2025-11-25,1006.2999877929688,1006.2999877929688,1008.0,997.5,1005.7000122070312,51119
2025-11-26,1000.2999877929688,1000.2999877929688,1006.9000244140625,998.2000122070312,1002.2999877929688,103203
2025-11-27,1000.0999755859375,1000.0999755859375,1006.7999877929688,998.7000122070312,1002.7999877929688,60118
2025-11-28,999.2000122070312,999.2000122070312,1004.0999755859375,996.5999755859375,1001.0,38495
2025-12-01,974.0,974.0,1004.0499877929688,973.0,1000.0999755859375,227933
2025-12-02,964.7000122070312,964.7000122070312,975.9500122070312,960.0,972.0,182780
2025-12-03,977.4500122070312,977.4500122070312,981.5,959.5,964.9500122070312,209748
2025-12-04,960.2999877929688,960.2999877929688,980.0,956.9000244140625,980.0,109365
2025-12-05,966.9500122070312,966.9500122070312,969.1500244140625,953.0499877929688,960.2999877929688,75344
2025-12-08,948.5,948.5,972.0,945.0499877929688,972.0,88286
2025-12-09,984.2000122070312,984.2000122070312,996.8499755859375,942.0,951.2000122070312,168663
2025-12-10,972.5,972.5,993.7000122070312,970.0,980.0,85358
2025-12-11,959.9500122070312,959.9500122070312,975.0999755859375,958.0,972.5,109474
2025-12-12,960.25,960.25,965.0,957.4000244140625,963.0999755859375,60414
2025-12-15,959.2999877929688,959.2999877929688,968.9500122070312,955.5499877929688,967.0,42898
2025-12-16,948.9000244140625,948.9000244140625,959.2999877929688,945.0,959.2999877929688,83462
2025-12-17,939.2999877929688,939.2999877929688,950.0,937.0,950.0,83946
2025-12-18,940.0999755859375,940.0999755859375,943.9500122070312,931.0999755859375,939.2999877929688,52914
2025-12-19,950.6500244140625,950.6500244140625,955.1500244140625,936.7999877929688,948.0,95986
2025-12-22,948.0499877929688,948.0499877929688,956.7000122070312,944.8499755859375,952.9500122070312,64397
2025-12-23,950.4000244140625,950.4000244140625,956.9000244140625,945.2999877929688,956.9000244140625,46660
2025-12-24,949.5999755859375,949.5999755859375,955.0,946.5,955.0,46840
2025-12-26,950.6500244140625,950.6500244140625,952.2000122070312,944.0999755859375,947.0,43780
2025-12-29,940.8499755859375,940.8499755859375,950.2000122070312,935.7999877929688,950.2000122070312,227049
2025-12-30,938.0499877929688,938.0499877929688,942.2999877929688,935.2999877929688,940.0,38333
2025-12-31,943.0,943.0,947.0,936.0,940.8499755859375,47110
2026-01-01,946.7000122070312,946.7000122070312,949.5,942.0,945.0,35424
2026-01-02,950.1500244140625,950.1500244140625,951.7000122070312,943.2999877929688,949.4500122070312,41827
2026-01-05,957.1500244140625,957.1500244140625,958.75,948.0,951.0,58783
2026-01-06,945.9000244140625,945.9000244140625,958.5999755859375,942.0,958.5999755859375,48150
2026-01-07,935.9500122070312,935.9500122070312,946.0499877929688,934.0,945.9000244140625,58758
2026-01-08,927.1500244140625,927.1500244140625,938.9000244140625,923.0,936.0,92951
2026-01-09,926.1500244140625,926.1500244140625,935.2000122070312,914.8499755859375,925.0,93635
2026-01-12,909.8499755859375,909.8499755859375,923.4000244140625,906.5499877929688,921.5999755859375,89969
2026-01-13,907.9000244140625,907.9000244140625,914.9500122070312,906.5499877929688,910.0,50776
2026-01-14,905.7000122070312,905.7000122070312,913.7999877929688,904.5,908.0,57650
2026-01-15,905.7000122070312,905.7000122070312,905.7000122070312,905.7000122070312,905.7000122070312,0
2026-01-16,902.7999877929688,902.7999877929688,909.6500244140625,900.0,905.7000122070312,63423
2026-01-19,894.7000122070312,894.7000122070312,902.0,889.5,902.0,84299
2026-01-20,888.25,888.25,914.75,883.0499877929688,891.2999877929688,164410
2026-01-21,882.2999877929688,882.2999877929688,888.25,868.5999755859375,888.25,99388
2026-01-22,875.5,875.5,890.0,863.75,884.7000122070312,75633
2026-01-23,851.7000122070312,851.7000122070312,884.9000244140625,845.0,884.9000244140625,105440
2026-01-27,847.7999877929688,847.7999877929688,854.0499877929688,838.9500122070312,853.9500122070312,97157
2026-01-28,854.25,854.25,864.7999877929688,850.0999755859375,852.0,110080
2026-01-29,855.9500122070312,855.9500122070312,858.4500122070312,843.7000122070312,857.9000244140625,55074
2026-01-30,860.0999755859375,860.0999755859375,874.8499755859375,847.25,854.0,120182
2026-02-02,863.5499877929688,863.5499877929688,868.0,840.0499877929688,865.0999755859375,72659
2026-02-03,866.7999877929688,866.7999877929688,913.2000122070312,863.5499877929688,910.0,177517
2026-02-04,860.4000244140625,860.4000244140625,876.7999877929688,853.0,874.5499877929688,82740
2026-02-05,851.5999755859375,851.5999755859375,863.25,850.9000244140625,861.1500244140625,59649
2026-02-06,849.0999755859375,849.0999755859375,852.4500122070312,842.9500122070312,852.4000244140625,69943
2026-02-09,884.2000122070312,884.2000122070312,887.0,851.0999755859375,851.0999755859375,158476
2026-02-10,918.5499877929688,918.5499877929688,958.5499877929688,900.0,903.9500122070312,2023054
2026-02-11,905.0,905.0,921.0,902.6500244140625,917.0,130865
2026-02-12,883.8499755859375,883.8499755859375,904.0,880.0,904.0,118904
2026-02-13,852.25,852.25,880.7000122070312,840.2000122070312,867.9000244140625,154948
2026-02-16,828.8499755859375,828.8499755859375,851.9000244140625,821.0999755859375,851.9000244140625,209104
2026-02-17,838.7999877929688,838.7999877929688,842.7999877929688,823.75,828.8499755859375,111621
2026-02-18,836.9500122070312,836.9500122070312,847.6500244140625,831.3499755859375,840.6500244140625,87279
2026-02-19,825.5,825.5,839.9000244140625,823.7999877929688,839.9000244140625,102001
2026-02-20,811.9000244140625,811.9000244140625,828.0,809.6500244140625,828.0,174321
2026-02-23,812.3499755859375,812.3499755859375,821.3499755859375,807.0999755859375,816.0,114694
2026-02-24,799.0499877929688,799.0499877929688,815.0,795.0,815.0,103364
2026-02-25,797.5,797.5,802.0,794.0,800.0,84672
2026-02-26,794.6500244140625,794.6500244140625,810.0,792.5,800.0,97306
2026-02-27,789.0,789.0,800.4500122070312,786.7000122070312,794.6500244140625,111543
2026-03-02,769.5,769.5,776.2000122070312,758.0499877929688,759.0,120445
2026-03-04,732.5,732.5,762.9500122070312,731.0,762.5,424533
2026-03-05,743.2000122070312,743.2000122070312,751.4500122070312,733.9500122070312,733.9500122070312,149583
2026-03-06,743.75,743.75,752.0499877929688,738.7999877929688,739.5,118373
2026-03-09,717.5499877929688,717.5499877929688,735.1500244140625,715.0,735.0,111782
2026-03-10,716.9000244140625,716.9000244140625,725.0,711.5,720.0499877929688,166188
2026-03-11,718.7000122070312,718.7000122070312,732.5999755859375,717.0,719.9500122070312,125313
2026-03-12,713.9500122070312,713.9500122070312,733.0,707.0,718.5,183133
2026-03-13,699.4000244140625,699.4000244140625,713.5999755859375,696.7999877929688,710.8499755859375,170968
2026-03-16,677.9500122070312,677.9500122070312,700.5999755859375,672.0,699.5,390040
2026-03-17,671.25,671.25,682.4000244140625,665.0999755859375,681.0499877929688,214479
2026-03-18,673.0999755859375,673.0999755859375,687.0,671.0499877929688,673.0,472806
2026-03-19,647.9500122070312,647.9500122070312,670.0,641.5,666.0499877929688,257851
2026-03-20,663.2999877929688,663.2999877929688,690.7000122070312,649.5499877929688,653.0499877929688,423468
2026-03-23,625.75,625.75,660.0,622.0499877929688,660.0,303782
2026-03-24,640.0499877929688,640.0499877929688,645.0,622.0499877929688,635.0,465067
2026-03-25,660.0499877929688,660.0499877929688,665.4500122070312,640.1500244140625,643.9000244140625,395428
2026-03-27,632.1500244140625,632.1500244140625,659.9000244140625,625.1500244140625,659.9000244140625,330598
2026-03-30,607.5,607.5,631.9000244140625,605.0,621.0,261103
2026-04-01,628.0499877929688,628.0499877929688,647.1500244140625,622.2999877929688,631.9500122070312,333068
2026-04-02,657.1500244140625,657.1500244140625,662.0,612.0,621.7999877929688,377850
2026-04-06,666.5,666.5,688.5499877929688,639.5499877929688,657.1500244140625,375225
2026-04-07,669.5,669.5,676.0,662.6500244140625,667.9000244140625,159443
2026-04-08,704.1500244140625,704.1500244140625,709.0,678.0999755859375,693.0,228018
2026-04-09,701.2000122070312,701.2000122070312,709.0,687.0,709.0,149559
2026-04-10,715.4500122070312,715.4500122070312,718.5,702.0,708.5,139166
2026-04-13,733.4500122070312,733.4500122070312,736.0,692.0,707.0,205569
2026-04-15,740.4500122070312,740.4500122070312,755.0,735.0,738.0,288559
2026-04-16,746.5999755859375,746.5999755859375,753.8499755859375,736.9500122070312,749.9500122070312,123441
2026-04-17,757.3499755859375,757.3499755859375,760.0499877929688,744.0499877929688,748.9500122070312,168354
2026-04-20,757.75,757.75,763.2000122070312,742.0,763.0,115049
2026-04-21,762.2999877929688,762.2999877929688,772.0,753.9500122070312,756.9000244140625,97277
2026-04-22,774.2999877929688,774.2999877929688,779.0,755.5499877929688,763.0,106988
2026-04-23,755.0999755859375,755.0999755859375,774.2999877929688,749.0,774.2999877929688,100510
2026-04-24,737.4000244140625,737.4000244140625,758.9500122070312,735.0,756.9500122070312,90411
2026-04-27,731.1500244140625,731.1500244140625,745.7999877929688,730.0499877929688,735.0,396096
