Date,Adj Close,Close,High,Low,Open,Volume
,INDIANB.NS,INDIANB.NS,INDIANB.NS,INDIANB.NS,INDIANB.NS,INDIANB.NS
2010-01-04,116.08195495605469,175.25,177.0,174.25,175.8000030517578,596355
2010-01-05,116.04879760742188,175.1999969482422,178.4499969482422,173.1999969482422,176.5500030517578,500092
2010-01-06,119.19512176513672,179.9499969482422,182.39999389648438,175.5500030517578,175.5500030517578,799605
2010-01-07,118.06906127929688,178.25,180.89999389648438,175.64999389648438,180.14999389648438,271777
2010-01-08,116.04879760742188,175.1999969482422,179.89999389648438,175.0,178.25,177303
2010-01-11,118.3009033203125,178.60000610351562,180.5500030517578,175.0,175.0,296494
2010-01-12,115.51892852783203,174.39999389648438,179.0,174.0,175.0500030517578,340650
2010-01-13,115.949462890625,175.0500030517578,175.89999389648438,171.89999389648438,172.60000610351562,192353
2010-01-14,115.2208480834961,173.9499969482422,177.35000610351562,173.25,176.25,469877
2010-01-15,114.028564453125,172.14999389648438,174.5500030517578,171.3000030517578,174.0,356011
2010-01-18,115.78385925292969,174.8000030517578,176.35000610351562,171.5,171.5500030517578,847294
2010-01-19,116.1481704711914,175.35000610351562,178.6999969482422,174.64999389648438,176.89999389648438,248434
2010-01-20,116.90989685058594,176.5,177.5,174.5,176.0,289993
2010-01-21,115.949462890625,175.0500030517578,176.5,170.85000610351562,176.5,633284
2010-01-22,114.62470245361328,173.0500030517578,175.0,166.9499969482422,175.0,542379
2010-01-25,113.33307647705078,171.10000610351562,176.0,170.10000610351562,172.1999969482422,437435
2010-01-27,113.3661880493164,171.14999389648438,174.8000030517578,168.25,170.0,667970
2010-01-28,117.87034606933594,177.9499969482422,180.39999389648438,171.75,173.0,1151065
2010-01-29,118.99637603759766,179.64999389648438,181.39999389648438,171.5,177.89999389648438,1474587
2010-02-01,119.2613754272461,180.0500030517578,183.0500030517578,175.10000610351562,179.89999389648438,1076335
2010-02-02,118.33402252197266,178.64999389648438,184.60000610351562,178.0,184.0,724918
2010-02-03,121.24850463867188,183.0500030517578,183.89999389648438,179.0,179.0,386996
2010-02-04,116.54563903808594,175.9499969482422,183.89999389648438,175.25,183.89999389648438,233792
2010-02-05,115.18770599365234,173.89999389648438,175.5,170.5,174.0,596071
2010-02-08,116.84367370605469,176.39999389648438,177.8000030517578,171.1999969482422,175.0,249824
2010-02-09,115.75074005126953,174.75,178.25,173.8000030517578,176.39999389648438,181544
2010-02-10,113.69737243652344,171.64999389648438,176.8000030517578,170.1999969482422,176.8000030517578,112154
2010-02-11,114.6578140258789,173.10000610351562,174.5,172.0500030517578,172.0500030517578,146458
2010-02-15,113.7967300415039,171.8000030517578,174.5,171.0,174.0,78854
2010-02-16,114.72406005859375,173.1999969482422,174.0,170.10000610351562,171.5,52898
2010-02-17,115.91633605957031,175.0,176.25,172.10000610351562,173.1999969482422,619048
2010-02-18,116.04879760742188,175.1999969482422,176.35000610351562,174.1999969482422,175.0,151840
2010-02-19,111.74336242675781,168.6999969482422,175.0,167.5,172.89999389648438,1456477
2010-02-22,110.65043640136719,167.0500030517578,172.4499969482422,166.0500030517578,171.60000610351562,288852
2010-02-23,107.73596954345703,162.64999389648438,168.6999969482422,161.39999389648438,168.6999969482422,341880
2010-02-24,105.31829071044922,159.0,163.4499969482422,157.6999969482422,163.4499969482422,357514
2010-02-25,103.62919616699219,156.4499969482422,161.5,155.0,156.8000030517578,551789
2010-02-26,108.66326904296875,164.0500030517578,165.5,156.5,156.5,363845
2010-03-02,109.59062957763672,165.4499969482422,169.0500030517578,164.39999389648438,166.5,420411
2010-03-03,111.21343231201172,167.89999389648438,168.89999389648438,166.0,166.0,673596
2010-03-04,112.96166229248047,168.0,169.1999969482422,166.5,168.89999389648438,1026277
2010-03-05,113.49957275390625,168.8000030517578,172.1999969482422,168.0,168.5,397321
2010-03-08,114.91160583496094,170.89999389648438,172.1999969482422,168.35000610351562,171.39999389648438,265801
2010-03-09,112.59185791015625,167.4499969482422,171.85000610351562,165.8000030517578,171.85000610351562,469530
2010-03-10,111.28067016601562,165.5,167.85000610351562,163.60000610351562,166.89999389648438,129782
2010-03-11,111.7513656616211,166.1999969482422,167.0,164.25,167.0,105286
2010-03-12,112.96166229248047,168.0,169.0,166.5,166.5,243977
2010-03-15,111.68412780761719,166.10000610351562,168.8000030517578,164.60000610351562,168.8000030517578,102996
2010-03-16,113.56681823730469,168.89999389648438,169.39999389648438,163.5,165.1999969482422,220574
2010-03-17,114.37371826171875,170.10000610351562,170.6999969482422,165.3000030517578,165.3000030517578,283173
2010-03-18,114.2728271484375,169.9499969482422,172.8000030517578,168.39999389648438,172.8000030517578,322975
2010-03-19,115.01246643066406,171.0500030517578,171.4499969482422,168.10000610351562,170.0,289680
2010-03-22,111.3479232788086,165.60000610351562,170.14999389648438,165.0,168.10000610351562,145558
2010-03-23,109.96952819824219,163.5500030517578,167.75,162.10000610351562,166.0,434954
2010-03-25,109.66695404052734,163.10000610351562,165.9499969482422,161.89999389648438,163.5500030517578,805927
2010-03-26,114.70987701416016,170.60000610351562,171.60000610351562,164.10000610351562,165.8000030517578,478273
2010-03-29,113.56681823730469,168.89999389648438,174.89999389648438,168.10000610351562,172.89999389648438,173517
2010-03-30,117.26496887207031,174.39999389648438,176.0,169.25,170.0,468500
2010-03-31,117.93736267089844,175.39999389648438,177.3000030517578,174.10000610351562,175.0,515173
2010-04-01,117.70201110839844,175.0500030517578,177.0,174.5,176.39999389648438,131621
2010-04-05,120.35798645019531,179.0,179.9499969482422,176.0,178.5,480541
2010-04-06,122.40874481201172,182.0500030517578,183.89999389648438,178.8000030517578,179.5,565911
2010-04-07,126.20774841308594,187.6999969482422,189.39999389648438,182.5500030517578,182.5500030517578,537350
2010-04-08,122.74495697021484,182.5500030517578,187.6999969482422,178.35000610351562,178.35000610351562,778678
2010-04-09,124.49315643310547,185.14999389648438,187.0,180.8000030517578,181.1999969482422,688766
2010-04-12,123.1484146118164,183.14999389648438,186.39999389648438,182.1999969482422,184.35000610351562,325059
2010-04-13,121.50102996826172,180.6999969482422,183.85000610351562,179.5,183.0,562916
2010-04-15,121.63551330566406,180.89999389648438,182.6999969482422,179.5,180.10000610351562,310324
2010-04-16,121.76998901367188,181.10000610351562,181.9499969482422,178.0500030517578,181.0,287875
2010-04-19,122.4423828125,182.10000610351562,185.5,178.5,180.8000030517578,409043
2010-04-20,126.40949249267578,188.0,191.4499969482422,180.1999969482422,180.1999969482422,550884
2010-04-21,124.86296844482422,185.6999969482422,192.0,184.6999969482422,189.1999969482422,882857
2010-04-22,125.90518951416016,187.25,191.5,184.5,185.9499969482422,1210868
2010-04-23,129.6706085205078,192.85000610351562,194.4499969482422,187.0,187.0,362019
2010-04-26,147.79151916503906,219.8000030517578,221.35000610351562,192.85000610351562,192.85000610351562,5915888
2010-04-27,144.73214721679688,215.25,224.60000610351562,213.60000610351562,220.10000610351562,4246906
2010-04-28,145.4381866455078,216.3000030517578,220.25,205.5,213.0,1282127
2010-04-29,147.42169189453125,219.25,222.0,217.1999969482422,217.1999969482422,920129
2010-04-30,151.5233154296875,225.35000610351562,228.5,219.0,219.0,2035673
2010-05-03,149.27078247070312,222.0,226.0,215.39999389648438,223.5,1058706
2010-05-04,148.29579162597656,220.5500030517578,226.39999389648438,218.39999389648438,222.5,962988
2010-05-05,156.86878967285156,233.3000030517578,235.0,210.60000610351562,215.0,1645079
2010-05-06,151.5905303955078,225.4499969482422,236.60000610351562,223.5500030517578,235.0,1516912
2010-05-07,145.57266235351562,216.5,223.6999969482422,215.25,221.5,751027
2010-05-10,149.20352172851562,221.89999389648438,225.1999969482422,219.0,219.89999389648438,750692
2010-05-11,145.169189453125,215.89999389648438,225.5,215.0,219.60000610351562,872814
2010-05-12,143.79080200195312,213.85000610351562,218.0,205.64999389648438,216.0,1100725
2010-05-13,143.0847625732422,212.8000030517578,218.89999389648438,211.89999389648438,216.0,1140275
2010-05-14,141.77362060546875,210.85000610351562,214.4499969482422,208.14999389648438,210.3000030517578,564561
2010-05-17,142.07618713378906,211.3000030517578,215.0,202.60000610351562,207.10000610351562,1095383
2010-05-18,144.32867431640625,214.64999389648438,217.64999389648438,211.75,213.0,1148131
2010-05-19,140.7314453125,209.3000030517578,215.6999969482422,206.25,212.0,746738
2010-05-20,143.4882049560547,213.39999389648438,215.0,208.60000610351562,212.0,318231
2010-05-21,140.39523315429688,208.8000030517578,210.89999389648438,205.39999389648438,207.5,494568
2010-05-24,142.210693359375,211.5,213.5,210.10000610351562,212.6999969482422,548909
2010-05-25,136.73068237304688,203.35000610351562,212.0,201.10000610351562,212.0,276177
2010-05-26,139.95819091796875,208.14999389648438,209.0,203.0,203.0,385176
2010-05-27,144.29510498046875,214.60000610351562,218.0,203.60000610351562,208.5,727266
2010-05-28,149.9095458984375,222.9499969482422,224.8000030517578,213.5500030517578,217.89999389648438,670504
2010-05-31,154.41453552246094,229.64999389648438,231.75,217.6999969482422,223.5,916476
2010-06-01,147.22000122070312,218.9499969482422,229.75,217.5,227.3000030517578,327518
2010-06-02,151.15347290039062,224.8000030517578,225.5,218.0500030517578,218.0500030517578,268862
2010-06-03,154.04473876953125,229.10000610351562,231.0,226.5500030517578,227.75,432002
2010-06-04,155.28868103027344,230.9499969482422,233.89999389648438,228.0,228.0,549923
2010-06-07,155.1175994873047,226.6999969482422,229.10000610351562,209.14999389648438,223.0,465767
2010-06-08,154.67286682128906,226.0500030517578,233.0,224.60000610351562,229.0,650459
2010-06-09,156.75978088378906,229.10000610351562,230.1999969482422,221.5500030517578,221.5500030517578,781002
2010-06-10,156.5203094482422,228.75,230.60000610351562,227.0,230.60000610351562,481651
2010-06-11,156.31503295898438,228.4499969482422,231.89999389648438,227.89999389648438,230.3000030517578,1008518
2010-06-14,156.82821655273438,229.1999969482422,230.5,227.64999389648438,230.5,170893
2010-06-15,157.20455932617188,229.75,230.5,226.0,229.1999969482422,373410
2010-06-16,155.5281524658203,227.3000030517578,230.5500030517578,226.14999389648438,230.5500030517578,144724
2010-06-17,154.33071899414062,225.5500030517578,228.4499969482422,218.5500030517578,226.0500030517578,650885
2010-06-18,151.55955505371094,221.5,226.4499969482422,220.0,225.5500030517578,221752
2010-06-21,152.10694885253906,222.3000030517578,224.89999389648438,221.10000610351562,222.5500030517578,295506
2010-06-22,153.37278747558594,224.14999389648438,224.75,219.4499969482422,222.3000030517578,429698
2010-06-23,155.28866577148438,226.9499969482422,227.8000030517578,222.0,222.1999969482422,373210
2010-06-24,154.15969848632812,225.3000030517578,227.89999389648438,223.8000030517578,227.39999389648438,276187
2010-06-25,149.91737365722656,219.10000610351562,226.89999389648438,217.6999969482422,226.89999389648438,163079
2010-06-28,148.4120330810547,216.89999389648438,219.9499969482422,215.3000030517578,217.1999969482422,301222
2010-06-29,149.3357696533203,218.25,221.39999389648438,216.0500030517578,218.8000030517578,198255
2010-06-30,154.6044158935547,225.9499969482422,228.0,215.0500030517578,217.0,431022
2010-07-01,154.43336486816406,225.6999969482422,227.0,222.5,225.89999389648438,176810
2010-07-02,151.0121612548828,220.6999969482422,227.85000610351562,220.0,227.85000610351562,105955
2010-07-05,152.6543426513672,223.10000610351562,260.0,220.0,228.0,135977
2010-07-06,154.63864135742188,226.0,227.6999969482422,223.5,224.0,408763
2010-07-07,163.12326049804688,238.39999389648438,239.25,226.0,227.0,1790001
2010-07-08,163.4995574951172,238.9499969482422,241.8000030517578,237.60000610351562,241.0,963076
2010-07-09,165.07333374023438,241.25,243.64999389648438,238.1999969482422,240.0,1000552
2010-07-12,167.74188232421875,245.14999389648438,247.10000610351562,238.6999969482422,243.0,837126
2010-07-13,166.61285400390625,243.5,245.0500030517578,236.6999969482422,245.0,282216
2010-07-14,167.12603759765625,244.25,245.89999389648438,240.0,245.0,493814
2010-07-15,164.3206787109375,240.14999389648438,245.64999389648438,238.6999969482422,243.89999389648438,342884
2010-07-16,165.1417694091797,241.35000610351562,243.0,240.14999389648438,241.3000030517578,257336
2010-07-19,166.8865509033203,243.89999389648438,246.3000030517578,240.1999969482422,245.0,486971
2010-07-20,165.17596435546875,241.39999389648438,245.5,240.64999389648438,245.5,325583
2010-07-21,166.37339782714844,243.14999389648438,244.35000610351562,238.10000610351562,242.0,436211
2010-07-22,168.56297302246094,246.35000610351562,247.0,241.0,243.0,575104
2010-07-23,171.98414611816406,251.35000610351562,252.1999969482422,242.10000610351562,247.0,1719924
2010-07-26,151.73060607910156,221.75,248.0,209.5500030517578,248.0,10446949
2010-07-27,152.859619140625,223.39999389648438,226.8000030517578,220.0,221.0,1158035
2010-07-28,152.00428771972656,222.14999389648438,225.0,220.39999389648438,222.5,950159
2010-07-29,154.2280731201172,225.39999389648438,226.85000610351562,221.10000610351562,223.60000610351562,685895
2010-07-30,153.78335571289062,224.75,228.5,222.0,225.39999389648438,345182
2010-08-02,155.56236267089844,227.35000610351562,228.60000610351562,224.35000610351562,224.8000030517578,486447
2010-08-03,157.23873901367188,229.8000030517578,231.4499969482422,226.39999389648438,228.1999969482422,518325
2010-08-04,159.9415283203125,233.75,234.85000610351562,227.60000610351562,230.4499969482422,696456
2010-08-05,160.9678955078125,235.25,236.5,233.5,234.0,462219
2010-08-06,157.751953125,230.5500030517578,235.5,229.5,234.9499969482422,387101
2010-08-09,159.0862274169922,232.5,234.0,229.0,230.0,260520
2010-08-10,157.82034301757812,230.64999389648438,231.9499969482422,229.5,231.3000030517578,294752
2010-08-11,156.0413360595703,228.0500030517578,230.89999389648438,227.10000610351562,230.89999389648438,203281
2010-08-12,157.44403076171875,230.10000610351562,231.5,225.3000030517578,226.0,842476
2010-08-13,166.85235595703125,243.85000610351562,246.0,229.0,229.0,1952334
2010-08-16,166.06549072265625,242.6999969482422,249.4499969482422,238.25,245.9499969482422,788330
2010-08-17,171.36834716796875,250.4499969482422,252.0,240.0,240.0,657171
2010-08-18,170.17091369628906,248.6999969482422,256.5,244.75,249.0,960508
2010-08-19,176.3291015625,257.70001220703125,259.0,247.89999389648438,249.85000610351562,1306614
2010-08-20,174.96063232421875,255.6999969482422,258.0,254.0,257.79998779296875,588629
2010-08-23,173.3184356689453,253.3000030517578,255.6999969482422,241.14999389648438,255.6999969482422,630403
2010-08-24,172.4973602294922,252.10000610351562,256.0,247.10000610351562,256.0,771617
2010-08-25,172.53155517578125,252.14999389648438,255.0,248.25,250.39999389648438,350371
2010-08-26,173.48951721191406,253.5500030517578,260.54998779296875,251.39999389648438,254.5,1172185
2010-08-27,170.6156768798828,249.35000610351562,254.5,247.5500030517578,252.5,472308
2010-08-30,172.18943786621094,251.64999389648438,253.9499969482422,247.60000610351562,252.8000030517578,749334
2010-08-31,169.9998779296875,248.4499969482422,251.5,244.6999969482422,247.9499969482422,1140987
2010-09-01,170.5814666748047,249.3000030517578,252.89999389648438,247.8000030517578,251.8000030517578,733901
2010-09-02,172.66842651367188,252.35000610351562,257.0,250.4499969482422,251.0,1067940
2010-09-03,177.38967895507812,259.25,260.8999938964844,254.0,255.4499969482422,885200
2010-09-06,175.43959045410156,256.3999938964844,261.79998779296875,254.75,260.75,1075339
2010-09-07,174.78958129882812,255.4499969482422,259.45001220703125,253.1999969482422,256.20001220703125,628178
2010-09-08,177.32127380371094,259.1499938964844,260.0,253.0500030517578,257.8999938964844,720571
2010-09-09,177.8344268798828,259.8999938964844,261.45001220703125,257.1499938964844,259.5,455051
2010-09-13,181.49510192871094,265.25,269.5,260.1000061035156,261.6000061035156,1669549
2010-09-14,178.9634246826172,261.54998779296875,272.0,260.6499938964844,272.0,1053092
2010-09-15,177.4580841064453,259.3500061035156,264.29998779296875,256.54998779296875,261.54998779296875,453358
2010-09-16,179.13450622558594,261.79998779296875,266.6000061035156,254.10000610351562,257.0,952818
2010-09-17,182.3162384033203,266.45001220703125,267.8999938964844,262.1499938964844,263.20001220703125,489357
2010-09-20,185.36105346679688,270.8999938964844,271.5,266.0,268.0,1208171
2010-09-21,183.78733825683594,268.6000061035156,273.75,267.0,270.04998779296875,904828
2010-09-22,184.06103515625,269.0,269.79998779296875,267.0,269.79998779296875,347049
2010-09-23,181.8714599609375,265.79998779296875,269.75,265.04998779296875,268.0,191030
2010-09-24,181.05038452148438,264.6000061035156,268.3500061035156,263.54998779296875,264.25,322496
2010-09-27,185.7032012939453,271.3999938964844,296.0,264.0,296.0,527609
2010-09-28,184.88214111328125,270.20001220703125,271.5,267.54998779296875,270.0,432429
2010-09-29,188.33753967285156,275.25,276.8999938964844,269.0,270.20001220703125,799533
2010-09-30,190.69821166992188,278.70001220703125,282.5,273.0,276.0,1461733
2010-10-01,193.16146850585938,282.29998779296875,283.29998779296875,278.79998779296875,278.79998779296875,474879
2010-10-04,195.38522338867188,285.54998779296875,287.3999938964844,280.0,281.25,652529
2010-10-05,197.7458953857422,289.0,290.0,282.70001220703125,285.54998779296875,457081
2010-10-06,210.30172729492188,307.3500061035156,310.45001220703125,287.3500061035156,287.3500061035156,2293838
2010-10-07,212.3886260986328,310.3999938964844,316.25,308.0,309.0,1163234
2010-10-08,205.3067169189453,300.04998779296875,313.3999938964844,293.75,310.25,799645
2010-10-11,204.04092407226562,298.20001220703125,305.54998779296875,294.5,303.1000061035156,765256
2010-10-12,199.1485595703125,291.04998779296875,299.79998779296875,289.29998779296875,299.79998779296875,501145
2010-10-13,206.4015350341797,301.6499938964844,303.79998779296875,291.0,294.8999938964844,557643
2010-10-14,203.86984252929688,297.95001220703125,306.8999938964844,295.20001220703125,304.0,754275
2010-10-15,199.4222869873047,291.45001220703125,300.0,290.0,298.0,1011758
2010-10-18,205.1356658935547,299.79998779296875,302.0,284.1499938964844,291.45001220703125,654882
2010-10-19,201.7144775390625,294.79998779296875,303.0,292.25,302.0,373008
2010-10-20,194.97467041015625,284.95001220703125,294.5,283.0,292.3999938964844,502615
2010-10-21,206.4357452392578,301.70001220703125,304.79998779296875,285.54998779296875,288.1499938964844,848121
2010-10-22,207.1884307861328,302.79998779296875,313.6000061035156,301.1000061035156,305.0,2308668
2010-10-25,207.9410858154297,303.8999938964844,308.3500061035156,301.25,305.0,695035
2010-10-26,208.76214599609375,305.1000061035156,307.95001220703125,301.5,305.0,458867
2010-10-27,209.2411651611328,305.79998779296875,310.3999938964844,303.0,305.0,767439
2010-10-28,199.93544006347656,292.20001220703125,310.0,289.5,308.79998779296875,2205041
2010-10-29,199.66172790527344,291.79998779296875,297.29998779296875,272.6000061035156,297.29998779296875,1048150
2010-11-01,199.7643585205078,291.95001220703125,296.95001220703125,287.5,296.95001220703125,930414
2010-11-02,205.58042907714844,300.45001220703125,301.6499938964844,291.3999938964844,292.45001220703125,462682
2010-11-03,205.99099731445312,301.04998779296875,306.5,298.5,306.5,276328
2010-11-04,209.48056030273438,306.1499938964844,307.25,300.1000061035156,307.20001220703125,258879
2010-11-08,205.3751678466797,300.1499938964844,308.0,296.79998779296875,303.6499938964844,290126
2010-11-09,206.09361267089844,301.20001220703125,304.3500061035156,272.20001220703125,272.20001220703125,388111
2010-11-10,207.3594512939453,303.04998779296875,304.75,299.25,302.95001220703125,213098
2010-11-11,203.49346923828125,297.3999938964844,305.0,296.0,303.29998779296875,209469
2010-11-12,202.5697784423828,296.04998779296875,299.0,292.95001220703125,295.0,516939
2010-11-15,204.10931396484375,298.29998779296875,301.5,288.5,295.0,218626
2010-11-16,196.92478942871094,287.79998779296875,301.3999938964844,285.5,295.0,504758
2010-11-18,197.91696166992188,289.25,292.0,277.54998779296875,289.5,355750
2010-11-19,194.7694091796875,284.6499938964844,294.5,280.0,290.0,320308
2010-11-22,201.338134765625,294.25,295.8999938964844,277.1499938964844,286.5,357877
2010-11-23,198.5327606201172,290.1499938964844,293.0,284.0,292.0,453862
2010-11-24,192.88775634765625,281.8999938964844,297.8999938964844,278.1000061035156,290.04998779296875,537985
2010-11-25,185.97691345214844,271.79998779296875,289.5,265.6499938964844,283.20001220703125,1271533
2010-11-26,178.51869201660156,260.8999938964844,289.5,242.8000030517578,269.0,567245
2010-11-29,183.37681579589844,268.0,277.8999938964844,243.9499969482422,262.0,264676
2010-11-30,190.73243713378906,278.75,287.3999938964844,262.20001220703125,267.75,584949
2010-12-01,199.62754821777344,291.75,293.8999938964844,280.45001220703125,281.0,585875
2010-12-02,199.01170349121094,290.8500061035156,298.0,287.0,291.0,414079
2010-12-03,193.46937561035156,282.75,296.29998779296875,281.1000061035156,296.29998779296875,413172
2010-12-06,186.21640014648438,272.1499938964844,284.8500061035156,269.1499938964844,282.70001220703125,499586
2010-12-07,175.23431396484375,256.1000061035156,272.0,253.0,272.0,2018738
2010-12-08,172.05258178710938,251.4499969482422,256.0,241.0,247.0,1198019
2010-12-09,166.2365264892578,242.9499969482422,256.8999938964844,236.5500030517578,252.0,605585
2010-12-10,171.949951171875,251.3000030517578,252.89999389648438,233.6999969482422,240.0,646044
2010-12-13,177.9370574951172,260.04998779296875,261.0,251.3000030517578,251.3000030517578,206473
2010-12-14,177.76600646972656,259.79998779296875,262.79998779296875,252.60000610351562,261.79998779296875,294367
2010-12-15,167.98133850097656,245.5,263.0,244.0,263.0,610368
2010-12-16,172.4289093017578,252.0,253.9499969482422,244.60000610351562,245.6999969482422,535293
2010-12-20,171.98414611816406,251.35000610351562,252.85000610351562,246.0,250.0,315864
2010-12-21,174.55006408691406,255.10000610351562,258.0,249.3000030517578,258.0,261940
2010-12-22,175.1658935546875,256.0,257.79998779296875,255.14999389648438,255.5,365633
2010-12-23,175.23431396484375,256.1000061035156,257.79998779296875,252.0500030517578,252.0500030517578,122503
2010-12-24,175.57644653320312,256.6000061035156,259.8999938964844,251.0,256.0,348738
2010-12-27,172.0867919921875,251.5,257.20001220703125,249.85000610351562,257.20001220703125,77484
2010-12-28,167.33132934570312,244.5500030517578,252.9499969482422,243.60000610351562,252.0,209025
2010-12-29,167.53660583496094,244.85000610351562,246.0,242.14999389648438,245.0,225428
2010-12-30,167.67343139648438,245.0500030517578,248.1999969482422,243.14999389648438,244.89999389648438,269232
2010-12-31,168.87088012695312,246.8000030517578,248.60000610351562,244.1999969482422,246.75,493244
2011-01-03,169.48667907714844,247.6999969482422,254.35000610351562,247.0,248.0500030517578,428339
2011-01-04,164.28646850585938,240.10000610351562,250.35000610351562,239.1999969482422,249.0,489965
2011-01-05,158.50462341308594,231.64999389648438,240.0,230.60000610351562,238.0,383789
2011-01-06,159.32571411132812,232.85000610351562,237.3000030517578,228.60000610351562,231.64999389648438,587557
2011-01-07,151.0121612548828,220.6999969482422,233.8000030517578,219.0500030517578,232.39999389648438,620221
2011-01-10,147.00933837890625,214.85000610351562,225.75,212.0,220.6999969482422,259918
2011-01-11,149.3015594482422,218.1999969482422,221.0,211.75,214.4499969482422,315126
2011-01-12,150.8752899169922,220.5,223.0,214.5500030517578,220.5,263742
2011-01-13,148.61729431152344,217.1999969482422,224.0,216.0500030517578,221.39999389648438,148551
2011-01-14,143.4854736328125,209.6999969482422,218.3000030517578,208.4499969482422,218.3000030517578,451224
2011-01-17,140.88536071777344,205.89999389648438,211.5,205.0500030517578,208.6999969482422,348013
2011-01-18,139.85902404785156,204.39999389648438,209.75,201.25,202.0,485084
2011-01-19,143.00653076171875,209.0,211.4499969482422,203.5,203.60000610351562,341121
2011-01-20,148.92520141601562,217.64999389648438,229.8000030517578,206.10000610351562,229.8000030517578,336977
2011-01-21,150.77267456054688,220.35000610351562,221.89999389648438,216.5,219.89999389648438,292081
2011-01-24,160.1468048095703,234.0500030517578,235.0,221.0,221.89999389648438,1481196
2011-01-25,156.28082275390625,228.39999389648438,237.0,227.25,236.0,767195
2011-01-27,149.40420532226562,218.35000610351562,233.89999389648438,215.5500030517578,229.0,1381834
2011-01-28,144.47764587402344,211.14999389648438,219.8000030517578,206.60000610351562,218.1999969482422,459666
2011-01-31,143.99867248535156,210.4499969482422,215.14999389648438,203.5500030517578,210.0,469381
2011-02-01,142.97230529785156,208.9499969482422,216.8000030517578,207.35000610351562,216.8000030517578,270753
2011-02-02,144.61448669433594,211.35000610351562,216.25,209.5,212.1999969482422,272914
2011-02-03,148.24095153808594,216.64999389648438,218.85000610351562,210.0,210.8000030517578,418913
2011-02-04,148.6515350341797,217.25,223.25,214.25,217.10000610351562,325202
2011-02-07,142.97230529785156,208.9499969482422,219.89999389648438,207.0,218.8000030517578,296691
2011-02-08,139.14056396484375,203.35000610351562,211.5,202.5,209.5,160707
2011-02-09,138.38790893554688,202.25,207.89999389648438,196.0,203.5,402564
2011-02-10,141.09066772460938,206.1999969482422,207.4499969482422,198.5500030517578,200.0500030517578,222965
2011-02-11,144.23817443847656,210.8000030517578,213.0,199.60000610351562,206.5500030517578,326197
2011-02-14,150.43055725097656,219.85000610351562,222.5,210.14999389648438,214.3000030517578,636884
2011-02-15,149.4726104736328,218.4499969482422,223.89999389648438,216.75,220.89999389648438,313464
2011-02-16,146.56459045410156,214.1999969482422,218.60000610351562,211.0,218.0,616320
2011-02-17,150.9095001220703,220.5500030517578,222.6999969482422,211.0,214.25,561336
2011-02-18,150.77267456054688,220.35000610351562,226.5,218.64999389648438,224.9499969482422,690405
2011-02-21,150.2252655029297,219.5500030517578,221.89999389648438,214.3000030517578,217.10000610351562,214600
2011-02-22,147.96730041503906,216.25,219.25,214.0500030517578,219.25,187409
2011-02-23,145.70928955078125,212.9499969482422,216.89999389648438,211.5,215.3000030517578,194349
2011-02-24,138.8668670654297,202.9499969482422,212.5,200.64999389648438,212.5,723780
2011-02-25,139.31161499023438,203.60000610351562,207.8000030517578,202.0,204.64999389648438,192044
2011-02-28,139.85902404785156,204.39999389648438,208.60000610351562,199.5,205.0,776600
2011-03-01,144.1697540283203,210.6999969482422,211.60000610351562,205.39999389648438,206.0,503844
2011-03-03,149.64369201660156,218.6999969482422,220.60000610351562,207.39999389648438,209.6999969482422,682062
2011-03-04,152.2780303955078,222.5500030517578,224.4499969482422,219.5,220.10000610351562,263842
2011-03-07,146.9751434326172,214.8000030517578,222.5500030517578,213.5500030517578,221.0,126756
2011-03-08,153.0648956298828,223.6999969482422,225.0,216.3000030517578,217.0,170639
2011-03-09,156.79397583007812,229.14999389648438,230.25,224.5,225.4499969482422,294199
2011-03-10,153.40701293945312,224.1999969482422,230.14999389648438,222.3000030517578,228.89999389648438,62535
2011-03-11,147.7962188720703,216.0,225.0,214.0500030517578,225.0,242124
2011-03-14,147.18040466308594,215.10000610351562,217.9499969482422,213.14999389648438,217.0,280164
2011-03-15,145.4013671875,212.5,218.89999389648438,207.3000030517578,213.25,327071
2011-03-16,146.154052734375,213.60000610351562,218.0500030517578,212.3000030517578,214.0,323186
2011-03-17,149.78054809570312,218.89999389648438,220.5,213.3000030517578,213.3000030517578,382753
2011-03-18,144.648681640625,211.39999389648438,222.0,210.60000610351562,219.10000610351562,406563
2011-03-21,146.1198272705078,213.5500030517578,215.89999389648438,212.0,215.0,94640
2011-03-22,149.64369201660156,218.6999969482422,219.4499969482422,212.0500030517578,213.75,214281
2011-03-23,148.754150390625,217.39999389648438,220.6999969482422,216.14999389648438,218.89999389648438,364667
2011-03-24,148.99363708496094,217.75,220.39999389648438,216.60000610351562,218.3000030517578,289009
2011-03-25,151.21742248535156,221.0,223.39999389648438,217.6999969482422,218.6999969482422,670044
2011-03-28,154.94654846191406,226.4499969482422,228.0,221.60000610351562,222.4499969482422,483877
2011-03-29,158.40196228027344,231.5,233.0,224.0,224.0,478654
2011-03-30,159.53097534179688,233.14999389648438,235.5,232.0,233.0,331020
2011-03-31,159.2572784423828,232.75,237.0,231.10000610351562,235.8000030517578,769867
2011-04-01,157.3071746826172,229.89999389648438,235.89999389648438,229.0,234.8000030517578,355231
2011-04-04,161.78895568847656,236.4499969482422,240.1999969482422,229.0,231.0,674476
2011-04-05,166.2023162841797,242.89999389648438,243.60000610351562,234.8000030517578,237.0,451194
2011-04-06,165.4496612548828,241.8000030517578,245.4499969482422,240.0,242.89999389648438,578450
2011-04-07,168.01556396484375,245.5500030517578,246.39999389648438,238.6999969482422,240.0,814044
2011-04-08,159.32571411132812,232.85000610351562,248.39999389648438,228.64999389648438,245.8000030517578,1304312
2011-04-11,156.82821655273438,229.1999969482422,232.85000610351562,225.0,228.64999389648438,669929
2011-04-13,161.4126434326172,235.89999389648438,237.39999389648438,226.10000610351562,229.3000030517578,343691
2011-04-15,160.2494354248047,234.1999969482422,237.39999389648438,231.35000610351562,234.0,443569
2011-04-18,162.33636474609375,237.25,241.14999389648438,234.1999969482422,234.1999969482422,813729
2011-04-19,159.3599090576172,232.89999389648438,237.0,230.5500030517578,237.0,204993
2011-04-20,163.4653778076172,238.89999389648438,240.89999389648438,233.5500030517578,236.89999389648438,427529
2011-04-21,163.77328491210938,239.35000610351562,242.89999389648438,237.60000610351562,240.0,242279
2011-04-25,169.04193115234375,247.0500030517578,248.3000030517578,240.25,240.5500030517578,664346
2011-04-26,169.1445770263672,247.1999969482422,250.0,243.0,248.9499969482422,371548
2011-04-27,172.29208374023438,251.8000030517578,252.8000030517578,245.0,247.5,292418
2011-04-28,167.98133850097656,245.5,254.10000610351562,242.35000610351562,254.10000610351562,713574
2011-04-29,164.970703125,241.10000610351562,248.35000610351562,240.5,247.0,670122
2011-05-02,167.9129180908203,245.39999389648438,247.35000610351562,236.60000610351562,242.60000610351562,517016
2011-05-03,159.56517028808594,233.1999969482422,247.85000610351562,231.0,245.5,747269
2011-05-04,157.44403076171875,230.10000610351562,235.89999389648438,226.1999969482422,233.0500030517578,328212
2011-05-05,153.85177612304688,224.85000610351562,234.0,223.0,231.4499969482422,166122
2011-05-06,162.57582092285156,237.60000610351562,240.75,224.9499969482422,224.9499969482422,748887
2011-05-09,157.95721435546875,230.85000610351562,239.6999969482422,229.60000610351562,238.0,334183
2011-05-10,158.53883361816406,231.6999969482422,234.8000030517578,230.1999969482422,232.0,123480
2011-05-11,159.70204162597656,233.39999389648438,235.5,230.14999389648438,231.5,133680
2011-05-12,158.3335418701172,231.39999389648438,235.85000610351562,230.10000610351562,233.9499969482422,184354
2011-05-13,158.9151611328125,232.25,235.0,229.0500030517578,230.0500030517578,141011
2011-05-16,157.61508178710938,230.35000610351562,232.0,227.75,230.3000030517578,148648
2011-05-17,154.50180053710938,225.8000030517578,231.89999389648438,222.60000610351562,230.0,235992
2011-05-18,150.77267456054688,220.35000610351562,224.39999389648438,216.0,216.0,637839
2011-05-19,150.67002868652344,220.1999969482422,222.85000610351562,219.0,221.10000610351562,362436
2011-05-20,151.21742248535156,221.0,223.5,210.3000030517578,210.3000030517578,694928
2011-05-23,151.45693969726562,221.35000610351562,223.5,214.10000610351562,221.0,174722
2011-05-24,150.43055725097656,219.85000610351562,222.9499969482422,218.35000610351562,222.9499969482422,261745
2011-05-25,148.10414123535156,216.4499969482422,221.0,215.6999969482422,220.10000610351562,326967
2011-05-26,148.5489044189453,217.10000610351562,221.0,214.0,217.25,325983
2011-05-27,152.72274780273438,223.1999969482422,224.0,218.10000610351562,219.0,452479
2011-05-30,155.90890502929688,220.1999969482422,220.89999389648438,216.0,217.8000030517578,342658
2011-05-31,157.39578247070312,222.3000030517578,223.5,220.0,220.25,257681
2011-06-01,159.0950927734375,224.6999969482422,227.25,222.0,223.0,286277
2011-06-02,156.54615783691406,221.10000610351562,222.85000610351562,219.10000610351562,220.39999389648438,256085
2011-06-03,155.802734375,220.0500030517578,223.5,219.0,221.10000610351562,199418
2011-06-06,154.31582641601562,217.9499969482422,221.6999969482422,215.0,220.0,208895
2011-06-07,154.77606201171875,218.60000610351562,220.0,216.1999969482422,216.1999969482422,242079
2011-06-08,155.27166748046875,219.3000030517578,220.89999389648438,212.5500030517578,215.1999969482422,130079
2011-06-09,152.54574584960938,215.4499969482422,221.75,215.10000610351562,219.8000030517578,290897
2011-06-10,152.43955993652344,215.3000030517578,217.39999389648438,214.1999969482422,216.25,151446
2011-06-13,152.75816345214844,215.75,217.14999389648438,214.0,214.14999389648438,621177
2011-06-14,155.66110229492188,219.85000610351562,221.0,212.3000030517578,216.25,135229
2011-06-15,154.59906005859375,218.35000610351562,221.0,217.14999389648438,220.0,150916
2011-06-16,153.64320373535156,217.0,219.3000030517578,214.0,218.0,113645
2011-06-17,157.32496643066406,222.1999969482422,224.8000030517578,216.5,216.5,302228
2011-06-20,155.76731872558594,220.0,226.0,214.10000610351562,221.5,422456
2011-06-21,153.0059814453125,216.10000610351562,221.9499969482422,213.1999969482422,218.0,142018
2011-06-22,150.63404846191406,212.75,225.0,210.14999389648438,217.4499969482422,258489
2011-06-23,151.97930908203125,214.64999389648438,216.0,207.1999969482422,209.60000610351562,235097
2011-06-24,153.0059814453125,216.10000610351562,219.0,214.4499969482422,215.1999969482422,130894
2011-06-27,155.4486846923828,219.5500030517578,220.5,215.10000610351562,215.10000610351562,73317
2011-06-28,153.0413818359375,216.14999389648438,221.89999389648438,215.10000610351562,221.89999389648438,476520
2011-06-29,152.1563262939453,214.89999389648438,218.5,213.64999389648438,216.25,448450
2011-06-30,150.70489501953125,212.85000610351562,216.5,212.14999389648438,213.5,552904
2011-07-01,151.20050048828125,213.5500030517578,216.0500030517578,211.5,214.14999389648438,1269742
2011-07-04,154.7406463623047,218.5500030517578,221.39999389648438,213.3000030517578,214.4499969482422,628619
2011-07-05,152.22714233398438,215.0,218.9499969482422,214.0,217.0,518539
2011-07-06,154.03265380859375,217.5500030517578,219.39999389648438,214.0,217.85000610351562,362019
2011-07-07,153.92642211914062,217.39999389648438,220.64999389648438,215.64999389648438,220.64999389648438,320065
2011-07-08,153.0413818359375,216.14999389648438,222.5,214.5,217.1999969482422,209326
2011-07-11,151.20050048828125,213.5500030517578,217.10000610351562,212.5,216.25,446461
2011-07-12,147.3771209716797,208.14999389648438,219.8000030517578,207.1999969482422,219.8000030517578,658918
2011-07-13,150.59864807128906,212.6999969482422,214.39999389648438,208.0500030517578,209.0,199860
2011-07-14,156.01512145996094,220.35000610351562,222.0,210.10000610351562,211.0,437183
2011-07-15,157.78521728515625,222.85000610351562,224.64999389648438,220.35000610351562,220.35000610351562,386530
2011-07-18,161.4315948486328,228.0,228.39999389648438,223.0500030517578,223.0500030517578,215934
2011-07-19,163.449462890625,230.85000610351562,231.5,226.35000610351562,227.5500030517578,434669
2011-07-20,163.48486328125,230.89999389648438,233.89999389648438,229.1999969482422,230.85000610351562,390731
2011-07-21,162.70599365234375,229.8000030517578,231.0,227.5,230.0,102366
2011-07-22,166.1046142578125,234.60000610351562,235.89999389648438,230.0500030517578,232.0,258800
2011-07-25,167.76846313476562,236.9499969482422,237.8000030517578,231.10000610351562,233.9499969482422,414063
2011-07-26,169.32614135742188,239.14999389648438,241.5,232.25,232.5,479166
2011-07-27,160.2279052734375,226.3000030517578,239.64999389648438,221.5500030517578,239.0,728261
2011-07-28,158.8472442626953,224.35000610351562,229.8000030517578,221.5,224.85000610351562,261357
2011-07-29,159.4490966796875,225.1999969482422,229.8000030517578,219.60000610351562,226.4499969482422,494587
2011-08-01,158.2100372314453,223.4499969482422,229.9499969482422,221.10000610351562,221.10000610351562,101994
2011-08-02,154.03265380859375,217.5500030517578,222.89999389648438,216.25,222.3000030517578,169029
2011-08-03,153.9618377685547,217.4499969482422,218.5,213.75,217.5500030517578,362206
2011-08-04,152.26254272460938,215.0500030517578,220.0,214.0500030517578,217.4499969482422,107159
2011-08-05,151.9085235595703,214.5500030517578,216.0,205.14999389648438,211.0,290882
2011-08-08,151.9085235595703,214.5500030517578,216.89999389648438,206.10000610351562,210.0,131919
2011-08-09,149.890625,211.6999969482422,216.6999969482422,205.0,205.0,951948
2011-08-10,155.48411560058594,219.60000610351562,220.0,214.39999389648438,215.89999389648438,143978
2011-08-11,152.6165771484375,215.5500030517578,220.0500030517578,210.0,210.0,239049
2011-08-12,152.1563262939453,214.89999389648438,219.89999389648438,213.0500030517578,218.4499969482422,168263
2011-08-16,152.75816345214844,215.75,218.6999969482422,213.0,215.5500030517578,161661
2011-08-17,150.63404846191406,212.75,222.25,211.14999389648438,219.5,521027
2011-08-18,142.5625,201.35000610351562,212.5,197.35000610351562,211.0,580983
2011-08-19,136.614990234375,192.9499969482422,199.25,190.0,198.9499969482422,796560
2011-08-22,141.46505737304688,199.8000030517578,201.85000610351562,187.0,194.10000610351562,281657
2011-08-23,142.314697265625,201.0,203.6999969482422,198.5500030517578,203.0,87125
2011-08-24,140.68618774414062,198.6999969482422,204.4499969482422,197.0500030517578,201.10000610351562,116380
2011-08-25,137.3938446044922,194.0500030517578,201.9499969482422,192.0,198.64999389648438,551226
2011-08-26,132.26060485839844,186.8000030517578,195.0,184.5500030517578,194.8000030517578,608414
2011-08-29,140.47377014160156,198.39999389648438,200.5,188.5500030517578,188.5500030517578,224749
2011-08-30,146.3858642578125,206.75,208.39999389648438,200.39999389648438,200.39999389648438,410456
2011-09-02,146.7044677734375,207.1999969482422,211.0500030517578,200.10000610351562,201.0,506322
2011-09-05,151.16510009765625,213.5,215.0,204.0,206.9499969482422,478650
2011-09-06,148.79318237304688,210.14999389648438,213.9499969482422,207.5,213.5,266375
2011-09-07,149.74903869628906,211.5,216.4499969482422,210.6999969482422,210.6999969482422,279254
2011-09-08,150.06764221191406,211.9499969482422,213.3000030517578,208.0,208.0,403551
2011-09-09,148.79318237304688,210.14999389648438,214.75,209.0,212.0,172425
2011-09-12,141.99606323242188,200.5500030517578,209.0,199.35000610351562,209.0,87641
2011-09-13,146.31503295898438,206.64999389648438,207.5,200.5,204.8000030517578,488969
2011-09-14,144.54495239257812,204.14999389648438,208.6999969482422,199.5,202.5,184217
2011-09-15,147.9789581298828,209.0,209.89999389648438,204.0500030517578,204.0500030517578,81846
2011-09-16,147.34173583984375,208.10000610351562,211.0,201.6999969482422,209.0,325029
2011-09-19,147.12928771972656,207.8000030517578,219.0,202.25,202.25,93529
2011-09-20,148.19137573242188,209.3000030517578,211.4499969482422,201.0,201.0,226294
2011-09-21,148.97018432617188,210.39999389648438,212.75,206.1999969482422,206.1999969482422,260533
2011-09-22,146.49208068847656,206.89999389648438,211.0,204.1999969482422,205.10000610351562,159280
2011-09-23,141.64205932617188,200.0500030517578,209.10000610351562,196.0,202.64999389648438,409355
2011-09-26,144.82821655273438,204.5500030517578,206.0,197.25,198.0,134887
2011-09-27,150.70489501953125,212.85000610351562,214.0,207.6999969482422,207.6999969482422,120284
2011-09-28,153.92642211914062,217.39999389648438,219.89999389648438,212.10000610351562,214.0,414227
2011-09-29,155.37791442871094,219.4499969482422,220.5,212.8000030517578,214.10000610351562,262865
2011-09-30,151.30670166015625,213.6999969482422,219.4499969482422,212.10000610351562,219.4499969482422,210547
2011-10-03,146.2088623046875,206.5,211.9499969482422,205.0,211.9499969482422,218813
2011-10-04,141.7128448486328,200.14999389648438,209.6999969482422,193.0,202.0,417308
2011-10-05,135.906982421875,191.9499969482422,200.0500030517578,189.5500030517578,198.0,363828
2011-10-07,138.95152282714844,196.25,199.5,194.9499969482422,194.9499969482422,168616
2011-10-10,142.77490234375,201.64999389648438,204.1999969482422,194.35000610351562,197.5,277416
2011-10-11,146.45669555664062,206.85000610351562,209.0,202.6999969482422,205.0,167398
2011-10-12,147.6249237060547,208.5,213.0,207.0,213.0,118536
2011-10-13,145.07603454589844,204.89999389648438,210.89999389648438,204.4499969482422,210.89999389648438,143109
2011-10-14,144.6157989501953,204.25,208.4499969482422,203.0500030517578,204.5,148451
2011-10-17,147.6603240966797,208.5500030517578,209.9499969482422,206.1999969482422,206.89999389648438,104414
2011-10-18,144.54495239257812,204.14999389648438,207.9499969482422,202.14999389648438,205.0,146671
2011-10-19,148.36837768554688,209.5500030517578,209.9499969482422,206.0,206.0,70497
2011-10-20,146.24427795410156,206.5500030517578,209.5500030517578,205.0,209.5500030517578,68802
2011-10-21,146.06727600097656,206.3000030517578,210.0,203.14999389648438,205.0,87352
2011-10-24,147.23550415039062,207.9499969482422,215.0,206.39999389648438,207.5,415383
2011-10-25,141.64205932617188,200.0500030517578,209.8000030517578,198.60000610351562,208.5,462919
2011-10-28,145.0406036376953,204.85000610351562,208.8000030517578,199.1999969482422,204.10000610351562,567974
2011-10-31,153.64320373535156,217.0,225.6999969482422,204.9499969482422,205.6999969482422,944417
2011-11-01,153.32460021972656,216.5500030517578,218.89999389648438,214.3000030517578,217.0,86709
2011-11-02,152.54574584960938,215.4499969482422,219.8000030517578,212.75,219.75,85794
2011-11-03,153.57240295410156,216.89999389648438,217.0,213.8000030517578,215.4499969482422,150289
2011-11-04,155.51950073242188,219.64999389648438,224.6999969482422,217.5,224.6999969482422,104088
2011-11-08,153.32460021972656,216.5500030517578,220.0,215.0,219.0,51425
2011-11-09,151.16510009765625,213.5,219.5,212.25,218.0,127780
2011-11-11,148.75779724121094,210.10000610351562,212.5,208.0,212.0,89148
2011-11-14,151.0942840576172,213.39999389648438,217.8000030517578,211.0,217.8000030517578,189985
2011-11-15,145.14683532714844,205.0,212.89999389648438,204.35000610351562,212.89999389648438,82024
2011-11-16,144.96978759765625,204.75,206.10000610351562,201.0500030517578,205.0,384069
2011-11-17,141.0402069091797,199.1999969482422,207.0,197.14999389648438,203.3000030517578,97258
2011-11-18,141.3234405517578,199.60000610351562,203.0,194.5,199.1999969482422,347714
2011-11-21,138.84532165527344,196.10000610351562,202.0,192.5,198.9499969482422,541956
2011-11-22,135.26974487304688,191.0500030517578,196.5,189.0,195.1999969482422,444764
2011-11-23,133.39346313476562,188.39999389648438,192.0,180.4499969482422,192.0,551579
2011-11-24,134.3847198486328,189.8000030517578,191.60000610351562,185.0500030517578,189.8000030517578,333487
2011-11-25,133.03945922851562,187.89999389648438,191.0,185.14999389648438,188.5,612286
2011-11-28,134.4555206298828,189.89999389648438,196.5500030517578,186.0500030517578,190.6999969482422,444141
2011-11-29,133.4996795654297,188.5500030517578,193.0,186.5,191.89999389648438,455152
2011-11-30,133.8536834716797,189.0500030517578,190.5,186.1999969482422,188.5500030517578,979362
2011-12-01,137.6770782470703,194.4499969482422,196.5,192.0,193.0,164916
2011-12-02,138.6329345703125,195.8000030517578,196.64999389648438,193.0,195.5,380628
2011-12-05,140.65077209472656,198.64999389648438,199.75,196.0,196.0,165199
2011-12-07,142.7041015625,201.5500030517578,202.0,194.60000610351562,198.64999389648438,399844
2011-12-08,140.15518188476562,197.9499969482422,197.9499969482422,195.60000610351562,195.60000610351562,296625
2011-12-09,137.96026611328125,194.85000610351562,198.6999969482422,193.25,193.25,329759
2011-12-12,134.42013549804688,189.85000610351562,196.8000030517578,189.0,194.89999389648438,271802
2011-12-13,134.49090576171875,189.9499969482422,190.8000030517578,184.5,189.0,104365
2011-12-14,132.9332275390625,187.75,191.0,186.0500030517578,187.0,153106
2011-12-15,132.6146240234375,187.3000030517578,189.3000030517578,185.0,185.0,318775
2011-12-16,131.8357696533203,186.1999969482422,189.0,182.0,189.0,241973
2011-12-19,127.02115631103516,179.39999389648438,188.6999969482422,170.5,185.0,605596
2011-12-20,121.10908508300781,171.0500030517578,178.6999969482422,168.5,178.0500030517578,193346
2011-12-21,125.67588806152344,177.5,179.0,166.0,173.0,410875
2011-12-22,131.62338256835938,185.89999389648438,187.0,170.25,172.85000610351562,455153
2011-12-23,131.1277618408203,185.1999969482422,188.0,178.5,188.0,521682
2011-12-26,133.25184631347656,188.1999969482422,189.89999389648438,181.85000610351562,185.1999969482422,214165
2011-12-27,131.8357696533203,186.1999969482422,192.25,183.5,190.0,446322
2011-12-28,129.074462890625,182.3000030517578,186.89999389648438,181.0,184.9499969482422,265269
2011-12-29,128.82662963867188,181.9499969482422,187.0,177.0,178.5,348577
2011-12-30,130.9507598876953,184.9499969482422,185.60000610351562,181.10000610351562,184.39999389648438,472964
2012-01-02,128.79124450683594,181.89999389648438,186.8000030517578,181.10000610351562,186.8000030517578,240463
2012-01-03,132.0836181640625,186.5500030517578,187.0,183.14999389648438,184.9499969482422,521338
2012-01-04,131.0569610595703,185.10000610351562,187.6999969482422,182.14999389648438,187.0,548690
2012-01-05,130.31350708007812,184.0500030517578,188.0,181.5,185.0,487992
2012-01-06,130.98614501953125,185.0,185.8000030517578,183.1999969482422,184.85000610351562,332832
2012-01-09,132.68544006347656,187.39999389648438,188.64999389648438,183.6999969482422,188.0,170145
2012-01-10,136.6504364013672,193.0,193.85000610351562,187.14999389648438,188.0,234193
2012-01-11,132.68544006347656,187.39999389648438,194.9499969482422,185.0500030517578,194.0,373504
2012-01-12,135.765380859375,191.75,194.35000610351562,185.35000610351562,186.89999389648438,343062
2012-01-13,137.9956817626953,194.89999389648438,196.9499969482422,192.35000610351562,193.0,336862
2012-01-16,137.18145751953125,193.75,197.0,192.0,195.8000030517578,50457
2012-01-17,143.34132385253906,202.4499969482422,203.75,194.9499969482422,194.9499969482422,545770
2012-01-18,141.64205932617188,200.0500030517578,206.0,198.1999969482422,204.75,374672
2012-01-19,144.4387969970703,204.0,204.9499969482422,200.60000610351562,202.64999389648438,144103
2012-01-20,148.36837768554688,209.5500030517578,211.0,202.39999389648438,204.0,238486
2012-01-23,147.9789581298828,209.0,219.0,205.0500030517578,219.0,136794
2012-01-24,153.8202362060547,217.25,218.5,207.0,211.0,733129
2012-01-25,154.31582641601562,217.9499969482422,220.0,214.1999969482422,215.14999389648438,612332
2012-01-27,154.4574737548828,218.14999389648438,220.5500030517578,217.1999969482422,219.0,239708
2012-01-30,151.4836883544922,213.9499969482422,220.0,210.25,217.14999389648438,821134
2012-01-31,156.333740234375,220.8000030517578,224.0,212.0,215.0,950856
2012-02-01,160.75894165039062,227.0500030517578,229.39999389648438,219.0,224.60000610351562,169779
2012-02-02,162.88304138183594,230.0500030517578,235.5500030517578,223.3000030517578,227.89999389648438,1058068
2012-02-03,165.50277709960938,233.75,239.0,228.35000610351562,230.0,520720
2012-02-06,166.2462158203125,234.8000030517578,237.4499969482422,221.1999969482422,235.0,451043
2012-02-07,164.9717254638672,233.0,238.25,232.25,234.8000030517578,280482
2012-02-08,170.28199768066406,240.5,243.0,228.10000610351562,228.8000030517578,639126
2012-02-09,171.0608367919922,241.60000610351562,265.0,236.9499969482422,265.0,687344
2012-02-10,170.81301879882812,241.25,256.79998779296875,239.10000610351562,256.79998779296875,1502393
2012-02-13,170.95462036132812,241.4499969482422,245.0,237.5500030517578,245.0,698555
2012-02-14,173.7867431640625,245.4499969482422,253.39999389648438,240.0,241.9499969482422,643405
2012-02-15,178.4243621826172,252.0,253.64999389648438,248.5,250.9499969482422,369829
2012-02-16,175.91085815429688,248.4499969482422,252.39999389648438,239.39999389648438,249.8000030517578,542043
2012-02-17,172.90170288085938,244.1999969482422,254.1999969482422,242.0,251.89999389648438,355276
2012-02-21,174.5301971435547,246.5,251.8000030517578,240.60000610351562,242.35000610351562,648963
2012-02-22,168.7597198486328,238.35000610351562,252.0,233.3000030517578,245.10000610351562,737792
2012-02-23,166.03379821777344,234.5,239.0,231.10000610351562,239.0,321477
2012-02-24,168.1578826904297,237.5,240.6999969482422,230.1999969482422,235.9499969482422,336567
2012-02-27,163.98049926757812,231.60000610351562,241.0500030517578,227.5,238.14999389648438,635373
2012-02-28,168.79513549804688,238.39999389648438,240.35000610351562,226.0,226.0,434695
2012-02-29,170.91920471191406,241.39999389648438,247.0,235.5,241.0,561136
2012-03-01,164.4053192138672,232.1999969482422,245.9499969482422,229.5,241.0500030517578,222509
2012-03-02,164.2637176513672,232.0,235.5500030517578,230.0500030517578,234.0,740661
2012-03-05,164.2991180419922,232.0500030517578,236.0,223.1999969482422,230.0500030517578,465577
2012-03-06,168.79513549804688,238.39999389648438,241.5,230.10000610351562,235.0,490086
2012-03-07,168.7597198486328,238.35000610351562,242.0,230.5,230.5,225175
2012-03-09,169.25535583496094,239.0500030517578,244.9499969482422,237.5500030517578,238.75,189439
2012-03-12,172.6892852783203,243.89999389648438,247.85000610351562,241.1999969482422,241.1999969482422,647182
2012-03-13,173.14952087402344,244.5500030517578,246.10000610351562,240.25,240.25,364216
2012-03-14,174.28236389160156,246.14999389648438,247.0,242.9499969482422,246.0,180893
2012-03-15,169.32614135742188,239.14999389648438,248.4499969482422,234.0,247.0,199494
2012-03-16,168.93673706054688,238.60000610351562,245.35000610351562,236.4499969482422,241.5,390177
2012-03-19,163.80349731445312,231.35000610351562,247.75,230.0,247.75,59087
2012-03-20,162.81224060058594,229.9499969482422,238.0,229.0,238.0,300086
2012-03-21,169.25535583496094,239.0500030517578,242.0,225.64999389648438,228.0,339615
2012-03-22,164.65313720703125,232.5500030517578,243.0,231.0,239.89999389648438,141550
2012-03-23,165.18417358398438,233.3000030517578,237.9499969482422,223.0,231.0,520004
2012-03-26,161.21914672851562,227.6999969482422,235.8000030517578,226.0,235.75,104479
2012-03-27,160.36952209472656,226.5,234.89999389648438,220.0,234.89999389648438,273074
2012-03-28,156.22755432128906,220.64999389648438,228.1999969482422,218.10000610351562,224.25,443501
2012-03-29,162.67063903808594,229.75,234.39999389648438,218.3000030517578,220.64999389648438,279590
2012-03-30,172.7600860595703,244.0,248.3000030517578,229.75,231.0,627394
2012-04-02,168.61810302734375,238.14999389648438,244.89999389648438,236.6999969482422,244.0,176673
2012-04-03,167.52066040039062,236.60000610351562,243.60000610351562,235.0500030517578,243.60000610351562,122174
2012-04-04,165.11334228515625,233.1999969482422,236.5,232.0,236.0,130709
2012-04-09,164.22833251953125,231.9499969482422,235.60000610351562,230.5,233.25,77298
2012-04-10,164.15753173828125,231.85000610351562,235.25,228.5,233.8000030517578,81323
2012-04-11,162.67063903808594,229.75,233.85000610351562,227.10000610351562,230.0,73109
2012-04-12,166.60025024414062,235.3000030517578,239.89999389648438,231.75,233.14999389648438,117073
2012-04-13,162.84764099121094,230.0,239.8000030517578,229.0,235.5,188195
2012-04-16,163.66188049316406,231.14999389648438,232.89999389648438,228.0500030517578,230.5500030517578,75358
2012-04-17,164.2637176513672,232.0,235.5500030517578,227.75,234.0,133009
2012-04-18,163.37867736816406,230.75,234.5,228.3000030517578,233.25,101663
2012-04-19,161.8917999267578,228.64999389648438,236.0,226.60000610351562,231.8000030517578,78666
2012-04-20,158.59947204589844,224.0,229.5,223.0500030517578,229.4499969482422,68455
2012-04-23,155.20089721679688,219.1999969482422,226.9499969482422,216.14999389648438,224.0500030517578,185164
2012-04-24,153.78480529785156,217.1999969482422,222.0,215.3000030517578,219.5,140365
2012-04-25,151.05886840820312,213.35000610351562,221.6999969482422,208.5500030517578,217.39999389648438,382608
2012-04-26,150.20924377441406,212.14999389648438,216.5500030517578,206.10000610351562,216.5500030517578,296785
2012-04-27,149.14720153808594,210.64999389648438,214.4499969482422,208.5500030517578,213.4499969482422,327442
2012-04-30,156.616943359375,221.1999969482422,228.0,211.5500030517578,213.0,356111
2012-05-02,156.54615783691406,221.10000610351562,224.89999389648438,220.1999969482422,221.5500030517578,61953
2012-05-03,154.20960998535156,217.8000030517578,220.0,216.39999389648438,220.0,71127
2012-05-04,147.9435272216797,208.9499969482422,218.60000610351562,208.0,208.1999969482422,140175
2012-05-07,148.68698120117188,210.0,212.0,203.14999389648438,207.89999389648438,120024
2012-05-08,141.4296417236328,199.75,213.89999389648438,196.3000030517578,213.89999389648438,156982
2012-05-09,137.50006103515625,194.1999969482422,202.0,193.10000610351562,202.0,99617
2012-05-10,138.52670288085938,195.64999389648438,200.0,193.5,199.75,274055
2012-05-11,127.16276550292969,179.60000610351562,195.64999389648438,176.89999389648438,194.0,1190458
2012-05-14,125.78208923339844,177.64999389648438,180.60000610351562,171.5,180.60000610351562,1327188
2012-05-15,129.074462890625,182.3000030517578,184.0,175.1999969482422,178.5,203287
2012-05-16,126.20691680908203,178.25,180.9499969482422,177.0500030517578,179.9499969482422,283566
2012-05-17,126.5255355834961,178.6999969482422,182.89999389648438,177.0,182.0,148705
2012-05-18,126.73795318603516,179.0,180.8000030517578,174.25,176.9499969482422,330320
2012-05-21,129.357666015625,182.6999969482422,184.8000030517578,177.9499969482422,179.0,261146
2012-05-22,126.49014282226562,178.64999389648438,186.4499969482422,177.5,183.5,225660
2012-05-23,125.2156982421875,176.85000610351562,179.75,175.5,179.10000610351562,307079
2012-05-24,123.97660827636719,175.10000610351562,177.1999969482422,173.4499969482422,177.1999969482422,422096
2012-05-25,122.31275177001953,172.75,176.0500030517578,171.6999969482422,174.5,371750
2012-05-28,123.76419830322266,174.8000030517578,175.85000610351562,171.10000610351562,171.10000610351562,168845
2012-05-29,122.45433044433594,172.9499969482422,176.0,172.75,176.0,257043
2012-05-30,119.51599884033203,168.8000030517578,172.4499969482422,167.8000030517578,170.5,417475
2012-05-31,119.76380920410156,169.14999389648438,170.39999389648438,164.5,168.0,997749
2012-06-01,114.59518432617188,161.85000610351562,169.8000030517578,161.25,168.3000030517578,330535
2012-06-04,113.1082992553711,159.75,161.8000030517578,156.1999969482422,160.0,367135
2012-06-05,113.88714599609375,160.85000610351562,164.10000610351562,159.6999969482422,160.0,304784
2012-06-06,116.75468444824219,164.89999389648438,166.89999389648438,160.1999969482422,160.1999969482422,1227885
2012-06-07,116.68389892578125,164.8000030517578,167.89999389648438,164.0,166.14999389648438,349933
2012-06-08,120.71966552734375,170.5,172.0,163.10000610351562,163.25,735804
2012-06-11,122.31275177001953,172.75,177.5,170.0500030517578,171.4499969482422,538993
2012-06-12,125.1094741821289,176.6999969482422,177.89999389648438,170.0500030517578,173.25,201482
2012-06-13,126.0653305053711,178.0500030517578,178.89999389648438,175.0,177.0,314498
2012-06-14,123.87039184570312,174.9499969482422,179.9499969482422,172.64999389648438,177.64999389648438,429008
2012-06-15,127.41057586669922,179.9499969482422,181.39999389648438,174.0,174.0,253695
2012-06-18,123.12699127197266,173.89999389648438,185.0,172.1999969482422,177.10000610351562,505777
2012-06-19,120.50727081298828,170.1999969482422,174.89999389648438,169.39999389648438,173.89999389648438,380638
2012-06-20,123.02079772949219,173.75,174.39999389648438,169.1999969482422,169.1999969482422,145097
2012-06-21,125.7112808227539,177.5500030517578,178.5,172.0,175.5,200218
2012-06-22,127.55217742919922,180.14999389648438,181.60000610351562,175.75,176.5,357092
2012-06-25,127.92158508300781,173.14999389648438,176.25,171.1999969482422,174.0,315785
2012-06-26,125.8160400390625,170.3000030517578,174.5500030517578,169.6999969482422,174.5500030517578,290135
2012-06-27,126.55481719970703,171.3000030517578,172.9499969482422,170.25,172.1999969482422,144575
2012-06-28,123.85824584960938,167.64999389648438,171.9499969482422,165.5,171.75,326091
2012-06-29,130.06407165527344,176.0500030517578,178.0,170.14999389648438,170.5,490461
2012-07-02,131.87411499023438,178.5,178.89999389648438,175.0,178.0,206898
2012-07-03,134.23825073242188,181.6999969482422,183.0,177.0500030517578,177.8000030517578,296098
2012-07-04,139.1511993408203,188.35000610351562,188.85000610351562,182.39999389648438,182.39999389648438,660878
2012-07-05,142.14332580566406,192.39999389648438,192.85000610351562,187.25,189.8000030517578,455978
2012-07-06,141.25672912597656,191.1999969482422,193.89999389648438,187.85000610351562,191.60000610351562,158062
2012-07-09,135.78970336914062,183.8000030517578,190.35000610351562,182.14999389648438,190.35000610351562,214088
2012-07-10,137.37811279296875,185.9499969482422,186.5,181.0500030517578,181.0500030517578,120200
2012-07-11,137.52584838867188,186.14999389648438,187.5,184.5,185.4499969482422,84955
2012-07-12,137.045654296875,185.5,186.89999389648438,183.60000610351562,185.9499969482422,129722
2012-07-13,137.5627899169922,186.1999969482422,194.75,182.0500030517578,194.75,246875
2012-07-16,139.55752563476562,188.89999389648438,190.85000610351562,184.0500030517578,187.85000610351562,202692
2012-07-17,139.70530700683594,189.10000610351562,191.8000030517578,187.8000030517578,189.8000030517578,90738
2012-07-18,136.78704833984375,185.14999389648438,190.0,183.75,188.9499969482422,68314
2012-07-19,136.15908813476562,184.3000030517578,187.9499969482422,183.6999969482422,186.5500030517578,26781
2012-07-20,136.4915771484375,184.75,185.89999389648438,182.1999969482422,185.39999389648438,50920
2012-07-23,138.56016540527344,187.5500030517578,189.75,174.75,181.75,640962
2012-07-24,140.9612274169922,190.8000030517578,196.89999389648438,182.3000030517578,188.60000610351562,533432
2012-07-25,140.73960876464844,190.5,191.89999389648438,188.35000610351562,190.0,220906
2012-07-26,134.64456176757812,182.25,190.85000610351562,179.3000030517578,190.0,198524
2012-07-27,128.73426818847656,174.25,186.0,172.0500030517578,184.0,304877
2012-07-30,134.60763549804688,182.1999969482422,183.0,169.10000610351562,173.25,449175
2012-07-31,131.3569793701172,177.8000030517578,184.10000610351562,176.10000610351562,184.10000610351562,288013
2012-08-01,129.69467163085938,175.5500030517578,184.0,175.0,183.9499969482422,282081
2012-08-02,130.1010284423828,176.10000610351562,176.85000610351562,174.60000610351562,175.8000030517578,232553
2012-08-03,127.69994354248047,172.85000610351562,176.0500030517578,172.0,174.60000610351562,220265
2012-08-06,129.95326232910156,175.89999389648438,177.64999389648438,173.5,174.0500030517578,114294
2012-08-07,132.1326904296875,178.85000610351562,179.8000030517578,176.1999969482422,176.9499969482422,117312
2012-08-08,132.42822265625,179.25,180.0,175.25,178.5,245645
2012-08-09,127.33055877685547,172.35000610351562,178.5,169.5,177.3000030517578,262186
2012-08-10,126.51788330078125,171.25,174.4499969482422,169.75,173.8000030517578,99853
2012-08-13,127.44136810302734,172.5,174.0,169.5,172.0,87257
2012-08-14,127.84770202636719,173.0500030517578,175.89999389648438,171.85000610351562,172.5500030517578,404160
2012-08-16,128.549560546875,174.0,175.39999389648438,172.8000030517578,173.10000610351562,148212
2012-08-17,126.1854248046875,170.8000030517578,174.5500030517578,169.60000610351562,173.14999389648438,361368
2012-08-21,125.7421646118164,170.1999969482422,172.5,169.3000030517578,172.5,256910
2012-08-22,121.90042877197266,165.0,169.89999389648438,164.39999389648438,168.3000030517578,193623
2012-08-23,123.11943054199219,166.64999389648438,167.8000030517578,164.1999969482422,165.0,148332
2012-08-24,123.23025512695312,166.8000030517578,168.39999389648438,165.0,166.0500030517578,51563
2012-08-27,120.82919311523438,163.5500030517578,167.75,162.3000030517578,166.0,57689
2012-08-28,119.24079132080078,161.39999389648438,164.0,161.0,162.9499969482422,55375
2012-08-29,117.39383697509766,158.89999389648438,163.75,157.3000030517578,162.0,91076
2012-08-30,116.7658462524414,158.0500030517578,159.75,156.5,159.14999389648438,97845
2012-08-31,114.06927490234375,154.39999389648438,158.39999389648438,151.60000610351562,157.35000610351562,455059
2012-09-03,115.02969360351562,155.6999969482422,156.5500030517578,151.39999389648438,154.39999389648438,140262
2012-09-04,118.39118194580078,160.25,161.0,154.0,154.9499969482422,108405
2012-09-05,115.21438598632812,155.9499969482422,180.3000030517578,155.5,180.3000030517578,40256
2012-09-06,113.51517486572266,153.64999389648438,156.0,151.9499969482422,156.0,782238
2012-09-07,120.57062530517578,163.1999969482422,164.5,155.8000030517578,155.9499969482422,278030
2012-09-10,119.75794982910156,162.10000610351562,166.75,159.8000030517578,165.0,86305
2012-09-11,120.903076171875,163.64999389648438,164.14999389648438,161.10000610351562,161.5,47565
2012-09-12,122.26981353759766,165.5,167.0,162.3000030517578,163.60000610351562,71611
2012-09-13,119.94264221191406,162.35000610351562,165.5,160.6999969482422,165.5,95261
2012-09-14,124.70783233642578,168.8000030517578,170.5,163.0,166.0,313028
2012-09-17,132.24351501464844,179.0,185.0,169.0,169.0,563615
2012-09-18,137.96914672851562,186.75,188.60000610351562,176.0,180.9499969482422,902918
2012-09-20,137.74752807617188,186.4499969482422,192.75,181.3000030517578,185.0,500890
2012-09-21,140.85040283203125,190.64999389648438,193.5,181.5,181.5,894338
2012-09-24,143.1776123046875,193.8000030517578,194.9499969482422,186.3000030517578,190.4499969482422,667311
2012-09-25,142.84515380859375,193.35000610351562,199.0,191.10000610351562,195.0,532264
2012-09-26,139.33592224121094,188.60000610351562,192.64999389648438,186.75,192.60000610351562,110966
2012-09-27,137.8583221435547,186.60000610351562,191.0500030517578,184.25,188.5,283667
2012-09-28,142.84515380859375,193.35000610351562,194.89999389648438,187.5,187.5500030517578,236703
2012-10-01,143.06678771972656,193.64999389648438,194.89999389648438,190.0,190.0,62498
2012-10-03,142.1063690185547,192.35000610351562,194.0,190.3000030517578,192.64999389648438,283806
2012-10-04,143.73170471191406,194.5500030517578,195.25,189.0,192.60000610351562,245050
2012-10-05,141.6261444091797,191.6999969482422,196.85000610351562,189.4499969482422,195.0500030517578,221534
2012-10-08,137.74752807617188,186.4499969482422,191.89999389648438,185.0500030517578,190.4499969482422,134812
2012-10-09,138.4124298095703,187.35000610351562,190.0500030517578,183.85000610351562,187.5500030517578,240428
2012-10-10,136.71319580078125,185.0500030517578,190.0,183.39999389648438,185.89999389648438,77800
2012-10-11,138.5232391357422,187.5,190.4499969482422,181.5500030517578,184.25,298133
2012-10-12,140.59185791015625,190.3000030517578,192.39999389648438,187.5,187.89999389648438,182529
2012-10-15,139.07730102539062,188.25,191.0,187.0,189.35000610351562,124060
2012-10-16,137.5627899169922,186.1999969482422,192.0,183.14999389648438,189.3000030517578,86355
2012-10-17,137.34117126464844,185.89999389648438,188.9499969482422,182.5500030517578,187.3000030517578,79973
2012-10-18,135.1248016357422,182.89999389648438,186.3000030517578,181.89999389648438,186.1999969482422,650338
2012-10-19,136.3807373046875,184.60000610351562,186.4499969482422,183.25,186.4499969482422,462319
2012-10-22,135.86358642578125,183.89999389648438,189.0,178.0,183.0,212414
2012-10-23,133.49945068359375,180.6999969482422,184.5,179.14999389648438,182.1999969482422,306088
2012-10-25,135.7158203125,183.6999969482422,184.9499969482422,179.5,180.75,118578
2012-10-29,130.9875946044922,177.3000030517578,180.60000610351562,176.5,180.0,398542
2012-10-30,124.15373992919922,168.0500030517578,177.8000030517578,167.0,177.8000030517578,808825
2012-10-31,124.11680603027344,168.0,169.89999389648438,164.0,168.0,897266
2012-11-01,124.9664077758789,169.14999389648438,172.0,168.0,168.35000610351562,195809
2012-11-02,124.48621368408203,168.5,172.39999389648438,167.14999389648438,171.85000610351562,439101
2012-11-05,122.7131118774414,166.10000610351562,169.85000610351562,166.0,169.60000610351562,156040
2012-11-06,122.3067855834961,165.5500030517578,168.85000610351562,164.3000030517578,165.3000030517578,408167
2012-11-07,127.40441131591797,172.4499969482422,174.1999969482422,164.6999969482422,164.6999969482422,606559
2012-11-08,129.39913940429688,175.14999389648438,176.5,169.89999389648438,171.75,555220
2012-11-09,128.95587158203125,174.5500030517578,177.14999389648438,171.5500030517578,174.9499969482422,485423
2012-11-12,129.62078857421875,175.4499969482422,176.1999969482422,171.14999389648438,171.14999389648438,183346
2012-11-15,128.5126190185547,173.9499969482422,176.8000030517578,171.0,171.0,241696
2012-11-16,128.7711944580078,174.3000030517578,176.0,172.4499969482422,174.10000610351562,107554
2012-11-19,125.11418914794922,169.35000610351562,175.0500030517578,167.5,174.64999389648438,115239
2012-11-20,125.85296630859375,170.35000610351562,171.3000030517578,168.5,169.0,162091
2012-11-21,129.3252716064453,175.0500030517578,176.3000030517578,169.0,169.0,148995
2012-11-22,130.8397979736328,177.10000610351562,177.6999969482422,173.64999389648438,175.1999969482422,92283
2012-11-23,131.209228515625,177.60000610351562,178.4499969482422,175.9499969482422,177.10000610351562,80464
2012-11-26,136.26992797851562,184.4499969482422,185.5,170.0,178.0,282431
2012-11-27,134.60763549804688,182.1999969482422,185.89999389648438,181.0,185.0500030517578,125333
2012-11-29,133.09310913085938,180.14999389648438,185.75,178.5,185.75,247940
2012-11-30,135.56805419921875,183.5,185.5,179.0,181.0500030517578,230452
2012-12-03,136.75013732910156,185.10000610351562,189.85000610351562,183.25,184.5,252278
2012-12-04,137.895263671875,186.64999389648438,188.0,180.5,182.3000030517578,218425
2012-12-05,139.85305786132812,189.3000030517578,190.0500030517578,184.8000030517578,187.1999969482422,313174
2012-12-06,140.14854431152344,189.6999969482422,192.0,186.85000610351562,192.0,345945
2012-12-07,142.8082275390625,193.3000030517578,197.8000030517578,190.25,191.5,406386
2012-12-10,146.68687438964844,198.5500030517578,199.0,192.25,193.25,513102
2012-12-11,144.50743103027344,195.60000610351562,205.0,193.3000030517578,199.0,439521
2012-12-12,143.5100555419922,194.25,200.8000030517578,192.0,196.0,291414
2012-12-13,142.73434448242188,193.1999969482422,198.0,191.5,197.85000610351562,152155
2012-12-14,142.4757843017578,192.85000610351562,193.6999969482422,190.10000610351562,190.14999389648438,367894
2012-12-17,141.4044952392578,191.39999389648438,194.9499969482422,191.0,194.9499969482422,179925
2012-12-18,141.9955596923828,192.1999969482422,193.4499969482422,189.10000610351562,192.14999389648438,322394
2012-12-19,140.99818420410156,190.85000610351562,194.60000610351562,189.60000610351562,193.0,510834
2012-12-20,140.2963409423828,189.89999389648438,191.75,188.39999389648438,190.89999389648438,228949
2012-12-21,140.37020874023438,190.0,190.89999389648438,185.9499969482422,190.3000030517578,202006
2012-12-24,139.44671630859375,188.75,190.8000030517578,187.0,190.0,42572
2012-12-26,142.06942749023438,192.3000030517578,194.0,188.0,188.6999969482422,316584
2012-12-27,142.4757843017578,192.85000610351562,195.14999389648438,189.39999389648438,193.39999389648438,143970
2012-12-28,143.84251403808594,194.6999969482422,195.60000610351562,191.10000610351562,192.9499969482422,171040
2012-12-31,147.240966796875,199.3000030517578,200.0,193.3000030517578,195.0,208395
2013-01-01,155.07215881347656,209.89999389648438,211.89999389648438,200.10000610351562,203.0,781835
2013-01-02,156.3280792236328,211.60000610351562,215.0,204.25,210.25,1003095
2013-01-03,160.5761260986328,217.35000610351562,218.8000030517578,208.5,212.0500030517578,751771
2013-01-04,159.024658203125,215.25,218.5,213.9499969482422,215.64999389648438,215973
2013-01-07,158.8399658203125,215.0,218.5,213.0,213.0,149033
2013-01-08,158.9877166748047,215.1999969482422,216.35000610351562,212.89999389648438,215.0500030517578,258460
2013-01-09,156.43890380859375,211.75,218.9499969482422,206.9499969482422,206.9499969482422,232804
2013-01-10,155.33070373535156,210.25,215.0,208.39999389648438,210.1999969482422,77526
2013-01-11,150.82406616210938,204.14999389648438,215.89999389648438,203.3000030517578,207.10000610351562,395772
2013-01-14,156.43890380859375,211.75,213.0,201.3000030517578,204.14999389648438,190048
2013-01-15,159.20936584472656,215.5,217.0,210.0,212.0,190919
2013-01-16,156.62359619140625,212.0,218.0,210.35000610351562,215.8000030517578,156181
2013-01-17,157.32545471191406,212.9499969482422,218.64999389648438,205.3000030517578,210.10000610351562,190510
2013-01-18,155.70010375976562,210.75,214.1999969482422,209.39999389648438,213.10000610351562,115443
2013-01-21,156.0695037841797,211.25,213.0,210.0,210.39999389648438,63835
2013-01-22,152.15390014648438,205.9499969482422,213.0,204.10000610351562,210.3000030517578,98809
2013-01-23,149.2726287841797,202.0500030517578,207.64999389648438,200.0,205.3000030517578,78239
2013-01-24,147.72119140625,199.9499969482422,203.64999389648438,197.1999969482422,202.10000610351562,119624
2013-01-25,147.75811767578125,200.0,201.14999389648438,194.10000610351562,198.0500030517578,167895
2013-01-28,149.23568725585938,202.0,204.60000610351562,201.10000610351562,201.25,150051
2013-01-29,150.75021362304688,204.0500030517578,206.8000030517578,201.3000030517578,203.9499969482422,150801
2013-01-30,149.78977966308594,202.75,206.75,198.0500030517578,204.8000030517578,140195
2013-01-31,149.3834228515625,202.1999969482422,204.25,199.3000030517578,200.5,78472
2013-02-01,149.01406860351562,201.6999969482422,209.89999389648438,200.0,204.9499969482422,129639
2013-02-04,143.84251403808594,194.6999969482422,198.0,186.35000610351562,197.0,509082
2013-02-05,140.92428588867188,190.75,192.89999389648438,188.4499969482422,190.6999969482422,144454
2013-02-06,140.33326721191406,189.9499969482422,193.5,186.14999389648438,191.35000610351562,271513
2013-02-07,138.1168975830078,186.9499969482422,191.89999389648438,186.5,189.4499969482422,58971
2013-02-08,136.0482635498047,184.14999389648438,194.8000030517578,182.1999969482422,194.8000030517578,102238
2013-02-11,142.51268005371094,192.89999389648438,196.85000610351562,185.3000030517578,193.8000030517578,331464
2013-02-12,141.3675537109375,191.35000610351562,195.0,189.0,194.9499969482422,99598
2013-02-13,140.00079345703125,189.5,193.9499969482422,187.5,193.0,66534
2013-02-14,138.30160522460938,187.1999969482422,193.9499969482422,185.25,193.9499969482422,72107
2013-02-15,137.0087127685547,185.4499969482422,188.75,185.0,188.75,28651
2013-02-18,136.0482635498047,184.14999389648438,188.25,184.14999389648438,188.25,63248
2013-02-19,136.60238647460938,184.89999389648438,185.5,181.0500030517578,184.14999389648438,330939
2013-02-20,137.15646362304688,185.64999389648438,189.5,184.0,185.3000030517578,231766
2013-02-21,135.64193725585938,183.60000610351562,186.89999389648438,179.60000610351562,185.0,127737
2013-02-22,136.9348602294922,185.35000610351562,186.8000030517578,182.10000610351562,182.60000610351562,75224
2013-02-25,136.71319580078125,185.0500030517578,186.8000030517578,183.85000610351562,186.8000030517578,91867
2013-02-26,131.76332092285156,178.35000610351562,184.89999389648438,177.5,184.89999389648438,59229
2013-02-27,132.68678283691406,179.60000610351562,181.5,176.3000030517578,179.0500030517578,262881
2013-02-28,130.80287170410156,177.0500030517578,183.0,171.0,180.4499969482422,81296
2013-03-01,129.1405792236328,174.8000030517578,178.5500030517578,174.0,178.5,81402
2013-03-04,127.77381134033203,172.9499969482422,178.6999969482422,172.1999969482422,175.0,64575
2013-03-05,129.17755126953125,174.85000610351562,178.35000610351562,170.3000030517578,175.1999969482422,298789
2013-03-06,128.14321899414062,173.4499969482422,176.0,172.3000030517578,173.8000030517578,258397
2013-03-07,126.33317565917969,171.0,174.0500030517578,169.9499969482422,169.9499969482422,99988
2013-03-08,127.77381134033203,172.9499969482422,173.35000610351562,170.0,171.85000610351562,284891
2013-03-11,130.2857208251953,176.35000610351562,177.60000610351562,172.5500030517578,172.9499969482422,174843
2013-03-12,131.80023193359375,178.39999389648438,181.0,175.5,176.0,178487
2013-03-13,130.72897338867188,176.9499969482422,178.0500030517578,175.25,177.64999389648438,234710
2013-03-14,131.0614776611328,177.39999389648438,178.0,171.5,176.0,77557
2013-03-15,131.1722412109375,177.5500030517578,180.0,176.89999389648438,178.35000610351562,154591
2013-03-18,131.209228515625,177.60000610351562,177.89999389648438,174.25,176.85000610351562,647816
2013-03-19,128.4018096923828,173.8000030517578,179.85000610351562,172.75,178.8000030517578,60899
2013-03-20,123.9321060180664,167.75,174.0,167.10000610351562,173.75,140634
2013-03-21,120.4228515625,163.0,171.8000030517578,160.5,168.0,216372
2013-03-22,118.02178192138672,159.75,163.10000610351562,155.0,163.0,543218
2013-03-25,123.9321060180664,167.75,169.39999389648438,160.5500030517578,164.75,267909
2013-03-26,123.59965515136719,167.3000030517578,168.5,161.0,167.0,385490
2013-03-28,130.13795471191406,176.14999389648438,180.0,161.0,164.0,784443
2013-04-01,131.3200225830078,177.75,180.9499969482422,172.39999389648438,176.0,81484
2013-04-02,131.209228515625,177.60000610351562,182.5,175.10000610351562,175.10000610351562,89619
2013-04-03,128.84507751464844,174.39999389648438,178.89999389648438,173.60000610351562,177.89999389648438,66873
2013-04-04,126.59175872802734,171.35000610351562,176.0500030517578,170.0,172.9499969482422,83465
2013-04-05,121.49411010742188,164.4499969482422,173.9499969482422,162.39999389648438,173.9499969482422,172681
2013-04-08,121.9743423461914,165.10000610351562,168.0,164.10000610351562,167.9499969482422,55837
2013-04-09,118.90834045410156,160.9499969482422,166.5,160.10000610351562,165.1999969482422,138206
2013-04-10,118.1695327758789,159.9499969482422,164.0,157.10000610351562,161.8000030517578,272489
2013-04-11,118.57588958740234,160.5,163.0,159.4499969482422,161.0,49331
2013-04-12,116.61807250976562,157.85000610351562,161.5,156.5,160.0,146848
2013-04-15,115.3251953125,156.10000610351562,163.0,153.5,158.0,401266
2013-04-16,118.94529724121094,161.0,161.75,156.3000030517578,156.3000030517578,146527
2013-04-17,120.57062530517578,163.1999969482422,165.39999389648438,161.9499969482422,162.0,258893
2013-04-18,121.3463363647461,164.25,166.0,162.0,163.4499969482422,239450
2013-04-22,124.04292297363281,167.89999389648438,172.60000610351562,163.0,163.0,221885
2013-04-23,121.7527084350586,164.8000030517578,172.0,164.5,167.9499969482422,74054
2013-04-25,120.45979309082031,163.0500030517578,167.4499969482422,162.1999969482422,165.5,133048
2013-04-26,120.31204986572266,162.85000610351562,164.8000030517578,162.10000610351562,162.10000610351562,223848
2013-04-29,121.82656860351562,164.89999389648438,165.64999389648438,163.0500030517578,163.0500030517578,35488
2013-04-30,126.33317565917969,171.0,174.14999389648438,162.10000610351562,164.39999389648438,163262
2013-05-02,124.00598907470703,167.85000610351562,172.39999389648438,167.10000610351562,171.0,122096
2013-05-03,120.57062530517578,163.1999969482422,168.35000610351562,162.5,168.0,99376
2013-05-06,120.20123291015625,162.6999969482422,164.0,162.0,163.4499969482422,47771
2013-05-07,120.23817443847656,162.75,164.60000610351562,162.10000610351562,162.85000610351562,62528
2013-05-08,115.06664276123047,155.75,164.5,151.85000610351562,162.9499969482422,304104
2013-05-09,118.0587387084961,159.8000030517578,162.25,151.0,157.5,1877715
2013-05-10,118.4281234741211,160.3000030517578,162.5500030517578,157.14999389648438,159.0,391289
2013-05-13,118.6497573852539,160.60000610351562,163.0500030517578,159.60000610351562,161.0500030517578,89395
2013-05-14,117.28298950195312,158.75,162.4499969482422,157.5500030517578,160.39999389648438,76800
2013-05-15,118.6497573852539,160.60000610351562,163.0,159.0,160.1999969482422,309705
2013-05-16,116.655029296875,157.89999389648438,164.0,157.5,161.0500030517578,235847
2013-05-17,118.68669891357422,160.64999389648438,161.0,158.0,159.0,136862
2013-05-20,117.17218017578125,158.60000610351562,162.64999389648438,157.39999389648438,161.0500030517578,208710
2013-05-21,115.3990707397461,156.1999969482422,160.25,156.0,158.1999969482422,98519
2013-05-22,115.3251953125,156.10000610351562,157.85000610351562,154.60000610351562,156.0,111788
2013-05-23,112.92412567138672,152.85000610351562,156.0,151.0500030517578,155.0,223187
2013-05-24,113.44129943847656,153.5500030517578,156.85000610351562,152.75,156.85000610351562,38682
2013-05-27,111.48347473144531,150.89999389648438,156.35000610351562,150.5,156.35000610351562,176054
2013-05-28,110.59693908691406,149.6999969482422,152.8000030517578,149.14999389648438,151.5500030517578,98223
2013-05-29,109.59959411621094,148.35000610351562,151.9499969482422,147.5,150.5500030517578,105558
2013-05-30,108.26976776123047,146.5500030517578,150.0,145.0,147.5,195518
2013-05-31,105.5362319946289,142.85000610351562,147.25,142.5,145.0500030517578,133033
2013-06-03,106.27500915527344,143.85000610351562,144.75,141.1999969482422,143.35000610351562,88448
2013-06-04,104.6496810913086,141.64999389648438,145.4499969482422,141.5,143.10000610351562,254063
2013-06-05,104.021728515625,140.8000030517578,142.14999389648438,140.5,141.0,90717
2013-06-06,104.90826416015625,142.0,142.8000030517578,140.0,140.60000610351562,267654
2013-06-07,105.1298828125,142.3000030517578,147.0,141.5500030517578,147.0,101436
2013-06-10,102.50718688964844,138.75,144.75,138.5,142.5,135356
2013-06-11,97.74198913574219,132.3000030517578,139.4499969482422,130.89999389648438,138.5,414412
2013-06-12,95.48867797851562,129.25,133.89999389648438,128.5,130.1999969482422,249356
2013-06-13,94.26966857910156,127.5999984741211,131.25,127.0,129.0,225328
2013-06-14,96.04276275634766,130.0,131.0,128.25,129.10000610351562,139037
2013-06-17,96.1905288696289,130.1999969482422,131.89999389648438,128.64999389648438,131.10000610351562,93017
2013-06-18,95.59949493408203,129.39999389648438,131.5,129.0,130.5,150034
2013-06-19,95.48867797851562,129.25,130.0,129.0500030517578,129.5500030517578,148976
2013-06-20,95.41478729248047,129.14999389648438,131.6999969482422,127.44999694824219,129.35000610351562,277452
2013-06-21,90.94512176513672,123.0999984741211,132.5,110.0999984741211,129.8000030517578,531684
2013-06-24,88.64221954345703,113.55000305175781,118.4000015258789,111.5,118.4000015258789,587819
2013-06-25,87.15899658203125,111.6500015258789,114.5,110.55000305175781,113.0999984741211,247057
2013-06-26,86.80768585205078,111.19999694824219,112.94999694824219,111.0,111.80000305175781,66987
2013-06-27,86.22222137451172,110.44999694824219,112.5,110.1500015258789,112.0999984741211,88276
2013-06-28,89.73512268066406,114.94999694824219,115.44999694824219,111.5,114.44999694824219,96188
2013-07-01,92.54545593261719,118.55000305175781,120.80000305175781,114.0,115.0,191946
2013-07-02,90.63285827636719,116.0999984741211,119.3499984741211,115.25,118.5,100246
2013-07-03,87.82254028320312,112.5,116.0,111.5,115.0,68464
2013-07-04,84.93415832519531,108.80000305175781,114.6500015258789,107.44999694824219,114.6500015258789,452200
2013-07-05,84.42674255371094,108.1500015258789,111.80000305175781,107.6500015258789,109.0999984741211,169391
2013-07-08,83.76319122314453,107.30000305175781,108.30000305175781,105.5,108.30000305175781,78897
2013-07-09,84.15352630615234,107.80000305175781,110.5,107.19999694824219,107.5,257957
2013-07-10,84.15352630615234,107.80000305175781,109.3499984741211,107.0,107.0,97964
2013-07-11,84.15352630615234,107.80000305175781,110.0,107.1500015258789,110.0,111831
2013-07-12,83.56803131103516,107.05000305175781,108.5,106.30000305175781,107.0,162497
2013-07-15,85.90997314453125,110.05000305175781,110.5,106.1500015258789,106.25,144233
2013-07-16,83.80220794677734,107.3499984741211,109.5,106.0,109.5,139826
2013-07-17,83.21673583984375,106.5999984741211,108.3499984741211,105.3499984741211,107.55000305175781,133386
2013-07-18,84.2706069946289,107.94999694824219,108.9000015258789,105.69999694824219,107.0,84601
2013-07-19,83.64611053466797,107.1500015258789,110.0,106.4000015258789,108.0,90945
2013-07-22,83.9583511352539,107.55000305175781,108.4000015258789,106.0,108.0999984741211,36874
2013-07-23,83.06060028076172,106.4000015258789,109.0,106.05000305175781,109.0,60096
2013-07-24,80.95287322998047,103.69999694824219,106.0,102.0,106.0,122481
2013-07-25,77.28384399414062,99.0,102.94999694824219,98.5,102.94999694824219,216807
2013-07-26,75.17609405517578,96.30000305175781,101.0,95.6500015258789,99.5,164019
2013-07-29,69.71158599853516,89.30000305175781,99.75,88.19999694824219,99.75,1589174
2013-07-30,67.17450714111328,86.05000305175781,89.94999694824219,85.5,89.30000305175781,303116
2013-07-31,63.23223114013672,81.0,86.05000305175781,77.5,86.05000305175781,562355
2013-08-01,59.172874450683594,75.80000305175781,83.5,74.5999984741211,83.0,500752
2013-08-02,55.07448959350586,70.55000305175781,77.4000015258789,69.30000305175781,76.5,593485
2013-08-05,54.80125427246094,70.19999694824219,71.5999984741211,69.0999984741211,70.0,504738
2013-08-06,54.13772201538086,69.3499984741211,71.75,68.5,71.75,735044
2013-08-07,56.011260986328125,71.75,72.8499984741211,69.1500015258789,70.0,325234
2013-08-08,56.08932113647461,71.8499984741211,74.44999694824219,70.5,74.44999694824219,233092
2013-08-12,54.84029769897461,70.25,73.0,70.0,73.0,537653
2013-08-13,55.11351776123047,70.5999984741211,71.6500015258789,69.30000305175781,70.0,393772
2013-08-14,55.85514450073242,71.55000305175781,73.4000015258789,70.5999984741211,70.80000305175781,731562
2013-08-16,54.449981689453125,69.75,71.5,69.44999694824219,71.5,232055
2013-08-19,54.60609817504883,69.94999694824219,70.9000015258789,68.19999694824219,69.19999694824219,286247
2013-08-20,54.371910095214844,69.6500015258789,70.5,67.5999984741211,68.25,288381
2013-08-21,52.53739547729492,67.30000305175781,72.5,67.0,71.9000015258789,795215
2013-08-22,52.34224319458008,67.05000305175781,68.4000015258789,66.19999694824219,67.30000305175781,449117
2013-08-23,52.77157974243164,67.5999984741211,68.25,66.5999984741211,67.4000015258789,275295
2013-08-26,53.786434173583984,68.9000015258789,69.9000015258789,67.80000305175781,68.9000015258789,274106
2013-08-27,52.069007873535156,66.69999694824219,68.9000015258789,66.5,68.19999694824219,361249
2013-08-28,48.94642639160156,62.70000076293945,66.44999694824219,59.95000076293945,66.44999694824219,651654
2013-08-29,49.1415901184082,62.95000076293945,64.0,62.099998474121094,63.0,289142
2013-08-30,49.72706985473633,63.70000076293945,64.80000305175781,62.54999923706055,63.650001525878906,323499
2013-09-02,50.35158920288086,64.5,64.9000015258789,64.0,64.3499984741211,275708
2013-09-03,49.336753845214844,63.20000076293945,65.0,62.5,65.0,231553
2013-09-04,48.39998245239258,62.0,63.29999923706055,61.5,63.29999923706055,448210
2013-09-05,50.663848876953125,64.9000015258789,65.1500015258789,63.20000076293945,63.20000076293945,1118705
2013-09-06,53.51319885253906,68.55000305175781,68.9000015258789,64.4000015258789,65.8499984741211,570605
2013-09-10,53.5522346496582,68.5999984741211,70.80000305175781,67.69999694824219,70.0,492489
2013-09-11,54.996429443359375,70.44999694824219,70.94999694824219,67.25,68.5,2219549
2013-09-12,55.699012756347656,71.3499984741211,73.80000305175781,70.69999694824219,72.5,963360
2013-09-13,56.948028564453125,72.94999694824219,73.55000305175781,70.6500015258789,71.0,759872
2013-09-16,58.70448684692383,75.19999694824219,75.75,74.0,74.05000305175781,1090323
2013-09-17,58.00191879272461,74.30000305175781,75.80000305175781,73.5999984741211,75.80000305175781,534012
2013-09-18,57.10417175292969,73.1500015258789,74.94999694824219,72.55000305175781,74.69999694824219,450632
2013-09-19,64.40319061279297,82.5,87.75,75.0999984741211,75.0999984741211,3046829
2013-09-20,58.626426696777344,75.0999984741211,83.69999694824219,74.80000305175781,83.30000305175781,1891130
2013-09-23,57.26029586791992,73.3499984741211,75.4000015258789,73.0999984741211,74.5,558822
2013-09-24,55.11351776123047,70.5999984741211,72.9000015258789,69.5,71.9000015258789,1000727
2013-09-25,54.56707763671875,69.9000015258789,71.80000305175781,69.19999694824219,70.5,550392
2013-09-26,54.41094207763672,69.69999694824219,70.80000305175781,69.0999984741211,69.9000015258789,372306
2013-09-27,54.41094207763672,69.69999694824219,71.0,69.4000015258789,69.75,359353
2013-09-30,52.61546325683594,67.4000015258789,69.5999984741211,67.0999984741211,69.44999694824219,379700
2013-10-01,53.27901077270508,68.25,68.75,67.0999984741211,67.0999984741211,332558
2013-10-03,54.762237548828125,70.1500015258789,77.0,68.5,68.5,497153
2013-10-04,55.308685302734375,70.8499984741211,71.9000015258789,70.05000305175781,70.5,310065
2013-10-07,55.699012756347656,71.3499984741211,71.9000015258789,70.0999984741211,70.0999984741211,306829
2013-10-08,56.128360748291016,71.9000015258789,74.3499984741211,71.5999984741211,73.19999694824219,531277
2013-10-09,56.40159225463867,72.25,72.44999694824219,70.69999694824219,71.0,367394
2013-10-10,56.596744537353516,72.5,73.30000305175781,72.1500015258789,72.25,281327
2013-10-11,57.10417175292969,73.1500015258789,74.25,72.5,73.44999694824219,380721
2013-10-14,59.836429595947266,76.6500015258789,77.69999694824219,73.0,73.0,983686
2013-10-15,57.61157989501953,73.80000305175781,77.9000015258789,73.1500015258789,76.05000305175781,534956
2013-10-17,56.40159225463867,72.25,73.9000015258789,71.5999984741211,73.55000305175781,496982
2013-10-18,56.948028564453125,72.94999694824219,73.69999694824219,72.4000015258789,72.4000015258789,475367
2013-10-21,57.84577560424805,74.0999984741211,75.30000305175781,73.0,73.0,421378
2013-10-22,57.8067512512207,74.05000305175781,75.19999694824219,73.30000305175781,74.44999694824219,413045
2013-10-23,58.47028732299805,74.9000015258789,75.8499984741211,74.0999984741211,74.6500015258789,470804
2013-10-24,59.016754150390625,75.5999984741211,76.3499984741211,74.80000305175781,74.9000015258789,471338
2013-10-25,58.07997512817383,74.4000015258789,75.9000015258789,74.0,75.9000015258789,165197
2013-10-28,56.752872467041016,72.69999694824219,74.8499984741211,71.9000015258789,74.8499984741211,198673
2013-10-29,57.53352737426758,73.69999694824219,74.3499984741211,71.4000015258789,72.0,370830
2013-10-30,57.37739944458008,73.5,75.0,73.0999984741211,74.30000305175781,215955
2013-10-31,65.53512573242188,83.94999694824219,87.8499984741211,73.19999694824219,73.19999694824219,2308638
2013-11-01,73.0293197631836,93.55000305175781,96.0,82.5,83.0,3895004
2013-11-05,87.51028442382812,112.0999984741211,116.5,107.3499984741211,109.0,5081280
2013-11-06,80.56253814697266,103.19999694824219,115.5999984741211,102.0999984741211,113.0,2623600
2013-11-07,77.9473876953125,99.8499984741211,107.0,98.30000305175781,102.9000015258789,2194995
2013-11-08,74.66868591308594,95.6500015258789,100.44999694824219,93.0999984741211,100.44999694824219,2595507
2013-11-11,71.70223236083984,91.8499984741211,94.4000015258789,90.44999694824219,93.0,1115375
2013-11-12,71.19479370117188,91.19999694824219,94.0,90.19999694824219,91.80000305175781,788822
2013-11-13,71.74125671386719,91.9000015258789,94.0,89.0999984741211,90.9000015258789,848496
2013-11-14,74.55157470703125,95.5,98.19999694824219,93.0,93.0,940108
2013-11-18,81.57738494873047,104.5,105.05000305175781,97.3499984741211,97.3499984741211,2141752
2013-11-19,83.2947998046875,106.69999694824219,108.3499984741211,102.5,105.0,2409723
2013-11-20,84.81704711914062,108.6500015258789,112.25,103.1500015258789,105.80000305175781,2067635
2013-11-21,82.00674438476562,105.05000305175781,108.0,104.5,108.0,790540
2013-11-22,79.27449035644531,101.55000305175781,108.5,100.4000015258789,105.94999694824219,723488
2013-11-25,79.74287414550781,102.1500015258789,104.69999694824219,101.0999984741211,102.25,515190
2013-11-26,78.72803497314453,100.8499984741211,104.5,100.0,101.75,438101
2013-11-27,78.10350036621094,100.05000305175781,102.25,98.6500015258789,100.80000305175781,301726
2013-11-28,78.33770751953125,100.3499984741211,102.30000305175781,100.0,101.5,202284
2013-11-29,78.92317962646484,101.0999984741211,102.94999694824219,99.9000015258789,100.19999694824219,409959
2013-12-02,80.36737060546875,102.94999694824219,104.69999694824219,100.0,100.0,470945
2013-12-03,79.78190612792969,102.19999694824219,104.9000015258789,101.75,103.0,495220
2013-12-04,77.51803588867188,99.30000305175781,102.5,98.5,101.94999694824219,435093
2013-12-05,79.85997009277344,102.30000305175781,103.9000015258789,101.5,101.9000015258789,468139
2013-12-06,81.5383529663086,104.44999694824219,105.80000305175781,101.80000305175781,102.75,593863
2013-12-09,84.66092681884766,108.44999694824219,110.8499984741211,105.80000305175781,108.0,1284294
2013-12-10,85.59770202636719,109.6500015258789,110.0,106.44999694824219,108.75,859429
2013-12-11,86.37834930419922,110.6500015258789,111.5,107.0999984741211,109.25,651993
2013-12-12,84.19254302978516,107.8499984741211,110.44999694824219,107.1500015258789,109.4000015258789,357089
2013-12-13,81.38221740722656,104.25,107.05000305175781,104.0,107.0,212614
2013-12-16,81.30415344238281,104.1500015258789,107.44999694824219,103.69999694824219,104.0,280422
2013-12-17,81.1089859008789,103.9000015258789,106.0,102.5,105.9000015258789,248489
2013-12-18,83.02157592773438,106.3499984741211,107.5,103.8499984741211,104.0999984741211,426945
2013-12-19,81.46028137207031,104.3499984741211,107.94999694824219,104.1500015258789,107.8499984741211,231700
2013-12-20,83.13866424560547,106.5,107.44999694824219,104.0,104.0,257336
2013-12-23,83.9193115234375,107.5,109.25,107.0999984741211,107.0999984741211,241631
2013-12-24,83.56803131103516,107.05000305175781,108.69999694824219,106.25,107.94999694824219,250664
2013-12-26,88.56415557861328,113.44999694824219,114.69999694824219,106.9000015258789,107.05000305175781,1790131
2013-12-27,88.72028350830078,113.6500015258789,115.4000015258789,113.0999984741211,115.3499984741211,495253
2013-12-30,90.55480194091797,116.0,116.75,112.25,113.0,841336
2013-12-31,90.6718978881836,116.1500015258789,118.9000015258789,115.25,117.0,590407
2014-01-01,90.90608215332031,116.44999694824219,117.25,115.3499984741211,116.30000305175781,214297
2014-01-02,91.37447357177734,117.05000305175781,122.69999694824219,116.0,116.4000015258789,1426752
2014-01-03,89.42285919189453,114.55000305175781,117.8499984741211,112.44999694824219,117.8499984741211,350768
2014-01-06,88.56415557861328,113.44999694824219,115.6500015258789,113.0,114.8499984741211,134975
2014-01-07,86.69061279296875,111.05000305175781,115.5,106.4000015258789,114.6500015258789,345289
2014-01-08,87.11995697021484,111.5999984741211,113.80000305175781,110.5,112.44999694824219,306782
2014-01-09,86.53447723388672,110.8499984741211,115.19999694824219,110.0999984741211,112.0,361822
2014-01-10,84.30963897705078,108.0,111.9000015258789,107.55000305175781,110.05000305175781,330127
2014-01-13,85.5196304321289,109.55000305175781,110.69999694824219,108.0999984741211,108.0999984741211,694507
2014-01-14,83.76319122314453,107.30000305175781,109.19999694824219,106.3499984741211,108.80000305175781,147964
2014-01-15,84.77801513671875,108.5999984741211,109.19999694824219,107.55000305175781,108.94999694824219,170431
2014-01-16,84.1144790649414,107.75,109.94999694824219,107.4000015258789,109.4000015258789,154447
2014-01-17,83.68511962890625,107.19999694824219,109.5,106.75,107.4000015258789,169382
2014-01-20,85.81339263916016,106.8499984741211,107.44999694824219,105.0,106.0,128658
2014-01-21,86.0141830444336,107.0999984741211,107.75,106.44999694824219,106.44999694824219,150595
2014-01-22,85.73308563232422,106.75,107.3499984741211,105.55000305175781,106.9000015258789,108525
2014-01-23,87.54010772705078,109.0,115.0,106.0999984741211,106.80000305175781,1675363
2014-01-24,86.13465118408203,107.25,108.9000015258789,105.0,108.80000305175781,346349
2014-01-27,81.31592559814453,101.25,105.0,100.0,105.0,430694
2014-01-28,78.62547302246094,97.9000015258789,104.30000305175781,97.0999984741211,100.0,417766
2014-01-29,78.14359283447266,97.30000305175781,99.9000015258789,96.55000305175781,98.0999984741211,192913
2014-01-30,74.20832061767578,92.4000015258789,96.0,89.55000305175781,96.0,329981
2014-01-31,79.99076080322266,99.5999984741211,103.9000015258789,92.55000305175781,93.5,1460540
2014-02-03,79.5490493774414,99.05000305175781,100.80000305175781,98.05000305175781,99.6500015258789,226854
2014-02-04,77.90265655517578,97.0,100.4000015258789,95.9000015258789,96.0,365313
2014-02-05,78.6656265258789,97.94999694824219,98.9000015258789,96.44999694824219,96.6500015258789,141304
2014-02-06,78.14359283447266,97.30000305175781,100.0999984741211,96.9000015258789,98.1500015258789,198974
2014-02-07,78.50498962402344,97.75,98.94999694824219,97.30000305175781,97.5,651371
2014-02-10,77.05937194824219,95.94999694824219,98.9000015258789,95.4000015258789,98.0,91817
2014-02-11,77.05937194824219,95.94999694824219,97.9000015258789,95.0999984741211,96.9000015258789,202901
2014-02-12,76.93891906738281,95.80000305175781,97.0,94.6500015258789,96.75,208052
2014-02-13,76.05547332763672,94.69999694824219,96.6500015258789,93.75,95.8499984741211,190941
2014-02-14,74.56969451904297,92.8499984741211,95.0,92.25,93.80000305175781,152479
2014-02-17,72.80284881591797,90.6500015258789,93.5,90.0999984741211,93.05000305175781,223665
2014-02-18,73.44534301757812,91.44999694824219,92.4000015258789,90.05000305175781,90.19999694824219,223457
2014-02-19,72.08004760742188,89.75,92.9000015258789,89.30000305175781,91.44999694824219,292391
2014-02-20,69.8714599609375,87.0,89.69999694824219,86.80000305175781,89.5,248727
2014-02-21,71.91941833496094,89.55000305175781,90.5999984741211,87.3499984741211,87.3499984741211,471217
2014-02-24,71.15644073486328,88.5999984741211,90.44999694824219,87.80000305175781,90.44999694824219,255100
2014-02-25,69.75098419189453,86.8499984741211,89.80000305175781,86.5,89.0,189374
2014-02-26,69.6706771850586,86.75,88.19999694824219,86.5,86.8499984741211,194690
2014-02-28,70.75489044189453,88.0999984741211,88.75,86.55000305175781,87.05000305175781,391883
2014-03-03,72.682373046875,90.5,91.0,87.19999694824219,87.5,745752
2014-03-04,74.36893463134766,92.5999984741211,93.0,90.5,90.5,230238
2014-03-05,78.70578002929688,98.0,104.0,93.9000015258789,93.9000015258789,1784245
2014-03-06,81.99857330322266,102.0999984741211,102.94999694824219,98.55000305175781,98.55000305175781,1359745
2014-03-07,85.85354614257812,106.9000015258789,108.9000015258789,102.30000305175781,102.30000305175781,898457
2014-03-10,85.77323913574219,106.80000305175781,108.94999694824219,104.6500015258789,106.30000305175781,847500
2014-03-11,84.97012329101562,105.80000305175781,108.30000305175781,105.0,107.5,410118
2014-03-12,82.44027709960938,102.6500015258789,105.0,102.0,104.9000015258789,173090
2014-03-13,84.56855773925781,105.30000305175781,106.19999694824219,102.94999694824219,102.94999694824219,332413
2014-03-14,84.80948638916016,105.5999984741211,106.4000015258789,102.5999984741211,104.9000015258789,272131
2014-03-18,85.09058380126953,105.94999694824219,108.8499984741211,105.1500015258789,105.5,313761
2014-03-19,86.45589447021484,107.6500015258789,108.4000015258789,106.19999694824219,107.44999694824219,118593
2014-03-20,85.77323913574219,106.80000305175781,108.80000305175781,106.0999984741211,106.25,347821
2014-03-21,87.01808166503906,108.3499984741211,109.94999694824219,106.80000305175781,107.25,183295
2014-03-24,87.98182678222656,109.55000305175781,109.8499984741211,107.80000305175781,108.80000305175781,123339
2014-03-25,85.33151245117188,106.25,110.0,105.75,109.9000015258789,270840
2014-03-26,85.1307373046875,106.0,109.3499984741211,105.55000305175781,106.5999984741211,337767
2014-03-27,87.82118225097656,109.3499984741211,110.69999694824219,106.05000305175781,106.05000305175781,780471
2014-03-28,90.47150421142578,112.6500015258789,114.0,110.5,110.9000015258789,539763
2014-03-31,92.23834991455078,114.8499984741211,116.0,113.69999694824219,113.69999694824219,485472
2014-04-01,90.6722640991211,112.9000015258789,116.6500015258789,112.55000305175781,115.25,339859
2014-04-02,93.44303894042969,116.3499984741211,116.75,113.3499984741211,114.55000305175781,258123
2014-04-03,93.0013198852539,115.80000305175781,117.44999694824219,114.0,117.0,161197
2014-04-04,93.16194152832031,116.0,117.5,114.0,115.80000305175781,262185
2014-04-07,94.5272445678711,117.69999694824219,118.44999694824219,115.0,117.25,323827
2014-04-09,103.76313018798828,129.1999969482422,133.89999389648438,118.0,118.0,1276114
2014-04-10,106.85514831542969,133.0500030517578,134.5,128.8000030517578,128.8000030517578,680613
2014-04-11,104.4056167602539,130.0,132.0,128.35000610351562,131.14999389648438,420601
2014-04-15,104.52609252929688,130.14999389648438,136.1999969482422,129.5,130.25,1035373
2014-04-16,104.4859390258789,130.10000610351562,133.85000610351562,128.0,130.39999389648438,892805
2014-04-17,105.57015991210938,131.4499969482422,133.0,129.14999389648438,129.14999389648438,263074
2014-04-21,105.5300064086914,131.39999389648438,133.9499969482422,130.35000610351562,132.3000030517578,148712
2014-04-22,104.72686767578125,130.39999389648438,132.5,130.0,131.4499969482422,96704
2014-04-23,105.1685791015625,130.9499969482422,134.39999389648438,130.0500030517578,130.0500030517578,177712
2014-04-24,105.1685791015625,130.9499969482422,130.9499969482422,130.9499969482422,130.9499969482422,0
2014-04-25,106.29296875,132.35000610351562,134.0,130.60000610351562,130.89999389648438,207535
2014-04-28,104.08438873291016,129.60000610351562,133.1999969482422,129.0,133.0,195727
2014-04-29,104.04422760009766,129.5500030517578,132.14999389648438,128.6999969482422,130.0,288764
2014-04-30,103.84344482421875,129.3000030517578,134.60000610351562,127.1500015258789,129.0500030517578,685050
2014-05-02,102.1970443725586,127.25,130.8000030517578,126.1500015258789,128.9499969482422,261908
2014-05-05,102.07658386230469,127.0999984741211,129.0,126.0999984741211,128.0,130463
2014-05-06,100.83174896240234,125.55000305175781,129.1999969482422,125.05000305175781,128.0,113463
2014-05-07,97.82003784179688,121.80000305175781,126.75,120.0999984741211,125.55000305175781,346556
2014-05-08,93.84459686279297,116.8499984741211,122.5,116.30000305175781,122.5,187682
2014-05-09,98.7837905883789,123.0,127.1500015258789,114.5,116.19999694824219,492852
2014-05-12,97.57910919189453,121.5,126.9000015258789,118.30000305175781,124.4000015258789,1073223
2014-05-13,99.7876968383789,124.25,127.8499984741211,123.0,123.0,649850
2014-05-14,111.63371276855469,139.0,143.0500030517578,125.1500015258789,126.0,2111894
2014-05-15,111.23213195800781,138.5,145.0,135.3000030517578,141.14999389648438,981520
2014-05-16,118.13899230957031,147.10000610351562,165.0,141.39999389648438,141.39999389648438,1830047
2014-05-19,134.5627899169922,167.5500030517578,169.89999389648438,150.0,150.0,1411456
2014-05-20,136.12887573242188,169.5,179.5,167.60000610351562,171.0,763075
2014-05-21,136.53042602539062,170.0,174.6999969482422,167.3000030517578,170.8000030517578,367757
2014-05-22,135.60682678222656,168.85000610351562,174.5,168.0,170.0,465141
2014-05-23,140.9877471923828,175.5500030517578,178.39999389648438,165.75,172.60000610351562,1001806
2014-05-26,140.586181640625,175.0500030517578,199.1999969482422,168.0,179.0,2307132
2014-05-27,135.04466247558594,168.14999389648438,179.0,167.0500030517578,178.0,427690
2014-05-28,134.44232177734375,167.39999389648438,171.39999389648438,160.8000030517578,168.1999969482422,609377
2014-05-29,132.4746856689453,164.9499969482422,171.89999389648438,161.5500030517578,168.35000610351562,740133
2014-05-30,137.1729278564453,170.8000030517578,175.0,161.10000610351562,168.8000030517578,783953
2014-06-02,140.9074249267578,175.4499969482422,177.0,168.35000610351562,171.0,690447
2014-06-03,138.65870666503906,172.64999389648438,176.5,170.25,176.1999969482422,446365
2014-06-04,140.38539123535156,174.8000030517578,177.64999389648438,170.0,170.89999389648438,601049
2014-06-05,143.71836853027344,178.9499969482422,179.9499969482422,172.3000030517578,175.0,805764
2014-06-06,148.7780303955078,185.25,195.0,180.0,180.0,742693
2014-06-09,147.533203125,183.6999969482422,190.0,181.35000610351562,188.3000030517578,388508
2014-06-10,148.81817626953125,185.3000030517578,186.6999969482422,183.0500030517578,183.6999969482422,461702
2014-06-11,143.79867553710938,179.0500030517578,187.6999969482422,177.5,186.4499969482422,344740
2014-06-12,140.66647338867188,175.14999389648438,180.64999389648438,173.9499969482422,178.9499969482422,1016491
2014-06-13,139.22091674804688,173.35000610351562,187.4499969482422,170.0,174.89999389648438,1240266
2014-06-16,136.61077880859375,170.10000610351562,174.0,164.1999969482422,174.0,506916
2014-06-17,140.82713317871094,175.35000610351562,176.89999389648438,168.6999969482422,168.6999969482422,371728
2014-06-18,142.15228271484375,177.0,179.89999389648438,172.10000610351562,177.89999389648438,406345
2014-06-19,137.05245971679688,170.64999389648438,179.85000610351562,170.0,177.0,205789
2014-06-20,132.39437866210938,164.85000610351562,173.39999389648438,163.5,168.89999389648438,297957
2014-06-23,147.28517150878906,181.5,185.0,164.0,164.0,973927
2014-06-24,145.41876220703125,179.1999969482422,182.5,175.0500030517578,181.0,373732
2014-06-25,144.97242736816406,178.64999389648438,181.39999389648438,176.10000610351562,179.1999969482422,258135
2014-06-26,143.99867248535156,177.4499969482422,180.60000610351562,176.1999969482422,177.14999389648438,245221
2014-06-27,145.378173828125,179.14999389648438,180.64999389648438,175.60000610351562,175.6999969482422,318170
2014-06-30,149.19219970703125,183.85000610351562,185.6999969482422,177.5500030517578,177.5500030517578,724157
2014-07-01,145.0941619873047,178.8000030517578,188.89999389648438,176.64999389648438,185.6999969482422,561676
2014-07-02,148.0155029296875,182.39999389648438,184.0,180.60000610351562,180.60000610351562,437741
2014-07-03,146.14910888671875,180.10000610351562,184.39999389648438,178.5,182.0,260620
2014-07-04,150.93687438964844,186.0,188.0,180.3000030517578,181.85000610351562,751117
2014-07-07,147.893798828125,182.25,186.3000030517578,180.64999389648438,183.25,297536
2014-07-08,140.8744354248047,173.60000610351562,183.8000030517578,171.10000610351562,182.10000610351562,489251
2014-07-09,138.3182373046875,170.4499969482422,174.6999969482422,168.39999389648438,173.0,275487
2014-07-10,136.5735321044922,168.3000030517578,175.39999389648438,155.3000030517578,170.10000610351562,814863
2014-07-11,130.52793884277344,160.85000610351562,174.89999389648438,159.0,169.0,421893
2014-07-14,126.75450134277344,156.1999969482422,160.6999969482422,149.5500030517578,159.10000610351562,583541
2014-07-15,128.8238067626953,158.75,163.5,156.5,157.5,484825
2014-07-16,129.43243408203125,159.5,162.89999389648438,158.14999389648438,161.0,406200
2014-07-17,130.041015625,160.25,161.0,156.25,158.10000610351562,435651
2014-07-18,128.90496826171875,158.85000610351562,160.60000610351562,156.6999969482422,159.85000610351562,219068
2014-07-21,131.0148468017578,161.4499969482422,164.5,159.5500030517578,161.39999389648438,185751
2014-07-22,131.17710876464844,161.64999389648438,162.75,160.3000030517578,161.5,150503
2014-07-23,130.52793884277344,160.85000610351562,164.0,159.5,160.0,161050
2014-07-24,130.3656463623047,160.64999389648438,162.89999389648438,159.5500030517578,160.85000610351562,118726
2014-07-25,127.97174072265625,157.6999969482422,162.39999389648438,147.64999389648438,159.14999389648438,1013297
2014-07-28,121.56096649169922,149.8000030517578,159.5,147.5,157.0,330569
2014-07-30,122.69708251953125,151.1999969482422,152.4499969482422,149.8000030517578,149.8000030517578,353554
2014-07-31,120.58722686767578,148.60000610351562,153.5500030517578,148.0,151.0,193845
2014-08-01,118.84249877929688,146.4499969482422,152.9499969482422,145.10000610351562,147.0,275370
2014-08-04,125.172119140625,154.25,156.89999389648438,146.5,147.0,404652
2014-08-05,123.67086029052734,152.39999389648438,158.0,152.0,155.0,367999
2014-08-06,120.2625961303711,148.1999969482422,152.85000610351562,147.60000610351562,152.0,182597
2014-08-07,117.70641326904297,145.0500030517578,152.0,144.3000030517578,148.14999389648438,217001
2014-08-08,113.73011016845703,140.14999389648438,144.0,138.8000030517578,142.1999969482422,174644
2014-08-11,115.02851104736328,141.75,142.9499969482422,140.1999969482422,140.1999969482422,656582
2014-08-12,111.7013931274414,137.64999389648438,142.5,136.6999969482422,141.89999389648438,241506
2014-08-13,108.37429809570312,133.5500030517578,139.60000610351562,131.6999969482422,137.0,226740
2014-08-14,110.24073028564453,135.85000610351562,137.75,131.85000610351562,132.39999389648438,293911
2014-08-18,114.90679931640625,141.60000610351562,142.0,134.0,134.0500030517578,180938
2014-08-19,118.68020629882812,146.25,147.5,140.64999389648438,140.64999389648438,312082
2014-08-20,116.93550872802734,144.10000610351562,149.8000030517578,142.1999969482422,146.25,174312
2014-08-21,124.19833374023438,153.0500030517578,154.1999969482422,142.75,142.75,812521
2014-08-22,124.4417724609375,153.35000610351562,157.6999969482422,151.5,154.0,405431
2014-08-25,118.07157897949219,145.5,155.35000610351562,143.0,153.4499969482422,312694
2014-08-26,117.54412078857422,144.85000610351562,149.5,142.6999969482422,145.0,353312
2014-08-27,117.21952819824219,144.4499969482422,148.0,143.3000030517578,146.0,124526
2014-08-28,110.68704986572266,136.39999389648438,147.3000030517578,135.5500030517578,145.89999389648438,415038
2014-09-01,114.6633529663086,141.3000030517578,142.0,138.0,138.0500030517578,323835
2014-09-02,117.94987487792969,145.35000610351562,146.5,142.0,142.0,406380
2014-09-03,120.87122344970703,148.9499969482422,149.5,145.39999389648438,145.39999389648438,314725
2014-09-04,117.54412078857422,144.85000610351562,148.0,143.10000610351562,148.0,279069
2014-09-05,118.63963317871094,146.1999969482422,147.0,143.0500030517578,143.0500030517578,221655
2014-09-08,116.69206237792969,143.8000030517578,147.75,141.5500030517578,147.75,1277256
2014-09-09,117.78756713867188,145.14999389648438,145.8000030517578,143.5500030517578,143.5500030517578,93746
2014-09-10,117.6252670288086,144.9499969482422,146.60000610351562,143.14999389648438,143.85000610351562,141089
2014-09-11,123.67086029052734,152.39999389648438,154.0,145.0,145.0,994125
2014-09-12,126.6733627319336,156.10000610351562,161.0,153.0,153.5,1026362
2014-09-15,130.1627655029297,160.39999389648438,161.85000610351562,149.25,154.0,818965
2014-09-16,126.8356704711914,156.3000030517578,164.0,155.0500030517578,160.5,335169
2014-09-17,123.54914855957031,152.25,159.39999389648438,151.8000030517578,158.0500030517578,287488
2014-09-18,123.1839828491211,151.8000030517578,155.0,150.5500030517578,152.14999389648438,387309
2014-09-19,127.40370178222656,157.0,162.8000030517578,151.10000610351562,152.4499969482422,1699065
2014-09-22,125.41557312011719,154.5500030517578,155.6999969482422,151.0,153.25,1022236
2014-09-23,122.49419403076172,150.9499969482422,154.9499969482422,148.89999389648438,153.25,432891
2014-09-24,122.08845520019531,150.4499969482422,151.89999389648438,146.1999969482422,149.89999389648438,407849
2014-09-25,122.12902069091797,150.5,153.60000610351562,146.4499969482422,150.0,1149124
2014-09-26,123.30570220947266,151.9499969482422,153.5,146.14999389648438,149.0,406121
2014-09-29,123.58970642089844,152.3000030517578,154.0,151.14999389648438,152.64999389648438,119976
2014-09-30,124.92866516113281,153.9499969482422,155.25,150.0,152.3000030517578,182829
2014-10-01,123.46798706054688,152.14999389648438,154.9499969482422,151.5500030517578,153.35000610351562,168458
2014-10-07,125.61842346191406,154.8000030517578,156.0,148.64999389648438,151.3000030517578,276199
2014-10-08,121.47984313964844,149.6999969482422,156.6999969482422,148.60000610351562,152.8000030517578,708236
2014-10-09,122.57534790039062,151.0500030517578,153.60000610351562,150.25,152.0,326055
2014-10-10,121.35812377929688,149.5500030517578,152.5500030517578,148.5,149.89999389648438,252501
2014-10-13,123.42743682861328,152.10000610351562,153.89999389648438,148.10000610351562,148.10000610351562,85355
2014-10-14,124.15774536132812,153.0,154.0,150.3000030517578,153.85000610351562,100261
2014-10-15,124.15774536132812,153.0,153.0,153.0,153.0,0
2014-10-16,124.4417724609375,153.35000610351562,156.9499969482422,151.14999389648438,152.0,146928
2014-10-17,124.72579193115234,153.6999969482422,156.0500030517578,152.0,153.9499969482422,93570
2014-10-20,128.134033203125,157.89999389648438,159.89999389648438,155.10000610351562,155.10000610351562,172480
2014-10-21,133.81448364257812,164.89999389648438,167.5,157.89999389648438,157.89999389648438,540171
2014-10-22,133.165283203125,164.10000610351562,169.89999389648438,163.14999389648438,166.0,155135
2014-10-27,134.46365356445312,165.6999969482422,169.1999969482422,165.0,167.4499969482422,95762
2014-10-28,134.7071075439453,166.0,168.64999389648438,164.0,165.25,80230
2014-10-29,136.0866241455078,167.6999969482422,168.89999389648438,166.0,167.0,133200
2014-10-30,135.55917358398438,167.0500030517578,168.5,163.60000610351562,166.10000610351562,114530
2014-10-31,135.35630798339844,166.8000030517578,172.3000030517578,165.0,167.0500030517578,301739
2014-11-03,135.31573486328125,166.75,169.85000610351562,166.0500030517578,167.3000030517578,128127
2014-11-05,137.5067138671875,169.4499969482422,170.10000610351562,166.75,167.0,156839
2014-11-07,139.7383270263672,172.1999969482422,174.5,170.1999969482422,171.0,511973
2014-11-10,144.2826690673828,177.8000030517578,179.39999389648438,171.0,173.60000610351562,442019
2014-11-11,146.87940979003906,181.0,183.0,174.5500030517578,177.4499969482422,381668
2014-11-12,143.91749572753906,177.35000610351562,185.0,176.1999969482422,182.0,193745
2014-11-13,146.5954132080078,180.64999389648438,182.8000030517578,170.64999389648438,177.64999389648438,309216
2014-11-14,147.08229064941406,181.25,182.64999389648438,176.0,179.0,215042
2014-11-17,149.5167694091797,184.25,186.0,179.3000030517578,179.3000030517578,170245
2014-11-18,153.20904541015625,188.8000030517578,189.39999389648438,183.3000030517578,184.0,235279
2014-11-19,152.31642150878906,187.6999969482422,190.0,182.0,188.6999969482422,246198
2014-11-20,147.9343719482422,182.3000030517578,188.75,181.6999969482422,186.0500030517578,131476
2014-11-21,147.73147583007812,182.0500030517578,185.14999389648438,181.0,182.0,113848
2014-11-24,151.01803588867188,186.10000610351562,186.75,181.35000610351562,183.10000610351562,142152
2014-11-25,150.20652770996094,185.10000610351562,187.89999389648438,180.0,184.4499969482422,210269
2014-11-26,147.81263732910156,182.14999389648438,185.64999389648438,181.5500030517578,183.1999969482422,54935
2014-11-27,148.2589569091797,182.6999969482422,184.8000030517578,181.14999389648438,181.14999389648438,267908
2014-11-28,153.9799346923828,189.75,195.0,183.1999969482422,183.1999969482422,811576
2014-12-01,152.8844451904297,188.39999389648438,192.39999389648438,187.10000610351562,187.5,125485
2014-12-02,159.0923309326172,196.0500030517578,198.5,185.0,188.3000030517578,534330
2014-12-03,169.07363891601562,208.35000610351562,210.5,196.0,196.9499969482422,766377
2014-12-04,165.2190704345703,203.60000610351562,209.60000610351562,200.5,208.14999389648438,185669
2014-12-05,163.06863403320312,200.9499969482422,208.8000030517578,198.0500030517578,202.0,180400
2014-12-08,157.38819885253906,193.9499969482422,203.60000610351562,192.10000610351562,201.0,139102
2014-12-09,150.89630126953125,185.9499969482422,197.6999969482422,184.0,194.0,135182
2014-12-10,153.08731079101562,188.64999389648438,191.0,186.0,187.5,160924
2014-12-11,155.7246551513672,191.89999389648438,195.35000610351562,187.5,190.3000030517578,162415
2014-12-12,151.3426055908203,186.5,195.0,184.0,192.0,99519
2014-12-15,156.1709747314453,192.4499969482422,193.4499969482422,184.3000030517578,184.60000610351562,123030
2014-12-16,150.69342041015625,185.6999969482422,192.4499969482422,181.39999389648438,192.4499969482422,169023
2014-12-17,151.6266326904297,186.85000610351562,194.0,175.5,184.0,157338
2014-12-18,154.83201599121094,190.8000030517578,195.89999389648438,189.0,192.10000610351562,115806
2014-12-19,156.53611755371094,192.89999389648438,195.89999389648438,190.3000030517578,195.39999389648438,165333
2014-12-22,160.59356689453125,197.89999389648438,199.8000030517578,190.6999969482422,193.0,130237
2014-12-23,167.36952209472656,206.25,208.4499969482422,196.3000030517578,197.89999389648438,404766
2014-12-24,162.176025390625,199.85000610351562,208.10000610351562,198.1999969482422,207.8000030517578,259497
2014-12-26,167.694091796875,206.64999389648438,207.9499969482422,198.39999389648438,200.14999389648438,251787
2014-12-29,176.37705993652344,217.35000610351562,219.5,208.0,208.0,581964
2014-12-30,175.32211303710938,216.0500030517578,220.8000030517578,212.5,216.14999389648438,955729
2014-12-31,176.86392211914062,217.9499969482422,218.89999389648438,214.10000610351562,216.0,712140
2015-01-01,178.6897735595703,220.1999969482422,224.25,215.3000030517578,218.8000030517578,474749
2015-01-02,174.7540740966797,215.35000610351562,222.35000610351562,214.25,220.1999969482422,160993
2015-01-05,172.1978759765625,212.1999969482422,220.89999389648438,211.35000610351562,217.0,217523
2015-01-06,162.54116821289062,200.3000030517578,214.60000610351562,199.0,209.9499969482422,265078
2015-01-07,159.6197967529297,196.6999969482422,204.89999389648438,195.25,200.0,236225
2015-01-08,166.4768829345703,205.14999389648438,206.4499969482422,199.10000610351562,199.10000610351562,228019
2015-01-09,170.3314666748047,209.89999389648438,211.39999389648438,205.6999969482422,205.6999969482422,209561
2015-01-12,173.53684997558594,213.85000610351562,217.5,207.0500030517578,211.6999969482422,225537
2015-01-13,175.7278289794922,216.5500030517578,218.39999389648438,211.1999969482422,214.0,257897
2015-01-14,173.86141967773438,214.25,218.85000610351562,212.35000610351562,217.0,193504
2015-01-15,174.71348571777344,215.3000030517578,223.0,214.0,220.10000610351562,357809
2015-01-16,172.80648803710938,212.9499969482422,216.5,212.0,215.0,62012
2015-01-19,171.34579467773438,211.14999389648438,215.6999969482422,210.0,213.0,89904
2015-01-20,171.30523681640625,211.10000610351562,214.6999969482422,209.85000610351562,212.0,71985
2015-01-21,175.7278289794922,216.5500030517578,217.6999969482422,211.5,211.5,321162
2015-01-22,171.9138641357422,211.85000610351562,217.0,211.0,216.9499969482422,81365
2015-01-23,171.58926391601562,211.4499969482422,215.5500030517578,210.0,214.64999389648438,86680
2015-01-27,170.0474395751953,209.5500030517578,213.3000030517578,207.0,211.89999389648438,85533
2015-01-28,170.2908935546875,209.85000610351562,212.0,206.3000030517578,209.9499969482422,166255
2015-01-29,161.36451721191406,198.85000610351562,210.5,195.1999969482422,209.0,167682
2015-01-30,150.73399353027344,185.75,201.75,179.5,199.5,446514
2015-02-02,151.38320922851562,186.5500030517578,193.5,180.0,184.75,1486839
2015-02-03,147.9343719482422,182.3000030517578,192.25,181.0,188.0500030517578,261021
2015-02-04,147.36631774902344,181.60000610351562,186.5,181.10000610351562,183.0,146825
2015-02-05,146.02734375,179.9499969482422,184.85000610351562,178.35000610351562,182.0,296584
2015-02-06,144.2826690673828,177.8000030517578,181.0,175.64999389648438,181.0,517604
2015-02-09,142.49742126464844,175.60000610351562,177.1999969482422,172.75,176.0,230753
2015-02-10,144.81011962890625,178.4499969482422,184.60000610351562,173.8000030517578,176.5,151052
2015-02-11,147.5286102294922,181.8000030517578,183.0,178.64999389648438,178.85000610351562,98922
2015-02-12,148.34011840820312,182.8000030517578,186.75,179.3000030517578,183.60000610351562,162467
2015-02-13,151.09918212890625,186.1999969482422,186.8000030517578,181.89999389648438,182.8000030517578,94533
2015-02-16,150.1659698486328,185.0500030517578,189.0,182.60000610351562,187.0,60338
2015-02-18,148.86756896972656,183.4499969482422,186.75,182.0,186.75,56660
2015-02-19,146.14910888671875,180.10000610351562,184.75,177.0,183.89999389648438,86924
2015-02-20,153.00619506835938,188.5500030517578,190.9499969482422,179.0,181.9499969482422,279099
2015-02-23,151.70777893066406,186.9499969482422,190.1999969482422,185.4499969482422,190.1999969482422,62330
2015-02-24,150.93687438964844,186.0,189.5,183.0,186.10000610351562,55925
2015-02-25,152.64102172851562,188.10000610351562,193.64999389648438,185.14999389648438,185.14999389648438,157861
2015-02-26,151.30206298828125,186.4499969482422,187.5,184.10000610351562,187.14999389648438,46581
2015-02-27,154.6697235107422,190.60000610351562,194.0,187.4499969482422,188.0,237527
2015-03-02,144.81011962890625,178.4499969482422,188.60000610351562,177.89999389648438,185.14999389648438,217213
2015-03-03,143.87693786621094,177.3000030517578,181.8000030517578,175.0500030517578,179.4499969482422,759004
2015-03-04,140.22523498535156,172.8000030517578,185.8000030517578,172.0,183.14999389648438,273657
2015-03-05,141.60476684570312,174.5,175.6999969482422,173.10000610351562,174.0,68671
2015-03-09,138.0342254638672,170.10000610351562,173.0,169.0,173.0,82920
2015-03-10,142.17279052734375,175.1999969482422,175.9499969482422,170.14999389648438,171.0,368423
2015-03-11,141.1990203857422,174.0,175.6999969482422,171.39999389648438,174.85000610351562,74208
2015-03-12,141.96990966796875,174.9499969482422,176.4499969482422,170.5500030517578,175.60000610351562,85372
2015-03-13,143.5117645263672,176.85000610351562,177.9499969482422,172.3000030517578,176.0,104393
2015-03-16,140.79327392578125,173.5,178.0,172.0,177.10000610351562,166796
2015-03-17,144.44497680664062,178.0,179.4499969482422,174.10000610351562,174.14999389648438,382685
2015-03-18,143.14659118652344,176.39999389648438,179.0,175.25,176.8000030517578,79804
2015-03-19,142.0916748046875,175.10000610351562,179.0,174.5,177.3000030517578,275830
2015-03-20,139.9817657470703,172.5,175.9499969482422,170.9499969482422,175.9499969482422,97081
2015-03-23,138.1153564453125,170.1999969482422,173.1999969482422,166.85000610351562,172.60000610351562,266136
2015-03-24,138.8051300048828,171.0500030517578,171.5,168.3000030517578,169.9499969482422,39283
2015-03-25,136.2895050048828,167.9499969482422,171.89999389648438,165.10000610351562,171.10000610351562,51648
2015-03-26,133.2464141845703,164.1999969482422,167.1999969482422,163.0,166.25,79888
2015-03-27,135.8026123046875,167.35000610351562,168.8000030517578,164.0,164.25,90413
2015-03-30,139.08912658691406,171.39999389648438,174.0,169.10000610351562,171.0,79738
2015-03-31,140.75270080566406,173.4499969482422,175.0,171.5,172.89999389648438,77167
2015-04-01,140.0629425048828,172.60000610351562,175.25,169.4499969482422,174.39999389648438,132532
2015-04-06,137.75018310546875,169.75,174.8000030517578,169.0,174.39999389648438,382603
2015-04-07,134.66653442382812,165.9499969482422,172.39999389648438,164.6999969482422,171.64999389648438,631635
2015-04-08,134.7071075439453,166.0,167.5,165.0500030517578,166.5,838360
2015-04-09,136.85752868652344,168.64999389648438,170.6999969482422,165.5,168.6999969482422,122187
2015-04-10,137.8313446044922,169.85000610351562,171.4499969482422,167.0,170.0,265456
2015-04-13,137.8313446044922,169.85000610351562,171.4499969482422,169.35000610351562,169.6999969482422,40183
2015-04-15,140.67153930664062,173.35000610351562,177.8000030517578,168.0,168.0,195756
2015-04-16,135.31573486328125,166.75,174.3000030517578,165.5,174.0,192470
2015-04-17,132.75953674316406,163.60000610351562,167.0,163.0500030517578,166.8000030517578,144653
2015-04-20,131.09597778320312,161.5500030517578,164.89999389648438,161.10000610351562,164.89999389648438,57723
2015-04-21,130.24391174316406,160.5,162.75,160.0,161.89999389648438,51108
2015-04-22,130.77137756347656,161.14999389648438,162.0,152.14999389648438,161.89999389648438,122141
2015-04-23,127.44427490234375,157.0500030517578,162.5,155.5,162.0,91127
2015-04-24,124.4417724609375,153.35000610351562,157.0,152.0,157.0,84736
2015-04-27,120.30319213867188,148.25,153.75,145.64999389648438,153.75,142323
2015-04-28,118.76136779785156,146.35000610351562,147.9499969482422,144.35000610351562,147.89999389648438,68960
2015-04-29,115.3936767578125,142.1999969482422,147.60000610351562,140.5,145.85000610351562,147158
2015-04-30,113.52725219726562,139.89999389648438,144.6999969482422,137.1999969482422,143.0,323238
2015-05-04,117.54412078857422,144.85000610351562,145.39999389648438,140.0,140.0500030517578,103528
2015-05-05,116.5703353881836,143.64999389648438,146.8000030517578,143.0500030517578,145.0,110045
2015-05-06,116.28632354736328,143.3000030517578,144.9499969482422,140.0500030517578,143.1999969482422,119888
2015-05-07,116.97607421875,144.14999389648438,144.60000610351562,139.10000610351562,143.0,149281
2015-05-08,117.94987487792969,145.35000610351562,147.0,144.0,145.0,37695
2015-05-11,120.95238494873047,149.0500030517578,152.39999389648438,142.3000030517578,146.10000610351562,123643
2015-05-12,121.68270874023438,149.9499969482422,151.85000610351562,143.0,149.10000610351562,90610
2015-05-13,125.78071594238281,155.0,155.9499969482422,148.0,149.9499969482422,99264
2015-05-14,129.10784912109375,159.10000610351562,165.0,155.10000610351562,155.10000610351562,1837201
2015-05-15,130.08160400390625,160.3000030517578,161.60000610351562,156.0,156.0,482589
2015-05-18,129.797607421875,159.9499969482422,162.75,159.0,161.0,169917
2015-05-19,128.3775177001953,158.1999969482422,160.75,157.60000610351562,160.75,98236
2015-05-20,128.98609924316406,158.9499969482422,160.1999969482422,157.1999969482422,159.6999969482422,52147
2015-05-21,128.74267578125,158.64999389648438,160.1999969482422,156.39999389648438,159.85000610351562,75266
2015-05-22,130.32505798339844,160.60000610351562,162.3000030517578,157.5,159.75,127806
2015-05-25,129.1483917236328,159.14999389648438,161.25,156.3000030517578,161.0,48009
2015-05-26,128.3775177001953,158.1999969482422,160.0,157.5,160.0,26047
2015-05-27,131.66403198242188,162.25,165.0,156.6999969482422,157.4499969482422,171348
2015-05-28,131.70458984375,162.3000030517578,165.89999389648438,161.1999969482422,165.10000610351562,44726
2015-05-29,135.275146484375,166.6999969482422,170.89999389648438,161.64999389648438,162.5500030517578,115579
2015-06-01,134.54478454589844,165.8000030517578,171.39999389648438,164.75,168.39999389648438,58838
2015-06-02,131.05538940429688,161.5,168.6999969482422,160.9499969482422,167.0,65155
2015-06-03,129.83816528320312,160.0,162.0,158.6999969482422,162.0,75220
2015-06-04,127.281982421875,156.85000610351562,161.0,155.0,161.0,56388
2015-06-05,122.98109436035156,151.5500030517578,156.85000610351562,151.0,156.85000610351562,84331
2015-06-08,118.19329071044922,145.64999389648438,151.9499969482422,145.0,151.9499969482422,69115
2015-06-09,117.0572280883789,144.25,146.75,143.14999389648438,145.9499969482422,61936
2015-06-10,116.73262023925781,143.85000610351562,147.5,143.10000610351562,144.9499969482422,66974
2015-06-11,115.06908416748047,141.8000030517578,147.0,141.0500030517578,145.0,74835
2015-06-12,115.5965347290039,142.4499969482422,144.0,140.0,142.89999389648438,43994
2015-06-15,117.34123992919922,144.60000610351562,146.0,142.5,143.8000030517578,54136
2015-06-16,120.4654769897461,148.4499969482422,149.8000030517578,141.85000610351562,144.75,63089
2015-06-17,120.74950408935547,148.8000030517578,151.0,147.0,148.0,40545
2015-06-18,120.18144989013672,148.10000610351562,151.39999389648438,146.0,149.0,40408
2015-06-19,117.99042510986328,145.39999389648438,150.64999389648438,145.0,149.0,99844
2015-06-22,124.32005310058594,153.1999969482422,154.8000030517578,146.5,146.5,175246
2015-06-23,126.57282257080078,151.6999969482422,153.89999389648438,150.6999969482422,150.6999969482422,107700
2015-06-24,124.77896118164062,149.5500030517578,152.8000030517578,138.0,151.6999969482422,53566
2015-06-25,120.23168182373047,144.10000610351562,149.75,141.8000030517578,148.0,127898
2015-06-26,120.14823913574219,144.0,145.75,143.5,144.8000030517578,64279
2015-06-29,116.72735595703125,139.89999389648438,141.75,137.60000610351562,141.75,69457
2015-06-30,118.60466766357422,142.14999389648438,143.8000030517578,139.0,140.9499969482422,54574
2015-07-01,119.8979263305664,143.6999969482422,145.35000610351562,140.5,142.0,103327
2015-07-02,116.76907348632812,139.9499969482422,147.0,139.5,144.10000610351562,129890
2015-07-03,116.47705078125,139.60000610351562,142.89999389648438,138.1999969482422,140.89999389648438,108200
2015-07-06,117.81201171875,141.1999969482422,142.3000030517578,136.1999969482422,139.0,101282
2015-07-07,116.18502044677734,139.25,143.8000030517578,138.5,142.0,152526
2015-07-08,115.01691436767578,137.85000610351562,139.9499969482422,137.0,138.75,107612
2015-07-09,115.100341796875,137.9499969482422,140.3000030517578,137.0,139.0,64016
2015-07-10,114.43285369873047,137.14999389648438,140.3000030517578,136.64999389648438,139.14999389648438,106214
2015-07-13,114.22425842285156,136.89999389648438,139.25,136.64999389648438,138.0,100207
2015-07-14,114.59972381591797,137.35000610351562,139.0,136.89999389648438,138.0,87041
2015-07-15,115.35064697265625,138.25,139.39999389648438,137.10000610351562,138.39999389648438,56654
2015-07-16,115.26721954345703,138.14999389648438,139.25,138.0,139.0,53220
2015-07-17,115.43408966064453,138.35000610351562,141.5,138.10000610351562,138.14999389648438,97989
2015-07-20,113.80709075927734,136.39999389648438,140.0,135.8000030517578,138.35000610351562,83795
2015-07-21,108.92606353759766,130.5500030517578,137.64999389648438,130.0,136.39999389648438,187442
2015-07-22,111.34571075439453,133.4499969482422,134.0,129.5,130.10000610351562,116221
2015-07-23,113.68192291259766,136.25,142.0,128.39999389648438,133.89999389648438,958840
2015-07-24,116.1015853881836,139.14999389648438,140.89999389648438,137.1999969482422,137.1999969482422,214294
2015-07-27,112.05491638183594,134.3000030517578,141.0,133.0,138.0,99095
2015-07-28,109.42667388916016,131.14999389648438,137.0,130.3000030517578,135.0,126948
2015-07-29,106.88187408447266,128.10000610351562,132.89999389648438,127.69999694824219,132.35000610351562,114185
2015-07-30,106.5481185913086,127.69999694824219,130.85000610351562,127.4000015258789,129.64999389648438,175464
2015-07-31,110.46961975097656,132.39999389648438,134.8000030517578,128.89999389648438,129.1999969482422,555047
2015-08-03,120.81573486328125,144.8000030517578,146.5,134.5500030517578,135.0,597639
2015-08-04,128.19984436035156,153.64999389648438,155.0,142.1999969482422,148.8000030517578,547872
2015-08-05,130.4943389892578,156.39999389648438,160.0,153.10000610351562,156.0,623363
2015-08-06,125.98876953125,151.0,157.35000610351562,148.60000610351562,155.0500030517578,187668
2015-08-07,123.77772521972656,148.35000610351562,153.60000610351562,147.14999389648438,151.85000610351562,97899
2015-08-10,125.07096099853516,149.89999389648438,151.89999389648438,148.0,148.0,102279
2015-08-11,123.15194702148438,147.60000610351562,151.89999389648438,145.4499969482422,151.89999389648438,105510
2015-08-12,121.5249252319336,145.64999389648438,149.8000030517578,143.85000610351562,149.8000030517578,122592
2015-08-13,117.64515686035156,141.0,148.9499969482422,138.0,147.10000610351562,93806
2015-08-14,124.11145782470703,148.75,150.64999389648438,141.6999969482422,141.85000610351562,125802
2015-08-17,135.58395385742188,162.5,168.5,148.89999389648438,148.89999389648438,568092
2015-08-18,127.7409439086914,153.10000610351562,168.0,152.1999969482422,161.5,484500
2015-08-19,123.90286254882812,148.5,157.5,147.39999389648438,153.0,175238
2015-08-20,118.81324768066406,142.39999389648438,149.75,142.0,147.5,172246
2015-08-21,116.60220336914062,139.75,142.89999389648438,136.0,140.89999389648438,185502
2015-08-24,104.08674621582031,124.75,136.5,120.0999984741211,136.5,247983
2015-08-25,107.67452239990234,129.0500030517578,134.0,120.0,128.0,212513
2015-08-26,110.42791748046875,132.35000610351562,134.0,125.75,130.8000030517578,138521
2015-08-27,110.92852783203125,132.9499969482422,138.35000610351562,132.10000610351562,136.0,262657
2015-08-28,111.34571075439453,133.4499969482422,137.0500030517578,132.0,135.0,135882
2015-08-31,111.22055053710938,133.3000030517578,135.0,132.0,134.5,175624
2015-09-01,107.92483520507812,129.35000610351562,134.8000030517578,128.1999969482422,131.3000030517578,250287
2015-09-02,104.21190643310547,124.9000015258789,133.1999969482422,124.1500015258789,131.1999969482422,174126
2015-09-03,107.17389678955078,128.4499969482422,130.0500030517578,126.0,127.94999694824219,121899
2015-09-04,105.67202758789062,126.6500015258789,128.0,123.6500015258789,127.9000015258789,87069
2015-09-07,104.00332641601562,124.6500015258789,129.4499969482422,124.1500015258789,127.5,58826
2015-09-08,105.46345520019531,126.4000015258789,128.3000030517578,124.0,124.19999694824219,154300
2015-09-09,106.21438598632812,127.30000305175781,130.0,126.5,129.0,213956
2015-09-10,105.33829498291016,126.25,128.8000030517578,123.19999694824219,126.0,76098
2015-09-11,104.33707427978516,125.05000305175781,129.5,124.0999984741211,126.6500015258789,78959
2015-09-14,104.79596710205078,125.5999984741211,129.0,124.0999984741211,126.69999694824219,276358
2015-09-15,105.00456237792969,125.8499984741211,127.4000015258789,125.0999984741211,125.80000305175781,52586
2015-09-16,104.46221160888672,125.19999694824219,127.1500015258789,124.5999984741211,127.1500015258789,41441
2015-09-18,109.30152130126953,131.0,133.6999969482422,125.69999694824219,125.69999694824219,329293
2015-09-21,112.3469467163086,134.64999389648438,135.75,130.0,130.9499969482422,124543
2015-09-22,114.09912109375,136.75,143.75,135.0,136.0,359676
2015-09-23,112.76411437988281,135.14999389648438,138.75,132.0,134.0,118454
2015-09-24,109.96900939941406,131.8000030517578,138.39999389648438,131.0500030517578,134.60000610351562,154045
2015-09-28,111.01197814941406,133.0500030517578,135.75,132.3000030517578,133.0,95817
2015-09-29,113.0978775024414,135.5500030517578,137.0,132.0,133.1999969482422,150138
2015-09-30,113.0978775024414,135.5500030517578,137.8000030517578,133.5,137.0,103573
2015-10-01,111.51258850097656,133.64999389648438,137.35000610351562,133.10000610351562,136.3000030517578,77174
2015-10-05,114.8083267211914,137.60000610351562,138.85000610351562,133.25,135.64999389648438,138396
2015-10-06,116.60220336914062,139.75,141.0,135.1999969482422,138.10000610351562,110284
2015-10-07,116.72735595703125,139.89999389648438,143.0,138.14999389648438,140.0,114359
2015-10-08,118.10404205322266,141.5500030517578,144.3000030517578,139.39999389648438,141.25,108334
2015-10-09,117.47827911376953,140.8000030517578,144.25,139.0,143.0,72097
2015-10-12,115.100341796875,137.9499969482422,141.60000610351562,137.39999389648438,140.89999389648438,69574
2015-10-13,115.60096740722656,138.5500030517578,140.1999969482422,136.0,139.35000610351562,51371
2015-10-14,114.9334716796875,137.75,140.1999969482422,137.1999969482422,140.1999969482422,30876
2015-10-15,116.31016540527344,139.39999389648438,141.39999389648438,138.0,139.1999969482422,57458
2015-10-16,116.2684555053711,139.35000610351562,140.5500030517578,138.10000610351562,140.0,51623
2015-10-19,116.68563079833984,139.85000610351562,141.6999969482422,139.0,139.35000610351562,44274
2015-10-20,114.09912109375,136.75,141.89999389648438,135.5,139.0500030517578,157865
2015-10-21,113.2230224609375,135.6999969482422,138.5,134.6999969482422,136.64999389648438,94870
2015-10-23,111.55430603027344,133.6999969482422,137.0,133.1999969482422,137.0,78926
2015-10-26,111.13712310791016,133.1999969482422,136.0,132.6999969482422,134.3000030517578,45666
2015-10-27,110.67822265625,132.64999389648438,134.5,132.14999389648438,133.4499969482422,40387
2015-10-28,108.46715545654297,130.0,133.8000030517578,129.4499969482422,132.5,76382
2015-10-29,107.42420959472656,128.75,131.0,128.25,131.0,84360
2015-10-30,104.17019653320312,124.8499984741211,131.25,123.5,130.8000030517578,193837
2015-11-02,111.26229095458984,133.35000610351562,140.89999389648438,124.0,126.44999694824219,2861957
2015-11-03,107.42420959472656,128.75,134.1999969482422,127.5999984741211,133.10000610351562,347973
2015-11-04,106.08922576904297,127.1500015258789,131.0,126.0999984741211,129.8000030517578,174953
2015-11-05,106.38125610351562,127.5,128.14999389648438,126.55000305175781,127.44999694824219,127766
2015-11-06,106.38125610351562,127.5,129.5,125.6500015258789,128.5,120552
2015-11-09,106.08922576904297,127.1500015258789,128.35000610351562,124.0,125.8499984741211,123980
2015-11-10,105.33829498291016,126.25,130.1999969482422,125.5,126.5999984741211,142572
2015-11-13,104.71253204345703,125.5,128.6999969482422,121.94999694824219,128.35000610351562,78691
2015-11-16,104.87939453125,125.69999694824219,129.10000610351562,124.5,125.4000015258789,140037
2015-11-17,105.92234802246094,126.94999694824219,128.0,126.0,126.94999694824219,79347
2015-11-18,104.96284484863281,125.80000305175781,127.94999694824219,125.0999984741211,127.0,49460
2015-11-19,105.33829498291016,126.25,126.94999694824219,125.5999984741211,125.5999984741211,43205
2015-11-20,104.96284484863281,125.80000305175781,127.25,125.0999984741211,126.0,48052
2015-11-23,105.33829498291016,126.25,127.25,126.05000305175781,127.0,30711
2015-11-24,104.5873794555664,125.3499984741211,126.94999694824219,125.0,126.5,45985
2015-11-26,105.4217300415039,126.3499984741211,127.0,125.19999694824219,125.55000305175781,66042
2015-11-27,109.34325408935547,131.0500030517578,132.89999389648438,126.4000015258789,126.4000015258789,179385
2015-11-30,109.42667388916016,131.14999389648438,133.0,131.0500030517578,131.0500030517578,117665
2015-12-01,109.13465881347656,130.8000030517578,133.14999389648438,128.0,133.10000610351562,57346
2015-12-02,107.88311004638672,129.3000030517578,131.3000030517578,127.69999694824219,131.10000610351562,63065
2015-12-03,105.7554931640625,126.75,128.85000610351562,126.25,128.10000610351562,54940
2015-12-04,106.00579833984375,127.05000305175781,129.3000030517578,124.9000015258789,126.0,53058
2015-12-07,106.46468353271484,127.5999984741211,128.6999969482422,126.5,126.5,67719
2015-12-08,104.7542495727539,125.55000305175781,127.5,125.0999984741211,127.5,56612
2015-12-09,103.21068572998047,123.69999694824219,125.8499984741211,123.0999984741211,125.0999984741211,46110
2015-12-10,101.87568664550781,122.0999984741211,125.80000305175781,121.5999984741211,125.0,82516
2015-12-11,97.70387268066406,117.0999984741211,123.75,116.5,122.8499984741211,216206
2015-12-14,95.1590805053711,114.05000305175781,120.44999694824219,113.5999984741211,117.44999694824219,165729
2015-12-15,95.45111846923828,114.4000015258789,117.19999694824219,112.5,115.4000015258789,180619
2015-12-16,95.28422546386719,114.19999694824219,117.4000015258789,113.69999694824219,113.69999694824219,173963
2015-12-17,95.40937805175781,114.3499984741211,116.8499984741211,113.55000305175781,115.5,183340
2015-12-18,94.1578369140625,112.8499984741211,115.6500015258789,112.5,114.0,292885
2015-12-21,95.53453826904297,114.5,115.5,112.5999984741211,112.5999984741211,232376
2015-12-22,94.61673736572266,113.4000015258789,116.0,113.0999984741211,114.9000015258789,185205
2015-12-23,94.03268432617188,112.69999694824219,114.75,112.5,114.30000305175781,170169
2015-12-24,95.40937805175781,114.3499984741211,114.80000305175781,112.80000305175781,114.30000305175781,93973
2015-12-28,96.07687377929688,115.1500015258789,115.80000305175781,114.05000305175781,115.80000305175781,83840
2015-12-29,95.7431411743164,114.75,115.94999694824219,114.30000305175781,115.19999694824219,98074
2015-12-30,95.1590805053711,114.05000305175781,115.5,113.80000305175781,114.94999694824219,62886
2015-12-31,96.36890411376953,115.5,116.6500015258789,113.55000305175781,114.5,80327
2016-01-01,95.82656860351562,114.8499984741211,116.25,112.5,116.25,118541
2016-01-04,94.44986724853516,113.19999694824219,115.5999984741211,113.0999984741211,114.94999694824219,70549
2016-01-05,93.86581420898438,112.5,114.69999694824219,112.0999984741211,114.69999694824219,99817
2016-01-06,92.36396026611328,110.69999694824219,113.55000305175781,110.3499984741211,113.0999984741211,198005
2016-01-07,90.02774810791016,107.9000015258789,110.5999984741211,107.0,110.0,157708
2016-01-08,89.7357177734375,107.55000305175781,109.4000015258789,107.0,109.0999984741211,82377
2016-01-11,87.81668090820312,105.25,107.5,105.0,106.9000015258789,79060
2016-01-12,83.10253143310547,99.5999984741211,107.69999694824219,98.5,107.69999694824219,251668
2016-01-13,82.35161590576172,98.69999694824219,101.6500015258789,97.55000305175781,100.9000015258789,163587
2016-01-14,79.22274017333984,94.94999694824219,97.6500015258789,90.30000305175781,97.6500015258789,114239
2016-01-15,78.30494689941406,93.8499984741211,96.69999694824219,92.0,95.1500015258789,279789
2016-01-18,75.17608642578125,90.0999984741211,93.6500015258789,88.9000015258789,93.5999984741211,259937
2016-01-19,75.71841430664062,90.75,91.80000305175781,89.9000015258789,90.8499984741211,119948
2016-01-20,74.42516326904297,89.19999694824219,90.44999694824219,88.30000305175781,89.5,125597
2016-01-21,74.04969787597656,88.75,91.5,87.80000305175781,91.5,127259
2016-01-22,76.80308532714844,92.05000305175781,92.94999694824219,89.3499984741211,90.0,99131
2016-01-25,77.42886352539062,92.80000305175781,95.5,92.30000305175781,92.9000015258789,64303
2016-01-27,78.13807678222656,93.6500015258789,94.5999984741211,91.5,94.5999984741211,130969
2016-01-28,75.4681167602539,90.44999694824219,93.75,90.0,93.75,103919
2016-01-29,76.3024673461914,91.44999694824219,92.0,88.1500015258789,89.9000015258789,179900
2016-02-01,76.59449768066406,91.80000305175781,92.9000015258789,91.0,91.8499984741211,112724
2016-02-02,73.7159423828125,88.3499984741211,93.1500015258789,87.5,93.1500015258789,259151
2016-02-03,70.62881469726562,84.6500015258789,87.0,83.9000015258789,87.0,232926
2016-02-04,71.0042724609375,85.0999984741211,86.75,84.0,85.55000305175781,101623
2016-02-05,71.75520324707031,86.0,86.9000015258789,85.0,85.5,173084
2016-02-08,73.38220977783203,87.94999694824219,90.5,86.25,86.4000015258789,166665
2016-02-09,72.3392562866211,86.69999694824219,88.69999694824219,86.1500015258789,87.0,101259
2016-02-10,71.171142578125,85.30000305175781,89.5999984741211,83.6500015258789,86.0,406313
2016-02-11,67.33306884765625,80.69999694824219,85.94999694824219,78.94999694824219,85.94999694824219,452270
2016-02-12,69.5024185180664,83.30000305175781,85.5,76.75,80.69999694824219,197976
2016-02-15,71.63003540039062,85.8499984741211,88.9000015258789,83.3499984741211,86.0,186450
2016-02-16,71.46316528320312,85.6500015258789,88.25,85.1500015258789,88.25,117012
2016-02-17,72.75643920898438,87.19999694824219,88.4000015258789,80.6500015258789,85.6500015258789,149840
2016-02-18,72.42269134521484,86.80000305175781,89.80000305175781,85.4000015258789,88.4000015258789,188455
2016-02-19,71.79692840576172,86.05000305175781,87.80000305175781,85.1500015258789,87.80000305175781,126809
2016-02-22,70.62881469726562,84.6500015258789,87.0,84.0999984741211,86.05000305175781,105670
2016-02-23,69.126953125,82.8499984741211,85.0,82.4000015258789,84.4000015258789,115818
2016-02-24,67.41651916503906,80.80000305175781,83.0,79.80000305175781,81.25,198974
2016-02-25,65.33060455322266,78.30000305175781,81.25,77.9000015258789,80.9000015258789,211228
2016-02-26,64.45452880859375,77.25,79.6500015258789,76.25,79.6500015258789,294549
2016-02-29,63.45328903198242,76.05000305175781,79.9000015258789,75.5,79.8499984741211,345370
2016-03-01,63.8704719543457,76.55000305175781,77.44999694824219,75.30000305175781,76.8499984741211,210490
2016-03-02,70.29505920410156,84.25,87.25,79.0,79.0,493413
2016-03-03,76.84480285644531,92.0999984741211,94.25,83.6500015258789,85.9000015258789,666516
2016-03-04,83.68659210205078,100.30000305175781,103.44999694824219,91.0999984741211,93.0,1440193
2016-03-08,83.97860717773438,100.6500015258789,102.5,98.0,102.5,631049
2016-03-09,85.85592651367188,102.9000015258789,104.69999694824219,97.3499984741211,100.3499984741211,688174
2016-03-10,85.77249908447266,102.80000305175781,105.75,101.69999694824219,103.44999694824219,237756
2016-03-11,83.43627166748047,100.0,103.75,99.05000305175781,100.69999694824219,867566
2016-03-14,84.43750762939453,101.19999694824219,102.19999694824219,99.05000305175781,101.75,114839
2016-03-15,83.01908874511719,99.5,102.9000015258789,99.0999984741211,102.0,168256
2016-03-16,82.60191345214844,99.0,101.0,98.0,99.55000305175781,513093
2016-03-17,85.23015594482422,102.1500015258789,102.9000015258789,99.8499984741211,100.5,271550
2016-03-18,85.52218627929688,102.5,105.19999694824219,101.05000305175781,102.30000305175781,423614
2016-03-21,89.65227508544922,107.44999694824219,109.4000015258789,102.05000305175781,102.05000305175781,743925
2016-03-22,89.61056518554688,107.4000015258789,108.1500015258789,105.19999694824219,107.19999694824219,203594
2016-03-23,88.5676040649414,106.1500015258789,107.0,105.05000305175781,107.0,134870
2016-03-28,85.85592651367188,102.9000015258789,106.80000305175781,102.0,106.0,145405
2016-03-29,84.22891235351562,100.94999694824219,104.80000305175781,100.30000305175781,104.80000305175781,104241
2016-03-30,86.60686492919922,103.80000305175781,105.0,101.5,101.5,171210
2016-03-31,86.6903076171875,103.9000015258789,106.44999694824219,103.25,103.25,159844
2016-04-01,87.3577651977539,104.69999694824219,108.94999694824219,103.80000305175781,104.0,349839
2016-04-04,87.81668090820312,105.25,105.9000015258789,104.30000305175781,105.0999984741211,231021
2016-04-05,85.48046875,102.44999694824219,105.9000015258789,101.5,105.44999694824219,315892
2016-04-06,85.06327056884766,101.94999694824219,104.5,101.0999984741211,103.0,601880
2016-04-07,82.93566131591797,99.4000015258789,103.1500015258789,99.0,102.94999694824219,158819
2016-04-08,82.81050872802734,99.25,101.0,99.05000305175781,101.0,112201
2016-04-11,82.5601806640625,98.94999694824219,100.0,98.80000305175781,99.0,159005
2016-04-12,82.60191345214844,99.0,99.8499984741211,98.69999694824219,99.44999694824219,576824
2016-04-13,82.97737121582031,99.44999694824219,100.69999694824219,99.0,100.0,273156
2016-04-18,81.6841049194336,97.9000015258789,100.8499984741211,97.0,99.69999694824219,120839
2016-04-20,81.43379974365234,97.5999984741211,99.0999984741211,97.0,98.5,174410
2016-04-21,83.64486694335938,100.25,102.44999694824219,98.0999984741211,98.30000305175781,420243
2016-04-22,83.97860717773438,100.6500015258789,103.1500015258789,99.6500015258789,100.5,425259
2016-04-25,83.35282897949219,99.9000015258789,102.0999984741211,99.19999694824219,101.0,109806
2016-04-26,83.85345458984375,100.5,100.9000015258789,98.3499984741211,99.9000015258789,369378
2016-04-27,83.51972198486328,100.0999984741211,101.5,99.6500015258789,100.5,268438
2016-04-28,82.51847076416016,98.9000015258789,100.80000305175781,98.75,100.80000305175781,69631
2016-04-29,81.35037231445312,97.5,98.75,96.4000015258789,98.0999984741211,99717
2016-05-02,80.2239761352539,96.1500015258789,97.69999694824219,95.55000305175781,97.69999694824219,87577
2016-05-03,79.97366333007812,95.8499984741211,97.69999694824219,95.5,96.75,104025
2016-05-04,79.5564956665039,95.3499984741211,96.19999694824219,94.5999984741211,95.6500015258789,137037
2016-05-05,76.46934509277344,91.6500015258789,96.19999694824219,90.5999984741211,95.5,138562
2016-05-06,76.01043701171875,91.0999984741211,92.0,90.0,91.5999984741211,128229
2016-05-09,77.42886352539062,92.80000305175781,93.19999694824219,91.0999984741211,91.9000015258789,79275
2016-05-10,78.09635162353516,93.5999984741211,94.0999984741211,92.5999984741211,93.25,67097
2016-05-11,75.13436126708984,90.05000305175781,93.75,89.0,92.94999694824219,1086467
2016-05-12,71.92207336425781,86.19999694824219,91.0,84.9000015258789,91.0,467878
2016-05-13,75.92701721191406,91.0,91.5,85.9000015258789,86.19999694824219,440635
2016-05-16,75.6349868774414,90.6500015258789,91.0,89.5,90.05000305175781,586420
2016-05-17,75.9687271118164,91.05000305175781,92.0,90.05000305175781,90.75,90728
2016-05-18,76.09388732910156,91.19999694824219,91.5999984741211,90.3499984741211,91.5999984741211,99004
2016-05-19,75.13436126708984,90.05000305175781,92.19999694824219,90.0,91.25,93541
2016-05-20,75.21781158447266,90.1500015258789,91.5999984741211,90.0,90.75,71332
2016-05-23,75.42638397216797,90.4000015258789,91.94999694824219,90.0,91.1500015258789,102151
2016-05-24,75.13436126708984,90.05000305175781,90.44999694824219,90.0,90.44999694824219,70094
2016-05-25,74.75890350341797,89.5999984741211,91.6500015258789,88.25,90.5999984741211,667840
2016-05-26,74.59203338623047,89.4000015258789,90.5,88.5,89.9000015258789,205669
2016-05-27,77.09512329101562,92.4000015258789,93.4000015258789,89.19999694824219,89.8499984741211,292316
2016-05-30,77.76261901855469,93.19999694824219,94.19999694824219,92.5,93.4000015258789,118903
2016-05-31,75.8018569946289,90.8499984741211,94.4000015258789,90.0999984741211,94.4000015258789,679319
2016-06-01,75.59326934814453,90.5999984741211,92.25,90.0,91.4000015258789,137828
2016-06-02,76.55278778076172,91.75,92.0999984741211,90.05000305175781,90.75,985984
2016-06-03,76.84480285644531,92.0999984741211,92.69999694824219,90.0999984741211,92.0,548644
2016-06-06,79.38961791992188,95.1500015258789,95.5999984741211,91.4000015258789,92.0,186200
2016-06-07,81.26693725585938,97.4000015258789,99.19999694824219,95.05000305175781,95.05000305175781,274721
2016-06-08,86.60686492919922,103.80000305175781,104.5,98.4000015258789,102.80000305175781,354051
2016-06-09,88.23385620117188,105.75,106.0,101.0,103.1500015258789,390638
2016-06-10,87.56636810302734,104.94999694824219,107.0,102.9000015258789,105.0,242250
2016-06-13,87.9835433959961,105.44999694824219,106.80000305175781,102.5,104.0,127360
2016-06-14,89.19338989257812,106.9000015258789,107.75,104.9000015258789,105.0,183452
2016-06-15,99.37259674072266,119.0999984741211,121.0,107.25,107.25,1946703
2016-06-16,101.24991607666016,121.3499984741211,125.9000015258789,115.0,118.9000015258789,1718449
2016-06-17,103.46099090576172,124.0,125.0,121.5999984741211,122.0,575866
2016-06-20,118.22920227050781,141.6999969482422,147.39999389648438,116.94999694824219,124.0,1763625
2016-06-21,117.85372161865234,141.25,143.0,137.0,140.5,2039720
2016-06-22,113.05615997314453,135.5,142.25,134.4499969482422,141.6999969482422,513580
2016-06-23,116.09349822998047,137.60000610351562,140.75,129.5500030517578,134.0,1000713
2016-06-24,112.71868896484375,133.60000610351562,135.5,125.5,130.0,621575
2016-06-27,118.4136734008789,140.35000610351562,145.0,131.5,133.89999389648438,1102226
2016-06-28,118.83552551269531,140.85000610351562,144.0,139.5500030517578,141.6999969482422,431925
2016-06-29,118.11837005615234,140.0,143.39999389648438,139.89999389648438,143.39999389648438,335615
2016-06-30,119.13080596923828,141.1999969482422,142.39999389648438,140.14999389648438,141.0,334267
2016-07-01,119.42610168457031,141.5500030517578,142.4499969482422,141.0,141.5,191673
2016-07-04,127.65220642089844,151.3000030517578,155.39999389648438,139.4499969482422,142.0,1881442
2016-07-05,126.34446716308594,149.75,154.35000610351562,144.5,151.0,1033766
2016-07-07,127.44129943847656,151.0500030517578,154.0,147.89999389648438,151.0,710266
2016-07-08,126.97724914550781,150.5,152.8000030517578,146.25,152.8000030517578,357870
2016-07-11,128.74903869628906,152.60000610351562,154.89999389648438,149.25,152.0,591450
2016-07-12,129.12869262695312,153.0500030517578,154.25,151.0500030517578,153.0,429806
2016-07-13,130.43643188476562,154.60000610351562,157.8000030517578,149.1999969482422,153.0500030517578,671968
2016-07-14,133.34719848632812,158.0500030517578,160.0,152.10000610351562,153.0,855362
2016-07-15,132.84100341796875,157.4499969482422,162.35000610351562,155.75,156.0500030517578,430376
2016-07-18,134.57057189941406,159.5,165.89999389648438,157.5,158.75,569118
2016-07-19,130.56297302246094,154.75,159.8000030517578,154.14999389648438,158.4499969482422,402574
2016-07-20,130.60516357421875,154.8000030517578,157.0,154.0,156.3000030517578,165474
2016-07-21,125.58516693115234,148.85000610351562,155.60000610351562,148.0500030517578,155.4499969482422,192535
2016-07-22,123.0540542602539,145.85000610351562,149.89999389648438,144.5500030517578,149.89999389648438,225921
2016-07-25,128.83340454101562,152.6999969482422,155.0,142.85000610351562,145.75,667510
2016-07-26,129.00213623046875,152.89999389648438,155.0,150.14999389648438,151.89999389648438,285683
2016-07-27,129.12869262695312,153.0500030517578,153.85000610351562,151.5500030517578,151.5500030517578,216032
2016-07-28,130.85829162597656,155.10000610351562,158.5,152.64999389648438,152.64999389648438,394959
2016-07-29,133.26284790039062,157.9499969482422,159.3000030517578,154.14999389648438,155.0,360231
2016-08-01,131.0270233154297,155.3000030517578,160.0,152.0,158.0,361061
2016-08-02,157.22398376464844,186.35000610351562,186.35000610351562,145.0,153.3000030517578,7287904
2016-08-03,151.95083618164062,180.10000610351562,199.0,177.6999969482422,194.0,4381357
2016-08-04,166.88436889648438,197.8000030517578,213.8000030517578,178.60000610351562,180.75,11695369
2016-08-05,170.4279327392578,202.0,204.5,193.25,200.6999969482422,3502439
2016-08-08,166.5469207763672,197.39999389648438,206.1999969482422,195.1999969482422,203.0,1840944
2016-08-09,171.60911560058594,203.39999389648438,205.0500030517578,195.8000030517578,197.0500030517578,2885448
2016-08-10,167.5171661376953,198.5500030517578,204.35000610351562,197.0,204.14999389648438,866371
2016-08-11,162.75022888183594,192.89999389648438,202.6999969482422,186.39999389648438,199.0,896430
2016-08-12,172.28408813476562,204.1999969482422,205.8000030517578,193.9499969482422,194.1999969482422,1385095
2016-08-16,172.79029846191406,204.8000030517578,206.5,200.1999969482422,203.89999389648438,1138624
2016-08-17,183.42095947265625,217.39999389648438,219.6999969482422,202.9499969482422,204.10000610351562,2798834
2016-08-18,192.49075317382812,228.14999389648438,236.8000030517578,219.25,219.3000030517578,6741356
2016-08-19,193.37664794921875,229.1999969482422,232.0,225.5,229.0,1777772
2016-08-22,188.82066345214844,223.8000030517578,231.0,222.3000030517578,231.0,773781
2016-08-23,192.91261291503906,228.64999389648438,233.0,219.14999389648438,225.0,1388941
2016-08-24,192.65953063964844,228.35000610351562,234.5,225.75,229.8000030517578,1061589
2016-08-25,188.82066345214844,223.8000030517578,231.1999969482422,220.10000610351562,230.0,651480
2016-08-26,187.80821228027344,222.60000610351562,226.9499969482422,221.0500030517578,223.25,428205
2016-08-29,189.87530517578125,225.0500030517578,228.3000030517578,219.89999389648438,222.60000610351562,607093
2016-08-30,193.2922821044922,229.10000610351562,231.5,224.0,225.0,827407
2016-08-31,189.79090881347656,224.9499969482422,230.89999389648438,223.0,229.8000030517578,541528
2016-09-01,188.65191650390625,223.60000610351562,229.85000610351562,219.3000030517578,224.0,482133
2016-09-02,185.15054321289062,219.4499969482422,224.5,215.0,223.64999389648438,392782
2016-09-06,198.3544921875,235.10000610351562,240.64999389648438,221.0,221.4499969482422,1370997
2016-09-07,197.0045623779297,233.5,242.0,231.0,236.6999969482422,1641621
2016-09-08,198.05921936035156,234.75,240.5,233.0,234.0,634522
2016-09-09,192.91261291503906,228.64999389648438,236.0,227.0,235.39999389648438,454957
2016-09-12,182.7038116455078,216.5500030517578,223.39999389648438,215.0,223.0,639730
2016-09-14,184.39120483398438,218.5500030517578,223.4499969482422,216.0,217.0,488165
2016-09-15,180.88983154296875,214.39999389648438,222.0,212.10000610351562,222.0,319725
2016-09-16,183.04129028320312,216.9499969482422,220.64999389648438,213.0,216.8000030517578,605730
2016-09-19,182.74600219726562,216.60000610351562,220.75,215.4499969482422,217.1999969482422,290464
2016-09-20,182.66163635253906,216.5,218.39999389648438,215.8000030517578,216.60000610351562,193067
2016-09-21,180.67892456054688,214.14999389648438,218.8000030517578,213.5,216.0,236001
2016-09-22,182.74600219726562,216.60000610351562,220.0500030517578,215.5,218.0500030517578,206790
2016-09-23,180.38365173339844,213.8000030517578,217.1999969482422,213.0,217.10000610351562,143062
2016-09-26,176.50259399414062,209.1999969482422,216.5,208.1999969482422,214.5500030517578,355967
2016-09-27,174.5620574951172,206.89999389648438,210.85000610351562,204.64999389648438,210.0,321901
2016-09-28,192.11109924316406,227.6999969482422,235.5,206.60000610351562,208.75,1559454
2016-09-29,177.0931854248047,209.89999389648438,235.75,206.0,230.5,1181434
2016-09-30,178.1056365966797,211.10000610351562,216.25,207.5500030517578,210.0,617101
2016-10-03,188.82066345214844,223.8000030517578,229.75,213.1999969482422,214.3000030517578,1382954
2016-10-04,188.8628387451172,223.85000610351562,227.14999389648438,219.10000610351562,222.35000610351562,915925
2016-10-05,187.5550994873047,222.3000030517578,227.75,221.10000610351562,224.0,466995
2016-10-06,182.95692443847656,216.85000610351562,224.89999389648438,213.1999969482422,222.0,389166
2016-10-07,186.3317413330078,220.85000610351562,225.1999969482422,217.0,217.6999969482422,478620
2016-10-10,181.9444580078125,215.64999389648438,222.25,215.10000610351562,222.0,224954
2016-10-13,176.16513061523438,208.8000030517578,217.64999389648438,207.64999389648438,214.9499969482422,495274
2016-10-14,177.34629821777344,210.1999969482422,213.4499969482422,208.9499969482422,210.0,325797
2016-10-17,176.41822814941406,209.10000610351562,214.0,206.5,214.0,311243
2016-10-18,178.65403747558594,211.75,213.5500030517578,207.5,207.5,269202
2016-10-19,186.2473602294922,220.75,223.64999389648438,212.14999389648438,213.1999969482422,590064
2016-10-20,190.04400634765625,225.25,228.4499969482422,222.10000610351562,222.10000610351562,575392
2016-10-21,190.08621215820312,225.3000030517578,228.10000610351562,221.3000030517578,223.5500030517578,215647
2016-10-24,193.925048828125,229.85000610351562,237.60000610351562,224.1999969482422,224.1999969482422,932810
2016-10-25,192.2798309326172,227.89999389648438,231.85000610351562,225.10000610351562,231.35000610351562,175318
2016-10-26,189.62217712402344,224.75,231.39999389648438,223.5,226.9499969482422,236717
2016-10-27,184.0115509033203,218.10000610351562,224.75,214.39999389648438,224.75,237529
2016-10-28,196.160888671875,232.5,235.60000610351562,218.14999389648438,218.14999389648438,584935
2016-11-01,191.3939666748047,226.85000610351562,234.25,226.10000610351562,227.0,222120
2016-11-02,185.40365600585938,219.75,225.6999969482422,218.10000610351562,225.6999969482422,297025
2016-11-03,177.43067932128906,210.3000030517578,225.0,206.8000030517578,218.14999389648438,419360
2016-11-04,173.80274963378906,206.0,215.0,201.5500030517578,214.0500030517578,388119
2016-11-07,177.1775360107422,210.0,214.0,208.60000610351562,213.0,244174
2016-11-08,182.23977661132812,216.0,217.5,211.10000610351562,212.89999389648438,295857
2016-11-09,191.43614196777344,226.89999389648438,230.8000030517578,185.0,200.0,1283193
2016-11-10,226.40760803222656,268.3500061035156,272.0,233.0,235.0,3856495
2016-11-11,211.34750366210938,250.5,276.3999938964844,245.3000030517578,260.8999938964844,2181149
2016-11-15,211.51626586914062,250.6999969482422,261.8999938964844,238.9499969482422,251.5500030517578,1333243
2016-11-16,205.10411071777344,243.10000610351562,259.79998779296875,240.64999389648438,255.6999969482422,645750
2016-11-17,209.11170959472656,247.85000610351562,252.0,243.0,243.0,607474
2016-11-18,220.96571350097656,261.8999938964844,267.5,245.25,248.0,1504819
2016-11-21,210.96786499023438,250.0500030517578,266.70001220703125,247.14999389648438,264.0,677963
2016-11-22,208.60549926757812,247.25,256.8999938964844,235.0,256.8999938964844,1149550
2016-11-23,206.7071533203125,245.0,252.0,243.10000610351562,250.4499969482422,700649
2016-11-24,201.77149963378906,239.14999389648438,246.89999389648438,238.0,240.5,570364
2016-11-25,204.2604217529297,242.10000610351562,246.0,240.5500030517578,241.4499969482422,356772
2016-11-28,204.13385009765625,241.9499969482422,248.0,232.1999969482422,237.6999969482422,407321
2016-11-29,203.12142944335938,240.75,247.5,239.5,241.0500030517578,366962
2016-11-30,214.0895538330078,253.75,255.10000610351562,240.0,240.0,764786
2016-12-01,208.3523712158203,246.9499969482422,257.5,245.60000610351562,256.5,437528
2016-12-02,205.48377990722656,243.5500030517578,252.0,242.10000610351562,245.89999389648438,454041
2016-12-05,203.66981506347656,241.39999389648438,248.0,240.1999969482422,243.0,325033
2016-12-06,203.07923889160156,240.6999969482422,248.0,239.14999389648438,243.1999969482422,322490
2016-12-07,204.00732421875,241.8000030517578,247.89999389648438,237.35000610351562,243.0,545855
2016-12-08,206.11654663085938,244.3000030517578,245.4499969482422,242.5,243.14999389648438,222875
2016-12-09,206.41184997558594,244.64999389648438,250.89999389648438,243.0,245.0,390995
2016-12-12,202.783935546875,240.35000610351562,245.89999389648438,239.4499969482422,245.89999389648438,187725
2016-12-13,207.04461669921875,245.39999389648438,247.5,238.0,241.5,2057567
2016-12-14,202.8261260986328,240.39999389648438,248.0,238.85000610351562,248.0,152038
2016-12-15,203.71200561523438,241.4499969482422,244.9499969482422,237.0,237.0,162434
2016-12-16,195.14842224121094,231.3000030517578,244.0,230.0,241.10000610351562,328477
2016-12-19,193.33447265625,229.14999389648438,232.6999969482422,228.1999969482422,230.9499969482422,165875
2016-12-20,185.23492431640625,219.5500030517578,232.0,218.0,228.25,287169
2016-12-21,178.86495971679688,212.0,222.9499969482422,210.3000030517578,222.3000030517578,334291
2016-12-22,169.49986267089844,200.89999389648438,211.39999389648438,200.1999969482422,210.0,513056
2016-12-23,176.71351623535156,209.4499969482422,211.0,196.5,201.0,806908
2016-12-26,170.68106079101562,202.3000030517578,208.10000610351562,201.0,206.10000610351562,302611
2016-12-27,177.05101013183594,209.85000610351562,211.0,201.6999969482422,203.5500030517578,399466
2016-12-28,180.4258270263672,213.85000610351562,216.39999389648438,209.60000610351562,210.0,414874
2016-12-29,182.95692443847656,216.85000610351562,217.89999389648438,211.5500030517578,211.64999389648438,257804
2016-12-30,186.3317413330078,220.85000610351562,223.9499969482422,216.10000610351562,216.89999389648438,346779
2017-01-02,187.80821228027344,222.60000610351562,224.5,218.9499969482422,221.5,275744
2017-01-03,188.98939514160156,224.0,231.0,219.10000610351562,222.89999389648438,421023
2017-01-04,190.42369079589844,225.6999969482422,229.4499969482422,224.0,224.64999389648438,270804
2017-01-05,191.9845428466797,227.5500030517578,231.0,226.9499969482422,229.3000030517578,187488
2017-01-06,197.552978515625,234.14999389648438,244.60000610351562,227.5500030517578,227.5500030517578,1027757
2017-01-09,198.22793579101562,234.9499969482422,238.5,232.5500030517578,236.10000610351562,248153
2017-01-10,198.6075897216797,235.39999389648438,237.60000610351562,233.64999389648438,236.0,169018
2017-01-11,210.03977966308594,248.9499969482422,251.89999389648438,236.1999969482422,237.0,957674
2017-01-12,210.54600524902344,249.5500030517578,251.9499969482422,242.1999969482422,250.0500030517578,448336
2017-01-13,208.225830078125,246.8000030517578,251.25,245.0,248.6999969482422,237951
2017-01-16,209.06951904296875,247.8000030517578,250.0,243.5,245.0,189307
2017-01-17,208.3523712158203,246.9499969482422,250.5,245.5,246.75,156350
2017-01-18,209.57571411132812,248.39999389648438,250.25,246.89999389648438,246.9499969482422,177959
2017-01-19,210.7569122314453,249.8000030517578,251.0,246.6999969482422,248.9499969482422,265300
2017-01-20,206.1587677001953,244.35000610351562,250.6999969482422,243.1999969482422,249.0,149607
2017-01-23,208.2680206298828,246.85000610351562,251.89999389648438,242.0,244.64999389648438,329372
2017-01-24,217.3378143310547,257.6000061035156,260.0,248.5,248.5,489890
2017-01-25,229.82461547851562,272.3999938964844,279.0,259.1000061035156,260.0,3076716
2017-01-27,225.56390380859375,267.3500061035156,274.5,265.0,273.75,541573
2017-01-30,229.6980438232422,272.25,277.79998779296875,268.20001220703125,268.20001220703125,838466
2017-01-31,229.6980438232422,272.25,279.0,265.54998779296875,271.8999938964844,469479
2017-02-01,230.87924194335938,273.6499938964844,277.1000061035156,270.0,272.25,512421
2017-02-02,237.88197326660156,281.95001220703125,288.6499938964844,271.0,274.45001220703125,1045872
2017-02-03,245.39089965820312,290.8500061035156,292.0,281.0,283.45001220703125,894940
2017-02-06,246.40333557128906,292.04998779296875,298.70001220703125,290.04998779296875,293.0,625047
2017-02-07,246.6986846923828,292.3999938964844,294.8500061035156,287.20001220703125,292.20001220703125,345559
2017-02-08,251.84524536132812,298.5,307.0,282.3500061035156,292.3999938964844,648762
2017-02-09,256.5699462890625,304.1000061035156,310.0,295.0,310.0,756413
2017-02-10,255.81065368652344,303.20001220703125,307.95001220703125,301.29998779296875,302.54998779296875,303507
2017-02-13,242.9863739013672,288.0,304.0,283.1000061035156,301.75,579252
2017-02-14,242.1004638671875,286.95001220703125,293.95001220703125,285.0,288.0,314905
2017-02-15,234.76026916503906,278.25,289.3500061035156,274.1000061035156,286.95001220703125,358225
2017-02-16,244.20977783203125,289.45001220703125,290.79998779296875,278.1000061035156,278.1000061035156,358628
2017-02-17,245.51748657226562,291.0,296.0,289.95001220703125,290.0,273636
2017-02-20,244.88470458984375,290.25,294.8999938964844,288.1499938964844,291.25,174881
2017-02-21,246.06590270996094,291.6499938964844,294.29998779296875,286.54998779296875,290.54998779296875,153442
2017-02-22,243.91445922851562,289.1000061035156,294.5,288.20001220703125,290.1499938964844,143118
2017-02-23,245.55966186523438,291.04998779296875,293.45001220703125,288.3500061035156,289.3999938964844,167676
2017-02-27,247.87982177734375,293.79998779296875,297.79998779296875,284.1499938964844,291.0,276431
2017-02-28,243.408203125,288.5,297.0,287.0,292.04998779296875,423915
2017-03-01,242.73326110839844,287.70001220703125,295.0,284.8500061035156,289.8999938964844,445072
2017-03-02,236.11016845703125,279.8500061035156,291.75,278.1000061035156,290.0,225320
2017-03-03,241.50985717773438,286.25,289.45001220703125,276.6499938964844,279.70001220703125,300966
2017-03-06,240.49745178222656,285.04998779296875,288.45001220703125,283.1000061035156,287.5,107573
2017-03-07,239.18972778320312,283.5,289.45001220703125,282.1000061035156,286.0,147122
2017-03-08,235.94146728515625,279.6499938964844,286.5,279.0,283.0,128415
2017-03-09,228.6434326171875,271.0,282.0,269.8999938964844,279.3999938964844,342568
2017-03-10,225.35299682617188,267.1000061035156,275.8999938964844,265.3500061035156,273.0,227565
2017-03-14,232.22914123535156,275.25,277.20001220703125,271.0,273.5,341203
2017-03-15,230.9214324951172,273.70001220703125,280.25,272.0,275.6499938964844,299868
2017-03-16,234.5071563720703,277.95001220703125,280.0,276.0,276.0,190752
2017-03-17,240.41310119628906,284.95001220703125,286.04998779296875,277.0,277.0,363251
2017-03-20,227.84188842773438,270.04998779296875,286.5,268.3999938964844,285.25,1076917
2017-03-21,224.04522705078125,265.54998779296875,273.95001220703125,261.0,271.5,469019
2017-03-22,217.3800048828125,257.6499938964844,265.04998779296875,256.75,264.0,496048
2017-03-23,220.3751678466797,261.20001220703125,264.5,260.3500061035156,261.0,397770
2017-03-24,221.9781951904297,263.1000061035156,270.8500061035156,261.5,263.1000061035156,994283
2017-03-27,222.82186889648438,264.1000061035156,268.3999938964844,261.79998779296875,263.04998779296875,314103
2017-03-28,224.0030517578125,265.5,267.8500061035156,264.5,267.8500061035156,242543
2017-03-29,222.3578338623047,263.54998779296875,270.8500061035156,262.1000061035156,266.5,1272493
2017-03-30,222.90625,264.20001220703125,268.04998779296875,262.54998779296875,265.0,299156
2017-03-31,234.76026916503906,278.25,283.29998779296875,266.1000061035156,266.8999938964844,2071588
2017-04-03,237.0382537841797,280.95001220703125,282.8999938964844,279.29998779296875,280.0,435590
2017-04-05,238.7678680419922,283.0,286.20001220703125,279.0,281.0,659917
2017-04-06,237.4179229736328,281.3999938964844,285.45001220703125,280.6000061035156,283.95001220703125,458728
2017-04-07,228.01063537597656,270.25,281.8500061035156,269.29998779296875,280.6000061035156,964711
2017-04-10,228.09500122070312,270.3500061035156,272.25,264.5,270.5,807500
2017-04-11,231.46981811523438,274.3500061035156,278.0,270.20001220703125,270.3999938964844,651522
2017-04-12,222.10472106933594,263.25,276.0,262.25,276.0,1257309
2017-04-13,222.40000915527344,263.6000061035156,271.29998779296875,259.29998779296875,262.5,1241335
2017-04-17,217.9283905029297,258.29998779296875,265.0,257.8999938964844,263.0,617895
2017-04-18,217.25344848632812,257.5,267.0,256.45001220703125,259.79998779296875,712182
2017-04-19,213.70985412597656,253.3000030517578,261.25,251.4499969482422,258.5,742868
2017-04-20,217.04251098632812,257.25,259.79998779296875,254.0,254.60000610351562,583872
2017-04-21,219.44708251953125,260.1000061035156,262.8500061035156,258.1000061035156,259.5,582985
2017-04-24,240.53965759277344,285.1000061035156,288.6499938964844,261.0,261.0,3799128
2017-04-25,261.4212951660156,309.8500061035156,318.3999938964844,279.3500061035156,289.0,16190823
2017-04-26,258.93231201171875,306.8999938964844,316.79998779296875,302.54998779296875,312.0,4084915
2017-04-27,265.1335754394531,314.25,315.79998779296875,307.25,307.25,2415703
2017-04-28,269.22552490234375,319.1000061035156,325.75,313.1000061035156,315.0,2850622
2017-05-02,269.9005126953125,319.8999938964844,321.8999938964844,313.79998779296875,321.75,1149046
2017-05-03,283.2731628417969,335.75,340.70001220703125,317.25,323.04998779296875,3535693
2017-05-04,293.56634521484375,347.95001220703125,351.54998779296875,336.04998779296875,336.1000061035156,2516162
2017-05-05,283.9059143066406,336.5,354.8999938964844,330.1000061035156,348.8999938964844,2485852
2017-05-08,298.1223449707031,353.3500061035156,358.70001220703125,334.0,338.95001220703125,2337513
2017-05-09,294.1147766113281,348.6000061035156,356.79998779296875,340.6499938964844,354.0,1725142
2017-05-10,297.9535827636719,353.1499938964844,360.8999938964844,348.0,349.0,1899123
2017-05-11,300.73779296875,356.45001220703125,359.8999938964844,352.29998779296875,354.0,1154992
2017-05-12,298.9238586425781,354.29998779296875,357.70001220703125,349.29998779296875,356.5,603911
2017-05-15,302.6783142089844,358.75,363.6000061035156,352.1000061035156,354.5,943244
2017-05-16,305.2094421386719,361.75,365.0,353.6499938964844,356.0,992149
2017-05-17,302.72052001953125,358.79998779296875,362.95001220703125,356.54998779296875,362.3999938964844,560983
2017-05-18,297.2364807128906,352.29998779296875,359.0,349.3999938964844,354.0,715427
2017-05-19,290.6555480957031,344.5,358.3999938964844,343.04998779296875,354.0,909627
2017-05-22,280.3202209472656,332.25,349.8999938964844,327.29998779296875,347.3999938964844,843179
2017-05-23,274.03460693359375,324.79998779296875,336.0,309.04998779296875,334.0,1979893
2017-05-24,272.8534240722656,323.3999938964844,330.5,318.1000061035156,325.25,674453
2017-05-25,279.47650146484375,331.25,332.79998779296875,322.5,326.3999938964844,704856
2017-05-26,275.0892333984375,326.04998779296875,336.0,323.5,334.8999938964844,651966
2017-05-29,267.1163024902344,316.6000061035156,330.8999938964844,315.0,324.0,755188
2017-05-30,266.7787780761719,316.20001220703125,324.5,310.95001220703125,312.04998779296875,961161
2017-05-31,266.9053649902344,316.3500061035156,322.04998779296875,314.25,318.25,699328
2017-06-01,273.4018249511719,324.04998779296875,329.79998779296875,313.0,319.20001220703125,1612115
2017-06-02,273.35888671875,318.0,324.70001220703125,314.79998779296875,321.20001220703125,1497982
2017-06-05,271.8545227050781,316.25,322.95001220703125,315.1499938964844,318.1000061035156,1062133
2017-06-06,267.12664794921875,310.75,319.70001220703125,307.75,316.6000061035156,610973
2017-06-07,270.0063781738281,314.1000061035156,316.0,310.5,311.04998779296875,1017888
2017-06-08,265.0205383300781,308.29998779296875,316.5,307.20001220703125,315.29998779296875,868267
2017-06-09,263.9030456542969,307.0,311.70001220703125,306.0,308.29998779296875,492084
2017-06-12,255.17791748046875,296.8500061035156,306.1499938964844,295.25,306.1000061035156,868014
2017-06-13,257.1980285644531,299.20001220703125,303.0,296.8500061035156,296.95001220703125,567012
2017-06-14,263.08636474609375,306.04998779296875,307.79998779296875,296.20001220703125,302.0,1031940
2017-06-15,265.7942199707031,309.20001220703125,311.3999938964844,302.0,304.45001220703125,1214547
2017-06-16,264.5047607421875,307.70001220703125,312.3999938964844,305.8999938964844,309.04998779296875,518869
2017-06-19,265.06353759765625,308.3500061035156,317.5,306.45001220703125,309.54998779296875,1119683
2017-06-20,258.9172668457031,301.20001220703125,310.5,298.70001220703125,308.5,1031875
2017-06-21,258.4874267578125,300.70001220703125,305.0,297.45001220703125,301.0,1166032
2017-06-22,256.5103454589844,298.3999938964844,304.6499938964844,297.04998779296875,302.0,485762
2017-06-23,248.6018524169922,289.20001220703125,298.6000061035156,286.0,298.3999938964844,1129763
2017-06-27,237.12591552734375,275.8500061035156,289.0,274.1499938964844,289.0,1475221
2017-06-28,242.2406463623047,281.79998779296875,284.6000061035156,269.0,270.0,1977684
2017-06-29,240.82229614257812,280.1499938964844,287.0,277.95001220703125,284.0,1316971
2017-06-30,242.84237670898438,282.5,283.6499938964844,278.04998779296875,281.1000061035156,1008379
2017-07-03,245.89402770996094,286.04998779296875,288.3999938964844,280.04998779296875,282.6000061035156,715943
2017-07-04,243.18621826171875,282.8999938964844,288.45001220703125,281.75,287.3999938964844,432336
2017-07-05,240.779296875,280.1000061035156,285.5,279.3999938964844,285.0,768721
2017-07-06,261.2382507324219,303.8999938964844,316.45001220703125,280.8999938964844,280.8999938964844,4679332
2017-07-07,257.112060546875,299.1000061035156,306.45001220703125,296.70001220703125,300.29998779296875,1528442
2017-07-10,263.9030456542969,307.0,309.54998779296875,300.1000061035156,302.70001220703125,379821
2017-07-11,254.619140625,296.20001220703125,308.70001220703125,294.95001220703125,308.0,794713
2017-07-12,263.34429931640625,306.3500061035156,308.0,293.20001220703125,296.3999938964844,1032129
2017-07-13,261.7969665527344,304.54998779296875,309.79998779296875,303.1000061035156,309.79998779296875,640104
2017-07-14,271.8116149902344,316.20001220703125,317.3999938964844,303.5,303.5,2808002
2017-07-17,272.8001403808594,317.3500061035156,323.75,314.0,317.0,1471130
2017-07-18,274.08953857421875,318.8500061035156,325.6499938964844,312.5,315.25,1760288
2017-07-19,283.45941162109375,329.75,334.20001220703125,320.25,321.79998779296875,2021063
2017-07-20,284.0181579589844,330.3999938964844,334.5,327.29998779296875,332.0,1613089
2017-07-21,282.7716979980469,328.95001220703125,339.29998779296875,325.5,332.8999938964844,5323329
2017-07-24,277.22711181640625,322.5,333.5,320.1000061035156,328.6499938964844,1561738
2017-07-25,276.19561767578125,321.29998779296875,326.95001220703125,320.1000061035156,323.0,1353380
2017-07-26,270.6940612792969,314.8999938964844,323.79998779296875,314.3999938964844,321.79998779296875,991387
2017-07-27,266.30999755859375,309.79998779296875,319.8999938964844,309.0,315.25,874407
2017-07-28,265.1925048828125,308.5,313.75,306.25,309.75,1368949
2017-07-31,269.3616638183594,313.3500061035156,317.0,307.8999938964844,309.0,1704915
2017-08-01,263.5162353515625,306.54998779296875,315.3999938964844,304.1000061035156,315.0,1237908
2017-08-02,267.8143310546875,311.54998779296875,316.45001220703125,306.8500061035156,308.45001220703125,1701074
2017-08-03,256.6822204589844,298.6000061035156,310.8999938964844,296.70001220703125,310.8999938964844,1145961
2017-08-04,261.49615478515625,304.20001220703125,305.0,295.0,298.5,918545
2017-08-07,262.0118713378906,304.79998779296875,307.3999938964844,303.5,304.0,722067
2017-08-08,258.22955322265625,300.3999938964844,307.20001220703125,297.1499938964844,305.0,547721
2017-08-09,254.619140625,296.20001220703125,301.3999938964844,294.04998779296875,299.79998779296875,808081
2017-08-10,235.4066925048828,273.8500061035156,296.29998779296875,268.0,294.79998779296875,932333
2017-08-11,240.56442260742188,279.8500061035156,285.29998779296875,262.70001220703125,272.79998779296875,1939289
2017-08-14,252.6420440673828,293.8999938964844,296.75,282.79998779296875,284.3500061035156,915826
2017-08-16,253.84548950195312,295.29998779296875,297.5,287.1499938964844,296.79998779296875,1230227
2017-08-17,261.8829345703125,304.6499938964844,306.95001220703125,291.54998779296875,291.54998779296875,1423081
2017-08-18,261.41015625,304.1000061035156,309.0,297.95001220703125,298.20001220703125,1330340
2017-08-21,255.22093200683594,296.8999938964844,307.29998779296875,296.0,304.1000061035156,446851
2017-08-22,249.41848754882812,290.1499938964844,303.1000061035156,288.45001220703125,298.5,1044992
2017-08-23,256.5103454589844,298.3999938964844,300.8999938964844,293.0,293.3999938964844,1245249
2017-08-24,253.54466247558594,294.95001220703125,299.8999938964844,293.25,299.0,1481670
2017-08-28,252.68499755859375,293.95001220703125,298.45001220703125,292.8999938964844,298.1499938964844,715275
2017-08-29,248.8597412109375,289.5,296.75,288.0,294.25,633505
2017-08-30,249.5474090576172,290.29998779296875,294.25,289.75,291.6000061035156,760461
2017-08-31,246.19488525390625,286.3999938964844,293.04998779296875,285.29998779296875,292.0,1230289
2017-09-01,250.1061553955078,290.95001220703125,295.75,288.0,290.5,1362044
2017-09-04,244.86248779296875,284.8500061035156,292.29998779296875,283.04998779296875,290.0,972712
2017-09-05,245.33529663085938,285.3999938964844,289.70001220703125,284.8999938964844,285.79998779296875,1289875
2017-09-06,244.0028839111328,283.8500061035156,286.6499938964844,282.75,285.45001220703125,962447
2017-09-07,239.44688415527344,278.54998779296875,286.8500061035156,277.1000061035156,284.8999938964844,1676499
2017-09-08,234.1602020263672,272.3999938964844,283.8999938964844,271.75,280.04998779296875,882408
2017-09-11,241.1661376953125,280.54998779296875,282.79998779296875,274.5,278.29998779296875,887451
2017-09-12,243.0143280029297,282.70001220703125,287.3999938964844,281.5,283.0,982981
2017-09-13,243.9169464111328,283.75,288.29998779296875,282.79998779296875,284.8500061035156,642625
2017-09-14,244.2607421875,284.1499938964844,286.8500061035156,279.5,284.95001220703125,695142
2017-09-15,243.44410705566406,283.20001220703125,285.3999938964844,281.0,284.0,551248
2017-09-18,245.12034606933594,285.1499938964844,289.79998779296875,284.04998779296875,284.04998779296875,458306
2017-09-19,245.07742309570312,285.1000061035156,288.0,281.04998779296875,285.0,507182
2017-09-20,243.9169464111328,283.75,287.79998779296875,280.8999938964844,285.5,531418
2017-09-21,241.98277282714844,281.5,286.0,275.0,283.8999938964844,831043
2017-09-22,233.73043823242188,271.8999938964844,281.5,270.29998779296875,281.5,857858
2017-09-25,227.19729614257812,264.29998779296875,271.04998779296875,259.20001220703125,271.0,996183
2017-09-26,226.55258178710938,263.54998779296875,267.3999938964844,262.0,263.70001220703125,912504
2017-09-27,220.3203582763672,256.29998779296875,266.8999938964844,255.0,264.0,565121
2017-09-28,222.46942138671875,258.79998779296875,262.79998779296875,253.0500030517578,256.0,882965
2017-09-29,224.57546997070312,261.25,264.6000061035156,259.0,259.0,544644
2017-10-03,226.122802734375,263.04998779296875,264.95001220703125,258.1000061035156,263.0,461602
2017-10-04,229.7761688232422,267.29998779296875,270.8999938964844,261.79998779296875,263.5,718199
2017-10-05,229.8621368408203,267.3999938964844,271.5,266.1000061035156,268.5,410079
2017-10-06,232.01116943359375,269.8999938964844,274.79998779296875,267.6499938964844,267.70001220703125,519590
2017-10-09,233.21466064453125,271.29998779296875,273.6000061035156,268.6000061035156,269.79998779296875,297076
2017-10-10,237.72764587402344,276.54998779296875,279.70001220703125,270.79998779296875,271.5,485234
2017-10-11,232.74185180664062,270.75,281.54998779296875,269.0,276.79998779296875,711436
2017-10-12,234.33218383789062,272.6000061035156,274.1000061035156,265.04998779296875,272.0,532957
2017-10-13,234.71896362304688,273.04998779296875,277.0,270.20001220703125,270.8999938964844,761940
2017-10-16,232.8708038330078,270.8999938964844,275.79998779296875,269.6499938964844,273.04998779296875,480240
2017-10-17,233.1716766357422,271.25,275.0,268.20001220703125,269.79998779296875,746147
2017-10-18,226.16578674316406,263.1000061035156,271.1000061035156,262.25,271.0,757310
2017-10-19,221.82467651367188,258.04998779296875,264.8999938964844,255.0500030517578,264.6499938964844,197745
2017-10-23,227.02540588378906,264.1000061035156,265.25,258.0,259.0,854137
2017-10-24,232.31207275390625,270.25,274.70001220703125,262.70001220703125,265.0,994720
2017-10-25,281.2673645019531,327.20001220703125,333.79998779296875,288.0,288.0,9885394
2017-10-26,274.47637939453125,319.29998779296875,355.8500061035156,310.25,326.0,3841076
2017-10-27,263.4302673339844,306.45001220703125,322.6499938964844,305.20001220703125,322.0,1093654
2017-10-30,278.8174133300781,324.3500061035156,326.95001220703125,304.45001220703125,306.04998779296875,2173434
2017-10-31,270.6080627441406,314.79998779296875,326.29998779296875,312.1499938964844,326.25,1071896
2017-11-01,277.8288879394531,323.20001220703125,327.5,317.5,317.5,1269327
2017-11-02,288.7890625,335.95001220703125,340.54998779296875,319.04998779296875,322.79998779296875,1739612
2017-11-03,298.45977783203125,347.20001220703125,350.0,335.0,336.6000061035156,1891369
2017-11-06,324.3342590332031,377.29998779296875,384.79998779296875,347.3999938964844,348.0,10749494
2017-11-07,311.48297119140625,362.3500061035156,379.95001220703125,358.0,379.20001220703125,3140722
2017-11-08,318.44586181640625,370.45001220703125,378.5,360.1000061035156,364.5,3079135
2017-11-09,345.1370544433594,401.5,406.0,372.0,372.70001220703125,6729838
2017-11-10,348.48956298828125,405.3999938964844,411.6499938964844,392.79998779296875,400.0,4448319
2017-11-13,349.86492919921875,407.0,417.75,399.6000061035156,407.8999938964844,2541095
2017-11-14,344.62127685546875,400.8999938964844,411.0,399.75,406.45001220703125,1637505
2017-11-15,336.368896484375,391.29998779296875,408.1499938964844,386.1000061035156,403.25,1962144
2017-11-16,354.6358337402344,412.54998779296875,414.75,385.54998779296875,395.04998779296875,2929291
2017-11-17,354.6358337402344,412.54998779296875,427.3999938964844,410.3999938964844,424.29998779296875,2775465
2017-11-20,358.9769287109375,417.6000061035156,419.79998779296875,407.79998779296875,410.70001220703125,1206640
2017-11-21,352.2718811035156,409.79998779296875,420.70001220703125,406.79998779296875,417.0,1125898
2017-11-22,357.08575439453125,415.3999938964844,418.8999938964844,405.3999938964844,412.6000061035156,1583328
2017-11-23,353.7332458496094,411.5,416.79998779296875,406.1499938964844,414.0,941057
2017-11-24,353.9051818847656,411.70001220703125,420.95001220703125,407.5,412.8999938964844,1586119
2017-11-27,355.1086730957031,413.1000061035156,418.3500061035156,402.1000061035156,403.1499938964844,1338200
2017-11-28,346.5124206542969,403.1000061035156,415.95001220703125,401.5,413.0,1713396
2017-11-29,347.8878479003906,404.70001220703125,408.5,400.75,403.1000061035156,1433056
2017-11-30,337.5293884277344,392.6499938964844,404.0,389.20001220703125,403.8999938964844,3112963
2017-12-01,336.5838317871094,391.54998779296875,403.5,388.1000061035156,394.0,1832578
2017-12-04,330.1797180175781,384.1000061035156,394.79998779296875,380.25,393.0,1494836
2017-12-05,333.0163879394531,387.3999938964844,389.8500061035156,378.0,382.5,1022191
2017-12-06,326.09649658203125,379.3500061035156,389.8999938964844,377.1000061035156,386.79998779296875,930120
2017-12-07,329.8358459472656,383.70001220703125,385.45001220703125,379.75,379.75,778922
2017-12-08,330.86737060546875,384.8999938964844,389.75,380.95001220703125,385.0,683531
2017-12-11,332.88751220703125,387.25,395.0,384.3500061035156,386.5,1149067
2017-12-12,322.443115234375,375.1000061035156,387.8999938964844,373.1000061035156,387.8999938964844,819156
2017-12-13,321.54052734375,374.04998779296875,381.0,370.8500061035156,375.0,1152045
2017-12-14,321.1106872558594,373.54998779296875,377.79998779296875,367.75,374.5,722040
2017-12-15,329.320068359375,383.1000061035156,386.0,375.6000061035156,380.0,914116
2017-12-18,334.8645935058594,389.54998779296875,396.5,362.0,380.3500061035156,1998018
2017-12-19,336.7987060546875,391.79998779296875,394.95001220703125,390.29998779296875,391.8999938964844,735746
2017-12-20,337.1855773925781,392.25,398.8999938964844,389.75,393.70001220703125,1171964
2017-12-21,336.4549255371094,391.3999938964844,397.79998779296875,389.5,392.25,728865
2017-12-22,336.7987060546875,391.79998779296875,398.5,390.0,392.20001220703125,770150
2017-12-26,333.7471008300781,388.25,391.70001220703125,386.54998779296875,391.70001220703125,533393
2017-12-27,331.4690856933594,385.6000061035156,393.3999938964844,381.1000061035156,388.0,467904
2017-12-28,326.87017822265625,380.25,387.8500061035156,377.8999938964844,385.8999938964844,592172
2017-12-29,323.8185119628906,376.70001220703125,385.0,375.3999938964844,380.0,670416
2018-01-01,324.2053527832031,377.1499938964844,382.0,376.0,379.70001220703125,343125
2018-01-02,322.8299255371094,375.54998779296875,379.8999938964844,372.25,376.25,556896
2018-01-03,320.8098449707031,373.20001220703125,378.95001220703125,371.3999938964844,375.0,813917
2018-01-04,326.7842102050781,380.1499938964844,383.04998779296875,371.3500061035156,374.0,1146187
2018-01-05,326.01055908203125,379.25,384.75,376.5,383.5,750983
2018-01-08,327.2569885253906,380.70001220703125,383.0,378.1000061035156,380.8999938964844,772552
2018-01-09,324.89306640625,377.95001220703125,385.79998779296875,375.70001220703125,381.0,460352
2018-01-10,321.0247497558594,373.45001220703125,379.20001220703125,371.0,376.95001220703125,768888
2018-01-11,318.8327331542969,370.8999938964844,376.5,368.54998779296875,371.0,609380
2018-01-12,321.7124328613281,374.25,375.6499938964844,367.1499938964844,367.1499938964844,1295418
2018-01-15,328.6323547363281,382.29998779296875,385.0,374.0,374.1000061035156,1177986
2018-01-16,318.0590515136719,370.0,384.5,368.1499938964844,384.0,743640
2018-01-17,331.9848937988281,386.20001220703125,387.6499938964844,365.04998779296875,369.29998779296875,1240978
2018-01-18,323.7325439453125,376.6000061035156,394.3500061035156,371.45001220703125,393.20001220703125,1170552
2018-01-19,327.72979736328125,381.25,385.8500061035156,372.25,376.8999938964844,727977
2018-01-22,328.41741943359375,382.04998779296875,384.8500061035156,376.1000061035156,381.70001220703125,512874
2018-01-23,341.7845458984375,397.6000061035156,400.95001220703125,380.3999938964844,382.0,1576073
2018-01-24,346.5124206542969,403.1000061035156,406.0,391.20001220703125,396.79998779296875,2195665
2018-01-25,324.7210998535156,377.75,399.95001220703125,375.3500061035156,399.95001220703125,2689763
2018-01-29,317.328369140625,369.1499938964844,381.3500061035156,368.1000061035156,381.0,678303
2018-01-30,316.8126220703125,368.54998779296875,374.5,365.79998779296875,368.0,940081
2018-01-31,311.6978454589844,362.6000061035156,372.8999938964844,357.3500061035156,368.6499938964844,802290
2018-02-01,303.9613037109375,353.6000061035156,367.79998779296875,349.0,362.0,942302
2018-02-02,292.5283508300781,340.29998779296875,358.0,335.3999938964844,345.0,1255776
2018-02-05,292.35650634765625,340.1000061035156,346.3999938964844,327.04998779296875,334.70001220703125,801237
2018-02-06,281.82611083984375,327.8500061035156,333.79998779296875,312.0,328.0,1267150
2018-02-07,283.9751892089844,330.3500061035156,336.75,326.04998779296875,335.0,1127283
2018-02-08,292.6573181152344,340.45001220703125,342.5,328.5,328.8999938964844,864336
2018-02-09,291.7546691894531,339.3999938964844,343.75,330.3500061035156,333.0,526269
2018-02-12,307.18487548828125,357.3500061035156,364.8999938964844,343.79998779296875,345.0,4081209
2018-02-14,300.30792236328125,349.3500061035156,360.5,347.25,357.0,1575348
2018-02-15,296.8694763183594,345.3500061035156,354.04998779296875,340.25,348.0,1755556
2018-02-16,289.6486511230469,336.95001220703125,350.0,335.20001220703125,345.3500061035156,860437
2018-02-19,271.0809020996094,315.3500061035156,337.0,309.5,330.0,2986100
2018-02-20,281.69720458984375,327.70001220703125,329.8999938964844,304.6000061035156,310.0,2598980
2018-02-21,280.6226501464844,326.45001220703125,332.70001220703125,316.5,331.0,1961660
2018-02-22,274.6482849121094,319.5,329.0,318.0,324.0,1686698
2018-02-23,273.35888671875,318.0,324.95001220703125,316.45001220703125,322.0,1260148
2018-02-26,278.6025695800781,324.1000061035156,326.5,311.75,320.54998779296875,1405766
2018-02-27,267.9002685546875,311.6499938964844,324.0,310.45001220703125,322.0,1172892
2018-02-28,284.619873046875,331.1000061035156,334.8999938964844,300.1000061035156,307.0,4293602
2018-03-01,272.71417236328125,317.25,333.25,315.04998779296875,328.04998779296875,2710444
2018-03-05,262.8285217285156,305.75,318.29998779296875,303.0,313.6499938964844,2098397
2018-03-06,249.46145629882812,290.20001220703125,313.5,284.0,309.75,2122710
2018-03-07,244.04583740234375,283.8999938964844,292.75,277.25,290.0,2221599
2018-03-08,241.72491455078125,281.20001220703125,288.70001220703125,269.0,285.3999938964844,3543173
2018-03-09,239.36094665527344,278.45001220703125,286.29998779296875,274.3500061035156,285.0,2201364
2018-03-12,243.8309326171875,283.6499938964844,285.20001220703125,270.79998779296875,279.0,2041514
2018-03-13,252.34115600585938,293.54998779296875,305.8500061035156,277.25,280.6000061035156,4988144
2018-03-14,261.2812194824219,303.95001220703125,305.1000061035156,286.8500061035156,288.0,3260474
2018-03-15,261.8399963378906,304.6000061035156,309.1000061035156,302.0,305.0,1879644
2018-03-16,263.08636474609375,306.04998779296875,313.6499938964844,301.70001220703125,302.0,2856638
2018-03-19,252.42710876464844,293.6499938964844,313.6000061035156,291.95001220703125,306.3999938964844,1925760
2018-03-20,248.21498107910156,288.75,295.79998779296875,285.0,291.5,1751015
2018-03-21,249.9342498779297,290.75,299.5,289.6000061035156,290.1499938964844,1461402
2018-03-22,248.6018524169922,289.20001220703125,293.95001220703125,286.3500061035156,292.0,814379
2018-03-23,241.46701049804688,280.8999938964844,282.20001220703125,274.25,282.0,1386158
2018-03-26,251.3096160888672,292.3500061035156,293.45001220703125,276.3500061035156,278.0,1955300
2018-03-27,263.64520263671875,306.70001220703125,308.25,295.8500061035156,297.0,2091254
2018-03-28,257.7137451171875,299.79998779296875,306.6000061035156,298.0,301.0,1198458
2018-04-02,259.6909484863281,302.1000061035156,305.45001220703125,295.79998779296875,299.79998779296875,716639
2018-04-03,264.20391845703125,307.3500061035156,312.1000061035156,302.75,304.95001220703125,1341795
2018-04-04,260.3786315917969,302.8999938964844,312.8500061035156,299.1499938964844,306.5,1283750
2018-04-05,272.7571105957031,317.29998779296875,319.6000061035156,305.29998779296875,308.0,1704321
2018-04-06,275.7228088378906,320.75,323.0,313.54998779296875,321.0,1750664
2018-04-09,276.79736328125,322.0,326.04998779296875,317.79998779296875,320.0,1324329
2018-04-10,278.55950927734375,324.04998779296875,327.3999938964844,321.0,325.20001220703125,909288
2018-04-11,274.304443359375,319.1000061035156,324.6000061035156,316.3999938964844,323.0,789777
2018-04-12,271.7685546875,316.1499938964844,321.75,315.0,317.5,782433
2018-04-13,275.9806823730469,321.04998779296875,325.0,315.6000061035156,315.6000061035156,1227650
2018-04-16,274.1325378417969,318.8999938964844,323.95001220703125,315.1000061035156,321.0,882316
2018-04-17,274.1755065917969,318.95001220703125,323.75,316.0,318.8999938964844,601000
2018-04-18,263.6881408691406,306.75,322.95001220703125,305.3999938964844,319.25,1154026
2018-04-19,267.599365234375,311.29998779296875,313.0,305.29998779296875,305.8500061035156,1005318
2018-04-20,260.1636962890625,302.6499938964844,309.20001220703125,298.04998779296875,309.20001220703125,1103947
2018-04-23,265.92315673828125,309.3500061035156,311.3999938964844,296.70001220703125,302.6499938964844,1868333
2018-04-24,264.8486633300781,308.1000061035156,312.29998779296875,304.29998779296875,310.8999938964844,720910
2018-04-25,262.6565856933594,305.54998779296875,313.8999938964844,302.95001220703125,306.75,733917
2018-04-26,268.15814208984375,311.95001220703125,314.0,306.0,306.0,1118255
2018-04-27,269.96337890625,314.04998779296875,325.45001220703125,303.0,313.5,1948944
2018-04-30,276.3675537109375,321.5,323.3500061035156,312.79998779296875,314.25,1202568
2018-05-02,263.9030456542969,307.0,324.1499938964844,303.6000061035156,322.20001220703125,1316376
2018-05-03,267.9862365722656,311.75,314.45001220703125,305.3999938964844,307.0,861141
2018-05-04,266.4819030761719,310.0,316.1499938964844,308.5,312.0,1295109
2018-05-07,276.19561767578125,321.29998779296875,322.5,310.0,311.0,1313573
2018-05-08,293.04412841796875,340.8999938964844,349.0,319.45001220703125,324.0,4714431
2018-05-09,294.5484619140625,342.6499938964844,345.70001220703125,334.1499938964844,335.20001220703125,2154768
2018-05-10,269.83441162109375,313.8999938964844,345.6499938964844,293.25,345.5,12262256
2018-05-11,273.4018249511719,318.04998779296875,321.0,304.1000061035156,311.0,3565024
2018-05-14,269.3186340332031,313.29998779296875,321.6499938964844,310.6499938964844,316.1000061035156,1144119
2018-05-15,264.2898864746094,307.45001220703125,319.3500061035156,304.5,310.0,1424346
2018-05-16,258.96026611328125,301.25,308.04998779296875,296.79998779296875,305.0,1740204
2018-05-17,259.5619812011719,301.95001220703125,306.29998779296875,299.29998779296875,303.95001220703125,1052872
2018-05-18,258.3585205078125,300.54998779296875,306.5,298.5,302.3500061035156,1396979
2018-05-21,264.1179504394531,307.25,311.3999938964844,301.04998779296875,302.29998779296875,1476582
2018-05-22,263.30133056640625,306.29998779296875,313.25,303.75,310.20001220703125,1479474
2018-05-23,265.8371887207031,309.25,311.95001220703125,304.5,305.0,1602203
2018-05-24,263.946044921875,307.04998779296875,310.70001220703125,304.45001220703125,309.29998779296875,694873
2018-05-25,272.2843322753906,316.75,320.0,307.0,307.3999938964844,1378333
2018-05-28,288.5311279296875,335.6499938964844,343.79998779296875,318.0,319.5,2243982
2018-05-29,280.7085876464844,326.54998779296875,337.6000061035156,324.25,334.70001220703125,1144948
2018-05-30,286.1672058105469,332.8999938964844,335.0,318.29998779296875,324.8999938964844,2317522
2018-05-31,293.00115966796875,340.8500061035156,350.45001220703125,330.1499938964844,332.8999938964844,2337178
2018-06-01,290.2933654785156,337.70001220703125,342.25,325.04998779296875,340.1000061035156,1861358
2018-06-04,290.7231750488281,338.20001220703125,342.0,334.5,338.95001220703125,1102825
2018-06-05,283.8462219238281,330.20001220703125,338.3999938964844,328.5,336.6499938964844,1248280
2018-06-06,297.9869384765625,346.6499938964844,348.6499938964844,327.04998779296875,329.0,1892508
2018-06-07,302.2850341796875,351.6499938964844,354.8999938964844,344.3999938964844,348.0,1856266
2018-06-08,315.9959716796875,367.6000061035156,371.0,347.1499938964844,349.5,2460407
2018-06-11,314.6635437011719,366.04998779296875,372.54998779296875,362.0,368.29998779296875,1976299
2018-06-12,311.0531311035156,361.8500061035156,368.3500061035156,360.1499938964844,365.25,1081848
2018-06-13,312.85833740234375,363.95001220703125,375.1499938964844,362.25,362.8999938964844,1964726
2018-06-14,308.861083984375,359.29998779296875,366.75,356.3500061035156,364.70001220703125,1095971
2018-06-15,301.89825439453125,351.20001220703125,362.5,350.1499938964844,358.1000061035156,1156857
2018-06-18,306.0243835449219,356.0,358.8999938964844,348.0,348.0,982359
2018-06-19,304.9068908691406,354.70001220703125,361.70001220703125,350.5,355.29998779296875,1227026
2018-06-20,304.94989013671875,354.75,359.6000061035156,353.1499938964844,355.0,917221
2018-06-21,300.22808837890625,343.3500061035156,352.0,340.45001220703125,350.79998779296875,1364853
2018-06-22,301.2773132324219,344.54998779296875,347.20001220703125,337.79998779296875,343.0,938870
2018-06-25,303.3321533203125,346.8999938964844,349.3500061035156,336.8999938964844,344.8500061035156,1439883
2018-06-26,305.7368469238281,349.6499938964844,352.3999938964844,342.0,346.0,903325
2018-06-27,303.63824462890625,347.25,353.0,342.1000061035156,350.5,1098608
2018-06-28,303.46337890625,347.04998779296875,350.70001220703125,332.0,346.0,2495943
2018-06-29,300.5341491699219,343.70001220703125,348.6000061035156,338.95001220703125,344.0,1681249
2018-07-02,298.3043518066406,341.1499938964844,350.3999938964844,336.95001220703125,346.8999938964844,1148417
2018-07-03,296.77410888671875,339.3999938964844,344.04998779296875,337.45001220703125,342.0,651334
2018-07-04,294.8941955566406,337.25,342.20001220703125,334.45001220703125,339.0,847620
2018-07-05,295.156494140625,337.54998779296875,341.5,335.5,337.25,606237
2018-07-06,299.52850341796875,342.54998779296875,349.25,336.8999938964844,337.25,1482058
2018-07-09,304.6001281738281,348.3500061035156,351.29998779296875,343.04998779296875,344.8999938964844,594603
2018-07-10,312.1199951171875,356.95001220703125,358.8999938964844,348.0,350.0,968398
2018-07-11,303.9880065917969,347.6499938964844,358.5,345.25,355.0,771451
2018-07-12,303.9443054199219,347.6000061035156,355.29998779296875,344.45001220703125,350.0,602944
2018-07-13,292.7081298828125,334.75,349.20001220703125,333.3999938964844,347.0,615699
2018-07-16,282.3027038574219,322.8500061035156,336.25,317.8999938964844,336.25,602056
2018-07-17,295.8559875488281,338.3500061035156,339.6000061035156,318.29998779296875,322.29998779296875,1296286
2018-07-18,287.19940185546875,328.45001220703125,341.5,326.75,338.0,1090630
2018-07-19,286.237548828125,327.3500061035156,333.8500061035156,319.3999938964844,325.0,1080403
2018-07-20,271.2851257324219,310.25,329.0,306.45001220703125,328.04998779296875,2303922
2018-07-23,279.679443359375,319.8500061035156,322.5,305.04998779296875,310.0,1630450
2018-07-24,284.2263488769531,325.04998779296875,326.70001220703125,317.0,319.0,1251625
2018-07-25,290.216064453125,331.8999938964844,334.3999938964844,321.79998779296875,324.0,1120840
2018-07-26,309.75909423828125,354.25,356.0,333.5,334.8999938964844,2274929
2018-07-27,308.97210693359375,353.3500061035156,356.45001220703125,347.70001220703125,354.0,1297422
2018-07-30,316.798095703125,362.29998779296875,370.0,356.0,356.0,2250283
2018-07-31,312.77581787109375,357.70001220703125,366.25,351.0,361.5,1412926
2018-08-01,308.92840576171875,353.29998779296875,362.25,349.25,357.5,1617540
2018-08-02,311.1581726074219,355.8500061035156,359.0,345.0,350.8999938964844,1306347
2018-08-03,318.85296630859375,364.6499938964844,366.0,356.95001220703125,357.0,1724190
2018-08-06,329.520751953125,376.8500061035156,379.0,364.1000061035156,365.0,2329278
2018-08-07,327.2035827636719,374.20001220703125,379.70001220703125,371.5,379.0,1959876
2018-08-08,310.4585876464844,355.04998779296875,373.54998779296875,351.5,372.8999938964844,3204942
2018-08-09,313.2567443847656,358.25,377.6499938964844,356.70001220703125,370.5,6705274
2018-08-10,302.6326904296875,346.1000061035156,359.20001220703125,343.3500061035156,358.25,1794008
2018-08-13,293.7574462890625,335.95001220703125,342.95001220703125,332.25,340.0,1928534
2018-08-14,299.0038757324219,341.95001220703125,345.54998779296875,336.75,337.95001220703125,1061473
2018-08-16,294.5444030761719,336.8500061035156,345.79998779296875,333.75,338.54998779296875,1267517
2018-08-17,298.43548583984375,341.29998779296875,344.0,336.75,339.3500061035156,1491817
2018-08-20,302.2392272949219,345.6499938964844,347.70001220703125,341.3999938964844,345.0,867354
2018-08-21,298.39178466796875,341.25,346.95001220703125,340.0,345.95001220703125,844829
2018-08-23,292.1398010253906,334.1000061035156,342.5,332.6000061035156,341.8999938964844,1087781
2018-08-24,286.67474365234375,327.8500061035156,337.54998779296875,326.20001220703125,335.0,1291785
2018-08-27,288.5546875,330.0,334.04998779296875,327.0,330.0,1315670
2018-08-28,284.66357421875,325.54998779296875,333.0,322.25,333.0,721999
2018-08-29,286.28125,327.3999938964844,331.6000061035156,324.04998779296875,325.3999938964844,1045446
2018-08-30,291.9211730957031,333.8500061035156,334.6499938964844,322.75,327.79998779296875,1288821
2018-08-31,290.697021484375,332.45001220703125,334.8999938964844,327.6000061035156,334.8999938964844,946068
2018-09-03,287.46173095703125,328.75,339.1499938964844,327.04998779296875,333.8999938964844,1202419
2018-09-04,275.08880615234375,314.6000061035156,329.6499938964844,312.8500061035156,328.70001220703125,1088538
2018-09-05,270.716796875,309.6000061035156,315.0,302.29998779296875,313.0,1444621
2018-09-06,276.31298828125,316.0,319.5,307.3999938964844,312.25,1608251
2018-09-07,282.433837890625,323.0,323.8999938964844,312.75,315.95001220703125,1399076
2018-09-10,279.98553466796875,320.20001220703125,327.70001220703125,318.3500061035156,321.0,1212492
2018-09-11,278.97991943359375,319.04998779296875,326.5,317.6000061035156,319.6000061035156,1311754
2018-09-12,281.0784912109375,321.45001220703125,323.29998779296875,314.1000061035156,319.0,1191452
2018-09-14,281.82177734375,322.29998779296875,327.0,319.04998779296875,324.3999938964844,682772
2018-09-17,279.1548156738281,319.25,323.1000061035156,315.1000061035156,320.0,1167670
2018-09-18,254.93368530273438,291.54998779296875,313.95001220703125,288.25,313.0,6636783
2018-09-19,253.05372619628906,289.3999938964844,296.29998779296875,284.3999938964844,292.0,4494839
2018-09-21,238.45111083984375,272.70001220703125,293.1499938964844,246.0,293.0,2913381
2018-09-24,224.0233917236328,256.20001220703125,274.79998779296875,252.89999389648438,274.0,1467467
2018-09-25,206.62265014648438,236.3000030517578,254.39999389648438,219.25,252.0,5652006
2018-09-26,209.158447265625,239.1999969482422,243.64999389648438,234.60000610351562,240.1999969482422,2274244
2018-09-27,198.1846160888672,226.64999389648438,242.8000030517578,225.89999389648438,241.39999389648438,1668328
2018-09-28,198.84042358398438,227.39999389648438,237.0,220.9499969482422,228.0,2699222
2018-10-01,215.32302856445312,246.25,247.5,219.5500030517578,225.0500030517578,2658184
2018-10-03,220.39459228515625,252.0500030517578,262.0,240.5500030517578,244.85000610351562,2358346
2018-10-04,216.63462829589844,247.75,253.8000030517578,242.0,246.8000030517578,1505354
2018-10-05,200.63294982910156,229.4499969482422,250.60000610351562,226.3000030517578,247.0,2694318
2018-10-08,201.46365356445312,230.39999389648438,232.14999389648438,220.5,225.0,2206856
2018-10-09,197.35391235351562,225.6999969482422,234.0,223.10000610351562,230.39999389648438,1509050
2018-10-10,211.73793029785156,242.14999389648438,244.8000030517578,226.0,226.0,1829188
2018-10-11,202.0757293701172,231.10000610351562,239.64999389648438,226.75,232.0,1421884
2018-10-12,207.1035919189453,236.85000610351562,240.3000030517578,232.14999389648438,233.75,1111021
2018-10-15,207.6719512939453,237.5,241.25,233.1999969482422,237.0,963340
2018-10-16,212.96212768554688,243.5500030517578,247.25,235.0,237.75,1275725
2018-10-17,197.65997314453125,226.0500030517578,247.5500030517578,224.0,247.0,1792394
2018-10-19,194.94931030273438,222.9499969482422,229.1999969482422,220.4499969482422,222.3000030517578,1627489
2018-10-22,191.0144805908203,218.4499969482422,229.8000030517578,217.10000610351562,225.14999389648438,1801497
2018-10-23,186.99220275878906,213.85000610351562,219.75,211.39999389648438,214.9499969482422,1288442
2018-10-24,189.30938720703125,216.5,219.35000610351562,210.39999389648438,218.64999389648438,1420819
2018-10-25,190.9270477294922,218.35000610351562,222.14999389648438,212.60000610351562,214.1999969482422,1398789
2018-10-26,194.38095092773438,222.3000030517578,224.8000030517578,214.0,218.39999389648438,1346957
2018-10-29,211.0821533203125,241.39999389648438,246.39999389648438,220.39999389648438,225.0,2548120
2018-10-30,224.41685485839844,256.6499938964844,264.3999938964844,237.0,237.0,4623688
2018-10-31,220.96295166015625,252.6999969482422,258.75,245.64999389648438,257.0,2677138
2018-11-01,219.17041015625,250.64999389648438,256.29998779296875,248.10000610351562,252.6999969482422,1845822
2018-11-02,217.24671936035156,248.4499969482422,260.79998779296875,244.25,252.60000610351562,1774228
2018-11-05,222.49317932128906,254.4499969482422,260.0,244.60000610351562,246.60000610351562,1346396
2018-11-06,225.55360412597656,257.95001220703125,269.70001220703125,256.54998779296875,257.29998779296875,2479943
2018-11-07,228.74517822265625,261.6000061035156,262.79998779296875,258.5,261.0,306096
2018-11-09,200.63294982910156,229.4499969482422,265.70001220703125,226.60000610351562,261.0,13057900
2018-11-12,194.0749053955078,221.9499969482422,232.35000610351562,220.5,229.0,6313840
2018-11-13,194.90557861328125,222.89999389648438,226.0,220.0,220.39999389648438,2841206
2018-11-14,197.7473907470703,226.14999389648438,231.60000610351562,223.0,224.0,2898198
2018-11-15,197.52882385253906,225.89999389648438,227.9499969482422,221.0,225.60000610351562,1820757
2018-11-16,200.37062072753906,229.14999389648438,232.5,223.0500030517578,226.25,2204361
2018-11-19,200.5017852783203,229.3000030517578,233.35000610351562,226.0,232.89999389648438,1231336
2018-11-20,199.40879821777344,228.0500030517578,234.9499969482422,225.39999389648438,228.0500030517578,2644085
2018-11-21,202.3817901611328,231.4499969482422,234.8000030517578,226.5,226.85000610351562,1805663
2018-11-22,198.66554260253906,227.1999969482422,234.0,225.5500030517578,231.1999969482422,1261794
2018-11-26,195.73626708984375,223.85000610351562,228.8000030517578,221.10000610351562,228.0,1330282
2018-11-27,198.14089965820312,226.60000610351562,228.39999389648438,223.14999389648438,224.0,1190102
2018-11-28,193.7251434326172,221.5500030517578,229.0,220.4499969482422,226.8000030517578,1713177
2018-11-29,196.12974548339844,224.3000030517578,226.0,221.0500030517578,222.5,1197696
2018-11-30,200.9390106201172,229.8000030517578,232.25,223.64999389648438,225.0,1664145
2018-12-03,200.72039794921875,229.5500030517578,232.9499969482422,225.1999969482422,230.25,1234194
2018-12-04,197.17904663085938,225.5,232.0,224.35000610351562,228.4499969482422,1252328
2018-12-05,194.2935028076172,222.1999969482422,225.6999969482422,219.25,223.60000610351562,1319887
2018-12-06,189.00332641601562,216.14999389648438,220.9499969482422,213.5,220.89999389648438,1333427
2018-12-07,190.62098693847656,218.0,220.3000030517578,210.8000030517578,216.9499969482422,1830500
2018-12-10,189.8340301513672,217.10000610351562,221.5500030517578,213.0,213.0,1162195
2018-12-11,193.55026245117188,221.35000610351562,223.8000030517578,213.0,213.85000610351562,1836533
2018-12-12,198.84042358398438,227.39999389648438,229.60000610351562,221.5,221.5,1521010
2018-12-13,209.02728271484375,239.0500030517578,242.64999389648438,228.60000610351562,228.60000610351562,4383722
2018-12-14,209.98912048339844,240.14999389648438,241.3000030517578,235.0,238.0,1381025
2018-12-17,207.45333862304688,237.25,242.60000610351562,236.39999389648438,240.1999969482422,962018
2018-12-18,212.74351501464844,243.3000030517578,244.0,234.14999389648438,235.10000610351562,1807714
2018-12-19,217.59649658203125,248.85000610351562,252.3000030517578,243.35000610351562,244.8000030517578,2264284
2018-12-20,215.76022338867188,246.75,253.8000030517578,245.1999969482422,250.0,1615693
2018-12-21,209.3332977294922,239.39999389648438,249.5,238.35000610351562,245.35000610351562,1542013
2018-12-24,208.4589080810547,238.39999389648438,242.64999389648438,235.75,241.89999389648438,1107636
2018-12-26,209.98912048339844,240.14999389648438,241.25,231.75,236.85000610351562,1022070
2018-12-27,209.11471557617188,239.14999389648438,247.89999389648438,238.0,241.89999389648438,1150023
2018-12-28,212.13143920898438,242.60000610351562,244.89999389648438,239.64999389648438,240.60000610351562,1121138
2018-12-31,212.96212768554688,243.5500030517578,246.75,241.4499969482422,243.89999389648438,868633
2019-01-01,219.78250122070312,251.35000610351562,252.75,242.64999389648438,243.85000610351562,2285555
2019-01-02,214.9732666015625,245.85000610351562,255.6999969482422,244.5,252.25,3143838
2019-01-03,214.66720581054688,245.5,249.5,243.85000610351562,245.85000610351562,1381076
2019-01-04,218.38345336914062,249.75,251.25,243.75,248.8000030517578,1958372
2019-01-07,215.9351043701172,246.9499969482422,253.60000610351562,245.10000610351562,252.89999389648438,1357982
2019-01-08,225.46615600585938,257.8500061035156,258.79998779296875,245.89999389648438,247.0,2203536
2019-01-09,221.61874389648438,253.4499969482422,259.3999938964844,249.9499969482422,259.0,2913472
2019-01-10,220.04481506347656,251.64999389648438,255.5,251.0,254.0,914568
2019-01-11,221.7499237060547,253.60000610351562,254.5500030517578,250.39999389648438,253.0,1032376
2019-01-14,220.65692138671875,252.35000610351562,258.0,250.39999389648438,253.25,883417
2019-01-15,220.61318969726562,252.3000030517578,254.6999969482422,250.14999389648438,253.10000610351562,596173
2019-01-16,224.7666015625,257.04998779296875,259.29998779296875,252.5,252.5,1270955
2019-01-17,227.47727966308594,260.1499938964844,262.29998779296875,256.0,257.04998779296875,1252757
2019-01-18,215.06068420410156,245.9499969482422,259.8999938964844,244.0,258.6000061035156,1914816
2019-01-21,213.00584411621094,243.60000610351562,250.0,241.85000610351562,246.35000610351562,1532754
2019-01-22,217.24671936035156,248.4499969482422,251.0,242.75,243.60000610351562,1661168
2019-01-23,217.2904510498047,248.5,251.89999389648438,246.85000610351562,249.4499969482422,733176
2019-01-24,223.80477905273438,255.9499969482422,258.0,247.6999969482422,249.0,1644817
2019-01-25,208.4589080810547,238.39999389648438,258.0,231.0,258.0,5812134
2019-01-28,190.97076416015625,218.39999389648438,236.8000030517578,212.6999969482422,236.8000030517578,5100353
2019-01-29,197.04788208007812,225.35000610351562,229.5,218.9499969482422,219.89999389648438,3354162
2019-01-30,198.66554260253906,227.1999969482422,228.75,222.64999389648438,226.4499969482422,2463501
2019-01-31,197.0915985107422,225.39999389648438,230.0,224.0,228.10000610351562,1244835
2019-02-01,195.867431640625,224.0,230.0,220.0,227.0,1180493
2019-02-04,187.73544311523438,214.6999969482422,223.9499969482422,213.0500030517578,223.9499969482422,1446292
2019-02-05,187.12335205078125,214.0,218.14999389648438,212.25,217.6999969482422,1368416
2019-02-06,188.69729614257812,215.8000030517578,217.0,207.14999389648438,214.89999389648438,1757922
2019-02-07,191.2767791748047,218.75,220.64999389648438,213.5500030517578,218.0,1623329
2019-02-08,186.423828125,213.1999969482422,218.6999969482422,211.75,218.6999969482422,1900652
2019-02-11,180.43414306640625,206.35000610351562,213.8000030517578,204.5,213.64999389648438,1252062
2019-02-12,177.89833068847656,203.4499969482422,206.89999389648438,200.0,205.85000610351562,1676121
2019-02-14,202.20689392089844,231.25,240.0,215.35000610351562,219.10000610351562,2755081
2019-02-15,186.1177978515625,212.85000610351562,232.64999389648438,211.1999969482422,232.0,2381306
2019-02-18,182.75131225585938,209.0,216.3000030517578,207.39999389648438,212.85000610351562,1558054
2019-02-19,187.69171142578125,214.64999389648438,219.5,208.60000610351562,210.0500030517578,3531642
2019-02-20,193.55026245117188,221.35000610351562,223.0,215.10000610351562,215.89999389648438,2458984
2019-02-21,192.58839416503906,220.25,224.75,218.85000610351562,223.1999969482422,1961072
2019-02-22,193.11305236816406,220.85000610351562,222.1999969482422,216.1999969482422,219.6999969482422,1325538
2019-02-25,190.88331604003906,218.3000030517578,222.4499969482422,216.75,220.85000610351562,1180012
2019-02-26,193.06932067871094,220.8000030517578,222.3000030517578,210.0,216.0,1814034
2019-02-27,193.11305236816406,220.85000610351562,226.5,218.0,221.0,1792474
2019-02-28,196.39208984375,224.60000610351562,229.39999389648438,219.5,225.0,2717778
2019-03-01,200.67669677734375,229.5,233.8000030517578,222.0,223.3000030517578,2306295
2019-03-05,207.32217407226562,237.10000610351562,239.25,229.0,230.0,2046078
2019-03-06,223.0615234375,255.10000610351562,258.25,237.10000610351562,237.10000610351562,6391707
2019-03-07,218.4271697998047,249.8000030517578,253.89999389648438,247.6999969482422,253.89999389648438,2515167
2019-03-08,221.4875946044922,253.3000030517578,255.0,245.14999389648438,249.0,2124915
2019-03-11,229.4447021484375,262.3999938964844,265.0,251.64999389648438,252.0,3214565
2019-03-12,235.259521484375,269.04998779296875,275.54998779296875,266.0,271.0,5653519
2019-03-13,234.60372924804688,268.29998779296875,270.45001220703125,263.1499938964844,266.8500061035156,1962714
2019-03-14,233.554443359375,267.1000061035156,270.8500061035156,264.5,267.0,1364801
2019-03-15,233.64186096191406,267.20001220703125,272.5,265.6000061035156,267.79998779296875,1345326
2019-03-18,234.86605834960938,268.6000061035156,269.5,263.70001220703125,267.0,1492100
2019-03-19,238.4948272705078,272.75,275.6499938964844,267.6499938964844,268.6000061035156,2910075
2019-03-20,235.9590606689453,269.8500061035156,273.95001220703125,268.3500061035156,273.29998779296875,1293861
2019-03-22,231.368408203125,264.6000061035156,273.3500061035156,263.0,269.1000061035156,1529450
2019-03-25,220.96295166015625,252.6999969482422,261.79998779296875,252.0,260.95001220703125,1595625
2019-03-26,228.92007446289062,261.79998779296875,262.79998779296875,253.0,253.0,1505255
2019-03-27,230.93121337890625,264.1000061035156,267.75,261.25,263.29998779296875,1732561
2019-03-28,242.51708984375,277.3500061035156,284.70001220703125,261.3999938964844,263.8999938964844,2864042
2019-04-01,247.7198486328125,283.29998779296875,288.0,281.0,282.0,1640272
2019-04-02,246.0584716796875,281.3999938964844,287.45001220703125,275.95001220703125,284.0,2300513
2019-04-03,239.98133850097656,274.45001220703125,285.79998779296875,272.5,282.0,1685493
2019-04-04,239.98133850097656,274.45001220703125,282.45001220703125,271.70001220703125,274.3999938964844,1992897
2019-04-05,239.10690307617188,273.45001220703125,277.95001220703125,270.3999938964844,276.1499938964844,1667069
2019-04-08,235.52188110351562,269.3500061035156,283.75,267.45001220703125,275.3999938964844,3052077
2019-04-09,237.3581085205078,271.45001220703125,273.54998779296875,262.8500061035156,271.0,2801658
2019-04-10,237.44554138183594,271.54998779296875,277.5,270.0,270.0,2406904
2019-04-11,235.7841796875,269.6499938964844,273.5,266.6000061035156,273.20001220703125,1317137
2019-04-12,240.33111572265625,274.8500061035156,276.0,266.75,270.8999938964844,1406051
2019-04-15,237.62042236328125,271.75,277.0,270.20001220703125,274.8500061035156,1034129
2019-04-16,235.3032684326172,269.1000061035156,273.8999938964844,267.1000061035156,273.5,1037571
2019-04-18,231.98046875,265.29998779296875,271.5,262.6499938964844,270.25,1618580
2019-04-22,224.15455627441406,256.3500061035156,263.8999938964844,255.0,263.79998779296875,987674
2019-04-23,221.0941162109375,252.85000610351562,261.0,251.1999969482422,258.79998779296875,1914361
2019-04-24,225.11639404296875,257.45001220703125,258.3999938964844,250.0,253.0,1306435
2019-04-25,221.66249084472656,253.5,258.70001220703125,252.10000610351562,258.5,1117046
2019-04-26,222.14340209960938,254.0500030517578,256.3999938964844,247.60000610351562,256.3999938964844,1717524
2019-04-30,220.61318969726562,252.3000030517578,255.5,243.0,255.10000610351562,1841125
2019-05-02,221.0941162109375,252.85000610351562,258.8999938964844,248.0,251.0,1492586
2019-05-03,222.01222229003906,253.89999389648438,258.70001220703125,251.25,253.9499969482422,1354459
2019-05-06,215.89137268066406,246.89999389648438,253.10000610351562,245.35000610351562,251.39999389648438,1185811
2019-05-07,211.03842163085938,241.35000610351562,250.0,240.35000610351562,249.5,1084805
2019-05-08,209.02728271484375,239.0500030517578,243.8000030517578,237.5500030517578,240.0,1440094
2019-05-09,208.3277587890625,238.25,241.9499969482422,236.5,239.5,1041308
2019-05-10,213.04954528808594,243.64999389648438,246.6999969482422,237.39999389648438,240.35000610351562,2103360
2019-05-13,199.5836639404297,228.25,243.89999389648438,226.10000610351562,243.0,1894224
2019-05-14,203.6934051513672,232.9499969482422,238.8000030517578,224.35000610351562,229.0,6333604
2019-05-15,201.41993713378906,230.35000610351562,237.89999389648438,229.1999969482422,229.89999389648438,2803644
2019-05-16,202.81898498535156,231.9499969482422,233.9499969482422,226.64999389648438,232.60000610351562,1317989
2019-05-17,206.0542755126953,235.64999389648438,236.60000610351562,230.5,231.4499969482422,1151504
2019-05-20,222.44944763183594,254.39999389648438,256.8500061035156,239.85000610351562,248.9499969482422,1874423
2019-05-21,216.15371704101562,247.1999969482422,256.5,244.1999969482422,255.9499969482422,1432219
2019-05-22,216.63462829589844,247.75,249.85000610351562,242.8000030517578,249.39999389648438,1089167
2019-05-23,221.4875946044922,253.3000030517578,268.8500061035156,250.0500030517578,255.0,3968959
2019-05-24,232.06793212890625,265.3999938964844,267.45001220703125,253.10000610351562,254.85000610351562,1972803
2019-05-27,236.78970336914062,270.79998779296875,274.25,264.29998779296875,267.04998779296875,1704582
2019-05-28,240.7245635986328,275.29998779296875,276.6499938964844,267.04998779296875,271.0,1607907
2019-05-29,241.1617889404297,275.79998779296875,277.5,271.0,273.0,1295696
2019-05-30,246.84544372558594,282.29998779296875,284.70001220703125,273.6000061035156,275.20001220703125,2528780
2019-05-31,241.7301483154297,276.45001220703125,285.1000061035156,272.1000061035156,284.20001220703125,2165377
2019-06-03,251.56724548339844,287.70001220703125,289.6000061035156,272.1000061035156,274.5,1999934
2019-06-04,238.97573852539062,273.29998779296875,292.70001220703125,271.3500061035156,284.1000061035156,6330574
2019-06-06,233.37953186035156,266.8999938964844,278.3999938964844,265.54998779296875,274.8999938964844,3120836
2019-06-07,233.1172332763672,266.6000061035156,270.8999938964844,263.20001220703125,268.1000061035156,1518444
2019-06-10,230.01307678222656,263.04998779296875,272.3500061035156,261.6499938964844,270.0,1140597
2019-06-11,235.82791137695312,269.70001220703125,270.70001220703125,260.1000061035156,265.5,1597117
2019-06-12,233.72930908203125,267.29998779296875,270.45001220703125,264.75,268.5,1053470
2019-06-13,227.3898468017578,260.04998779296875,266.79998779296875,253.1999969482422,264.29998779296875,1716436
2019-06-14,230.97491455078125,264.1499938964844,267.0,257.20001220703125,257.20001220703125,1608214
2019-06-17,225.772216796875,258.20001220703125,271.0,256.0,265.79998779296875,1961624
2019-06-18,225.9033660888672,258.3500061035156,264.29998779296875,256.5,259.0,1717155
2019-06-19,221.18154907226562,252.9499969482422,262.04998779296875,249.5500030517578,259.95001220703125,1212413
2019-06-20,230.97491455078125,264.1499938964844,265.79998779296875,251.64999389648438,254.25,1646552
2019-06-21,228.04563903808594,260.79998779296875,266.8999938964844,259.6499938964844,262.0,1466309
2019-06-24,224.85406494140625,257.1499938964844,265.25,255.35000610351562,262.3999938964844,1268623
2019-06-25,229.7070770263672,262.70001220703125,263.5,252.6999969482422,257.1000061035156,1823806
2019-06-26,233.99163818359375,267.6000061035156,271.0,261.75,263.0,2812213
2019-06-27,229.48843383789062,262.45001220703125,269.0,260.3999938964844,267.29998779296875,1763656
2019-06-28,227.17123413085938,259.79998779296875,269.0,258.1000061035156,265.0,1236154
2019-07-01,226.38427734375,258.8999938964844,263.5,257.6000061035156,261.0,689967
2019-07-02,224.50430297851562,256.75,260.79998779296875,255.10000610351562,259.0,473188
2019-07-03,226.2968292236328,258.79998779296875,261.45001220703125,255.8000030517578,258.0,579363
2019-07-04,227.47727966308594,260.1499938964844,264.5,259.1000061035156,260.25,944713
2019-07-05,224.5480194091797,256.79998779296875,263.8999938964844,255.5,260.1499938964844,963339
2019-07-08,211.12586975097656,241.4499969482422,256.6000061035156,238.75,256.54998779296875,907684
2019-07-09,212.2188720703125,242.6999969482422,245.0,237.0,244.0,497464
2019-07-10,213.00584411621094,243.60000610351562,246.1999969482422,238.5,243.10000610351562,521978
2019-07-11,213.22445678710938,243.85000610351562,247.25,242.3000030517578,244.9499969482422,434053
2019-07-12,211.8253936767578,242.25,245.8000030517578,241.5,244.8000030517578,367066
2019-07-15,206.79754638671875,236.5,243.9499969482422,235.5,242.35000610351562,460684
2019-07-16,203.43106079101562,232.64999389648438,239.5,231.75,236.6999969482422,612970
2019-07-17,201.9008331298828,230.89999389648438,235.9499969482422,226.10000610351562,233.35000610351562,668526
2019-07-18,197.87857055664062,226.3000030517578,233.39999389648438,225.0,232.5,517966
2019-07-19,193.85629272460938,221.6999969482422,229.0,220.5,228.0,397448
2019-07-22,190.53355407714844,217.89999389648438,221.89999389648438,215.0,221.0,527471
2019-07-23,195.3427734375,223.39999389648438,225.5,218.0,220.0,576904
2019-07-24,190.0089111328125,217.3000030517578,224.75,215.0,224.75,399734
2019-07-25,185.98663330078125,212.6999969482422,220.89999389648438,211.10000610351562,215.25,515116
2019-07-26,186.16151428222656,212.89999389648438,216.8000030517578,211.25,211.25,425862
2019-07-29,183.66944885253906,210.0500030517578,214.6999969482422,208.6999969482422,212.0,384049
2019-07-30,161.8966827392578,185.14999389648438,212.5,181.39999389648438,211.5,1627821
2019-07-31,163.16456604003906,186.60000610351562,189.5,179.3000030517578,184.0,1185405
2019-08-01,163.60179138183594,187.10000610351562,189.0,183.9499969482422,188.0,570304
2019-08-02,160.8036651611328,183.89999389648438,189.5,181.10000610351562,184.0,611999
2019-08-05,165.7877960205078,189.60000610351562,198.0500030517578,155.0500030517578,180.60000610351562,4491367
2019-08-06,174.8816375732422,200.0,202.6999969482422,190.0,190.0,3679831
2019-08-07,173.87608337402344,198.85000610351562,207.5,195.89999389648438,201.0,1805296
2019-08-08,170.2472686767578,194.6999969482422,201.8000030517578,192.60000610351562,199.0,923164
2019-08-09,171.51516723632812,196.14999389648438,198.8000030517578,193.25,195.0,697162
2019-08-13,161.76551818847656,185.0,197.5500030517578,184.0,197.5500030517578,626124
2019-08-14,160.4976043701172,183.5500030517578,188.1999969482422,181.0,185.0,530185
2019-08-16,160.8036651611328,183.89999389648438,185.64999389648438,178.60000610351562,183.5500030517578,621418
2019-08-19,160.4976043701172,183.5500030517578,187.5,182.10000610351562,184.89999389648438,637612
2019-08-20,157.0,179.5500030517578,183.39999389648438,175.0,183.39999389648438,455177
2019-08-21,151.8409881591797,173.64999389648438,179.5,171.0,179.5,492936
2019-08-22,146.2884979248047,167.3000030517578,173.0500030517578,166.0500030517578,173.0,336054
2019-08-23,145.58897399902344,166.5,171.0,162.14999389648438,166.89999389648438,823454
2019-08-26,160.54135131835938,183.60000610351562,188.0,170.14999389648438,176.0,1895004
2019-08-27,168.41104125976562,192.60000610351562,195.0,186.5,186.5,1641250
2019-08-28,171.64634704589844,196.3000030517578,200.0,186.60000610351562,193.0,955008
2019-08-29,167.27430725097656,191.3000030517578,196.0,190.0,196.0,390701
2019-08-30,174.794189453125,199.89999389648438,203.0,183.60000610351562,191.14999389648438,1556521
2019-09-03,154.37677001953125,176.5500030517578,192.0,174.0500030517578,191.0,3177603
2019-09-04,145.67642211914062,166.60000610351562,179.5,164.60000610351562,177.0,3423238
2019-09-05,145.4578094482422,166.35000610351562,169.0,163.5,167.10000610351562,1813331
2019-09-06,143.70899963378906,164.35000610351562,169.9499969482422,163.5,167.60000610351562,1019304
2019-09-09,144.75828552246094,165.5500030517578,167.6999969482422,163.6999969482422,164.0,847039
2019-09-11,146.2884979248047,167.3000030517578,170.89999389648438,165.4499969482422,166.6999969482422,1318909
2019-09-12,145.370361328125,166.25,170.39999389648438,165.3000030517578,168.3000030517578,801969
2019-09-13,144.40850830078125,165.14999389648438,167.5,163.0,167.5,631887
2019-09-16,143.4029541015625,164.0,165.9499969482422,162.35000610351562,163.0,553730
2019-09-17,139.3806610107422,159.39999389648438,165.5,158.35000610351562,164.5500030517578,592828
2019-09-18,139.11834716796875,159.10000610351562,162.3000030517578,158.10000610351562,160.75,628244
2019-09-19,134.1779327392578,153.4499969482422,159.85000610351562,152.0,159.5500030517578,600890
2019-09-20,135.53326416015625,155.0,163.39999389648438,150.5,154.60000610351562,2453882
2019-09-23,132.91004943847656,152.0,159.8000030517578,150.3000030517578,158.1999969482422,1700179
2019-09-24,129.41241455078125,148.0,153.0,146.5,153.0,1029960
2019-09-25,124.34083557128906,142.1999969482422,147.8000030517578,141.0,147.5,1128054
2019-09-26,120.97438049316406,138.35000610351562,145.10000610351562,137.39999389648438,142.0,1311389
2019-09-27,116.7334976196289,133.5,138.9499969482422,132.0,138.0,1042382
2019-09-30,109.56334686279297,125.30000305175781,133.5,124.25,133.0,1057239
2019-10-01,103.35504150390625,118.19999694824219,130.35000610351562,112.6500015258789,126.0999984741211,1803029
2019-10-03,105.80338287353516,121.0,124.6500015258789,116.30000305175781,117.30000305175781,1441999
2019-10-04,104.5792236328125,119.5999984741211,122.4000015258789,118.5,121.75,833483
2019-10-07,103.87969207763672,118.80000305175781,120.55000305175781,117.5999984741211,120.3499984741211,627746
2019-10-09,102.21832275390625,116.9000015258789,120.0,114.5,119.0,1213538
2019-10-10,99.37649536132812,113.6500015258789,117.6500015258789,112.19999694824219,116.55000305175781,844496
2019-10-11,97.84627532958984,111.9000015258789,115.8499984741211,111.0,113.4000015258789,778293
2019-10-14,97.05931091308594,111.0,113.55000305175781,110.0999984741211,113.4000015258789,714096
2019-10-15,95.31049346923828,109.0,111.9000015258789,108.19999694824219,111.44999694824219,670771
2019-10-16,95.26677703857422,108.94999694824219,110.80000305175781,108.0,110.4000015258789,571476
2019-10-17,102.74295806884766,117.5,119.44999694824219,108.75,109.0,1762822
2019-10-18,107.3773193359375,122.80000305175781,123.94999694824219,117.4000015258789,118.3499984741211,2024230
2019-10-22,110.43775939941406,126.30000305175781,129.6999969482422,122.05000305175781,122.80000305175781,1275098
2019-10-23,124.95291900634766,142.89999389648438,148.6999969482422,126.30000305175781,126.4000015258789,6848801
2019-10-24,108.38289642333984,123.94999694824219,141.9499969482422,120.25,141.9499969482422,6848111
2019-10-25,109.78195190429688,125.55000305175781,127.4000015258789,121.05000305175781,124.19999694824219,2615312
2019-10-27,110.48147583007812,126.3499984741211,127.19999694824219,125.80000305175781,126.80000305175781,236617
2019-10-29,110.83124542236328,126.75,128.39999389648438,123.25,127.0999984741211,1504104
2019-10-30,112.623779296875,128.8000030517578,132.0,126.0999984741211,127.0,2187703
2019-10-31,116.2962875366211,133.0,134.75,129.3000030517578,129.5500030517578,2396566
2019-11-01,116.12140655517578,132.8000030517578,136.0,131.14999389648438,133.8000030517578,1589292
2019-11-04,118.04511260986328,135.0,139.64999389648438,132.8000030517578,133.0,2408647
2019-11-05,112.53633880615234,128.6999969482422,135.9499969482422,127.44999694824219,135.5,1857979
2019-11-06,112.27400970458984,128.39999389648438,129.89999389648438,127.0,129.0,866478
2019-11-07,111.39959716796875,127.4000015258789,129.9499969482422,126.0,129.0,844838
2019-11-08,107.98941802978516,123.5,127.9000015258789,122.5,126.5999984741211,1114274
2019-11-11,106.5903549194336,121.9000015258789,124.9000015258789,121.0999984741211,123.4000015258789,1096810
2019-11-13,103.96714782714844,118.9000015258789,123.19999694824219,117.44999694824219,122.6500015258789,1432439
2019-11-14,100.11973571777344,114.5,118.5,112.55000305175781,118.5,1555496
2019-11-15,102.1308822631836,116.80000305175781,120.5,114.55000305175781,115.19999694824219,2101034
2019-11-18,104.01085662841797,118.94999694824219,120.0,117.05000305175781,117.05000305175781,1128909
2019-11-19,108.38289642333984,123.94999694824219,128.0,117.0,119.55000305175781,5551346
2019-11-20,107.02755737304688,122.4000015258789,127.6500015258789,121.25,124.5,2529996
2019-11-21,105.49735260009766,120.6500015258789,123.4000015258789,119.8499984741211,123.4000015258789,1413757
2019-11-22,104.18574523925781,119.1500015258789,121.3499984741211,118.6500015258789,120.69999694824219,947567
2019-11-25,105.14759063720703,120.25,122.4000015258789,119.0,119.25,1164361
2019-11-26,105.67223358154297,120.8499984741211,121.9000015258789,118.9000015258789,120.94999694824219,1596993
2019-11-27,105.49735260009766,120.6500015258789,121.8499984741211,119.3499984741211,121.25,1076790
2019-11-28,110.04427337646484,125.8499984741211,128.89999389648438,121.19999694824219,121.4000015258789,4926208
2019-11-29,112.71121215820312,128.89999389648438,134.5,126.0,126.55000305175781,4591513
2019-12-02,110.35031127929688,126.19999694824219,130.35000610351562,125.5,129.60000610351562,922148
2019-12-03,107.55220794677734,123.0,126.8499984741211,121.5,126.3499984741211,1125685
2019-12-04,109.73822021484375,125.5,126.5,121.5999984741211,121.5999984741211,1157369
2019-12-05,107.72708129882812,123.19999694824219,126.80000305175781,122.4000015258789,126.0,858222
2019-12-06,104.22945404052734,119.19999694824219,124.1500015258789,118.5,123.4000015258789,891018
2019-12-09,103.39877319335938,118.25,121.6500015258789,117.0999984741211,118.80000305175781,782836
2019-12-10,102.17459869384766,116.8499984741211,118.94999694824219,115.5,118.8499984741211,710281
2019-12-11,102.87411499023438,117.6500015258789,118.5,114.5999984741211,116.94999694824219,760972
2019-12-12,103.09272003173828,117.9000015258789,119.75,115.6500015258789,118.19999694824219,698581
2019-12-13,103.2676010131836,118.0999984741211,121.0,117.19999694824219,118.69999694824219,2111307
2019-12-16,101.64995574951172,116.25,119.0,115.5999984741211,118.80000305175781,902558
2019-12-17,96.18490600585938,110.0,116.94999694824219,109.0,115.94999694824219,3501794
2019-12-18,96.14117431640625,109.94999694824219,110.80000305175781,108.0999984741211,109.9000015258789,1723215
2019-12-19,91.85658264160156,105.05000305175781,109.6500015258789,104.5999984741211,108.5999984741211,2543692
2019-12-20,93.9988784790039,107.5,109.9000015258789,105.4000015258789,106.44999694824219,2878201
2019-12-23,91.7691421508789,104.94999694824219,108.4000015258789,104.0,106.80000305175781,1715799
2019-12-24,91.59425354003906,104.75,106.9000015258789,104.4000015258789,105.8499984741211,1129055
2019-12-26,91.11333465576172,104.19999694824219,105.5999984741211,103.1500015258789,105.4000015258789,1232499
2019-12-27,91.72541809082031,104.9000015258789,107.69999694824219,104.5999984741211,105.0,2484114
2019-12-30,91.46308898925781,104.5999984741211,105.5999984741211,104.1500015258789,105.4000015258789,909066
2019-12-31,88.27151489257812,100.94999694824219,105.0,100.5,104.4000015258789,2423404
2020-01-01,88.62127685546875,101.3499984741211,102.3499984741211,100.55000305175781,101.9000015258789,957240
2020-01-02,89.93287658691406,102.8499984741211,103.69999694824219,101.4000015258789,101.5999984741211,1551597
2020-01-03,89.93287658691406,102.8499984741211,104.4000015258789,102.1500015258789,102.8499984741211,1142845
2020-01-06,87.57198333740234,100.1500015258789,102.4000015258789,99.44999694824219,102.0,1034298
2020-01-07,87.09105682373047,99.5999984741211,102.19999694824219,98.0999984741211,101.0999984741211,1193942
2020-01-08,85.86688232421875,98.19999694824219,99.0,97.25,98.5,835779
2020-01-09,86.91617584228516,99.4000015258789,101.0,98.8499984741211,99.69999694824219,1302942
2020-01-10,86.34781646728516,98.75,100.80000305175781,98.5,100.0,1389586
2020-01-13,86.87245178222656,99.3499984741211,99.75,98.19999694824219,99.5,835761
2020-01-14,86.56641387939453,99.0,99.6500015258789,98.69999694824219,99.6500015258789,712611
2020-01-15,86.65384674072266,99.0999984741211,100.8499984741211,98.19999694824219,98.5999984741211,1304110
2020-01-16,89.49568176269531,102.3499984741211,103.1500015258789,99.1500015258789,99.3499984741211,2907485
2020-01-17,89.23335266113281,102.05000305175781,103.6500015258789,101.0,102.3499984741211,1645618
2020-01-20,90.80728912353516,103.8499984741211,104.5,100.55000305175781,102.5,1929587
2020-01-21,91.55052947998047,104.69999694824219,106.19999694824219,103.0,103.8499984741211,4372470
2020-01-22,90.89472961425781,103.94999694824219,106.0,103.3499984741211,105.5,1143258
2020-01-23,91.37565612792969,104.5,105.75,103.6500015258789,104.4000015258789,1403729
2020-01-24,93.51795196533203,106.94999694824219,109.69999694824219,104.0999984741211,105.80000305175781,9565473
2020-01-27,92.99331665039062,106.3499984741211,108.75,106.0999984741211,107.19999694824219,2329905
2020-01-28,90.6324234008789,103.6500015258789,107.0999984741211,103.30000305175781,107.0,1279250
2020-01-29,90.76358032226562,103.80000305175781,105.19999694824219,103.30000305175781,104.6500015258789,886814
2020-01-30,89.97660827636719,102.9000015258789,103.80000305175781,102.0,103.80000305175781,763983
2020-01-31,90.45752716064453,103.44999694824219,104.0,99.44999694824219,103.3499984741211,1406266
2020-02-03,84.81758880615234,97.0,99.94999694824219,96.0,99.75,950204
2020-02-04,84.03063201904297,96.0999984741211,98.0999984741211,95.44999694824219,97.1500015258789,1206020
2020-02-05,83.41854858398438,95.4000015258789,97.4000015258789,94.69999694824219,96.3499984741211,981168
2020-02-06,84.55526733398438,96.69999694824219,99.80000305175781,95.5,96.0,2319547
2020-02-07,84.42411041259766,96.55000305175781,98.4000015258789,96.05000305175781,97.0,1048475
2020-02-10,83.59342193603516,95.5999984741211,97.05000305175781,95.05000305175781,96.9000015258789,687587
2020-02-11,81.14508819580078,92.80000305175781,96.5,92.5,96.30000305175781,1627240
2020-02-12,78.39069366455078,89.6500015258789,93.30000305175781,89.0999984741211,93.30000305175781,1389296
2020-02-13,77.07908630371094,88.1500015258789,89.9000015258789,87.8499984741211,89.6500015258789,1053226
2020-02-14,74.28097534179688,84.94999694824219,89.05000305175781,84.69999694824219,88.19999694824219,1243178
2020-02-17,71.65775299072266,81.94999694824219,84.94999694824219,81.5,84.94999694824219,1182349
2020-02-18,70.17124938964844,80.25,81.80000305175781,77.8499984741211,81.80000305175781,1379257
2020-02-19,72.70704650878906,83.1500015258789,83.75,80.3499984741211,80.75,968882
2020-02-20,72.92565155029297,83.4000015258789,84.5,82.5,83.19999694824219,700192
2020-02-24,70.25869750976562,80.3499984741211,82.75,79.30000305175781,82.5999984741211,682348
2020-02-25,69.99638366699219,80.05000305175781,81.5,78.5999984741211,81.05000305175781,903519
2020-02-26,68.33500671386719,78.1500015258789,79.94999694824219,77.5999984741211,79.94999694824219,867471
2020-02-27,66.14898681640625,75.6500015258789,78.44999694824219,74.8499984741211,78.44999694824219,1198140
2020-02-28,64.74992370605469,74.05000305175781,75.30000305175781,71.05000305175781,71.05000305175781,1648817
2020-03-02,62.03925323486328,70.94999694824219,76.30000305175781,68.5,76.0,948344
2020-03-03,61.07741928100586,69.8499984741211,72.75,69.25,71.9000015258789,1079228
2020-03-04,62.126705169677734,71.05000305175781,74.6500015258789,69.9000015258789,70.19999694824219,3367184
2020-03-05,62.91366195678711,71.94999694824219,73.30000305175781,70.4000015258789,71.4000015258789,2435154
2020-03-06,61.07741928100586,69.8499984741211,71.5999984741211,68.19999694824219,68.94999694824219,1501209
2020-03-09,57.18629455566406,65.4000015258789,69.30000305175781,64.0999984741211,69.30000305175781,1433954
2020-03-11,54.91283416748047,62.79999923706055,67.4000015258789,62.5,64.4000015258789,1601624
2020-03-12,47.48036193847656,54.29999923706055,59.0,53.54999923706055,58.849998474121094,1939144
2020-03-13,49.0980224609375,56.150001525878906,56.900001525878906,44.0,46.54999923706055,2386518
2020-03-16,46.256195068359375,52.900001525878906,55.099998474121094,52.0,54.400001525878906,1155514
2020-03-17,45.11946487426758,51.599998474121094,54.599998474121094,51.0,52.900001525878906,1159829
2020-03-18,42.80228042602539,48.95000076293945,53.5,48.5,52.20000076293945,1504184
2020-03-19,43.23948669433594,49.45000076293945,51.5,45.099998474121094,47.70000076293945,1634736
2020-03-20,45.81898880004883,52.400001525878906,54.0,49.25,50.0,1322471
2020-03-23,39.69813537597656,45.400001525878906,50.349998474121094,45.0,47.0,1140888
2020-03-24,37.77443313598633,43.20000076293945,47.5,43.0,46.04999923706055,1313486
2020-03-25,38.12419509887695,43.599998474121094,44.79999923706055,41.54999923706055,43.0,1031019
2020-03-26,39.65441131591797,45.349998474121094,48.95000076293945,43.150001525878906,44.79999923706055,1519935
2020-03-27,39.56697082519531,45.25,49.849998474121094,44.29999923706055,47.900001525878906,1902215
2020-03-30,37.20606994628906,42.54999923706055,45.900001525878906,42.099998474121094,45.900001525878906,1620382
2020-03-31,37.68699264526367,43.099998474121094,43.5,42.04999923706055,43.099998474121094,1531343
2020-04-01,38.43024444580078,43.95000076293945,46.400001525878906,42.70000076293945,43.20000076293945,1561733
2020-04-03,39.173484802246094,44.79999923706055,45.099998474121094,43.5,45.0,1019779
2020-04-07,39.960453033447266,45.70000076293945,46.5,44.849998474121094,46.29999923706055,928321
2020-04-08,40.00417709350586,45.75,48.29999923706055,45.349998474121094,46.0,1663227
2020-04-09,41.53438949584961,47.5,47.599998474121094,45.70000076293945,47.0,1309647
2020-04-13,40.135337829589844,45.900001525878906,48.29999923706055,45.599998474121094,48.0,1200177
2020-04-15,40.09161376953125,45.849998474121094,47.5,45.29999923706055,46.5,1374470
2020-04-16,40.135337829589844,45.900001525878906,46.400001525878906,45.599998474121094,46.400001525878906,952251
2020-04-17,40.52881622314453,46.349998474121094,47.5,45.79999923706055,47.0,2059907
2020-04-20,47.086875915527344,53.849998474121094,55.54999923706055,46.5,47.20000076293945,10991201
2020-04-21,44.33250045776367,50.70000076293945,54.349998474121094,50.0,53.0,4487902
2020-04-22,42.80228042602539,48.95000076293945,50.900001525878906,48.0,48.0,2716210
2020-04-23,43.80784606933594,50.099998474121094,51.5,49.20000076293945,49.349998474121094,2060045
2020-04-24,42.365074157714844,48.45000076293945,50.150001525878906,48.099998474121094,49.900001525878906,1596261
2020-04-27,42.62739562988281,48.75,49.849998474121094,48.349998474121094,48.400001525878906,1072891
2020-04-28,44.944583892822266,51.400001525878906,52.099998474121094,48.5,48.95000076293945,4306135
2020-04-29,45.11946487426758,51.599998474121094,52.400001525878906,51.099998474121094,52.29999923706055,2255290
2020-04-30,45.38179016113281,51.900001525878906,54.29999923706055,51.79999923706055,52.599998474121094,3910999
2020-05-04,41.14090347290039,47.04999923706055,50.900001525878906,46.849998474121094,50.900001525878906,3396907
2020-05-05,40.70370101928711,46.54999923706055,48.150001525878906,46.25,47.849998474121094,1734738
2020-05-06,40.791141510009766,46.650001525878906,47.150001525878906,45.150001525878906,47.0,1327688
2020-05-07,41.053466796875,46.95000076293945,47.70000076293945,46.20000076293945,46.45000076293945,910562
2020-05-08,40.65998077392578,46.5,47.650001525878906,45.70000076293945,47.400001525878906,1069166
2020-05-11,40.52881622314453,46.349998474121094,47.349998474121094,45.599998474121094,46.95000076293945,841075
2020-05-12,40.92230224609375,46.79999923706055,47.29999923706055,44.599998474121094,46.0,1213750
2020-05-13,42.62739562988281,48.75,49.900001525878906,47.70000076293945,48.79999923706055,2336413
2020-05-14,41.57810592651367,47.54999923706055,48.79999923706055,46.900001525878906,48.45000076293945,1133278
2020-05-15,41.40322494506836,47.349998474121094,47.95000076293945,47.0,47.099998474121094,637814
2020-05-18,39.47953414916992,45.150001525878906,47.349998474121094,44.5,47.349998474121094,1255364
2020-05-19,39.0860481262207,44.70000076293945,45.900001525878906,44.20000076293945,45.5,900759
2020-05-20,39.348365783691406,45.0,45.29999923706055,44.150001525878906,44.5,625816
2020-05-21,39.39208984375,45.04999923706055,46.900001525878906,44.75,45.150001525878906,1337973
2020-05-22,38.69256591796875,44.25,46.0,43.70000076293945,44.54999923706055,1111717
2020-05-26,38.605125427246094,44.150001525878906,44.900001525878906,43.95000076293945,44.54999923706055,559021
2020-05-27,38.38652420043945,43.900001525878906,44.5,43.70000076293945,44.099998474121094,2656880
2020-05-28,38.16791915893555,43.650001525878906,44.849998474121094,43.45000076293945,44.5,2220189
2020-05-29,38.25536346435547,43.75,43.95000076293945,43.20000076293945,43.5,1272593
2020-06-01,40.65998077392578,46.5,47.900001525878906,44.04999923706055,44.04999923706055,6928401
2020-06-02,40.791141510009766,46.650001525878906,47.25,46.0,46.5,2510752
2020-06-03,43.19576644897461,49.400001525878906,51.900001525878906,47.25,47.29999923706055,9921754
2020-06-04,44.026451110839844,50.349998474121094,52.0,49.400001525878906,49.75,5476792
2020-06-05,47.13060760498047,53.900001525878906,54.95000076293945,50.599998474121094,50.599998474121094,9367569
2020-06-08,46.824554443359375,53.54999923706055,56.29999923706055,53.04999923706055,56.0,6251427
2020-06-09,45.906429290771484,52.5,54.79999923706055,52.04999923706055,53.75,3625077
2020-06-10,48.44221115112305,55.400001525878906,56.20000076293945,52.04999923706055,52.04999923706055,7329722
2020-06-11,47.96128845214844,54.849998474121094,57.849998474121094,54.20000076293945,56.45000076293945,7960940
2020-06-12,47.69896697998047,54.54999923706055,54.900001525878906,51.0,51.900001525878906,3517754
2020-06-15,49.185462951660156,56.25,57.400001525878906,52.75,53.900001525878906,5424912
2020-06-16,47.56781005859375,54.400001525878906,58.29999923706055,52.70000076293945,57.75,5989834
2020-06-17,47.56781005859375,54.400001525878906,55.70000076293945,53.20000076293945,54.400001525878906,3439848
2020-06-18,48.485939025878906,55.45000076293945,56.650001525878906,54.099998474121094,54.29999923706055,3535882
2020-06-19,49.14174270629883,56.20000076293945,56.900001525878906,55.5,55.900001525878906,3830622
2020-06-22,56.26816940307617,64.3499984741211,65.6500015258789,56.79999923706055,56.79999923706055,16745153
2020-06-23,60.29044723510742,68.94999694824219,72.94999694824219,66.4000015258789,67.0,29750943
2020-06-24,57.09885787963867,65.30000305175781,71.5,65.0,70.0,8765055
2020-06-25,55.74352264404297,63.75,65.0999984741211,61.599998474121094,64.0,3838855
2020-06-26,58.10441970825195,66.44999694824219,69.0,64.5,64.9000015258789,5590448
2020-06-29,56.3118896484375,64.4000015258789,65.9000015258789,63.599998474121094,65.69999694824219,2133375
2020-06-30,54.21331024169922,62.0,66.1500015258789,56.0,65.4000015258789,3349105
2020-07-01,57.49233627319336,65.75,66.5,60.5,62.25,4415078
2020-07-02,57.53606033325195,65.80000305175781,67.8499984741211,65.30000305175781,66.6500015258789,3466755
2020-07-03,56.44305419921875,64.55000305175781,66.5,64.05000305175781,65.94999694824219,1779928
2020-07-06,56.5742073059082,64.69999694824219,65.5,64.25,65.25,1937479
2020-07-07,56.83653259277344,65.0,65.75,63.349998474121094,64.69999694824219,2912217
2020-07-08,57.66722106933594,65.94999694824219,69.0,64.80000305175781,65.05000305175781,8095037
2020-07-09,56.92396926879883,65.0999984741211,67.44999694824219,64.30000305175781,66.5,3829837
2020-07-10,55.87468719482422,63.900001525878906,65.44999694824219,63.29999923706055,64.94999694824219,2594681
2020-07-13,54.869110107421875,62.75,64.5999984741211,62.5,63.900001525878906,1936594
2020-07-14,53.33890151977539,61.0,62.400001525878906,60.20000076293945,62.099998474121094,2331496
2020-07-15,53.032859802246094,60.650001525878906,62.70000076293945,60.45000076293945,61.900001525878906,1911499
2020-07-16,52.11472702026367,59.599998474121094,60.900001525878906,58.5,60.599998474121094,2008339
2020-07-17,53.81982421875,61.54999923706055,62.5,59.650001525878906,60.20000076293945,1691104
2020-07-20,53.86354064941406,61.599998474121094,63.0,61.20000076293945,61.650001525878906,1457400
2020-07-21,53.99470901489258,61.75,63.20000076293945,61.54999923706055,62.5,1885754
2020-07-22,53.42634201049805,61.099998474121094,62.349998474121094,60.54999923706055,61.900001525878906,1457700
2020-07-23,53.51377868652344,61.20000076293945,61.70000076293945,60.5,60.650001525878906,1154815
2020-07-24,52.55192947387695,60.099998474121094,60.900001525878906,59.099998474121094,60.900001525878906,1421503
2020-07-27,50.2347526550293,57.45000076293945,60.099998474121094,57.04999923706055,59.849998474121094,1861147
2020-07-28,50.977996826171875,58.29999923706055,59.0,57.04999923706055,57.04999923706055,1623548
2020-07-29,51.89612579345703,59.349998474121094,60.849998474121094,58.04999923706055,58.04999923706055,2181248
2020-07-30,50.977996826171875,58.29999923706055,60.400001525878906,58.099998474121094,59.70000076293945,996472
2020-07-31,51.109161376953125,58.45000076293945,58.79999923706055,57.5,58.29999923706055,1158367
2020-08-03,50.80311584472656,58.099998474121094,58.79999923706055,57.04999923706055,58.400001525878906,993849
2020-08-04,50.93428039550781,58.25,58.54999923706055,57.849998474121094,58.29999923706055,788079
2020-08-05,50.80311584472656,58.099998474121094,59.45000076293945,57.849998474121094,58.400001525878906,1107897
2020-08-06,51.109161376953125,58.45000076293945,59.70000076293945,57.900001525878906,58.400001525878906,1205324
2020-08-07,51.50264358520508,58.900001525878906,59.400001525878906,57.650001525878906,58.400001525878906,1382949
2020-08-10,52.28961181640625,59.79999923706055,60.79999923706055,59.04999923706055,60.0,1337328
2020-08-11,56.224449157714844,64.30000305175781,65.0,59.75,60.0,5437403
2020-08-12,56.18072509765625,64.25,66.5,63.79999923706055,66.5,8038241
2020-08-13,55.481204986572266,63.45000076293945,65.44999694824219,61.79999923706055,64.3499984741211,2188574
2020-08-14,54.30074691772461,62.099998474121094,65.1500015258789,60.29999923706055,64.6500015258789,5188429
2020-08-17,55.393760681152344,63.349998474121094,64.0,62.04999923706055,63.0,1969081
2020-08-18,55.21887969970703,63.150001525878906,63.70000076293945,62.599998474121094,63.400001525878906,1091541
2020-08-19,56.093284606933594,64.1500015258789,65.30000305175781,63.20000076293945,63.20000076293945,2559397
2020-08-20,55.7872428894043,63.79999923706055,64.6500015258789,63.150001525878906,63.400001525878906,1319397
2020-08-21,56.26816940307617,64.3499984741211,65.6500015258789,64.05000305175781,64.19999694824219,2389031
2020-08-24,57.57978057861328,65.8499984741211,67.5,64.75,64.9000015258789,4599465
2020-08-25,57.14257049560547,65.3499984741211,67.4000015258789,64.5999984741211,65.8499984741211,3258068
2020-08-26,57.05513381958008,65.25,66.3499984741211,65.0999984741211,65.9000015258789,1625743
2020-08-27,57.53606033325195,65.80000305175781,66.6500015258789,65.25,65.5,2395058
2020-08-28,60.15928649902344,68.80000305175781,70.19999694824219,66.0,66.25,11976449
2020-08-31,56.70537185668945,64.8499984741211,71.8499984741211,64.3499984741211,71.8499984741211,5332737
2020-09-01,56.6179313659668,64.75,65.69999694824219,63.20000076293945,65.0,1368172
2020-09-02,56.44305419921875,64.55000305175781,65.19999694824219,63.79999923706055,64.69999694824219,812110
2020-09-03,56.48676681518555,64.5999984741211,65.44999694824219,64.05000305175781,65.0,617815
2020-09-04,55.43748092651367,63.400001525878906,63.900001525878906,62.29999923706055,62.29999923706055,838001
2020-09-07,54.16958999633789,61.95000076293945,63.599998474121094,61.650001525878906,62.70000076293945,802062
2020-09-08,53.60122299194336,61.29999923706055,62.599998474121094,61.0,61.900001525878906,747645
2020-09-09,52.24589157104492,59.75,60.75,58.599998474121094,60.45000076293945,954103
2020-09-10,53.68865966796875,61.400001525878906,62.20000076293945,60.099998474121094,60.400001525878906,1143460
2020-09-11,53.950984954833984,61.70000076293945,62.20000076293945,61.04999923706055,61.54999923706055,527979
2020-09-14,55.393760681152344,63.349998474121094,64.44999694824219,62.0,62.25,2311904
2020-09-15,54.9565544128418,62.849998474121094,64.4000015258789,62.5,63.5,580529
2020-09-16,54.25702667236328,62.04999923706055,63.400001525878906,61.599998474121094,62.75,538527
2020-09-17,54.47562789916992,62.29999923706055,62.79999923706055,61.650001525878906,61.900001525878906,447057
2020-09-18,52.90169143676758,60.5,62.95000076293945,60.04999923706055,62.349998474121094,863909
2020-09-21,50.80311584472656,58.099998474121094,60.900001525878906,57.29999923706055,60.5,1127519
2020-09-22,49.40406036376953,56.5,58.04999923706055,55.25,57.849998474121094,953563
2020-09-23,49.972434997558594,57.150001525878906,57.95000076293945,55.75,57.95000076293945,657707
2020-09-24,47.873844146728516,54.75,56.150001525878906,54.54999923706055,55.5,719019
2020-09-25,48.17988967895508,55.099998474121094,56.75,53.099998474121094,53.20000076293945,1825063
2020-09-28,50.36591339111328,57.599998474121094,57.95000076293945,55.54999923706055,55.54999923706055,752826
2020-09-29,49.666385650634766,56.79999923706055,58.29999923706055,56.349998474121094,58.20000076293945,446572
2020-09-30,49.22917556762695,56.29999923706055,56.79999923706055,56.0,56.400001525878906,334297
2020-10-01,50.01614761352539,57.20000076293945,57.900001525878906,56.79999923706055,56.900001525878906,419375
2020-10-05,51.15287780761719,58.5,59.099998474121094,57.70000076293945,58.45000076293945,826094
2020-10-06,50.93428039550781,58.25,59.0,57.54999923706055,58.900001525878906,382234
2020-10-07,50.715675354003906,58.0,58.900001525878906,57.45000076293945,58.900001525878906,430521
2020-10-08,51.24031448364258,58.599998474121094,58.849998474121094,57.54999923706055,58.79999923706055,949121
2020-10-09,52.639373779296875,60.20000076293945,61.5,57.849998474121094,58.099998474121094,2121319
2020-10-12,51.80868911743164,59.25,61.599998474121094,58.70000076293945,60.25,995982
2020-10-13,50.67195510864258,57.95000076293945,59.04999923706055,57.75,58.70000076293945,509478
2020-10-14,50.67195510864258,57.95000076293945,58.349998474121094,56.849998474121094,57.95000076293945,702253
2020-10-15,49.49150466918945,56.599998474121094,58.95000076293945,56.20000076293945,58.0,620085
2020-10-16,50.27846908569336,57.5,57.79999923706055,56.54999923706055,57.400001525878906,596993
2020-10-19,52.11472702026367,59.599998474121094,60.400001525878906,57.900001525878906,57.900001525878906,1230282
2020-10-20,52.02729034423828,59.5,59.75,58.79999923706055,59.599998474121094,554796
2020-10-21,52.770538330078125,60.349998474121094,60.70000076293945,59.599998474121094,59.849998474121094,1034664
2020-10-22,54.25702667236328,62.04999923706055,63.45000076293945,60.25,60.70000076293945,3515396
2020-10-23,53.55750274658203,61.25,62.900001525878906,60.849998474121094,62.650001525878906,978991
2020-10-26,52.726810455322266,60.29999923706055,62.0,60.0,62.0,565010
2020-10-27,52.28961181640625,59.79999923706055,60.29999923706055,59.0,60.25,480872
2020-10-28,51.80868911743164,59.25,60.0,59.0,60.0,434759
2020-10-29,50.846839904785156,58.150001525878906,59.04999923706055,57.45000076293945,58.349998474121094,564113
2020-10-30,50.628238677978516,57.900001525878906,59.400001525878906,57.349998474121094,58.79999923706055,552108
2020-11-02,51.109161376953125,58.45000076293945,59.900001525878906,57.54999923706055,58.04999923706055,954852
2020-11-03,51.6338005065918,59.04999923706055,60.20000076293945,58.20000076293945,58.599998474121094,818243
2020-11-04,51.327762603759766,58.70000076293945,59.849998474121094,58.0,59.849998474121094,539912
2020-11-05,52.37705612182617,59.900001525878906,60.900001525878906,59.0,59.5,996251
2020-11-06,52.59565353393555,60.150001525878906,61.349998474121094,59.95000076293945,60.400001525878906,1058828
2020-11-09,53.38262176513672,61.04999923706055,61.29999923706055,60.150001525878906,60.900001525878906,915587
2020-11-10,55.74352264404297,63.75,64.0,60.849998474121094,61.5,2995427
2020-11-11,54.69422912597656,62.54999923706055,65.0,59.5,64.25,2125622
2020-11-12,54.16958999633789,61.95000076293945,62.75,61.400001525878906,62.75,1229303
2020-11-13,54.73794937133789,62.599998474121094,63.0,61.04999923706055,62.150001525878906,712600
2020-11-14,54.6505126953125,62.5,63.0,61.79999923706055,63.0,221959
2020-11-17,56.3118896484375,64.4000015258789,65.19999694824219,62.25,62.900001525878906,2538451
2020-11-18,56.96769332885742,65.1500015258789,66.19999694824219,63.5,64.4000015258789,2539183
2020-11-19,55.08771896362305,63.0,65.19999694824219,62.599998474121094,64.5,1297903
2020-11-20,55.08771896362305,63.0,63.849998474121094,62.0,63.0,1073247
2020-11-23,56.70537185668945,64.8499984741211,65.19999694824219,63.04999923706055,63.20000076293945,1510681
2020-11-24,57.011409759521484,65.19999694824219,65.80000305175781,64.55000305175781,64.94999694824219,1208487
2020-11-25,57.44861602783203,65.69999694824219,68.25,64.5999984741211,65.55000305175781,5615085
2020-11-26,58.67279052734375,67.0999984741211,67.30000305175781,65.5,65.69999694824219,1687260
2020-11-27,58.97883224487305,67.44999694824219,68.80000305175781,66.5,67.0,3555115
2020-12-01,60.46532440185547,69.1500015258789,69.80000305175781,67.5,68.55000305175781,3530904
2020-12-02,59.54719161987305,68.0999984741211,70.19999694824219,66.8499984741211,69.4000015258789,2842503
2020-12-03,63.744361877441406,72.9000015258789,74.0,68.3499984741211,68.5999984741211,11758628
2020-12-04,63.91924285888672,73.0999984741211,75.0999984741211,71.1500015258789,74.5999984741211,7093724
2020-12-07,64.83737182617188,74.1500015258789,74.80000305175781,73.0,74.3499984741211,3658260
2020-12-08,74.49958038330078,85.19999694824219,88.5,73.44999694824219,74.30000305175781,21279579
2020-12-09,78.21580505371094,89.44999694824219,94.0,87.05000305175781,90.6500015258789,21249164
2020-12-10,75.24282836914062,86.05000305175781,89.4000015258789,84.0999984741211,89.4000015258789,6935511
2020-12-11,75.15538787841797,85.94999694824219,88.44999694824219,84.75,85.80000305175781,5050680
2020-12-14,83.85575103759766,95.9000015258789,97.75,85.9000015258789,85.94999694824219,14205688
2020-12-15,81.01392364501953,92.6500015258789,95.0,90.0,95.0,8949985
2020-12-16,80.79531860351562,92.4000015258789,93.9000015258789,91.80000305175781,93.0,3543599
2020-12-17,79.22138977050781,90.5999984741211,94.9000015258789,90.0,92.69999694824219,3127394
2020-12-18,76.42327880859375,87.4000015258789,91.44999694824219,86.5,91.1500015258789,2799891
2020-12-21,68.50988006591797,78.3499984741211,87.1500015258789,75.19999694824219,86.5,4851186
2020-12-22,72.09495544433594,82.44999694824219,84.0,74.05000305175781,78.5,7718793
2020-12-23,74.6307373046875,85.3499984741211,86.0,81.0,82.69999694824219,3879431
2020-12-24,75.54886627197266,86.4000015258789,87.94999694824219,85.9000015258789,86.0,2513484
2020-12-28,77.3414077758789,88.44999694824219,90.4000015258789,85.55000305175781,86.4000015258789,3941840
2020-12-29,77.21025085449219,88.30000305175781,90.0,87.5,88.1500015258789,2878635
2020-12-30,76.11724090576172,87.05000305175781,89.0999984741211,86.25,88.4000015258789,2534807
2020-12-31,74.9367904663086,85.69999694824219,87.75,84.5999984741211,87.0,1731224
2021-01-01,77.25396728515625,88.3499984741211,89.80000305175781,86.0,86.25,3303238
2021-01-04,77.56000518798828,88.69999694824219,89.75,87.19999694824219,89.5,2096958
2021-01-05,76.81675720214844,87.8499984741211,88.5,87.0,88.0,1750652
2021-01-06,76.72932434082031,87.75,89.8499984741211,87.0,88.4000015258789,2423058
2021-01-07,76.37955474853516,87.3499984741211,89.1500015258789,86.1500015258789,88.5999984741211,2508054
2021-01-08,76.16094970703125,87.0999984741211,89.5,86.80000305175781,88.0,2319766
2021-01-11,75.54886627197266,86.4000015258789,88.4000015258789,85.80000305175781,87.75,1643940
2021-01-12,80.22694396972656,91.75,93.5,85.3499984741211,86.69999694824219,8867303
2021-01-13,78.69673156738281,90.0,92.94999694824219,88.0999984741211,91.9000015258789,6884124
2021-01-14,83.59342193603516,95.5999984741211,98.80000305175781,89.4000015258789,90.44999694824219,18222956
2021-01-15,80.31438446044922,91.8499984741211,96.0999984741211,90.30000305175781,95.5,5958308
2021-01-18,79.35255432128906,90.75,94.4000015258789,89.0,92.4000015258789,5487468
2021-01-19,83.41854858398438,95.4000015258789,97.69999694824219,91.30000305175781,91.30000305175781,6146170
2021-01-20,83.94318389892578,96.0,97.4000015258789,94.55000305175781,96.5,5369989
2021-01-21,78.08465576171875,89.30000305175781,97.0,86.19999694824219,96.9000015258789,6278566
2021-01-22,79.48371124267578,90.9000015258789,93.80000305175781,88.5,90.80000305175781,11051683
2021-01-25,78.52185821533203,89.80000305175781,93.4000015258789,88.8499984741211,92.0,5911804
2021-01-27,76.90420532226562,87.94999694824219,90.19999694824219,87.5,89.94999694824219,2996986
2021-01-28,78.60929107666016,89.9000015258789,91.0,86.5999984741211,87.5,4588470
2021-01-29,77.3414077758789,88.44999694824219,92.19999694824219,87.0,91.0,3170018
2021-02-01,82.80644989013672,94.69999694824219,95.5,87.5,88.80000305175781,7024796
2021-02-02,88.70870971679688,101.44999694824219,104.9000015258789,94.3499984741211,95.69999694824219,13241812
2021-02-03,89.14590454101562,101.94999694824219,104.75,98.30000305175781,101.8499984741211,7843524
2021-02-04,103.83597564697266,118.75,120.8499984741211,100.6500015258789,102.0,36202667
2021-02-05,111.70565032958984,127.75,137.0,119.0999984741211,119.6500015258789,36199779
2021-02-08,112.75493621826172,128.9499969482422,134.5,124.30000305175781,129.5,11195024
2021-02-09,110.21914672851562,126.05000305175781,130.0,124.19999694824219,129.60000610351562,4863806
2021-02-10,107.24616241455078,122.6500015258789,126.80000305175781,121.3499984741211,126.69999694824219,3479132
2021-02-11,108.1642837524414,123.69999694824219,125.5999984741211,121.05000305175781,122.0,2161879
2021-02-12,107.77080535888672,123.25,128.35000610351562,122.0,124.0,4012392
2021-02-15,109.95682525634766,125.75,128.3000030517578,122.5999984741211,124.69999694824219,3069337
2021-02-16,113.54190826416016,129.85000610351562,137.0,126.25,127.0,11971941
2021-02-17,124.86548614501953,142.8000030517578,142.8000030517578,129.0,129.39999389648438,12933944
2021-02-18,131.0737762451172,149.89999389648438,157.0,145.3000030517578,147.0,18215508
2021-02-19,124.34083557128906,142.1999969482422,153.75,136.5500030517578,150.5,8010972
2021-02-22,118.91951751708984,136.0,143.4499969482422,133.35000610351562,140.0,4849411
2021-02-23,120.58089447021484,137.89999389648438,146.39999389648438,136.75,137.5,6496076
2021-02-24,124.7780532836914,142.6999969482422,145.8000030517578,137.60000610351562,139.5,3143234
2021-02-25,124.99665069580078,142.9499969482422,147.4499969482422,142.5500030517578,145.0,2737022
2021-02-26,118.96322631835938,136.0500030517578,141.60000610351562,135.5,139.64999389648438,3083085
2021-03-01,120.23112487792969,137.5,139.5500030517578,135.8000030517578,138.5,1528214
2021-03-02,120.53716278076172,137.85000610351562,140.85000610351562,136.39999389648438,138.35000610351562,2694439
2021-03-03,121.89250183105469,139.39999389648438,142.39999389648438,138.0,139.35000610351562,3516763
2021-03-04,122.46087646484375,140.0500030517578,143.0,138.0,139.0,3048632
2021-03-05,121.63019561767578,139.10000610351562,141.75,136.85000610351562,140.89999389648438,1857181
2021-03-08,121.97993469238281,139.5,143.9499969482422,139.0,143.0,2140952
2021-03-09,118.17626953125,135.14999389648438,141.0,134.0,140.0,1639639
2021-03-10,117.87023162841797,134.8000030517578,139.6999969482422,134.5,138.8000030517578,1502020
2021-03-12,114.98467254638672,131.5,137.35000610351562,128.85000610351562,137.25,1672189
2021-03-15,110.91868591308594,126.8499984741211,131.5,125.44999694824219,131.0,2232222
2021-03-16,108.95125579833984,124.5999984741211,128.0,124.0,127.0,1811574
2021-03-17,101.69367980957031,116.30000305175781,125.30000305175781,115.30000305175781,124.0,2221057
2021-03-18,104.05458068847656,119.0,123.69999694824219,116.55000305175781,118.6500015258789,3451622
2021-03-19,104.5354995727539,119.55000305175781,120.5,112.0,116.0,2984284
2021-03-22,104.75411224365234,119.80000305175781,122.9000015258789,118.3499984741211,119.5,1420899
2021-03-23,107.68338012695312,123.1500015258789,126.3499984741211,120.30000305175781,120.75,3073845
2021-03-24,103.96714782714844,118.9000015258789,124.0999984741211,118.30000305175781,122.80000305175781,1512244
2021-03-25,101.51879119873047,116.0999984741211,120.0,112.30000305175781,119.9000015258789,2003451
2021-03-26,103.39877319335938,118.25,119.80000305175781,117.05000305175781,118.44999694824219,1207407
2021-03-30,100.90670776367188,115.4000015258789,120.0999984741211,114.69999694824219,119.5,1380161
2021-03-31,101.51879119873047,116.0999984741211,121.0,113.80000305175781,114.0,2029178
2021-04-01,103.2676010131836,118.0999984741211,119.5999984741211,117.0,118.0,1214824
2021-04-05,100.25089263916016,114.6500015258789,118.69999694824219,113.05000305175781,118.4000015258789,1219864
2021-04-06,99.50765991210938,113.80000305175781,116.4000015258789,112.5999984741211,115.69999694824219,1244908
2021-04-07,100.86298370361328,115.3499984741211,116.75,113.05000305175781,113.9000015258789,1809506
2021-04-08,99.20160675048828,113.44999694824219,116.75,113.0,116.5,1183845
2021-04-09,103.18017578125,118.0,122.6500015258789,113.0,113.44999694824219,5620310
2021-04-12,91.55052947998047,104.69999694824219,114.3499984741211,103.44999694824219,113.94999694824219,4699208
2021-04-13,94.34864807128906,107.9000015258789,109.80000305175781,105.55000305175781,105.55000305175781,3307412
2021-04-15,90.02031707763672,102.94999694824219,108.9000015258789,98.69999694824219,108.9000015258789,4538734
2021-04-16,90.23892974853516,103.19999694824219,108.4000015258789,102.69999694824219,103.9000015258789,4418714
2021-04-19,86.21665954589844,98.5999984741211,99.94999694824219,96.05000305175781,99.94999694824219,3713126
2021-04-20,88.05290222167969,100.69999694824219,102.5999984741211,99.3499984741211,100.5999984741211,1679943
2021-04-22,88.35894775390625,101.05000305175781,101.4000015258789,98.4000015258789,100.69999694824219,2293885
2021-04-23,93.73655700683594,107.19999694824219,107.94999694824219,99.6500015258789,100.05000305175781,4900053
2021-04-26,95.83513641357422,109.5999984741211,110.69999694824219,106.75,107.19999694824219,2643998
2021-04-27,97.9337158203125,112.0,113.69999694824219,109.0,109.0,2690495
2021-04-28,99.15789794921875,113.4000015258789,114.5999984741211,112.75,113.8499984741211,2037803
2021-04-29,97.80255889892578,111.8499984741211,115.19999694824219,111.25,114.44999694824219,1948479
2021-04-30,96.18490600585938,110.0,112.9000015258789,108.6500015258789,110.0,1664813
2021-05-03,95.00445556640625,108.6500015258789,110.55000305175781,107.05000305175781,108.75,1466131
2021-05-04,99.50765991210938,113.80000305175781,121.5999984741211,108.80000305175781,108.80000305175781,14628086
2021-05-05,100.1634521484375,114.55000305175781,117.4000015258789,113.4000015258789,116.4000015258789,4158568
2021-05-06,99.55138397216797,113.8499984741211,116.0,112.55000305175781,114.80000305175781,2039749
2021-05-07,98.72068786621094,112.9000015258789,115.5,112.1500015258789,114.9000015258789,3072678
2021-05-10,103.22389221191406,118.05000305175781,120.44999694824219,112.69999694824219,114.44999694824219,4363055
2021-05-11,108.25174713134766,123.80000305175781,125.0,115.30000305175781,116.80000305175781,7670958
2021-05-12,112.3614501953125,128.5,132.75,123.69999694824219,124.80000305175781,9286077
2021-05-14,110.04427337646484,125.8499984741211,133.89999389648438,124.55000305175781,130.0,7876471
2021-05-17,109.869384765625,125.6500015258789,129.0,124.0,128.39999389648438,6308906
2021-05-18,108.12057495117188,123.6500015258789,128.64999389648438,122.80000305175781,128.0,2962332
2021-05-19,111.09356689453125,127.05000305175781,128.0,124.0,124.4000015258789,4685683
2021-05-20,110.7437973022461,126.6500015258789,128.1999969482422,125.19999694824219,128.0,1711781
2021-05-21,122.67947387695312,140.3000030517578,143.10000610351562,126.80000305175781,126.80000305175781,26133209
2021-05-24,126.70175170898438,144.89999389648438,145.89999389648438,141.10000610351562,142.9499969482422,8821777
2021-05-25,124.5594482421875,142.4499969482422,146.8000030517578,141.0,146.0,4445185
2021-05-26,124.7780532836914,142.6999969482422,144.6999969482422,141.5500030517578,143.39999389648438,2567381
2021-05-27,123.16040802001953,140.85000610351562,143.5500030517578,140.14999389648438,142.6999969482422,2640568
2021-05-28,124.64689636230469,142.5500030517578,149.0,141.1999969482422,142.5,7164639
2021-05-31,122.37342071533203,139.9499969482422,144.64999389648438,138.14999389648438,143.0,4307505
2021-06-01,118.96322631835938,136.0500030517578,141.10000610351562,135.5,141.0,2847892
2021-06-02,125.25895690917969,143.25,144.0,135.0,136.4499969482422,4958252
2021-06-03,128.188232421875,146.60000610351562,148.5,142.0500030517578,143.75,6247450
2021-06-04,125.39012145996094,143.39999389648438,147.9499969482422,142.14999389648438,146.60000610351562,3813824
2021-06-07,124.82176971435547,142.75,145.4499969482422,142.0,143.89999389648438,2077076
2021-06-08,122.11109161376953,139.64999389648438,143.5,138.3000030517578,142.0,3120462
2021-06-09,121.71762084960938,139.1999969482422,143.5,137.25,141.0,2511667
2021-06-10,125.39012145996094,143.39999389648438,143.9499969482422,139.89999389648438,140.5,2241159
2021-06-11,122.89807891845703,140.5500030517578,144.8000030517578,139.64999389648438,144.5,1971239
2021-06-14,127.70733642578125,146.0500030517578,149.4499969482422,137.1999969482422,140.75,6580138
2021-06-15,125.82732391357422,143.89999389648438,148.3000030517578,143.3000030517578,146.64999389648438,3009904
2021-06-16,123.3790054321289,141.10000610351562,148.0,139.0,144.39999389648438,3614495
2021-06-17,122.592041015625,140.1999969482422,143.6999969482422,138.14999389648438,140.10000610351562,2427253
2021-06-18,122.37342071533203,139.9499969482422,142.5,133.35000610351562,141.0,2660618
2021-06-21,127.18267059326172,145.4499969482422,149.4499969482422,136.0,136.0,8030926
2021-06-22,132.1230926513672,151.10000610351562,154.1999969482422,146.10000610351562,147.0,11092125
2021-06-23,130.63658142089844,149.39999389648438,153.39999389648438,148.0,152.60000610351562,4189959
2021-06-24,128.84405517578125,147.35000610351562,150.6999969482422,146.35000610351562,150.6999969482422,1836246
2021-06-25,129.84962463378906,148.5,151.0,146.8000030517578,147.39999389648438,3036940
2021-06-28,135.1835174560547,154.60000610351562,155.5,149.3000030517578,149.60000610351562,5712851
2021-06-29,126.61431121826172,144.8000030517578,148.0,141.25,142.0,20182494
2021-06-30,126.52686309814453,144.6999969482422,147.8000030517578,142.89999389648438,146.25,4690171
2021-07-01,124.12223815917969,141.9499969482422,145.8000030517578,141.25,145.8000030517578,2208473
2021-07-02,124.297119140625,142.14999389648438,144.39999389648438,141.10000610351562,142.0,2162362
2021-07-05,124.51571655273438,142.39999389648438,144.1999969482422,142.10000610351562,142.5,1705913
2021-07-06,122.98551177978516,140.64999389648438,143.9499969482422,139.10000610351562,143.4499969482422,2777199
2021-07-07,121.58646392822266,139.0500030517578,141.60000610351562,138.5,140.3000030517578,2305596
2021-07-08,120.34442138671875,135.64999389648438,140.5500030517578,134.60000610351562,138.0,2585010
2021-07-09,120.6549301147461,136.0,137.8000030517578,135.25,135.64999389648438,2589032
2021-07-12,120.74366760253906,136.10000610351562,140.0,135.35000610351562,137.6999969482422,3179019
2021-07-13,120.6549301147461,136.0,138.39999389648438,135.64999389648438,137.5500030517578,1517281
2021-07-14,121.49774169921875,136.9499969482422,137.4499969482422,135.39999389648438,136.6999969482422,1989191
2021-07-15,122.65106201171875,138.25,138.6999969482422,136.5,137.39999389648438,2034974
2021-07-16,122.56233215332031,138.14999389648438,139.14999389648438,137.3000030517578,139.0,1540020
2021-07-19,123.58258819580078,139.3000030517578,143.8000030517578,137.75,138.14999389648438,12124643
2021-07-20,122.25183868408203,137.8000030517578,143.5,136.85000610351562,143.5,9077451
2021-07-22,124.24797821044922,140.0500030517578,141.89999389648438,139.0,140.75,2731115
2021-07-23,123.22771453857422,138.89999389648438,141.10000610351562,138.0,140.60000610351562,1444500
2021-07-26,123.84874725341797,139.60000610351562,141.1999969482422,139.1999969482422,141.0,1715087
2021-07-27,121.7638931274414,137.25,141.60000610351562,136.10000610351562,139.60000610351562,1710970
2021-07-28,119.76776885986328,135.0,138.5,134.25,137.5,1704709
2021-07-29,123.13900756835938,138.8000030517578,139.89999389648438,135.60000610351562,136.25,2171279
2021-07-30,123.31643676757812,139.0,141.5,138.5,139.5,1501008
2021-08-02,123.58258819580078,139.3000030517578,141.0,138.8000030517578,140.1999969482422,1508012
2021-08-03,125.80052185058594,141.8000030517578,142.39999389648438,139.3000030517578,139.3000030517578,2317460
2021-08-04,124.33667755126953,140.14999389648438,143.5,139.60000610351562,142.25,3299350
2021-08-05,120.07827758789062,135.35000610351562,140.35000610351562,134.1999969482422,140.0,3375060
2021-08-06,119.98954772949219,135.25,137.89999389648438,134.5,137.0,2589992
2021-08-09,119.41290283203125,134.60000610351562,136.6999969482422,134.1999969482422,136.1999969482422,1020691
2021-08-10,115.28755950927734,129.9499969482422,135.25,129.0,135.0,3766128
2021-08-11,113.9124526977539,128.39999389648438,131.1999969482422,127.4000015258789,130.10000610351562,2219401
2021-08-12,116.17472076416016,130.9499969482422,132.9499969482422,128.5,128.5,2151476
2021-08-13,115.28755950927734,129.9499969482422,132.4499969482422,129.35000610351562,130.9499969482422,1108560
2021-08-16,116.8401107788086,131.6999969482422,132.25,128.75,129.8000030517578,1578701
2021-08-17,111.65017700195312,125.8499984741211,131.35000610351562,125.0,131.1999969482422,1674694
2021-08-18,111.16222381591797,125.30000305175781,127.4000015258789,124.0,125.94999694824219,1530995
2021-08-20,107.92406463623047,121.6500015258789,126.9000015258789,120.5999984741211,124.19999694824219,2224961
2021-08-23,103.13335418701172,116.25,123.0,115.0999984741211,123.0,3214544
2021-08-24,104.41974639892578,117.69999694824219,119.44999694824219,115.0999984741211,116.8499984741211,2361588
2021-08-25,109.47660827636719,123.4000015258789,125.0,118.55000305175781,119.0,3077655
2021-08-26,108.98866271972656,122.8499984741211,124.69999694824219,121.75,123.80000305175781,1189141
2021-08-27,109.47660827636719,123.4000015258789,124.69999694824219,122.0,123.69999694824219,1388974
2021-08-30,107.79098510742188,121.5,127.80000305175781,120.5999984741211,124.75,3780698
2021-08-31,110.89608001708984,125.0,127.1500015258789,122.30000305175781,122.8499984741211,3398518
2021-09-01,112.35990142822266,126.6500015258789,127.1500015258789,124.69999694824219,125.0999984741211,1631277
2021-09-02,111.33966064453125,125.5,128.10000610351562,124.55000305175781,127.0,1194811
2021-09-03,111.29529571533203,125.44999694824219,129.5,124.19999694824219,125.5,2218270
2021-09-06,110.09762573242188,124.0999984741211,126.69999694824219,123.5,126.69999694824219,1527780
2021-09-07,108.54507446289062,122.3499984741211,126.44999694824219,121.94999694824219,124.55000305175781,1843182
2021-09-08,109.2991714477539,123.19999694824219,125.0,122.3499984741211,122.8499984741211,1033483
2021-09-09,110.80735778808594,124.9000015258789,125.44999694824219,123.05000305175781,123.4000015258789,1140118
2021-09-13,110.89608001708984,125.0,125.75,123.75,124.9000015258789,809642
2021-09-14,114.08988952636719,128.60000610351562,129.14999389648438,125.44999694824219,125.75,1774143
2021-09-15,118.74752807617188,133.85000610351562,134.5,127.6500015258789,128.75,4222833
2021-09-16,123.4938735961914,139.1999969482422,140.0,134.39999389648438,134.85000610351562,5653785
2021-09-17,121.58645629882812,137.0500030517578,144.3000030517578,134.0,141.39999389648438,7223477
2021-09-20,118.08214569091797,133.10000610351562,136.3000030517578,133.0,134.0,1374061
2021-09-21,115.1988525390625,129.85000610351562,134.3000030517578,128.14999389648438,133.5,2427547
2021-09-22,117.10625457763672,132.0,135.89999389648438,130.0500030517578,130.6999969482422,2542358
2021-09-23,117.06189727783203,131.9499969482422,134.64999389648438,131.5500030517578,133.1999969482422,1665255
2021-09-24,113.82373809814453,128.3000030517578,132.89999389648438,125.9000015258789,131.9499969482422,3482477
2021-09-27,110.89608001708984,125.0,129.6999969482422,124.0,129.10000610351562,2524191
2021-09-28,115.6424331665039,130.35000610351562,131.5,125.4000015258789,125.69999694824219,4194893
2021-09-29,119.05802154541016,134.1999969482422,137.8000030517578,128.10000610351562,129.9499969482422,5492241
2021-09-30,124.51412963867188,140.35000610351562,141.64999389648438,134.1999969482422,134.89999389648438,7663301
2021-10-01,125.80052185058594,141.8000030517578,143.0,137.0500030517578,139.5,5365567
2021-10-04,126.55459594726562,142.64999389648438,143.9499969482422,142.0500030517578,142.3000030517578,3873394
2021-10-05,124.29232788085938,140.10000610351562,143.4499969482422,139.10000610351562,143.4499969482422,2736892
2021-10-06,123.44950103759766,139.14999389648438,142.3000030517578,138.5,140.39999389648438,2173832
2021-10-07,123.93746948242188,139.6999969482422,141.5,138.14999389648438,140.10000610351562,1442994
2021-10-08,125.53436279296875,141.5,142.0,138.8000030517578,140.39999389648438,2335403
2021-10-11,129.3491973876953,145.8000030517578,147.85000610351562,141.3000030517578,142.64999389648438,6786194
2021-10-12,141.76956176757812,159.8000030517578,161.5,145.5,147.0500030517578,21572593
2021-10-13,145.096435546875,163.5500030517578,166.0,158.1999969482422,162.0,14750933
2021-10-14,145.93923950195312,164.5,167.5,161.39999389648438,164.4499969482422,9467681
2021-10-18,152.1050567626953,171.4499969482422,174.8000030517578,169.0,170.89999389648438,9664176
2021-10-19,141.19288635253906,159.14999389648438,174.75,157.14999389648438,173.0,8793903
2021-10-20,145.00770568847656,163.4499969482422,164.4499969482422,153.5500030517578,160.35000610351562,7628484
2021-10-21,154.54476928710938,174.1999969482422,176.5,163.5,165.0500030517578,13230489
2021-10-22,161.9082794189453,182.5,185.75,175.8000030517578,176.5,21514728
2021-10-25,166.52154541015625,187.6999969482422,194.39999389648438,176.64999389648438,184.25,17175911
2021-10-26,165.1020965576172,186.10000610351562,194.9499969482422,185.1999969482422,188.5,11493493
2021-10-27,168.07408142089844,189.4499969482422,192.8000030517578,184.35000610351562,187.5,6746856
2021-10-28,154.6334991455078,174.3000030517578,189.5,171.5,189.5,7685967
2021-10-29,152.68173217773438,172.10000610351562,177.8000030517578,155.60000610351562,174.85000610351562,16482557
2021-11-01,152.68173217773438,172.10000610351562,176.0,161.35000610351562,161.35000610351562,4963378
2021-11-02,153.65760803222656,173.1999969482422,176.39999389648438,171.85000610351562,176.25,4879291
2021-11-03,148.3789520263672,167.25,174.89999389648438,166.10000610351562,174.5,6100519
2021-11-04,153.3470916748047,172.85000610351562,174.4499969482422,169.14999389648438,170.0,1349133
2021-11-08,156.62962341308594,176.5500030517578,177.5500030517578,170.0,174.5,6121786
2021-11-09,158.8475341796875,179.0500030517578,184.60000610351562,176.35000610351562,177.4499969482422,6804347
2021-11-10,155.96424865722656,175.8000030517578,178.5,173.8000030517578,177.8000030517578,3930692
2021-11-11,152.85914611816406,172.3000030517578,177.89999389648438,170.4499969482422,175.0,3438140
2021-11-12,149.8871307373047,168.9499969482422,174.60000610351562,168.0,173.35000610351562,2738390
2021-11-15,147.0925750732422,165.8000030517578,170.60000610351562,165.0,170.0,1813159
2021-11-16,145.54002380371094,164.0500030517578,168.4499969482422,162.89999389648438,166.0,2124733
2021-11-17,144.43104553222656,162.8000030517578,167.39999389648438,162.0,162.0,2688007
2021-11-18,142.12440490722656,160.1999969482422,164.6999969482422,159.0,163.25,2537581
2021-11-22,127.48612213134766,143.6999969482422,161.14999389648438,142.0,160.3000030517578,6753354
2021-11-23,133.9624786376953,151.0,152.0,143.64999389648438,143.9499969482422,6571100
2021-11-24,139.10804748535156,156.8000030517578,159.39999389648438,151.8000030517578,152.0500030517578,5435926
2021-11-25,135.8255157470703,153.10000610351562,156.8000030517578,152.5,156.5,2886451
2021-11-26,131.03480529785156,147.6999969482422,151.60000610351562,145.5500030517578,151.60000610351562,3409526
2021-11-29,126.82075500488281,142.9499969482422,147.14999389648438,138.25,145.89999389648438,3793521
2021-11-30,126.68768310546875,142.8000030517578,148.85000610351562,141.0,144.0,2578728
2021-12-01,127.17562866210938,143.35000610351562,146.35000610351562,142.1999969482422,144.0500030517578,2776145
2021-12-02,127.48612213134766,143.6999969482422,144.89999389648438,142.39999389648438,144.89999389648438,1976984
2021-12-03,126.55459594726562,142.64999389648438,146.75,142.0500030517578,144.0,2566811
2021-12-06,128.5950927734375,144.9499969482422,145.4499969482422,141.25,143.8000030517578,2924245
2021-12-07,129.7040557861328,146.1999969482422,147.3000030517578,144.35000610351562,147.0,2070375
2021-12-08,136.35780334472656,153.6999969482422,154.8000030517578,147.25,147.9499969482422,4729141
2021-12-09,136.09165954589844,153.39999389648438,155.60000610351562,151.1999969482422,154.4499969482422,2182532
2021-12-10,142.12440490722656,160.1999969482422,163.39999389648438,151.85000610351562,152.89999389648438,4112219
2021-12-13,141.14852905273438,159.10000610351562,165.89999389648438,158.0,164.0,2924536
2021-12-14,137.0675506591797,154.5,158.14999389648438,153.5,156.89999389648438,2513614
2021-12-15,134.80526733398438,151.9499969482422,156.8000030517578,151.35000610351562,155.60000610351562,1585751
2021-12-16,132.4542694091797,149.3000030517578,154.60000610351562,148.1999969482422,153.75,2154657
2021-12-17,126.19973754882812,142.25,150.4499969482422,141.60000610351562,150.4499969482422,3107628
2021-12-20,121.85261535644531,137.35000610351562,142.25,133.4499969482422,142.10000610351562,3192606
2021-12-21,122.82848358154297,138.4499969482422,141.9499969482422,137.35000610351562,139.8000030517578,1846856
2021-12-22,122.03003692626953,137.5500030517578,143.5,136.60000610351562,140.10000610351562,4294571
2021-12-23,125.53436279296875,141.5,143.0,138.60000610351562,139.3000030517578,2467509
2021-12-24,122.03003692626953,137.5500030517578,142.5,137.0500030517578,142.0,2120048
2021-12-27,120.74366760253906,136.10000610351562,137.35000610351562,133.25,136.25,2117020
2021-12-28,125.09078216552734,141.0,163.3000030517578,137.14999389648438,137.39999389648438,2234026
2021-12-29,123.89308166503906,139.64999389648438,142.89999389648438,138.85000610351562,142.1999969482422,2275339
2021-12-30,122.3405532836914,137.89999389648438,139.89999389648438,137.3000030517578,138.4499969482422,1304902
2021-12-31,123.84874725341797,139.60000610351562,141.14999389648438,138.25,138.25,1281459
2022-01-03,126.11101531982422,142.14999389648438,142.9499969482422,138.8000030517578,138.8000030517578,1776764
2022-01-04,127.53047180175781,143.75,146.4499969482422,142.14999389648438,143.0,2321248
2022-01-05,127.97408294677734,144.25,147.4499969482422,142.85000610351562,143.60000610351562,3134266
2022-01-06,126.95382690429688,143.10000610351562,144.4499969482422,141.3000030517578,142.0,2452008
2022-01-07,127.8853530883789,144.14999389648438,146.14999389648438,143.10000610351562,143.6999969482422,2435193
2022-01-10,131.7445526123047,148.5,149.3000030517578,144.6999969482422,144.6999969482422,3344728
2022-01-11,129.2604522705078,145.6999969482422,148.9499969482422,145.10000610351562,148.85000610351562,1649118
2022-01-12,129.39353942871094,145.85000610351562,148.25,145.39999389648438,147.3000030517578,1977157
2022-01-13,128.5950927734375,144.9499969482422,147.0,144.60000610351562,146.6999969482422,1721817
2022-01-14,129.5709991455078,146.0500030517578,148.0,144.3000030517578,145.0,3713740
2022-01-17,129.30484008789062,145.75,147.89999389648438,145.39999389648438,147.0,1480166
2022-01-18,125.53436279296875,141.5,146.85000610351562,139.14999389648438,146.5,1865733
2022-01-19,125.75614166259766,141.75,142.75,139.8000030517578,141.89999389648438,1998676
2022-01-20,125.88921356201172,141.89999389648438,143.35000610351562,141.10000610351562,141.8000030517578,1564301
2022-01-21,123.58258819580078,139.3000030517578,141.64999389648438,138.5,141.0,1177358
2022-01-24,119.36854553222656,134.5500030517578,140.25,132.0,139.64999389648438,3048479
2022-01-25,120.07827758789062,135.35000610351562,136.35000610351562,130.89999389648438,133.0,3551569
2022-01-27,129.39353942871094,145.85000610351562,146.89999389648438,133.1999969482422,134.0,6993098
2022-01-28,133.1640167236328,150.10000610351562,151.85000610351562,146.25,147.5,5673629
2022-01-31,139.0193328857422,156.6999969482422,160.6999969482422,152.0500030517578,152.39999389648438,8772066
2022-02-01,135.78114318847656,153.0500030517578,161.5,151.6999969482422,157.9499969482422,10273901
2022-02-02,149.17739868164062,168.14999389648438,172.3000030517578,154.75,154.75,13483739
2022-02-03,149.08868408203125,168.0500030517578,171.9499969482422,165.60000610351562,168.5,7137949
2022-02-04,149.44354248046875,168.4499969482422,170.3000030517578,162.64999389648438,168.14999389648438,6560635
2022-02-07,141.0154571533203,158.9499969482422,178.6999969482422,155.3000030517578,169.14999389648438,20025570
2022-02-08,138.08778381347656,155.64999389648438,163.10000610351562,153.35000610351562,158.25,7173035
2022-02-09,138.04344177246094,155.60000610351562,159.85000610351562,153.60000610351562,158.0,4416559
2022-02-10,139.99522399902344,157.8000030517578,158.5,154.60000610351562,156.6999969482422,2860373
2022-02-11,135.869873046875,153.14999389648438,157.5,152.0500030517578,154.5,2893723
2022-02-14,132.18812561035156,149.0,150.0,145.5500030517578,150.0,3306119
2022-02-15,136.446533203125,153.8000030517578,155.0,144.8000030517578,148.0,4059534
2022-02-16,134.9383544921875,152.10000610351562,156.9499969482422,151.10000610351562,154.60000610351562,2491167
2022-02-17,134.6721954345703,151.8000030517578,154.64999389648438,151.10000610351562,153.4499969482422,1569528
2022-02-18,134.8939666748047,152.0500030517578,153.3000030517578,150.10000610351562,150.10000610351562,1406435
2022-02-21,130.54684448242188,147.14999389648438,151.60000610351562,146.25,150.25,1615079
2022-02-22,129.03868103027344,145.4499969482422,146.85000610351562,142.1999969482422,144.0,1723580
2022-02-23,132.6760711669922,149.5500030517578,151.9499969482422,146.1999969482422,146.1999969482422,2357147
2022-02-24,121.23158264160156,136.64999389648438,145.8000030517578,135.0,142.1999969482422,3917451
2022-02-25,125.40129089355469,141.35000610351562,148.89999389648438,139.5,148.89999389648438,3555253
2022-02-28,126.9981918334961,143.14999389648438,144.0,140.0,141.10000610351562,2470777
2022-03-02,126.42152404785156,142.5,143.6999969482422,140.60000610351562,141.9499969482422,1422036
2022-03-03,127.97408294677734,144.25,145.5,143.14999389648438,144.39999389648438,1879593
2022-03-04,126.02229309082031,142.0500030517578,143.4499969482422,141.4499969482422,142.5,3220773
2022-03-07,117.50547790527344,132.4499969482422,139.0,131.5,139.0,4454746
2022-03-08,128.41766357421875,144.75,146.8000030517578,132.75,132.9499969482422,5634046
2022-03-09,129.5709991455078,146.0500030517578,148.75,142.75,145.0,4050512
2022-03-10,131.96633911132812,148.75,153.89999389648438,146.0,148.25,2994204
2022-03-11,131.70018005371094,148.4499969482422,150.35000610351562,146.5500030517578,148.6999969482422,1258594
2022-03-14,135.2488555908203,152.4499969482422,153.8000030517578,147.25,148.0,2825636
2022-03-15,131.92196655273438,148.6999969482422,154.0,146.75,152.89999389648438,1709725
2022-03-16,134.1842498779297,151.25,152.25,148.60000610351562,150.10000610351562,1362779
2022-03-17,138.88626098632812,156.5500030517578,157.0,153.0,153.0,3476000
2022-03-21,138.13217163085938,155.6999969482422,158.0,153.35000610351562,158.0,1765323
2022-03-22,136.7126922607422,154.10000610351562,155.89999389648438,151.8000030517578,155.0,1113478
2022-03-23,134.36170959472656,151.4499969482422,157.1999969482422,151.0,155.89999389648438,1556961
2022-03-24,132.94223022460938,149.85000610351562,152.64999389648438,149.1999969482422,152.0,1124453
2022-03-25,132.1437530517578,148.9499969482422,151.89999389648438,148.1999969482422,151.0500030517578,1318128
2022-03-28,132.36557006835938,149.1999969482422,150.60000610351562,145.75,149.5,1436910
2022-03-29,131.38966369628906,148.10000610351562,151.5,147.0,150.6999969482422,1109007
2022-03-30,135.55935668945312,152.8000030517578,154.89999389648438,148.75,150.25,2254515
2022-03-31,136.53524780273438,153.89999389648438,155.60000610351562,151.35000610351562,155.0,2316864
2022-04-01,142.03570556640625,160.10000610351562,160.60000610351562,153.4499969482422,155.1999969482422,2417961
2022-04-04,143.23338317871094,161.4499969482422,164.39999389648438,160.5500030517578,161.0,2167051
2022-04-05,144.03182983398438,162.35000610351562,165.3000030517578,160.8000030517578,162.89999389648438,2800524
2022-04-06,149.39918518066406,168.39999389648438,169.0,160.3000030517578,162.4499969482422,2779213
2022-04-07,150.55250549316406,169.6999969482422,175.5,166.5,168.1999969482422,4655161
2022-04-08,150.95172119140625,170.14999389648438,171.8000030517578,168.5,171.0,1979171
2022-04-11,151.88327026367188,171.1999969482422,174.3000030517578,169.60000610351562,170.14999389648438,2267126
2022-04-12,148.24588012695312,167.10000610351562,170.0,164.10000610351562,170.0,1981666
2022-04-13,148.46766662597656,167.35000610351562,169.0,166.25,167.9499969482422,1212763
2022-04-18,144.96334838867188,163.39999389648438,165.35000610351562,161.39999389648438,165.0,1168659
2022-04-19,143.10031127929688,161.3000030517578,168.0,158.0500030517578,163.39999389648438,2217309
2022-04-20,146.16104125976562,164.75,165.60000610351562,161.3000030517578,162.14999389648438,1491916
2022-04-21,147.27000427246094,166.0,167.0,165.0500030517578,165.89999389648438,830302
2022-04-22,143.36647033691406,161.60000610351562,165.89999389648438,160.14999389648438,165.0,844071
2022-04-25,141.50340270996094,159.5,161.75,158.5500030517578,161.75,1332057
2022-04-26,143.76568603515625,162.0500030517578,163.1999969482422,160.60000610351562,161.0,951533
2022-04-27,144.78591918945312,163.1999969482422,163.75,159.1999969482422,161.0,880490
2022-04-28,143.1890106201172,161.39999389648438,164.75,160.25,164.75,855322
2022-04-29,145.05206298828125,163.5,164.6999969482422,161.14999389648438,162.6999969482422,1280163
2022-05-02,142.7454376220703,160.89999389648438,161.5500030517578,158.25,160.10000610351562,705290
2022-05-04,137.59986877441406,155.10000610351562,163.35000610351562,150.0,161.9499969482422,1259752
2022-05-05,133.91810607910156,150.9499969482422,158.64999389648438,149.6999969482422,156.10000610351562,1116396
2022-05-06,135.95858764648438,153.25,154.10000610351562,146.1999969482422,149.0,1632215
2022-05-09,133.4745330810547,150.4499969482422,153.25,148.14999389648438,153.25,944807
2022-05-10,131.92196655273438,148.6999969482422,154.0,147.39999389648438,150.4499969482422,1352176
2022-05-11,127.97408294677734,144.25,151.3000030517578,140.85000610351562,150.0,1550144
2022-05-12,122.20748138427734,137.75,142.8000030517578,137.0500030517578,141.89999389648438,2738548
2022-05-13,129.12738037109375,145.5500030517578,149.8000030517578,141.0,141.0,3117375
2022-05-16,137.20062255859375,154.64999389648438,155.39999389648438,145.14999389648438,145.5,2291681
2022-05-17,136.7570343017578,154.14999389648438,156.75,153.10000610351562,155.64999389648438,1473358
2022-05-18,136.4021759033203,153.75,157.64999389648438,152.5500030517578,155.39999389648438,1277830
2022-05-19,134.80526733398438,151.9499969482422,153.60000610351562,148.89999389648438,150.3000030517578,964098
2022-05-20,139.5959930419922,157.35000610351562,157.89999389648438,153.60000610351562,154.0,1009450
2022-05-23,139.0193328857422,156.6999969482422,160.6999969482422,155.3000030517578,157.35000610351562,1150435
2022-05-24,141.3259735107422,159.3000030517578,160.0,156.5,157.9499969482422,1144232
2022-05-25,141.54774475097656,159.5500030517578,162.6999969482422,158.0500030517578,160.10000610351562,2004380
2022-05-26,142.1687774658203,160.25,162.1999969482422,154.1999969482422,161.5,1576237
2022-05-27,144.8302764892578,163.25,164.0,160.35000610351562,162.39999389648438,1767924
2022-05-30,148.6450958251953,167.5500030517578,169.0500030517578,164.5,165.60000610351562,1739246
2022-05-31,150.33071899414062,169.4499969482422,173.0,164.1999969482422,167.5500030517578,7358370
2022-06-01,150.72994995117188,169.89999389648438,171.5,167.25,169.0,1286529
2022-06-02,148.24588012695312,167.10000610351562,171.5500030517578,162.9499969482422,170.0,1338244
2022-06-03,145.71743774414062,164.25,170.85000610351562,163.35000610351562,169.0,1571472
2022-06-06,145.18511962890625,163.64999389648438,165.4499969482422,160.14999389648438,164.39999389648438,872574
2022-06-07,144.03182983398438,162.35000610351562,163.9499969482422,161.14999389648438,163.9499969482422,949417
2022-06-08,144.2536163330078,162.60000610351562,165.64999389648438,161.5,163.0,984335
2022-06-09,143.81002807617188,162.10000610351562,163.1999969482422,161.0500030517578,162.5,473895
2022-06-10,145.05206298828125,163.5,164.4499969482422,160.0,160.5,1277139
2022-06-13,141.85826110839844,159.89999389648438,161.5,157.64999389648438,161.5,1090427
2022-06-14,140.4711151123047,151.89999389648438,155.39999389648438,150.10000610351562,153.89999389648438,1393163
2022-06-15,141.44212341308594,152.9499969482422,154.3000030517578,151.0500030517578,151.39999389648438,705773
2022-06-16,139.63885498046875,151.0,155.5,149.85000610351562,154.0,1096739
2022-06-17,134.7838592529297,145.75,150.39999389648438,145.0500030517578,150.0,1010035
2022-06-20,130.807373046875,141.4499969482422,147.1999969482422,140.0,145.75,1366038
2022-06-21,135.5699005126953,146.60000610351562,147.89999389648438,141.5,142.0,883653
2022-06-22,134.87631225585938,145.85000610351562,149.10000610351562,144.25,146.4499969482422,2116527
2022-06-23,136.124755859375,147.1999969482422,148.5,143.39999389648438,146.39999389648438,854972
2022-06-24,141.21092224121094,152.6999969482422,153.60000610351562,147.60000610351562,147.89999389648438,1342399
2022-06-27,141.39588928222656,152.89999389648438,155.64999389648438,152.0500030517578,154.1999969482422,692383
2022-06-28,141.5345916748047,153.0500030517578,153.89999389648438,151.6999969482422,152.10000610351562,543324
2022-06-29,138.76031494140625,150.0500030517578,151.8000030517578,149.39999389648438,151.0,416104
2022-06-30,138.57537841796875,149.85000610351562,151.89999389648438,146.39999389648438,149.5,658463
2022-07-01,138.29794311523438,149.5500030517578,150.75,146.64999389648438,148.35000610351562,746419
2022-07-04,139.36141967773438,150.6999969482422,151.8000030517578,149.10000610351562,150.3000030517578,433081
2022-07-05,140.70230102539062,152.14999389648438,154.5,151.60000610351562,152.0,1594149
2022-07-06,139.5926055908203,150.9499969482422,153.39999389648438,150.14999389648438,152.14999389648438,1545814
2022-07-07,144.6787872314453,156.4499969482422,157.3000030517578,151.5,151.8000030517578,2390496
2022-07-08,148.23912048339844,160.3000030517578,162.0,156.4499969482422,157.89999389648438,1272417
2022-07-11,155.49847412109375,168.14999389648438,168.64999389648438,158.5500030517578,160.0,2512313
2022-07-12,161.92556762695312,175.10000610351562,175.9499969482422,166.5,167.6999969482422,4471402
2022-07-13,160.95457458496094,174.0500030517578,179.6999969482422,172.8000030517578,175.25,3280410
2022-07-14,156.9781036376953,169.75,175.3000030517578,166.9499969482422,175.3000030517578,2735782
2022-07-15,158.78138732910156,171.6999969482422,174.14999389648438,169.0500030517578,169.64999389648438,1805121
2022-07-18,159.05882263183594,172.0,174.60000610351562,171.0500030517578,173.0,2278437
2022-07-19,160.95457458496094,174.0500030517578,175.0,171.0500030517578,172.5,2014031
2022-07-20,161.92556762695312,175.10000610351562,176.39999389648438,173.39999389648438,175.5,2692419
2022-07-21,163.40518188476562,176.6999969482422,179.4499969482422,173.39999389648438,175.0,2009270
2022-07-22,164.93104553222656,178.35000610351562,180.5,176.5500030517578,177.0,1710913
2022-07-25,162.619140625,175.85000610351562,179.10000610351562,173.25,178.35000610351562,1338648
2022-07-26,159.5674285888672,172.5500030517578,176.35000610351562,171.1999969482422,176.10000610351562,642274
2022-07-27,162.57290649414062,175.8000030517578,176.75,171.5500030517578,172.5,724689
2022-07-28,164.37619018554688,177.75,182.0,175.8000030517578,176.9499969482422,1678148
2022-07-29,163.22023010253906,176.5,179.39999389648438,175.39999389648438,178.85000610351562,777662
2022-08-01,164.19122314453125,177.5500030517578,178.75,173.10000610351562,176.0,2783330
2022-08-02,163.72885131835938,177.0500030517578,179.75,166.0,166.0,2367035
2022-08-03,164.56112670898438,177.9499969482422,179.39999389648438,175.8000030517578,177.0,1098122
2022-08-04,161.83309936523438,175.0,179.64999389648438,171.3000030517578,178.0,4487273
2022-08-05,161.41696166992188,174.5500030517578,177.89999389648438,173.25,175.0,959765
2022-08-08,160.95457458496094,174.0500030517578,177.25,173.35000610351562,175.10000610351562,618143
2022-08-10,161.83309936523438,175.0,177.25,173.1999969482422,175.0,738084
2022-08-11,168.44512939453125,182.14999389648438,187.85000610351562,176.0,176.0,5338588
2022-08-12,168.6763153076172,182.39999389648438,183.35000610351562,178.60000610351562,181.0,1345596
2022-08-16,167.2891845703125,180.89999389648438,184.14999389648438,179.0,183.85000610351562,993932
2022-08-17,169.87850952148438,183.6999969482422,185.8000030517578,181.0,181.0,1846560
2022-08-18,168.81504821777344,182.5500030517578,185.5,181.39999389648438,183.0,859307
2022-08-19,164.42242431640625,177.8000030517578,183.10000610351562,174.1999969482422,183.0,1322315
2022-08-22,161.83309936523438,175.0,177.10000610351562,173.0,176.0,743550
2022-08-23,164.14498901367188,177.5,178.60000610351562,173.0500030517578,174.0,672062
2022-08-24,165.0697479248047,178.5,180.10000610351562,176.35000610351562,177.8000030517578,682640
2022-08-25,175.01092529296875,189.25,190.89999389648438,180.0,180.0,5992476
2022-08-26,178.8024444580078,193.35000610351562,196.89999389648438,189.4499969482422,190.6999969482422,3619387
2022-08-29,176.2593536376953,190.60000610351562,191.85000610351562,185.3000030517578,186.0,1942514
2022-08-30,179.63473510742188,194.25,195.1999969482422,191.89999389648438,192.0,1442769
2022-09-01,179.63473510742188,194.25,197.75,191.5,193.0,1609541
2022-09-02,177.36907958984375,191.8000030517578,195.75,190.35000610351562,195.0,899567
2022-09-05,178.06263732910156,192.5500030517578,195.85000610351562,191.60000610351562,192.75,866250
2022-09-06,178.10888671875,192.60000610351562,194.9499969482422,191.14999389648438,193.5,860576
2022-09-07,176.58302307128906,190.9499969482422,193.5500030517578,189.60000610351562,192.0,737155
2022-09-08,188.23501586914062,203.5500030517578,205.60000610351562,192.10000610351562,192.10000610351562,7708801
2022-09-09,188.3274688720703,203.64999389648438,204.9499969482422,200.5500030517578,204.9499969482422,2295545
2022-09-12,191.05552673339844,206.60000610351562,207.35000610351562,200.8000030517578,204.85000610351562,3034614
2022-09-13,189.43719482421875,204.85000610351562,206.8000030517578,203.5,206.8000030517578,975806
2022-09-14,189.66839599609375,205.10000610351562,207.39999389648438,199.64999389648438,200.0,2054925
2022-09-15,189.43719482421875,204.85000610351562,207.4499969482422,203.25,206.4499969482422,1245545
2022-09-16,181.16058349609375,195.89999389648438,204.3000030517578,193.8000030517578,204.3000030517578,1516040
2022-09-19,188.5586700439453,203.89999389648438,205.0,195.1999969482422,196.0,2232043
2022-09-20,189.43719482421875,204.85000610351562,206.60000610351562,202.6999969482422,205.0,1951124
2022-09-21,186.4779510498047,201.64999389648438,205.85000610351562,198.5,205.8000030517578,853210
2022-09-22,186.7091522216797,201.89999389648438,203.39999389648438,198.1999969482422,200.0,965179
2022-09-23,182.3165283203125,197.14999389648438,202.5,193.4499969482422,201.5,1101779
2022-09-26,172.19039916992188,186.1999969482422,194.9499969482422,183.6999969482422,194.9499969482422,1496260
2022-09-27,174.08616638183594,188.25,189.89999389648438,185.6999969482422,187.10000610351562,893893
2022-09-28,172.74526977539062,186.8000030517578,189.5500030517578,184.5,186.3000030517578,758212
2022-09-29,179.44979858398438,194.0500030517578,197.3000030517578,188.1999969482422,190.0,1488416
2022-09-30,182.03912353515625,196.85000610351562,198.64999389648438,191.0500030517578,194.89999389648438,1743263
2022-10-03,175.14964294433594,189.39999389648438,197.4499969482422,188.35000610351562,196.75,664670
2022-10-04,183.01010131835938,197.89999389648438,198.64999389648438,192.8000030517578,193.0,946142
2022-10-06,187.81887817382812,203.10000610351562,203.8000030517578,198.3000030517578,198.3000030517578,1033954
2022-10-07,187.68014526367188,202.9499969482422,203.8000030517578,199.5,202.5,1019162
2022-10-10,183.4724884033203,198.39999389648438,202.0,197.64999389648438,202.0,663371
2022-10-11,177.41531372070312,191.85000610351562,199.35000610351562,190.0,199.0,633488
2022-10-12,179.44979858398438,194.0500030517578,196.39999389648438,192.14999389648438,192.35000610351562,687650
2022-10-13,181.5767364501953,196.35000610351562,196.9499969482422,192.25,194.10000610351562,638632
2022-10-14,177.83145141601562,192.3000030517578,200.6999969482422,191.0,198.5,838207
2022-10-17,189.06729125976562,204.4499969482422,206.0,191.64999389648438,192.89999389648438,2963275
2022-10-18,199.33212280273438,215.5500030517578,217.89999389648438,203.5,207.3000030517578,5390546
2022-10-19,200.67303466796875,217.0,219.64999389648438,213.0,216.10000610351562,2834807
2022-10-20,204.55703735351562,221.1999969482422,224.5500030517578,212.1999969482422,215.0,2487236
2022-10-21,209.1808319091797,226.1999969482422,236.39999389648438,220.9499969482422,222.89999389648438,7349689
2022-10-24,216.2552490234375,233.85000610351562,234.89999389648438,231.10000610351562,232.0,1146446
2022-10-25,215.70040893554688,233.25,239.60000610351562,228.1999969482422,232.0500030517578,5997054
2022-10-27,219.35321044921875,237.1999969482422,239.39999389648438,232.39999389648438,234.89999389648438,2371397
2022-10-28,226.19644165039062,244.60000610351562,247.10000610351562,236.8000030517578,237.14999389648438,4107921
2022-10-31,234.79669189453125,253.89999389648438,256.3999938964844,246.10000610351562,246.5,4139222
2022-11-01,231.00518798828125,249.8000030517578,258.6000061035156,244.10000610351562,255.0,2331126
2022-11-02,226.24264526367188,244.64999389648438,250.9499969482422,241.0,249.0,2471659
2022-11-03,232.71597290039062,251.64999389648438,254.0,241.8000030517578,241.89999389648438,4662274
2022-11-04,230.91270446777344,249.6999969482422,256.6499938964844,248.0500030517578,253.39999389648438,2797086
2022-11-07,240.3452606201172,259.8999938964844,269.1499938964844,255.0,255.10000610351562,7891059
2022-11-09,247.32720947265625,267.45001220703125,269.70001220703125,259.0,261.0,3704856
2022-11-10,246.86485290527344,266.95001220703125,270.0,263.25,267.8500061035156,2336850
2022-11-11,241.1775360107422,260.79998779296875,270.0,257.79998779296875,270.0,1892762
2022-11-14,242.79586791992188,262.54998779296875,263.6000061035156,257.04998779296875,261.0,1231415
2022-11-15,250.24020385742188,270.6000061035156,273.5,262.1000061035156,263.54998779296875,2197596
2022-11-16,248.57562255859375,268.79998779296875,274.8999938964844,266.0,271.1499938964844,2084378
2022-11-17,251.16497802734375,271.6000061035156,272.6000061035156,264.04998779296875,266.0,1150910
2022-11-18,253.70803833007812,274.3500061035156,275.0,268.54998779296875,271.6000061035156,1991128
2022-11-21,248.3907012939453,268.6000061035156,275.0,265.1000061035156,274.3500061035156,1943443
2022-11-22,253.98545837402344,274.6499938964844,275.0,267.5,269.29998779296875,1915644
2022-11-23,254.8177490234375,275.54998779296875,279.5,273.0,274.6499938964844,2116755
2022-11-24,255.18768310546875,275.95001220703125,280.8500061035156,273.1000061035156,277.0,1546503
2022-11-25,251.48863220214844,271.95001220703125,280.79998779296875,269.45001220703125,276.29998779296875,2056942
2022-11-28,252.0897216796875,272.6000061035156,275.3500061035156,267.20001220703125,271.95001220703125,1666315
2022-11-29,247.7895965576172,267.95001220703125,275.0,266.6000061035156,272.04998779296875,1964196
2022-11-30,246.81857299804688,266.8999938964844,272.45001220703125,264.3999938964844,269.1499938964844,2516018
2022-12-01,255.28012084960938,276.04998779296875,279.0,268.20001220703125,268.6000061035156,2348990
2022-12-02,261.10614013671875,282.3500061035156,284.70001220703125,273.75,276.04998779296875,4341809
2022-12-05,263.0943908691406,284.5,286.29998779296875,282.0,282.8999938964844,1451799
2022-12-06,270.8161315917969,292.8500061035156,294.5,284.20001220703125,285.3500061035156,3053049
2022-12-07,270.3074645996094,292.29998779296875,295.0,288.79998779296875,293.95001220703125,1850988
2022-12-08,272.7581481933594,294.95001220703125,297.0,287.54998779296875,292.29998779296875,1839056
2022-12-09,252.13595581054688,272.6499938964844,301.0,270.25,296.75,4057470
2022-12-12,249.0380096435547,269.29998779296875,274.0,265.45001220703125,273.45001220703125,4125936
2022-12-13,271.87957763671875,294.0,297.6499938964844,271.8999938964844,272.0,12228997
2022-12-14,277.1507568359375,299.70001220703125,306.0,291.5,296.0,7879714
2022-12-15,276.96575927734375,299.5,304.5,296.6499938964844,299.79998779296875,3690929
2022-12-16,272.018310546875,294.1499938964844,300.75,285.70001220703125,296.0,2943257
2022-12-19,269.1053161621094,291.0,297.79998779296875,288.1000061035156,293.79998779296875,1404024
2022-12-20,275.3936767578125,297.79998779296875,299.8999938964844,286.5,291.95001220703125,1985522
2022-12-21,264.25030517578125,285.75,300.8500061035156,280.0,298.0,3221403
2022-12-22,259.34912109375,280.45001220703125,289.6000061035156,275.04998779296875,288.0,2719690
2022-12-23,251.11871337890625,271.54998779296875,280.8999938964844,255.5,279.6000061035156,4525500
2022-12-26,267.4407653808594,289.20001220703125,291.8999938964844,268.79998779296875,274.95001220703125,3750934
2022-12-27,266.8396301269531,288.54998779296875,294.8500061035156,287.0,292.0,1701370
2022-12-28,258.37811279296875,279.3999938964844,295.95001220703125,272.1000061035156,288.6499938964844,3261676
2022-12-29,256.7597351074219,277.6499938964844,287.8500061035156,273.6499938964844,279.3999938964844,3623032
2022-12-30,263.88043212890625,285.3500061035156,287.29998779296875,280.1499938964844,280.8999938964844,2398443
2023-01-02,273.4979248046875,295.75,297.5,284.3500061035156,287.0,2657233
2023-01-03,274.4689025878906,296.79998779296875,299.70001220703125,294.0,297.8500061035156,1965880
2023-01-04,273.22052001953125,295.45001220703125,298.3999938964844,290.3500061035156,296.79998779296875,2042191
2023-01-05,272.5269470214844,294.70001220703125,298.95001220703125,291.3999938964844,297.29998779296875,1507383
2023-01-06,271.3710021972656,293.45001220703125,296.20001220703125,289.3500061035156,296.0,1311018
2023-01-09,274.4226989746094,296.75,300.0,292.1499938964844,295.95001220703125,1952696
2023-01-10,267.2557678222656,289.0,296.45001220703125,287.04998779296875,296.45001220703125,1113496
2023-01-11,266.2385559082031,287.8999938964844,290.8500061035156,283.29998779296875,289.1000061035156,1448659
2023-01-12,264.25030517578125,285.75,288.95001220703125,284.20001220703125,288.95001220703125,645103
2023-01-13,263.88043212890625,285.3500061035156,289.25,281.6499938964844,287.1499938964844,1050157
2023-01-16,266.60845947265625,288.29998779296875,294.0,285.6499938964844,286.0,1600185
2023-01-17,266.0073547363281,287.6499938964844,290.54998779296875,285.25,289.70001220703125,867621
2023-01-18,259.4878234863281,280.6000061035156,288.70001220703125,277.75,288.3999938964844,1649373
2023-01-19,265.9611511230469,287.6000061035156,289.70001220703125,279.5,280.1000061035156,1255619
2023-01-20,265.31378173828125,286.8999938964844,290.54998779296875,285.54998779296875,287.6000061035156,709775
2023-01-23,266.2385559082031,287.8999938964844,289.70001220703125,285.20001220703125,287.95001220703125,552419
2023-01-24,268.31927490234375,290.1499938964844,292.8500061035156,288.20001220703125,288.20001220703125,857419
2023-01-25,270.1687927246094,292.1499938964844,293.5,282.6000061035156,292.3999938964844,2311405
2023-01-27,261.10614013671875,282.3500061035156,293.5,277.5,293.5,1802029
2023-01-30,274.5151672363281,296.8500061035156,300.0,278.5,282.3500061035156,2264826
2023-01-31,281.8207702636719,304.75,305.95001220703125,291.3500061035156,297.0,4686789
2023-02-01,270.7236633300781,292.75,310.0,273.6499938964844,306.0,3044737
2023-02-02,270.2612609863281,292.25,298.29998779296875,290.0,293.0,1611678
2023-02-03,272.6194152832031,294.79998779296875,296.0,285.1499938964844,293.29998779296875,1865368
2023-02-06,270.2612609863281,292.25,298.70001220703125,290.5,295.1000061035156,1320864
2023-02-07,265.8224182128906,287.45001220703125,293.5,285.95001220703125,292.3500061035156,482672
2023-02-08,265.8686218261719,287.5,289.70001220703125,285.95001220703125,287.45001220703125,855567
2023-02-09,265.4062805175781,287.0,289.0,284.0,289.0,462099
2023-02-10,268.0418701171875,289.8500061035156,291.8999938964844,286.20001220703125,287.75,1054284
2023-02-13,261.10614013671875,282.3500061035156,290.5,280.6499938964844,290.5,424829
2023-02-14,268.08807373046875,289.8999938964844,290.70001220703125,281.0,283.45001220703125,1377132
2023-02-15,266.8396301269531,288.54998779296875,291.79998779296875,284.04998779296875,290.0,581135
2023-02-16,267.02459716796875,288.75,290.1499938964844,285.45001220703125,289.25,349661
2023-02-17,266.93212890625,288.6499938964844,289.20001220703125,286.04998779296875,287.8999938964844,418786
2023-02-20,265.36004638671875,286.95001220703125,289.6000061035156,285.1000061035156,288.70001220703125,438116
2023-02-21,263.88043212890625,285.3500061035156,288.54998779296875,282.29998779296875,286.95001220703125,522423
2023-02-22,252.64459228515625,273.20001220703125,286.25,271.3500061035156,285.54998779296875,978304
2023-02-23,257.4533386230469,278.3999938964844,283.1499938964844,265.6499938964844,274.79998779296875,1286109
2023-02-24,252.04347229003906,272.54998779296875,282.0,270.25,279.6499938964844,566095
2023-02-27,240.2527618408203,259.79998779296875,272.8500061035156,257.20001220703125,271.29998779296875,1330430
2023-02-28,237.75595092773438,257.1000061035156,263.95001220703125,252.1999969482422,259.6000061035156,1867802
2023-03-01,246.40245056152344,266.45001220703125,268.29998779296875,257.25,257.8999938964844,917092
2023-03-02,253.84677124023438,274.5,276.79998779296875,267.0,267.29998779296875,1238097
2023-03-03,270.2150573730469,292.20001220703125,293.5,276.0,276.0,2986544
2023-03-06,265.2212829589844,286.79998779296875,294.5,285.29998779296875,294.5,1262149
2023-03-08,269.4751892089844,291.3999938964844,292.79998779296875,283.70001220703125,286.6000061035156,798459
2023-03-09,263.88043212890625,285.3500061035156,290.6499938964844,284.6000061035156,290.6499938964844,745734
2023-03-10,267.302001953125,289.04998779296875,291.8999938964844,277.0,282.8500061035156,1281800
2023-03-13,261.1523742675781,282.3999938964844,289.20001220703125,280.20001220703125,286.20001220703125,932987
2023-03-14,239.05059814453125,258.5,285.70001220703125,254.0,281.70001220703125,5100639
2023-03-15,243.859375,263.70001220703125,266.3999938964844,260.25,264.8999938964844,1857008
2023-03-16,241.68617248535156,261.3500061035156,267.1000061035156,256.20001220703125,259.75,1954675
2023-03-17,252.3671417236328,272.8999938964844,277.54998779296875,258.04998779296875,263.0,4586249
2023-03-20,246.03253173828125,266.04998779296875,274.29998779296875,265.0,273.75,1089633
2023-03-21,252.274658203125,272.79998779296875,275.3500061035156,268.0,268.0,1231107
2023-03-22,253.98545837402344,274.6499938964844,278.8500061035156,272.04998779296875,272.04998779296875,805305
2023-03-23,256.066162109375,276.8999938964844,280.0,270.0,273.0,1220212
2023-03-24,249.63912963867188,269.95001220703125,277.70001220703125,268.0,276.29998779296875,712951
2023-03-27,250.5176239013672,270.8999938964844,273.8999938964844,263.54998779296875,266.5,975230
2023-03-28,259.16412353515625,280.25,283.0,268.45001220703125,272.0,1750220
2023-03-29,269.1977844238281,291.1000061035156,293.0,275.5,278.04998779296875,1741200
2023-03-31,266.8396301269531,288.54998779296875,293.0,285.95001220703125,288.3500061035156,1696892
2023-04-03,268.31927490234375,290.1499938964844,291.8999938964844,287.1000061035156,289.0,1181951
2023-04-05,267.764404296875,289.54998779296875,293.0,288.0,292.25,680681
2023-04-06,266.93212890625,288.6499938964844,297.95001220703125,285.1000061035156,289.29998779296875,1409390
2023-04-10,260.9211730957031,282.1499938964844,288.6499938964844,280.79998779296875,288.29998779296875,1143392
2023-04-11,263.74169921875,285.20001220703125,287.6000061035156,284.0,284.04998779296875,802692
2023-04-12,262.3545837402344,283.70001220703125,287.5,281.1499938964844,285.20001220703125,616932
2023-04-13,265.4525146484375,287.04998779296875,288.0,282.70001220703125,283.70001220703125,695505
2023-04-17,286.21337890625,309.5,312.0,285.3500061035156,287.95001220703125,4882455
2023-04-18,297.35675048828125,321.54998779296875,324.70001220703125,308.0,312.0,7021477
2023-04-19,295.9233703613281,320.0,321.29998779296875,315.04998779296875,318.79998779296875,1833524
2023-04-20,283.34661865234375,306.3999938964844,321.29998779296875,304.1000061035156,320.0,1657650
2023-04-21,279.5088806152344,302.25,309.3999938964844,296.6000061035156,307.5,1915631
2023-04-24,289.7274475097656,313.29998779296875,314.95001220703125,302.04998779296875,302.8999938964844,2099221
2023-04-25,293.2415771484375,317.1000061035156,324.3999938964844,311.1000061035156,314.0,3237088
2023-04-26,295.1835632324219,319.20001220703125,321.1000061035156,312.3500061035156,317.1000061035156,1383629
2023-04-27,293.1028747558594,316.95001220703125,319.79998779296875,315.1000061035156,318.95001220703125,779946
2023-04-28,298.1427917480469,322.3999938964844,328.0,317.70001220703125,318.6000061035156,2163861
2023-05-02,304.3849182128906,329.1499938964844,330.70001220703125,323.8500061035156,327.70001220703125,1992544
2023-05-03,309.28619384765625,334.45001220703125,335.0,324.0,325.8500061035156,1715457
2023-05-04,306.55810546875,331.5,335.0,330.1000061035156,334.0,971264
2023-05-05,306.9280090332031,331.8999938964844,334.8999938964844,328.0,331.3500061035156,1004462
2023-05-08,291.5769958496094,315.29998779296875,334.3999938964844,312.79998779296875,332.04998779296875,4893690
2023-05-09,274.4226989746094,296.75,322.0,293.8500061035156,318.0,4738997
2023-05-10,265.2212829589844,286.79998779296875,299.45001220703125,285.6000061035156,297.75,3501046
2023-05-11,267.0708312988281,288.79998779296875,292.8999938964844,287.29998779296875,287.6000061035156,2199416
2023-05-12,268.1805725097656,290.0,294.25,289.0,289.20001220703125,1676475
2023-05-15,268.92034912109375,290.79998779296875,292.6499938964844,282.0,289.95001220703125,2173903
2023-05-16,271.8333435058594,293.95001220703125,298.0,292.0,292.8999938964844,1470300
2023-05-17,266.14605712890625,287.79998779296875,299.79998779296875,286.5,295.5,2213890
2023-05-18,265.4987487792969,287.1000061035156,293.04998779296875,285.3999938964844,290.45001220703125,1310662
2023-05-19,264.66644287109375,286.20001220703125,288.45001220703125,281.20001220703125,287.1000061035156,1119922
2023-05-22,266.4234924316406,288.1000061035156,289.0,284.54998779296875,287.8999938964844,545340
2023-05-23,264.25030517578125,285.75,290.6000061035156,285.0,288.29998779296875,1419225
2023-05-24,264.2041015625,285.70001220703125,286.95001220703125,283.20001220703125,285.75,1100369
2023-05-25,257.0372009277344,277.95001220703125,285.3999938964844,277.5,285.3999938964844,2268749
2023-05-26,256.43609619140625,277.29998779296875,281.8500061035156,276.6000061035156,278.1000061035156,1639016
2023-05-29,253.15316772460938,273.75,280.95001220703125,273.20001220703125,280.0,1575725
2023-05-30,249.59286499023438,269.8999938964844,276.5,268.0,274.0,2132958
2023-05-31,249.59286499023438,269.8999938964844,271.0,268.04998779296875,271.0,1275798
2023-06-01,254.2166748046875,274.8999938964844,276.5,269.8999938964844,269.8999938964844,1831486
2023-06-02,261.013671875,282.25,283.20001220703125,276.0,277.0,2416677
2023-06-05,257.91571044921875,278.8999938964844,285.3999938964844,278.1000061035156,285.0,1327979
2023-06-06,259.718994140625,280.8500061035156,281.75,276.3500061035156,280.8999938964844,859872
2023-06-07,260.8749694824219,282.1000061035156,283.95001220703125,281.25,281.5,904637
2023-06-08,262.3545837402344,283.70001220703125,284.70001220703125,281.5,282.3999938964844,980203
2023-06-09,263.83416748046875,285.29998779296875,286.70001220703125,282.25,285.0,1468160
2023-06-12,264.9783935546875,277.8999938964844,279.1499938964844,276.3999938964844,277.3999938964844,978804
2023-06-13,268.6970520019531,281.79998779296875,282.79998779296875,275.3500061035156,275.3500061035156,1139909
2023-06-14,268.6493835449219,281.75,282.8999938964844,281.0,281.79998779296875,442832
2023-06-15,267.5528564453125,280.6000061035156,283.75,279.0,281.8999938964844,1278644
2023-06-16,268.840087890625,281.95001220703125,282.5,277.0,280.95001220703125,1329056
2023-06-19,270.36566162109375,283.54998779296875,285.95001220703125,280.25,282.3500061035156,1489285
2023-06-20,268.6493835449219,281.75,284.5,280.25,283.6000061035156,919425
2023-06-21,268.6017150878906,281.70001220703125,283.8500061035156,281.0,282.0,713401
2023-06-22,265.02606201171875,277.95001220703125,283.54998779296875,277.5,283.54998779296875,614883
2023-06-23,264.59698486328125,277.5,280.45001220703125,275.6000061035156,277.95001220703125,665151
2023-06-26,269.03076171875,282.1499938964844,282.6499938964844,276.70001220703125,278.3500061035156,598752
2023-06-27,265.5505065917969,278.5,283.5,276.6000061035156,282.5,806786
2023-06-28,265.407470703125,278.3500061035156,280.95001220703125,276.3500061035156,280.1499938964844,641633
2023-06-30,278.94720458984375,292.54998779296875,293.5,278.6000061035156,280.0,3559269
2023-07-03,284.0007629394531,297.8500061035156,300.25,293.6000061035156,295.0,2425346
2023-07-04,286.33685302734375,300.29998779296875,306.5,296.6000061035156,301.0,2512515
2023-07-05,290.5322570800781,304.70001220703125,305.5,297.6000061035156,300.54998779296875,1537235
2023-07-06,290.9613342285156,305.1499938964844,308.04998779296875,302.0,302.0,1026021
2023-07-07,293.96484375,308.29998779296875,310.04998779296875,301.5,303.5,1812762
2023-07-10,295.6335144042969,310.04998779296875,314.54998779296875,306.8500061035156,308.3500061035156,1402335
2023-07-11,295.6811828613281,310.1000061035156,314.54998779296875,309.5,310.5,1882615
2023-07-12,309.22088623046875,324.29998779296875,326.75,310.0,310.1000061035156,4970098
2023-07-13,306.8848571777344,321.8500061035156,327.0,317.25,325.0,2028963
2023-07-14,309.2685852050781,324.3500061035156,325.0,315.8999938964844,324.1499938964844,1365375
2023-07-17,310.0790710449219,325.20001220703125,327.0,320.8500061035156,324.3500061035156,1220250
2023-07-18,312.2721252441406,327.5,328.0,323.1000061035156,326.0,1257700
2023-07-19,310.0790710449219,325.20001220703125,329.1499938964844,322.1000061035156,328.0,1309005
2023-07-20,313.32098388671875,328.6000061035156,330.45001220703125,325.0,326.8500061035156,1575828
2023-07-21,314.0837707519531,329.3999938964844,330.0,324.54998779296875,330.0,1172651
2023-07-24,320.28155517578125,335.8999938964844,336.8999938964844,328.6499938964844,332.0,2289806
2023-07-25,313.84539794921875,329.1499938964844,337.95001220703125,327.6000061035156,336.5,1866926
2023-07-26,313.034912109375,328.29998779296875,331.8500061035156,325.1000061035156,330.0,1073477
2023-07-27,313.2256164550781,328.5,333.8500061035156,326.04998779296875,331.8999938964844,1939080
2023-07-28,328.5293273925781,344.54998779296875,346.0,330.1000061035156,331.1499938964844,4546061
2023-07-31,330.7700500488281,346.8999938964844,349.5,339.95001220703125,341.8999938964844,1444351
2023-08-01,331.246826171875,347.3999938964844,349.75,344.75,348.0,948771
2023-08-02,327.76654052734375,343.75,345.3999938964844,339.04998779296875,345.3999938964844,1453678
2023-08-03,326.5746765136719,342.5,343.8999938964844,335.6000061035156,342.70001220703125,1201799
2023-08-04,327.3851623535156,343.3500061035156,348.3500061035156,339.04998779296875,340.1499938964844,666764
2023-08-07,330.9607849121094,347.1000061035156,348.8999938964844,343.3500061035156,343.95001220703125,588086
2023-08-08,374.3927917480469,392.6499938964844,409.6000061035156,346.1499938964844,347.70001220703125,11010352
2023-08-09,365.1915283203125,383.0,390.0,375.0,390.0,4850127
2023-08-10,362.9508056640625,380.6499938964844,385.8999938964844,370.8500061035156,384.0,1685232
2023-08-11,369.8636779785156,387.8999938964844,406.1499938964844,379.0,381.0,4469318
2023-08-14,372.9625549316406,391.1499938964844,398.0,377.54998779296875,388.0,2039820
2023-08-16,368.09967041015625,386.04998779296875,389.5,382.3500061035156,389.5,1171755
2023-08-17,389.98260498046875,409.0,412.0,384.29998779296875,386.0,5407491
2023-08-18,388.2185974121094,407.1499938964844,414.8999938964844,401.5,408.0,3235762
2023-08-21,388.9337158203125,407.8999938964844,414.0,400.5,406.95001220703125,1651635
2023-08-22,391.36517333984375,410.45001220703125,413.0,407.75,409.95001220703125,1003166
2023-08-23,389.5534973144531,408.54998779296875,417.8999938964844,406.1000061035156,410.45001220703125,1297599
2023-08-24,384.2138977050781,402.95001220703125,411.3500061035156,395.25,411.3500061035156,1215797
2023-08-25,376.91961669921875,395.29998779296875,405.0,385.70001220703125,405.0,1927887
2023-08-28,378.7789611816406,397.25,409.8999938964844,390.04998779296875,396.95001220703125,1210547
2023-08-29,373.53466796875,391.75,403.04998779296875,387.95001220703125,398.8999938964844,1544185
2023-08-30,362.85540771484375,380.54998779296875,398.29998779296875,379.1000061035156,395.0,1681845
2023-08-31,361.0437927246094,378.6499938964844,385.25,374.5,384.0,1686350
2023-09-01,359.56585693359375,377.1000061035156,380.95001220703125,376.5,379.6499938964844,845290
2023-09-04,365.7636413574219,383.6000061035156,386.0,378.1499938964844,378.1499938964844,1012250
2023-09-05,373.2009582519531,391.3999938964844,393.79998779296875,385.0,385.79998779296875,1460549
2023-09-06,370.3404235839844,388.3999938964844,393.29998779296875,385.20001220703125,393.29998779296875,508453
2023-09-07,373.05792236328125,391.25,394.3500061035156,386.6499938964844,388.5,711842
2023-09-08,371.0555725097656,389.1499938964844,394.75,387.0,393.3999938964844,758100
2023-09-11,379.06500244140625,397.54998779296875,399.0,388.1499938964844,390.0,1944531
2023-09-12,365.9543151855469,383.79998779296875,400.95001220703125,380.20001220703125,399.20001220703125,1449629
2023-09-13,379.0173034667969,397.5,403.0,380.29998779296875,385.29998779296875,1921901
2023-09-14,381.9731750488281,400.6000061035156,406.70001220703125,395.45001220703125,398.04998779296875,2119855
2023-09-15,379.2080383300781,397.70001220703125,409.5,392.6000061035156,401.0,2694553
2023-09-18,392.9861145019531,412.1499938964844,424.29998779296875,397.04998779296875,398.70001220703125,7449785
2023-09-20,395.84661865234375,415.1499938964844,418.0,402.5,411.0,2090184
2023-09-21,386.0732116699219,404.8999938964844,427.8999938964844,400.1000061035156,415.8999938964844,5329498
2023-09-22,401.2816162109375,420.8500061035156,434.1499938964844,407.3999938964844,408.8500061035156,8564982
2023-09-25,410.86431884765625,430.8999938964844,435.0,418.29998779296875,424.0,3162061
2023-09-26,408.2421569824219,428.1499938964844,433.0,425.79998779296875,430.8999938964844,1610345
2023-09-27,411.7224426269531,431.79998779296875,446.5,425.54998779296875,428.3999938964844,4714312
2023-09-28,394.6547546386719,413.8999938964844,444.0,404.29998779296875,431.79998779296875,6447262
2023-09-29,403.8560485839844,423.54998779296875,428.79998779296875,418.0,418.25,2238261
2023-10-03,420.78070068359375,441.29998779296875,445.1000061035156,421.1499938964844,421.1499938964844,2910149
2023-10-04,412.77130126953125,432.8999938964844,444.79998779296875,431.29998779296875,441.0,2499172
2023-10-05,408.0037841796875,427.8999938964844,440.0,425.75,435.0,1501407
2023-10-06,406.23980712890625,426.04998779296875,432.95001220703125,423.1499938964844,429.8999938964844,1106747
2023-10-09,384.49993896484375,403.25,424.0,402.0,420.0,1817791
2023-10-10,390.7453918457031,409.79998779296875,412.95001220703125,404.1000061035156,408.0,1235987
2023-10-11,403.4746398925781,423.1499938964844,424.8500061035156,412.70001220703125,412.70001220703125,1638933
2023-10-12,407.3840026855469,427.25,431.1499938964844,422.6000061035156,426.0,1058824
2023-10-13,398.94549560546875,418.3999938964844,427.3999938964844,417.04998779296875,427.3999938964844,807124
2023-10-16,410.149169921875,430.1499938964844,431.5,419.6499938964844,421.29998779296875,1053080
2023-10-17,408.48052978515625,428.3999938964844,435.6000061035156,425.54998779296875,430.25,812477
2023-10-18,397.03851318359375,416.3999938964844,436.0,410.75,428.5,1949304
2023-10-19,402.28277587890625,421.8999938964844,428.25,415.54998779296875,417.3999938964844,1743522
2023-10-20,404.42816162109375,424.1499938964844,425.79998779296875,417.25,421.5,1067725
2023-10-23,392.6523742675781,411.79998779296875,425.29998779296875,402.04998779296875,424.29998779296875,1511226
2023-10-25,389.8872375488281,408.8999938964844,419.5,404.45001220703125,415.0,935204
2023-10-26,381.9255065917969,400.54998779296875,409.20001220703125,396.3999938964844,409.1000061035156,2057125
2023-10-27,395.4652404785156,414.75,419.6499938964844,401.95001220703125,408.8999938964844,1593993
2023-10-30,392.46173095703125,411.6000061035156,416.8999938964844,408.04998779296875,416.8999938964844,871862
2023-10-31,400.5187683105469,420.04998779296875,422.5,413.1499938964844,413.3500061035156,1202664
2023-11-01,410.95965576171875,431.0,432.45001220703125,416.1499938964844,420.04998779296875,1363862
2023-11-02,406.23980712890625,426.04998779296875,438.8999938964844,423.04998779296875,435.0,1357175
2023-11-03,410.3875427246094,430.3999938964844,436.1000061035156,428.20001220703125,428.6499938964844,802148
2023-11-06,401.9013671875,421.5,434.5,419.1000061035156,433.3500061035156,691442
2023-11-07,402.90252685546875,422.54998779296875,428.04998779296875,421.04998779296875,421.6499938964844,641331
2023-11-08,404.475830078125,424.20001220703125,430.5,422.54998779296875,424.04998779296875,799198
2023-11-09,399.326904296875,418.79998779296875,427.20001220703125,418.20001220703125,427.0,481701
2023-11-10,396.70477294921875,416.04998779296875,422.6000061035156,414.70001220703125,417.0,627616
2023-11-13,426.26336669921875,447.04998779296875,451.20001220703125,417.0,420.0,3634585
2023-11-15,425.5482482910156,446.29998779296875,463.0,441.79998779296875,450.0,2501251
2023-11-16,424.9761657714844,445.70001220703125,447.75,437.1000061035156,446.29998779296875,914826
2023-11-17,411.5317687988281,431.6000061035156,445.0,428.1499938964844,441.0,1160675
2023-11-20,403.14093017578125,422.79998779296875,434.79998779296875,420.75,432.8999938964844,775072
2023-11-21,401.2816162109375,420.8500061035156,429.75,420.0,426.29998779296875,516497
2023-11-22,392.22332763671875,411.3500061035156,422.54998779296875,410.1000061035156,422.0,881840
2023-11-23,393.5582275390625,412.75,416.95001220703125,409.54998779296875,413.0,874317
2023-11-24,389.21978759765625,408.20001220703125,416.5,407.0,414.8500061035156,635756
2023-11-28,384.3092346191406,403.04998779296875,412.0,401.6000061035156,410.5,1112045
2023-11-29,399.326904296875,418.79998779296875,419.6000061035156,403.79998779296875,406.0,1661291
2023-11-30,378.4452209472656,396.8999938964844,423.25,390.8999938964844,420.0,11628639
2023-12-01,382.49761962890625,401.1499938964844,406.1000061035156,395.20001220703125,398.6000061035156,3368855
2023-12-04,390.4593505859375,409.5,414.0,407.1499938964844,409.6499938964844,3019733
2023-12-05,390.9837646484375,410.04998779296875,414.79998779296875,406.5,414.0,1727843
2023-12-06,399.66064453125,419.1499938964844,420.79998779296875,409.0,411.3500061035156,2893933
2023-12-07,411.91314697265625,432.0,438.0,418.20001220703125,421.0,2319572
2023-12-08,408.3375244140625,428.25,435.3999938964844,423.3999938964844,433.70001220703125,1574266
2023-12-11,410.9119873046875,430.95001220703125,436.70001220703125,429.1499938964844,430.3999938964844,1278003
2023-12-12,417.205078125,437.54998779296875,445.45001220703125,435.20001220703125,441.8999938964844,4045615
2023-12-13,412.6759338378906,432.79998779296875,450.6499938964844,428.6000061035156,450.25,5280253
2023-12-14,428.5517883300781,449.45001220703125,451.79998779296875,426.3999938964844,434.0,4662531
2023-12-15,432.79486083984375,453.8999938964844,458.0,440.1000061035156,449.3999938964844,2456781
2023-12-18,420.6853942871094,441.20001220703125,453.8500061035156,439.20001220703125,453.8500061035156,2588055
2023-12-19,426.0726623535156,446.8500061035156,450.5,439.70001220703125,441.5,1481928
2023-12-20,409.76776123046875,429.75,448.70001220703125,415.54998779296875,444.95001220703125,3565808
2023-12-21,393.653564453125,412.8500061035156,418.20001220703125,391.0,391.0,25311622
2023-12-22,393.0338134765625,412.20001220703125,418.1499938964844,408.6000061035156,417.04998779296875,6563982
2023-12-26,390.6500549316406,409.70001220703125,417.54998779296875,408.0,417.0,2693304
2023-12-27,396.4187316894531,415.75,420.0,409.70001220703125,413.45001220703125,4205855
2023-12-28,402.28277587890625,421.8999938964844,425.0,416.25,420.0,4067165
2023-12-29,401.3292541503906,420.8999938964844,423.79998779296875,415.8500061035156,423.79998779296875,3208031
2024-01-01,402.37811279296875,422.0,424.70001220703125,419.1499938964844,422.0,2159907
2024-01-02,396.9431457519531,416.29998779296875,423.79998779296875,408.6000061035156,423.0,3268709
2024-01-03,401.7106628417969,421.29998779296875,423.0,415.20001220703125,419.0,4194188
2024-01-04,412.2945556640625,432.3999938964844,434.20001220703125,422.0,422.0,3583823
2024-01-05,414.2015380859375,434.3999938964844,441.95001220703125,432.0,435.0,3117731
2024-01-08,406.57354736328125,426.3999938964844,436.0,422.29998779296875,436.0,1008837
2024-01-09,401.7106628417969,421.29998779296875,432.70001220703125,418.20001220703125,429.3999938964844,1885357
2024-01-10,403.3793029785156,423.04998779296875,428.54998779296875,418.25,422.0,1348886
2024-01-11,407.1456604003906,427.0,429.95001220703125,422.54998779296875,424.20001220703125,1332381
2024-01-12,413.4864196777344,433.6499938964844,435.79998779296875,424.8500061035156,429.6499938964844,1861260
2024-01-15,414.0108642578125,434.20001220703125,443.1499938964844,425.70001220703125,437.0,4268473
2024-01-16,419.82720947265625,440.29998779296875,444.0,434.29998779296875,437.95001220703125,2810788
2024-01-17,420.971435546875,441.5,443.5,430.04998779296875,435.0,2939256
2024-01-18,422.92608642578125,443.54998779296875,444.75,433.6000061035156,435.20001220703125,1509859
2024-01-19,422.687744140625,443.29998779296875,450.0,440.1499938964844,450.0,1347568
2024-01-23,424.404052734375,445.1000061035156,472.29998779296875,440.0,460.0,2654966
2024-01-24,421.0667724609375,441.6000061035156,451.45001220703125,431.5,448.45001220703125,4682160
2024-01-25,439.183349609375,460.6000061035156,479.0,443.25,445.1000061035156,11615214
2024-01-29,458.1580505371094,480.5,481.8999938964844,455.54998779296875,462.8999938964844,4451584
2024-01-30,471.0779724121094,494.04998779296875,498.0,475.54998779296875,482.1000061035156,4511747
2024-01-31,475.6548156738281,498.8500061035156,507.0,489.04998779296875,495.20001220703125,3871355
2024-02-01,499.5877380371094,523.9500122070312,530.0,494.0,498.8500061035156,5616874
2024-02-02,520.5647583007812,545.9500122070312,553.9500122070312,526.4000244140625,528.1500244140625,5033223
2024-02-05,534.1522216796875,560.2000122070312,568.4000244140625,528.7999877929688,550.0,4727662
2024-02-06,517.2275390625,542.4500122070312,561.8499755859375,538.2000122070312,560.2000122070312,2202935
2024-02-07,517.60888671875,542.8499755859375,549.3499755859375,533.2999877929688,549.3499755859375,2078318
2024-02-08,526.1427612304688,551.7999877929688,573.75,545.25,549.7000122070312,4488235
2024-02-09,506.92974853515625,531.6500244140625,556.1500244140625,521.25,551.7999877929688,2626837
2024-02-12,476.322265625,499.54998779296875,536.5,484.5,533.9500122070312,2322608
2024-02-13,471.65008544921875,494.6499938964844,503.8500061035156,483.1000061035156,499.54998779296875,2380743
2024-02-14,501.4470520019531,525.9000244140625,529.0,485.04998779296875,490.75,3553333
2024-02-15,501.065673828125,525.5,533.5999755859375,515.4000244140625,527.0499877929688,3209442
2024-02-16,493.676025390625,517.75,543.5999755859375,515.0,530.25,3863145
2024-02-19,517.9426879882812,543.2000122070312,545.5,521.5,524.9500122070312,2308799
2024-02-20,512.1740112304688,537.1500244140625,543.1500244140625,535.0999755859375,543.1500244140625,1223512
2024-02-21,514.128662109375,539.2000122070312,552.0,526.7999877929688,537.2000122070312,4497405
2024-02-22,502.8773498535156,527.4000244140625,548.5,525.0,542.7999877929688,2387581
2024-02-23,500.8273010253906,525.25,536.5999755859375,521.6500244140625,532.0999755859375,930577
2024-02-26,497.39471435546875,521.6500244140625,529.0,519.0,521.0,844688
2024-02-27,511.79254150390625,536.75,539.5499877929688,522.0,525.0,2107003
2024-02-28,504.8796691894531,529.5,539.9000244140625,510.3999938964844,539.9000244140625,2187555
2024-02-29,500.7319641113281,525.1500244140625,532.0999755859375,512.1500244140625,530.0,1456017
2024-03-01,501.6854553222656,526.1500244140625,531.7999877929688,519.4500122070312,526.4000244140625,1531632
2024-03-04,501.6854553222656,526.1500244140625,533.9500122070312,520.5499877929688,532.0,1607290
2024-03-05,505.5947570800781,530.25,535.4000244140625,521.9000244140625,526.2999877929688,2693783
2024-03-06,513.604248046875,538.6500244140625,550.0,517.0499877929688,532.25,3919897
2024-03-07,520.0880737304688,545.4500122070312,548.9000244140625,538.0,539.2000122070312,1588868
2024-03-11,522.5194702148438,548.0,562.8499755859375,540.5999755859375,551.6500244140625,2215712
2024-03-12,492.8178405761719,516.8499755859375,549.9500122070312,507.1000061035156,548.0,3947189
2024-03-13,477.8955383300781,501.20001220703125,523.4500122070312,494.1000061035156,521.7999877929688,3466220
2024-03-14,468.741943359375,491.6000061035156,512.9000244140625,490.0,500.29998779296875,2442984
2024-03-15,485.618896484375,509.29998779296875,517.9000244140625,488.29998779296875,495.3999938964844,7785364
2024-03-18,473.79547119140625,496.8999938964844,510.6000061035156,494.0,510.6000061035156,1145067
2024-03-19,463.1639404296875,485.75,499.8999938964844,478.1499938964844,496.8999938964844,1307489
2024-03-20,447.8601989746094,469.70001220703125,495.8500061035156,467.29998779296875,488.0,2319604
2024-03-21,469.4570617675781,492.3500061035156,496.3999938964844,474.5,476.5,2352510
2024-03-22,466.69189453125,489.45001220703125,495.0,484.3999938964844,492.0,2267977
2024-03-26,487.6689453125,511.45001220703125,514.5999755859375,489.8999938964844,490.25,2736593
2024-03-27,476.5606384277344,499.79998779296875,520.5,497.25,512.0,2463731
2024-03-28,496.4888610839844,520.7000122070312,531.25,504.95001220703125,505.0,3475863
2024-04-01,504.78436279296875,529.4000244140625,542.5999755859375,521.0,521.0,1537544
2024-04-02,508.8843688964844,533.7000122070312,536.7000122070312,528.7999877929688,534.7000122070312,1539019
2024-04-03,504.21221923828125,528.7999877929688,535.1500244140625,527.1500244140625,530.6500244140625,1738426
2024-04-04,502.0191345214844,526.5,550.0,523.8499755859375,536.9000244140625,3782337
2024-04-05,510.0762939453125,534.9500122070312,539.5499877929688,520.5,529.5999755859375,2649802
2024-04-08,512.412353515625,537.4000244140625,545.4000244140625,535.8499755859375,540.0,1336108
2024-04-09,502.63897705078125,527.1500244140625,539.6500244140625,520.2000122070312,537.5,1310686
2024-04-10,504.0214538574219,528.5999755859375,531.9000244140625,521.4000244140625,530.0,945256
2024-04-12,502.06683349609375,526.5499877929688,533.0999755859375,524.0,528.0,699901
2024-04-15,490.6247863769531,514.5499877929688,524.4500122070312,507.25,518.0,1360516
2024-04-16,495.9167175292969,520.0999755859375,522.0,509.8999938964844,511.54998779296875,695330
2024-04-18,487.4782409667969,511.25,528.2999877929688,509.1000061035156,527.0,1923437
2024-04-19,488.3363952636719,512.1500244140625,515.8499755859375,500.3999938964844,508.0,1043268
2024-04-22,496.6318359375,520.8499755859375,525.0,516.3499755859375,519.7999877929688,853510
2024-04-23,492.00738525390625,516.0,531.4500122070312,509.1000061035156,525.0499877929688,1072431
2024-04-24,486.23870849609375,509.95001220703125,521.6500244140625,506.29998779296875,517.7000122070312,803880
2024-04-25,502.5436096191406,527.0499877929688,530.5,511.1499938964844,512.9000244140625,2694600
2024-04-26,502.06683349609375,526.5499877929688,532.9500122070312,521.2000122070312,527.0499877929688,1628220
2024-04-29,533.0556640625,559.0499877929688,562.0,528.2999877929688,528.9500122070312,4952701
2024-04-30,522.7578125,548.25,565.75,545.25,560.0,1756064
2024-05-02,524.2833862304688,549.8499755859375,554.75,545.7999877929688,553.0,837415
2024-05-03,518.7054443359375,544.0,553.7000122070312,531.0999755859375,553.6500244140625,1737781
2024-05-06,507.07269287109375,531.7999877929688,551.2999877929688,526.6500244140625,549.5,4579591
2024-05-07,493.48529052734375,517.5499877929688,548.0,510.5,540.0,4367770
2024-05-08,507.930908203125,532.7000122070312,544.0,510.1000061035156,520.0,3348407
2024-05-09,493.1515808105469,517.2000122070312,537.5,514.0,536.0,1283279
2024-05-10,490.38641357421875,514.2999877929688,523.0,509.1000061035156,518.9500122070312,2728015
2024-05-13,489.00384521484375,512.8499755859375,517.25,500.3999938964844,515.0499877929688,1258958
2024-05-14,489.38525390625,513.25,520.8499755859375,510.1000061035156,513.0,949939
2024-05-15,510.69598388671875,535.5999755859375,539.9500122070312,514.5999755859375,518.5,2829489
2024-05-16,514.796142578125,539.9000244140625,544.4500122070312,525.8499755859375,530.6500244140625,1868422
2024-05-17,515.177490234375,540.2999877929688,547.4000244140625,533.5,537.7999877929688,1429095
2024-05-21,548.4070434570312,575.1500244140625,580.0,534.0,536.0999755859375,4774342
2024-05-22,540.0639038085938,566.4000244140625,578.25,559.0499877929688,577.0,2985879
2024-05-23,549.1698608398438,575.9500122070312,596.0,569.6500244140625,569.6500244140625,3539039
2024-05-24,545.0220947265625,571.5999755859375,579.7999877929688,565.25,576.0,1390456
2024-05-27,552.31640625,579.25,592.0,568.8499755859375,572.7999877929688,2667927
2024-05-28,540.3023071289062,566.6500244140625,593.2000122070312,557.0999755859375,579.25,2200562
2024-05-29,549.5035400390625,576.2999877929688,583.7999877929688,559.25,566.5499877929688,1767064
2024-05-30,551.8873291015625,578.7999877929688,596.9000244140625,573.0999755859375,577.9000244140625,4241188
2024-05-31,541.11279296875,567.5,584.9500122070312,564.5,580.0499877929688,1859396
2024-06-03,578.1563110351562,606.3499755859375,632.7000122070312,577.2000122070312,629.9000244140625,9361401
2024-06-04,501.3516845703125,525.7999877929688,606.0,485.1000061035156,606.0,10042618
2024-06-05,500.1597900390625,524.5499877929688,535.0,481.45001220703125,535.0,7578300
2024-06-06,517.3228149414062,542.5499877929688,556.4500122070312,530.0,530.0,3582008
2024-06-07,521.3694458007812,534.7000122070312,544.0,528.25,537.0,3792527
2024-06-10,518.9317626953125,532.2000122070312,542.0,530.0,536.2000122070312,1849483
2024-06-11,524.9771728515625,538.4000244140625,541.0,529.4500122070312,533.5,1952083
2024-06-12,524.879638671875,538.2999877929688,540.9000244140625,532.7000122070312,538.3499755859375,1976912
2024-06-13,528.24365234375,541.75,544.7999877929688,537.0,542.0,1260420
2024-06-14,527.2198486328125,540.7000122070312,544.1500244140625,538.0499877929688,542.0,832775
2024-06-18,526.5859985351562,540.0499877929688,544.2000122070312,536.9000244140625,543.0,1044883
2024-06-19,531.4126586914062,545.0,547.0,531.6500244140625,542.0,2211371
2024-06-20,531.5101318359375,545.0999755859375,546.75,540.75,545.0,1080032
2024-06-21,534.0453491210938,547.7000122070312,550.9000244140625,541.0999755859375,545.0999755859375,1162274
2024-06-24,528.1948852539062,541.7000122070312,546.5,537.0,540.5,825997
2024-06-25,519.2730102539062,532.5499877929688,544.1500244140625,530.5,542.7000122070312,1395650
2024-06-26,527.1710815429688,540.6500244140625,542.0,531.5,533.0,2137078
2024-06-27,527.6586303710938,541.1500244140625,547.4500122070312,534.0499877929688,541.0,1203288
2024-06-28,531.900146484375,545.5,555.0,540.5499877929688,542.75,1667173
2024-07-01,531.4126586914062,545.0,549.0,540.25,545.5,469949
2024-07-02,524.3433837890625,537.75,547.9500122070312,530.0999755859375,545.0,858307
2024-07-03,522.7344970703125,536.0999755859375,540.0999755859375,532.75,539.0499877929688,836258
2024-07-04,528.0486450195312,541.5499877929688,545.0,531.5,539.9000244140625,771114
2024-07-05,525.4159545898438,538.8499755859375,543.9000244140625,535.0,542.0,1159426
2024-07-08,513.3738403320312,526.5,540.0,524.7999877929688,538.8499755859375,1729642
2024-07-09,528.1948852539062,541.7000122070312,545.2000122070312,525.5499877929688,527.0,1778493
2024-07-10,529.4624633789062,543.0,545.0499877929688,536.0,536.0,1791622
2024-07-11,536.6292114257812,550.3499755859375,554.9000244140625,543.0,548.5,1202130
2024-07-12,544.81982421875,558.75,560.0,543.9000244140625,550.0,1387907
2024-07-15,564.2237548828125,578.6500244140625,584.5,555.75,569.0,3217689
2024-07-16,572.7555541992188,587.4000244140625,597.0,573.2000122070312,578.6500244140625,3294297
2024-07-18,554.37548828125,568.5499877929688,588.0999755859375,566.0,587.4000244140625,2198694
2024-07-19,547.1600341796875,561.1500244140625,571.4000244140625,554.0999755859375,569.0,1233734
2024-07-22,555.3018188476562,569.5,576.5,554.0,560.0499877929688,995267
2024-07-23,538.628173828125,552.4000244140625,576.4000244140625,546.75,574.9500122070312,1588838
2024-07-24,555.3992919921875,569.5999755859375,578.75,552.4000244140625,554.9500122070312,2395942
2024-07-25,553.4979858398438,567.6500244140625,570.9000244140625,561.0,566.0,770119
2024-07-26,566.9539184570312,581.4500122070312,585.0,567.25,570.0,1844637
2024-07-29,572.6093139648438,587.25,599.9000244140625,583.5,589.0,2811831
2024-07-30,586.1627807617188,601.1500244140625,604.5,587.25,594.5,2507716
2024-07-31,593.6220092773438,608.7999877929688,610.9000244140625,593.3499755859375,600.0,1827727
2024-08-01,580.7999267578125,595.6500244140625,613.2000122070312,590.0,605.0499877929688,1350860
2024-08-02,581.0924072265625,595.9500122070312,597.7999877929688,581.5,591.0,1361169
2024-08-05,566.51513671875,581.0,585.7999877929688,565.0,578.9000244140625,2607067
2024-08-06,551.3040771484375,565.4000244140625,588.3499755859375,558.0,575.0499877929688,1821803
2024-08-07,555.3505859375,569.5499877929688,572.4000244140625,559.0,569.0,1269029
2024-08-08,541.8458862304688,555.7000122070312,570.0,553.0499877929688,569.0,823836
2024-08-09,563.3461303710938,577.75,579.0,553.0,562.5,1438148
2024-08-12,544.4297485351562,558.3499755859375,581.5999755859375,556.0,576.9500122070312,1259415
2024-08-13,536.5805053710938,550.2999877929688,566.0,547.2999877929688,562.0,1052887
2024-08-14,536.6292114257812,550.3499755859375,560.0,531.0499877929688,551.0,2263553
2024-08-16,536.4342651367188,550.1500244140625,562.4500122070312,545.0,546.0,734213
2024-08-19,536.2879638671875,550.0,560.2000122070312,546.9500122070312,554.5,844726
2024-08-20,544.5760498046875,558.5,565.0,550.0499877929688,550.0499877929688,638652
2024-08-21,538.3355712890625,552.0999755859375,560.9500122070312,551.0,560.9500122070312,1111375
2024-08-22,539.0181274414062,552.7999877929688,559.5,551.0499877929688,555.0,1316796
2024-08-23,534.6790771484375,548.3499755859375,560.7999877929688,547.0,554.0499877929688,977115
2024-08-26,533.4602661132812,547.0999755859375,560.0,544.0,553.3499755859375,1583358
2024-08-27,535.1666259765625,548.8499755859375,555.5,546.7999877929688,549.8499755859375,482197
2024-08-28,553.7904663085938,567.9500122070312,576.0,547.0,550.0,2199296
2024-08-29,547.5012817382812,561.5,575.0,548.5,567.9500122070312,1414580
2024-08-30,553.1566772460938,567.2999877929688,575.7000122070312,557.0,564.0,1159804
2024-09-02,541.9921264648438,555.8499755859375,567.9000244140625,551.7000122070312,565.2999877929688,1760182
2024-09-03,536.3367309570312,550.0499877929688,558.4000244140625,548.2999877929688,556.0,751120
2024-09-04,522.6857299804688,536.0499877929688,552.0499877929688,534.1500244140625,547.0,2182125
2024-09-05,537.2630615234375,551.0,574.2999877929688,523.0,541.9000244140625,3752194
2024-09-06,510.39990234375,523.4500122070312,554.7000122070312,519.5499877929688,551.0,5551466
2024-09-09,509.96112060546875,523.0,528.0,513.0,526.0,974521
2024-09-10,505.9633483886719,518.9000244140625,526.9000244140625,516.0,525.1500244140625,1647980
2024-09-11,497.28521728515625,510.0,523.4000244140625,506.79998779296875,519.8499755859375,3134860
2024-09-12,507.08465576171875,520.0499877929688,525.0,514.7000122070312,514.7999877929688,1579837
2024-09-13,507.08465576171875,520.0499877929688,525.4000244140625,518.7999877929688,525.4000244140625,1184919
2024-09-16,506.93841552734375,519.9000244140625,525.6500244140625,516.0,525.6500244140625,1290841
2024-09-17,506.7921447753906,519.75,521.5999755859375,514.3499755859375,520.0,556829
2024-09-18,492.4586181640625,505.04998779296875,522.6500244140625,504.1499938964844,519.0,3049464
2024-09-19,496.6026611328125,509.29998779296875,512.9500122070312,505.0,507.5,1094796
2024-09-20,496.79766845703125,509.5,514.75,505.0,508.79998779296875,2124662
2024-09-23,523.4658203125,536.8499755859375,539.3499755859375,510.0,510.0,2929528
2024-09-24,515.51904296875,528.7000122070312,536.8499755859375,526.6500244140625,536.8499755859375,699650
2024-09-25,513.0813598632812,526.2000122070312,531.2999877929688,519.2000122070312,528.7999877929688,918389
2024-09-26,519.3705444335938,532.6500244140625,534.3499755859375,519.75,525.0,2898448
2024-09-27,526.0010375976562,539.4500122070312,541.7999877929688,529.25,536.9000244140625,1665535
2024-09-30,510.98492431640625,524.0499877929688,538.9500122070312,517.7000122070312,536.5,2533991
2024-10-01,513.9588623046875,527.0999755859375,529.8499755859375,521.5999755859375,522.9500122070312,448248
2024-10-03,503.0868835449219,515.9500122070312,528.5,513.7000122070312,517.0,1327525
2024-10-04,510.3023681640625,523.3499755859375,538.0,507.5,519.0,2218975
2024-10-07,505.7195739746094,518.6500244140625,531.0999755859375,510.3999938964844,531.0999755859375,1243472
2024-10-08,515.7140502929688,528.9000244140625,530.5,510.95001220703125,518.5499877929688,1047868
2024-10-09,514.7389526367188,527.9000244140625,534.4500122070312,520.7999877929688,525.1500244140625,877141
2024-10-10,510.887451171875,523.9500122070312,530.5499877929688,521.75,527.9000244140625,371064
2024-10-11,511.4724426269531,524.5499877929688,528.7000122070312,520.0499877929688,520.0499877929688,333571
2024-10-14,512.2037353515625,525.2999877929688,529.9500122070312,521.9500122070312,525.0499877929688,398039
2024-10-15,506.93841552734375,519.9000244140625,527.0,517.8499755859375,527.0,593309
2024-10-16,505.5245666503906,518.4500122070312,530.9000244140625,511.5,520.4000244140625,1788979
2024-10-17,500.015380859375,512.7999877929688,522.9000244140625,511.25,519.8499755859375,901930
2024-10-18,505.7195739746094,518.6500244140625,522.0,507.3999938964844,512.5,569461
2024-10-21,499.5278625488281,512.2999877929688,527.9500122070312,509.04998779296875,521.0,752975
2024-10-22,491.2885437011719,503.8500061035156,516.0,500.04998779296875,515.4500122070312,1488448
2024-10-23,488.4120788574219,500.8999938964844,509.6000061035156,492.79998779296875,503.0,1515443
2024-10-24,488.3145751953125,500.79998779296875,507.8500061035156,499.0,504.5,547736
2024-10-25,486.0719299316406,498.5,504.79998779296875,487.3500061035156,504.79998779296875,655297
2024-10-28,537.7018432617188,551.4500122070312,560.5,496.25,501.0,8107810
2024-10-29,566.51513671875,581.0,584.9500122070312,537.2000122070312,545.0,7481179
2024-10-30,573.4381103515625,588.0999755859375,597.0,568.25,568.25,3545531
2024-10-31,577.7771606445312,592.5499877929688,595.7000122070312,577.0,577.0,1575038
2024-11-01,570.7078857421875,585.2999877929688,594.4500122070312,578.0,592.5999755859375,153263
2024-11-04,557.251953125,571.5,596.8499755859375,564.2999877929688,589.4500122070312,1833362
2024-11-05,562.0785522460938,576.4500122070312,587.4000244140625,568.5,568.5,1925018
2024-11-06,561.103515625,575.4500122070312,582.4000244140625,571.4500122070312,582.4000244140625,1339593
2024-11-07,560.3721923828125,574.7000122070312,585.9500122070312,573.4000244140625,575.4500122070312,1135396
2024-11-08,547.0137329101562,561.0,576.4000244140625,556.3499755859375,575.0,749703
2024-11-11,552.47412109375,566.5999755859375,571.0,550.0499877929688,550.0499877929688,759440
2024-11-12,549.93896484375,564.0,574.0,559.0,563.0,426370
2024-11-13,526.5859985351562,540.0499877929688,559.7000122070312,538.0499877929688,554.0499877929688,544053
2024-11-14,523.5633544921875,536.9500122070312,549.5,533.0499877929688,536.0,483595
2024-11-18,514.690185546875,527.8499755859375,539.75,520.2999877929688,539.0,2048986
2024-11-19,510.0098571777344,523.0499877929688,535.7000122070312,520.1500244140625,524.0,1297484
2024-11-21,517.1278686523438,530.3499755859375,534.9000244140625,504.5,524.0499877929688,1716580
2024-11-22,518.3466796875,531.5999755859375,536.9500122070312,525.2999877929688,530.3499755859375,871025
2024-11-25,550.7677001953125,564.8499755859375,598.0,539.0,539.0,7130553
2024-11-26,548.1350708007812,562.1500244140625,568.25,559.2000122070312,568.0,757777
2024-11-27,545.5511474609375,559.5,565.9500122070312,557.1500244140625,560.8499755859375,640134
2024-11-28,558.7633056640625,573.0499877929688,578.7000122070312,556.75,561.6500244140625,2598208
2024-11-29,559.9821166992188,574.2999877929688,592.5,568.1500244140625,578.0,2166791
2024-12-02,568.1240234375,582.6500244140625,586.0,563.3499755859375,567.0,1188216
2024-12-03,565.4425659179688,579.9000244140625,590.7000122070312,574.5499877929688,582.6500244140625,1783525
2024-12-04,589.0391845703125,604.0999755859375,615.1500244140625,578.9500122070312,582.5999755859375,5132097
2024-12-05,584.4075927734375,599.3499755859375,606.5499877929688,588.7999877929688,605.0,2377873
2024-12-06,579.5810546875,594.4000244140625,608.0,587.75,600.0,2037375
2024-12-09,582.7987670898438,597.7000122070312,603.25,591.4000244140625,594.4000244140625,2038776
2024-12-10,581.9699096679688,596.8499755859375,603.9000244140625,590.25,598.6500244140625,1464751
2024-12-11,568.6115112304688,583.1500244140625,602.5499877929688,581.0,598.4000244140625,1115407
2024-12-12,563.2486572265625,577.6500244140625,585.75,574.0,584.8499755859375,842844
2024-12-13,558.5682983398438,572.8499755859375,581.5,558.0499877929688,577.6500244140625,983789
2024-12-16,567.8314208984375,582.3499755859375,590.2000122070312,572.7000122070312,572.8499755859375,1301861
2024-12-17,551.5965576171875,565.7000122070312,583.4500122070312,564.0499877929688,583.0,1130337
2024-12-18,541.5533447265625,555.4000244140625,567.9000244140625,553.5,566.75,807472
2024-12-19,540.7732543945312,554.5999755859375,558.9000244140625,543.25,553.0,1282516
2024-12-20,523.7583618164062,537.1500244140625,559.7999877929688,535.2000122070312,559.7999877929688,1210214
2024-12-23,524.1970825195312,537.5999755859375,553.0,529.0,535.0,1158043
2024-12-24,527.6586303710938,541.1500244140625,542.7000122070312,535.25,540.4000244140625,845710
2024-12-26,530.2425537109375,543.7999877929688,551.75,538.2999877929688,539.25,1929861
2024-12-27,533.5578002929688,547.2000122070312,552.4500122070312,538.0,543.9000244140625,1487382
2024-12-30,517.7129516601562,530.9500122070312,564.0,528.2000122070312,546.75,2635407
2024-12-31,516.7378540039062,529.9500122070312,536.0499877929688,525.7000122070312,532.0,2801646
2025-01-01,504.64697265625,517.5499877929688,533.9500122070312,513.7999877929688,529.0,3247670
2025-01-02,510.3023681640625,523.3499755859375,529.5999755859375,511.70001220703125,519.0,2763635
2025-01-03,511.2774353027344,524.3499755859375,532.5,523.3499755859375,525.6500244140625,827889
2025-01-06,497.0901794433594,509.79998779296875,520.7999877929688,503.45001220703125,518.75,3155040
2025-01-07,498.6015625,511.3500061035156,515.7999877929688,507.70001220703125,511.0,1458405
2025-01-08,494.8475341796875,507.5,512.5999755859375,503.54998779296875,510.1000061035156,1104890
2025-01-09,487.87579345703125,500.3500061035156,509.45001220703125,497.04998779296875,507.79998779296875,1083498
2025-01-10,480.1239929199219,492.3999938964844,503.8999938964844,486.6499938964844,503.8999938964844,2425062
2025-01-13,463.9378356933594,475.79998779296875,492.0,473.8999938964844,492.0,1613667
2025-01-14,493.1899108886719,505.79998779296875,510.0,480.04998779296875,483.0,3151183
2025-01-15,490.3134765625,502.8500061035156,511.79998779296875,500.04998779296875,505.8999938964844,840964
2025-01-16,514.20263671875,527.3499755859375,528.9000244140625,509.3999938964844,509.6000061035156,2360356
2025-01-17,511.3749694824219,524.4500122070312,528.4500122070312,519.5,525.9500122070312,886514
2025-01-20,518.9317626953125,532.2000122070312,535.75,521.9000244140625,523.1500244140625,899455
2025-01-21,512.2037353515625,525.2999877929688,533.7999877929688,522.2999877929688,533.0,1312324
2025-01-22,508.20599365234375,521.2000122070312,527.5999755859375,512.0999755859375,525.2999877929688,621153
2025-01-23,503.81817626953125,516.7000122070312,528.75,514.0999755859375,523.5,547154
2025-01-24,488.75335693359375,501.25,519.9500122070312,498.1000061035156,516.7000122070312,781339
2025-01-27,486.12066650390625,498.54998779296875,502.6499938964844,486.0,500.25,2717294
2025-01-28,501.331787109375,514.1500244140625,523.0,496.20001220703125,506.3999938964844,2681319
2025-01-29,531.1688842773438,544.75,553.75,510.54998779296875,518.0,5282493
2025-01-30,532.2413940429688,545.8499755859375,560.7000122070312,541.9500122070312,550.0,3276234
2025-01-31,541.8945922851562,555.75,561.2999877929688,540.4000244140625,545.8499755859375,1745735
2025-02-01,522.003173828125,535.3499755859375,559.7999877929688,528.75,555.0,1658596
2025-02-03,507.42596435546875,520.4000244140625,537.4500122070312,511.5,537.4500122070312,1732837
2025-02-04,526.7810668945312,540.25,543.5999755859375,523.0,523.0,2173783
2025-02-05,526.7322998046875,540.2000122070312,552.4000244140625,535.5499877929688,540.4500122070312,1606812
2025-02-06,534.2403564453125,547.9000244140625,555.0,542.0999755859375,545.75,1658355
2025-02-07,529.8037719726562,543.3499755859375,552.5999755859375,539.4500122070312,549.9000244140625,1678959
2025-02-10,511.4237060546875,524.5,543.25,521.9500122070312,543.25,621353
2025-02-11,500.7467041015625,513.5499877929688,527.0,511.3500061035156,527.0,670884
2025-02-12,505.427001953125,518.3499755859375,523.0,500.6499938964844,513.5,1463147
2025-02-13,506.93841552734375,519.9000244140625,527.9000244140625,517.2999877929688,521.3499755859375,823716
2025-02-14,495.77386474609375,508.45001220703125,524.9000244140625,500.95001220703125,520.0,1059253
2025-02-17,504.64697265625,517.5499877929688,519.7000122070312,496.79998779296875,509.95001220703125,889502
2025-02-18,505.81707763671875,518.75,520.0,505.1000061035156,520.0,1206413
2025-02-19,512.8375854492188,525.9500122070312,527.9000244140625,510.6000061035156,517.7999877929688,767980
2025-02-20,512.5450439453125,525.6500244140625,531.5,518.5,524.0,885281
2025-02-21,503.2331237792969,516.0999755859375,535.0,514.0999755859375,525.0,973629
2025-02-24,514.9827270507812,528.1500244140625,530.0,508.45001220703125,510.29998779296875,1412080
2025-02-25,508.9860534667969,522.0,528.1500244140625,518.2999877929688,528.1500244140625,757090
2025-02-27,508.5959777832031,521.5999755859375,530.1500244140625,516.0499877929688,522.0,1278175
2025-02-28,498.06524658203125,510.79998779296875,520.0,501.54998779296875,520.0,1216404
2025-03-03,487.6320495605469,500.1000061035156,515.2999877929688,496.5,508.0,1412943
2025-03-04,491.9710693359375,504.54998779296875,510.54998779296875,491.04998779296875,495.04998779296875,1138419
2025-03-05,508.4010314941406,521.4000244140625,522.5999755859375,502.0,502.0,1262306
2025-03-06,513.6663818359375,526.7999877929688,529.0,518.7000122070312,525.0,749718
2025-03-07,516.932861328125,530.1500244140625,535.0,523.0499877929688,527.0,804671
2025-03-10,495.578857421875,508.25,533.0,505.5,528.0999755859375,1184102
2025-03-11,498.6502990722656,511.3999938964844,514.5,502.04998779296875,507.79998779296875,1031456
2025-03-12,481.537841796875,493.8500061035156,518.7000122070312,491.1499938964844,510.0,1531518
2025-03-13,478.1738586425781,490.3999938964844,501.54998779296875,478.0,495.04998779296875,1811762
2025-03-17,487.1932373046875,499.6499938964844,504.79998779296875,492.25,493.0,742582
2025-03-18,487.1932373046875,499.6499938964844,499.6499938964844,499.6499938964844,499.6499938964844,0
2025-03-19,512.155029296875,525.25,526.25,514.0,515.0,902207
2025-03-20,520.9306640625,534.25,536.7999877929688,524.4500122070312,528.6500244140625,1300331
2025-03-21,534.2891235351562,547.9500122070312,552.1500244140625,530.75,532.0,1803836
2025-03-24,534.3378295898438,548.0,555.9500122070312,545.7999877929688,553.0,1102197
2025-03-25,529.51123046875,543.0499877929688,554.0,538.8499755859375,552.0999755859375,1305071
2025-03-26,529.21875,542.75,555.0,538.5499877929688,543.0499877929688,1527225
2025-03-27,539.11572265625,552.9000244140625,558.0,536.6500244140625,538.5499877929688,1897252
2025-03-28,527.8048706054688,541.2999877929688,556.9000244140625,538.0,552.0,1378507
2025-04-01,517.7129516601562,530.9500122070312,540.5,527.2000122070312,539.8499755859375,703422
2025-04-02,516.4940795898438,529.7000122070312,535.1500244140625,524.3499755859375,533.4500122070312,897394
2025-04-03,535.5079345703125,549.2000122070312,556.4000244140625,520.1500244140625,520.1500244140625,2366229
2025-04-04,532.4364624023438,546.0499877929688,553.6500244140625,541.2000122070312,549.9500122070312,2401304
2025-04-07,526.0010375976562,539.4500122070312,541.4000244140625,517.8499755859375,530.2000122070312,1676126
2025-04-08,533.4114990234375,547.0499877929688,551.7000122070312,537.9500122070312,538.0,1295542
2025-04-09,513.8126220703125,526.9500122070312,548.0,524.4500122070312,545.0,921093
2025-04-11,522.4419555664062,535.7999877929688,541.2000122070312,529.0,533.0,580633
2025-04-15,527.756103515625,541.25,545.5,534.2000122070312,542.0999755859375,1240576
2025-04-16,553.9854736328125,568.1500244140625,569.9000244140625,541.5,542.5,3809999
2025-04-17,560.8597412109375,575.2000122070312,576.7000122070312,563.6500244140625,569.0,2506225
2025-04-21,563.151123046875,577.5499877929688,593.0,576.0499877929688,577.75,2991211
2025-04-22,568.2702026367188,582.7999877929688,594.7999877929688,576.4500122070312,580.75,3284998
2025-04-23,567.587646484375,582.0999755859375,587.7000122070312,572.2999877929688,585.6500244140625,1859234
2025-04-24,559.7384033203125,574.0499877929688,584.5999755859375,572.0999755859375,582.0,1728763
2025-04-25,555.0093383789062,569.2000122070312,582.2999877929688,560.5999755859375,574.0,2344129
2025-04-28,571.6829833984375,586.2999877929688,588.4000244140625,568.2999877929688,570.0,2678714
2025-04-29,562.9561157226562,577.3499755859375,599.9000244140625,575.5,592.5499877929688,2002110
2025-04-30,551.6940307617188,565.7999877929688,578.9500122070312,562.2000122070312,578.0,1069116
2025-05-02,540.9195556640625,554.75,575.5499877929688,551.7000122070312,566.2999877929688,1299243
2025-05-05,562.1273193359375,576.5,584.3499755859375,558.2000122070312,569.0,5603760
2025-05-06,547.4525146484375,561.4500122070312,583.0,557.0,579.4000244140625,2158268
2025-05-07,544.3810424804688,558.2999877929688,569.2999877929688,552.0499877929688,559.0,1857497
2025-05-08,540.1395263671875,553.9500122070312,572.0,550.0,560.0,1953966
2025-05-09,538.286865234375,552.0499877929688,560.8499755859375,546.0999755859375,548.0,1007328
2025-05-12,557.8369750976562,572.0999755859375,575.5,563.0,573.0,1342420
2025-05-13,566.3688354492188,580.8499755859375,585.6500244140625,569.0,570.0,2374367
2025-05-14,570.1228637695312,584.7000122070312,590.9500122070312,576.9000244140625,581.9000244140625,2749158
2025-05-15,574.2182006835938,588.9000244140625,590.25,578.2000122070312,586.5,1590406
2025-05-16,579.727294921875,594.5499877929688,598.4000244140625,588.0,588.0,2098520
2025-05-19,596.2546997070312,611.5,619.0,595.4500122070312,596.25,4838705
2025-05-20,595.5234375,610.75,617.9500122070312,600.0499877929688,617.0,4388891
2025-05-21,586.6990356445312,601.7000122070312,612.7999877929688,595.0499877929688,610.0,1328483
2025-05-22,577.6309204101562,592.4000244140625,605.1500244140625,587.5,601.0,1675003
2025-05-23,579.2885131835938,594.0999755859375,597.5,590.0,595.0,1354831
2025-05-26,580.019775390625,594.8499755859375,601.0,591.2999877929688,595.0,695153
2025-05-27,582.6525268554688,597.5499877929688,599.2999877929688,586.25,597.8499755859375,1412358
2025-05-28,592.98828125,608.1500244140625,609.7000122070312,595.0,598.4000244140625,1798400
2025-05-29,586.0652465820312,601.0499877929688,612.0,597.0,612.0,1539775
2025-05-30,601.2275390625,616.5999755859375,628.9500122070312,597.6500244140625,604.0,3777034
2025-06-02,630.1383666992188,646.25,652.0,616.25,620.0,10529873
2025-06-03,616.6336669921875,632.4000244140625,658.5,630.0,651.9000244140625,7009387
2025-06-04,617.8525390625,633.6500244140625,641.5999755859375,622.9500122070312,637.0,3182423
2025-06-05,614.0009765625,629.7000122070312,637.0,626.0,637.0,1248762
2025-06-06,618.2424926757812,634.0499877929688,639.0,624.5,632.5,3543484
2025-06-09,635.5499877929688,651.7999877929688,653.2000122070312,638.4500122070312,643.0,4239222
2025-06-10,628.75,628.75,637.2000122070312,622.5,637.1500244140625,6745778
2025-06-11,625.0,625.0,630.9500122070312,617.5499877929688,628.75,4700658
2025-06-12,625.0999755859375,625.0999755859375,629.5,624.25,626.0,2203171
2025-06-13,624.8499755859375,624.8499755859375,629.9000244140625,606.0,609.5999755859375,3873962
2025-06-16,632.7000122070312,632.7000122070312,635.0,621.5999755859375,624.9500122070312,4168719
2025-06-17,634.0499877929688,634.0499877929688,642.0,630.6500244140625,634.0,1632394
2025-06-18,628.6500244140625,628.6500244140625,633.0499877929688,622.5,633.0499877929688,1113256
2025-06-19,615.1500244140625,615.1500244140625,626.0,612.5499877929688,626.0,4623484
2025-06-20,615.6500244140625,615.6500244140625,624.5,614.4000244140625,619.0,1400181
2025-06-23,617.25,617.25,621.9500122070312,611.5,614.0,1875657
2025-06-24,623.2999877929688,623.2999877929688,631.9000244140625,618.0,628.0,2744554
2025-06-25,620.7000122070312,620.7000122070312,630.6500244140625,618.5999755859375,627.0,1364294
2025-06-26,635.9500122070312,635.9500122070312,637.7000122070312,618.5999755859375,622.5,2403993
2025-06-27,626.7999877929688,626.7999877929688,642.0,625.5999755859375,638.0,2416450
2025-06-30,643.4500122070312,643.4500122070312,646.0,628.3499755859375,630.0,2341558
2025-07-01,649.6500244140625,649.6500244140625,653.75,639.5499877929688,645.7000122070312,2496658
2025-07-02,650.6500244140625,650.6500244140625,653.0499877929688,645.2999877929688,651.9500122070312,2040292
2025-07-03,645.9500122070312,645.9500122070312,657.9500122070312,643.4000244140625,654.0,1970585
2025-07-04,650.5,650.5,653.7999877929688,646.8499755859375,647.0499877929688,1313266
2025-07-07,644.1500244140625,644.1500244140625,657.5499877929688,642.9500122070312,650.0,1374873
2025-07-08,638.5499877929688,638.5499877929688,646.9500122070312,632.5,644.1500244140625,1415575
2025-07-09,638.7999877929688,638.7999877929688,641.8499755859375,634.5,638.5499877929688,403847
2025-07-10,631.25,631.25,642.0,628.7999877929688,640.0,904856
2025-07-11,631.5,631.5,634.8499755859375,620.5499877929688,631.25,1850392
2025-07-14,635.0999755859375,635.0999755859375,644.8499755859375,629.8499755859375,631.5,1592892
2025-07-15,633.7000122070312,633.7000122070312,642.5,632.6500244140625,637.0,1007442
2025-07-16,641.5,641.5,649.9000244140625,633.75,635.2999877929688,2188014
2025-07-17,637.9500122070312,637.9500122070312,644.5499877929688,626.7999877929688,644.5499877929688,2468006
2025-07-18,631.6500244140625,631.6500244140625,640.9500122070312,629.1500244140625,638.0,1564647
2025-07-21,634.75,634.75,638.0,625.9500122070312,631.7999877929688,847257
2025-07-22,627.9000244140625,627.9000244140625,637.2000122070312,626.7000122070312,635.5,1527931
2025-07-23,624.4000244140625,624.4000244140625,631.4500122070312,622.0999755859375,629.9500122070312,1452631
2025-07-24,652.1500244140625,652.1500244140625,657.0,625.25,627.5,5451574
2025-07-25,637.5499877929688,637.5499877929688,654.0,629.0,652.7999877929688,2739717
2025-07-28,626.7000122070312,626.7000122070312,648.0,623.75,637.2999877929688,1058952
2025-07-29,630.5,630.5,632.8499755859375,624.0499877929688,627.0,2187783
2025-07-30,614.5999755859375,614.5999755859375,632.9500122070312,612.0999755859375,631.9000244140625,971897
2025-07-31,621.7000122070312,621.7000122070312,623.3499755859375,606.0,607.0,1801099
2025-08-01,621.2000122070312,621.2000122070312,628.3499755859375,611.0999755859375,623.7000122070312,2873710
2025-08-04,638.1500244140625,638.1500244140625,638.8499755859375,619.0499877929688,621.2000122070312,1695329
2025-08-05,634.75,634.75,644.2999877929688,632.2999877929688,640.0,895005
2025-08-06,637.5,637.5,638.7999877929688,626.8499755859375,634.0,1680608
2025-08-07,647.6500244140625,647.6500244140625,650.0,631.0,632.0,1991319
2025-08-08,650.8499755859375,650.8499755859375,655.9000244140625,644.1500244140625,647.6500244140625,1934270
2025-08-11,674.0,674.0,677.0,650.0,650.8499755859375,2887066
2025-08-12,671.4000244140625,671.4000244140625,676.5499877929688,669.7000122070312,676.5499877929688,897642
2025-08-13,670.7000122070312,670.7000122070312,676.0,666.2999877929688,675.0,717193
2025-08-14,668.25,668.25,673.2000122070312,666.0499877929688,670.7000122070312,538598
2025-08-18,676.2999877929688,676.2999877929688,679.7999877929688,671.2999877929688,673.7999877929688,1454093
2025-08-19,671.6500244140625,671.6500244140625,683.0999755859375,668.1500244140625,678.0,875343
2025-08-20,670.0499877929688,670.0499877929688,673.75,666.5499877929688,671.0,685915
2025-08-21,670.8499755859375,670.8499755859375,673.0,666.1500244140625,670.0,558989
2025-08-22,670.25,670.25,674.4000244140625,666.2000122070312,669.0499877929688,805749
2025-08-25,668.0499877929688,668.0499877929688,673.4000244140625,664.2999877929688,670.25,314523
2025-08-26,655.9000244140625,655.9000244140625,666.4000244140625,654.0,666.0,786973
2025-08-28,652.8499755859375,652.8499755859375,657.4500122070312,650.25,655.0,2844882
2025-08-29,653.0999755859375,653.0999755859375,657.0499877929688,642.5999755859375,652.5,637887
2025-09-01,668.5,668.5,669.8499755859375,653.0,653.0999755859375,1059709
2025-09-02,664.1500244140625,664.1500244140625,674.0,661.5,667.0,486775
2025-09-03,670.5,670.5,671.25,663.4500122070312,664.1500244140625,669079
2025-09-04,664.2000122070312,664.2000122070312,671.5499877929688,662.6500244140625,670.5,561167
2025-09-05,664.25,664.25,673.75,660.0999755859375,664.2000122070312,388410
2025-09-08,670.4500122070312,670.4500122070312,683.0,664.4500122070312,669.9000244140625,2159175
2025-09-09,670.0,670.0,676.5,669.0,670.4500122070312,1579769
2025-09-10,692.4000244140625,692.4000244140625,696.0,670.2999877929688,671.7999877929688,2032781
2025-09-11,695.8499755859375,695.8499755859375,701.8499755859375,692.5999755859375,694.9500122070312,1361882
2025-09-12,697.75,697.75,700.0499877929688,690.4500122070312,695.8499755859375,736658
2025-09-15,696.5499877929688,696.5499877929688,701.4000244140625,691.5,696.9000244140625,424153
2025-09-16,694.8499755859375,694.8499755859375,698.7999877929688,692.1500244140625,697.0,396137
2025-09-17,703.75,703.75,712.0,694.0,695.4500122070312,2175607
2025-09-18,699.25,699.25,706.5,698.5,703.5,922099
2025-09-19,701.5,701.5,710.4500122070312,697.8499755859375,701.0,1602590
2025-09-22,704.5499877929688,704.5499877929688,708.1500244140625,700.0499877929688,701.5,896675
2025-09-23,695.0999755859375,695.0999755859375,703.9500122070312,693.9500122070312,703.9500122070312,1352536
2025-09-24,708.2000122070312,708.2000122070312,722.0,697.0,697.2000122070312,5440713
2025-09-25,712.4000244140625,712.4000244140625,717.25,701.4500122070312,708.0,1777279
2025-09-26,706.3499755859375,706.3499755859375,714.6500244140625,704.4500122070312,711.0499877929688,1277067
2025-09-29,724.5999755859375,724.5999755859375,727.9500122070312,706.3499755859375,709.5499877929688,2501755
2025-09-30,750.7000122070312,750.7000122070312,761.0499877929688,727.0,727.0,4621957
2025-10-01,737.0499877929688,737.0499877929688,750.0999755859375,730.5999755859375,749.5,2726959
2025-10-03,765.9500122070312,765.9500122070312,769.2999877929688,742.0,742.0,2805702
2025-10-06,758.0499877929688,758.0499877929688,773.5999755859375,755.8499755859375,765.9500122070312,2004577
2025-10-07,757.7000122070312,757.7000122070312,764.4500122070312,755.3499755859375,759.9500122070312,1098668
2025-10-08,760.5999755859375,760.5999755859375,765.75,754.9000244140625,757.7000122070312,1428706
2025-10-09,766.2000122070312,766.2000122070312,768.2999877929688,756.5999755859375,760.25,968037
2025-10-10,776.25,776.25,779.7000122070312,764.6500244140625,767.0999755859375,1637650
2025-10-13,783.5,783.5,787.8499755859375,770.5,776.25,1636687
2025-10-14,768.1500244140625,768.1500244140625,785.9000244140625,761.0,784.9500122070312,1808806
2025-10-15,775.2999877929688,775.2999877929688,780.0,767.4000244140625,769.9000244140625,665475
2025-10-16,771.0499877929688,771.0499877929688,805.9500122070312,764.3499755859375,777.0,5146353
2025-10-17,782.3499755859375,782.3499755859375,784.0,756.5,783.0,2815481
2025-10-20,813.7999877929688,813.7999877929688,819.2000122070312,780.0,784.0,3399979
2025-10-21,813.2999877929688,813.2999877929688,822.7999877929688,810.0,822.7999877929688,294281
2025-10-23,826.2000122070312,826.2000122070312,838.5999755859375,811.6500244140625,813.2999877929688,2789859
2025-10-24,820.0499877929688,820.0499877929688,852.8499755859375,814.6500244140625,828.0,1753487
2025-10-27,825.8499755859375,825.8499755859375,834.9500122070312,821.2000122070312,823.9500122070312,1850854
2025-10-28,852.9000244140625,852.9000244140625,855.4000244140625,830.0,830.0,4392545
2025-10-29,854.4500122070312,854.4500122070312,856.9000244140625,847.9500122070312,855.0,1582454
2025-10-30,854.8499755859375,854.8499755859375,860.7999877929688,849.5,858.4500122070312,1332294
2025-10-31,858.7000122070312,858.7000122070312,879.0,855.7999877929688,860.0,5066179
2025-11-03,880.3499755859375,880.3499755859375,887.7999877929688,859.0999755859375,865.5499877929688,4638114
2025-11-04,872.4000244140625,872.4000244140625,883.6500244140625,868.7000122070312,880.9500122070312,2918426
2025-11-06,865.7999877929688,865.7999877929688,879.75,863.5999755859375,874.0999755859375,1796714
2025-11-07,873.9500122070312,873.9500122070312,876.0,850.0,864.0,1350893
2025-11-10,876.3499755859375,876.3499755859375,883.0,868.75,878.9500122070312,1194841
2025-11-11,867.9000244140625,867.9000244140625,880.5499877929688,855.3499755859375,880.5499877929688,1188117
2025-11-12,867.5,867.5,876.8499755859375,861.6500244140625,872.9000244140625,1129627
2025-11-13,869.4500122070312,869.4500122070312,873.2999877929688,859.0,867.5,882359
2025-11-14,868.4500122070312,868.4500122070312,873.9000244140625,862.0,868.0499877929688,1111820
2025-11-17,890.1500244140625,890.1500244140625,891.5,872.0499877929688,873.0,2172112
2025-11-18,886.9000244140625,886.9000244140625,894.8499755859375,884.0,893.7000122070312,1190105
2025-11-19,885.5499877929688,885.5499877929688,890.9500122070312,879.4000244140625,890.9500122070312,1494789
2025-11-20,882.3499755859375,882.3499755859375,893.9000244140625,880.0,891.7999877929688,886425
2025-11-21,851.7999877929688,851.7999877929688,883.0,850.2000122070312,882.3499755859375,1754260
2025-11-24,854.75,854.75,863.5999755859375,851.7999877929688,851.7999877929688,1171441
2025-11-25,873.0999755859375,873.0999755859375,878.9500122070312,855.9500122070312,855.9500122070312,1591077
2025-11-26,886.75,886.75,892.4000244140625,871.5999755859375,875.0,1680454
2025-11-27,865.9000244140625,865.9000244140625,891.3499755859375,856.9500122070312,891.3499755859375,1931736
2025-11-28,870.25,870.25,874.0,865.0,870.0,1306456
2025-12-01,887.3499755859375,887.3499755859375,890.0,872.25,875.0,1272103
2025-12-02,859.4500122070312,859.4500122070312,889.7999877929688,856.0999755859375,888.9000244140625,2825373
2025-12-03,812.7999877929688,812.7999877929688,864.0,803.5499877929688,864.0,7081168
2025-12-04,802.5999755859375,802.5999755859375,819.0,800.5,812.7999877929688,2081606
2025-12-05,808.9500122070312,808.9500122070312,825.0,800.5999755859375,802.5999755859375,3550963
2025-12-08,779.0999755859375,779.0999755859375,810.7999877929688,773.7000122070312,807.7999877929688,4503930
2025-12-09,793.9000244140625,793.9000244140625,795.9000244140625,766.0499877929688,779.0999755859375,2041877
2025-12-10,782.7999877929688,782.7999877929688,796.9500122070312,779.25,793.9000244140625,1438014
2025-12-11,782.6500244140625,782.6500244140625,789.8499755859375,777.0499877929688,781.9500122070312,925978
2025-12-12,789.3499755859375,789.3499755859375,793.5,781.1500244140625,784.2999877929688,1533875
2025-12-15,783.8499755859375,783.8499755859375,793.25,779.0499877929688,788.0,2416248
2025-12-16,773.1500244140625,773.1500244140625,786.6500244140625,764.0499877929688,783.8499755859375,1751191
2025-12-17,775.0,775.0,783.7000122070312,769.5999755859375,772.0,910955
2025-12-18,777.8499755859375,777.8499755859375,782.4000244140625,767.9000244140625,778.5499877929688,1083428
2025-12-19,781.4000244140625,781.4000244140625,785.5,772.0999755859375,779.0,2015690
2025-12-22,787.9000244140625,787.9000244140625,788.9500122070312,781.0,783.0,620853
2025-12-23,783.25,783.25,792.7999877929688,780.0999755859375,787.9000244140625,581636
2025-12-24,777.2000122070312,777.2000122070312,783.25,773.25,783.25,902942
2025-12-26,778.4500122070312,778.4500122070312,781.5,772.0999755859375,777.2000122070312,710328
2025-12-29,784.4500122070312,784.4500122070312,789.5,774.3499755859375,778.4000244140625,1110856
2025-12-30,809.0,809.0,815.2000122070312,778.6500244140625,784.4500122070312,7951593
2025-12-31,837.25,837.25,840.4000244140625,806.5,812.9000244140625,3654469
2026-01-01,832.5999755859375,832.5999755859375,844.0,826.0499877929688,838.0,1205991
2026-01-02,861.4000244140625,861.4000244140625,864.25,842.0,842.0499877929688,3201311
2026-01-05,858.2000122070312,858.2000122070312,868.0999755859375,849.5,864.0,1041948
2026-01-06,861.5,861.5,872.7999877929688,855.4000244140625,862.0,1138586
2026-01-07,864.5999755859375,864.5999755859375,866.0,850.25,861.5,2116921
2026-01-08,828.0,828.0,862.5,826.0999755859375,858.0,1354984
2026-01-09,832.9000244140625,832.9000244140625,857.0,828.0,831.1500244140625,2989007
2026-01-12,826.6500244140625,826.6500244140625,837.0499877929688,812.7999877929688,833.0499877929688,2013884
2026-01-13,817.75,817.75,833.3499755859375,807.7999877929688,831.3499755859375,1984088
2026-01-14,846.4000244140625,846.4000244140625,849.9000244140625,808.5,820.0,3279844
2026-01-15,846.4000244140625,846.4000244140625,846.4000244140625,846.4000244140625,846.4000244140625,0
2026-01-16,852.0999755859375,852.0999755859375,861.4000244140625,843.0499877929688,846.4000244140625,1800308
2026-01-19,858.7000122070312,858.7000122070312,861.0,841.0,851.0,1306983
2026-01-20,846.5999755859375,846.5999755859375,869.3499755859375,844.0,862.0,1230157
2026-01-21,850.5499877929688,850.5499877929688,857.0,831.6500244140625,847.0,1777407
2026-01-22,896.75,896.75,908.0,854.2000122070312,859.7000122070312,5457242
2026-01-23,876.4500122070312,876.4500122070312,904.7999877929688,871.5,903.4500122070312,3266265
2026-01-27,876.7000122070312,876.7000122070312,888.4500122070312,858.0,877.6500244140625,1689591
2026-01-28,898.3499755859375,898.3499755859375,900.5,873.0,877.8499755859375,1143342
2026-01-29,909.5,909.5,916.5,897.0499877929688,898.3499755859375,2027302
2026-01-30,911.7000122070312,911.7000122070312,923.0,898.9500122070312,907.0499877929688,2043131
2026-02-02,834.7999877929688,834.7999877929688,847.0,806.2000122070312,843.1500244140625,4129175
2026-02-03,870.0999755859375,870.0999755859375,892.0999755859375,857.9000244140625,875.0,1411737
2026-02-04,879.25,879.25,883.4000244140625,862.0999755859375,864.4000244140625,1374637
2026-02-05,879.5,879.5,882.9500122070312,871.7000122070312,876.0,904730
2026-02-06,871.2000122070312,871.2000122070312,882.2999877929688,862.25,878.2999877929688,1237331
2026-02-09,902.5,902.5,910.5999755859375,881.0,881.0,2416660
2026-02-10,906.0499877929688,906.0499877929688,915.7999877929688,897.7999877929688,906.9000244140625,1698438
2026-02-11,897.2999877929688,897.2999877929688,910.8499755859375,876.9000244140625,910.5499877929688,2377332
2026-02-12,880.7000122070312,880.7000122070312,897.0499877929688,877.0,897.0499877929688,2301586
2026-02-13,873.7000122070312,873.7000122070312,881.9000244140625,864.1500244140625,875.0,877486
2026-02-16,888.9000244140625,888.9000244140625,892.4000244140625,863.0999755859375,869.0,1290153
2026-02-17,920.0999755859375,920.0999755859375,921.9000244140625,881.0,888.0,1893818
2026-02-18,938.1500244140625,938.1500244140625,942.5,920.4500122070312,925.0,2221965
2026-02-19,927.3499755859375,927.3499755859375,952.5,921.0999755859375,942.1500244140625,1724103
2026-02-20,946.7000122070312,946.7000122070312,950.0,924.0,927.3499755859375,1821350
2026-02-23,982.75,982.75,986.0,952.0499877929688,953.0,4004600
2026-02-24,985.8499755859375,985.8499755859375,989.9000244140625,975.3499755859375,981.0,2141014
2026-02-25,983.5999755859375,983.5999755859375,990.4000244140625,971.2999877929688,989.9500122070312,1095273
2026-02-26,991.5499877929688,991.5499877929688,997.9500122070312,973.3499755859375,987.0,1532659
2026-02-27,990.5,990.5,1000.0,980.0,988.0999755859375,2343944
2026-03-02,976.6500244140625,976.6500244140625,985.0,960.0,960.0,1434807
2026-03-04,939.0,939.0,961.3499755859375,915.7000122070312,955.0,2957995
2026-03-05,951.75,951.75,957.2999877929688,930.0,951.9500122070312,2154862
2026-03-06,939.4000244140625,939.4000244140625,954.5499877929688,936.6500244140625,948.0499877929688,1071588
2026-03-09,898.9000244140625,898.9000244140625,928.0,878.7000122070312,928.0,2044078
2026-03-10,929.75,929.75,937.0,905.5499877929688,912.0,1627044
2026-03-11,917.7999877929688,917.7999877929688,935.0,910.0,929.8499755859375,1145458
2026-03-12,909.5999755859375,909.5999755859375,922.2999877929688,890.0,910.0,1025100
2026-03-13,870.2999877929688,870.2999877929688,909.5999755859375,867.5499877929688,909.5999755859375,2204866
2026-03-16,877.4500122070312,877.4500122070312,884.5999755859375,848.6500244140625,865.0,2341800
2026-03-17,873.9500122070312,873.9500122070312,885.0,860.0,885.0,1399473
2026-03-18,888.9000244140625,888.9000244140625,895.6500244140625,874.6500244140625,875.0,1592607
2026-03-19,859.1500244140625,859.1500244140625,873.8499755859375,853.0,870.0999755859375,1414056
2026-03-20,878.6500244140625,878.6500244140625,896.9000244140625,864.2000122070312,871.9000244140625,3265910
2026-03-23,838.2000122070312,838.2000122070312,869.9000244140625,833.0,861.0,1677108
2026-03-24,871.4500122070312,871.4500122070312,876.8499755859375,850.0,850.0,1433333
2026-03-25,909.0499877929688,909.0499877929688,919.5999755859375,882.0999755859375,885.0,2602754
2026-03-27,871.75,871.75,904.5499877929688,867.0,902.0,1988298
2026-03-30,845.7000122070312,845.7000122070312,865.75,835.0,855.0,2488566
2026-04-01,888.0,888.0,890.6500244140625,861.4000244140625,879.3499755859375,1896842
2026-04-02,869.4000244140625,869.4000244140625,874.0999755859375,844.0,870.9500122070312,1607041
2026-04-06,899.8499755859375,899.8499755859375,904.6500244140625,864.25,876.8499755859375,2261012
2026-04-07,905.25,905.25,906.2999877929688,879.0999755859375,899.7999877929688,1423269
2026-04-08,956.5,956.5,959.2999877929688,930.0,930.0,2494224
2026-04-09,941.8499755859375,941.8499755859375,972.7000122070312,939.25,957.0,1912175
2026-04-10,967.75,967.75,972.0,947.0,950.0,2024925
2026-04-13,966.5,966.5,970.9000244140625,930.2000122070312,945.0,1531586
2026-04-15,946.0,946.0,1000.9000244140625,941.4000244140625,978.0,3464905
2026-04-16,940.0499877929688,940.0499877929688,955.0,930.0499877929688,950.0499877929688,2516529
2026-04-17,939.4500122070312,939.4500122070312,945.0,930.0499877929688,940.0499877929688,2109087
2026-04-20,928.2999877929688,928.2999877929688,955.7999877929688,925.4500122070312,944.0,2522718
2026-04-21,921.0499877929688,921.0499877929688,942.4500122070312,918.5,934.0,3097270
2026-04-22,925.3499755859375,925.3499755859375,933.8499755859375,921.0499877929688,921.0499877929688,1910446
2026-04-23,914.9500122070312,914.9500122070312,927.5999755859375,895.3499755859375,925.3499755859375,2204928
2026-04-24,909.9000244140625,909.9000244140625,923.5,901.4000244140625,914.9500122070312,2514713
2026-04-27,912.6500244140625,912.6500244140625,929.8499755859375,909.0,918.7999877929688,1723294
