Date,Adj Close,Close,High,Low,Open,Volume
,INDUSTOWER.NS,INDUSTOWER.NS,INDUSTOWER.NS,INDUSTOWER.NS,INDUSTOWER.NS,INDUSTOWER.NS
2012-12-28,126.3009033203125,191.64999389648438,200.85000610351562,188.64999389648438,200.0,35351056
2012-12-31,127.65189361572266,193.6999969482422,195.5,188.25,191.85000610351562,6021827
2013-01-01,130.32093811035156,197.75,199.8000030517578,194.0,194.6999969482422,2619486
2013-01-02,132.79226684570312,201.5,204.35000610351562,197.0,198.3000030517578,5470399
2013-01-03,134.67047119140625,204.35000610351562,206.5,200.0,200.0,3626134
2013-01-04,136.51571655273438,207.14999389648438,210.0,202.35000610351562,205.0,4188477
2013-01-07,136.68045043945312,207.39999389648438,209.0,206.10000610351562,207.85000610351562,2632614
2013-01-08,133.74783325195312,202.9499969482422,211.0500030517578,201.6999969482422,207.5500030517578,1310534
2013-01-09,135.1317596435547,205.0500030517578,207.89999389648438,203.3000030517578,204.25,1316038
2013-01-10,135.16473388671875,205.10000610351562,207.0,203.0,205.0,1061770
2013-01-11,135.39535522460938,205.4499969482422,206.8000030517578,203.60000610351562,204.39999389648438,560597
2013-01-14,136.94407653808594,207.8000030517578,208.25,202.89999389648438,205.1999969482422,440016
2013-01-15,135.26356506347656,205.25,208.64999389648438,204.0,207.9499969482422,308822
2013-01-16,134.7034149169922,204.39999389648438,210.0,202.5,205.85000610351562,522978
2013-01-17,135.06588745117188,204.9499969482422,207.6999969482422,204.1999969482422,206.60000610351562,1583997
2013-01-18,135.0988311767578,205.0,206.64999389648438,204.10000610351562,206.35000610351562,1219799
2013-01-21,135.1317596435547,205.0500030517578,207.5,204.5,206.85000610351562,599417
2013-01-22,135.1317596435547,205.0500030517578,206.35000610351562,204.14999389648438,205.10000610351562,645165
2013-01-23,134.83522033691406,204.60000610351562,205.14999389648438,203.14999389648438,205.0,632500
2013-01-24,135.82376098632812,206.10000610351562,210.39999389648438,204.5500030517578,204.64999389648438,1658900
2013-01-25,137.27357482910156,208.3000030517578,209.5,204.64999389648438,206.9499969482422,446416
2013-01-28,138.5916290283203,210.3000030517578,211.5,208.0,209.0,619340
2013-01-29,139.81082153320312,212.14999389648438,216.0,210.0,210.64999389648438,1297700
2013-01-30,138.36097717285156,209.9499969482422,215.0,208.10000610351562,215.0,1254754
2013-01-31,134.6045684814453,204.25,211.25,201.0,209.85000610351562,477136
2013-02-01,135.75784301757812,206.0,210.89999389648438,202.25,202.25,535714
2013-02-04,138.36097717285156,209.9499969482422,211.0,206.35000610351562,208.75,972954
2013-02-05,138.29507446289062,209.85000610351562,211.89999389648438,207.4499969482422,208.89999389648438,310499
2013-02-06,138.39390563964844,210.0,211.5,209.25,210.25,1068489
2013-02-07,136.77931213378906,207.5500030517578,210.85000610351562,207.0,210.85000610351562,55628
2013-02-08,136.38392639160156,206.9499969482422,208.75,204.4499969482422,207.9499969482422,1147102
2013-02-11,134.01144409179688,203.35000610351562,207.39999389648438,201.14999389648438,201.14999389648438,56809
2013-02-12,132.03439331054688,200.35000610351562,204.60000610351562,195.0,203.0500030517578,164404
2013-02-13,128.5745391845703,195.10000610351562,202.64999389648438,194.4499969482422,202.64999389648438,294907
2013-02-14,127.05880737304688,192.8000030517578,195.5500030517578,191.5,195.10000610351562,192159
2013-02-15,123.99434661865234,188.14999389648438,192.8000030517578,181.9499969482422,192.8000030517578,891987
2013-02-18,126.46568298339844,191.89999389648438,192.6999969482422,186.6999969482422,188.0,820340
2013-02-19,126.26797485351562,191.60000610351562,197.25,190.10000610351562,197.25,38966
2013-02-20,129.2006072998047,196.0500030517578,197.0,192.35000610351562,193.9499969482422,214534
2013-02-21,128.37681579589844,194.8000030517578,197.0,194.14999389648438,196.39999389648438,217043
2013-02-22,126.26797485351562,191.60000610351562,195.89999389648438,188.0,195.89999389648438,685089
2013-02-25,126.56452178955078,192.0500030517578,199.0,188.75,199.0,770743
2013-02-26,126.56452178955078,192.0500030517578,193.5,189.39999389648438,191.14999389648438,324124
2013-02-27,121.62188720703125,184.5500030517578,196.85000610351562,175.5500030517578,196.85000610351562,1815408
2013-02-28,126.46568298339844,191.89999389648438,194.89999389648438,185.0,185.0,3208335
2013-03-01,125.74076080322266,190.8000030517578,194.64999389648438,181.0,181.0,1026599
2013-03-04,126.69631958007812,192.25,192.85000610351562,187.75,187.75,134278
2013-03-05,128.90403747558594,195.60000610351562,196.60000610351562,191.0500030517578,194.89999389648438,421920
2013-03-06,129.793701171875,196.9499969482422,197.9499969482422,194.3000030517578,196.5500030517578,1128179
2013-03-07,129.13470458984375,195.9499969482422,197.5,193.10000610351562,196.89999389648438,255566
2013-03-08,127.65189361572266,193.6999969482422,197.4499969482422,191.5,195.39999389648438,237353
2013-03-11,127.38829040527344,193.3000030517578,194.0,189.89999389648438,193.6999969482422,389005
2013-03-12,125.11470794677734,189.85000610351562,193.85000610351562,189.3000030517578,192.5,416693
2013-03-13,125.14765167236328,189.89999389648438,191.60000610351562,188.0500030517578,188.0500030517578,579140
2013-03-14,125.08174133300781,189.8000030517578,191.75,189.8000030517578,191.75,104780
2013-03-15,121.9843521118164,185.10000610351562,190.39999389648438,184.10000610351562,190.0,174015
2013-03-18,120.9299545288086,183.5,186.89999389648438,179.64999389648438,186.89999389648438,101719
2013-03-19,119.87548065185547,181.89999389648438,185.8000030517578,180.10000610351562,185.0,296981
2013-03-20,118.55744171142578,179.89999389648438,184.6999969482422,176.14999389648438,181.89999389648438,560531
2013-03-21,114.60334777832031,173.89999389648438,180.35000610351562,172.35000610351562,178.5,3101013
2013-03-22,114.07613372802734,173.10000610351562,175.89999389648438,169.60000610351562,175.89999389648438,979167
2013-03-25,112.19792175292969,170.25,174.9499969482422,166.6999969482422,173.0,649932
2013-03-26,112.03317260742188,170.0,172.0,167.39999389648438,168.0,3053335
2013-03-28,117.93138122558594,178.9499969482422,185.0,178.9499969482422,185.0,338460
2013-04-01,118.06317901611328,179.14999389648438,184.0,174.0500030517578,176.9499969482422,172211
2013-04-02,121.19351959228516,183.89999389648438,186.0,176.0,177.0,202990
2013-04-03,119.51301574707031,181.35000610351562,184.5500030517578,180.5,183.35000610351562,890606
2013-04-04,118.62335205078125,180.0,182.0,176.5500030517578,180.0,932854
2013-04-05,119.2823715209961,181.0,181.9499969482422,178.25,180.39999389648438,209977
2013-04-08,116.97583770751953,177.5,183.25,177.1999969482422,177.5500030517578,43044
2013-04-09,116.71220397949219,177.10000610351562,180.60000610351562,173.64999389648438,178.4499969482422,783067
2013-04-10,117.4700698852539,178.25,180.0,171.10000610351562,171.10000610351562,115618
2013-04-11,115.39417266845703,175.10000610351562,179.10000610351562,173.64999389648438,178.25,12895
2013-04-12,112.7910385131836,171.14999389648438,175.89999389648438,169.1999969482422,173.0,91657
2013-04-15,108.14495849609375,164.10000610351562,174.8000030517578,159.25,168.10000610351562,783115
2013-04-16,108.21086120605469,164.1999969482422,167.85000610351562,160.5,167.85000610351562,188869
2013-04-17,112.00019836425781,169.9499969482422,172.0,162.9499969482422,163.0,1060339
2013-04-18,112.19792175292969,170.25,172.0,164.3000030517578,165.8000030517578,556273
2013-04-22,118.55744171142578,179.89999389648438,181.89999389648438,165.0,165.0,338085
2013-04-23,115.39417266845703,175.10000610351562,178.0500030517578,173.14999389648438,176.0,50025
2013-04-25,116.08612060546875,176.14999389648438,178.10000610351562,173.0,173.0,48718
2013-04-26,117.63481140136719,178.5,181.0500030517578,176.10000610351562,176.10000610351562,1398468
2013-04-29,117.83253479003906,178.8000030517578,182.10000610351562,174.75,178.5,904972
2013-04-30,117.17352294921875,177.8000030517578,183.0,176.0,179.89999389648438,1928796
2013-05-02,116.08612060546875,176.14999389648438,179.25,174.25,179.0,471516
2013-05-03,115.75662994384766,175.64999389648438,177.75,175.0500030517578,177.0,39362
2013-05-06,115.39417266845703,175.10000610351562,179.0,172.0,175.0,191634
2013-05-07,115.72367095947266,175.60000610351562,176.89999389648438,172.3000030517578,172.3000030517578,104575
2013-05-08,116.67922973632812,177.0500030517578,177.8000030517578,173.0,173.0,128503
2013-05-09,117.17352294921875,177.8000030517578,179.0,173.0,173.0,137489
2013-05-10,116.3167724609375,176.5,178.64999389648438,175.0,175.0,216483
2013-05-13,114.60334777832031,173.89999389648438,177.39999389648438,173.75,175.10000610351562,13014
2013-05-14,116.0531997680664,176.10000610351562,177.0,172.0,174.0,61559
2013-05-15,116.18498992919922,176.3000030517578,177.0500030517578,174.0500030517578,174.0500030517578,55645
2013-05-16,114.89990997314453,174.35000610351562,176.8000030517578,173.5500030517578,175.0,19899
2013-05-17,115.13056945800781,174.6999969482422,176.6999969482422,174.0,174.9499969482422,15849
2013-05-20,115.03170013427734,174.5500030517578,175.89999389648438,173.0,173.0,13553
2013-05-21,115.78956604003906,175.6999969482422,176.5,173.0,173.0,44307
2013-05-22,113.35120391845703,172.0,175.39999389648438,171.6999969482422,174.3000030517578,17037
2013-05-23,112.00019836425781,169.9499969482422,173.9499969482422,169.0,172.5,34830
2013-05-24,115.19646453857422,174.8000030517578,175.5,166.0,166.0,56708
2013-05-27,114.01022338867188,173.0,176.0,170.0,172.9499969482422,37741
2013-05-28,113.48299407958984,172.1999969482422,175.0,171.89999389648438,173.39999389648438,17324
2013-05-29,112.7910385131836,171.14999389648438,173.5,168.0500030517578,171.0,45135
2013-05-30,111.7365951538086,169.5500030517578,171.3000030517578,168.0,168.0,24084
2013-05-31,112.36267852783203,170.5,175.89999389648438,168.0,168.0,257623
2013-06-03,110.9457778930664,168.35000610351562,172.5500030517578,168.0,168.10000610351562,33499
2013-06-04,111.83545684814453,169.6999969482422,172.0,168.0,168.0,26580
2013-06-05,111.44004821777344,169.10000610351562,170.0,168.1999969482422,168.1999969482422,795355
2013-06-06,111.20938110351562,168.75,170.0,166.64999389648438,168.3000030517578,36858
2013-06-07,108.93577575683594,165.3000030517578,168.5,165.0,168.1999969482422,208980
2013-06-10,107.2223129272461,162.6999969482422,165.9499969482422,160.0,164.0,43095
2013-06-11,101.42295837402344,153.89999389648438,162.0,152.5,161.0,55188
2013-06-12,100.3355712890625,152.25,164.39999389648438,148.5,153.89999389648438,165941
2013-06-13,101.3240966796875,153.75,155.6999969482422,149.3000030517578,150.0,261250
2013-06-14,102.14789581298828,155.0,155.4499969482422,152.25,152.25,979836
2013-06-17,100.23673248291016,152.10000610351562,159.9499969482422,150.5,153.0,107225
2013-06-18,100.03903198242188,151.8000030517578,154.89999389648438,149.3000030517578,153.0,57293
2013-06-19,102.08197784423828,154.89999389648438,158.39999389648438,149.1999969482422,150.0,250651
2013-06-20,97.4113540649414,144.9499969482422,154.0,140.3000030517578,154.0,301822
2013-06-21,98.88981628417969,147.14999389648438,150.39999389648438,143.5500030517578,144.9499969482422,65910
2013-06-24,99.76345825195312,148.4499969482422,151.89999389648438,145.0500030517578,146.0,36590
2013-06-25,95.66405487060547,142.35000610351562,147.6999969482422,140.14999389648438,147.0,899437
2013-06-26,96.70572662353516,143.89999389648438,145.0,139.39999389648438,141.5,277131
2013-06-27,100.06587982177734,148.89999389648438,151.5,141.0,141.0,513217
2013-06-28,102.75402069091797,152.89999389648438,154.6999969482422,151.60000610351562,152.14999389648438,1215038
2013-07-01,102.85482788085938,153.0500030517578,154.5,150.0,150.0,633345
2013-07-02,102.14921569824219,152.0,154.0,149.3000030517578,154.0,485273
2013-07-03,103.45964813232422,153.9499969482422,157.64999389648438,147.0,150.0,242533
2013-07-04,103.32524108886719,153.75,155.0,152.0,152.0,262760
2013-07-05,102.48521423339844,152.5,157.0,152.0,152.0,174333
2013-07-08,101.44354248046875,150.9499969482422,152.5,149.0,152.5,25020
2013-07-09,101.40995025634766,150.89999389648438,152.75,149.0,149.0,303690
2013-07-10,102.08199310302734,151.89999389648438,153.0,149.4499969482422,150.1999969482422,19930
2013-07-11,104.73650360107422,155.85000610351562,156.0,152.0,152.0,92686
2013-07-12,105.54296875,157.0500030517578,158.0,154.0,154.0,104212
2013-07-15,105.50935363769531,157.0,157.0,153.0,153.0,619123
2013-07-16,106.21499633789062,158.0500030517578,158.0500030517578,155.75,155.75,54348
2013-07-17,104.0308837890625,154.8000030517578,159.85000610351562,152.5,159.85000610351562,457322
2013-07-18,104.90454864501953,156.10000610351562,157.0,152.8000030517578,154.14999389648438,37866
2013-07-19,104.06449127197266,154.85000610351562,156.10000610351562,152.0500030517578,155.1999969482422,18664
2013-07-22,103.0228271484375,153.3000030517578,156.0,150.10000610351562,153.0,24125
2013-07-23,101.81317901611328,151.5,153.3000030517578,149.4499969482422,153.10000610351562,58787
2013-07-24,101.0067367553711,150.3000030517578,152.9499969482422,147.75,147.75,40311
2013-07-25,100.2002944946289,149.10000610351562,151.0500030517578,148.10000610351562,148.10000610351562,122067
2013-07-26,100.8723373413086,150.10000610351562,153.0,148.0,149.0,33259
2013-07-29,97.47855377197266,145.0500030517578,152.0,141.75,149.0,894431
2013-07-30,100.40189361572266,149.39999389648438,150.0,146.0,147.85000610351562,188613
2013-07-31,99.99869537353516,148.8000030517578,154.0,145.0,147.5,166558
2013-08-01,99.7298583984375,148.39999389648438,151.25,146.10000610351562,147.3000030517578,128270
2013-08-02,99.99869537353516,148.8000030517578,150.60000610351562,146.60000610351562,149.89999389648438,76403
2013-08-05,100.7379150390625,149.89999389648438,151.0,147.60000610351562,148.10000610351562,252727
2013-08-06,98.4530029296875,146.5,150.0,145.10000610351562,148.10000610351562,99372
2013-08-07,98.85620880126953,147.10000610351562,149.89999389648438,143.10000610351562,146.14999389648438,81801
2013-08-08,100.93952178955078,150.1999969482422,153.85000610351562,147.10000610351562,147.9499969482422,60134
2013-08-12,101.27555084228516,150.6999969482422,153.5,147.25,149.0,61626
2013-08-13,100.70431518554688,149.85000610351562,152.0,147.10000610351562,148.75,95576
2013-08-14,100.8723373413086,150.10000610351562,151.39999389648438,148.10000610351562,149.0500030517578,77059
2013-08-16,100.80511474609375,150.0,151.0,147.5500030517578,149.0,55916
2013-08-19,99.99869537353516,148.8000030517578,149.9499969482422,147.0,148.35000610351562,1677259
2013-08-20,98.38580322265625,146.39999389648438,148.8000030517578,144.5,147.85000610351562,865457
2013-08-21,93.47994995117188,139.10000610351562,148.0,135.10000610351562,148.0,110242
2013-08-22,94.35359191894531,140.39999389648438,142.0,135.14999389648438,137.35000610351562,51997
2013-08-23,92.90870666503906,138.25,140.0,136.0,139.0,1037542
2013-08-26,88.91011810302734,132.3000030517578,139.5,128.5,139.3000030517578,1110011
2013-08-27,87.8012466430664,130.64999389648438,134.8000030517578,127.1500015258789,132.0,164115
2013-08-28,90.22058868408203,134.25,143.0,126.5,129.0,65743
2013-08-29,90.55660247802734,134.75,138.89999389648438,132.1999969482422,136.5,21526
2013-08-30,93.54714965820312,139.1999969482422,140.64999389648438,132.14999389648438,132.9499969482422,77544
2013-09-02,93.21113586425781,138.6999969482422,141.0,134.0500030517578,139.1999969482422,78028
2013-09-03,92.37110137939453,137.4499969482422,138.5500030517578,135.75,137.75,70498
2013-09-04,93.00952911376953,138.39999389648438,139.6999969482422,136.25,136.35000610351562,84644
2013-09-05,94.52159118652344,140.64999389648438,142.0,137.0,137.0,57712
2013-09-06,97.14252471923828,144.5500030517578,148.0,142.64999389648438,145.64999389648438,138323
2013-09-10,98.62100219726562,146.75,148.0,141.5,141.5,433857
2013-09-11,102.18279266357422,152.0500030517578,155.0,144.0,144.0,2204532
2013-09-12,104.0308837890625,154.8000030517578,158.39999389648438,152.1999969482422,153.9499969482422,123719
2013-09-13,104.97174072265625,156.1999969482422,157.89999389648438,155.0,156.9499969482422,6870
2013-09-16,105.17333221435547,156.5,157.9499969482422,155.0,157.85000610351562,66014
2013-09-17,106.21499633789062,158.0500030517578,159.39999389648438,155.1999969482422,156.89999389648438,314184
2013-09-18,106.88702392578125,159.0500030517578,160.0,155.9499969482422,156.0,63656
2013-09-19,110.95285034179688,165.10000610351562,170.14999389648438,159.0500030517578,160.0,3252328
2013-09-20,109.17194366455078,162.4499969482422,166.0500030517578,158.0,162.1999969482422,586631
2013-09-23,106.81980895996094,158.9499969482422,161.0500030517578,157.39999389648438,160.25,174305
2013-09-24,107.1894302368164,159.5,164.89999389648438,158.3000030517578,164.89999389648438,92554
2013-09-25,107.59266662597656,160.10000610351562,164.6999969482422,157.0,164.6999969482422,630789
2013-09-26,107.0550537109375,159.3000030517578,163.85000610351562,157.0500030517578,163.85000610351562,671492
2013-09-27,107.35742950439453,159.75,162.5,157.85000610351562,159.5,380213
2013-09-30,105.10614013671875,156.39999389648438,160.0,155.0,156.1999969482422,41366
2013-10-01,102.51881408691406,152.5500030517578,156.4499969482422,150.6999969482422,155.0,331676
2013-10-03,104.19888305664062,155.0500030517578,156.0,151.5,151.5,280689
2013-10-04,105.87896728515625,157.5500030517578,158.4499969482422,153.0,153.0,112511
2013-10-07,106.92064666748047,159.10000610351562,163.5,156.1999969482422,156.39999389648438,113567
2013-10-08,106.04698944091797,157.8000030517578,159.10000610351562,153.10000610351562,158.39999389648438,64055
2013-10-09,106.14778900146484,157.9499969482422,160.0,156.39999389648438,156.39999389648438,11793
2013-10-10,107.15584564208984,159.4499969482422,160.0,155.1999969482422,155.1999969482422,26880
2013-10-11,105.87896728515625,157.5500030517578,159.9499969482422,156.85000610351562,156.85000610351562,18291
2013-10-14,107.49185180664062,159.9499969482422,162.0,157.64999389648438,159.0,641520
2013-10-15,107.59266662597656,160.10000610351562,162.0,159.3000030517578,159.8000030517578,37445
2013-10-17,107.49185180664062,159.9499969482422,160.9499969482422,156.5,156.5,736363
2013-10-18,107.5590591430664,160.0500030517578,161.89999389648438,158.64999389648438,158.64999389648438,337306
2013-10-21,110.51600646972656,164.4499969482422,166.8000030517578,158.0,158.0,146191
2013-10-22,108.80233001708984,161.89999389648438,163.5,161.0,163.5,14807
2013-10-23,107.59266662597656,160.10000610351562,162.10000610351562,158.0,160.0500030517578,35733
2013-10-24,106.88702392578125,159.0500030517578,161.5,158.75,160.10000610351562,156363
2013-10-25,106.11418914794922,157.89999389648438,159.85000610351562,157.25,158.5500030517578,142772
2013-10-28,103.35885620117188,153.8000030517578,156.5,150.25,151.75,815866
2013-10-29,101.81317901611328,151.5,154.0,150.25,154.0,814819
2013-10-30,103.22444915771484,153.60000610351562,156.39999389648438,151.0,151.14999389648438,1747175
2013-10-31,110.78482818603516,164.85000610351562,169.0,151.39999389648438,153.0,651741
2013-11-01,108.93672180175781,162.10000610351562,167.8000030517578,160.5500030517578,160.5500030517578,362749
2013-11-05,108.16390991210938,160.9499969482422,163.75,155.10000610351562,160.60000610351562,713674
2013-11-06,111.0200424194336,165.1999969482422,169.75,158.0500030517578,159.0,687749
2013-11-07,112.9017333984375,168.0,169.39999389648438,165.5500030517578,167.89999389648438,112960
2013-11-08,112.43130493164062,167.3000030517578,172.0,166.0500030517578,169.8000030517578,215692
2013-11-11,107.35742950439453,159.75,169.8000030517578,158.5,169.8000030517578,140861
2013-11-12,103.66127014160156,154.25,162.9499969482422,153.10000610351562,158.0500030517578,293726
2013-11-13,104.3669204711914,155.3000030517578,158.4499969482422,151.3000030517578,151.3000030517578,742653
2013-11-14,106.04698944091797,157.8000030517578,158.6999969482422,152.60000610351562,152.64999389648438,244658
2013-11-18,106.85343170166016,159.0,160.1999969482422,154.5,154.5,838177
2013-11-19,105.81175994873047,157.4499969482422,162.85000610351562,156.4499969482422,156.64999389648438,27902
2013-11-20,106.24860382080078,158.10000610351562,159.8000030517578,156.5500030517578,156.5500030517578,20546
2013-11-21,106.7862319946289,158.89999389648438,159.64999389648438,157.0,157.10000610351562,176288
2013-11-22,106.95420837402344,159.14999389648438,159.75,158.5500030517578,158.5500030517578,98795
2013-11-25,108.90313720703125,162.0500030517578,163.64999389648438,158.0,159.14999389648438,81701
2013-11-26,107.92867279052734,160.60000610351562,162.75,159.5500030517578,161.0500030517578,36944
2013-11-27,106.88702392578125,159.0500030517578,162.0,158.25,159.5,248920
2013-11-28,104.93812561035156,156.14999389648438,160.5500030517578,156.0,157.5,41317
2013-11-29,106.28219604492188,158.14999389648438,159.0,156.4499969482422,156.4499969482422,24394
2013-12-02,106.48381805419922,158.4499969482422,160.39999389648438,157.0,158.0500030517578,75970
2013-12-03,107.52547454833984,160.0,161.8000030517578,157.0,157.0,91167
2013-12-04,109.9783706665039,163.64999389648438,168.6999969482422,159.75,160.60000610351562,320339
2013-12-05,111.55767059326172,166.0,167.89999389648438,163.0,163.5500030517578,283250
2013-12-06,115.65707397460938,172.10000610351562,175.39999389648438,162.0,167.89999389648438,580989
2013-12-09,118.91641998291016,176.9499969482422,180.0,172.5,172.6999969482422,344730
2013-12-10,120.8653335571289,179.85000610351562,182.0,172.25,176.9499969482422,490500
2013-12-11,124.25911712646484,184.89999389648438,189.89999389648438,181.10000610351562,182.14999389648438,2444412
2013-12-12,120.29412078857422,179.0,185.5,175.0,184.0,631194
2013-12-13,116.63151550292969,173.5500030517578,178.9499969482422,172.1999969482422,177.0,37822
2013-12-16,116.49712371826172,173.35000610351562,175.64999389648438,169.75,169.75,24212
2013-12-17,117.94197082519531,175.5,177.4499969482422,175.0,175.0500030517578,288162
2013-12-18,117.67318725585938,175.10000610351562,176.9499969482422,175.0,175.0500030517578,63096
2013-12-19,118.9836196899414,177.0500030517578,178.8000030517578,174.9499969482422,175.5,72249
2013-12-20,118.07640075683594,175.6999969482422,178.0,172.3000030517578,175.0,426335
2013-12-23,114.14498901367188,169.85000610351562,179.75,166.8000030517578,174.1999969482422,6372955
2013-12-24,113.20414733886719,168.4499969482422,174.0,167.0,171.0,69478
2013-12-26,113.57378387451172,169.0,172.5,168.0,169.3000030517578,28204
2013-12-27,113.33854675292969,168.64999389648438,170.0,166.0,170.0,93082
2013-12-30,113.67457580566406,169.14999389648438,170.0,168.0,168.10000610351562,70211
2013-12-31,113.27134704589844,168.5500030517578,169.85000610351562,167.60000610351562,168.0,42516
2014-01-01,113.00253295898438,168.14999389648438,170.0,167.75,169.5,13233
2014-01-02,115.25385284423828,171.5,172.3000030517578,166.60000610351562,166.60000610351562,98992
2014-01-03,117.47157287597656,174.8000030517578,175.9499969482422,170.0,172.0,483177
2014-01-06,118.31159973144531,176.0500030517578,178.6999969482422,170.25,175.0,1127035
2014-01-07,117.47157287597656,174.8000030517578,180.0,173.85000610351562,176.1999969482422,81502
2014-01-08,118.91641998291016,176.9499969482422,177.9499969482422,173.1999969482422,174.9499969482422,58616
2014-01-09,119.0844497680664,177.1999969482422,178.14999389648438,175.10000610351562,175.10000610351562,52817
2014-01-10,119.45405578613281,177.75,178.5,168.60000610351562,177.89999389648438,611082
2014-01-13,118.54681396484375,176.39999389648438,178.5,175.0,176.0500030517578,22147
2014-01-14,117.77397918701172,175.25,179.8000030517578,174.0,177.89999389648438,20377
2014-01-15,117.5387954711914,174.89999389648438,176.89999389648438,172.6999969482422,172.6999969482422,2272058
2014-01-16,116.12750244140625,172.8000030517578,176.5500030517578,170.0,176.5500030517578,618233
2014-01-17,115.52266693115234,171.89999389648438,173.64999389648438,165.39999389648438,170.1999969482422,476833
2014-01-20,112.63291931152344,167.60000610351562,170.4499969482422,166.0500030517578,166.25,62805
2014-01-21,112.19609832763672,166.9499969482422,168.0,165.35000610351562,166.1999969482422,40312
2014-01-22,111.1544418334961,165.39999389648438,169.5,164.0,165.25,14664
2014-01-23,112.93533325195312,168.0500030517578,171.4499969482422,161.60000610351562,161.60000610351562,2706015
2014-01-24,117.00113677978516,174.10000610351562,175.1999969482422,169.10000610351562,170.89999389648438,1690454
2014-01-27,112.73372650146484,167.75,175.10000610351562,166.0,175.0,736309
2014-01-28,115.42184448242188,171.75,173.64999389648438,167.5,168.0,184255
2014-01-29,116.9339599609375,174.0,177.5500030517578,172.75,175.0,415425
2014-01-30,115.08582305908203,171.25,173.10000610351562,168.5,173.0,178340
2014-01-31,115.55626678466797,171.9499969482422,173.10000610351562,170.5,171.9499969482422,173173
2014-02-03,110.51600646972656,164.4499969482422,172.0,162.35000610351562,172.0,331524
2014-02-04,111.05362701416016,165.25,168.0,163.6999969482422,165.0,115192
2014-02-05,111.45686340332031,165.85000610351562,169.8000030517578,164.0500030517578,164.0500030517578,133255
2014-02-06,113.90978240966797,169.5,173.35000610351562,164.60000610351562,164.60000610351562,306438
2014-02-07,112.26332092285156,167.0500030517578,173.5,165.75,168.25,2720807
2014-02-10,111.38965606689453,165.75,169.5,164.5,167.9499969482422,1233008
2014-02-11,112.22968292236328,167.0,169.25,165.0,165.75,197195
2014-02-12,112.8681411743164,167.9499969482422,168.89999389648438,166.75,167.9499969482422,1988042
2014-02-13,113.13694763183594,168.35000610351562,168.64999389648438,165.5,167.0500030517578,349376
2014-02-14,116.0938720703125,172.75,174.3000030517578,167.89999389648438,168.0,2860468
2014-02-17,114.24580383300781,170.0,176.0,165.0,174.89999389648438,752568
2014-02-18,114.64901733398438,170.60000610351562,171.8000030517578,168.5500030517578,169.25,573261
2014-02-19,115.08582305908203,171.25,172.5,167.89999389648438,171.0,28736
2014-02-20,114.34661102294922,170.14999389648438,171.75,168.4499969482422,169.5500030517578,20110
2014-02-21,115.85868835449219,172.39999389648438,173.89999389648438,168.5,170.5,1377669
2014-02-24,115.25385284423828,171.5,173.4499969482422,169.1999969482422,169.1999969482422,771916
2014-02-25,115.48906707763672,171.85000610351562,172.5,170.0,170.25,1541690
2014-02-26,115.55626678466797,171.9499969482422,172.25,169.0,171.0,1497090
2014-02-28,120.83173370361328,179.8000030517578,181.8000030517578,172.0,172.0,1959185
2014-03-03,126.07361602783203,187.60000610351562,193.0,177.1999969482422,177.1999969482422,364203
2014-03-04,127.88809967041016,190.3000030517578,193.89999389648438,185.0500030517578,190.0,2440949
2014-03-05,135.41488647460938,201.5,214.0,197.0500030517578,197.5,2555115
2014-03-06,138.84226989746094,206.60000610351562,207.39999389648438,201.89999389648438,201.89999389648438,1575824
2014-03-07,138.0694122314453,205.4499969482422,215.0,202.39999389648438,209.89999389648438,390017
2014-03-10,142.40402221679688,211.89999389648438,214.0,202.0,202.0,991069
2014-03-11,141.7320098876953,210.89999389648438,213.9499969482422,204.0500030517578,211.89999389648438,1691837
2014-03-12,136.4229278564453,203.0,209.1999969482422,202.0,207.5,978724
2014-03-13,134.30601501464844,199.85000610351562,205.89999389648438,198.0,202.25,595835
2014-03-14,131.8195037841797,196.14999389648438,202.0,194.0,199.85000610351562,127283
2014-03-18,134.33961486816406,199.89999389648438,202.9499969482422,194.0,194.0,766649
2014-03-19,133.93641662597656,199.3000030517578,201.3000030517578,195.5,195.5,1091766
2014-03-20,131.85311889648438,196.1999969482422,199.75,195.5,197.3000030517578,116450
2014-03-21,134.17160034179688,199.64999389648438,200.0,190.0,195.0500030517578,917772
2014-03-24,132.9955291748047,197.89999389648438,200.5,195.35000610351562,195.35000610351562,52886
2014-03-25,134.20521545410156,199.6999969482422,202.0,188.0,193.8000030517578,12993066
2014-03-26,139.14466857910156,207.0500030517578,209.4499969482422,199.0,200.0,786460
2014-03-27,140.79116821289062,209.5,210.4499969482422,205.0500030517578,205.0500030517578,1357085
2014-03-28,137.094970703125,204.0,209.6999969482422,202.10000610351562,208.0,156180
2014-03-31,136.69174194335938,203.39999389648438,210.25,200.5500030517578,205.10000610351562,70932
2014-04-01,136.92697143554688,203.75,205.89999389648438,200.0500030517578,202.10000610351562,820777
2014-04-02,136.45652770996094,203.0500030517578,205.6999969482422,201.4499969482422,204.5,36041
2014-04-03,133.80201721191406,199.10000610351562,203.4499969482422,195.0,201.14999389648438,1226119
2014-04-04,134.27239990234375,199.8000030517578,201.39999389648438,198.5,200.0,124539
2014-04-07,134.5748291015625,200.25,202.85000610351562,196.10000610351562,196.10000610351562,56456
2014-04-09,131.68508911132812,195.9499969482422,200.0,195.39999389648438,200.0,178135
2014-04-10,131.68508911132812,195.9499969482422,199.8000030517578,194.5500030517578,196.5500030517578,62984
2014-04-11,131.31546020507812,195.39999389648438,198.60000610351562,195.0500030517578,196.0500030517578,45632
2014-04-15,131.4498748779297,195.60000610351562,197.9499969482422,194.5500030517578,196.0,102261
2014-04-16,131.51707458496094,195.6999969482422,197.89999389648438,194.14999389648438,194.14999389648438,310889
2014-04-17,131.14744567871094,195.14999389648438,200.0,191.6999969482422,196.0,494632
2014-04-21,133.29795837402344,198.35000610351562,199.89999389648438,195.14999389648438,195.14999389648438,444154
2014-04-22,133.70115661621094,198.9499969482422,200.0500030517578,196.0,196.0,205694
2014-04-23,136.8933563232422,203.6999969482422,209.39999389648438,197.60000610351562,198.9499969482422,1995964
2014-04-24,136.8933563232422,203.6999969482422,203.6999969482422,203.6999969482422,203.6999969482422,0
2014-04-25,142.06802368164062,211.39999389648438,214.0,208.60000610351562,210.0,4835864
2014-04-28,143.34486389160156,213.3000030517578,214.5,208.0500030517578,211.0,810349
2014-04-29,144.45375061035156,214.9499969482422,216.0,211.1999969482422,214.9499969482422,2313137
2014-04-30,144.9241485595703,215.64999389648438,218.5,214.0,216.0,1958930
2014-05-02,147.37709045410156,219.3000030517578,222.10000610351562,212.0,217.0,894038
2014-05-05,143.51290893554688,213.5500030517578,223.85000610351562,202.5,220.0,3167480
2014-05-06,149.5948028564453,222.60000610351562,223.0,214.10000610351562,215.0,403713
2014-05-07,150.97247314453125,224.64999389648438,225.35000610351562,223.0,224.5,467570
2014-05-08,150.87168884277344,224.5,225.10000610351562,216.14999389648438,224.0,248356
2014-05-09,150.3676300048828,223.75,225.0,219.0,225.0,166157
2014-05-12,149.1243896484375,221.89999389648438,224.3000030517578,221.0,223.0,179672
2014-05-13,150.30043029785156,223.64999389648438,225.10000610351562,221.35000610351562,222.10000610351562,282065
2014-05-14,158.80166625976562,236.3000030517578,247.10000610351562,220.64999389648438,220.64999389648438,2654454
2014-05-15,155.1726837158203,230.89999389648438,239.39999389648438,229.0,238.0,231287
2014-05-16,156.6847381591797,233.14999389648438,236.0,216.85000610351562,227.0,431708
2014-05-19,157.89443969726562,234.9499969482422,235.5,232.4499969482422,234.0,330224
2014-05-20,157.0879669189453,233.75,235.0,226.0,235.0,92216
2014-05-21,157.86080932617188,234.89999389648438,235.10000610351562,231.0,233.0500030517578,471878
2014-05-22,160.64976501464844,239.0500030517578,240.1999969482422,232.60000610351562,235.0,524979
2014-05-23,158.49925231933594,235.85000610351562,241.89999389648438,230.25,238.0,1057850
2014-05-26,160.54896545410156,238.89999389648438,245.0,236.14999389648438,240.0,1024333
2014-05-27,155.87831115722656,231.9499969482422,241.64999389648438,229.1999969482422,240.0500030517578,89596
2014-05-28,161.18739318847656,239.85000610351562,242.0,231.0500030517578,232.89999389648438,210017
2014-05-29,157.62559509277344,234.5500030517578,239.89999389648438,231.35000610351562,239.89999389648438,147686
2014-05-30,155.57589721679688,231.5,237.25,228.25,237.25,281269
2014-06-02,158.7008514404297,236.14999389648438,239.4499969482422,230.0500030517578,232.4499969482422,542231
2014-06-03,157.2896270751953,234.0500030517578,241.0,233.0500030517578,236.10000610351562,92411
2014-06-04,164.6147918701172,244.9499969482422,245.4499969482422,233.0,233.0,958024
2014-06-05,164.58116149902344,244.89999389648438,246.5,241.39999389648438,245.0,620174
2014-06-06,164.48036193847656,244.75,245.5,240.0,244.0,1891144
2014-06-09,164.6483917236328,245.0,246.5,240.14999389648438,241.10000610351562,536589
2014-06-10,174.69528198242188,259.95001220703125,268.0,244.10000610351562,247.0500030517578,1403755
2014-06-11,174.52728271484375,259.70001220703125,263.54998779296875,251.85000610351562,263.54998779296875,572428
2014-06-12,174.69528198242188,259.95001220703125,261.70001220703125,258.5,259.0,500775
2014-06-13,168.91580200195312,251.35000610351562,264.0,249.75,264.0,453550
2014-06-16,165.42120361328125,246.14999389648438,254.8000030517578,244.0,254.8000030517578,404220
2014-06-17,169.7222442626953,252.5500030517578,256.0,245.10000610351562,245.10000610351562,1289332
2014-06-18,165.7236328125,246.60000610351562,256.0,245.0,256.0,326439
2014-06-19,167.47088623046875,249.1999969482422,250.0,243.0500030517578,244.10000610351562,58442
2014-06-20,162.96829223632812,242.5,251.0,240.0500030517578,251.0,146262
2014-06-23,158.43203735351562,235.75,243.0,234.5500030517578,241.10000610351562,104132
2014-06-24,166.26123046875,247.39999389648438,249.89999389648438,232.5,235.75,179763
2014-06-25,166.79885864257812,248.1999969482422,250.39999389648438,245.9499969482422,248.0,406030
2014-06-26,167.9749298095703,249.9499969482422,261.54998779296875,248.1999969482422,248.1999969482422,898767
2014-06-27,176.77857971191406,263.04998779296875,266.0,249.9499969482422,250.0,1141963
2014-06-30,171.77195739746094,255.60000610351562,262.0,250.25,258.6000061035156,143398
2014-07-01,174.69528198242188,259.95001220703125,274.8999938964844,256.25,256.25,1150182
2014-07-02,177.887451171875,264.70001220703125,269.0,255.0500030517578,259.3500061035156,376878
2014-07-03,179.43310546875,267.0,269.70001220703125,263.1000061035156,265.5,175497
2014-07-04,175.4009246826172,261.0,271.0,260.1499938964844,270.0,222290
2014-07-07,170.8982696533203,254.3000030517578,262.8999938964844,252.0,260.25,645769
2014-07-08,170.52865600585938,253.75,261.3999938964844,246.64999389648438,258.75,776378
2014-07-09,169.6214141845703,252.39999389648438,254.6999969482422,246.1999969482422,253.0,108440
2014-07-10,170.6630859375,253.9499969482422,258.8999938964844,249.5,249.89999389648438,249847
2014-07-11,171.97354125976562,255.89999389648438,259.0,252.0,252.14999389648438,528060
2014-07-14,171.23431396484375,254.8000030517578,259.5,248.0,253.3000030517578,130650
2014-07-15,176.71136474609375,262.95001220703125,265.95001220703125,254.8000030517578,254.8000030517578,358988
2014-07-16,177.51780700683594,264.1499938964844,265.04998779296875,263.0,263.0,128444
2014-07-17,177.98826599121094,264.8500061035156,268.0,258.3999938964844,264.1000061035156,1088807
2014-07-18,177.7194061279297,264.45001220703125,265.25,261.04998779296875,264.0,148864
2014-07-21,175.53533935546875,261.20001220703125,266.79998779296875,260.0,265.0,497460
2014-07-22,180.1051483154297,268.0,270.0,258.54998779296875,258.54998779296875,233553
2014-07-23,181.01242065429688,269.3500061035156,270.6000061035156,266.1499938964844,269.0,602425
2014-07-24,181.84637451171875,261.6499938964844,267.8999938964844,260.0,265.04998779296875,147054
2014-07-25,181.18614196777344,260.70001220703125,266.95001220703125,258.1000061035156,265.0,863233
2014-07-28,178.82315063476562,257.29998779296875,260.3500061035156,255.3000030517578,258.29998779296875,238298
2014-07-30,175.5219268798828,252.5500030517578,267.29998779296875,251.75,252.3000030517578,1735223
2014-07-31,177.91964721679688,256.0,259.04998779296875,253.0,253.0,808752
2014-08-01,182.36766052246094,262.3999938964844,266.0,254.1999969482422,257.8999938964844,384331
2014-08-04,185.77313232421875,267.29998779296875,274.8999938964844,263.45001220703125,263.45001220703125,448977
2014-08-05,191.1593475341797,275.04998779296875,276.79998779296875,267.29998779296875,267.29998779296875,1596611
2014-08-06,188.9353790283203,271.8500061035156,276.75,268.04998779296875,276.75,519597
2014-08-07,175.73040771484375,252.85000610351562,255.4499969482422,251.60000610351562,255.0,1943858
2014-08-08,179.93516540527344,258.8999938964844,261.45001220703125,243.1999969482422,250.6999969482422,2333569
2014-08-11,181.4293975830078,261.04998779296875,267.95001220703125,251.0,258.95001220703125,1102827
2014-08-12,186.25962829589844,268.0,270.70001220703125,259.0,259.0,2297937
2014-08-13,186.22491455078125,267.95001220703125,270.3999938964844,263.1000061035156,263.1000061035156,2856187
2014-08-14,185.98162841796875,267.6000061035156,268.20001220703125,262.1000061035156,266.75,1656867
2014-08-18,187.19790649414062,269.3500061035156,271.6499938964844,266.04998779296875,267.54998779296875,1271382
2014-08-19,183.9661407470703,264.70001220703125,272.79998779296875,261.0,269.0,2514322
2014-08-20,182.12437438964844,262.04998779296875,266.70001220703125,258.20001220703125,265.79998779296875,1699046
2014-08-21,184.00088500976562,264.75,270.5,258.5,262.0,10947266
2014-08-22,177.328857421875,255.14999389648438,267.0,252.60000610351562,262.0,418009
2014-08-25,181.18614196777344,260.70001220703125,262.79998779296875,253.3000030517578,260.0,1236200
2014-08-26,176.32115173339844,253.6999969482422,264.25,252.10000610351562,259.0,639500
2014-08-27,177.08566284179688,254.8000030517578,257.6000061035156,250.1999969482422,254.60000610351562,613875
2014-08-28,183.16685485839844,263.54998779296875,265.6000061035156,254.1999969482422,254.75,365100
2014-09-01,186.98934936523438,269.04998779296875,270.0,263.04998779296875,263.04998779296875,622721
2014-09-02,189.90838623046875,273.25,278.6000061035156,267.54998779296875,270.0,993185
2014-09-03,194.2173614501953,279.45001220703125,281.6000061035156,275.0,275.0,1061336
2014-09-04,198.1441192626953,285.1000061035156,291.3999938964844,276.25,280.0,913899
2014-09-05,194.80810546875,280.29998779296875,291.0,278.0,289.0,1105121
2014-09-08,205.8585968017578,296.20001220703125,301.1000061035156,267.79998779296875,280.29998779296875,2413406
2014-09-09,204.29486083984375,293.95001220703125,305.79998779296875,281.25,302.0,2514986
2014-09-10,197.65760803222656,284.3999938964844,292.0,282.1000061035156,291.04998779296875,1165719
2014-09-11,195.9201202392578,281.8999938964844,287.3999938964844,276.29998779296875,284.0,600986
2014-09-12,195.88540649414062,281.8500061035156,286.04998779296875,278.8500061035156,282.1000061035156,3335827
2014-09-15,206.51882934570312,297.1499938964844,299.0,276.0,280.0,1821824
2014-09-16,206.8663330078125,297.6499938964844,306.29998779296875,287.04998779296875,298.5,1662257
2014-09-17,215.24107360839844,309.70001220703125,314.79998779296875,290.1499938964844,299.95001220703125,1685294
2014-09-18,219.5153350830078,315.8500061035156,322.0,302.79998779296875,310.0,2245778
2014-09-19,217.25657653808594,312.6000061035156,319.5,296.1000061035156,314.54998779296875,2821898
2014-09-22,204.29486083984375,293.95001220703125,310.20001220703125,290.20001220703125,310.04998779296875,2947500
2014-09-23,199.673095703125,287.29998779296875,296.0,285.0,293.0,640677
2014-09-24,197.17112731933594,283.70001220703125,300.45001220703125,281.0,283.1000061035156,826989
2014-09-25,208.569091796875,300.1000061035156,304.79998779296875,286.54998779296875,288.29998779296875,1045878
2014-09-26,202.2793426513672,291.04998779296875,298.75,286.5,295.04998779296875,578797
2014-09-29,207.24859619140625,298.20001220703125,302.79998779296875,292.0,292.5,1446284
2014-09-30,204.85084533691406,294.75,304.8999938964844,289.0,293.8500061035156,1247644
2014-10-01,195.0166473388672,280.6000061035156,300.0,275.25,295.1499938964844,2392171
2014-10-07,200.54183959960938,288.54998779296875,299.70001220703125,279.5,282.29998779296875,1360231
2014-10-08,201.23681640625,289.54998779296875,294.70001220703125,287.04998779296875,287.1000061035156,834600
2014-10-09,200.29861450195312,288.20001220703125,295.95001220703125,280.54998779296875,290.0,1311881
2014-10-10,200.15960693359375,288.0,295.8999938964844,283.3999938964844,292.70001220703125,541199
2014-10-13,200.61135864257812,288.6499938964844,290.8999938964844,285.25,289.70001220703125,193401
2014-10-14,201.7233428955078,290.25,292.70001220703125,288.04998779296875,288.1000061035156,181481
2014-10-15,201.7233428955078,290.25,290.25,290.25,290.25,0
2014-10-16,196.37184143066406,282.54998779296875,290.25,281.0,286.20001220703125,451090
2014-10-17,197.0321044921875,283.5,285.6000061035156,281.70001220703125,282.0,246774
2014-10-20,198.07461547851562,285.0,290.25,283.3999938964844,285.0,907612
2014-10-21,201.89707946777344,290.5,292.0,284.04998779296875,284.04998779296875,840266
2014-10-22,206.2061004638672,296.70001220703125,299.45001220703125,290.04998779296875,290.04998779296875,538457
2014-10-27,201.82757568359375,290.3999938964844,302.5,288.0,302.5,269985
2014-10-28,201.13258361816406,289.3999938964844,299.5,287.3999938964844,294.3999938964844,771250
2014-10-29,201.5843505859375,290.04998779296875,293.0,285.54998779296875,293.0,909860
2014-10-30,202.1750946044922,290.8999938964844,291.95001220703125,288.0,291.79998779296875,417904
2014-10-31,204.64236450195312,294.45001220703125,297.3500061035156,289.29998779296875,292.3999938964844,1982625
2014-11-03,209.99383544921875,302.1499938964844,311.79998779296875,292.04998779296875,292.04998779296875,2359026
2014-11-05,202.52261352539062,291.3999938964844,309.75,283.6000061035156,308.70001220703125,3085730
2014-11-07,193.62661743164062,278.6000061035156,296.95001220703125,274.0,296.95001220703125,1207547
2014-11-10,199.74258422851562,287.3999938964844,291.04998779296875,275.3999938964844,276.0,1031229
2014-11-11,201.7581024169922,290.29998779296875,292.8999938964844,285.1000061035156,286.0,1447414
2014-11-12,201.86236572265625,290.45001220703125,297.45001220703125,282.3500061035156,287.6499938964844,1009582
2014-11-13,204.88558959960938,294.79998779296875,296.8500061035156,290.0,291.0,484328
2014-11-14,207.7698516845703,298.95001220703125,302.5,292.6000061035156,295.70001220703125,773748
2014-11-17,208.569091796875,300.1000061035156,303.0,295.0,295.0,278616
2014-11-18,208.53431701660156,300.04998779296875,306.8999938964844,295.0,298.0,1538837
2014-11-19,208.53431701660156,300.04998779296875,303.0,296.0,302.8999938964844,416012
2014-11-20,208.49957275390625,300.0,301.20001220703125,296.5,300.0,1607160
2014-11-21,208.18682861328125,299.54998779296875,302.1499938964844,293.8999938964844,297.54998779296875,1577808
2014-11-24,208.2910919189453,299.70001220703125,304.1499938964844,296.29998779296875,297.54998779296875,3926342
2014-11-25,208.46481323242188,299.95001220703125,303.8500061035156,297.29998779296875,297.29998779296875,1466167
2014-11-26,208.46481323242188,299.95001220703125,301.95001220703125,297.0,297.0,466458
2014-11-27,208.32583618164062,299.75,301.3999938964844,297.75,297.75,488756
2014-11-28,208.6038360595703,300.1499938964844,303.0,294.6000061035156,298.1000061035156,1072236
2014-12-01,208.22161865234375,299.6000061035156,301.1000061035156,298.3500061035156,298.3500061035156,326485
2014-12-02,197.79661560058594,284.6000061035156,300.0,278.25,298.3999938964844,1444049
2014-12-03,200.36807250976562,288.29998779296875,291.0,280.45001220703125,288.45001220703125,927138
2014-12-04,205.44163513183594,295.6000061035156,297.70001220703125,287.0,287.0,550218
2014-12-05,215.24107360839844,309.70001220703125,312.75,293.5,294.0,1996863
2014-12-08,216.10980224609375,310.95001220703125,317.5,307.75,311.0,4562211
2014-12-09,221.25279235839844,318.3500061035156,323.0,305.54998779296875,308.8999938964844,1452733
2014-12-10,229.41905212402344,330.1000061035156,333.6000061035156,320.0,320.0,1128952
2014-12-11,240.95603942871094,346.70001220703125,371.8999938964844,331.0,331.0,4909942
2014-12-12,236.716552734375,340.6000061035156,350.75,335.20001220703125,350.0,2541278
2014-12-15,241.06028747558594,346.8500061035156,351.0,336.3999938964844,336.70001220703125,2022418
2014-12-16,240.2610321044922,345.70001220703125,348.6000061035156,339.25,348.6000061035156,1116148
2014-12-17,243.0062713623047,349.6499938964844,356.75,342.0,347.79998779296875,2095792
2014-12-18,244.1529998779297,351.29998779296875,359.8999938964844,348.79998779296875,359.8999938964844,632535
2014-12-19,243.21478271484375,349.95001220703125,355.0,349.0,351.29998779296875,1124847
2014-12-22,234.59677124023438,337.54998779296875,349.8999938964844,331.1499938964844,346.6000061035156,665799
2014-12-23,233.51953125,336.0,341.0,331.20001220703125,337.54998779296875,559387
2014-12-24,231.3650360107422,332.8999938964844,339.5,319.0,339.5,612832
2014-12-26,231.33030700683594,332.8500061035156,334.70001220703125,321.3500061035156,333.04998779296875,203378
2014-12-29,225.11007690429688,323.8999938964844,333.0,322.0,327.25,256233
2014-12-30,225.14479064941406,323.95001220703125,325.70001220703125,323.04998779296875,323.04998779296875,375835
2014-12-31,234.14501953125,336.8999938964844,348.70001220703125,322.45001220703125,324.04998779296875,1115608
2015-01-01,235.81301879882812,339.29998779296875,340.5,329.8500061035156,333.5,103654
2015-01-02,234.35357666015625,337.20001220703125,340.6000061035156,334.95001220703125,335.6000061035156,371430
2015-01-05,237.96751403808594,342.3999938964844,347.6499938964844,332.5,332.5,662811
2015-01-06,237.3767852783203,341.54998779296875,351.6000061035156,338.29998779296875,342.0,1267514
2015-01-07,238.14125061035156,342.6499938964844,347.29998779296875,341.6499938964844,342.0,701097
2015-01-08,239.1142578125,344.04998779296875,346.0,343.04998779296875,343.3500061035156,1423694
2015-01-09,238.384521484375,343.0,350.0,339.5,350.0,1173328
2015-01-12,238.0369873046875,342.5,343.8500061035156,338.20001220703125,338.20001220703125,141701
2015-01-13,236.78602600097656,340.70001220703125,347.95001220703125,338.8999938964844,347.95001220703125,234783
2015-01-14,235.74356079101562,339.20001220703125,342.0,332.20001220703125,340.1000061035156,853036
2015-01-15,236.3690948486328,340.1000061035156,346.6000061035156,335.3500061035156,335.3500061035156,978890
2015-01-16,236.29954528808594,340.0,345.0,337.0,345.0,73034
2015-01-19,237.75901794433594,342.1000061035156,343.0,335.20001220703125,335.20001220703125,529280
2015-01-20,245.89051818847656,353.79998779296875,361.25,340.25,340.25,1175942
2015-01-21,253.8829803466797,365.29998779296875,375.0,358.04998779296875,361.70001220703125,2008557
2015-01-22,250.68603515625,360.70001220703125,364.75,352.20001220703125,352.20001220703125,1031616
2015-01-23,256.10699462890625,368.5,373.29998779296875,359.45001220703125,364.0,1165896
2015-01-27,252.73626708984375,363.6499938964844,368.79998779296875,360.54998779296875,364.20001220703125,769937
2015-01-28,263.9952087402344,379.8500061035156,381.79998779296875,362.25,364.8500061035156,1655581
2015-01-29,259.65142822265625,373.6000061035156,379.8500061035156,368.6000061035156,379.8500061035156,291433
2015-01-30,251.48526000976562,361.8500061035156,386.95001220703125,340.1000061035156,380.04998779296875,2409411
2015-02-02,257.21905517578125,370.1000061035156,374.75,368.29998779296875,369.79998779296875,701024
2015-02-03,261.5279541015625,376.29998779296875,383.75,365.25,367.0,2359736
2015-02-04,262.396728515625,377.54998779296875,385.0,371.0,382.3999938964844,3751978
2015-02-05,261.87548828125,376.79998779296875,381.0,368.20001220703125,377.0,1146554
2015-02-06,262.8832092285156,378.25,381.0,374.79998779296875,379.3999938964844,1762202
2015-02-09,259.2344970703125,373.0,382.70001220703125,367.54998779296875,382.70001220703125,1285729
2015-02-10,257.010498046875,369.79998779296875,373.0,354.3999938964844,373.0,990877
2015-02-11,250.85977172851562,360.95001220703125,369.79998779296875,356.20001220703125,366.25,1316570
2015-02-12,253.04898071289062,364.1000061035156,368.75,338.5,362.0,5133570
2015-02-13,249.40023803710938,358.8500061035156,367.0,353.0,367.0,1368567
2015-02-16,257.3232116699219,370.25,373.0,359.20001220703125,360.8999938964844,1189914
2015-02-18,253.29225158691406,364.45001220703125,369.6499938964844,363.0,364.1000061035156,299416
2015-02-19,255.9332733154297,368.25,375.70001220703125,366.5,375.70001220703125,890896
2015-02-20,250.9987335205078,361.1499938964844,371.79998779296875,357.20001220703125,371.79998779296875,1460682
2015-02-23,255.2730255126953,367.29998779296875,374.0,362.0,365.8999938964844,532741
2015-02-24,256.90625,369.6499938964844,371.0,361.5,363.1000061035156,10050875
2015-02-25,258.74798583984375,372.29998779296875,374.70001220703125,368.04998779296875,369.0,594419
2015-02-26,254.7169952392578,366.5,371.0,347.1000061035156,358.29998779296875,26541531
2015-02-27,255.5162353515625,367.6499938964844,377.0,362.1000061035156,364.0,2529428
2015-03-02,249.956298828125,359.6499938964844,370.0,358.5,367.8500061035156,5874084
2015-03-03,249.29603576660156,358.70001220703125,365.0,355.6000061035156,359.0,2287198
2015-03-04,251.0334930419922,361.20001220703125,366.0,358.0,359.1000061035156,1417522
2015-03-05,252.90997314453125,363.8999938964844,366.95001220703125,357.6499938964844,357.6499938964844,2582823
2015-03-09,253.63973999023438,364.95001220703125,369.0,361.0,361.0,3572715
2015-03-10,257.11474609375,369.95001220703125,376.8999938964844,366.54998779296875,370.04998779296875,3702919
2015-03-11,262.4661865234375,377.6499938964844,386.0,365.25,365.25,2125133
2015-03-12,270.5281982421875,389.25,393.70001220703125,377.25,377.25,2822373
2015-03-13,269.5899353027344,387.8999938964844,392.8500061035156,384.8999938964844,388.04998779296875,6885531
2015-03-16,265.5242004394531,382.04998779296875,389.8500061035156,375.25,385.20001220703125,647451
2015-03-17,266.8447265625,383.95001220703125,396.45001220703125,375.5,381.0,986793
2015-03-18,264.1341857910156,380.04998779296875,389.79998779296875,371.3999938964844,387.5,714703
2015-03-19,267.4007263183594,384.75,387.8999938964844,378.54998779296875,379.0,1484289
2015-03-20,267.81768798828125,385.3500061035156,389.0,371.5,386.0,2788169
2015-03-23,267.1922607421875,384.45001220703125,386.8999938964844,375.3500061035156,379.29998779296875,758862
2015-03-24,269.1034851074219,387.20001220703125,388.3999938964844,382.25,386.0,628989
2015-03-25,272.0572204589844,391.45001220703125,399.3500061035156,387.20001220703125,387.20001220703125,1151186
2015-03-26,262.15350341796875,377.20001220703125,393.8500061035156,375.54998779296875,390.0,2527566
2015-03-27,262.4315185546875,377.6000061035156,384.8999938964844,374.0,378.0,3194270
2015-03-30,267.88720703125,385.45001220703125,388.8999938964844,377.1000061035156,377.1000061035156,1219396
2015-03-31,267.5744934082031,385.0,387.95001220703125,383.95001220703125,386.95001220703125,2820740
2015-04-01,267.5396728515625,384.95001220703125,387.6000061035156,384.0,386.8999938964844,2214370
2015-04-06,264.0299377441406,379.8999938964844,394.3999938964844,375.3999938964844,394.3999938964844,967916
2015-04-07,267.5396728515625,384.95001220703125,385.45001220703125,379.8500061035156,380.0,1447760
2015-04-08,260.2074890136719,374.3999938964844,388.70001220703125,369.95001220703125,388.70001220703125,2327544
2015-04-09,264.16900634765625,380.1000061035156,382.8999938964844,375.1000061035156,375.1000061035156,403291
2015-04-10,261.70172119140625,376.54998779296875,381.0,369.0,381.0,2466852
2015-04-13,267.7481689453125,385.25,386.5,374.0,376.54998779296875,1103858
2015-04-15,262.11871337890625,377.1499938964844,386.0,373.79998779296875,381.25,9375011
2015-04-16,264.6207275390625,380.75,384.79998779296875,378.3999938964844,378.3999938964844,2690538
2015-04-17,260.554931640625,374.8999938964844,381.8500061035156,372.0,379.6499938964844,2600023
2015-04-20,257.253662109375,370.1499938964844,379.79998779296875,366.54998779296875,373.0,1709456
2015-04-21,256.52398681640625,369.1000061035156,374.5,365.20001220703125,373.6000061035156,931888
2015-04-22,255.4814910888672,367.6000061035156,373.79998779296875,355.54998779296875,370.95001220703125,1798356
2015-04-23,258.469970703125,371.8999938964844,373.8999938964844,364.79998779296875,366.3999938964844,793727
2015-04-24,259.4429626464844,373.29998779296875,377.0,366.1000061035156,368.0,749654
2015-04-27,274.90667724609375,395.54998779296875,402.0,371.6499938964844,375.04998779296875,1590750
2015-04-28,278.7292175292969,401.04998779296875,422.0,387.1000061035156,390.04998779296875,2235637
2015-04-29,274.7329406738281,395.29998779296875,404.8500061035156,382.5,404.8500061035156,7377483
2015-04-30,278.9029235839844,401.29998779296875,402.8999938964844,394.5,398.8999938964844,1228520
2015-05-04,275.42791748046875,396.29998779296875,405.1000061035156,384.25,405.1000061035156,1385449
2015-05-05,271.7444763183594,391.0,399.6499938964844,387.0,398.0,664628
2015-05-06,268.199951171875,385.8999938964844,398.0,375.75,392.0,1708594
2015-05-07,256.7672424316406,369.45001220703125,388.79998779296875,364.3999938964844,378.54998779296875,2471178
2015-05-08,269.7984619140625,388.20001220703125,393.70001220703125,374.0,376.0,1301327
2015-05-11,271.1537170410156,390.1499938964844,395.3999938964844,381.29998779296875,395.3999938964844,2695463
2015-05-12,267.2269592285156,384.5,391.95001220703125,382.45001220703125,388.0,2095784
2015-05-13,272.5436706542969,392.1499938964844,405.45001220703125,387.20001220703125,390.0,5765458
2015-05-14,278.7987060546875,401.1499938964844,405.0,388.75,392.1499938964844,6007048
2015-05-15,284.9494934082031,410.0,415.1499938964844,401.0,404.29998779296875,3815210
2015-05-18,290.5093994140625,418.0,419.0,412.1499938964844,417.79998779296875,3231749
2015-05-19,298.9884338378906,430.20001220703125,441.75,415.75,415.75,3265200
2015-05-20,311.84588623046875,448.70001220703125,473.0,432.1000061035156,433.54998779296875,6387911
2015-05-21,301.69891357421875,434.1000061035156,447.95001220703125,431.0,445.54998779296875,2546070
2015-05-22,301.6641845703125,434.04998779296875,438.3999938964844,421.29998779296875,436.8999938964844,1801813
2015-05-25,313.2358703613281,450.70001220703125,459.45001220703125,426.1000061035156,434.6000061035156,2468857
2015-05-26,321.08935546875,462.0,490.6000061035156,445.1000061035156,448.79998779296875,6941574
2015-05-27,304.3051452636719,437.8500061035156,455.95001220703125,425.5,450.0,3299963
2015-05-28,306.32061767578125,440.75,451.0,418.6499938964844,436.1000061035156,5983896
2015-05-29,332.8000793457031,478.8500061035156,487.70001220703125,436.0,440.0,49323892
2015-06-01,327.6571044921875,471.45001220703125,474.8999938964844,437.6499938964844,462.1000061035156,7329572
2015-06-02,315.3903503417969,453.79998779296875,474.0,445.3999938964844,465.1000061035156,2758029
2015-06-03,294.6446838378906,423.95001220703125,454.1000061035156,414.04998779296875,454.0,2216493
2015-06-04,302.46337890625,435.20001220703125,441.0,416.29998779296875,424.0,1884624
2015-06-05,310.73394775390625,447.1000061035156,450.6000061035156,421.54998779296875,428.20001220703125,3604579
2015-06-08,311.3941345214844,448.04998779296875,452.70001220703125,435.0,442.1000061035156,943253
2015-06-09,311.3594055175781,448.0,457.0,441.25,453.29998779296875,2181492
2015-06-10,308.0928649902344,443.29998779296875,464.20001220703125,433.0,451.79998779296875,1762375
2015-06-11,317.4058837890625,456.70001220703125,474.0,447.0,448.54998779296875,2065007
2015-06-12,306.702880859375,441.29998779296875,456.0,436.3999938964844,456.0,1097347
2015-06-15,316.2591552734375,455.04998779296875,461.8500061035156,435.0,441.70001220703125,962829
2015-06-16,320.6723327636719,461.3999938964844,470.79998779296875,451.25,460.20001220703125,1425010
2015-06-17,328.90814208984375,473.25,475.0,458.0,464.0,1412704
2015-06-18,316.8846130371094,455.95001220703125,469.6000061035156,450.29998779296875,469.6000061035156,2133088
2015-06-19,323.9040832519531,466.04998779296875,475.0,456.1000061035156,461.29998779296875,1964630
2015-06-22,335.19781494140625,482.29998779296875,486.8999938964844,458.0,470.0,1831179
2015-06-23,333.9120788574219,480.45001220703125,484.6000061035156,472.1000061035156,481.6000061035156,1281923
2015-06-24,322.0275573730469,463.3500061035156,478.45001220703125,461.1499938964844,475.0,2196658
2015-06-25,318.9696350097656,458.95001220703125,471.75,452.25,458.3500061035156,1639161
2015-06-26,302.8804016113281,435.79998779296875,458.8999938964844,433.0,456.29998779296875,1393353
2015-06-29,312.679931640625,449.8999938964844,458.45001220703125,422.1000061035156,431.70001220703125,1385228
2015-06-30,310.66436767578125,447.0,459.95001220703125,441.25,456.79998779296875,2153742
2015-07-01,306.4596862792969,440.95001220703125,453.70001220703125,439.75,453.70001220703125,763849
2015-07-02,333.4951171875,479.8500061035156,485.0,444.1000061035156,448.0,1743154
2015-07-03,322.82684326171875,464.5,474.5,456.04998779296875,474.5,990766
2015-07-06,312.85357666015625,450.1499938964844,460.0,446.45001220703125,460.0,1204695
2015-07-07,303.401611328125,436.54998779296875,458.0,434.70001220703125,445.0,2216795
2015-07-08,312.9578552246094,450.29998779296875,453.75,435.5,436.0,1901206
2015-07-09,308.0234069824219,443.20001220703125,453.70001220703125,438.5,453.70001220703125,2607324
2015-07-10,304.0966796875,437.54998779296875,446.70001220703125,434.0,446.70001220703125,1537007
2015-07-13,305.1391296386719,439.04998779296875,444.70001220703125,435.04998779296875,442.0,469796
2015-07-14,311.32464599609375,447.95001220703125,449.3999938964844,436.20001220703125,442.8500061035156,1068137
2015-07-15,310.9075927734375,447.3500061035156,450.0,442.95001220703125,448.0,769237
2015-07-16,315.1471252441406,453.45001220703125,461.95001220703125,441.20001220703125,449.54998779296875,999809
2015-07-17,327.1011047363281,470.6499938964844,476.3999938964844,455.3500061035156,459.45001220703125,1416033
2015-07-20,320.3248596191406,460.8999938964844,470.0,454.5,470.0,802053
2015-07-21,311.880615234375,448.75,464.8999938964844,437.8999938964844,464.8999938964844,1480502
2015-07-22,318.4483947753906,458.20001220703125,463.29998779296875,450.1000061035156,454.8999938964844,707694
2015-07-23,313.5834045410156,451.20001220703125,468.70001220703125,445.0,466.29998779296875,906640
2015-07-24,291.8299255371094,419.8999938964844,455.45001220703125,408.1000061035156,455.45001220703125,2302847
2015-07-27,296.38214111328125,426.45001220703125,434.1499938964844,419.8999938964844,423.04998779296875,2583515
2015-07-28,302.1506652832031,434.75,448.3500061035156,426.04998779296875,426.04998779296875,1508760
2015-07-29,307.8844299316406,443.0,448.54998779296875,437.1000061035156,439.0,2097171
2015-07-30,308.3014221191406,443.6000061035156,449.0,438.04998779296875,444.29998779296875,1753496
2015-07-31,311.1160888671875,447.6499938964844,464.0,443.70001220703125,443.70001220703125,1885259
2015-08-03,334.8121643066406,474.75,479.79998779296875,447.6499938964844,448.8999938964844,2894315
2015-08-04,339.0083312988281,480.70001220703125,496.70001220703125,472.79998779296875,478.79998779296875,2493858
2015-08-05,328.5707702636719,465.8999938964844,499.6499938964844,460.1499938964844,483.0,1384919
2015-08-06,319.0500793457031,452.3999938964844,465.79998779296875,450.1499938964844,461.0,1844075
2015-08-07,307.6957092285156,436.29998779296875,460.8999938964844,430.04998779296875,453.95001220703125,2354267
2015-08-10,312.87921142578125,443.6499938964844,454.70001220703125,437.0,438.20001220703125,2284248
2015-08-11,310.2698059082031,439.95001220703125,447.1499938964844,436.0,442.1000061035156,1600222
2015-08-12,309.5998840332031,439.0,444.3500061035156,435.1000061035156,442.45001220703125,837786
2015-08-13,304.8395080566406,432.25,440.95001220703125,430.45001220703125,437.0,929098
2015-08-14,289.2184753417969,410.1000061035156,430.0,402.0,430.0,2248575
2015-08-17,296.0945129394531,419.8500061035156,422.3500061035156,407.5,413.3999938964844,1046107
2015-08-18,293.3088684082031,415.8999938964844,422.0,413.0,422.0,1458538
2015-08-19,286.36224365234375,406.04998779296875,418.8999938964844,399.0,418.8999938964844,1049220
2015-08-20,284.3170471191406,403.1499938964844,415.0,388.04998779296875,406.04998779296875,3859556
2015-08-21,284.10552978515625,402.8500061035156,419.79998779296875,400.0,401.0,812612
2015-08-24,265.4166259765625,376.3500061035156,398.0,366.20001220703125,398.0,1667702
2015-08-25,283.99969482421875,402.70001220703125,427.25,377.20001220703125,377.20001220703125,2292969
2015-08-26,272.96270751953125,387.04998779296875,402.3999938964844,384.95001220703125,394.79998779296875,1665838
2015-08-27,276.17156982421875,391.6000061035156,403.45001220703125,388.45001220703125,392.0,1479740
2015-08-28,275.5015563964844,390.6499938964844,398.5,384.0,396.0,1667970
2015-08-31,281.9192199707031,399.75,436.0,390.20001220703125,392.8999938964844,3395039
2015-09-01,284.28179931640625,403.1000061035156,429.0,398.8500061035156,400.0,3469193
2015-09-02,279.4508972167969,396.25,419.79998779296875,393.95001220703125,410.0,2487017
2015-09-03,285.6570129394531,405.04998779296875,423.8999938964844,399.0,400.79998779296875,8191537
2015-09-04,287.4200439453125,407.54998779296875,413.45001220703125,402.25,411.0,1206867
2015-09-07,285.58648681640625,404.95001220703125,414.3999938964844,400.25,411.95001220703125,839470
2015-09-08,280.68505859375,398.0,412.79998779296875,395.0,404.04998779296875,546519
2015-09-09,287.4200439453125,407.54998779296875,409.0,402.1499938964844,402.1499938964844,1384674
2015-09-10,275.88946533203125,391.20001220703125,407.3999938964844,386.25,406.6000061035156,822857
2015-09-11,264.1119384765625,374.5,398.75,370.1000061035156,397.8500061035156,2691262
2015-09-14,280.755615234375,398.1000061035156,400.0,376.6499938964844,382.0,2728038
2015-09-15,274.4436950683594,389.1499938964844,400.0,382.04998779296875,400.0,1791446
2015-09-16,267.92022705078125,379.8999938964844,392.0,377.5,388.79998779296875,1161894
2015-09-18,275.7836608886719,391.04998779296875,394.0,381.25,384.3999938964844,1665768
2015-09-21,283.1886291503906,401.54998779296875,404.29998779296875,386.29998779296875,386.29998779296875,1168980
2015-09-22,292.7799377441406,415.1499938964844,418.0,399.6000061035156,401.0,2773004
2015-09-23,278.00518798828125,394.20001220703125,411.6000061035156,390.29998779296875,409.79998779296875,764540
2015-09-24,279.0982971191406,395.75,405.04998779296875,392.1000061035156,402.04998779296875,1915621
2015-09-28,265.9102783203125,377.04998779296875,400.20001220703125,362.75,399.0,1988414
2015-09-29,252.19345092773438,357.6000061035156,377.0,341.3500061035156,374.70001220703125,5933628
2015-09-30,250.50086975097656,355.20001220703125,366.70001220703125,350.04998779296875,356.5,5239314
2015-10-01,280.2619323730469,397.3999938964844,402.6000061035156,360.0,363.0,4290092
2015-10-05,289.253662109375,410.1499938964844,426.0,397.45001220703125,399.6499938964844,4108959
2015-10-06,300.8196716308594,426.54998779296875,430.70001220703125,413.45001220703125,414.54998779296875,2591448
2015-10-07,303.81695556640625,430.79998779296875,436.75,419.75,423.0,2151696
2015-10-08,289.1831970214844,410.04998779296875,430.0,402.45001220703125,424.0,1896560
2015-10-09,284.3875732421875,403.25,414.95001220703125,393.5,414.8500061035156,3070800
2015-10-12,272.43377685546875,386.29998779296875,407.79998779296875,384.3999938964844,405.75,1623422
2015-10-13,281.2139892578125,398.75,401.1499938964844,375.75,385.0,2751120
2015-10-14,287.772705078125,408.04998779296875,413.29998779296875,393.5,401.0,1769019
2015-10-15,281.67242431640625,399.3999938964844,412.0,395.70001220703125,409.8500061035156,1281719
2015-10-16,283.1181335449219,401.45001220703125,412.0,400.0,400.0,862437
2015-10-19,292.49786376953125,414.75,416.3500061035156,397.45001220703125,398.1000061035156,1053170
2015-10-20,286.5032958984375,406.25,420.79998779296875,402.0,418.79998779296875,1210060
2015-10-21,288.7247619628906,409.3999938964844,414.1499938964844,403.8500061035156,409.0,941977
2015-10-23,274.1263732910156,388.70001220703125,414.0,385.1000061035156,413.6000061035156,2801512
2015-10-26,267.95550537109375,379.95001220703125,391.75,378.75,390.0,3704144
2015-10-27,272.6100769042969,386.54998779296875,389.75,375.0,377.8999938964844,1794442
2015-10-28,275.6073303222656,390.79998779296875,393.8999938964844,382.1000061035156,382.1000061035156,2740936
2015-10-29,271.97540283203125,385.6499938964844,392.3500061035156,383.5,390.29998779296875,3062328
2015-10-30,274.30267333984375,388.95001220703125,393.8500061035156,386.3999938964844,387.20001220703125,936263
2015-11-02,273.17425537109375,387.3500061035156,398.0,384.3999938964844,389.8999938964844,1342210
2015-11-03,271.8695983886719,385.5,392.6499938964844,382.20001220703125,385.5,1413587
2015-11-04,267.743896484375,379.6499938964844,390.20001220703125,374.6499938964844,386.8999938964844,3477526
2015-11-05,264.60565185546875,375.20001220703125,384.70001220703125,374.0,375.54998779296875,2333088
2015-11-06,267.32080078125,379.04998779296875,381.6499938964844,368.3999938964844,372.29998779296875,1246267
2015-11-09,268.48443603515625,380.70001220703125,384.5,366.95001220703125,371.0,854065
2015-11-10,268.4139099121094,380.6000061035156,384.0,373.0,375.1499938964844,1527057
2015-11-13,265.5929870605469,376.6000061035156,386.5,375.1000061035156,379.6499938964844,1643481
2015-11-16,259.9862976074219,368.6499938964844,378.95001220703125,367.0,378.0,765715
2015-11-17,271.5169982910156,385.0,387.0,371.25,373.0,1590252
2015-11-18,274.02056884765625,388.54998779296875,394.3999938964844,382.79998779296875,385.5,1239629
2015-11-19,277.44097900390625,393.3999938964844,394.29998779296875,383.70001220703125,389.1499938964844,1567652
2015-11-20,271.5169982910156,385.0,394.3999938964844,383.29998779296875,393.8500061035156,745085
2015-11-23,268.51971435546875,380.75,391.6499938964844,379.75,385.45001220703125,874396
2015-11-24,265.8750915527344,377.0,383.3999938964844,375.6499938964844,380.75,1058472
2015-11-26,282.8360900878906,401.04998779296875,411.20001220703125,380.0,381.0,3576479
2015-11-27,281.1434631347656,398.6499938964844,408.0,396.8999938964844,403.3999938964844,2802400
2015-11-30,273.5974426269531,387.95001220703125,396.8999938964844,379.1000061035156,395.1000061035156,2968670
2015-12-01,275.7131042480469,390.95001220703125,394.1000061035156,385.04998779296875,388.75,2582132
2015-12-02,282.7655334472656,400.95001220703125,404.0,388.5,393.29998779296875,2339419
2015-12-03,275.9599609375,391.29998779296875,399.0,387.8999938964844,399.0,1192888
2015-12-04,279.48614501953125,396.29998779296875,401.8999938964844,388.0,390.0,1221273
2015-12-07,284.7402038574219,403.75,406.8999938964844,398.3500061035156,403.8999938964844,852688
2015-12-08,284.1407470703125,402.8999938964844,409.0,397.5,400.0,2734836
2015-12-09,280.08563232421875,397.1499938964844,404.70001220703125,393.29998779296875,404.0,3514687
2015-12-10,282.0249938964844,399.8999938964844,402.25,395.20001220703125,400.79998779296875,1431269
2015-12-11,275.9952392578125,391.3500061035156,400.79998779296875,388.25,400.1000061035156,1540921
2015-12-14,275.1136474609375,390.1000061035156,394.0,385.8500061035156,394.0,1094654
2015-12-15,274.40850830078125,389.1000061035156,393.45001220703125,387.79998779296875,391.04998779296875,1416069
2015-12-16,275.0079345703125,389.95001220703125,392.0,388.0,390.0,1362116
2015-12-17,276.4536437988281,392.0,400.0,388.5,390.0,1060585
2015-12-18,280.931884765625,398.3500061035156,404.5,392.0,392.0,2017434
2015-12-21,282.2013244628906,400.1499938964844,401.95001220703125,393.29998779296875,395.0,1745319
2015-12-22,282.5892333984375,400.70001220703125,404.3500061035156,397.6000061035156,400.0,1854441
2015-12-23,294.5430603027344,417.6499938964844,420.0,399.70001220703125,404.8999938964844,1881454
2015-12-24,292.21575927734375,414.3500061035156,423.8500061035156,411.54998779296875,419.04998779296875,1350737
2015-12-28,295.63616943359375,419.20001220703125,422.75,412.0,412.1000061035156,639043
2015-12-29,292.7799377441406,415.1499938964844,417.29998779296875,412.29998779296875,415.0,707962
2015-12-30,301.3485412597656,427.29998779296875,436.5,415.5,415.5,1415398
2015-12-31,301.9128112792969,428.1000061035156,434.8999938964844,423.1000061035156,428.0,1328803
2016-01-01,301.1722717285156,427.04998779296875,428.04998779296875,421.5,428.0,162098
2016-01-04,303.2879943847656,430.04998779296875,433.6000061035156,420.04998779296875,427.04998779296875,742792
2016-01-05,297.0466613769531,421.20001220703125,434.0,418.1499938964844,431.0,1439356
2016-01-06,289.4300231933594,410.3999938964844,426.1000061035156,409.0,421.3500061035156,2759344
2016-01-07,281.81341552734375,399.6000061035156,414.1499938964844,397.25,410.3999938964844,1905084
2016-01-08,282.23663330078125,400.20001220703125,411.8999938964844,394.6499938964844,399.75,2344607
2016-01-11,278.6045837402344,395.04998779296875,402.3999938964844,386.54998779296875,396.20001220703125,1279479
2016-01-12,278.7456970214844,395.25,399.04998779296875,385.29998779296875,395.3500061035156,2959353
2016-01-13,280.5440368652344,397.79998779296875,405.8999938964844,395.1000061035156,400.45001220703125,826077
2016-01-14,278.7456970214844,395.25,398.25,385.0,391.0,1472276
2016-01-15,273.8089904785156,388.25,397.8999938964844,385.75,395.20001220703125,1464603
2016-01-18,267.708740234375,379.6000061035156,390.3999938964844,362.54998779296875,388.0,1651128
2016-01-19,263.8651123046875,374.1499938964844,378.6499938964844,370.0,370.04998779296875,1254181
2016-01-20,249.44302368164062,353.70001220703125,374.8999938964844,349.75,372.29998779296875,1908783
2016-01-21,255.684326171875,362.54998779296875,370.04998779296875,353.5,356.25,2866505
2016-01-22,255.7548828125,362.6499938964844,366.75,354.0,363.04998779296875,2732744
2016-01-25,258.99896240234375,367.25,376.04998779296875,364.5,365.5,2164750
2016-01-27,269.8948974609375,382.70001220703125,389.1000061035156,366.79998779296875,368.0,3239841
2016-01-28,260.4800109863281,369.3500061035156,377.8999938964844,360.8500061035156,374.0,4207840
2016-01-29,254.73228454589844,361.20001220703125,370.0,359.1000061035156,370.0,1300271
2016-02-01,260.6915588378906,369.6499938964844,372.3999938964844,345.20001220703125,367.70001220703125,1962826
2016-02-02,259.10479736328125,367.3999938964844,376.95001220703125,362.8500061035156,376.20001220703125,1087146
2016-02-03,251.20611572265625,356.20001220703125,369.75,354.20001220703125,363.1000061035156,2146952
2016-02-04,251.20611572265625,356.20001220703125,361.5,355.04998779296875,360.29998779296875,1625492
2016-02-05,256.5306396484375,363.75,366.70001220703125,355.25,356.04998779296875,1427745
2016-02-08,258.434814453125,366.45001220703125,369.6000061035156,360.04998779296875,364.0,534678
2016-02-09,252.1581268310547,357.54998779296875,364.79998779296875,356.0,362.0,1131379
2016-02-10,250.07772827148438,354.6000061035156,362.6499938964844,350.0,357.0,1216081
2016-02-11,251.06504821777344,356.0,370.0,352.5,352.5,929625
2016-02-12,270.8822326660156,384.1000061035156,390.8999938964844,358.5,360.0,2745053
2016-02-15,273.6326904296875,388.0,392.6000061035156,380.3999938964844,385.0,1314081
2016-02-16,255.82540893554688,362.75,393.8999938964844,356.0,386.20001220703125,2279719
2016-02-17,248.66725158691406,352.6000061035156,366.79998779296875,349.3999938964844,366.79998779296875,2659608
2016-02-18,256.6012268066406,363.8500061035156,366.0,358.04998779296875,358.3999938964844,2006304
2016-02-19,262.1372985839844,371.70001220703125,375.3500061035156,359.54998779296875,366.6000061035156,2089018
2016-02-22,264.71142578125,375.3500061035156,377.1000061035156,368.0,376.0,1561365
2016-02-23,265.4166259765625,376.3500061035156,385.5,372.20001220703125,382.79998779296875,1395396
2016-02-24,253.7449493408203,359.79998779296875,378.5,358.29998779296875,378.5,2050608
2016-02-25,254.59124755859375,361.0,364.6499938964844,352.95001220703125,359.6000061035156,2039219
2016-02-26,257.306396484375,364.8500061035156,368.0,360.54998779296875,364.04998779296875,2143674
2016-02-29,251.59397888183594,356.75,374.6000061035156,353.70001220703125,364.8999938964844,8433496
2016-03-01,264.1824951171875,374.6000061035156,375.54998779296875,352.20001220703125,352.20001220703125,1928945
2016-03-02,259.56317138671875,368.04998779296875,381.5,363.1000061035156,379.29998779296875,2380021
2016-03-03,259.8805236816406,368.5,374.3999938964844,363.54998779296875,369.0,3723356
2016-03-04,261.9962463378906,371.5,373.20001220703125,366.95001220703125,368.3999938964844,1098458
2016-03-08,267.03875732421875,378.6499938964844,380.6000061035156,368.1000061035156,369.0,3842695
2016-03-09,267.6028747558594,379.45001220703125,380.79998779296875,371.45001220703125,377.6000061035156,731172
2016-03-10,266.7918701171875,378.29998779296875,380.8999938964844,375.3500061035156,379.0,604062
2016-03-11,266.6860656738281,378.1499938964844,382.20001220703125,373.1000061035156,375.5,1254444
2016-03-14,268.378662109375,380.54998779296875,382.3999938964844,376.1000061035156,376.1000061035156,839168
2016-03-15,259.9157409667969,368.54998779296875,378.6000061035156,366.20001220703125,378.6000061035156,647442
2016-03-16,258.9637451171875,367.20001220703125,370.79998779296875,358.5,366.3999938964844,2103946
2016-03-17,260.726806640625,369.70001220703125,373.8999938964844,365.75,370.8999938964844,1523453
2016-03-18,268.4491882324219,380.6499938964844,382.8999938964844,367.45001220703125,367.45001220703125,1931582
2016-03-21,272.2574768066406,386.04998779296875,391.8999938964844,376.75,382.70001220703125,1581087
2016-03-22,275.6426086425781,390.8500061035156,394.0,379.25,389.3999938964844,1176522
2016-03-23,271.3053894042969,384.70001220703125,392.1499938964844,381.3500061035156,390.8500061035156,1153017
2016-03-28,263.3362731933594,373.3999938964844,385.54998779296875,368.70001220703125,385.0,1536942
2016-03-29,273.1390075683594,387.29998779296875,390.0,366.1499938964844,375.6000061035156,1317416
2016-03-30,264.6761169433594,375.29998779296875,393.0,372.6499938964844,389.1499938964844,2624634
2016-03-31,269.3659973144531,381.95001220703125,392.0,368.1000061035156,375.95001220703125,6628368
2016-04-01,271.9401550292969,385.6000061035156,392.1000061035156,376.20001220703125,380.8999938964844,1668173
2016-04-04,269.4364929199219,382.04998779296875,387.8999938964844,374.5,385.95001220703125,1295034
2016-04-05,264.1119384765625,374.5,382.95001220703125,371.54998779296875,382.04998779296875,1218017
2016-04-06,261.89044189453125,371.3500061035156,378.0,370.0,378.0,937244
2016-04-07,262.98358154296875,372.8999938964844,374.25,367.6499938964844,372.6000061035156,830826
2016-04-08,260.62103271484375,369.54998779296875,371.8999938964844,366.3999938964844,371.20001220703125,388367
2016-04-11,268.94287109375,381.3500061035156,384.3999938964844,368.0,369.95001220703125,956538
2016-04-12,271.3406677246094,384.75,386.79998779296875,375.1000061035156,381.8999938964844,1327927
2016-04-13,272.0106506347656,385.70001220703125,400.0,382.70001220703125,384.8999938964844,1559006
2016-04-18,279.83880615234375,396.79998779296875,410.0,391.70001220703125,391.70001220703125,3098537
2016-04-20,272.4690856933594,386.3500061035156,397.29998779296875,383.6499938964844,397.29998779296875,2138470
2016-04-21,262.2430725097656,371.8500061035156,390.70001220703125,369.6000061035156,390.0,2547148
2016-04-22,262.1372985839844,371.70001220703125,377.95001220703125,370.04998779296875,377.79998779296875,2181515
2016-04-25,258.6816101074219,366.79998779296875,377.20001220703125,363.95001220703125,374.0,1512196
2016-04-26,256.0369873046875,363.04998779296875,372.70001220703125,361.5,372.70001220703125,4180713
2016-04-27,264.9582214355469,375.70001220703125,377.95001220703125,372.04998779296875,375.0,5569018
2016-04-28,261.5730895996094,370.8999938964844,380.8999938964844,370.0,376.1000061035156,4845442
2016-04-29,264.4293518066406,374.95001220703125,376.3999938964844,366.04998779296875,371.3999938964844,1797296
2016-05-02,264.9229736328125,375.6499938964844,378.0,370.75,375.0,513888
2016-05-03,270.5648498535156,383.6499938964844,387.79998779296875,378.20001220703125,378.20001220703125,1588271
2016-05-04,263.90045166015625,374.20001220703125,383.95001220703125,373.04998779296875,381.1000061035156,1163890
2016-05-05,260.3036804199219,369.1000061035156,375.8500061035156,367.3500061035156,375.0,2886701
2016-05-06,260.9736328125,370.04998779296875,374.75,368.1000061035156,369.3999938964844,1838871
2016-05-09,265.80450439453125,376.8999938964844,379.5,369.29998779296875,370.04998779296875,1087492
2016-05-10,267.14447021484375,378.79998779296875,380.6499938964844,373.0,378.6000061035156,1433203
2016-05-11,261.64361572265625,371.0,376.0,368.3999938964844,375.0,1132201
2016-05-12,262.41937255859375,372.1000061035156,375.70001220703125,369.6000061035156,374.70001220703125,1347788
2016-05-13,264.3940124511719,374.8999938964844,376.0,364.6499938964844,369.6000061035156,1507078
2016-05-16,271.6580505371094,385.20001220703125,387.79998779296875,373.6000061035156,377.0,1076670
2016-05-17,272.50433349609375,386.3999938964844,391.8999938964844,383.5,387.70001220703125,1156625
2016-05-18,270.1770324707031,383.1000061035156,385.0,378.29998779296875,385.0,672355
2016-05-19,271.1643371582031,384.5,387.0,374.79998779296875,383.0,1653311
2016-05-20,266.262939453125,377.54998779296875,387.70001220703125,375.70001220703125,386.70001220703125,1324905
2016-05-23,270.4591064453125,383.5,387.75,375.6000061035156,378.0,1258672
2016-05-24,270.8822326660156,384.1000061035156,386.5,381.04998779296875,383.5,1438075
2016-05-25,278.46356201171875,394.8500061035156,397.0,386.1499938964844,388.5,2233412
2016-05-26,275.1489562988281,390.1499938964844,395.95001220703125,386.1000061035156,394.95001220703125,3683479
2016-05-27,272.8216857910156,386.8500061035156,391.6499938964844,385.1000061035156,388.1499938964844,1512986
2016-05-30,272.2574768066406,386.04998779296875,392.0,384.5,387.79998779296875,974484
2016-05-31,264.147216796875,374.54998779296875,386.8999938964844,372.29998779296875,385.0,3047490
2016-06-01,271.4816589355469,384.95001220703125,386.0,374.6000061035156,374.8999938964844,1603029
2016-06-02,268.9075927734375,381.29998779296875,386.6499938964844,378.6499938964844,385.54998779296875,888020
2016-06-03,271.1996154785156,384.54998779296875,385.5,377.6000061035156,383.0,1858470
2016-06-06,265.06402587890625,375.8500061035156,384.75,375.1000061035156,384.75,1943252
2016-06-07,263.90045166015625,374.20001220703125,377.79998779296875,373.0,377.79998779296875,1955783
2016-06-08,265.13458251953125,375.95001220703125,379.95001220703125,374.95001220703125,374.95001220703125,1647606
2016-06-09,264.25299072265625,374.70001220703125,378.70001220703125,373.54998779296875,378.3999938964844,1857655
2016-06-10,264.1119384765625,374.5,379.0,371.20001220703125,374.5,2062903
2016-06-13,266.756591796875,378.25,380.45001220703125,372.70001220703125,375.0,2936316
2016-06-14,268.5549621582031,380.79998779296875,385.0,378.0,382.8999938964844,3750421
2016-06-15,257.4826965332031,365.1000061035156,378.70001220703125,363.20001220703125,376.70001220703125,3083612
2016-06-16,245.56417846679688,348.20001220703125,366.3999938964844,344.0,364.25,7619615
2016-06-17,238.82916259765625,338.6499938964844,350.54998779296875,334.20001220703125,349.0,6119718
2016-06-20,240.2396240234375,340.6499938964844,342.0,331.1000061035156,340.0,3441679
2016-06-21,245.4231719970703,348.0,351.5,339.1000061035156,341.1000061035156,4380623
2016-06-22,239.0759735107422,339.0,349.70001220703125,335.25,348.0,3902447
2016-06-23,227.08692932128906,322.0,337.8500061035156,320.6000061035156,337.20001220703125,8151254
2016-06-24,229.0263214111328,324.75,326.45001220703125,301.5,315.0,3220531
2016-06-27,231.071533203125,327.6499938964844,328.95001220703125,321.0,321.29998779296875,2131020
2016-06-28,238.7585906982422,338.54998779296875,340.79998779296875,329.1499938964844,330.0,2636717
2016-06-29,242.5669403076172,343.95001220703125,346.04998779296875,339.45001220703125,341.79998779296875,4078375
2016-06-30,243.3426513671875,345.04998779296875,347.6000061035156,340.70001220703125,343.95001220703125,3240202
2016-07-01,246.9746856689453,350.20001220703125,353.29998779296875,345.1000061035156,345.1000061035156,1729211
2016-07-04,250.57138061523438,355.29998779296875,358.6000061035156,351.1000061035156,354.79998779296875,1610426
2016-07-05,252.68707275390625,358.29998779296875,360.6499938964844,353.3999938964844,358.79998779296875,2132580
2016-07-07,247.50357055664062,350.95001220703125,358.75,349.1000061035156,357.0,1761615
2016-07-08,243.1663818359375,344.79998779296875,350.79998779296875,340.25,350.0,1959699
2016-07-11,247.99720764160156,351.6499938964844,353.04998779296875,347.29998779296875,349.79998779296875,1540886
2016-07-12,247.04515075683594,350.29998779296875,358.79998779296875,349.0,353.8500061035156,1710174
2016-07-13,248.73773193359375,352.70001220703125,353.54998779296875,343.75,352.6000061035156,1137492
2016-07-14,248.94931030273438,353.0,354.3999938964844,349.45001220703125,351.75,1156677
2016-07-15,249.16090393066406,353.29998779296875,358.0,349.54998779296875,354.45001220703125,1542062
2016-07-18,252.2286834716797,357.6499938964844,359.3500061035156,350.95001220703125,353.0,1133441
2016-07-19,251.6291961669922,356.79998779296875,363.45001220703125,352.0,357.3999938964844,1768022
2016-07-20,250.28927612304688,354.8999938964844,361.0,353.1000061035156,356.79998779296875,1580433
2016-07-21,248.66725158691406,352.6000061035156,355.70001220703125,352.0,355.3999938964844,766068
2016-07-22,255.1553955078125,361.79998779296875,363.95001220703125,350.8999938964844,352.6000061035156,1027883
2016-07-25,258.1174011230469,366.0,371.45001220703125,362.20001220703125,362.6499938964844,1115580
2016-07-26,256.2837829589844,363.3999938964844,371.8999938964844,360.5,366.5,1427705
2016-07-27,268.378662109375,380.54998779296875,383.0,361.95001220703125,368.0,2649643
2016-07-28,282.0955505371094,400.0,413.70001220703125,380.45001220703125,381.1000061035156,4249348
2016-07-29,278.8514099121094,395.3999938964844,402.0,392.04998779296875,400.6000061035156,1137050
2016-08-01,279.4156799316406,396.20001220703125,408.5,394.1499938964844,396.70001220703125,2200406
2016-08-02,273.4211120605469,387.70001220703125,406.29998779296875,386.54998779296875,399.95001220703125,2649418
2016-08-03,279.20404052734375,395.8999938964844,399.0,388.0,388.3999938964844,1256722
2016-08-04,276.91204833984375,392.6499938964844,396.79998779296875,388.0,396.0,2785908
2016-08-05,274.51422119140625,389.25,397.0,388.1000061035156,390.0,2020303
2016-08-08,269.0486145019531,381.5,394.95001220703125,379.25,391.95001220703125,1152412
2016-08-09,273.63348388671875,384.95001220703125,388.0,376.70001220703125,380.70001220703125,2240139
2016-08-10,268.9420166015625,378.3500061035156,386.0,376.0,384.0,1009414
2016-08-11,261.5849609375,368.0,378.70001220703125,365.25,378.29998779296875,1128123
2016-08-12,260.2343444824219,366.1000061035156,374.04998779296875,361.5,368.70001220703125,1029376
2016-08-16,248.82554626464844,350.04998779296875,370.79998779296875,342.29998779296875,368.04998779296875,4412401
2016-08-17,247.86598205566406,348.70001220703125,353.1499938964844,345.54998779296875,353.0,2556095
2016-08-18,247.26174926757812,347.8500061035156,352.0,344.20001220703125,352.0,1625259
2016-08-19,243.35215759277344,342.3500061035156,349.0,339.25,349.0,2427693
2016-08-22,241.4684600830078,339.70001220703125,347.8500061035156,338.3999938964844,346.0,2945778
2016-08-23,246.0889129638672,346.20001220703125,347.75,337.29998779296875,337.29998779296875,2189366
2016-08-24,246.40875244140625,346.6499938964844,349.45001220703125,342.54998779296875,346.0,943469
2016-08-25,241.2197265625,339.3500061035156,348.29998779296875,338.0,347.5,1160464
2016-08-26,246.55091857910156,346.8500061035156,349.0,341.0,341.0,1664446
2016-08-29,240.29562377929688,338.04998779296875,348.0,336.25,348.0,824483
2016-08-30,245.34249877929688,345.1499938964844,346.70001220703125,336.1000061035156,338.95001220703125,1424732
2016-08-31,249.32315063476562,350.75,353.25,344.3999938964844,345.0,1824862
2016-09-01,244.34732055664062,343.75,357.1000061035156,341.6499938964844,347.5,1279911
2016-09-02,244.31179809570312,343.70001220703125,350.95001220703125,340.1499938964844,344.8500061035156,1944767
2016-09-06,246.79971313476562,347.20001220703125,348.3500061035156,338.3999938964844,343.70001220703125,768989
2016-09-07,248.32798767089844,349.3500061035156,351.75,344.3500061035156,347.8999938964844,1189628
2016-09-08,254.19232177734375,357.6000061035156,361.5,349.3500061035156,349.3500061035156,1352844
2016-09-09,249.71409606933594,351.29998779296875,364.1499938964844,349.25,360.70001220703125,973739
2016-09-12,244.02745056152344,343.29998779296875,347.8500061035156,341.0,347.8500061035156,1069599
2016-09-14,243.52992248535156,342.6000061035156,348.29998779296875,340.0,340.0,1748146
2016-09-15,245.0581512451172,344.75,347.75,341.0,344.0,1472694
2016-09-16,249.89175415039062,351.54998779296875,354.8500061035156,345.8500061035156,345.95001220703125,2705753
2016-09-19,247.90150451660156,348.75,351.54998779296875,345.29998779296875,348.6000061035156,1306652
2016-09-20,253.0194549560547,355.95001220703125,359.3500061035156,345.45001220703125,349.8999938964844,2102455
2016-09-21,264.8902893066406,372.6499938964844,375.79998779296875,355.1000061035156,355.1000061035156,3491757
2016-09-22,266.63177490234375,375.1000061035156,387.79998779296875,371.20001220703125,378.0,3252622
2016-09-23,263.4686279296875,370.6499938964844,382.95001220703125,368.6499938964844,375.0,2201774
2016-09-26,259.7012634277344,365.3500061035156,370.8999938964844,363.29998779296875,368.29998779296875,1611661
2016-09-27,254.83203125,358.5,370.25,354.70001220703125,364.8999938964844,1615207
2016-09-28,257.8886413574219,362.79998779296875,367.0,355.54998779296875,357.0,1316601
2016-09-29,263.9661865234375,371.3500061035156,375.79998779296875,360.0,363.29998779296875,2818900
2016-09-30,259.6656799316406,365.29998779296875,373.79998779296875,361.29998779296875,373.29998779296875,3708103
2016-10-03,257.85308837890625,362.75,369.0,357.1000061035156,369.0,1705477
2016-10-04,262.4379577636719,369.20001220703125,372.0,361.25,366.70001220703125,2454810
2016-10-05,267.4492492675781,376.25,378.79998779296875,364.6499938964844,370.0,1198100
2016-10-06,271.0389404296875,381.29998779296875,384.95001220703125,378.3999938964844,380.45001220703125,1483313
2016-10-07,263.6463317871094,370.8999938964844,382.95001220703125,369.54998779296875,382.95001220703125,482329
2016-10-10,268.3022766113281,377.45001220703125,379.0,369.79998779296875,375.0,679980
2016-10-13,266.0986633300781,374.3500061035156,375.3999938964844,369.1000061035156,373.04998779296875,999257
2016-10-14,259.5946044921875,365.20001220703125,380.20001220703125,363.3500061035156,374.8999938964844,6824730
2016-10-17,255.50733947753906,359.45001220703125,366.25,355.75,365.0,508817
2016-10-18,252.59291076660156,355.3500061035156,363.8500061035156,351.25,358.25,1485171
2016-10-19,254.583251953125,358.1499938964844,362.6499938964844,354.04998779296875,357.0,1023638
2016-10-20,261.08734130859375,367.29998779296875,370.1499938964844,358.95001220703125,359.0,1208734
2016-10-21,258.4928283691406,363.6499938964844,369.75,357.6000061035156,369.70001220703125,4690632
2016-10-24,262.86444091796875,369.79998779296875,375.95001220703125,363.20001220703125,365.1499938964844,3950044
2016-10-25,269.65283203125,379.3500061035156,384.8999938964844,369.5,380.0,12096587
2016-10-26,263.32647705078125,370.45001220703125,380.8999938964844,365.95001220703125,380.8999938964844,1317261
2016-10-27,251.45559692382812,353.75,367.79998779296875,351.8999938964844,365.6499938964844,1624686
2016-10-28,245.69790649414062,345.6499938964844,358.5,343.25,354.1499938964844,1749736
2016-11-01,252.66403198242188,355.45001220703125,358.3999938964844,347.54998779296875,352.70001220703125,2667615
2016-11-02,260.37652587890625,366.29998779296875,371.70001220703125,350.1000061035156,353.8999938964844,2891687
2016-11-03,270.754638671875,380.8999938964844,384.5,364.04998779296875,367.95001220703125,2638220
2016-11-04,258.77716064453125,364.04998779296875,382.1499938964844,359.0,379.95001220703125,1707365
2016-11-07,252.62850952148438,355.3999938964844,369.8999938964844,353.1000061035156,369.8999938964844,2078073
2016-11-08,256.3603515625,360.6499938964844,365.5,354.3999938964844,355.8999938964844,2131933
2016-11-09,257.6042785644531,362.3999938964844,367.3999938964844,325.0,347.5,1454174
2016-11-10,275.446044921875,387.5,393.25,364.5,366.0,1824118
2016-11-11,259.5946044921875,365.20001220703125,381.8500061035156,361.25,378.54998779296875,1765780
2016-11-15,259.3457946777344,364.8500061035156,373.0,354.6000061035156,359.04998779296875,2823359
2016-11-16,255.96937561035156,360.1000061035156,368.95001220703125,355.20001220703125,368.95001220703125,1746528
2016-11-17,255.08082580566406,358.8500061035156,369.95001220703125,354.6000061035156,360.8999938964844,1390095
2016-11-18,250.14059448242188,351.8999938964844,359.29998779296875,347.1499938964844,355.79998779296875,3429846
2016-11-21,255.6495361328125,359.6499938964844,364.5,351.20001220703125,353.0,1520242
2016-11-22,255.50733947753906,359.45001220703125,364.95001220703125,357.3500061035156,360.1499938964844,2316275
2016-11-23,256.0404968261719,360.20001220703125,363.75,356.29998779296875,361.04998779296875,2133468
2016-11-24,256.1826171875,360.3999938964844,363.8999938964844,355.8999938964844,358.8999938964844,1568627
2016-11-25,252.7706756591797,355.6000061035156,363.1000061035156,355.0,360.8999938964844,1238720
2016-11-28,258.3861999511719,363.5,366.20001220703125,355.0,355.0,841894
2016-11-29,262.86444091796875,369.79998779296875,373.25,363.5,363.54998779296875,1114201
2016-11-30,266.8806457519531,375.45001220703125,378.0,360.25,371.5,2388842
2016-12-01,274.77081298828125,386.54998779296875,394.79998779296875,372.6000061035156,374.79998779296875,3321889
2016-12-02,274.3087463378906,385.8999938964844,393.0,381.3999938964844,385.1000061035156,2368627
2016-12-05,274.4154052734375,386.04998779296875,396.04998779296875,381.75,384.8999938964844,1838202
2016-12-06,271.3232727050781,381.70001220703125,388.95001220703125,377.0,386.54998779296875,1076456
2016-12-07,269.33294677734375,378.8999938964844,384.3999938964844,376.95001220703125,381.95001220703125,2016751
2016-12-08,263.184326171875,370.25,382.79998779296875,369.0,380.0,1371210
2016-12-09,254.47666931152344,358.0,372.8999938964844,355.79998779296875,372.8999938964844,3412062
2016-12-12,249.9273681640625,351.6000061035156,362.25,350.0,359.6000061035156,2470643
2016-12-13,252.62850952148438,355.3999938964844,357.5,350.8999938964844,352.0,1208736
2016-12-14,253.3038330078125,356.3500061035156,361.8999938964844,354.8999938964844,356.1000061035156,913114
2016-12-15,249.57192993164062,351.1000061035156,359.1499938964844,350.25,356.3500061035156,3049464
2016-12-16,252.80618286132812,355.6499938964844,357.5,351.75,356.0,3328776
2016-12-19,245.20033264160156,344.95001220703125,357.45001220703125,344.04998779296875,357.45001220703125,1535516
2016-12-20,245.55580139160156,345.45001220703125,349.79998779296875,342.1499938964844,345.0,2721620
2016-12-21,238.80287170410156,335.95001220703125,349.5,335.0,347.75,1882967
2016-12-22,239.69143676757812,337.20001220703125,340.5,334.0,335.5,1364857
2016-12-23,239.1227264404297,336.3999938964844,339.25,331.8999938964844,337.0,941552
2016-12-26,232.33432006835938,326.8500061035156,339.0,325.1000061035156,336.5,1358368
2016-12-27,235.8884735107422,331.8500061035156,333.8999938964844,324.25,325.0,463046
2016-12-28,240.89981079101562,338.8999938964844,345.0,332.0,332.0,1619388
2016-12-29,243.0323028564453,341.8999938964844,343.79998779296875,338.1499938964844,338.70001220703125,1098631
2016-12-30,244.1341094970703,343.45001220703125,345.45001220703125,336.5,343.1000061035156,1445937
2017-01-02,244.66722106933594,344.20001220703125,346.8500061035156,342.04998779296875,344.95001220703125,569696
2017-01-03,242.74795532226562,341.5,345.95001220703125,338.1499938964844,344.20001220703125,1121894
2017-01-04,250.46047973632812,352.3500061035156,354.0,337.0,342.0,2191385
2017-01-05,248.8611297607422,350.1000061035156,353.5,343.54998779296875,349.20001220703125,1530517
2017-01-06,251.81103515625,354.25,357.3999938964844,351.04998779296875,351.8999938964844,792191
2017-01-09,248.2213897705078,349.20001220703125,355.29998779296875,347.75,354.25,210597
2017-01-10,251.3134307861328,353.54998779296875,355.3999938964844,349.6000061035156,351.0,1066409
2017-01-11,251.1002655029297,353.25,358.0,351.45001220703125,352.70001220703125,1590588
2017-01-12,255.08082580566406,358.8500061035156,361.04998779296875,353.8999938964844,357.79998779296875,1760215
2017-01-13,251.4911651611328,353.79998779296875,358.6499938964844,351.3999938964844,357.04998779296875,901856
2017-01-16,252.7350616455078,355.54998779296875,358.8500061035156,352.54998779296875,354.0,368089
2017-01-17,251.1357421875,353.29998779296875,358.0,350.3999938964844,355.70001220703125,670873
2017-01-18,249.18099975585938,350.54998779296875,354.5,349.20001220703125,352.8500061035156,587389
2017-01-19,254.6543731689453,358.25,359.8999938964844,348.8500061035156,350.20001220703125,1209153
2017-01-20,251.06471252441406,353.20001220703125,357.8500061035156,350.45001220703125,357.0,766197
2017-01-23,246.51535034179688,346.79998779296875,352.8999938964844,346.0,352.1499938964844,1309561
2017-01-24,249.25205993652344,350.6499938964844,352.54998779296875,344.29998779296875,350.95001220703125,1219473
2017-01-25,250.03396606445312,351.75,354.75,348.45001220703125,354.75,1602532
2017-01-27,251.56222534179688,353.8999938964844,356.70001220703125,352.25,352.25,570512
2017-01-30,233.6493377685547,328.70001220703125,356.0,327.0,351.54998779296875,3144910
2017-01-31,208.8414306640625,293.79998779296875,333.0,282.70001220703125,333.0,17048162
2017-02-01,209.23240661621094,294.3500061035156,303.3999938964844,289.6000061035156,293.0,7891966
2017-02-02,207.91738891601562,292.5,296.0,286.6000061035156,294.3999938964844,7705049
2017-02-03,213.14195251464844,299.8500061035156,303.95001220703125,294.20001220703125,294.20001220703125,7370171
2017-02-06,216.48284912109375,304.54998779296875,308.3500061035156,300.6499938964844,303.0,3337319
2017-02-07,214.17263793945312,301.29998779296875,312.3999938964844,299.1499938964844,304.0,5227806
2017-02-08,220.39239501953125,310.04998779296875,311.0,299.25,300.5,3978420
2017-02-09,226.75430297851562,319.0,322.45001220703125,308.75,311.0,6834703
2017-02-10,225.3682403564453,317.04998779296875,323.75,313.8999938964844,320.0,3484508
2017-02-13,227.82057189941406,320.5,324.6000061035156,317.25,318.20001220703125,1831990
2017-02-14,226.5766143798828,318.75,323.5,315.6000061035156,323.0,2197759
2017-02-15,230.13076782226562,323.75,327.75,318.0,319.04998779296875,4532295
2017-02-16,226.9320526123047,319.25,323.75,316.70001220703125,323.20001220703125,3318662
2017-02-17,218.75750732421875,307.75,321.04998779296875,306.0,320.0,3909443
2017-02-20,219.46835327148438,308.75,310.29998779296875,306.20001220703125,308.0,1472524
2017-02-21,210.1209716796875,295.6000061035156,309.8500061035156,294.1499938964844,308.70001220703125,4464223
2017-02-22,213.78170776367188,300.75,303.0,296.0,296.0,4005464
2017-02-23,211.75582885742188,297.8999938964844,303.5,295.95001220703125,301.0,5179738
2017-02-27,204.82525634765625,288.1499938964844,300.95001220703125,287.1000061035156,300.0,5404804
2017-02-28,202.05300903320312,284.25,294.0,281.75,290.04998779296875,12472499
2017-03-01,205.39393615722656,288.95001220703125,292.04998779296875,285.0,285.0,5145017
2017-03-02,205.99813842773438,289.79998779296875,293.75,287.79998779296875,292.3999938964844,2879156
2017-03-03,218.86412048339844,307.8999938964844,310.0,294.04998779296875,295.0,12442632
2017-03-06,220.42794799804688,310.1000061035156,312.75,305.75,308.8500061035156,5737310
2017-03-07,220.42794799804688,310.1000061035156,314.8999938964844,309.0,310.3999938964844,3416663
2017-03-08,220.32135009765625,309.95001220703125,311.5,306.3500061035156,311.5,1818529
2017-03-09,216.90933227539062,305.1499938964844,308.8999938964844,303.1000061035156,306.70001220703125,2492122
2017-03-10,219.25509643554688,308.45001220703125,312.79998779296875,306.04998779296875,308.95001220703125,3372496
2017-03-14,220.39239501953125,310.04998779296875,315.0,307.5,313.8999938964844,2549708
2017-03-15,219.57496643066406,308.8999938964844,312.79998779296875,308.04998779296875,312.0,2640194
2017-03-16,220.71226501464844,310.5,311.75,309.25,311.0,1573157
2017-03-17,220.14364624023438,309.70001220703125,312.1000061035156,305.6499938964844,312.0,4625028
2017-03-20,219.50389099121094,308.79998779296875,314.45001220703125,303.6499938964844,307.0,2111748
2017-03-21,222.8092498779297,313.45001220703125,314.5,310.3500061035156,310.8999938964844,1647977
2017-03-22,222.45382690429688,312.95001220703125,317.0,310.45001220703125,312.8999938964844,3928598
2017-03-23,222.8802947998047,313.54998779296875,317.0,312.5,316.29998779296875,1674503
2017-03-24,220.64120483398438,310.3999938964844,314.54998779296875,309.25,313.0,1346006
2017-03-27,222.1694793701172,312.54998779296875,315.29998779296875,307.3999938964844,312.8999938964844,1775015
2017-03-28,226.5055389404297,318.6499938964844,323.8999938964844,313.70001220703125,315.0,5338059
2017-03-29,239.44264221191406,336.8500061035156,340.8500061035156,320.1000061035156,320.79998779296875,13686074
2017-03-30,239.3360137939453,336.70001220703125,339.45001220703125,331.0,337.45001220703125,3987511
2017-03-31,240.22052001953125,325.8999938964844,328.8999938964844,322.5,327.79998779296875,1861425
2017-04-03,242.9109344482422,329.54998779296875,332.29998779296875,318.75,325.8999938964844,2166039
2017-04-05,248.91830444335938,337.70001220703125,343.70001220703125,328.6499938964844,330.1000061035156,4885545
2017-04-06,249.98707580566406,339.1499938964844,340.75,325.3999938964844,336.1000061035156,2801379
2017-04-07,256.215576171875,347.6000061035156,348.70001220703125,333.6000061035156,338.1000061035156,2517255
2017-04-10,263.1443176269531,357.0,360.8999938964844,348.0,348.5,4076623
2017-04-11,262.0754699707031,355.54998779296875,362.95001220703125,353.0,355.8999938964844,4051807
2017-04-12,270.5521545410156,367.04998779296875,372.29998779296875,352.1499938964844,357.5,4281035
2017-04-13,261.70697021484375,355.04998779296875,371.0,350.6000061035156,371.0,1641083
2017-04-17,253.8199920654297,344.3500061035156,355.5,340.5,355.0,1496125
2017-04-18,248.32859802246094,336.8999938964844,350.8999938964844,330.75,343.1499938964844,6099634
2017-04-19,255.55218505859375,346.70001220703125,347.75,333.75,337.04998779296875,3381242
2017-04-20,252.6038055419922,342.70001220703125,346.0,341.70001220703125,345.8999938964844,2561493
2017-04-21,260.0853576660156,352.8500061035156,356.29998779296875,345.8500061035156,346.0,2027577
2017-04-24,264.0657043457031,358.25,360.0,349.5,354.0,2949867
2017-04-25,276.5963134765625,375.25,377.29998779296875,357.95001220703125,362.0,4440724
2017-04-26,270.73638916015625,367.29998779296875,377.5,364.25,377.0,3226103
2017-04-27,270.3678894042969,366.79998779296875,369.54998779296875,361.3999938964844,363.04998779296875,1340486
2017-04-28,261.4490051269531,354.70001220703125,368.5,353.3500061035156,365.54998779296875,1431794
2017-05-02,261.0804443359375,354.20001220703125,358.8999938964844,349.29998779296875,354.70001220703125,4267681
2017-05-03,267.5669250488281,363.0,365.54998779296875,353.8999938964844,357.6000061035156,1939983
2017-05-04,267.82489013671875,363.3500061035156,365.6000061035156,360.0,364.79998779296875,1316836
2017-05-05,270.22039794921875,366.6000061035156,370.0,358.5,360.8500061035156,1981269
2017-05-08,268.6357421875,364.45001220703125,370.8999938964844,363.0,368.04998779296875,686159
2017-05-09,269.7044677734375,365.8999938964844,371.25,356.3500061035156,356.3500061035156,2151177
2017-05-10,270.2572937011719,366.6499938964844,369.0,360.0,360.0,2254910
2017-05-11,278.844482421875,378.29998779296875,381.6499938964844,366.5,368.3999938964844,3254041
2017-05-12,276.19097900390625,374.70001220703125,379.25,369.79998779296875,378.79998779296875,1559224
2017-05-15,273.50054931640625,371.04998779296875,375.79998779296875,368.6499938964844,375.79998779296875,761032
2017-05-16,277.5545654296875,376.54998779296875,380.8500061035156,370.04998779296875,371.1499938964844,1346372
2017-05-17,287.39483642578125,389.8999938964844,396.5,375.1000061035156,377.6000061035156,2268036
2017-05-18,279.2867431640625,378.8999938964844,388.8500061035156,377.0,388.3999938964844,2014628
2017-05-19,279.3236083984375,378.95001220703125,387.5,374.8500061035156,381.1000061035156,2031322
2017-05-22,285.9574890136719,387.95001220703125,389.29998779296875,376.1499938964844,383.70001220703125,2772691
2017-05-23,279.9870300292969,379.8500061035156,390.0,378.3999938964844,385.0,3811223
2017-05-24,271.989501953125,369.0,382.0,367.20001220703125,379.8500061035156,3134390
2017-05-25,275.3064270019531,373.5,376.3500061035156,365.8500061035156,369.1000061035156,7287977
2017-05-26,272.68975830078125,369.95001220703125,377.20001220703125,366.29998779296875,370.0,1918463
2017-05-29,279.61846923828125,379.3500061035156,381.3999938964844,367.70001220703125,370.0,3887542
2017-05-30,274.3850402832031,372.25,379.8500061035156,365.6499938964844,379.3500061035156,1273594
2017-05-31,270.22039794921875,366.6000061035156,374.3500061035156,360.6499938964844,374.25,3613527
2017-06-01,277.33343505859375,376.25,379.45001220703125,369.79998779296875,370.1000061035156,2505966
2017-06-02,276.15411376953125,374.6499938964844,382.8999938964844,371.0,376.45001220703125,1334349
2017-06-05,281.90350341796875,382.45001220703125,384.8999938964844,375.6000061035156,381.29998779296875,3563721
2017-06-06,282.41937255859375,383.1499938964844,388.8999938964844,379.79998779296875,383.0,2537956
2017-06-07,282.456298828125,383.20001220703125,388.6000061035156,379.70001220703125,385.75,1610112
2017-06-08,279.9870300292969,379.8500061035156,383.1000061035156,374.79998779296875,383.0,1107704
2017-06-09,282.0508728027344,382.6499938964844,384.75,377.1000061035156,379.8500061035156,1545424
2017-06-12,283.5987548828125,384.75,386.0,376.79998779296875,380.54998779296875,1660758
2017-06-13,283.1933898925781,384.20001220703125,389.8500061035156,379.54998779296875,385.0,1863956
2017-06-14,284.5938415527344,386.1000061035156,387.3999938964844,381.45001220703125,382.70001220703125,1317476
2017-06-15,276.2646789550781,374.79998779296875,389.1000061035156,370.6499938964844,385.29998779296875,2369536
2017-06-16,276.48577880859375,375.1000061035156,384.6499938964844,373.25,374.79998779296875,2699975
2017-06-19,277.5545654296875,376.54998779296875,383.8999938964844,373.5,376.0,2163886
2017-06-20,277.9599609375,377.1000061035156,381.5,375.70001220703125,377.1499938964844,1331396
2017-06-21,273.9796447753906,371.70001220703125,378.1000061035156,370.5,377.5,2388975
2017-06-22,276.412109375,375.0,376.5,371.0,372.20001220703125,1120673
2017-06-23,274.3113098144531,372.1499938964844,378.54998779296875,371.04998779296875,377.3500061035156,2156583
2017-06-27,275.15899658203125,373.29998779296875,375.8999938964844,368.79998779296875,373.70001220703125,1850097
2017-06-28,277.4808349609375,376.45001220703125,379.95001220703125,371.1000061035156,372.6000061035156,1768602
2017-06-29,278.7707824707031,378.20001220703125,382.5,374.25,379.8999938964844,5450689
2017-06-30,276.0803527832031,374.54998779296875,377.04998779296875,371.25,375.0,980667
2017-07-03,293.1810607910156,397.75,399.8999938964844,374.45001220703125,374.5,4181712
2017-07-04,295.98199462890625,401.54998779296875,405.8999938964844,396.6000061035156,399.79998779296875,2412278
2017-07-05,297.0876770019531,403.04998779296875,405.75,397.75,397.75,1039605
2017-07-06,305.6748962402344,414.70001220703125,416.20001220703125,398.6000061035156,403.54998779296875,2220499
2017-07-07,298.0459289550781,404.3500061035156,414.6499938964844,402.1499938964844,413.0,2673281
2017-07-10,302.43170166015625,410.29998779296875,411.8500061035156,404.0,405.3999938964844,1199318
2017-07-11,302.1000061035156,409.8500061035156,414.54998779296875,405.25,410.29998779296875,2575028
2017-07-12,309.8026123046875,420.29998779296875,422.3500061035156,405.6000061035156,410.0,4389373
2017-07-13,302.65283203125,410.6000061035156,421.8999938964844,407.25,420.95001220703125,3111485
2017-07-14,307.95989990234375,417.79998779296875,418.45001220703125,408.6499938964844,413.70001220703125,1575033
2017-07-17,308.5864562988281,418.6499938964844,420.29998779296875,415.70001220703125,417.79998779296875,1083121
2017-07-18,308.2547607421875,418.20001220703125,424.75,414.1499938964844,414.1499938964844,2192538
2017-07-19,306.006591796875,415.1499938964844,422.8999938964844,412.0,417.8999938964844,1493859
2017-07-20,302.248046875,406.1000061035156,414.95001220703125,404.54998779296875,412.20001220703125,1825907
2017-07-21,305.3739929199219,410.29998779296875,411.75,401.25,406.8999938964844,1371671
2017-07-24,304.33197021484375,408.8999938964844,415.45001220703125,403.3500061035156,413.29998779296875,2056890
2017-07-25,309.3558349609375,415.6499938964844,425.0,413.45001220703125,414.8999938964844,2965248
2017-07-26,307.7555847167969,413.5,414.8999938964844,407.54998779296875,412.6499938964844,1488819
2017-07-27,305.93212890625,411.04998779296875,417.0,409.0,417.0,2796607
2017-07-28,300.61065673828125,403.8999938964844,413.8999938964844,398.6499938964844,413.8999938964844,2250006
2017-07-31,298.7499694824219,401.3999938964844,406.0,395.25,398.6499938964844,3107036
2017-08-01,300.4617919921875,403.70001220703125,407.04998779296875,398.75,401.3999938964844,1633983
2017-08-02,296.10784912109375,397.8500061035156,407.0,395.29998779296875,402.0,2252956
2017-08-03,300.6478576660156,403.95001220703125,407.5,396.0,399.0,3426255
2017-08-04,302.58294677734375,406.54998779296875,408.8999938964844,399.0,400.0,2078958
2017-08-07,296.10784912109375,397.8500061035156,408.5,395.6000061035156,406.5,2453089
2017-08-08,285.50201416015625,383.6000061035156,389.79998779296875,380.0,389.0,12856633
2017-08-09,284.0878601074219,381.70001220703125,385.3999938964844,379.0,379.0,2750683
2017-08-10,284.6460876464844,382.45001220703125,387.8999938964844,378.95001220703125,380.29998779296875,3050083
2017-08-11,284.5343933105469,382.29998779296875,383.75,376.1000061035156,376.1000061035156,2645105
2017-08-14,282.7109680175781,379.8500061035156,385.8999938964844,378.5,385.8999938964844,2677716
2017-08-16,284.9809875488281,382.8999938964844,383.79998779296875,377.8999938964844,382.5,1986044
2017-08-17,282.33880615234375,379.3500061035156,388.75,378.54998779296875,388.0,1591863
2017-08-18,294.20989990234375,395.29998779296875,396.75,379.95001220703125,381.0,4427161
2017-08-21,287.7347717285156,386.6000061035156,396.54998779296875,382.6499938964844,395.70001220703125,1956668
2017-08-22,288.66510009765625,387.8500061035156,396.0,385.6499938964844,386.8999938964844,2609604
2017-08-23,284.9065246582031,382.79998779296875,389.8999938964844,380.75,389.8999938964844,1201788
2017-08-24,285.7252197265625,383.8999938964844,387.79998779296875,380.29998779296875,382.8999938964844,1863817
2017-08-28,287.8092041015625,386.70001220703125,388.79998779296875,382.75,387.54998779296875,1402650
2017-08-29,283.0458679199219,380.29998779296875,387.6000061035156,377.0,387.6000061035156,1102703
2017-08-30,286.35784912109375,384.75,385.8500061035156,379.6000061035156,383.95001220703125,838089
2017-08-31,279.2500915527344,375.20001220703125,387.54998779296875,367.04998779296875,386.79998779296875,7483962
2017-09-01,282.5992736816406,379.70001220703125,381.8500061035156,375.29998779296875,376.29998779296875,1242702
2017-09-04,281.1479797363281,377.75,380.6000061035156,375.45001220703125,380.0,751845
2017-09-05,276.7568054199219,371.8500061035156,379.25,368.20001220703125,378.54998779296875,1819271
2017-09-06,276.4591064453125,371.45001220703125,373.5,367.5,372.25,1404720
2017-09-07,275.4915466308594,370.1499938964844,373.8999938964844,368.3999938964844,371.45001220703125,1122445
2017-09-08,275.8636779785156,370.6499938964844,374.6499938964844,368.6499938964844,374.3999938964844,2528475
2017-09-11,275.00775146484375,369.5,372.1499938964844,366.5,371.5,731573
2017-09-12,275.454345703125,370.1000061035156,370.79998779296875,363.6499938964844,369.5,2831964
2017-09-13,275.8636779785156,370.6499938964844,374.3500061035156,366.3999938964844,371.6000061035156,4210770
2017-09-14,275.4170837402344,370.04998779296875,373.95001220703125,368.5,370.8999938964844,1571003
2017-09-15,278.3569641113281,374.0,382.8999938964844,369.6499938964844,374.6499938964844,11439738
2017-09-18,289.595458984375,389.1000061035156,392.0,374.5,374.5,2752803
2017-09-19,296.4427185058594,398.29998779296875,399.8999938964844,388.1499938964844,390.75,1956748
2017-09-20,293.2051696777344,393.95001220703125,400.95001220703125,393.04998779296875,396.70001220703125,1469249
2017-09-21,288.5162658691406,387.6499938964844,399.54998779296875,386.6000061035156,395.8999938964844,2118175
2017-09-22,290.26531982421875,390.0,394.54998779296875,385.20001220703125,386.0,1615279
2017-09-25,291.2700500488281,391.3500061035156,397.3999938964844,387.29998779296875,388.75,2575008
2017-09-26,280.1431884765625,376.3999938964844,394.0,373.8500061035156,394.0,1827778
2017-09-27,284.7948913574219,382.6499938964844,386.3999938964844,376.25,379.79998779296875,2082260
2017-09-28,292.2004089355469,392.6000061035156,395.70001220703125,375.0,380.0,2458127
2017-09-29,296.5171813964844,398.3999938964844,411.70001220703125,393.04998779296875,393.6000061035156,5139940
2017-10-03,304.0343017578125,408.5,410.20001220703125,399.0,404.8999938964844,4036851
2017-10-04,309.98846435546875,416.5,419.6499938964844,408.0,408.5,3456681
2017-10-05,301.1688232421875,404.6499938964844,413.0,402.6499938964844,412.1000061035156,1920244
2017-10-06,297.6707763671875,399.95001220703125,409.8999938964844,399.0,407.79998779296875,2028197
2017-10-09,296.5915832519531,398.5,405.95001220703125,397.54998779296875,402.79998779296875,1385786
2017-10-10,297.59637451171875,399.8500061035156,404.54998779296875,398.5,398.5,2029807
2017-10-11,305.5228576660156,410.5,414.0,401.8999938964844,403.0,5104904
2017-10-12,321.524658203125,432.0,438.0,402.70001220703125,412.79998779296875,10400395
2017-10-13,334.88427734375,449.95001220703125,455.0,432.79998779296875,434.95001220703125,16946705
2017-10-16,350.9233093261719,471.5,474.25,450.6000061035156,455.95001220703125,9404756
2017-10-17,356.6542053222656,479.20001220703125,482.79998779296875,467.0,468.0,9080336
2017-10-18,343.6666564941406,461.75,482.0,460.04998779296875,476.70001220703125,3847393
2017-10-19,342.5502624511719,460.25,464.3999938964844,458.3500061035156,462.0,234833
2017-10-23,334.1772766113281,449.0,468.8500061035156,445.25,460.0,3468772
2017-10-24,337.3775329589844,453.29998779296875,459.8500061035156,437.8500061035156,448.04998779296875,3495103
2017-10-25,336.52166748046875,452.1499938964844,464.3500061035156,450.79998779296875,458.8999938964844,2720627
2017-10-26,338.9405822753906,455.3999938964844,465.0,436.45001220703125,451.5,2343242
2017-10-27,311.51422119140625,418.54998779296875,454.0,415.0,453.0,4527007
2017-10-30,319.8128356933594,429.70001220703125,435.0,421.70001220703125,423.70001220703125,4402673
2017-10-31,329.0789489746094,442.1499938964844,448.3500061035156,419.20001220703125,428.5,5952903
2017-11-01,317.46832275390625,426.54998779296875,452.0,422.3999938964844,446.0,3573242
2017-11-02,311.588623046875,418.6499938964844,428.70001220703125,415.6000061035156,428.0,2632114
2017-11-03,307.94171142578125,413.75,421.29998779296875,412.04998779296875,419.0,1624837
2017-11-06,315.607666015625,424.04998779296875,429.0,413.0,417.1499938964844,3603506
2017-11-07,317.84051513671875,427.04998779296875,432.95001220703125,420.5,427.04998779296875,3101792
2017-11-08,323.86907958984375,435.1499938964844,439.6000061035156,430.1000061035156,432.0,4412381
2017-11-09,319.4407043457031,429.20001220703125,443.45001220703125,424.45001220703125,438.45001220703125,4969389
2017-11-10,317.6171569824219,426.75,432.6000061035156,421.70001220703125,423.8500061035156,3348288
2017-11-13,309.2441711425781,415.5,429.3999938964844,405.25,429.3999938964844,3422752
2017-11-14,295.43798828125,396.95001220703125,406.3999938964844,391.5,406.0,131335426
2017-11-15,281.07354736328125,377.6499938964844,399.3999938964844,375.1499938964844,396.0,3278094
2017-11-16,286.28350830078125,384.6499938964844,392.5,380.3500061035156,381.1000061035156,5469875
2017-11-17,282.93426513671875,380.1499938964844,388.79998779296875,376.54998779296875,387.45001220703125,3328012
2017-11-20,285.5763854980469,383.70001220703125,392.8999938964844,381.70001220703125,385.3999938964844,6432184
2017-11-21,285.4647216796875,383.54998779296875,386.95001220703125,381.0,386.3999938964844,3626367
2017-11-22,280.180419921875,376.45001220703125,385.79998779296875,373.6000061035156,385.79998779296875,5752823
2017-11-23,278.8035583496094,374.6000061035156,386.3999938964844,373.1000061035156,381.1499938964844,4561646
2017-11-24,283.41802978515625,380.79998779296875,382.0,376.3999938964844,378.0,2487171
2017-11-27,287.7347717285156,386.6000061035156,387.70001220703125,378.3999938964844,381.25,2416421
2017-11-28,281.2224426269531,377.8500061035156,387.3500061035156,376.04998779296875,383.1499938964844,4127842
2017-11-29,285.91131591796875,384.1499938964844,384.8999938964844,376.45001220703125,376.79998779296875,6010951
2017-11-30,285.5763854980469,383.70001220703125,387.8999938964844,380.6000061035156,385.0,12955743
2017-12-01,287.25103759765625,385.95001220703125,388.3999938964844,382.8500061035156,387.0,3519059
2017-12-04,280.2176818847656,376.5,388.45001220703125,375.1000061035156,386.0,1423770
2017-12-05,281.7433776855469,378.54998779296875,380.45001220703125,371.25,374.1499938964844,2141034
2017-12-06,275.640380859375,370.3500061035156,378.25,366.5,378.25,2172920
2017-12-07,284.5716247558594,382.3500061035156,384.8999938964844,367.1499938964844,367.6000061035156,1768073
2017-12-08,278.1336975097656,373.70001220703125,381.54998779296875,372.3500061035156,380.04998779296875,3146713
2017-12-11,273.9285583496094,368.04998779296875,377.8999938964844,367.20001220703125,377.0,3031658
2017-12-12,264.5135498046875,355.3999938964844,369.0,354.25,369.0,3321358
2017-12-13,266.22540283203125,357.70001220703125,362.8999938964844,355.1499938964844,357.5,2362236
2017-12-14,265.4438781738281,356.6499938964844,362.8999938964844,355.1000061035156,358.20001220703125,2052442
2017-12-15,263.8437194824219,354.5,361.45001220703125,353.29998779296875,358.04998779296875,2416817
2017-12-18,266.2626037597656,357.75,361.8999938964844,347.1000061035156,353.75,2963083
2017-12-19,269.79791259765625,362.5,363.8999938964844,357.5,357.5,1737412
2017-12-20,271.100341796875,364.25,366.70001220703125,362.5,362.5,2111646
2017-12-21,269.1280517578125,361.6000061035156,365.8500061035156,360.25,364.95001220703125,1507477
2017-12-22,270.8770446777344,363.95001220703125,365.3500061035156,358.75,361.25,2856053
2017-12-26,275.08221435546875,369.6000061035156,370.5,362.6499938964844,363.0,1649408
2017-12-27,273.5192565917969,367.5,371.0,365.25,369.5,1199421
2017-12-28,274.0029602050781,368.1499938964844,371.79998779296875,364.5,367.5,4295438
2017-12-29,281.8922424316406,378.75,380.54998779296875,367.1000061035156,369.70001220703125,4216334
2018-01-01,275.34271240234375,369.95001220703125,379.8999938964844,368.3500061035156,379.8999938964844,1788442
2018-01-02,281.929443359375,378.79998779296875,380.0,370.1000061035156,371.0,4093118
2018-01-03,281.8178405761719,378.6499938964844,383.45001220703125,376.45001220703125,379.70001220703125,2009516
2018-01-04,282.11553955078125,379.04998779296875,381.79998779296875,377.25,381.79998779296875,4247055
2018-01-05,277.31500244140625,372.6000061035156,381.45001220703125,371.5,381.45001220703125,1576172
2018-01-08,278.6546936035156,374.3999938964844,376.45001220703125,372.04998779296875,372.6000061035156,1754188
2018-01-09,274.1890563964844,368.3999938964844,376.8500061035156,367.20001220703125,370.1499938964844,1659015
2018-01-10,275.975341796875,370.79998779296875,373.0,364.6000061035156,368.5,4204087
2018-01-11,273.70526123046875,367.75,371.75,363.8999938964844,371.0,2373477
2018-01-12,278.952392578125,374.79998779296875,376.95001220703125,364.04998779296875,364.04998779296875,2834284
2018-01-15,275.75201416015625,370.5,378.5,369.0,374.5,1038566
2018-01-16,273.8541259765625,367.95001220703125,375.3500061035156,366.1499938964844,373.45001220703125,1797985
2018-01-17,272.47723388671875,366.1000061035156,373.20001220703125,360.8500061035156,365.0,2996802
2018-01-18,255.8800048828125,343.79998779296875,365.04998779296875,342.25,365.0,4256014
2018-01-19,257.55462646484375,346.04998779296875,348.54998779296875,339.25,346.0,7653870
2018-01-22,255.65673828125,343.5,349.0,339.79998779296875,344.5,6688121
2018-01-23,252.60523986816406,339.3999938964844,345.5,337.8500061035156,344.3999938964844,5668180
2018-01-24,254.76361083984375,342.29998779296875,345.8500061035156,338.45001220703125,339.0,4933761
2018-01-25,255.61956787109375,343.45001220703125,348.79998779296875,340.54998779296875,342.1000061035156,4683283
2018-01-29,263.0250244140625,353.3999938964844,355.6499938964844,340.5,343.0,4249433
2018-01-30,256.36376953125,344.45001220703125,354.6000061035156,342.1000061035156,352.20001220703125,3724844
2018-01-31,261.6481018066406,351.54998779296875,353.95001220703125,343.20001220703125,345.0,3997015
2018-02-01,258.1500549316406,346.8500061035156,354.0,343.5,352.0,3045857
2018-02-02,256.6615295410156,344.8500061035156,349.6000061035156,341.79998779296875,342.0,4467011
2018-02-05,259.7502136230469,349.0,354.1000061035156,330.04998779296875,336.0,2690533
2018-02-06,256.7359313964844,344.95001220703125,349.20001220703125,328.1499938964844,339.3999938964844,1662550
2018-02-07,251.9726104736328,338.54998779296875,353.8999938964844,336.1499938964844,348.04998779296875,3376135
2018-02-08,259.89910888671875,349.20001220703125,351.95001220703125,340.0,341.0,1436457
2018-02-09,254.1681671142578,341.5,349.1499938964844,339.04998779296875,342.8999938964844,3050243
2018-02-12,251.7493133544922,338.25,346.1499938964844,336.25,345.3999938964844,3252157
2018-02-14,243.67398071289062,327.3999938964844,340.3999938964844,325.25,339.54998779296875,7362307
2018-02-15,246.3905792236328,331.04998779296875,336.8999938964844,327.25,329.1000061035156,3526872
2018-02-16,243.78562927246094,327.54998779296875,334.3999938964844,322.54998779296875,334.3999938964844,2397216
2018-02-19,245.4974822998047,329.8500061035156,333.3999938964844,325.1000061035156,330.8500061035156,2593948
2018-02-20,248.58616638183594,334.0,335.75,322.70001220703125,332.0,2348949
2018-02-21,251.60044860839844,338.04998779296875,339.5,332.5,334.8999938964844,2192907
2018-02-22,248.4745330810547,333.8500061035156,338.04998779296875,330.0,335.0,8407719
2018-02-23,253.34951782226562,340.3999938964844,344.3999938964844,330.04998779296875,332.1000061035156,3108532
2018-02-26,256.36376953125,344.45001220703125,348.0,335.8999938964844,344.75,11037220
2018-02-27,256.624267578125,344.79998779296875,349.3500061035156,339.95001220703125,346.8999938964844,6738482
2018-02-28,258.0384216308594,346.70001220703125,351.3999938964844,338.8999938964844,340.0,41050485
2018-03-01,256.92205810546875,345.20001220703125,352.20001220703125,342.25,348.0,3367869
2018-03-05,252.41915893554688,339.1499938964844,342.5,335.0,342.5,2294182
2018-03-06,247.0604248046875,331.95001220703125,340.45001220703125,328.79998779296875,339.79998779296875,10597788
2018-03-07,245.19970703125,329.45001220703125,336.6000061035156,327.6499938964844,331.0,10039533
2018-03-08,246.50221252441406,331.20001220703125,344.45001220703125,324.5,331.0,7186625
2018-03-09,247.95350646972656,333.1499938964844,338.1000061035156,328.8500061035156,332.0,5488752
2018-03-12,252.67965698242188,339.5,343.6000061035156,332.6499938964844,335.5,6680146
2018-03-13,259.7502136230469,349.0,350.0,336.0,336.0,2491061
2018-03-14,252.41915893554688,339.1499938964844,346.70001220703125,337.54998779296875,345.8999938964844,2244680
2018-03-15,251.48883056640625,337.8999938964844,344.8500061035156,336.25,340.0,1354562
2018-03-16,248.92111206054688,334.45001220703125,343.3999938964844,332.5,339.0,3780358
2018-03-19,242.14825439453125,325.3500061035156,337.1499938964844,320.04998779296875,334.95001220703125,2261162
2018-03-20,254.4659423828125,341.8999938964844,343.95001220703125,323.45001220703125,325.0,5524750
2018-03-21,250.93060302734375,337.1499938964844,345.79998779296875,336.29998779296875,345.79998779296875,2825185
2018-03-22,249.4793243408203,335.20001220703125,344.45001220703125,330.8999938964844,337.3999938964844,2264722
2018-03-23,254.9124755859375,342.5,344.8999938964844,329.0,330.0,2991192
2018-03-26,255.99168395996094,343.95001220703125,346.29998779296875,339.1499938964844,340.0,1353062
2018-03-27,250.4840545654297,336.54998779296875,346.70001220703125,332.75,346.70001220703125,3190225
2018-03-28,250.1863555908203,336.1499938964844,342.0,331.04998779296875,337.5,7045038
2018-04-02,251.302734375,337.6499938964844,344.3999938964844,335.8999938964844,336.0,1643242
2018-04-03,252.41915893554688,339.1499938964844,342.29998779296875,334.5,336.5,1165314
2018-04-04,250.7817840576172,336.95001220703125,338.95001220703125,335.0,337.0,1385801
2018-04-05,251.60044860839844,338.04998779296875,340.5,330.25,337.54998779296875,3807792
2018-04-06,251.563232421875,338.0,342.8500061035156,335.3500061035156,338.0,5575268
2018-04-09,250.96786499023438,337.20001220703125,340.20001220703125,336.25,338.0,5696918
2018-04-10,249.6653594970703,335.45001220703125,341.0,332.1000061035156,339.0,3470927
2018-04-11,251.15390014648438,337.45001220703125,339.8999938964844,335.54998779296875,336.04998779296875,3468729
2018-04-12,253.57284545898438,340.70001220703125,341.54998779296875,335.95001220703125,339.20001220703125,2136706
2018-04-13,252.82850646972656,339.70001220703125,348.45001220703125,336.8999938964844,341.0,2358332
2018-04-16,253.08901977539062,340.04998779296875,343.3999938964844,334.5,334.5,4175047
2018-04-17,248.58616638183594,334.0,343.0,330.3999938964844,342.20001220703125,2797188
2018-04-18,250.11190795898438,336.04998779296875,338.0,334.5,335.0,2881187
2018-04-19,250.03750610351562,335.95001220703125,338.6000061035156,334.3999938964844,337.0,2579826
2018-04-20,246.42779541015625,331.1000061035156,337.3999938964844,326.3999938964844,337.3999938964844,1307014
2018-04-23,244.12054443359375,328.0,332.6000061035156,324.5,332.0,2475687
2018-04-24,244.86483764648438,329.0,334.6000061035156,315.6499938964844,327.0,4979271
2018-04-25,242.22267150878906,325.45001220703125,338.95001220703125,322.29998779296875,338.0,4998560
2018-04-26,235.26373291015625,316.1000061035156,327.0,310.5,326.5,6209388
2018-04-27,238.3524627685547,320.25,324.6499938964844,313.3500061035156,316.1499938964844,4360743
2018-04-30,233.03091430664062,313.1000061035156,321.8999938964844,312.0,317.1000061035156,3440871
2018-05-02,233.5519561767578,313.79998779296875,318.3999938964844,312.3500061035156,314.95001220703125,5741657
2018-05-03,241.8505401611328,324.95001220703125,327.0,311.3500061035156,311.3500061035156,4395421
2018-05-04,239.98989868164062,322.45001220703125,325.0,318.6499938964844,321.70001220703125,2125043
2018-05-07,238.65016174316406,320.6499938964844,324.45001220703125,319.29998779296875,321.1000061035156,2621067
2018-05-08,238.91067504882812,321.0,324.5,319.6000061035156,323.0,7307907
2018-05-09,241.77609252929688,324.8500061035156,328.20001220703125,322.1499938964844,323.8999938964844,2739153
2018-05-10,238.6873779296875,320.70001220703125,328.29998779296875,317.20001220703125,324.8999938964844,2809718
2018-05-11,238.0547637939453,319.8500061035156,322.8500061035156,315.45001220703125,320.70001220703125,2806644
2018-05-14,235.1893310546875,316.0,323.29998779296875,313.0,319.25,1310795
2018-05-15,232.54714965820312,312.45001220703125,315.6499938964844,311.1000061035156,315.0,3695713
2018-05-16,234.5939178466797,315.20001220703125,323.79998779296875,308.20001220703125,312.20001220703125,2250017
2018-05-17,239.46885681152344,321.75,324.75,312.8999938964844,317.70001220703125,3255853
2018-05-18,235.3009490966797,316.1499938964844,322.25,315.1000061035156,318.5,1949318
2018-05-21,239.4316864013672,321.70001220703125,323.5,315.6000061035156,316.0,1523518
2018-05-22,235.07769775390625,315.8500061035156,320.70001220703125,313.04998779296875,319.5,2443082
2018-05-23,236.15687561035156,317.29998779296875,319.5,313.75,317.0,3690868
2018-05-24,236.93833923339844,318.3500061035156,319.54998779296875,313.6499938964844,318.79998779296875,4111643
2018-05-25,234.3334197998047,314.8500061035156,318.1499938964844,312.0,318.0,1105911
2018-05-28,231.24468994140625,310.70001220703125,317.95001220703125,309.20001220703125,315.8500061035156,1201629
2018-05-29,226.9279327392578,304.8999938964844,313.79998779296875,303.1499938964844,312.0,2631933
2018-05-30,224.13690185546875,301.1499938964844,307.0,298.95001220703125,307.0,2554562
2018-05-31,222.27621459960938,298.6499938964844,304.0,293.3500061035156,301.54998779296875,11366237
2018-06-01,223.7647705078125,300.6499938964844,303.8999938964844,298.75,300.20001220703125,1271174
2018-06-04,219.67129516601562,295.1499938964844,302.1499938964844,294.0,302.0,926733
2018-06-05,219.29916381835938,294.6499938964844,298.5,289.5,298.5,2364464
2018-06-06,219.26194763183594,294.6000061035156,297.20001220703125,292.75,295.0,1434703
2018-06-07,218.66648864746094,293.79998779296875,295.5,292.6000061035156,294.20001220703125,2471537
2018-06-08,222.09017944335938,298.3999938964844,299.45001220703125,293.1000061035156,293.8999938964844,1360769
2018-06-11,223.28097534179688,300.0,302.04998779296875,298.0,299.0,2123262
2018-06-12,223.09490966796875,299.75,302.0,298.6000061035156,302.0,946261
2018-06-13,223.6531219482422,300.5,302.20001220703125,296.6000061035156,300.0,5147453
2018-06-14,220.6760711669922,296.5,299.8500061035156,294.8999938964844,298.0,1055622
2018-06-15,218.51766967773438,293.6000061035156,297.70001220703125,291.6000061035156,296.5,3264270
2018-06-18,216.80584716796875,291.29998779296875,294.0,288.8999938964844,292.0,1377676
2018-06-19,214.1636962890625,287.75,292.5,285.8999938964844,290.1000061035156,1300911
2018-06-20,212.34019470214844,285.29998779296875,290.8999938964844,284.1000061035156,288.20001220703125,1887084
2018-06-21,208.09786987304688,279.6000061035156,286.8999938964844,274.54998779296875,286.8999938964844,5646050
2018-06-22,212.8612060546875,286.0,287.95001220703125,275.45001220703125,278.95001220703125,2317644
2018-06-25,217.28965759277344,291.95001220703125,293.0,283.25,285.8500061035156,2416530
2018-06-26,218.03392028808594,292.95001220703125,294.95001220703125,282.3500061035156,290.0,5285978
2018-06-27,222.94606018066406,299.54998779296875,302.75,287.20001220703125,291.95001220703125,4099169
2018-06-28,221.7552490234375,297.95001220703125,300.0,293.8999938964844,299.0,4702328
2018-06-29,223.69032287597656,300.54998779296875,307.95001220703125,295.6000061035156,300.0,3871075
2018-07-02,222.46229553222656,298.8999938964844,304.79998779296875,294.79998779296875,301.0,2444336
2018-07-03,216.95469665527344,291.5,297.79998779296875,286.6000061035156,296.0,2404666
2018-07-04,222.90887451171875,299.5,301.8500061035156,289.54998779296875,291.5,2171623
2018-07-05,225.84877014160156,303.45001220703125,305.1000061035156,294.29998779296875,296.70001220703125,1418401
2018-07-06,222.61114501953125,299.1000061035156,303.95001220703125,295.3500061035156,300.45001220703125,1382388
2018-07-09,224.65786743164062,301.8500061035156,303.0,299.1000061035156,299.1000061035156,613883
2018-07-10,227.22561645507812,305.29998779296875,307.1000061035156,299.8500061035156,301.95001220703125,878200
2018-07-11,236.04522705078125,317.1499938964844,319.20001220703125,304.0,305.29998779296875,4059566
2018-07-12,233.73797607421875,314.04998779296875,317.0,307.6499938964844,315.0,1586131
2018-07-13,225.29052734375,302.70001220703125,314.0,300.3500061035156,314.0,1416753
2018-07-16,224.13690185546875,301.1499938964844,305.70001220703125,298.29998779296875,302.70001220703125,1661955
2018-07-17,225.77427673339844,303.3500061035156,307.25,297.1000061035156,299.0,836130
2018-07-18,222.7227783203125,299.25,305.6000061035156,298.75,303.20001220703125,1537581
2018-07-19,222.76182556152344,285.29998779296875,292.3999938964844,283.3999938964844,287.0,2182923
2018-07-20,223.30836486816406,286.0,288.20001220703125,285.0,285.0,4041062
2018-07-23,223.85496520996094,286.70001220703125,289.6499938964844,284.0,287.0,629540
2018-07-24,223.19131469726562,285.8500061035156,288.0,285.1000061035156,287.0,3997082
2018-07-25,224.01109313964844,286.8999938964844,291.8999938964844,283.45001220703125,286.0,6454497
2018-07-26,223.97207641601562,286.8500061035156,288.6499938964844,278.04998779296875,286.0,5254405
2018-07-27,226.00213623046875,289.45001220703125,290.79998779296875,284.1000061035156,287.29998779296875,1703895
2018-07-30,225.7678985595703,289.1499938964844,292.3500061035156,287.0,290.0,1203306
2018-07-31,223.81590270996094,286.6499938964844,291.75,285.95001220703125,290.0,1744891
2018-08-01,228.96920776367188,293.25,297.45001220703125,285.75,287.0,1897046
2018-08-02,227.32949829101562,291.1499938964844,297.8999938964844,289.3999938964844,293.25,1228980
2018-08-03,226.5096893310547,290.1000061035156,292.6000061035156,288.75,289.8999938964844,1138012
2018-08-06,224.1282501220703,287.04998779296875,291.8500061035156,285.75,291.45001220703125,684331
2018-08-07,223.23031616210938,285.8999938964844,289.5,285.0,286.3999938964844,1854883
2018-08-08,226.782958984375,290.45001220703125,292.5,284.1499938964844,286.0,5442103
2018-08-09,228.96920776367188,293.25,296.8500061035156,289.29998779296875,291.20001220703125,1562399
2018-08-10,226.353515625,289.8999938964844,293.6499938964844,287.6000061035156,290.29998779296875,1271219
2018-08-13,222.7227783203125,285.25,287.54998779296875,283.45001220703125,287.20001220703125,1095747
2018-08-14,221.6687469482422,283.8999938964844,285.75,280.20001220703125,285.29998779296875,2241692
2018-08-16,219.13113403320312,280.6499938964844,283.45001220703125,279.0,282.0,1705620
2018-08-17,220.61465454101562,282.54998779296875,285.3999938964844,281.0,281.0,2626989
2018-08-20,222.37139892578125,284.79998779296875,287.0,281.8999938964844,282.6000061035156,1706019
2018-08-21,224.4795684814453,287.5,289.70001220703125,284.3500061035156,285.45001220703125,2304463
2018-08-23,221.6687469482422,283.8999938964844,290.70001220703125,282.54998779296875,288.0,1875794
2018-08-24,222.95701599121094,285.54998779296875,291.3999938964844,278.8500061035156,283.3999938964844,3456951
2018-08-27,224.90902709960938,288.04998779296875,289.79998779296875,281.6000061035156,285.54998779296875,2244792
2018-08-28,223.42550659179688,286.1499938964844,289.79998779296875,282.6000061035156,289.79998779296875,10163994
2018-08-29,221.43447875976562,283.6000061035156,287.20001220703125,282.25,287.20001220703125,4826522
2018-08-30,222.0591278076172,284.3999938964844,286.0,280.1000061035156,282.29998779296875,2645826
2018-08-31,224.01109313964844,286.8999938964844,294.79998779296875,285.0,285.75,2495220
2018-09-03,226.2754364013672,289.79998779296875,292.8999938964844,286.0,289.04998779296875,1141409
2018-09-04,221.78582763671875,284.04998779296875,292.0,282.3999938964844,291.0,1433152
2018-09-05,211.86968994140625,271.3500061035156,284.0,269.25,284.0,2129182
2018-09-06,211.55738830566406,270.95001220703125,277.6000061035156,265.6000061035156,266.3500061035156,3939106
2018-09-07,216.55450439453125,277.3500061035156,279.3500061035156,267.20001220703125,272.0,2042234
2018-09-10,215.2661590576172,275.70001220703125,279.0,272.70001220703125,273.8999938964844,793199
2018-09-11,210.97178649902344,270.20001220703125,276.79998779296875,269.0,275.25,2484626
2018-09-12,211.4402313232422,270.79998779296875,272.29998779296875,263.29998779296875,270.20001220703125,1097568
2018-09-14,214.40728759765625,274.6000061035156,275.8999938964844,270.54998779296875,270.79998779296875,3099251
2018-09-17,208.35610961914062,266.8500061035156,275.0,266.0,274.79998779296875,2277951
2018-09-18,208.23899841308594,266.70001220703125,268.0,265.0,268.0,1788883
2018-09-19,211.51834106445312,270.8999938964844,272.8500061035156,264.0,268.0,1208800
2018-09-21,219.56057739257812,281.20001220703125,282.8500061035156,270.6000061035156,272.8999938964844,3625576
2018-09-24,216.9448699951172,277.8500061035156,283.95001220703125,273.04998779296875,280.0,1342760
2018-09-25,210.30812072753906,269.3500061035156,280.0,268.04998779296875,277.0,2794731
2018-09-26,204.17884826660156,261.5,273.8999938964844,257.70001220703125,270.0,2575108
2018-09-27,209.13690185546875,267.8500061035156,271.04998779296875,256.8500061035156,262.0,3769191
2018-09-28,205.3109893798828,262.95001220703125,275.45001220703125,261.5,267.8500061035156,2438632
2018-10-01,208.9416961669922,267.6000061035156,272.29998779296875,262.0,262.8999938964844,2928255
2018-10-03,196.52699279785156,251.6999969482422,267.6000061035156,250.0,267.6000061035156,2989267
2018-10-04,200.00152587890625,256.1499938964844,261.6000061035156,242.25,242.64999389648438,4972966
2018-10-05,203.16378784179688,260.20001220703125,264.0,253.60000610351562,254.89999389648438,4498382
2018-10-08,208.23899841308594,266.70001220703125,269.5,253.14999389648438,260.0,2253966
2018-10-09,208.0828094482422,266.5,273.8999938964844,261.95001220703125,266.70001220703125,2128482
2018-10-10,201.64122009277344,258.25,276.0,256.5,268.45001220703125,2832141
2018-10-11,202.8124237060547,259.75,262.6499938964844,252.0,252.6999969482422,4629003
2018-10-12,207.34104919433594,265.54998779296875,267.5,258.0,259.95001220703125,2502620
2018-10-15,209.72250366210938,268.6000061035156,271.6000061035156,264.8500061035156,267.54998779296875,1953850
2018-10-16,207.88758850097656,266.25,277.5,263.79998779296875,268.6000061035156,2760250
2018-10-17,203.0076141357422,260.0,269.6499938964844,258.20001220703125,268.70001220703125,1618929
2018-10-19,206.48219299316406,264.45001220703125,268.6499938964844,261.0,261.0,2544569
2018-10-22,207.10682678222656,265.25,267.8999938964844,260.6499938964844,266.0,1228217
2018-10-23,207.30203247070312,265.5,270.3999938964844,258.6000061035156,264.6000061035156,8806279
2018-10-24,205.54522705078125,263.25,267.8999938964844,259.8999938964844,265.54998779296875,2283437
2018-10-25,206.91163635253906,265.0,270.70001220703125,260.0,260.1000061035156,6916739
2018-10-26,206.91163635253906,265.0,268.45001220703125,261.8500061035156,264.5,2293262
2018-10-29,206.63836669921875,264.6499938964844,266.75,262.54998779296875,263.5,995410
2018-10-30,207.8485870361328,266.20001220703125,267.95001220703125,263.5,265.1499938964844,1524274
2018-10-31,210.23004150390625,269.25,271.0,259.3999938964844,265.0,2396820
2018-11-01,209.7882843017578,261.20001220703125,266.95001220703125,260.3500061035156,264.04998779296875,2270401
2018-11-02,210.6717529296875,262.29998779296875,264.75,260.25,262.79998779296875,1687971
2018-11-05,210.39065551757812,261.95001220703125,264.0,258.04998779296875,262.29998779296875,1661661
2018-11-06,210.95286560058594,262.6499938964844,265.75,259.29998779296875,261.1499938964844,1582175
2018-11-07,212.9608154296875,265.1499938964844,266.25,263.0,264.8999938964844,94257
2018-11-09,213.5230255126953,265.8500061035156,274.1000061035156,264.3500061035156,267.79998779296875,4838067
2018-11-12,207.6197052001953,258.5,268.79998779296875,257.45001220703125,267.95001220703125,2007650
2018-11-13,207.53939819335938,258.3999938964844,261.25,253.5500030517578,258.0,1412523
2018-11-14,208.86459350585938,260.04998779296875,261.5,256.8500061035156,260.0,813648
2018-11-15,205.12985229492188,255.39999389648438,261.95001220703125,254.0,261.95001220703125,1206044
2018-11-16,208.5032196044922,259.6000061035156,262.25,256.0,257.79998779296875,1581500
2018-11-19,208.78431701660156,259.95001220703125,261.79998779296875,257.5,259.5,741946
2018-11-20,209.06539916992188,260.29998779296875,261.25,257.8999938964844,260.0,1005059
2018-11-21,207.9008331298828,258.8500061035156,260.54998779296875,256.45001220703125,259.04998779296875,1328745
2018-11-22,207.29843139648438,258.1000061035156,263.5,244.10000610351562,258.70001220703125,2857031
2018-11-26,211.03318786621094,262.75,268.54998779296875,258.29998779296875,259.0,3138480
2018-11-27,212.15765380859375,264.1499938964844,268.25,259.1499938964844,262.0,2270520
2018-11-28,208.54335021972656,259.6499938964844,266.29998779296875,257.6000061035156,266.0,1726167
2018-11-29,213.20175170898438,265.45001220703125,266.5,254.25,260.8500061035156,1424071
2018-11-30,206.2141571044922,256.75,265.95001220703125,255.3000030517578,262.6000061035156,3389542
2018-12-03,205.61178588867188,256.0,259.95001220703125,253.9499969482422,257.0,2081914
2018-12-04,204.68812561035156,254.85000610351562,257.0,252.5,255.6999969482422,4028606
2018-12-05,207.49923706054688,258.3500061035156,259.3999938964844,253.35000610351562,255.0,1194976
2018-12-06,205.33065795898438,255.64999389648438,257.79998779296875,253.5500030517578,255.75,648790
2018-12-07,203.081787109375,252.85000610351562,256.95001220703125,251.5500030517578,254.0,721812
2018-12-10,201.07386779785156,250.35000610351562,251.6999969482422,246.25,251.6999969482422,1896394
2018-12-11,203.32273864746094,253.14999389648438,257.25,246.0,247.6999969482422,924469
2018-12-12,201.35498046875,250.6999969482422,256.29998779296875,250.0,253.89999389648438,1909161
2018-12-13,200.1502227783203,249.1999969482422,252.4499969482422,248.35000610351562,251.1999969482422,2790047
2018-12-14,202.43927001953125,252.0500030517578,252.89999389648438,247.25,249.0,1818267
2018-12-17,204.76846313476562,254.9499969482422,255.85000610351562,249.25,252.3000030517578,1419070
2018-12-18,204.4873504638672,254.60000610351562,257.29998779296875,252.6999969482422,253.0500030517578,1171801
2018-12-19,211.5954132080078,263.45001220703125,267.1000061035156,254.5500030517578,255.0,2570544
2018-12-20,210.43081665039062,262.0,263.95001220703125,257.95001220703125,262.0,1137215
2018-12-21,208.70401000976562,259.8500061035156,265.0,247.4499969482422,263.79998779296875,6508796
2018-12-24,210.87254333496094,262.54998779296875,271.1499938964844,256.0,262.0,3202904
2018-12-26,210.91270446777344,262.6000061035156,265.0,258.25,259.95001220703125,1282658
2018-12-27,214.28599548339844,266.79998779296875,269.20001220703125,261.5,262.6000061035156,1209883
2018-12-28,211.23397827148438,263.0,269.75,262.0,269.04998779296875,1745967
2018-12-31,208.02130126953125,259.0,265.0,257.20001220703125,262.6499938964844,1577464
2019-01-01,210.63160705566406,262.25,263.5,257.79998779296875,259.95001220703125,799064
2019-01-02,212.23794555664062,264.25,266.0,258.70001220703125,261.95001220703125,1115095
2019-01-03,218.14126586914062,271.6000061035156,273.3999938964844,263.6000061035156,265.0,2888878
2019-01-04,228.94390869140625,285.04998779296875,288.5,272.0,273.0,6714533
2019-01-07,235.93150329589844,293.75,295.1499938964844,285.1000061035156,287.5,5453037
2019-01-08,239.3048095703125,297.95001220703125,300.3999938964844,290.0,292.70001220703125,4648636
2019-01-09,233.20071411132812,290.3500061035156,299.8999938964844,289.25,299.8999938964844,3188173
2019-01-10,228.94390869140625,285.04998779296875,290.3999938964844,281.6000061035156,290.1000061035156,3672383
2019-01-11,222.63900756835938,277.20001220703125,286.1000061035156,276.1499938964844,285.1000061035156,3840134
2019-01-14,224.9682159423828,280.1000061035156,282.79998779296875,274.3500061035156,276.70001220703125,6223594
2019-01-15,224.6870880126953,279.75,283.75,277.6499938964844,280.1499938964844,2487680
2019-01-16,221.5547332763672,275.8500061035156,284.3999938964844,274.5,280.0,3605390
2019-01-17,225.2493438720703,280.45001220703125,282.3500061035156,276.3999938964844,278.5,3729858
2019-01-18,223.3217010498047,278.04998779296875,283.3999938964844,277.0,280.6499938964844,3096388
2019-01-21,223.1208953857422,277.79998779296875,279.8500061035156,270.6499938964844,278.04998779296875,2421296
2019-01-22,223.0004425048828,277.6499938964844,280.70001220703125,274.5,278.75,2194405
2019-01-23,222.47837829589844,277.0,281.3999938964844,274.79998779296875,278.0,4888651
2019-01-24,211.23397827148438,263.0,283.1499938964844,261.20001220703125,282.0,11122963
2019-01-25,224.6870880126953,279.75,282.45001220703125,264.1000061035156,264.6000061035156,11828569
2019-01-28,230.7510223388672,287.29998779296875,293.8500061035156,277.04998779296875,283.70001220703125,8309902
2019-01-29,238.82289123535156,297.3500061035156,298.8999938964844,283.3999938964844,284.95001220703125,6402177
2019-01-30,233.16055297851562,290.29998779296875,299.6000061035156,286.04998779296875,296.25,6293196
2019-01-31,234.72674560546875,292.25,296.3999938964844,285.0,290.0,4762254
2019-02-01,237.89927673339844,296.20001220703125,298.0,290.8500061035156,296.0,2258242
2019-02-04,236.9756317138672,295.04998779296875,297.79998779296875,287.5,292.25,2318471
2019-02-05,232.0360870361328,288.8999938964844,295.0,286.45001220703125,295.0,3538939
2019-02-06,238.01974487304688,296.3500061035156,298.0,288.79998779296875,290.0,2707550
2019-02-07,245.64984130859375,305.8500061035156,308.5,290.6499938964844,293.6000061035156,3137895
2019-02-08,261.8739318847656,326.04998779296875,335.0,302.04998779296875,302.04998779296875,11194181
2019-02-11,259.8258361816406,323.5,329.0,320.0,326.0,3081552
2019-02-12,251.2720489501953,312.8500061035156,324.3999938964844,310.6499938964844,323.0,3518639
2019-02-14,238.70240783691406,297.20001220703125,304.0,293.5,304.0,2912616
2019-02-15,246.4931640625,306.8999938964844,310.45001220703125,291.95001220703125,299.20001220703125,4992264
2019-02-18,254.64537048339844,317.04998779296875,319.25,304.70001220703125,306.70001220703125,6443621
2019-02-19,255.76983642578125,318.45001220703125,324.8500061035156,315.0,315.0,6184870
2019-02-20,255.56900024414062,318.20001220703125,322.8999938964844,313.6499938964844,319.0,2478600
2019-02-21,251.03109741210938,312.54998779296875,318.0,306.29998779296875,317.6000061035156,3996262
2019-02-22,251.8744354248047,313.6000061035156,321.79998779296875,309.0,311.45001220703125,3970353
2019-02-25,244.1238555908203,303.95001220703125,313.79998779296875,302.45001220703125,313.6000061035156,3480643
2019-02-26,247.37667846679688,308.0,310.5,300.1499938964844,304.0,5880043
2019-02-27,238.34100341796875,296.75,309.0,294.79998779296875,308.95001220703125,4142722
2019-02-28,235.85118103027344,293.6499938964844,298.8500061035156,291.5,298.0,3914334
2019-03-01,235.52992248535156,293.25,297.6499938964844,292.0,297.6499938964844,2121450
2019-03-05,237.8590850830078,296.1499938964844,297.0,291.6000061035156,295.0,2215719
2019-03-06,242.99937438964844,302.54998779296875,306.5,295.3500061035156,296.95001220703125,4205863
2019-03-07,245.48922729492188,305.6499938964844,309.5,304.45001220703125,305.8999938964844,2653768
2019-03-08,245.36875915527344,305.5,310.0,304.04998779296875,304.79998779296875,2175387
2019-03-11,256.7738037109375,319.70001220703125,322.0,305.95001220703125,306.6000061035156,4166219
2019-03-12,254.0831756591797,316.3500061035156,322.70001220703125,309.0,319.5,5298735
2019-03-13,251.5129852294922,313.1499938964844,321.0,311.04998779296875,320.3999938964844,2238504
2019-03-14,252.47679138183594,314.3500061035156,318.0,312.0,314.0,1873621
2019-03-15,251.55316162109375,313.20001220703125,320.0,311.25,316.0,2880482
2019-03-18,255.48870849609375,318.1000061035156,321.6000061035156,310.8500061035156,317.0,2868948
2019-03-19,263.1188659667969,327.6000061035156,331.79998779296875,314.1499938964844,320.0,10223121
2019-03-20,261.0707702636719,325.04998779296875,333.45001220703125,322.25,328.29998779296875,3756179
2019-03-22,253.8823699951172,316.1000061035156,329.25,313.8999938964844,325.1000061035156,3378667
2019-03-25,246.25222778320312,306.6000061035156,314.54998779296875,304.75,314.54998779296875,2436411
2019-03-26,251.2720489501953,312.8500061035156,314.0,305.20001220703125,305.20001220703125,2393663
2019-03-27,253.9626922607422,316.20001220703125,318.5,311.1000061035156,316.8999938964844,2831679
2019-03-28,254.68553161621094,317.1000061035156,319.6499938964844,313.45001220703125,317.45001220703125,1752675
2019-04-01,252.39645385742188,314.25,317.6000061035156,311.5,314.95001220703125,1556091
2019-04-02,252.9988555908203,315.0,318.1000061035156,312.1499938964844,314.45001220703125,1660087
2019-04-03,254.80601501464844,317.25,320.0,314.1499938964844,314.5,1971729
2019-04-04,254.32411193847656,316.6499938964844,319.75,314.70001220703125,318.5,1339901
2019-04-05,254.44459533691406,316.79998779296875,320.0,314.3999938964844,316.6499938964844,1034427
2019-04-08,253.8823699951172,316.1000061035156,318.70001220703125,313.70001220703125,317.95001220703125,1035460
2019-04-09,253.15956115722656,315.20001220703125,318.5,312.5,316.1000061035156,777799
2019-04-10,253.2398223876953,315.29998779296875,318.20001220703125,313.6499938964844,315.1000061035156,1404102
2019-04-11,251.6736602783203,313.3500061035156,317.0,311.04998779296875,315.3500061035156,1316742
2019-04-12,252.71778869628906,314.6499938964844,317.3500061035156,313.0,314.0,777930
2019-04-15,247.73809814453125,308.45001220703125,316.5,307.29998779296875,314.5,1493320
2019-04-16,251.3524169921875,312.95001220703125,316.8999938964844,309.3999938964844,310.95001220703125,2057364
2019-04-18,246.73414611816406,307.20001220703125,314.45001220703125,303.25,312.95001220703125,2227796
2019-04-22,240.6300506591797,299.6000061035156,310.8500061035156,295.54998779296875,306.79998779296875,1606392
2019-04-23,236.13226318359375,294.0,303.6499938964844,292.54998779296875,301.0,1532866
2019-04-24,242.15606689453125,301.5,303.5,291.0,297.0,2572361
2019-04-25,217.41839599609375,270.70001220703125,298.0,265.6499938964844,287.3500061035156,24061163
2019-04-26,219.1853790283203,272.8999938964844,278.0,271.3500061035156,273.0,8713787
2019-04-30,210.87254333496094,262.54998779296875,278.8999938964844,256.5,273.70001220703125,9291803
2019-05-02,217.5388641357422,270.8500061035156,272.3999938964844,262.54998779296875,262.54998779296875,5510874
2019-05-03,220.06884765625,274.0,278.54998779296875,272.1000061035156,272.54998779296875,4234052
2019-05-06,218.34207153320312,271.8500061035156,273.5,268.29998779296875,273.0,2351319
2019-05-07,221.30752563476562,268.0,270.79998779296875,265.75,266.8999938964844,2972102
2019-05-08,220.2340087890625,266.70001220703125,270.29998779296875,263.6499938964844,268.0,2225529
2019-05-09,220.5643310546875,267.1000061035156,269.70001220703125,261.5,266.95001220703125,3520232
2019-05-10,216.55929565429688,262.25,267.0,260.75,266.29998779296875,2270319
2019-05-13,219.20179748535156,265.45001220703125,269.1499938964844,259.6000061035156,261.45001220703125,3369566
2019-05-14,223.0003662109375,270.04998779296875,274.0,262.3500061035156,265.0,2305293
2019-05-15,217.8805694580078,263.8500061035156,273.0,262.1499938964844,272.6499938964844,1834553
2019-05-16,221.43138122558594,268.1499938964844,270.04998779296875,262.3500061035156,267.8999938964844,1350907
2019-05-17,221.88555908203125,268.70001220703125,270.8999938964844,265.5,269.0,1254452
2019-05-20,222.5874786376953,269.54998779296875,275.5,267.79998779296875,270.0,1197002
2019-05-21,227.9962921142578,276.1000061035156,281.45001220703125,270.1000061035156,270.1000061035156,4677322
2019-05-22,222.42233276367188,269.3500061035156,280.8999938964844,268.95001220703125,275.8500061035156,3235336
2019-05-23,226.13832092285156,273.8500061035156,277.0,271.0,273.0,1602734
2019-05-24,229.19366455078125,277.54998779296875,280.3500061035156,269.79998779296875,273.1000061035156,2466673
2019-05-27,230.84519958496094,279.54998779296875,282.8500061035156,276.45001220703125,280.3500061035156,1662490
2019-05-28,222.13330078125,269.0,280.95001220703125,267.0,280.0,5400573
2019-05-29,227.66598510742188,275.70001220703125,278.29998779296875,267.20001220703125,269.8999938964844,4588858
2019-05-30,224.52804565429688,271.8999938964844,276.70001220703125,271.1000061035156,276.3999938964844,1372537
2019-05-31,222.13330078125,269.0,275.3500061035156,267.3500061035156,274.0,2066116
2019-06-03,221.92684936523438,268.75,276.0,267.3999938964844,273.0,2587599
2019-06-04,226.26214599609375,274.0,275.0,268.54998779296875,268.8500061035156,2551900
2019-06-06,225.84927368164062,273.5,275.8999938964844,268.79998779296875,274.25,2900691
2019-06-07,230.9277801513672,279.6499938964844,282.8999938964844,271.79998779296875,274.5,3356328
2019-06-10,232.8271026611328,281.95001220703125,288.5,280.0,281.54998779296875,3384305
2019-06-11,233.81800842285156,283.1499938964844,288.5,279.1000061035156,283.6000061035156,2412856
2019-06-12,225.64285278320312,273.25,282.3999938964844,272.04998779296875,282.0,2151888
2019-06-13,224.07386779785156,271.3500061035156,274.54998779296875,269.1499938964844,274.04998779296875,1588110
2019-06-14,227.1291961669922,275.04998779296875,276.0,270.1000061035156,270.6499938964844,1801435
2019-06-17,224.73446655273438,272.1499938964844,280.0,270.79998779296875,274.5,2898233
2019-06-18,223.04164123535156,270.1000061035156,273.1499938964844,265.1499938964844,272.5,1356266
2019-06-19,224.6931915283203,272.1000061035156,273.0,267.0,269.3999938964844,1549176
2019-06-20,230.4322967529297,279.04998779296875,280.25,269.1499938964844,269.1499938964844,1333171
2019-06-21,227.37696838378906,275.3500061035156,278.04998779296875,271.3999938964844,276.3999938964844,2133362
2019-06-24,225.27122497558594,272.79998779296875,275.95001220703125,271.5,275.0,581858
2019-06-25,222.79388427734375,269.79998779296875,272.54998779296875,266.0,272.0,2009198
2019-06-26,223.9499969482422,271.20001220703125,272.0,267.5,269.0,1494735
2019-06-27,226.9227752685547,274.79998779296875,278.45001220703125,271.54998779296875,272.5,4700008
2019-06-28,220.52301025390625,267.04998779296875,274.8999938964844,265.8999938964844,274.8999938964844,3262265
2019-07-01,219.366943359375,265.6499938964844,269.0,263.54998779296875,269.0,1697283
2019-07-02,219.57337951660156,265.8999938964844,267.6499938964844,264.1499938964844,267.0,1048924
2019-07-03,219.366943359375,265.6499938964844,266.75,261.3999938964844,266.1000061035156,1521436
2019-07-04,217.26124572753906,263.1000061035156,266.5,261.75,266.25,1645218
2019-07-05,215.527099609375,261.0,268.8500061035156,259.20001220703125,263.20001220703125,2412436
2019-07-08,216.76577758789062,262.5,265.0,261.20001220703125,262.0,2642383
2019-07-09,215.2793731689453,260.70001220703125,261.5,256.04998779296875,261.25,1181573
2019-07-10,214.66004943847656,259.95001220703125,260.95001220703125,258.1499938964844,260.1000061035156,1725974
2019-07-11,218.74761962890625,264.8999938964844,265.79998779296875,255.0,255.0500030517578,2562327
2019-07-12,217.13735961914062,262.95001220703125,268.45001220703125,262.0,264.0,1566615
2019-07-15,216.55929565429688,262.25,263.6000061035156,261.25,262.70001220703125,2159610
2019-07-16,217.7567138671875,263.70001220703125,264.70001220703125,261.29998779296875,261.6000061035156,837648
2019-07-17,218.00440979003906,264.0,265.8999938964844,262.0,263.0,894401
2019-07-18,217.30252075195312,263.1499938964844,264.75,261.5,264.0,1411051
2019-07-19,214.2884521484375,259.5,266.8500061035156,257.20001220703125,264.0,1446163
2019-07-22,218.0457000732422,264.04998779296875,268.29998779296875,258.54998779296875,259.6000061035156,2207103
2019-07-23,216.18771362304688,261.79998779296875,265.6000061035156,258.04998779296875,262.0,1800133
2019-07-24,218.12828063964844,264.1499938964844,266.70001220703125,260.6000061035156,261.29998779296875,2286092
2019-07-25,216.27029418945312,261.8999938964844,279.8500061035156,259.29998779296875,269.6000061035156,8454229
2019-07-26,223.12423706054688,270.20001220703125,271.79998779296875,263.1000061035156,263.95001220703125,1960464
2019-07-29,211.8111114501953,256.5,270.04998779296875,255.0500030517578,269.5,2740198
2019-07-30,206.0719757080078,249.5500030517578,259.5,245.10000610351562,257.0,2919377
2019-07-31,202.9340362548828,245.75,250.0,238.6999969482422,249.0,2619952
2019-08-01,207.22805786132812,250.9499969482422,253.9499969482422,244.0,245.75,5097970
2019-08-02,207.59963989257812,251.39999389648438,254.3000030517578,245.3000030517578,249.0,2137582
2019-08-05,202.60372924804688,245.35000610351562,250.85000610351562,242.14999389648438,249.0,3104706
2019-08-06,203.22308349609375,246.10000610351562,248.5,243.0,244.0,2094531
2019-08-07,202.76889038085938,245.5500030517578,249.85000610351562,241.0,246.8000030517578,3169188
2019-08-08,206.6500244140625,250.25,253.5500030517578,246.0500030517578,246.5,2356514
2019-08-09,208.13641357421875,252.0500030517578,255.0,248.1999969482422,250.25,1850151
2019-08-13,203.67721557617188,246.64999389648438,253.4499969482422,243.8000030517578,250.0,3187220
2019-08-14,205.4939422607422,248.85000610351562,252.0,246.1999969482422,246.6999969482422,1684846
2019-08-16,205.78297424316406,249.1999969482422,251.0,243.5,249.0,2114865
2019-08-19,210.82017517089844,255.3000030517578,259.5,250.0500030517578,251.5500030517578,3545851
2019-08-20,211.02664184570312,255.5500030517578,258.5,252.39999389648438,253.0500030517578,1988944
2019-08-21,204.99847412109375,248.25,255.75,246.6999969482422,254.0500030517578,1594454
2019-08-22,206.6327667236328,246.5500030517578,248.75,244.25,246.10000610351562,1636043
2019-08-23,206.96800231933594,246.9499969482422,248.39999389648438,241.14999389648438,246.5500030517578,2095868
2019-08-26,205.71084594726562,245.4499969482422,250.10000610351562,242.14999389648438,247.6999969482422,922855
2019-08-27,205.37559509277344,245.0500030517578,247.9499969482422,242.85000610351562,245.6999969482422,2151969
2019-08-28,208.51846313476562,248.8000030517578,250.5,244.39999389648438,245.9499969482422,1090082
2019-08-29,216.6061248779297,258.45001220703125,264.3500061035156,245.35000610351562,246.35000610351562,2754757
2019-08-30,209.90133666992188,250.4499969482422,257.8500061035156,247.35000610351562,257.8500061035156,2422188
2019-09-03,208.05752563476562,248.25,256.3500061035156,246.6999969482422,248.8000030517578,2517752
2019-09-04,207.8899383544922,248.0500030517578,252.4499969482422,246.25,249.4499969482422,1825938
2019-09-05,208.01560974121094,248.1999969482422,249.6999969482422,247.10000610351562,248.10000610351562,1817635
2019-09-06,209.81753540039062,250.35000610351562,251.85000610351562,245.0,249.5,1416878
2019-09-09,211.99658203125,252.9499969482422,253.89999389648438,247.60000610351562,251.5,847672
2019-09-11,212.2061004638672,253.1999969482422,254.8000030517578,249.85000610351562,252.6999969482422,1822217
2019-09-12,210.15277099609375,250.75,252.8000030517578,248.6999969482422,252.8000030517578,3142907
2019-09-13,213.21182250976562,254.39999389648438,255.4499969482422,249.3000030517578,250.75,1268239
2019-09-16,211.1584930419922,251.9499969482422,254.60000610351562,248.75,252.0500030517578,1991658
2019-09-17,209.6918182373047,250.1999969482422,251.9499969482422,247.0,251.9499969482422,5647217
2019-09-18,212.45753479003906,253.5,255.75,249.25,251.3000030517578,2615368
2019-09-19,209.02134704589844,249.39999389648438,253.6999969482422,247.0500030517578,253.10000610351562,4111416
2019-09-20,217.19277954101562,259.1499938964844,263.25,249.10000610351562,250.4499969482422,6225273
2019-09-23,221.0899200439453,263.79998779296875,273.0,259.5,260.79998779296875,4244471
2019-09-24,215.93563842773438,257.6499938964844,268.75,254.64999389648438,262.0,2774080
2019-09-25,215.6842041015625,257.3500061035156,259.3500061035156,251.5500030517578,256.75,4004448
2019-09-26,216.68991088867188,258.54998779296875,261.45001220703125,256.29998779296875,258.0,3657682
2019-09-27,215.05564880371094,256.6000061035156,259.20001220703125,252.3000030517578,258.0,2152148
2019-09-30,215.64230346679688,257.29998779296875,259.70001220703125,250.4499969482422,255.9499969482422,2066415
2019-10-01,208.6861114501953,249.0,258.95001220703125,244.75,257.79998779296875,2430598
2019-10-03,208.05752563476562,248.25,250.5500030517578,245.6999969482422,249.89999389648438,1812820
2019-10-04,205.92037963867188,245.6999969482422,249.0,245.0500030517578,248.25,1485553
2019-10-07,206.21372985839844,246.0500030517578,247.9499969482422,244.64999389648438,246.0,951115
2019-10-09,214.42706298828125,255.85000610351562,261.0,244.5,246.85000610351562,2574081
2019-10-10,215.30706787109375,256.8999938964844,265.6000061035156,251.5500030517578,257.3999938964844,3932579
2019-10-11,216.3546905517578,258.1499938964844,259.6000061035156,252.35000610351562,256.6499938964844,1556248
2019-10-14,217.44422912597656,259.45001220703125,261.45001220703125,255.60000610351562,259.0,2030766
2019-10-15,215.34898376464844,256.95001220703125,260.3999938964844,255.25,258.5,1842773
2019-10-16,215.4746856689453,257.1000061035156,258.25,251.85000610351562,256.3999938964844,2770291
2019-10-17,215.34898376464844,256.95001220703125,257.95001220703125,253.5500030517578,255.0,2696714
2019-10-18,219.24610900878906,261.6000061035156,263.0,254.0,256.79998779296875,3004253
2019-10-22,216.8994598388672,258.79998779296875,266.0,256.25,266.0,3366265
2019-10-23,217.36041259765625,259.3500061035156,260.70001220703125,252.39999389648438,256.79998779296875,2203222
2019-10-24,199.0898895263672,237.5500030517578,258.29998779296875,234.39999389648438,255.0,14258378
2019-10-25,181.8670196533203,217.0,238.0,212.9499969482422,238.0,21536622
2019-10-27,177.8860321044922,212.25,217.3000030517578,210.3000030517578,214.0,852218
2019-10-29,161.87838745117188,193.14999389648438,214.39999389648438,190.85000610351562,211.5,25065956
2019-10-30,153.53933715820312,183.1999969482422,199.85000610351562,176.35000610351562,193.14999389648438,35136167
2019-10-31,158.98696899414062,189.6999969482422,193.0,177.60000610351562,183.0,25419009
2019-11-01,169.67269897460938,202.4499969482422,204.3000030517578,189.6999969482422,190.0,23457512
2019-11-04,180.0651092529297,214.85000610351562,217.60000610351562,207.4499969482422,207.4499969482422,16966469
2019-11-05,186.18319702148438,222.14999389648438,224.25,212.39999389648438,217.8000030517578,9851993
2019-11-06,185.34510803222656,221.14999389648438,223.9499969482422,216.1999969482422,222.0,13269159
2019-11-07,192.3013153076172,229.4499969482422,230.9499969482422,222.5,223.0,10721436
2019-11-08,182.95654296875,218.3000030517578,229.0,216.0,229.0,8452515
2019-11-11,184.8422393798828,220.5500030517578,222.0,213.5,218.3000030517578,7179974
2019-11-13,182.87269592285156,218.1999969482422,221.89999389648438,216.0500030517578,221.89999389648438,4721406
2019-11-14,174.86888122558594,208.64999389648438,211.25,198.75,205.0,13453599
2019-11-15,190.3737030029297,227.14999389648438,234.0,203.0500030517578,203.9499969482422,20249326
2019-11-18,190.0803680419922,226.8000030517578,233.75,221.9499969482422,226.0,16131688
2019-11-19,209.9851531982422,250.5500030517578,259.8500061035156,227.6999969482422,227.9499969482422,25783702
2019-11-20,201.8975067138672,240.89999389648438,260.29998779296875,237.5,257.1000061035156,24039955
2019-11-21,202.73561096191406,241.89999389648438,245.64999389648438,231.3000030517578,243.9499969482422,14777175
2019-11-22,194.43846130371094,232.0,243.0,227.39999389648438,242.0,18160133
2019-11-25,209.64991760253906,250.14999389648438,251.9499969482422,232.60000610351562,233.3000030517578,18326933
2019-11-26,194.9832000732422,232.64999389648438,244.0500030517578,231.0,244.0,15371490
2019-11-27,188.82321166992188,225.3000030517578,240.39999389648438,223.25,235.0,11954026
2019-11-28,215.05564880371094,256.6000061035156,261.0,227.0,227.0,44381478
2019-11-29,231.56613159179688,276.29998779296875,283.79998779296875,238.0,250.0,52305477
2019-12-02,222.5146942138672,265.5,296.5,260.45001220703125,284.29998779296875,26310842
2019-12-03,208.22515869140625,248.4499969482422,269.6499938964844,237.10000610351562,269.6499938964844,36918534
2019-12-04,208.64419555664062,248.9499969482422,261.0,242.5,250.0,35960053
2019-12-05,206.21372985839844,246.0500030517578,256.79998779296875,244.10000610351562,252.6999969482422,13085258
2019-12-06,217.65374755859375,259.70001220703125,262.0,247.5500030517578,247.60000610351562,29550642
2019-12-09,218.2404022216797,260.3999938964844,262.0,252.5,258.0,12122619
2019-12-10,212.96038818359375,254.10000610351562,259.0,252.14999389648438,259.0,7836507
2019-12-11,213.3794403076172,254.60000610351562,262.6000061035156,252.3000030517578,256.0,13423416
2019-12-12,211.36801147460938,252.1999969482422,259.5,248.60000610351562,256.1000061035156,7644969
2019-12-13,211.53562927246094,252.39999389648438,256.45001220703125,246.0500030517578,253.75,7635565
2019-12-16,208.05752563476562,248.25,259.8999938964844,246.14999389648438,256.5,10418127
2019-12-17,208.01560974121094,248.1999969482422,251.39999389648438,244.64999389648438,249.0,9029823
2019-12-18,209.775634765625,250.3000030517578,253.0,246.39999389648438,251.0,6687638
2019-12-19,213.3771209716797,251.8000030517578,254.3000030517578,247.5,249.0,8182741
2019-12-20,214.60585021972656,253.25,262.8999938964844,251.14999389648438,251.85000610351562,17280490
2019-12-23,215.74984741210938,254.60000610351562,255.89999389648438,249.0,252.8000030517578,6088785
2019-12-24,216.34303283691406,255.3000030517578,257.79998779296875,252.5,255.0,5122180
2019-12-26,217.105712890625,256.20001220703125,260.45001220703125,251.64999389648438,255.0,7148144
2019-12-27,216.68199157714844,255.6999969482422,258.95001220703125,252.6999969482422,254.89999389648438,3880157
2019-12-30,216.34303283691406,255.3000030517578,258.70001220703125,254.0,255.4499969482422,3041224
2019-12-31,213.9702911376953,252.5,260.6499938964844,251.25,255.5,6661439
2020-01-01,215.6227264404297,254.4499969482422,258.45001220703125,252.89999389648438,254.0,5109979
2020-01-02,214.94480895996094,253.64999389648438,257.5,252.6999969482422,257.0,2877511
2020-01-03,210.2840576171875,248.14999389648438,255.85000610351562,243.6999969482422,254.1999969482422,3954085
2020-01-06,205.70806884765625,242.75,247.6999969482422,242.0,247.10000610351562,2717925
2020-01-07,201.89474487304688,238.25,246.89999389648438,237.14999389648438,242.5,4818126
2020-01-08,200.2423095703125,236.3000030517578,238.5,233.1999969482422,238.0500030517578,4677084
2020-01-09,212.36021423339844,250.60000610351562,252.5,239.85000610351562,240.0,9394608
2020-01-10,211.3856964111328,249.4499969482422,256.8999938964844,248.6999969482422,251.0,7865194
2020-01-13,208.84347534179688,246.4499969482422,252.8000030517578,243.60000610351562,251.4499969482422,5355328
2020-01-14,210.0722198486328,247.89999389648438,249.1999969482422,245.64999389648438,246.5,2707073
2020-01-15,209.3519287109375,247.0500030517578,252.14999389648438,245.5,248.1999969482422,3494541
2020-01-16,205.96229553222656,243.0500030517578,249.14999389648438,240.9499969482422,247.0500030517578,2911756
2020-01-17,184.94659423828125,218.25,228.60000610351562,210.25,218.75,28282727
2020-01-20,187.99725341796875,221.85000610351562,227.89999389648438,218.25,219.0,13282147
2020-01-21,203.80140686035156,240.5,243.5500030517578,224.39999389648438,224.39999389648438,24634362
2020-01-22,204.22511291503906,241.0,245.0,235.5,244.85000610351562,9193629
2020-01-23,205.24200439453125,242.1999969482422,243.75,235.4499969482422,239.1999969482422,4466738
2020-01-24,207.0215606689453,244.3000030517578,245.89999389648438,238.5,240.0,3975793
2020-01-27,204.94540405273438,241.85000610351562,243.5,239.0,243.0,2599568
2020-01-28,201.34393310546875,237.60000610351562,243.9499969482422,232.64999389648438,242.0,3982125
2020-01-29,207.7842254638672,245.1999969482422,246.89999389648438,238.35000610351562,240.89999389648438,5089013
2020-01-30,208.58924865722656,246.14999389648438,249.5,241.1999969482422,245.1999969482422,5037540
2020-01-31,210.41116333007812,248.3000030517578,253.8000030517578,243.6999969482422,247.0,5811965
2020-02-03,194.31045532226562,229.3000030517578,248.0,222.4499969482422,243.3000030517578,13622443
2020-02-04,203.42007446289062,240.0500030517578,242.5,231.0,234.5,7292340
2020-02-05,208.50453186035156,246.0500030517578,251.0,240.0,242.0,5424629
2020-02-06,207.48764038085938,244.85000610351562,251.0,240.60000610351562,246.0,3801748
2020-02-07,209.9874725341797,247.8000030517578,249.0,242.39999389648438,245.0,2361756
2020-02-10,203.2082061767578,239.8000030517578,252.75,238.3000030517578,245.5500030517578,4269585
2020-02-11,210.8348846435547,248.8000030517578,249.0,241.1999969482422,243.0,3205776
2020-02-12,206.2165069580078,243.35000610351562,248.0,242.1999969482422,248.0,2183986
2020-02-13,207.48764038085938,244.85000610351562,247.6999969482422,242.0500030517578,247.5,1929975
2020-02-14,199.52200317382812,235.4499969482422,251.0,227.6999969482422,246.0,15878119
2020-02-17,199.1406707763672,235.0,239.9499969482422,232.0,234.85000610351562,4423991
2020-02-18,177.9554901123047,210.0,235.39999389648438,200.6999969482422,235.39999389648438,23923588
2020-02-19,190.7513427734375,225.10000610351562,228.1999969482422,212.25,215.0,22582088
2020-02-20,191.6834716796875,226.1999969482422,231.0,224.60000610351562,225.5,10358700
2020-02-24,182.99755859375,215.9499969482422,242.0,207.5,242.0,19291593
2020-02-25,183.2941436767578,216.3000030517578,221.89999389648438,207.75,219.5,12279734
2020-02-26,185.37030029296875,218.75,221.39999389648438,211.0,216.3000030517578,7463028
2020-02-27,189.0565185546875,223.10000610351562,225.39999389648438,215.1999969482422,218.75,8207359
2020-02-28,181.7264404296875,214.4499969482422,218.0,211.14999389648438,217.0,5003761
2020-03-02,183.76023864746094,216.85000610351562,226.25,210.1999969482422,216.0,5593236
2020-03-03,185.87875366210938,219.35000610351562,225.0,213.0500030517578,220.0,4885039
2020-03-04,187.3193359375,221.0500030517578,223.0,215.8000030517578,219.35000610351562,4051461
2020-03-05,181.9383087158203,214.6999969482422,223.75,211.60000610351562,222.6999969482422,6312226
2020-03-06,172.6168212890625,203.6999969482422,209.6999969482422,201.0,209.6999969482422,3489700
2020-03-09,178.8029022216797,211.0,215.0,195.3000030517578,196.0,6976193
2020-03-11,190.45474243164062,224.75,226.6999969482422,207.0,209.0,9057664
2020-03-12,187.53118896484375,221.3000030517578,224.5,207.0,207.0,8429211
2020-03-13,192.57325744628906,227.25,241.6999969482422,208.0500030517578,221.0,10869349
2020-03-16,177.44703674316406,209.39999389648438,220.89999389648438,203.0,219.8000030517578,6990093
2020-03-17,164.73593139648438,194.39999389648438,214.5,190.6999969482422,209.89999389648438,7162946
2020-03-18,127.02631378173828,149.89999389648438,202.5500030517578,148.0,194.39999389648438,16816484
2020-03-19,105.12085723876953,124.05000305175781,149.89999389648438,120.05000305175781,149.89999389648438,22843626
2020-03-20,125.54336547851562,148.14999389648438,155.89999389648438,122.80000305175781,124.19999694824219,16272699
2020-03-23,121.5181655883789,143.39999389648438,148.0,133.5,134.0,6129390
2020-03-24,120.28943634033203,141.9499969482422,150.8000030517578,131.0,149.0,8100910
2020-03-25,124.9925537109375,147.5,151.89999389648438,136.3000030517578,139.3000030517578,4970724
2020-03-26,132.61920166015625,156.5,169.0,147.0,150.4499969482422,7345437
2020-03-27,132.87344360351562,156.8000030517578,165.0,153.5,165.0,7324742
2020-03-30,131.43284606933594,155.10000610351562,157.75,148.39999389648438,157.10000610351562,5274296
2020-03-31,135.58514404296875,160.0,163.3000030517578,154.6999969482422,155.89999389648438,3313693
2020-04-01,131.43284606933594,155.10000610351562,160.5,150.5,160.0,3210492
2020-04-03,132.53445434570312,156.39999389648438,161.60000610351562,154.1999969482422,158.0,8125477
2020-04-07,135.2885284423828,159.64999389648438,164.5,157.10000610351562,164.1999969482422,7789053
2020-04-08,141.00852966308594,166.39999389648438,170.39999389648438,158.0500030517578,161.10000610351562,8193132
2020-04-09,147.3640899658203,173.89999389648438,175.25,169.0,171.0,3777265
2020-04-13,150.41476440429688,177.5,179.35000610351562,171.4499969482422,173.1999969482422,3315053
2020-04-15,147.27935791015625,173.8000030517578,181.0,172.10000610351562,180.0500030517578,4525876
2020-04-16,145.330322265625,171.5,175.6999969482422,165.4499969482422,171.0,6471643
2020-04-17,142.6186065673828,168.3000030517578,175.89999389648438,166.89999389648438,175.0,4417192
2020-04-20,134.991943359375,159.3000030517578,170.0,158.39999389648438,168.89999389648438,6007059
2020-04-21,138.1697235107422,163.0500030517578,165.0,156.0,159.3000030517578,7392996
2020-04-22,141.98306274414062,167.5500030517578,168.39999389648438,164.0,164.0,5550713
2020-04-23,140.7543182373047,166.10000610351562,174.5500030517578,166.0,169.0,5745051
2020-04-24,128.80589294433594,152.0,172.89999389648438,149.5,169.0,19437294
2020-04-27,133.38186645507812,157.39999389648438,160.5,154.0,154.0,7029004
2020-04-28,135.07669067382812,159.39999389648438,160.85000610351562,155.0,160.0,4152094
2020-04-29,138.12734985351562,163.0,163.9499969482422,157.0500030517578,160.0500030517578,3332504
2020-04-30,147.7877960205078,174.39999389648438,175.8000030517578,162.14999389648438,163.0,5671153
2020-05-04,142.7880859375,168.5,171.75,162.89999389648438,164.0,3535528
2020-05-05,148.1730499267578,170.60000610351562,183.8000030517578,164.75,168.0,20706226
2020-05-06,139.74819946289062,160.89999389648438,174.0,159.5,171.0,10677481
2020-05-07,150.08383178710938,172.8000030517578,174.39999389648438,156.60000610351562,159.0,18270747
2020-05-08,151.3432159423828,174.25,176.5,167.39999389648438,173.0,13660992
2020-05-11,159.4640655517578,183.60000610351562,187.6999969482422,173.0,174.25,7607663
2020-05-12,164.67532348632812,189.60000610351562,192.60000610351562,178.4499969482422,185.0,13981319
2020-05-13,170.3642578125,196.14999389648438,199.0,191.5500030517578,195.35000610351562,8788086
2020-05-14,182.0895538330078,209.64999389648438,213.60000610351562,189.6999969482422,190.0,24091408
2020-05-15,175.87948608398438,202.5,207.4499969482422,200.6999969482422,205.9499969482422,11910529
2020-05-18,179.87478637695312,207.10000610351562,210.0,201.10000610351562,205.0,15523354
2020-05-19,189.9932861328125,218.75,220.8000030517578,206.0,212.0,15351128
2020-05-20,174.4464111328125,200.85000610351562,217.4499969482422,196.0,213.10000610351562,22326973
2020-05-21,178.7891082763672,205.85000610351562,209.64999389648438,204.0,204.0,13460819
2020-05-22,180.22219848632812,207.5,212.5500030517578,200.0500030517578,202.0,10697684
2020-05-26,180.78672790527344,208.14999389648438,214.0,203.25,207.89999389648438,9468298
2020-05-27,188.21278381347656,216.6999969482422,218.5,208.0500030517578,208.5,6741735
2020-05-28,194.4228515625,223.85000610351562,225.3000030517578,213.89999389648438,214.10000610351562,6682224
2020-05-29,199.72093200683594,229.9499969482422,242.5,224.3000030517578,225.4499969482422,24854708
2020-06-01,194.770263671875,224.25,237.5,222.0500030517578,231.0,13153070
2020-06-02,193.9017333984375,223.25,229.9499969482422,222.14999389648438,228.85000610351562,8444140
2020-06-03,190.21041870117188,219.0,228.0,216.10000610351562,228.0,11729848
2020-06-04,190.12355041503906,218.89999389648438,224.0,213.89999389648438,218.10000610351562,6951640
2020-06-05,205.1927490234375,236.25,239.6999969482422,223.0,226.85000610351562,18569716
2020-06-08,199.93807983398438,230.1999969482422,241.0,228.5500030517578,238.14999389648438,10230314
2020-06-09,202.3699951171875,233.0,240.5,225.4499969482422,231.0500030517578,10201878
2020-06-10,202.10943603515625,232.6999969482422,240.75,229.5500030517578,233.0,10678222
2020-06-11,183.08839416503906,210.8000030517578,237.4499969482422,207.10000610351562,231.89999389648438,21458130
2020-06-12,195.42166137695312,225.0,227.0,200.0,206.75,26283922
2020-06-15,193.5977325439453,222.89999389648438,228.8000030517578,217.60000610351562,226.0,8173096
2020-06-16,187.60479736328125,216.0,228.9499969482422,214.60000610351562,228.3000030517578,8074024
2020-06-17,179.1365203857422,206.25,216.8000030517578,205.0500030517578,216.8000030517578,14019765
2020-06-18,181.7855682373047,209.3000030517578,214.0,205.5,208.9499969482422,14171597
2020-06-19,190.08013916015625,218.85000610351562,220.0,209.0500030517578,212.3000030517578,13088305
2020-06-22,193.55430603027344,222.85000610351562,227.89999389648438,218.35000610351562,221.0,8368814
2020-06-23,201.80545043945312,232.35000610351562,233.39999389648438,224.1999969482422,227.6999969482422,10533667
2020-06-24,202.41342163085938,233.0500030517578,237.5,227.39999389648438,233.0,10264665
2020-06-25,198.4181365966797,228.4499969482422,232.39999389648438,218.0,222.0,15311997
2020-06-26,191.60009765625,220.60000610351562,231.5,218.1999969482422,223.60000610351562,10084789
2020-06-29,190.42755126953125,219.25,225.0,211.0,222.0,12753372
2020-06-30,192.38177490234375,221.5,224.60000610351562,218.64999389648438,224.60000610351562,7163462
2020-07-01,189.90643310546875,218.64999389648438,223.0,216.5,223.0,5347618
2020-07-02,193.1200408935547,222.35000610351562,222.9499969482422,218.25,219.5,3395755
2020-07-03,196.89817810058594,226.6999969482422,228.5,221.14999389648438,222.35000610351562,5943098
2020-07-06,196.63760375976562,226.39999389648438,228.60000610351562,223.64999389648438,226.75,3957890
2020-07-07,193.5977325439453,222.89999389648438,225.0,218.5500030517578,224.8000030517578,7083874
2020-07-08,190.514404296875,219.35000610351562,224.60000610351562,218.5,221.5,4202265
2020-07-09,186.3454132080078,214.5500030517578,219.8000030517578,212.60000610351562,219.35000610351562,7166015
2020-07-10,181.5684356689453,209.0500030517578,215.9499969482422,206.14999389648438,215.35000610351562,10692196
2020-07-13,183.87005615234375,211.6999969482422,212.75,208.0500030517578,209.10000610351562,5091903
2020-07-14,181.35128784179688,208.8000030517578,215.39999389648438,207.5500030517578,210.25,13666204
2020-07-15,177.13888549804688,203.9499969482422,212.39999389648438,202.75,211.0,5783026
2020-07-16,165.02273559570312,190.0,206.39999389648438,188.8000030517578,204.8000030517578,14365732
2020-07-17,172.05792236328125,198.10000610351562,200.75,191.0,192.0,18601532
2020-07-20,176.4440460205078,203.14999389648438,209.0,193.4499969482422,202.0,17124838
2020-07-21,172.70933532714844,198.85000610351562,205.0,197.60000610351562,205.0,9051252
2020-07-22,174.1858367919922,200.5500030517578,203.89999389648438,198.25,199.5,6969693
2020-07-23,174.31613159179688,200.6999969482422,201.9499969482422,198.5,201.9499969482422,5413319
2020-07-24,169.97340393066406,195.6999969482422,200.0,192.3000030517578,200.0,8329665
2020-07-27,168.7140350341797,194.25,197.25,191.0,197.14999389648438,5531291
2020-07-28,165.45700073242188,190.5,195.0500030517578,187.75,195.0,9381054
2020-07-29,170.6682586669922,196.5,199.25,189.8000030517578,191.6999969482422,9332794
2020-07-30,167.194091796875,192.5,199.89999389648438,191.5,198.0,6054711
2020-07-31,166.8466796875,192.10000610351562,196.3000030517578,188.5500030517578,194.8000030517578,4723253
2020-08-03,164.32789611816406,189.1999969482422,194.75,188.0,192.10000610351562,4801462
2020-08-04,166.19528198242188,191.35000610351562,193.14999389648438,189.75,191.0,3520946
2020-08-05,167.9534912109375,191.0500030517578,193.5,189.35000610351562,192.6999969482422,4015723
2020-08-06,168.39305114746094,191.5500030517578,196.75,190.5500030517578,192.0,5503074
2020-08-07,169.3161163330078,192.60000610351562,193.8000030517578,188.0,192.0,7974912
2020-08-10,173.18417358398438,197.0,198.14999389648438,191.89999389648438,194.0,6383195
2020-08-11,170.8105926513672,194.3000030517578,199.0,192.25,198.39999389648438,4707520
2020-08-12,171.11827087402344,194.64999389648438,196.39999389648438,192.0,192.5,4053981
2020-08-13,177.05224609375,201.39999389648438,202.0,193.60000610351562,195.0500030517578,6355343
2020-08-14,175.16217041015625,199.25,205.5,197.75,202.89999389648438,7999776
2020-08-17,175.68963623046875,199.85000610351562,202.0,196.8000030517578,199.0,2504394
2020-08-18,176.3050079345703,200.5500030517578,203.89999389648438,198.0,201.3000030517578,3513501
2020-08-19,176.96432495117188,201.3000030517578,203.85000610351562,200.5,201.0,2536386
2020-08-20,175.16217041015625,199.25,201.3000030517578,196.85000610351562,200.0,4687059
2020-08-21,175.38194274902344,199.5,201.35000610351562,197.5,200.35000610351562,4679439
2020-08-24,175.38194274902344,199.5,201.3000030517578,193.1999969482422,200.0,6643567
2020-08-25,174.28305053710938,198.25,201.0,196.10000610351562,199.5,4470746
2020-08-26,176.26104736328125,200.5,203.1999969482422,196.8000030517578,199.0,4470448
2020-08-27,175.73358154296875,199.89999389648438,202.60000610351562,198.25,202.0,3085062
2020-08-28,177.14015197753906,201.5,213.75,199.5,200.0,23666590
2020-08-31,174.5467987060547,198.5500030517578,211.60000610351562,194.25,206.0,21933489
2020-09-01,165.97549438476562,188.8000030517578,208.8000030517578,178.6999969482422,205.6999969482422,33234915
2020-09-02,172.34901428222656,196.0500030517578,198.4499969482422,191.8000030517578,192.5500030517578,15353232
2020-09-03,192.08497619628906,218.5,221.39999389648438,197.14999389648438,197.85000610351562,49548959
2020-09-04,188.87625122070312,214.85000610351562,230.8000030517578,207.5,214.0,69139009
2020-09-07,203.07382202148438,231.0,235.4499969482422,216.75,217.0,54729375
2020-09-08,187.24989318847656,213.0,228.4499969482422,211.1999969482422,228.4499969482422,29212280
2020-09-09,185.0081787109375,210.4499969482422,213.39999389648438,205.75,211.4499969482422,18035584
2020-09-10,175.77752685546875,199.9499969482422,214.0,197.89999389648438,213.85000610351562,18249112
2020-09-11,177.44784545898438,201.85000610351562,208.6999969482422,200.8000030517578,202.0,24662340
2020-09-14,178.107177734375,202.60000610351562,206.10000610351562,199.35000610351562,204.9499969482422,11630006
2020-09-15,178.01925659179688,202.5,204.75,200.35000610351562,204.75,6305125
2020-09-16,175.95335388183594,200.14999389648438,204.4499969482422,199.0,202.6999969482422,6081332
2020-09-17,172.65670776367188,196.39999389648438,201.0,195.5500030517578,200.1999969482422,6631488
2020-09-18,175.2500762939453,199.35000610351562,200.75,195.3000030517578,198.0,7756013
2020-09-21,165.93153381347656,188.75,199.1999969482422,186.6999969482422,199.1999969482422,7804251
2020-09-22,158.5909881591797,180.39999389648438,192.60000610351562,179.35000610351562,190.0,11768904
2020-09-23,146.76698303222656,166.9499969482422,183.0,162.5,180.75,18968555
2020-09-24,148.65708923339844,169.10000610351562,175.64999389648438,162.1999969482422,165.0,53514420
2020-09-25,160.7008514404297,182.8000030517578,184.8000030517578,171.0,175.5500030517578,23940931
2020-09-28,163.4260711669922,185.89999389648438,187.5,181.39999389648438,183.5,8761118
2020-09-29,157.1404571533203,178.75,186.3000030517578,177.25,185.89999389648438,11589465
2020-09-30,154.1075439453125,175.3000030517578,180.0,173.64999389648438,180.0,13029530
2020-10-01,157.3162841796875,178.9499969482422,182.3000030517578,175.4499969482422,175.4499969482422,8533425
2020-10-05,156.9646453857422,178.5500030517578,182.89999389648438,176.5500030517578,180.0,6494476
2020-10-06,159.82174682617188,181.8000030517578,183.3000030517578,178.64999389648438,180.5500030517578,4324643
2020-10-07,162.8986053466797,185.3000030517578,188.10000610351562,181.35000610351562,182.0,12604959
2020-10-08,167.90953063964844,191.0,191.8000030517578,184.5500030517578,186.85000610351562,8718600
2020-10-09,163.9535369873047,186.5,192.89999389648438,184.8000030517578,191.0,6548150
2020-10-12,166.1513214111328,189.0,192.89999389648438,186.0,186.60000610351562,8613164
2020-10-13,159.86570739746094,181.85000610351562,187.9499969482422,180.0,187.9499969482422,7546442
2020-10-14,166.63482666015625,189.5500030517578,192.0,181.9499969482422,182.5500030517578,11990842
2020-10-15,159.03053283691406,180.89999389648438,195.0,177.5,189.5,13178759
2020-10-16,160.4810791015625,182.5500030517578,184.4499969482422,178.1999969482422,183.60000610351562,5403869
2020-10-19,159.2063751220703,181.10000610351562,184.9499969482422,179.14999389648438,183.9499969482422,3655346
2020-10-20,167.0743865966797,190.0500030517578,191.0,181.3000030517578,181.5,11755736
2020-10-21,169.44796752929688,192.75,193.6999969482422,188.39999389648438,190.0,5951059
2020-10-22,172.21714782714844,195.89999389648438,196.89999389648438,190.75,192.75,7602400
2020-10-23,168.9204864501953,192.14999389648438,205.75,189.5500030517578,200.0,19305080
2020-10-26,165.5799102783203,188.35000610351562,193.5500030517578,185.60000610351562,193.5500030517578,4270191
2020-10-27,166.0194549560547,188.85000610351562,195.39999389648438,187.0,189.8000030517578,7530325
2020-10-28,163.64585876464844,186.14999389648438,194.25,183.6999969482422,190.0,8384472
2020-10-29,161.88763427734375,184.14999389648438,187.5,180.5,184.8000030517578,6712912
2020-10-30,163.11839294433594,185.5500030517578,186.9499969482422,179.1999969482422,183.25,5942541
2020-11-02,158.85472106933594,180.6999969482422,187.14999389648438,179.64999389648438,186.60000610351562,5486840
2020-11-03,159.60195922851562,181.5500030517578,183.75,180.3000030517578,182.5,3618518
2020-11-04,156.52508544921875,178.0500030517578,182.64999389648438,176.64999389648438,182.64999389648438,5536772
2020-11-05,156.6129913330078,178.14999389648438,180.64999389648438,176.5500030517578,180.64999389648438,10145596
2020-11-06,157.7998046875,179.5,182.6999969482422,178.8000030517578,179.4499969482422,7945344
2020-11-09,157.09649658203125,178.6999969482422,182.0,177.5,181.75,6335149
2020-11-10,155.60202026367188,177.0,180.0,175.25,180.0,5115322
2020-11-11,155.5141143798828,176.89999389648438,179.60000610351562,175.39999389648438,178.39999389648438,6244361
2020-11-12,157.5360565185547,179.1999969482422,181.8000030517578,176.60000610351562,177.5,10108869
2020-11-13,158.85472106933594,180.6999969482422,181.4499969482422,178.64999389648438,179.4499969482422,4346498
2020-11-14,159.4261474609375,181.35000610351562,182.6999969482422,180.85000610351562,182.60000610351562,781515
2020-11-17,163.07443237304688,185.5,186.75,181.39999389648438,182.89999389648438,7713667
2020-11-18,167.0743865966797,190.0500030517578,190.85000610351562,184.5500030517578,185.5,6740821
2020-11-19,163.4260711669922,185.89999389648438,194.1999969482422,184.0500030517578,189.5,9149664
2020-11-20,192.56849670410156,219.0500030517578,223.0500030517578,188.25,190.64999389648438,67123785
2020-11-23,191.953125,218.35000610351562,222.5,213.0,221.6999969482422,18350232
2020-11-24,192.43661499023438,218.89999389648438,238.0,216.8000030517578,219.9499969482422,35372380
2020-11-25,189.18392944335938,215.1999969482422,227.0,214.0500030517578,220.0,14300927
2020-11-26,192.43661499023438,218.89999389648438,221.35000610351562,215.39999389648438,217.60000610351562,12065934
2020-11-27,192.1728973388672,218.60000610351562,224.0500030517578,216.0500030517578,221.35000610351562,10394941
2020-12-01,189.88722229003906,216.0,225.1999969482422,215.0,223.0,17577449
2020-12-02,197.62335205078125,224.8000030517578,227.9499969482422,210.35000610351562,225.0,129639408
2020-12-03,210.5902099609375,239.5500030517578,247.25,222.14999389648438,226.0,41809808
2020-12-04,208.6561737060547,237.35000610351562,239.75,234.0500030517578,238.9499969482422,10017464
2020-12-07,215.1175994873047,244.6999969482422,249.39999389648438,234.14999389648438,237.64999389648438,14954362
2020-12-08,211.16162109375,240.1999969482422,248.6999969482422,237.89999389648438,243.64999389648438,9504115
2020-12-09,216.61209106445312,246.39999389648438,247.6999969482422,240.9499969482422,241.0,5469233
2020-12-10,216.04066467285156,245.75,248.35000610351562,240.5,242.0,6011938
2020-12-11,215.2934112548828,244.89999389648438,247.39999389648438,240.8000030517578,247.39999389648438,5045902
2020-12-14,216.56813049316406,246.35000610351562,253.14999389648438,241.0500030517578,245.14999389648438,10264387
2020-12-15,217.0516357421875,246.89999389648438,248.39999389648438,244.0,246.35000610351562,3938410
2020-12-16,215.6450653076172,245.3000030517578,248.8000030517578,243.64999389648438,248.0,3945751
2020-12-17,212.43630981445312,241.64999389648438,247.39999389648438,240.1999969482422,244.3000030517578,3550539
2020-12-18,203.2056884765625,231.14999389648438,242.89999389648438,230.0,242.89999389648438,4581029
2020-12-21,204.7880859375,232.9499969482422,247.3000030517578,227.75,231.14999389648438,9342277
2020-12-22,204.61227416992188,232.75,234.25,224.1999969482422,231.0,3443881
2020-12-23,208.12869262695312,236.75,238.1999969482422,226.6999969482422,233.89999389648438,4527973
2020-12-24,210.19459533691406,239.10000610351562,243.5,235.14999389648438,237.60000610351562,3503211
2020-12-28,208.3045196533203,236.9499969482422,241.0,235.39999389648438,241.0,4188156
2020-12-29,206.5902557373047,235.0,239.89999389648438,230.1999969482422,237.3000030517578,4352673
2020-12-30,203.46942138671875,231.4499969482422,237.39999389648438,229.0500030517578,236.0500030517578,4714009
2020-12-31,202.10679626464844,229.89999389648438,233.25,229.10000610351562,233.25,2544436
2021-01-01,206.98585510253906,235.4499969482422,237.1999969482422,230.60000610351562,230.6999969482422,2760010
2021-01-04,212.21653747558594,241.39999389648438,242.8000030517578,237.0500030517578,239.9499969482422,8979802
2021-01-05,223.46913146972656,254.1999969482422,264.79998779296875,239.1999969482422,240.0,15044472
2021-01-06,229.75474548339844,261.3500061035156,270.75,255.14999389648438,256.5,9036353
2021-01-07,233.97445678710938,266.1499938964844,275.0,261.0,264.3999938964844,7916157
2021-01-08,237.75462341308594,270.45001220703125,273.0,266.25,267.45001220703125,4047880
2021-01-11,230.54592895507812,262.25,271.8999938964844,260.5,271.8999938964844,3453837
2021-01-12,229.75474548339844,261.3500061035156,268.3500061035156,257.45001220703125,262.25,6351455
2021-01-13,226.89764404296875,258.1000061035156,269.79998779296875,253.6999969482422,265.95001220703125,4289751
2021-01-14,224.78778076171875,255.6999969482422,261.0,254.0,260.75,1885689
2021-01-15,230.5019989013672,262.20001220703125,266.8500061035156,257.0,257.8999938964844,9197807
2021-01-18,227.3372039794922,258.6000061035156,262.1000061035156,241.39999389648438,262.1000061035156,3621704
2021-01-19,227.02951049804688,258.25,260.6499938964844,256.20001220703125,259.0,2190226
2021-01-20,223.51307678222656,254.25,259.70001220703125,253.6999969482422,258.70001220703125,1640730
2021-01-21,216.39230346679688,246.14999389648438,259.6000061035156,241.10000610351562,259.6000061035156,4335910
2021-01-22,212.260498046875,241.4499969482422,248.1999969482422,236.85000610351562,247.60000610351562,1822202
2021-01-25,208.56825256347656,237.25,244.1999969482422,233.5,242.1999969482422,2452790
2021-01-27,209.5352783203125,238.35000610351562,247.25,235.5,236.0,5061060
2021-01-28,212.12863159179688,241.3000030517578,243.6999969482422,235.5,239.6999969482422,4224735
2021-01-29,203.5133819580078,231.5,247.8000030517578,228.0,245.0,7418934
2021-02-01,211.16162109375,240.1999969482422,241.6999969482422,231.39999389648438,235.0,2913692
2021-02-02,217.49119567871094,247.39999389648438,253.0,242.1999969482422,244.0,7791175
2021-02-03,218.10658264160156,248.10000610351562,251.4499969482422,244.4499969482422,250.1999969482422,6953619
2021-02-04,223.16143798828125,253.85000610351562,256.5,249.0,250.5,6067339
2021-02-05,223.33726501464844,254.0500030517578,256.29998779296875,246.8000030517578,256.0,7472097
2021-02-08,226.85423278808594,239.9499969482422,245.0,236.64999389648438,239.85000610351562,6746469
2021-02-09,239.8538055419922,253.6999969482422,263.3999938964844,242.10000610351562,242.5,21502470
2021-02-10,234.08673095703125,247.60000610351562,253.6999969482422,244.3000030517578,253.5,7449138
2021-02-11,236.5920867919922,250.25,252.0,245.39999389648438,248.0,2857799
2021-02-12,232.24314880371094,245.64999389648438,254.89999389648438,244.14999389648438,249.9499969482422,3574037
2021-02-15,235.7412109375,249.35000610351562,252.0,246.5,248.0,3252376
2021-02-16,233.66127014160156,247.14999389648438,252.1999969482422,244.10000610351562,250.0500030517578,3184642
2021-02-17,242.54824829101562,256.54998779296875,258.20001220703125,246.14999389648438,247.14999389648438,15254400
2021-02-18,245.47906494140625,259.6499938964844,264.79998779296875,250.60000610351562,258.0,8439925
2021-02-19,246.51902770996094,260.75,265.8500061035156,254.0500030517578,258.45001220703125,5851020
2021-02-22,251.8134002685547,266.3500061035156,270.79998779296875,261.45001220703125,263.0,10993150
2021-02-23,256.8241271972656,271.6499938964844,277.75,266.8999938964844,267.75,11346327
2021-02-24,262.3076171875,277.45001220703125,282.0,244.5,272.0,3005240
2021-02-25,258.57318115234375,273.5,282.6499938964844,269.5,282.0,5343715
2021-02-26,243.7300262451172,257.79998779296875,272.79998779296875,253.5500030517578,266.95001220703125,41090229
2021-03-01,238.48294067382812,252.25,265.0,250.6999969482422,261.1499938964844,5607199
2021-03-02,243.4464111328125,257.5,259.29998779296875,251.39999389648438,254.9499969482422,3724070
2021-03-03,243.7300262451172,257.79998779296875,260.1000061035156,256.20001220703125,260.0,2279120
2021-03-04,245.00634765625,259.1499938964844,261.5,253.14999389648438,254.5,1572712
2021-03-05,235.45758056640625,249.0500030517578,258.75,245.0,258.1000061035156,4973536
2021-03-08,238.48294067382812,252.25,255.60000610351562,249.5,249.75,2289922
2021-03-09,238.34112548828125,252.10000610351562,256.3999938964844,249.5,255.35000610351562,2551084
2021-03-10,240.89376831054688,254.8000030517578,255.89999389648438,249.10000610351562,253.9499969482422,1699707
2021-03-12,238.86109924316406,252.64999389648438,261.0,251.25,257.0,1991571
2021-03-15,240.89376831054688,254.8000030517578,255.8000030517578,248.1999969482422,251.60000610351562,1429272
2021-03-16,248.1262664794922,262.45001220703125,265.0,256.04998779296875,258.0,5451348
2021-03-17,240.42105102539062,254.3000030517578,263.75,253.5,263.75,2179326
2021-03-18,242.1700897216797,256.1499938964844,263.5,254.39999389648438,255.10000610351562,3724173
2021-03-19,249.1189422607422,263.5,267.0,242.0,252.0500030517578,24883084
2021-03-22,243.77731323242188,257.8500061035156,261.0,256.70001220703125,257.5,3151619
2021-03-23,241.2719268798828,255.1999969482422,262.8999938964844,254.35000610351562,259.1000061035156,2108557
2021-03-24,234.55943298339844,248.10000610351562,254.5,246.5500030517578,253.0,1696259
2021-03-25,227.98873901367188,241.14999389648438,250.0,239.75,249.4499969482422,1744243
2021-03-26,226.85423278808594,239.9499969482422,248.0500030517578,235.10000610351562,243.85000610351562,2006556
2021-03-30,240.70468139648438,254.60000610351562,261.79998779296875,240.3000030517578,244.75,8067414
2021-03-31,231.6286163330078,245.0,255.6999969482422,243.5500030517578,255.0,4822189
2021-04-01,241.50828552246094,255.4499969482422,256.8999938964844,246.8000030517578,249.8000030517578,3907171
2021-04-05,238.0574951171875,251.8000030517578,257.79998779296875,245.39999389648438,257.79998779296875,1243612
2021-04-06,237.30116271972656,251.0,254.85000610351562,248.25,250.64999389648438,1620237
2021-04-07,238.29385375976562,252.0500030517578,254.75,250.5500030517578,251.25,2046358
2021-04-08,249.3553009033203,263.75,269.29998779296875,252.3000030517578,252.3000030517578,7685517
2021-04-09,242.73733520507812,256.75,267.8999938964844,255.14999389648438,263.75,3101583
2021-04-12,229.6432342529297,242.89999389648438,253.0,241.0,252.0,2177265
2021-04-13,231.6759033203125,245.0500030517578,247.35000610351562,241.0,241.0,1855496
2021-04-15,237.77386474609375,251.5,252.9499969482422,242.1999969482422,245.0500030517578,2204043
2021-04-16,245.4318084716797,259.6000061035156,263.5,252.0500030517578,254.0,5195095
2021-04-19,239.23927307128906,253.0500030517578,254.8000030517578,248.3000030517578,253.6999969482422,2345054
2021-04-20,241.9810028076172,255.9499969482422,265.3500061035156,250.5500030517578,258.04998779296875,5429078
2021-04-22,246.23541259765625,260.45001220703125,262.45001220703125,248.5,255.0500030517578,4157737
2021-04-23,238.48294067382812,252.25,268.95001220703125,251.3000030517578,263.8999938964844,8842278
2021-04-26,234.60670471191406,248.14999389648438,256.0,247.1999969482422,255.0,2355190
2021-04-27,237.30116271972656,251.0,257.5,249.35000610351562,250.14999389648438,3578457
2021-04-28,241.8391876220703,255.8000030517578,256.29998779296875,252.0500030517578,254.0,1933776
2021-04-29,238.62474060058594,252.39999389648438,261.75,250.6999969482422,258.29998779296875,2820506
2021-04-30,238.71929931640625,252.5,257.79998779296875,250.25,251.0,1951318
2021-05-03,246.51902770996094,260.75,262.0,250.1999969482422,253.0,2142581
2021-05-04,239.23927307128906,253.0500030517578,265.0,252.0,262.20001220703125,2058334
2021-05-05,239.7119903564453,253.5500030517578,256.95001220703125,251.10000610351562,256.95001220703125,1099052
2021-05-06,245.14816284179688,259.29998779296875,259.8500061035156,253.0,255.0,2517332
2021-05-07,240.70468139648438,254.60000610351562,259.95001220703125,253.6999969482422,259.95001220703125,1836468
2021-05-10,243.06825256347656,257.1000061035156,258.3999938964844,254.35000610351562,257.25,1188608
2021-05-11,242.50099182128906,256.5,263.70001220703125,255.0,257.8999938964844,4094481
2021-05-12,237.91567993164062,251.64999389648438,257.79998779296875,250.0,256.8999938964844,2517388
2021-05-14,231.01409912109375,244.35000610351562,253.4499969482422,243.8000030517578,252.10000610351562,2882425
2021-05-17,230.1632080078125,243.4499969482422,245.89999389648438,239.0,245.6999969482422,3969872
2021-05-18,229.359619140625,242.60000610351562,246.89999389648438,242.0,245.9499969482422,2563014
2021-05-19,230.352294921875,243.64999389648438,245.0,242.0,243.25,1650878
2021-05-20,230.352294921875,243.64999389648438,246.75,241.60000610351562,244.4499969482422,2787081
2021-05-21,231.8177032470703,245.1999969482422,246.39999389648438,242.25,244.0,1985366
2021-05-24,228.88690185546875,242.10000610351562,245.89999389648438,241.60000610351562,244.5,2612820
2021-05-25,228.65054321289062,241.85000610351562,244.35000610351562,241.4499969482422,242.9499969482422,1426163
2021-05-26,228.27236938476562,241.4499969482422,243.3000030517578,241.10000610351562,242.1999969482422,1362886
2021-05-27,229.359619140625,242.60000610351562,244.8000030517578,238.5500030517578,241.89999389648438,4068705
2021-05-28,228.6977996826172,241.89999389648438,245.1999969482422,241.10000610351562,244.0,1500499
2021-05-31,229.07598876953125,242.3000030517578,244.5500030517578,240.64999389648438,241.5,1469467
2021-06-01,228.46145629882812,241.64999389648438,243.5,238.85000610351562,242.5,1189917
2021-06-02,228.4141845703125,241.60000610351562,242.14999389648438,240.10000610351562,241.39999389648438,1418076
2021-06-03,232.95220947265625,246.39999389648438,247.0,241.85000610351562,241.85000610351562,1717417
2021-06-04,234.60670471191406,248.14999389648438,248.89999389648438,244.25,247.0,2550954
2021-06-07,238.67202758789062,252.4499969482422,255.60000610351562,247.6999969482422,249.8000030517578,4249443
2021-06-08,243.35186767578125,257.3999938964844,259.3999938964844,252.5500030517578,254.0,3506366
2021-06-09,237.5847930908203,251.3000030517578,260.0,249.39999389648438,260.0,2460528
2021-06-10,240.4683380126953,254.35000610351562,255.60000610351562,252.39999389648438,254.0,1288154
2021-06-11,241.65011596679688,255.60000610351562,256.5,252.60000610351562,256.0,965382
2021-06-14,240.79922485351562,254.6999969482422,256.0,250.0,256.0,888083
2021-06-15,240.13743591308594,254.0,256.5,252.60000610351562,255.89999389648438,1165153
2021-06-16,238.24658203125,252.0,256.3999938964844,251.0500030517578,254.0,1015626
2021-06-17,233.8976287841797,247.39999389648438,255.89999389648438,246.25,251.6999969482422,2092488
2021-06-18,232.71585083007812,246.14999389648438,248.8000030517578,238.0,248.8000030517578,2867210
2021-06-21,232.05406188964844,245.4499969482422,247.0,241.1999969482422,242.0,1998516
2021-06-22,236.30845642089844,249.9499969482422,258.79998779296875,248.5,252.0,7295901
2021-06-23,229.4541473388672,242.6999969482422,250.0,240.85000610351562,250.0,8909636
2021-06-24,230.1632080078125,243.4499969482422,244.60000610351562,241.3000030517578,244.10000610351562,2733914
2021-06-25,231.108642578125,244.4499969482422,246.0,241.5500030517578,244.5,3049628
2021-06-28,231.25045776367188,244.60000610351562,248.0,243.0,246.8000030517578,5724084
2021-06-29,228.50872802734375,241.6999969482422,245.39999389648438,240.5,244.60000610351562,1874012
2021-06-30,225.62518310546875,238.64999389648438,242.85000610351562,237.5,242.0500030517578,1918828
2021-07-01,221.74896240234375,234.5500030517578,239.3000030517578,231.5,239.3000030517578,2367457
2021-07-02,221.74896240234375,234.5500030517578,238.89999389648438,233.5,236.0,2258960
2021-07-05,222.78890991210938,235.64999389648438,236.6999969482422,233.35000610351562,236.3000030517578,1032439
2021-07-06,221.22897338867188,234.0,236.89999389648438,233.14999389648438,236.0,925465
2021-07-07,222.26893615722656,235.10000610351562,236.25,231.1999969482422,234.5,1167154
2021-07-08,226.75970458984375,239.85000610351562,240.75,235.1999969482422,235.9499969482422,4857000
2021-07-09,228.31964111328125,241.5,242.8000030517578,237.6999969482422,240.3000030517578,2013028
2021-07-12,226.23971557617188,239.3000030517578,243.75,238.39999389648438,242.6999969482422,2430718
2021-07-13,226.09788513183594,239.14999389648438,241.0,238.3000030517578,241.0,1352847
2021-07-14,223.592529296875,236.5,237.89999389648438,235.35000610351562,237.89999389648438,3029384
2021-07-15,221.79623413085938,234.60000610351562,236.5,234.0,236.0,850777
2021-07-16,227.75238037109375,240.89999389648438,244.3000030517578,232.89999389648438,234.60000610351562,18113146
2021-07-19,217.21092224121094,229.75,241.5,217.6999969482422,237.9499969482422,4336840
2021-07-20,212.3419952392578,224.60000610351562,231.0,224.0,231.0,2025563
2021-07-22,218.9599609375,231.60000610351562,234.0,225.25,226.0,5020580
2021-07-23,208.46575927734375,220.5,233.9499969482422,215.4499969482422,233.0,5654561
2021-07-26,211.9638214111328,224.1999969482422,226.64999389648438,220.10000610351562,220.5,3925534
2021-07-27,210.73477172851562,222.89999389648438,227.39999389648438,221.14999389648438,226.5,2751131
2021-07-28,220.18899536132812,232.89999389648438,234.6999969482422,219.5,224.8000030517578,10105474
2021-07-29,209.8366241455078,221.9499969482422,234.0,220.9499969482422,233.60000610351562,5134902
2021-07-30,209.9784393310547,222.10000610351562,232.0,221.5,223.0,7346694
2021-08-02,210.92385864257812,223.10000610351562,225.3000030517578,220.1999969482422,225.0,3006922
2021-08-03,210.1675262451172,222.3000030517578,224.3000030517578,220.0500030517578,223.4499969482422,1992492
2021-08-04,195.5134735107422,206.8000030517578,225.9499969482422,205.3000030517578,222.3000030517578,10237744
2021-08-05,202.93502807617188,214.64999389648438,216.0,194.10000610351562,201.0,18949772
2021-08-06,201.42236328125,213.0500030517578,217.14999389648438,211.5,216.10000610351562,4923648
2021-08-09,199.3896942138672,210.89999389648438,215.85000610351562,209.5,213.0,4430724
2021-08-10,199.57879638671875,211.10000610351562,217.0,208.3000030517578,212.0,4357258
2021-08-11,201.46963500976562,213.10000610351562,214.0,209.1999969482422,211.0,4273034
2021-08-12,202.41505432128906,214.10000610351562,215.5,212.14999389648438,213.1999969482422,1689583
2021-08-13,201.84779357910156,213.5,216.60000610351562,212.35000610351562,215.85000610351562,1965082
2021-08-16,202.79322814941406,214.5,215.0,210.6999969482422,214.0,1424285
2021-08-17,202.9822998046875,214.6999969482422,215.4499969482422,210.3000030517578,215.0,2295919
2021-08-18,206.66946411132812,218.60000610351562,224.25,214.5500030517578,215.4499969482422,4598376
2021-08-20,207.5203399658203,219.5,224.0,215.8000030517578,218.60000610351562,5789470
2021-08-23,205.298583984375,217.14999389648438,222.85000610351562,212.8000030517578,220.35000610351562,3490743
2021-08-24,209.69480895996094,221.8000030517578,222.4499969482422,217.35000610351562,219.4499969482422,1821794
2021-08-25,208.560302734375,220.60000610351562,223.0,218.6999969482422,223.0,1370745
2021-08-26,203.45501708984375,215.1999969482422,220.39999389648438,214.14999389648438,220.39999389648438,1529070
2021-08-27,204.49497985839844,216.3000030517578,219.0,214.25,215.9499969482422,1216047
2021-08-30,204.7786102294922,216.60000610351562,219.39999389648438,215.0500030517578,217.3000030517578,1796916
2021-08-31,203.59683227539062,215.35000610351562,218.0,214.10000610351562,216.5,6454620
2021-09-01,204.5895233154297,216.39999389648438,220.8000030517578,215.5,216.25,2211111
2021-09-02,208.22940063476562,220.25,222.75,216.75,217.89999389648438,2397598
2021-09-03,213.33468627929688,225.64999389648438,230.8000030517578,220.0,220.85000610351562,5852027
2021-09-06,211.6329345703125,223.85000610351562,226.35000610351562,222.10000610351562,226.0,2510636
2021-09-07,228.46145629882812,241.64999389648438,244.0,222.8000030517578,224.0,20334589
2021-09-08,222.97801208496094,235.85000610351562,247.89999389648438,231.1999969482422,244.0,17079606
2021-09-09,229.07598876953125,242.3000030517578,243.75,232.10000610351562,234.0,6586351
2021-09-13,225.81427001953125,238.85000610351562,241.9499969482422,235.75,241.9499969482422,2450805
2021-09-14,232.81039428710938,246.25,249.8000030517578,238.0,238.85000610351562,6010556
2021-09-15,231.20318603515625,244.5500030517578,255.8000030517578,238.25,247.0,10657795
2021-09-16,254.64967346191406,269.3500061035156,279.54998779296875,251.89999389648438,256.0,42807739
2021-09-17,254.08241271972656,268.75,275.0,262.8500061035156,269.0,13749530
2021-09-20,248.69349670410156,263.04998779296875,274.1499938964844,261.5,267.8999938964844,5364134
2021-09-21,256.06781005859375,270.8500061035156,274.54998779296875,263.75,268.0,9607647
2021-09-22,258.4313659667969,273.3500061035156,275.6499938964844,269.54998779296875,271.45001220703125,5998444
2021-09-23,263.82025146484375,279.04998779296875,288.29998779296875,272.25,275.1499938964844,10740265
2021-09-24,300.3135986328125,317.6499938964844,324.0,278.5,280.70001220703125,58100771
2021-09-27,296.9100646972656,314.04998779296875,326.8999938964844,310.3500061035156,317.6499938964844,16451516
2021-09-28,302.6771545410156,320.1499938964844,332.79998779296875,312.6000061035156,315.0,21835879
2021-09-29,300.6445007324219,318.0,327.6000061035156,312.45001220703125,317.0,9690718
2021-09-30,291.8520812988281,308.70001220703125,324.54998779296875,304.45001220703125,317.95001220703125,14794626
2021-10-01,298.37548828125,315.6000061035156,317.5,302.6499938964844,311.0,11203743
2021-10-04,288.0231018066406,304.6499938964844,315.8999938964844,302.1499938964844,315.0,15842060
2021-10-05,293.64837646484375,310.6000061035156,312.04998779296875,303.20001220703125,304.6499938964844,8130892
2021-10-06,295.9173889160156,313.0,316.1000061035156,308.0,308.0,7204136
2021-10-07,289.5357666015625,306.25,326.3999938964844,300.0,318.0,8843692
2021-10-08,288.35400390625,305.0,311.79998779296875,300.20001220703125,307.79998779296875,5746316
2021-10-11,287.1249694824219,303.70001220703125,307.79998779296875,292.95001220703125,305.0,3595497
2021-10-12,282.68145751953125,299.0,305.0,293.04998779296875,305.0,4012453
2021-10-13,282.11419677734375,298.3999938964844,303.79998779296875,296.6000061035156,298.95001220703125,1888828
2021-10-14,289.2994079589844,306.0,311.0,298.04998779296875,298.3999938964844,4256928
2021-10-18,284.714111328125,301.1499938964844,307.54998779296875,299.0,300.20001220703125,3192293
2021-10-19,278.8525085449219,294.95001220703125,305.6000061035156,293.45001220703125,303.70001220703125,3104071
2021-10-20,286.4631652832031,303.0,313.3500061035156,290.5,295.29998779296875,18376360
2021-10-21,279.6560974121094,295.79998779296875,305.45001220703125,294.0,305.45001220703125,7048354
2021-10-22,285.5177307128906,302.0,305.79998779296875,290.0,290.0,5330583
2021-10-25,272.8017883300781,288.54998779296875,302.6499938964844,286.1000061035156,298.8999938964844,4370271
2021-10-26,266.08929443359375,281.45001220703125,304.0,278.0,292.0,11610386
2021-10-27,259.9440612792969,274.95001220703125,284.5,270.3999938964844,284.3999938964844,8287553
2021-10-28,257.6750183105469,272.54998779296875,275.79998779296875,262.8500061035156,275.0,5966890
2021-10-29,256.6823425292969,271.5,280.5,266.6499938964844,274.54998779296875,2933333
2021-11-01,269.4927978515625,285.04998779296875,286.70001220703125,272.54998779296875,274.0,5892031
2021-11-02,269.7764587402344,285.3500061035156,287.79998779296875,282.29998779296875,285.3999938964844,2589924
2021-11-03,271.8563537597656,287.54998779296875,292.0,283.3500061035156,287.95001220703125,3996110
2021-11-04,271.4781799316406,287.1499938964844,290.20001220703125,285.3500061035156,287.54998779296875,221561
2021-11-08,274.692626953125,290.54998779296875,296.0,288.3999938964844,295.0,4540426
2021-11-09,274.8817138671875,290.75,295.6000061035156,286.29998779296875,292.0,2779461
2021-11-10,277.5289001464844,293.54998779296875,298.8500061035156,289.1499938964844,290.0,3318285
2021-11-11,275.2598876953125,291.1499938964844,296.54998779296875,288.0,295.1000061035156,1700027
2021-11-12,277.1034851074219,293.1000061035156,296.8999938964844,290.54998779296875,292.70001220703125,3211857
2021-11-15,274.78717041015625,290.6499938964844,295.3500061035156,288.3500061035156,295.0,1154601
2021-11-16,279.9397277832031,296.1000061035156,298.25,290.0,291.70001220703125,2624301
2021-11-17,272.65997314453125,288.3999938964844,296.95001220703125,284.1000061035156,295.0,4149011
2021-11-18,268.9255676269531,284.45001220703125,291.1000061035156,281.79998779296875,289.20001220703125,1892371
2021-11-22,276.0162353515625,291.95001220703125,307.0,280.0,294.70001220703125,11173039
2021-11-23,278.1907043457031,294.25,296.8999938964844,285.3999938964844,292.45001220703125,5884383
2021-11-24,273.03814697265625,288.79998779296875,301.5,286.5,297.0,7543988
2021-11-25,280.6015319824219,296.79998779296875,297.95001220703125,280.8999938964844,287.8999938964844,5414623
2021-11-26,263.4893798828125,278.70001220703125,292.79998779296875,276.8500061035156,292.79998779296875,3331104
2021-11-29,266.1365661621094,281.5,288.0,268.95001220703125,286.0,6828312
2021-11-30,268.9255676269531,284.45001220703125,286.20001220703125,278.6000061035156,280.1000061035156,6236260
2021-12-01,268.8782653808594,284.3999938964844,287.6000061035156,274.20001220703125,282.8999938964844,5675397
2021-12-02,263.5838928222656,278.79998779296875,289.0,277.25,284.1000061035156,6385949
2021-12-03,265.3802185058594,280.70001220703125,284.5,275.54998779296875,278.79998779296875,5821900
2021-12-06,253.84605407714844,268.5,283.0,266.20001220703125,280.70001220703125,3947420
2021-12-07,254.60238647460938,269.29998779296875,272.54998779296875,265.0,271.5,2929191
2021-12-08,258.19500732421875,273.1000061035156,276.79998779296875,271.6000061035156,271.79998779296875,2382012
2021-12-09,260.0858459472656,275.1000061035156,281.5,268.0,268.6000061035156,7232434
2021-12-10,258.4313659667969,273.3500061035156,276.95001220703125,272.04998779296875,276.0,1948104
2021-12-13,255.07510375976562,269.79998779296875,275.29998779296875,268.0,275.0,2860633
2021-12-14,251.6243133544922,266.1499938964844,271.0,265.3999938964844,271.0,2911351
2021-12-15,250.72618103027344,265.20001220703125,269.8999938964844,264.0,266.5,2699092
2021-12-16,250.4898223876953,264.95001220703125,269.3500061035156,263.5,269.0,2940111
2021-12-17,238.53021240234375,252.3000030517578,264.79998779296875,251.0,264.79998779296875,4416343
2021-12-20,224.8215789794922,237.8000030517578,249.64999389648438,237.0500030517578,248.60000610351562,3353356
2021-12-21,238.76657104492188,252.5500030517578,254.1999969482422,239.1999969482422,240.0,6881399
2021-12-22,239.9010772705078,253.75,257.04998779296875,248.8000030517578,250.39999389648438,2870940
2021-12-23,239.7119903564453,253.5500030517578,257.5,250.14999389648438,254.5,2933645
2021-12-24,236.16665649414062,249.8000030517578,255.0,248.1999969482422,255.0,1020469
2021-12-27,234.41761779785156,247.9499969482422,249.64999389648438,245.64999389648438,248.0,1274828
2021-12-28,234.1339874267578,247.64999389648438,249.3000030517578,246.25,249.3000030517578,1702999
2021-12-29,231.5813446044922,244.9499969482422,248.39999389648438,243.60000610351562,247.9499969482422,1396097
2021-12-30,227.3269500732422,240.4499969482422,245.1999969482422,239.25,245.0,2175695
2021-12-31,234.74851989746094,248.3000030517578,249.8000030517578,241.10000610351562,242.14999389648438,2926408
2022-01-03,235.2685089111328,248.85000610351562,249.8000030517578,246.5,248.0,2088281
2022-01-04,241.2246551513672,255.14999389648438,257.3500061035156,244.5500030517578,250.0,6167759
2022-01-05,242.40643310546875,256.3999938964844,259.0,251.60000610351562,255.6999969482422,3049705
2022-01-06,247.60626220703125,261.8999938964844,263.0,253.60000610351562,256.0,3362343
2022-01-07,246.94448852539062,261.20001220703125,264.1499938964844,258.1000061035156,264.0,1903747
2022-01-10,246.94448852539062,261.20001220703125,263.79998779296875,260.0,261.0,1077333
2022-01-11,252.94789123535156,267.54998779296875,269.45001220703125,253.75,263.0,7664067
2022-01-12,260.7476501464844,275.79998779296875,277.8999938964844,268.04998779296875,269.8500061035156,3819111
2022-01-13,260.88946533203125,275.95001220703125,278.1000061035156,274.0,278.0,2052380
2022-01-14,257.2496032714844,272.1000061035156,276.54998779296875,271.20001220703125,275.0,1940406
2022-01-17,256.7295837402344,271.54998779296875,274.0,270.3999938964844,272.1000061035156,1471859
2022-01-18,247.36990356445312,261.6499938964844,275.0,260.3999938964844,273.0,2560562
2022-01-19,255.92601013183594,270.70001220703125,271.8500061035156,262.0,263.25,3683574
2022-01-20,251.8606719970703,266.3999938964844,271.6000061035156,265.70001220703125,270.5,1008831
2022-01-21,244.5809326171875,258.70001220703125,270.6000061035156,257.5,265.95001220703125,3259006
2022-01-24,234.98487854003906,248.5500030517578,259.25,246.4499969482422,257.70001220703125,2191607
2022-01-25,239.7119903564453,253.5500030517578,256.3999938964844,243.3000030517578,246.10000610351562,2649933
2022-01-27,235.97756958007812,249.60000610351562,254.64999389648438,245.0,253.89999389648438,3594666
2022-01-28,239.28656005859375,253.10000610351562,262.3999938964844,251.0,254.5,7406660
2022-01-31,238.76657104492188,252.5500030517578,260.0,251.5500030517578,257.45001220703125,2977647
2022-02-01,242.78460693359375,256.79998779296875,258.54998779296875,252.6999969482422,255.9499969482422,1335683
2022-02-02,245.5736083984375,259.75,261.45001220703125,257.20001220703125,258.8500061035156,1107005
2022-02-03,243.30459594726562,257.3500061035156,261.1000061035156,255.35000610351562,261.1000061035156,1090467
2022-02-04,241.2719268798828,255.1999969482422,263.25,254.14999389648438,261.3500061035156,3110266
2022-02-07,239.19200134277344,253.0,258.3500061035156,250.5500030517578,257.0,2823052
2022-02-08,239.05020141601562,252.85000610351562,255.5500030517578,250.5,253.0,1437733
2022-02-09,238.19931030273438,251.9499969482422,256.0,250.39999389648438,255.5500030517578,1765080
2022-02-10,239.0974578857422,252.89999389648438,253.8000030517578,250.6999969482422,252.0,1777969
2022-02-11,238.8138427734375,252.60000610351562,254.89999389648438,249.4499969482422,251.8000030517578,1992805
2022-02-14,233.70855712890625,247.1999969482422,254.4499969482422,245.0500030517578,247.75,3481353
2022-02-15,242.83189392089844,256.8500061035156,258.5,246.89999389648438,248.5500030517578,2942207
2022-02-16,245.0536346435547,259.20001220703125,269.0,254.60000610351562,258.3500061035156,7995091
2022-02-17,242.12281799316406,256.1000061035156,263.0,254.60000610351562,260.3500061035156,1967005
2022-02-18,239.0974578857422,252.89999389648438,256.70001220703125,251.5500030517578,256.1000061035156,2377390
2022-02-21,237.96295166015625,251.6999969482422,254.35000610351562,249.10000610351562,253.0,1236492
2022-02-22,238.29385375976562,252.0500030517578,254.0500030517578,243.8000030517578,244.5,2659242
2022-02-23,237.91567993164062,251.64999389648438,254.4499969482422,247.5,252.60000610351562,2374844
2022-02-24,194.7571258544922,206.0,239.0,203.10000610351562,231.0,105283747
2022-02-25,202.8877716064453,214.60000610351562,223.14999389648438,211.89999389648438,213.0,20941909
2022-02-28,203.36048889160156,215.10000610351562,218.25,209.10000610351562,214.60000610351562,13023885
2022-03-02,195.8443603515625,207.14999389648438,216.0,206.3000030517578,214.9499969482422,10782608
2022-03-03,200.24058532714844,211.8000030517578,212.85000610351562,207.5,209.0,6385651
2022-03-04,196.64797973632812,208.0,214.6999969482422,207.0,207.60000610351562,7836766
2022-03-07,187.9973602294922,198.85000610351562,206.25,196.85000610351562,203.0,4251367
2022-03-08,192.8662872314453,204.0,205.25,197.5500030517578,200.0,3382497
2022-03-09,200.666015625,212.25,214.39999389648438,202.0500030517578,206.89999389648438,4515406
2022-03-10,200.7605743408203,212.35000610351562,217.85000610351562,211.10000610351562,217.85000610351562,3374016
2022-03-11,202.5095977783203,214.1999969482422,214.89999389648438,211.60000610351562,212.10000610351562,1749413
2022-03-14,202.55686950683594,214.25,216.4499969482422,211.10000610351562,214.14999389648438,2881455
2022-03-15,198.16065979003906,209.60000610351562,215.0,208.5,214.5,2185096
2022-03-16,202.74594116210938,214.4499969482422,216.3000030517578,211.5,213.8000030517578,3464634
2022-03-17,202.9822998046875,214.6999969482422,218.39999389648438,213.4499969482422,217.4499969482422,5038190
2022-03-21,198.49154663085938,209.9499969482422,222.5,209.10000610351562,215.5,6255048
2022-03-22,200.28785705566406,211.85000610351562,213.0500030517578,208.75,210.1999969482422,2166509
2022-03-23,202.22596740722656,213.89999389648438,215.75,212.3000030517578,213.0,2445320
2022-03-24,202.1314239501953,213.8000030517578,215.89999389648438,212.0,212.89999389648438,3006407
2022-03-25,192.01541137695312,203.10000610351562,215.14999389648438,196.39999389648438,215.0,8789839
2022-03-28,198.3497314453125,209.8000030517578,213.0,199.14999389648438,201.0,13745719
2022-03-29,203.36048889160156,215.10000610351562,216.75,199.5,209.75,17296192
2022-03-30,208.98574829101562,221.0500030517578,222.64999389648438,212.89999389648438,217.8000030517578,8205081
2022-03-31,209.93116760253906,222.0500030517578,226.5,219.3000030517578,222.0,4936282
2022-04-01,209.26937866210938,221.35000610351562,223.89999389648438,218.5500030517578,223.0,3883657
2022-04-04,208.70211791992188,220.75,223.75,219.0500030517578,220.0,3999118
2022-04-05,208.3712158203125,220.39999389648438,223.4499969482422,219.64999389648438,222.0,1889153
2022-04-06,205.2040557861328,217.0500030517578,222.35000610351562,216.6999969482422,220.89999389648438,4489578
2022-04-07,206.57492065429688,218.5,220.3000030517578,215.6999969482422,217.0500030517578,5650354
2022-04-08,207.75669860839844,219.75,223.39999389648438,218.75,220.35000610351562,6689098
2022-04-11,206.57492065429688,218.5,221.3000030517578,217.9499969482422,220.0,5080486
2022-04-12,205.1567840576172,217.0,220.0,215.25,218.5,2072519
2022-04-13,204.87315368652344,216.6999969482422,219.4499969482422,216.25,218.0,2373371
2022-04-18,205.0149688720703,216.85000610351562,218.0,212.60000610351562,216.3000030517578,2288590
2022-04-19,201.98960876464844,213.64999389648438,220.25,210.60000610351562,218.0,1888734
2022-04-20,205.10951232910156,216.9499969482422,217.5,212.75,215.0,1847199
2022-04-21,204.6367950439453,216.4499969482422,218.85000610351562,215.6999969482422,218.85000610351562,1190758
2022-04-22,203.26593017578125,215.0,218.25,214.5,216.4499969482422,1780462
2022-04-25,199.57879638671875,211.10000610351562,215.8000030517578,210.3000030517578,215.0,2306741
2022-04-26,201.46963500976562,213.10000610351562,214.0,210.60000610351562,212.5,2076942
2022-04-27,196.12799072265625,207.4499969482422,214.0,205.89999389648438,210.0,3061918
2022-04-28,198.91697692871094,210.39999389648438,211.0,206.10000610351562,211.0,3232253
2022-04-29,197.59339904785156,209.0,215.1999969482422,208.4499969482422,212.0,3958232
2022-05-02,193.05535888671875,204.1999969482422,208.85000610351562,203.75,208.10000610351562,2142059
2022-05-04,189.51002502441406,200.4499969482422,207.25,199.64999389648438,204.89999389648438,3071098
2022-05-05,191.06997680664062,202.10000610351562,205.5,200.5,202.1999969482422,4206504
2022-05-06,188.04461669921875,198.89999389648438,204.0,193.3000030517578,197.9499969482422,8689544
2022-05-09,194.66258239746094,205.89999389648438,207.3000030517578,193.4499969482422,196.39999389648438,11959126
2022-05-10,196.64797973632812,208.0,209.10000610351562,204.0,205.9499969482422,5789382
2022-05-11,196.8843231201172,208.25,211.39999389648438,206.5,208.5,5737133
2022-05-12,190.5500030517578,201.5500030517578,208.4499969482422,199.5,206.89999389648438,4943694
2022-05-13,182.85000610351562,182.85000610351562,198.8000030517578,181.75,197.64999389648438,8559896
2022-05-16,190.4499969482422,190.4499969482422,191.1999969482422,181.1999969482422,185.0,3171525
2022-05-17,197.85000610351562,197.85000610351562,198.3000030517578,189.25,190.5,4557012
2022-05-18,200.89999389648438,200.89999389648438,203.60000610351562,197.9499969482422,198.89999389648438,4272128
2022-05-19,193.8000030517578,193.8000030517578,201.0,192.3000030517578,197.1999969482422,2407410
2022-05-20,201.85000610351562,201.85000610351562,202.60000610351562,196.25,196.89999389648438,2279582
2022-05-23,199.1999969482422,199.1999969482422,203.6999969482422,198.89999389648438,202.8000030517578,2298540
2022-05-24,199.10000610351562,199.10000610351562,201.89999389648438,198.5,200.14999389648438,2081868
2022-05-25,199.85000610351562,199.85000610351562,201.0500030517578,198.5,201.0500030517578,2695681
2022-05-26,203.25,203.25,204.5,197.75,199.9499969482422,3159956
2022-05-27,200.4499969482422,200.4499969482422,207.9499969482422,199.3000030517578,205.0,4116593
2022-05-30,200.4499969482422,200.4499969482422,203.64999389648438,200.1999969482422,202.0,1148579
2022-05-31,201.8000030517578,201.8000030517578,203.14999389648438,199.85000610351562,202.0,3687446
2022-06-01,201.1999969482422,201.1999969482422,205.8000030517578,200.0,203.0,1804341
2022-06-02,202.0,202.0,202.60000610351562,199.25,200.5500030517578,1828375
2022-06-03,201.5500030517578,201.5500030517578,204.0,199.75,204.0,2585087
2022-06-06,201.25,201.25,202.4499969482422,195.10000610351562,201.6999969482422,2096834
2022-06-07,206.0500030517578,206.0500030517578,206.60000610351562,198.5,201.60000610351562,3749456
2022-06-08,205.3000030517578,205.3000030517578,207.39999389648438,202.5,205.64999389648438,2907689
2022-06-09,207.5,207.5,207.89999389648438,202.10000610351562,204.3000030517578,1507766
2022-06-10,206.8000030517578,206.8000030517578,207.6999969482422,202.25,206.85000610351562,2714102
2022-06-13,202.60000610351562,202.60000610351562,204.89999389648438,200.0,203.5500030517578,2119805
2022-06-14,201.39999389648438,201.39999389648438,206.5,200.89999389648438,201.39999389648438,5043160
2022-06-15,206.14999389648438,206.14999389648438,207.14999389648438,197.6999969482422,203.39999389648438,4482071
2022-06-16,206.5,206.5,207.9499969482422,204.0500030517578,207.9499969482422,5132759
2022-06-17,208.0,208.0,211.25,203.75,206.5,26820362
2022-06-20,209.39999389648438,209.39999389648438,212.5,206.14999389648438,209.14999389648438,2850840
2022-06-21,208.1999969482422,208.1999969482422,212.0,207.75,212.0,2238910
2022-06-22,209.0,209.0,210.64999389648438,206.0,208.8000030517578,2399571
2022-06-23,211.25,211.25,212.85000610351562,207.10000610351562,209.0,2475717
2022-06-24,216.10000610351562,216.10000610351562,220.5500030517578,210.0,213.75,6328885
2022-06-27,211.85000610351562,211.85000610351562,220.0,211.0,220.0,4451700
2022-06-28,207.85000610351562,207.85000610351562,212.6999969482422,206.4499969482422,209.75,5494910
2022-06-29,202.89999389648438,202.89999389648438,209.25,201.6999969482422,206.1999969482422,5758687
2022-06-30,209.10000610351562,209.10000610351562,210.89999389648438,205.60000610351562,205.60000610351562,10644341
2022-07-01,208.0,208.0,210.89999389648438,204.5,210.0,2187045
2022-07-04,210.0,210.0,210.89999389648438,206.25,207.0,1240559
2022-07-05,208.1999969482422,208.1999969482422,212.3000030517578,207.0,210.0,1390002
2022-07-06,212.8000030517578,212.8000030517578,213.1999969482422,207.85000610351562,208.5,1103993
2022-07-07,211.0,211.0,214.6999969482422,210.0,213.0,762205
2022-07-08,209.39999389648438,209.39999389648438,212.9499969482422,207.8000030517578,211.9499969482422,779786
2022-07-11,213.3000030517578,213.3000030517578,218.0,210.6999969482422,210.6999969482422,3597124
2022-07-12,221.64999389648438,221.64999389648438,224.5,212.89999389648438,213.5500030517578,9375795
2022-07-13,222.64999389648438,222.64999389648438,225.5,220.10000610351562,223.0,3724986
2022-07-14,225.5500030517578,225.5500030517578,226.39999389648438,221.64999389648438,225.9499969482422,3790069
2022-07-15,229.14999389648438,229.14999389648438,230.39999389648438,225.14999389648438,225.5500030517578,3237091
2022-07-18,226.10000610351562,226.10000610351562,230.89999389648438,223.89999389648438,230.39999389648438,3930974
2022-07-19,221.4499969482422,221.4499969482422,223.64999389648438,217.5,223.0,6367320
2022-07-20,222.0500030517578,222.0500030517578,225.35000610351562,220.1999969482422,224.25,2666253
2022-07-21,224.4499969482422,224.4499969482422,226.14999389648438,222.14999389648438,223.0,1958624
2022-07-22,223.3000030517578,223.3000030517578,225.14999389648438,221.60000610351562,225.0,1378949
2022-07-25,222.64999389648438,222.64999389648438,228.0,220.9499969482422,223.5,2240801
2022-07-26,222.14999389648438,222.14999389648438,223.25,219.14999389648438,222.64999389648438,1814033
2022-07-27,222.9499969482422,222.9499969482422,225.0,221.5,222.0,1886769
2022-07-28,223.0500030517578,223.0500030517578,224.4499969482422,221.5,224.4499969482422,2210215
2022-07-29,222.5500030517578,222.5500030517578,224.25,220.3000030517578,223.0500030517578,1354206
2022-08-01,227.6999969482422,227.6999969482422,229.75,223.39999389648438,223.75,1887580
2022-08-02,219.35000610351562,219.35000610351562,229.6999969482422,218.3000030517578,228.3000030517578,3604956
2022-08-03,206.4499969482422,206.4499969482422,213.9499969482422,201.1999969482422,212.0,15598784
2022-08-04,203.3000030517578,203.3000030517578,208.0,202.0500030517578,208.0,4340512
2022-08-05,200.1999969482422,200.1999969482422,204.6999969482422,199.75,204.60000610351562,4564145
2022-08-08,199.75,199.75,201.5,198.1999969482422,201.0,2352124
2022-08-10,193.85000610351562,193.85000610351562,199.85000610351562,192.6999969482422,199.75,7599621
2022-08-11,195.10000610351562,195.10000610351562,197.0,192.35000610351562,195.60000610351562,3398538
2022-08-12,196.4499969482422,196.4499969482422,199.6999969482422,195.39999389648438,197.1999969482422,3636187
2022-08-16,195.8000030517578,195.8000030517578,198.39999389648438,194.8000030517578,198.0,3157543
2022-08-17,199.5,199.5,200.8000030517578,195.0,197.0,5247502
2022-08-18,199.14999389648438,199.14999389648438,200.5500030517578,197.0,200.25,2049264
2022-08-19,196.6999969482422,196.6999969482422,202.75,196.0,200.75,4539922
2022-08-22,195.9499969482422,195.9499969482422,198.0,194.0500030517578,196.6999969482422,2479481
2022-08-23,199.10000610351562,199.10000610351562,200.5,195.0500030517578,195.10000610351562,3266732
2022-08-24,197.8000030517578,197.8000030517578,200.6999969482422,197.0,200.0,3270877
2022-08-25,198.60000610351562,198.60000610351562,200.0,197.4499969482422,198.5,2204153
2022-08-26,200.8000030517578,200.8000030517578,202.0,199.3000030517578,200.3000030517578,3338104
2022-08-29,197.9499969482422,197.9499969482422,199.6999969482422,197.0,197.8000030517578,1546480
2022-08-30,199.8000030517578,199.8000030517578,201.0,198.1999969482422,199.35000610351562,1996870
2022-09-01,199.60000610351562,199.60000610351562,201.64999389648438,195.0,195.0,2895248
2022-09-02,199.3000030517578,199.3000030517578,200.39999389648438,198.1999969482422,199.1999969482422,1253847
2022-09-05,199.60000610351562,199.60000610351562,200.5,198.3000030517578,200.0,959640
2022-09-06,200.85000610351562,200.85000610351562,201.35000610351562,199.14999389648438,200.8000030517578,1970619
2022-09-07,202.85000610351562,202.85000610351562,204.5,199.5,200.0,3048536
2022-09-08,203.0500030517578,203.0500030517578,204.0500030517578,201.60000610351562,203.89999389648438,1696512
2022-09-09,203.6999969482422,203.6999969482422,206.3000030517578,203.0,204.10000610351562,1598984
2022-09-12,204.8000030517578,204.8000030517578,206.8000030517578,203.9499969482422,204.0,1471033
2022-09-13,203.5500030517578,203.5500030517578,206.10000610351562,200.89999389648438,205.0,3375961
2022-09-14,203.5500030517578,203.5500030517578,205.25,200.0,201.0,1659276
2022-09-15,203.8000030517578,203.8000030517578,208.0,203.3000030517578,205.0,3302644
2022-09-16,204.25,204.25,207.39999389648438,201.39999389648438,204.8000030517578,7515213
2022-09-19,198.0,198.0,204.8000030517578,197.10000610351562,204.8000030517578,2084247
2022-09-20,199.89999389648438,199.89999389648438,203.0,198.9499969482422,199.0,1547932
2022-09-21,197.4499969482422,197.4499969482422,201.4499969482422,197.0,200.0,1292687
2022-09-22,195.35000610351562,195.35000610351562,197.85000610351562,194.3000030517578,197.0,1247015
2022-09-23,193.10000610351562,193.10000610351562,196.4499969482422,192.8000030517578,195.6999969482422,1135789
2022-09-26,186.0,186.0,192.0,185.39999389648438,191.0500030517578,1478026
2022-09-27,189.0500030517578,189.0500030517578,192.89999389648438,187.39999389648438,187.75,2734383
2022-09-28,183.25,183.25,188.9499969482422,182.5,188.4499969482422,1851842
2022-09-29,185.89999389648438,185.89999389648438,188.8000030517578,184.0,184.35000610351562,3170990
2022-09-30,197.4499969482422,197.4499969482422,199.35000610351562,185.35000610351562,185.35000610351562,5599728
2022-10-03,197.1999969482422,197.1999969482422,202.39999389648438,195.9499969482422,198.9499969482422,4524716
2022-10-04,201.39999389648438,201.39999389648438,203.1999969482422,199.0500030517578,199.85000610351562,2126306
2022-10-06,200.9499969482422,200.9499969482422,203.60000610351562,200.10000610351562,202.4499969482422,1311742
2022-10-07,200.25,200.25,202.4499969482422,198.0,201.5,858038
2022-10-10,197.10000610351562,197.10000610351562,200.10000610351562,196.0,198.0,1055793
2022-10-11,190.39999389648438,190.39999389648438,198.10000610351562,189.5500030517578,198.0,1827138
2022-10-12,191.64999389648438,191.64999389648438,192.39999389648438,189.3000030517578,191.1999969482422,1054240
2022-10-13,188.5,188.5,192.60000610351562,187.60000610351562,192.60000610351562,1454103
2022-10-14,189.10000610351562,189.10000610351562,193.89999389648438,188.60000610351562,192.4499969482422,1465282
2022-10-17,188.5500030517578,188.5500030517578,190.5,187.8000030517578,189.6999969482422,1077270
2022-10-18,189.75,189.75,191.0,187.9499969482422,189.5,1434279
2022-10-19,191.10000610351562,191.10000610351562,195.0500030517578,189.3000030517578,190.6999969482422,3255288
2022-10-20,193.85000610351562,193.85000610351562,195.14999389648438,190.0,190.6999969482422,3344703
2022-10-21,194.4499969482422,194.4499969482422,195.9499969482422,192.8000030517578,193.8000030517578,1466279
2022-10-24,194.14999389648438,194.14999389648438,196.60000610351562,193.0,196.0,166042
2022-10-25,187.0500030517578,187.0500030517578,194.9499969482422,186.5,194.14999389648438,5253149
2022-10-27,190.9499969482422,190.9499969482422,191.75,187.25,188.60000610351562,2720112
2022-10-28,187.4499969482422,187.4499969482422,189.60000610351562,185.3000030517578,189.0,2581675
2022-10-31,185.5,185.5,189.14999389648438,184.75,187.85000610351562,2412942
2022-11-01,186.5,186.5,188.60000610351562,185.4499969482422,186.4499969482422,1988001
2022-11-02,185.0,185.0,186.5,184.14999389648438,186.5,2333037
2022-11-03,187.8000030517578,187.8000030517578,189.5500030517578,184.0,184.0,2325566
2022-11-04,188.89999389648438,188.89999389648438,190.5,187.5500030517578,187.89999389648438,1401932
2022-11-07,191.60000610351562,191.60000610351562,191.9499969482422,189.4499969482422,189.85000610351562,1595778
2022-11-09,192.85000610351562,192.85000610351562,193.64999389648438,191.1999969482422,192.0,1420478
2022-11-10,186.4499969482422,186.4499969482422,195.4499969482422,185.75,192.39999389648438,1889365
2022-11-11,191.5500030517578,191.5500030517578,192.0500030517578,187.3000030517578,188.0,1543772
2022-11-14,194.10000610351562,194.10000610351562,194.4499969482422,191.4499969482422,192.3000030517578,1196031
2022-11-15,194.89999389648438,194.89999389648438,195.6999969482422,193.3000030517578,194.6999969482422,1374790
2022-11-16,193.0500030517578,193.0500030517578,195.1999969482422,191.5500030517578,195.0,1273768
2022-11-17,196.5500030517578,196.5500030517578,197.3000030517578,192.5,193.4499969482422,2417586
2022-11-18,196.85000610351562,196.85000610351562,199.25,195.14999389648438,197.39999389648438,1788867
2022-11-21,201.64999389648438,201.64999389648438,202.60000610351562,196.89999389648438,196.89999389648438,4035561
2022-11-22,201.35000610351562,201.35000610351562,204.39999389648438,199.25,202.5,1845541
2022-11-23,200.75,200.75,202.64999389648438,199.4499969482422,202.39999389648438,1203661
2022-11-24,201.5,201.5,202.39999389648438,200.5,201.5500030517578,1078996
2022-11-25,203.10000610351562,203.10000610351562,203.6999969482422,198.8000030517578,202.1999969482422,1237082
2022-11-28,203.3000030517578,203.3000030517578,205.6999969482422,202.4499969482422,203.9499969482422,1095793
2022-11-29,199.4499969482422,199.4499969482422,203.9499969482422,199.0500030517578,203.3000030517578,1280928
2022-11-30,200.39999389648438,200.39999389648438,203.4499969482422,197.5500030517578,199.4499969482422,4961973
2022-12-01,201.64999389648438,201.64999389648438,202.64999389648438,199.14999389648438,201.5,1576447
2022-12-02,202.75,202.75,204.39999389648438,201.3000030517578,201.64999389648438,1119346
2022-12-05,201.5500030517578,201.5500030517578,203.3000030517578,200.5,202.8000030517578,987246
2022-12-06,198.5,198.5,202.4499969482422,198.0,201.5500030517578,1497697
2022-12-07,195.6999969482422,195.6999969482422,199.5,194.9499969482422,199.5,1325777
2022-12-08,194.5,194.5,196.85000610351562,194.0,195.8000030517578,1032619
2022-12-09,194.60000610351562,194.60000610351562,198.0,193.60000610351562,195.39999389648438,878758
2022-12-12,194.5,194.5,195.39999389648438,192.5500030517578,195.0,1033752
2022-12-13,194.4499969482422,194.4499969482422,195.5,193.10000610351562,195.3000030517578,946161
2022-12-14,199.6999969482422,199.6999969482422,200.5,193.85000610351562,195.0,2944060
2022-12-15,200.5,200.5,201.60000610351562,198.60000610351562,199.10000610351562,1864659
2022-12-16,196.25,196.25,202.39999389648438,195.3000030517578,200.0,1902311
2022-12-19,196.5,196.5,198.85000610351562,195.25,196.89999389648438,1000864
2022-12-20,191.89999389648438,191.89999389648438,196.85000610351562,189.4499969482422,196.4499969482422,2732197
2022-12-21,190.64999389648438,190.64999389648438,193.60000610351562,189.89999389648438,192.5,1434722
2022-12-22,192.10000610351562,192.10000610351562,192.8000030517578,188.10000610351562,191.0,1599230
2022-12-23,189.5,189.5,192.60000610351562,188.60000610351562,190.75,1308319
2022-12-26,191.39999389648438,191.39999389648438,193.85000610351562,188.1999969482422,190.9499969482422,1185046
2022-12-27,194.0,194.0,195.0,191.6999969482422,192.0,966816
2022-12-28,191.60000610351562,191.60000610351562,195.0,187.25,195.0,2212578
2022-12-29,189.8000030517578,189.8000030517578,191.9499969482422,189.0,191.60000610351562,1872528
2022-12-30,190.4499969482422,190.4499969482422,191.9499969482422,189.75,190.9499969482422,781893
2023-01-02,189.9499969482422,189.9499969482422,191.5,188.4499969482422,191.5,1100291
2023-01-03,189.6999969482422,189.6999969482422,190.75,189.14999389648438,190.14999389648438,878669
2023-01-04,185.35000610351562,185.35000610351562,190.5,185.0500030517578,189.85000610351562,2557515
2023-01-05,186.4499969482422,186.4499969482422,187.8000030517578,185.8000030517578,185.9499969482422,1220510
2023-01-06,187.35000610351562,187.35000610351562,188.8000030517578,185.75,186.85000610351562,1116983
2023-01-09,185.85000610351562,185.85000610351562,188.64999389648438,184.60000610351562,188.3000030517578,1789339
2023-01-10,183.1999969482422,183.1999969482422,186.8000030517578,182.35000610351562,185.89999389648438,1464758
2023-01-11,183.64999389648438,183.64999389648438,184.3000030517578,182.0,183.1999969482422,1202429
2023-01-12,184.5,184.5,184.9499969482422,183.14999389648438,184.3000030517578,1224523
2023-01-13,184.60000610351562,184.60000610351562,185.64999389648438,182.89999389648438,185.0,2114272
2023-01-16,182.0,182.0,185.39999389648438,181.5,185.35000610351562,2039566
2023-01-17,175.9499969482422,175.9499969482422,182.0,175.6999969482422,182.0,5199324
2023-01-18,177.0500030517578,177.0500030517578,177.60000610351562,175.0500030517578,176.14999389648438,2040813
2023-01-19,176.3000030517578,176.3000030517578,178.5,175.14999389648438,177.10000610351562,1576750
2023-01-20,171.4499969482422,171.4499969482422,176.8000030517578,170.5500030517578,176.8000030517578,3122484
2023-01-23,172.89999389648438,172.89999389648438,178.3000030517578,171.5500030517578,172.3000030517578,5058097
2023-01-24,170.4499969482422,170.4499969482422,174.6999969482422,169.0,173.25,2794092
2023-01-25,157.89999389648438,157.89999389648438,171.39999389648438,155.5,164.1999969482422,15235690
2023-01-27,137.0,137.0,158.5,135.14999389648438,157.0,19274989
2023-01-30,146.9499969482422,146.9499969482422,150.6999969482422,137.60000610351562,137.60000610351562,15908857
2023-01-31,153.3000030517578,153.3000030517578,158.39999389648438,145.64999389648438,147.1999969482422,19170500
2023-02-01,144.35000610351562,144.35000610351562,155.25,140.85000610351562,154.60000610351562,11882959
2023-02-02,142.64999389648438,142.64999389648438,146.9499969482422,140.5,144.0500030517578,5407198
2023-02-03,143.64999389648438,143.64999389648438,145.3000030517578,138.4499969482422,143.39999389648438,4699945
2023-02-06,162.0500030517578,162.0500030517578,164.89999389648438,154.0,154.9499969482422,28895691
2023-02-07,160.35000610351562,160.35000610351562,163.6999969482422,156.5,163.64999389648438,12277097
2023-02-08,161.0,161.0,166.25,158.3000030517578,160.0,8956394
2023-02-09,159.39999389648438,159.39999389648438,164.5,158.0,161.9499969482422,6966090
2023-02-10,168.0,168.0,168.85000610351562,159.39999389648438,159.64999389648438,14806012
2023-02-13,164.64999389648438,164.64999389648438,168.64999389648438,162.5500030517578,167.85000610351562,6321928
2023-02-14,167.5,167.5,168.60000610351562,164.39999389648438,164.6999969482422,5689451
2023-02-15,169.6999969482422,169.6999969482422,170.60000610351562,165.0,167.5,3998752
2023-02-16,169.8000030517578,169.8000030517578,171.0,167.0,168.64999389648438,3704371
2023-02-17,166.9499969482422,166.9499969482422,170.0,165.25,168.9499969482422,2513091
2023-02-20,164.0500030517578,164.0500030517578,168.6999969482422,163.0,167.8000030517578,2953104
2023-02-21,164.10000610351562,164.10000610351562,168.39999389648438,163.35000610351562,165.0,5883164
2023-02-22,165.39999389648438,165.39999389648438,166.60000610351562,162.35000610351562,164.0,4555272
2023-02-23,173.0,173.0,175.75,162.75,165.39999389648438,11586271
2023-02-24,171.1999969482422,171.1999969482422,173.4499969482422,167.85000610351562,173.4499969482422,4644814
2023-02-27,167.0,167.0,169.4499969482422,164.89999389648438,168.5,3755716
2023-02-28,170.89999389648438,170.89999389648438,175.0,165.5500030517578,168.5,5775867
2023-03-01,171.4499969482422,171.4499969482422,172.39999389648438,166.3000030517578,170.60000610351562,3970118
2023-03-02,170.25,170.25,172.1999969482422,168.75,169.8000030517578,2529310
2023-03-03,167.0,167.0,172.35000610351562,165.5,171.39999389648438,3673562
2023-03-06,166.3000030517578,166.3000030517578,168.89999389648438,164.75,167.0500030517578,3589350
2023-03-08,160.60000610351562,160.60000610351562,167.10000610351562,160.0500030517578,166.0,4027560
2023-03-09,156.75,156.75,161.10000610351562,156.14999389648438,160.39999389648438,4425082
2023-03-10,155.3000030517578,155.3000030517578,157.14999389648438,154.3000030517578,156.25,2465157
2023-03-13,153.0500030517578,153.0500030517578,157.5,152.35000610351562,155.39999389648438,2713236
2023-03-14,151.89999389648438,151.89999389648438,154.85000610351562,150.60000610351562,153.14999389648438,3071413
2023-03-15,149.39999389648438,149.39999389648438,153.0,147.85000610351562,152.6999969482422,4333180
2023-03-16,153.1999969482422,153.1999969482422,154.6999969482422,147.10000610351562,149.89999389648438,4269554
2023-03-17,150.6999969482422,150.6999969482422,154.60000610351562,149.8000030517578,154.0,5347968
2023-03-20,152.3000030517578,152.3000030517578,153.5500030517578,148.10000610351562,150.3000030517578,3030546
2023-03-21,151.85000610351562,151.85000610351562,154.1999969482422,151.25,152.89999389648438,2708793
2023-03-22,150.89999389648438,150.89999389648438,153.14999389648438,150.0500030517578,151.85000610351562,2840370
2023-03-23,151.0,151.0,152.0,150.0,150.89999389648438,1870491
2023-03-24,148.0500030517578,148.0500030517578,153.64999389648438,147.64999389648438,151.1999969482422,2141268
2023-03-27,148.39999389648438,148.39999389648438,151.6999969482422,147.0,148.5500030517578,3273362
2023-03-28,143.9499969482422,143.9499969482422,150.4499969482422,143.5,148.8000030517578,3241712
2023-03-29,142.25,142.25,146.10000610351562,141.0500030517578,144.0,4106922
2023-03-31,143.0,143.0,144.9499969482422,142.25,143.0500030517578,2991622
2023-04-03,143.60000610351562,143.60000610351562,144.85000610351562,142.5500030517578,143.64999389648438,1510884
2023-04-05,143.1999969482422,143.1999969482422,144.89999389648438,141.39999389648438,143.75,3037257
2023-04-06,141.64999389648438,141.64999389648438,143.60000610351562,141.39999389648438,143.25,2309983
2023-04-10,142.0500030517578,142.0500030517578,143.5,141.1999969482422,142.89999389648438,1848841
2023-04-11,139.14999389648438,139.14999389648438,142.9499969482422,138.5500030517578,142.5,4647795
2023-04-12,139.5500030517578,139.5500030517578,140.0,137.64999389648438,139.75,3392103
2023-04-13,137.39999389648438,137.39999389648438,140.14999389648438,136.5,139.89999389648438,3179142
2023-04-17,137.10000610351562,137.10000610351562,139.1999969482422,136.75,138.25,3167197
2023-04-18,136.89999389648438,136.89999389648438,138.9499969482422,136.5,137.10000610351562,2823576
2023-04-19,136.75,136.75,137.89999389648438,136.3000030517578,137.25,3413882
2023-04-20,137.6999969482422,137.6999969482422,138.64999389648438,135.8000030517578,136.89999389648438,2710999
2023-04-21,139.10000610351562,139.10000610351562,144.6999969482422,137.85000610351562,138.25,17513812
2023-04-24,138.85000610351562,138.85000610351562,140.10000610351562,137.5,140.0500030517578,3961080
2023-04-25,138.0,138.0,139.5,136.8000030517578,139.3000030517578,5455345
2023-04-26,143.0,143.0,143.5,138.0,138.0,12326822
2023-04-27,144.85000610351562,144.85000610351562,148.75,142.8000030517578,145.25,19412303
2023-04-28,155.0,155.0,160.39999389648438,144.85000610351562,144.85000610351562,46124871
2023-05-02,156.4499969482422,156.4499969482422,160.85000610351562,155.6999969482422,158.0,10897706
2023-05-03,151.39999389648438,151.39999389648438,155.75,151.0,154.89999389648438,7998933
2023-05-04,152.8000030517578,152.8000030517578,154.64999389648438,151.10000610351562,151.9499969482422,4419649
2023-05-05,152.0500030517578,152.0500030517578,154.1999969482422,150.60000610351562,153.0,3204340
2023-05-08,150.6999969482422,150.6999969482422,152.0500030517578,147.8000030517578,152.0,3708001
2023-05-09,152.14999389648438,152.14999389648438,155.1999969482422,151.0500030517578,151.75,6192341
2023-05-10,153.0,153.0,153.89999389648438,151.60000610351562,152.64999389648438,2386697
2023-05-11,151.4499969482422,151.4499969482422,153.4499969482422,150.60000610351562,152.5500030517578,1956855
2023-05-12,148.14999389648438,148.14999389648438,150.85000610351562,147.85000610351562,150.39999389648438,3963941
2023-05-15,150.39999389648438,150.39999389648438,151.5500030517578,148.25,148.64999389648438,2401247
2023-05-16,154.60000610351562,154.60000610351562,156.14999389648438,150.4499969482422,151.0500030517578,7345718
2023-05-17,151.4499969482422,151.4499969482422,156.0,150.39999389648438,155.5,4689694
2023-05-18,147.5,147.5,152.5500030517578,147.0,151.8000030517578,5723714
2023-05-19,144.89999389648438,144.89999389648438,148.4499969482422,144.5500030517578,148.14999389648438,2768878
2023-05-22,143.10000610351562,143.10000610351562,145.1999969482422,141.89999389648438,145.0500030517578,2575811
2023-05-23,145.25,145.25,146.6999969482422,141.60000610351562,143.10000610351562,5136071
2023-05-24,142.75,142.75,145.4499969482422,142.14999389648438,145.39999389648438,6228920
2023-05-25,147.64999389648438,147.64999389648438,149.6999969482422,142.14999389648438,142.75,15730072
2023-05-26,156.64999389648438,156.64999389648438,157.64999389648438,147.0500030517578,147.9499969482422,20174493
2023-05-29,155.6999969482422,155.6999969482422,158.64999389648438,154.8000030517578,157.89999389648438,9249811
2023-05-30,156.75,156.75,157.25,153.3000030517578,155.0,6076133
2023-05-31,153.85000610351562,153.85000610351562,158.3000030517578,152.35000610351562,153.25,91351515
2023-06-01,158.5500030517578,158.5500030517578,160.6999969482422,155.85000610351562,156.0,14342857
2023-06-02,160.0500030517578,160.0500030517578,160.5,157.39999389648438,159.0,11760689
2023-06-05,157.64999389648438,157.64999389648438,162.1999969482422,157.10000610351562,160.0500030517578,9485886
2023-06-06,157.25,157.25,158.4499969482422,155.5500030517578,157.64999389648438,8295147
2023-06-07,161.5500030517578,161.5500030517578,164.8000030517578,154.64999389648438,156.64999389648438,17338074
2023-06-08,157.25,157.25,162.89999389648438,156.5500030517578,161.5,9181217
2023-06-09,157.25,157.25,161.1999969482422,155.64999389648438,157.25,8783170
2023-06-12,163.35000610351562,163.35000610351562,163.89999389648438,158.0,158.89999389648438,9901664
2023-06-13,166.3000030517578,166.3000030517578,167.10000610351562,162.5500030517578,164.64999389648438,10249011
2023-06-14,166.75,166.75,172.9499969482422,166.25,172.1999969482422,23432403
2023-06-15,163.5,163.5,168.75,163.10000610351562,166.8000030517578,11834286
2023-06-16,163.6999969482422,163.6999969482422,165.64999389648438,163.35000610351562,164.10000610351562,4336673
2023-06-19,160.8000030517578,160.8000030517578,164.60000610351562,160.3000030517578,164.0,3976280
2023-06-20,161.5500030517578,161.5500030517578,162.4499969482422,159.5,160.8000030517578,3802675
2023-06-21,167.0,167.0,171.75,160.5500030517578,161.8000030517578,31946660
2023-06-22,165.3000030517578,165.3000030517578,169.6999969482422,164.6999969482422,167.25,5231435
2023-06-23,161.89999389648438,161.89999389648438,164.89999389648438,160.64999389648438,164.0,5940041
2023-06-26,165.35000610351562,165.35000610351562,165.89999389648438,159.6999969482422,162.0,7492375
2023-06-27,162.64999389648438,162.64999389648438,167.35000610351562,161.64999389648438,165.14999389648438,9571105
2023-06-28,164.35000610351562,164.35000610351562,167.60000610351562,162.35000610351562,162.64999389648438,17952480
2023-06-30,164.25,164.25,165.9499969482422,158.35000610351562,165.0,20441559
2023-07-03,165.4499969482422,165.4499969482422,167.14999389648438,163.0500030517578,164.25,10161546
2023-07-04,162.35000610351562,162.35000610351562,166.39999389648438,161.75,165.5500030517578,5210276
2023-07-05,162.89999389648438,162.89999389648438,164.10000610351562,162.25,163.0,3864967
2023-07-06,165.89999389648438,165.89999389648438,166.9499969482422,162.39999389648438,163.0500030517578,7517412
2023-07-07,163.39999389648438,163.39999389648438,166.39999389648438,161.5,165.89999389648438,7801020
2023-07-10,162.5,162.5,164.14999389648438,160.5500030517578,163.39999389648438,3561645
2023-07-11,164.89999389648438,164.89999389648438,167.75,162.5500030517578,162.5500030517578,6869098
2023-07-12,164.10000610351562,164.10000610351562,166.4499969482422,163.3000030517578,165.0,5823583
2023-07-13,162.60000610351562,162.60000610351562,166.5,160.8000030517578,164.4499969482422,6420420
2023-07-14,163.8000030517578,163.8000030517578,164.5500030517578,160.8000030517578,162.6999969482422,7851865
2023-07-17,171.5500030517578,171.5500030517578,172.39999389648438,163.5,164.5500030517578,21682161
2023-07-18,169.39999389648438,169.39999389648438,175.0,168.6999969482422,172.5,14435781
2023-07-19,168.39999389648438,168.39999389648438,171.1999969482422,167.64999389648438,170.5,7234252
2023-07-20,168.14999389648438,168.14999389648438,172.0,166.35000610351562,169.10000610351562,4894739
2023-07-21,169.10000610351562,169.10000610351562,170.5500030517578,163.60000610351562,166.60000610351562,7130889
2023-07-24,169.4499969482422,169.4499969482422,171.89999389648438,168.64999389648438,169.85000610351562,4472837
2023-07-25,171.8000030517578,171.8000030517578,174.25,169.9499969482422,171.0,6162426
2023-07-26,180.6999969482422,180.6999969482422,183.0,172.10000610351562,174.0,19735250
2023-07-27,176.0,176.0,182.5,175.14999389648438,182.5,8395409
2023-07-28,174.0,174.0,179.5,172.0,179.5,12035009
2023-07-31,172.0,172.0,175.85000610351562,171.64999389648438,175.0,6537141
2023-08-01,173.6999969482422,173.6999969482422,175.75,171.1999969482422,173.1999969482422,6701530
2023-08-02,169.85000610351562,169.85000610351562,173.64999389648438,167.85000610351562,173.64999389648438,6734719
2023-08-03,171.10000610351562,171.10000610351562,172.14999389648438,168.60000610351562,170.0,5364885
2023-08-04,173.0,173.0,175.14999389648438,170.60000610351562,171.8000030517578,4483074
2023-08-07,173.6999969482422,173.6999969482422,175.75,172.89999389648438,174.4499969482422,4161910
2023-08-08,172.0500030517578,172.0500030517578,174.39999389648438,169.5,173.64999389648438,5004956
2023-08-09,171.39999389648438,171.39999389648438,172.10000610351562,169.60000610351562,171.89999389648438,2828155
2023-08-10,169.1999969482422,169.1999969482422,173.0,168.35000610351562,172.0,3648146
2023-08-11,171.5500030517578,171.5500030517578,172.89999389648438,168.60000610351562,170.0,4513129
2023-08-14,170.39999389648438,170.39999389648438,171.85000610351562,167.60000610351562,171.85000610351562,3098756
2023-08-16,160.5,160.5,169.89999389648438,160.0,169.5,10184159
2023-08-17,161.9499969482422,161.9499969482422,163.1999969482422,160.5500030517578,161.9499969482422,5557084
2023-08-18,158.9499969482422,158.9499969482422,162.0,157.35000610351562,161.89999389648438,5571194
2023-08-21,158.9499969482422,158.9499969482422,160.0,157.8000030517578,158.75,1918408
2023-08-22,161.64999389648438,161.64999389648438,163.0,157.5500030517578,159.25,6886124
2023-08-23,162.75,162.75,164.75,162.0,164.0,7256015
2023-08-24,163.5500030517578,163.5500030517578,167.4499969482422,163.10000610351562,163.75,7352581
2023-08-25,168.35000610351562,168.35000610351562,170.6999969482422,164.3000030517578,164.3000030517578,19375280
2023-08-28,172.60000610351562,172.60000610351562,175.0,166.35000610351562,169.0,16338055
2023-08-29,174.9499969482422,174.9499969482422,177.8000030517578,173.25,174.0500030517578,11556508
2023-08-30,179.39999389648438,179.39999389648438,180.5,175.10000610351562,175.9499969482422,11802434
2023-08-31,175.1999969482422,175.1999969482422,179.89999389648438,174.25,179.89999389648438,4893907
2023-09-01,181.6999969482422,181.6999969482422,183.85000610351562,174.6999969482422,176.0,13256940
2023-09-04,179.10000610351562,179.10000610351562,183.3000030517578,176.9499969482422,182.85000610351562,8293911
2023-09-05,177.39999389648438,177.39999389648438,181.4499969482422,177.0,180.25,3864788
2023-09-06,184.85000610351562,184.85000610351562,187.39999389648438,175.5,177.60000610351562,10894830
2023-09-07,184.14999389648438,184.14999389648438,185.85000610351562,181.5,184.85000610351562,7427796
2023-09-08,188.0,188.0,191.5,184.8000030517578,185.0,14985676
2023-09-11,192.5,192.5,194.9499969482422,186.10000610351562,188.9499969482422,11877352
2023-09-12,181.9499969482422,181.9499969482422,194.64999389648438,181.25,194.0,8731630
2023-09-13,183.60000610351562,183.60000610351562,185.0,179.4499969482422,181.9499969482422,16711511
2023-09-14,183.85000610351562,183.85000610351562,185.60000610351562,182.0,184.10000610351562,13541956
2023-09-15,188.25,188.25,192.39999389648438,183.60000610351562,184.9499969482422,29291456
2023-09-18,185.10000610351562,185.10000610351562,195.1999969482422,183.75,193.10000610351562,15620575
2023-09-20,181.6999969482422,181.6999969482422,187.5,179.9499969482422,183.9499969482422,7585974
2023-09-21,178.5,178.5,183.14999389648438,176.35000610351562,181.6999969482422,6586823
2023-09-22,183.39999389648438,183.39999389648438,186.89999389648438,176.8000030517578,178.5,16997539
2023-09-25,186.10000610351562,186.10000610351562,187.4499969482422,182.1999969482422,183.64999389648438,8287146
2023-09-26,189.64999389648438,189.64999389648438,190.1999969482422,186.10000610351562,186.89999389648438,8966087
2023-09-27,191.14999389648438,191.14999389648438,193.35000610351562,188.5,190.14999389648438,10950417
2023-09-28,189.60000610351562,189.60000610351562,193.5,188.10000610351562,191.0,19276798
2023-09-29,191.6999969482422,191.6999969482422,197.14999389648438,191.0,191.0,11088675
2023-10-03,190.75,190.75,193.1999969482422,189.0,192.89999389648438,5978259
2023-10-04,186.8000030517578,186.8000030517578,192.0,183.5,190.0,5663584
2023-10-05,183.35000610351562,183.35000610351562,188.64999389648438,182.39999389648438,186.89999389648438,5325801
2023-10-06,180.8000030517578,180.8000030517578,184.75,180.39999389648438,183.5,3999034
2023-10-09,179.25,179.25,182.8000030517578,177.0,180.10000610351562,6436174
2023-10-10,187.4499969482422,187.4499969482422,189.1999969482422,178.9499969482422,181.0,16429730
2023-10-11,192.8000030517578,192.8000030517578,193.5,186.64999389648438,188.25,12615088
2023-10-12,195.25,195.25,198.14999389648438,191.6999969482422,193.6999969482422,11961294
2023-10-13,191.3000030517578,191.3000030517578,197.14999389648438,190.39999389648438,194.0,6685992
2023-10-16,188.85000610351562,188.85000610351562,193.10000610351562,187.6999969482422,191.35000610351562,5815234
2023-10-17,192.10000610351562,192.10000610351562,194.3000030517578,188.39999389648438,189.0500030517578,7432089
2023-10-18,187.89999389648438,187.89999389648438,193.1999969482422,187.3000030517578,193.1999969482422,7434947
2023-10-19,189.5500030517578,189.5500030517578,191.5,186.4499969482422,187.5,5163481
2023-10-20,184.14999389648438,184.14999389648438,189.89999389648438,183.0500030517578,189.89999389648438,4177757
2023-10-23,177.8000030517578,177.8000030517578,185.0,176.6999969482422,185.0,5870095
2023-10-25,174.25,174.25,181.10000610351562,171.6999969482422,181.0,6886337
2023-10-26,170.1999969482422,170.1999969482422,177.10000610351562,168.8000030517578,173.9499969482422,9398072
2023-10-27,168.60000610351562,168.60000610351562,173.1999969482422,166.6999969482422,172.0,7811228
2023-10-30,169.85000610351562,169.85000610351562,173.8000030517578,167.0,169.0500030517578,8786437
2023-10-31,172.39999389648438,172.39999389648438,175.4499969482422,170.1999969482422,171.0,6005792
2023-11-01,180.60000610351562,180.60000610351562,183.6999969482422,172.4499969482422,173.3000030517578,20934573
2023-11-02,190.14999389648438,190.14999389648438,190.89999389648438,179.89999389648438,179.9499969482422,19311498
2023-11-03,188.35000610351562,188.35000610351562,193.0,186.6999969482422,191.0,11884262
2023-11-06,184.6999969482422,184.6999969482422,190.0,184.3000030517578,189.10000610351562,3475802
2023-11-07,185.85000610351562,185.85000610351562,187.35000610351562,183.39999389648438,185.6999969482422,4045821
2023-11-08,184.1999969482422,184.1999969482422,187.39999389648438,183.8000030517578,185.9499969482422,3079994
2023-11-09,183.85000610351562,183.85000610351562,186.8000030517578,183.5,184.1999969482422,3696788
2023-11-10,183.39999389648438,183.39999389648438,185.64999389648438,182.14999389648438,183.8000030517578,3223741
2023-11-13,187.35000610351562,187.35000610351562,188.5500030517578,184.0500030517578,185.1999969482422,3759779
2023-11-15,187.75,187.75,190.0500030517578,186.39999389648438,188.35000610351562,4321261
2023-11-16,187.0,187.0,192.9499969482422,185.39999389648438,188.0,5290191
2023-11-17,186.60000610351562,186.60000610351562,189.35000610351562,185.75,187.0,4054258
2023-11-20,192.1999969482422,192.1999969482422,192.85000610351562,186.64999389648438,186.64999389648438,7496361
2023-11-21,187.35000610351562,187.35000610351562,193.9499969482422,186.6999969482422,193.85000610351562,6823735
2023-11-22,186.85000610351562,186.85000610351562,189.0,185.1999969482422,188.3000030517578,4644015
2023-11-23,185.85000610351562,185.85000610351562,188.1999969482422,184.25,186.4499969482422,2933078
2023-11-24,185.60000610351562,185.60000610351562,187.35000610351562,184.3000030517578,187.35000610351562,2422201
2023-11-28,184.85000610351562,184.85000610351562,185.9499969482422,184.1999969482422,185.0,2961178
2023-11-29,185.10000610351562,185.10000610351562,186.8000030517578,184.60000610351562,185.3000030517578,3899275
2023-11-30,184.39999389648438,184.39999389648438,185.8000030517578,183.0,185.8000030517578,4331123
2023-12-01,187.64999389648438,187.64999389648438,189.25,184.39999389648438,185.0,7768619
2023-12-04,187.0,187.0,189.6999969482422,186.5500030517578,189.10000610351562,3001516
2023-12-05,185.9499969482422,185.9499969482422,188.39999389648438,184.3000030517578,187.0500030517578,3217974
2023-12-06,185.6999969482422,185.6999969482422,188.25,184.8000030517578,186.35000610351562,2801836
2023-12-07,193.8000030517578,193.8000030517578,196.35000610351562,184.5,186.39999389648438,16212936
2023-12-08,190.4499969482422,190.4499969482422,195.35000610351562,187.5,195.0,5555744
2023-12-11,191.9499969482422,191.9499969482422,193.9499969482422,190.3000030517578,191.5,3948121
2023-12-12,188.9499969482422,188.9499969482422,192.89999389648438,188.1999969482422,192.39999389648438,4082803
2023-12-13,187.89999389648438,187.89999389648438,191.6999969482422,187.0500030517578,190.25,4040437
2023-12-14,201.0500030517578,201.0500030517578,202.75,187.89999389648438,189.8000030517578,23451294
2023-12-15,197.64999389648438,197.64999389648438,203.0,196.0500030517578,202.5500030517578,10310677
2023-12-18,198.85000610351562,198.85000610351562,200.75,195.60000610351562,200.0,10260980
2023-12-19,196.6999969482422,196.6999969482422,201.8000030517578,196.0,199.0500030517578,10391005
2023-12-20,180.64999389648438,180.64999389648438,197.75,177.0500030517578,197.75,26983204
2023-12-21,185.35000610351562,185.35000610351562,186.89999389648438,176.5500030517578,178.25,11722941
2023-12-22,185.8000030517578,185.8000030517578,189.1999969482422,182.35000610351562,187.3000030517578,10447967
2023-12-26,185.39999389648438,185.39999389648438,187.0,183.6999969482422,185.8000030517578,5776694
2023-12-27,186.4499969482422,186.4499969482422,187.5,182.5,185.75,5968253
2023-12-28,186.10000610351562,186.10000610351562,189.8000030517578,184.3000030517578,187.8000030517578,8115113
2023-12-29,199.0500030517578,199.0500030517578,201.64999389648438,184.8000030517578,186.5500030517578,48624005
2024-01-01,202.75,202.75,206.35000610351562,195.5,198.10000610351562,25210453
2024-01-02,202.14999389648438,202.14999389648438,209.0,197.25,201.8000030517578,20581788
2024-01-03,207.6999969482422,207.6999969482422,209.35000610351562,200.3000030517578,202.9499969482422,16523995
2024-01-04,216.4499969482422,216.4499969482422,219.8000030517578,208.0,208.0,20981115
2024-01-05,222.14999389648438,222.14999389648438,229.9499969482422,217.10000610351562,218.0,40926196
2024-01-08,213.10000610351562,213.10000610351562,223.1999969482422,212.0,222.5500030517578,12927707
2024-01-09,211.9499969482422,211.9499969482422,217.60000610351562,209.8000030517578,217.0,15497766
2024-01-10,214.25,214.25,221.0,211.8000030517578,221.0,21104217
2024-01-11,214.64999389648438,214.64999389648438,219.25,213.0,214.9499969482422,11208037
2024-01-12,216.39999389648438,216.39999389648438,218.1999969482422,214.0500030517578,215.89999389648438,10601045
2024-01-15,216.39999389648438,216.39999389648438,216.39999389648438,216.39999389648438,216.39999389648438,0
2024-01-16,219.5,219.5,222.25,213.3000030517578,222.1999969482422,13370944
2024-01-17,211.25,211.25,218.6999969482422,209.3000030517578,215.89999389648438,12467379
2024-01-18,215.9499969482422,215.9499969482422,219.0,206.0,212.10000610351562,20306069
2024-01-19,220.35000610351562,220.35000610351562,221.89999389648438,215.85000610351562,217.89999389648438,14521093
2024-01-23,217.10000610351562,217.10000610351562,225.39999389648438,215.8000030517578,216.1999969482422,15110861
2024-01-24,229.9499969482422,229.9499969482422,236.0,219.0,224.89999389648438,45883653
2024-01-25,225.4499969482422,225.4499969482422,233.4499969482422,221.1999969482422,232.25,16159229
2024-01-29,232.25,232.25,233.9499969482422,226.10000610351562,227.0,11621907
2024-01-30,229.9499969482422,229.9499969482422,234.85000610351562,228.64999389648438,234.0500030517578,13591981
2024-01-31,221.9499969482422,221.9499969482422,230.75,220.6999969482422,230.10000610351562,13074866
2024-02-01,219.0,219.0,223.4499969482422,210.8000030517578,215.0,179433641
2024-02-02,216.14999389648438,216.14999389648438,222.39999389648438,215.5,221.35000610351562,20610570
2024-02-05,214.5,214.5,218.1999969482422,213.14999389648438,216.5,12688736
2024-02-06,221.0,221.0,222.8000030517578,213.14999389648438,215.0500030517578,21232928
2024-02-07,225.64999389648438,225.64999389648438,226.5500030517578,215.0,224.0,31399900
2024-02-08,227.60000610351562,227.60000610351562,230.39999389648438,225.0,226.8000030517578,22948763
2024-02-09,226.14999389648438,226.14999389648438,229.0500030517578,217.9499969482422,228.89999389648438,19574909
2024-02-12,213.5500030517578,213.5500030517578,226.39999389648438,210.35000610351562,226.39999389648438,12889298
2024-02-13,209.39999389648438,209.39999389648438,214.5,206.35000610351562,213.5,16041187
2024-02-14,215.9499969482422,215.9499969482422,218.6999969482422,207.0,207.64999389648438,12948046
2024-02-15,221.25,221.25,223.64999389648438,216.5500030517578,217.9499969482422,17812731
2024-02-16,220.5500030517578,220.5500030517578,224.8000030517578,218.9499969482422,221.85000610351562,7867687
2024-02-19,223.1999969482422,223.1999969482422,228.0,220.60000610351562,222.0500030517578,14359432
2024-02-20,221.39999389648438,221.39999389648438,225.0,219.39999389648438,223.25,10004050
2024-02-21,218.85000610351562,218.85000610351562,225.85000610351562,216.89999389648438,223.0,11554309
2024-02-22,225.14999389648438,225.14999389648438,226.10000610351562,217.5,220.5,11796419
2024-02-23,241.14999389648438,241.14999389648438,245.5,231.10000610351562,231.64999389648438,77810544
2024-02-26,246.35000610351562,246.35000610351562,252.89999389648438,243.3000030517578,245.0,47416676
2024-02-27,240.25,240.25,250.39999389648438,239.10000610351562,247.0,19963258
2024-02-28,244.64999389648438,244.64999389648438,250.39999389648438,234.5,240.5,54016111
2024-02-29,252.8000030517578,252.8000030517578,255.1999969482422,240.39999389648438,244.0,32290220
2024-03-01,263.1000061035156,263.1000061035156,264.1499938964844,246.4499969482422,252.8000030517578,37746325
2024-03-04,268.1000061035156,268.1000061035156,269.79998779296875,263.3999938964844,265.54998779296875,12237066
2024-03-05,261.45001220703125,261.45001220703125,271.3500061035156,260.3999938964844,267.45001220703125,16010730
2024-03-06,252.9499969482422,252.9499969482422,261.0,246.0,261.0,24899815
2024-03-07,255.39999389648438,255.39999389648438,258.3500061035156,252.5500030517578,254.1999969482422,9619303
2024-03-11,247.4499969482422,247.4499969482422,255.1999969482422,246.39999389648438,254.0,8073625
2024-03-12,247.1999969482422,247.1999969482422,250.5500030517578,241.6999969482422,249.0500030517578,10111209
2024-03-13,236.39999389648438,236.39999389648438,249.5500030517578,231.3000030517578,248.0,16039868
2024-03-14,245.6999969482422,245.6999969482422,247.85000610351562,227.25,234.85000610351562,15267590
2024-03-15,248.35000610351562,248.35000610351562,252.39999389648438,241.1999969482422,244.1999969482422,14024872
2024-03-18,248.5,248.5,251.0,245.85000610351562,249.8000030517578,5938154
2024-03-19,238.25,238.25,251.60000610351562,234.0,249.0,30394055
2024-03-20,250.6999969482422,250.6999969482422,252.1999969482422,241.5500030517578,242.0,30243183
2024-03-21,250.1999969482422,250.1999969482422,254.8000030517578,249.35000610351562,253.0,9360207
2024-03-22,271.29998779296875,271.29998779296875,275.20001220703125,250.1999969482422,250.5,33142623
2024-03-26,283.6499938964844,283.6499938964844,286.0,274.3999938964844,279.0,51320717
2024-03-27,283.6000061035156,283.6000061035156,286.75,279.3500061035156,283.6499938964844,15903523
2024-03-28,291.1499938964844,291.1499938964844,292.75,283.25,283.6000061035156,20460251
2024-04-01,315.20001220703125,315.20001220703125,319.5,292.1499938964844,294.8999938964844,40267500
2024-04-02,304.75,304.75,314.5,303.6499938964844,314.5,18843574
2024-04-03,300.54998779296875,300.54998779296875,307.3999938964844,298.3999938964844,304.79998779296875,21197899
2024-04-04,306.6000061035156,306.6000061035156,310.0,301.54998779296875,304.04998779296875,13875200
2024-04-05,314.0,314.0,321.54998779296875,302.1000061035156,305.95001220703125,21960872
2024-04-08,327.79998779296875,327.79998779296875,331.5,315.95001220703125,316.5,28736885
2024-04-09,328.0,328.0,331.0,324.20001220703125,328.5,13705541
2024-04-10,326.70001220703125,326.70001220703125,330.0,317.1499938964844,325.0,17295594
2024-04-12,328.04998779296875,328.04998779296875,336.0,323.70001220703125,331.8999938964844,20855397
2024-04-15,334.54998779296875,334.54998779296875,337.75,322.25,322.3500061035156,15430900
2024-04-16,332.5,332.5,339.1499938964844,326.45001220703125,336.79998779296875,14995680
2024-04-18,344.3999938964844,344.3999938964844,353.8500061035156,335.0,335.5,40001173
2024-04-19,351.3999938964844,351.3999938964844,359.5,336.8500061035156,342.04998779296875,40376246
2024-04-22,349.79998779296875,349.79998779296875,355.25,341.6499938964844,352.0,18832015
2024-04-23,359.5,359.5,366.54998779296875,356.8500061035156,359.8500061035156,27662734
2024-04-24,348.3500061035156,348.3500061035156,364.0,346.8500061035156,363.20001220703125,20859429
2024-04-25,351.6499938964844,351.6499938964844,356.79998779296875,345.20001220703125,349.0,15367285
2024-04-26,353.29998779296875,353.29998779296875,355.45001220703125,348.6000061035156,352.0,11226725
2024-04-29,352.0,352.0,354.8999938964844,343.8500061035156,352.0,14121040
2024-04-30,354.79998779296875,354.79998779296875,360.5,352.54998779296875,353.0,15377757
2024-05-02,352.95001220703125,352.95001220703125,363.6000061035156,348.45001220703125,359.0,19136966
2024-05-03,350.95001220703125,350.95001220703125,358.3500061035156,347.6499938964844,353.5,14060465
2024-05-06,351.1499938964844,351.1499938964844,356.0,345.45001220703125,353.79998779296875,7702154
2024-05-07,338.20001220703125,338.20001220703125,348.79998779296875,335.5,347.0,12770435
2024-05-08,337.29998779296875,337.29998779296875,342.1499938964844,333.75,336.0,9756671
2024-05-09,327.8500061035156,327.8500061035156,341.3500061035156,325.8500061035156,338.29998779296875,6656525
2024-05-10,330.54998779296875,330.54998779296875,332.75,322.6499938964844,324.8500061035156,6438304
2024-05-13,328.29998779296875,328.29998779296875,332.25,321.25,329.0,6016682
2024-05-14,339.5,339.5,342.0,328.04998779296875,330.25,8910910
2024-05-15,341.79998779296875,341.79998779296875,347.8999938964844,340.0,342.45001220703125,9691825
2024-05-16,341.0,341.0,343.79998779296875,337.54998779296875,342.70001220703125,6688038
2024-05-17,344.45001220703125,344.45001220703125,349.0,342.5,343.3999938964844,8269010
2024-05-21,339.04998779296875,339.04998779296875,347.54998779296875,338.1499938964844,347.0,7533289
2024-05-22,339.5,339.5,345.25,336.75,342.5,8139260
2024-05-23,343.79998779296875,343.79998779296875,347.6499938964844,340.1499938964844,341.6499938964844,6693276
2024-05-24,346.70001220703125,346.70001220703125,356.45001220703125,343.04998779296875,346.1499938964844,22371674
2024-05-27,342.75,342.75,352.0,340.79998779296875,347.0,7873067
2024-05-28,341.3999938964844,341.3999938964844,350.95001220703125,340.04998779296875,346.0,10680935
2024-05-29,340.95001220703125,340.95001220703125,345.29998779296875,340.25,343.0,6954616
2024-05-30,343.75,343.75,346.3999938964844,338.70001220703125,340.79998779296875,10307057
2024-05-31,348.1499938964844,348.1499938964844,350.70001220703125,342.0,347.20001220703125,110651268
2024-06-03,364.0,364.0,369.8999938964844,341.70001220703125,360.5,29686486
2024-06-04,307.95001220703125,307.95001220703125,363.0,292.0,363.0,28901481
2024-06-05,332.70001220703125,332.70001220703125,335.79998779296875,309.25,319.29998779296875,14300262
2024-06-06,339.3500061035156,339.3500061035156,344.95001220703125,334.5,335.0,8216145
2024-06-07,347.1499938964844,347.1499938964844,351.3999938964844,337.1000061035156,338.04998779296875,10966598
2024-06-10,348.1499938964844,348.1499938964844,352.5,344.45001220703125,347.1499938964844,5450324
2024-06-11,347.95001220703125,347.95001220703125,353.3500061035156,342.0,350.1000061035156,6964630
2024-06-12,342.1499938964844,342.1499938964844,349.3999938964844,340.95001220703125,349.3999938964844,9458583
2024-06-13,339.5,339.5,346.6000061035156,337.0,344.1000061035156,7980545
2024-06-14,340.75,340.75,346.79998779296875,338.5,340.0,12332822
2024-06-18,344.54998779296875,344.54998779296875,347.54998779296875,331.6499938964844,335.29998779296875,17706369
2024-06-19,334.0,334.0,341.95001220703125,311.3999938964844,329.1000061035156,832154977
2024-06-20,336.29998779296875,336.29998779296875,340.0,334.0,335.75,26757768
2024-06-21,336.45001220703125,336.45001220703125,339.45001220703125,330.1000061035156,337.75,38940980
2024-06-24,339.8500061035156,339.8500061035156,341.6000061035156,331.25,338.95001220703125,27730484
2024-06-25,344.20001220703125,344.20001220703125,344.95001220703125,341.0,342.95001220703125,20205939
2024-06-26,356.1000061035156,356.1000061035156,358.0,340.8500061035156,346.0,41378980
2024-06-27,365.1499938964844,365.1499938964844,369.20001220703125,351.29998779296875,363.0,70241770
2024-06-28,375.29998779296875,375.29998779296875,384.79998779296875,370.0,374.0,75125583
2024-07-01,389.6499938964844,389.6499938964844,391.0,372.75,377.0,32581017
2024-07-02,383.79998779296875,383.79998779296875,396.5,379.79998779296875,391.6000061035156,27609215
2024-07-03,396.5,396.5,397.45001220703125,385.0,389.0,20902391
2024-07-04,404.04998779296875,404.04998779296875,408.3999938964844,389.6499938964844,398.3999938964844,27983391
2024-07-05,395.6499938964844,395.6499938964844,403.45001220703125,392.29998779296875,401.0,13752975
2024-07-08,385.75,385.75,398.8500061035156,384.20001220703125,396.0,17394416
2024-07-09,385.0,385.0,387.45001220703125,376.3500061035156,385.0,12570385
2024-07-10,382.8999938964844,382.8999938964844,388.45001220703125,373.54998779296875,386.70001220703125,16109267
2024-07-11,394.25,394.25,395.6000061035156,383.0,383.0,13286371
2024-07-12,392.0,392.0,398.54998779296875,389.1000061035156,396.5,10718103
2024-07-15,396.54998779296875,396.54998779296875,398.04998779296875,388.0,392.04998779296875,7398000
2024-07-16,406.8500061035156,406.8500061035156,407.8999938964844,398.1000061035156,401.8999938964844,17411078
2024-07-18,418.95001220703125,418.95001220703125,423.20001220703125,407.5,407.5,41312223
2024-07-19,409.5,409.5,424.70001220703125,404.79998779296875,421.1499938964844,18446103
2024-07-22,421.75,421.75,422.8999938964844,403.6499938964844,409.6000061035156,12653379
2024-07-23,434.54998779296875,434.54998779296875,439.3999938964844,403.79998779296875,424.0,34818877
2024-07-24,426.1499938964844,426.1499938964844,439.70001220703125,418.75,439.1499938964844,71801651
2024-07-25,424.8500061035156,424.8500061035156,429.70001220703125,415.54998779296875,417.5,13231597
2024-07-26,444.8500061035156,444.8500061035156,447.3500061035156,435.0,439.8999938964844,20829504
2024-07-29,443.3999938964844,443.3999938964844,449.0,441.1000061035156,448.8999938964844,10917593
2024-07-30,446.79998779296875,446.79998779296875,453.29998779296875,443.6000061035156,444.5,10182321
2024-07-31,433.1499938964844,433.1499938964844,449.70001220703125,430.3500061035156,448.0,23215256
2024-08-01,428.75,428.75,436.6000061035156,424.29998779296875,435.8999938964844,10696575
2024-08-02,421.1000061035156,421.1000061035156,427.5,420.1000061035156,422.5,7685638
2024-08-05,413.6499938964844,413.6499938964844,425.3999938964844,407.0,417.8999938964844,14601326
2024-08-06,414.54998779296875,414.54998779296875,427.29998779296875,413.20001220703125,418.04998779296875,13583635
2024-08-07,421.29998779296875,421.29998779296875,422.5,414.5,420.04998779296875,12573368
2024-08-08,417.0,417.0,426.04998779296875,416.3500061035156,424.0,14007899
2024-08-09,414.95001220703125,414.95001220703125,422.3500061035156,414.3999938964844,416.0,6011495
2024-08-12,415.8999938964844,415.8999938964844,421.0,413.70001220703125,415.0,4743010
2024-08-13,405.29998779296875,405.29998779296875,418.0,403.20001220703125,418.0,7084701
2024-08-14,403.04998779296875,403.04998779296875,408.8999938964844,400.6499938964844,408.0,6900595
2024-08-16,411.79998779296875,411.79998779296875,413.20001220703125,405.45001220703125,406.45001220703125,4001648
2024-08-19,418.6499938964844,418.6499938964844,422.0,412.1000061035156,413.70001220703125,6217589
2024-08-20,428.29998779296875,428.29998779296875,430.3500061035156,419.6000061035156,421.0,9343091
2024-08-21,424.8999938964844,424.8999938964844,431.45001220703125,423.5,429.5,6930168
2024-08-22,434.8999938964844,434.8999938964844,439.20001220703125,426.0,426.5,10947918
2024-08-23,434.3500061035156,434.3500061035156,438.5,432.45001220703125,436.45001220703125,5262529
2024-08-26,433.25,433.25,439.29998779296875,428.54998779296875,435.45001220703125,6148376
2024-08-27,437.95001220703125,437.95001220703125,439.79998779296875,431.20001220703125,434.70001220703125,6392653
2024-08-28,444.45001220703125,444.45001220703125,448.6000061035156,440.75,442.0,15433839
2024-08-29,446.54998779296875,446.54998779296875,450.3500061035156,438.8500061035156,442.1000061035156,15663444
2024-08-30,458.5,458.5,460.3500061035156,445.25,447.95001220703125,17888531
2024-09-02,438.95001220703125,438.95001220703125,460.0,433.54998779296875,460.0,15612684
2024-09-03,441.3999938964844,441.3999938964844,444.29998779296875,438.8500061035156,439.75,5978801
2024-09-04,434.3999938964844,434.3999938964844,441.29998779296875,431.3500061035156,434.95001220703125,6147494
2024-09-05,443.1000061035156,443.1000061035156,444.54998779296875,436.20001220703125,440.45001220703125,7834138
2024-09-06,423.1000061035156,423.1000061035156,443.20001220703125,414.0,443.20001220703125,21421372
2024-09-09,421.5,421.5,426.0,416.79998779296875,420.95001220703125,7073948
2024-09-10,425.3999938964844,425.3999938964844,429.8999938964844,422.3999938964844,423.75,5089383
2024-09-11,428.0,428.0,436.20001220703125,423.95001220703125,433.8500061035156,13300174
2024-09-12,433.45001220703125,433.45001220703125,437.1000061035156,429.0,430.8999938964844,5905816
2024-09-13,428.45001220703125,428.45001220703125,438.6499938964844,427.25,435.6000061035156,6918635
2024-09-16,428.70001220703125,428.70001220703125,431.1499938964844,420.1000061035156,428.45001220703125,5356337
2024-09-17,430.45001220703125,430.45001220703125,433.6000061035156,426.5,427.20001220703125,2422065
2024-09-18,428.25,428.25,430.70001220703125,421.54998779296875,428.0,3228858
2024-09-19,389.79998779296875,389.79998779296875,430.8999938964844,366.3500061035156,423.0,83881230
2024-09-20,388.25,388.25,397.3999938964844,378.75,393.0,46485982
2024-09-23,403.70001220703125,403.70001220703125,412.6000061035156,397.1000061035156,399.8999938964844,27447906
2024-09-24,401.29998779296875,401.29998779296875,408.0,395.70001220703125,403.70001220703125,8767855
2024-09-25,391.1499938964844,391.1499938964844,401.1499938964844,385.04998779296875,401.0,12185928
2024-09-26,393.75,393.75,395.3500061035156,387.3999938964844,390.54998779296875,10843976
2024-09-27,392.3999938964844,392.3999938964844,395.6499938964844,389.25,392.54998779296875,8263851
2024-09-30,392.54998779296875,392.54998779296875,393.3999938964844,385.3999938964844,391.6499938964844,9678928
2024-10-01,384.04998779296875,384.04998779296875,395.6000061035156,382.3500061035156,389.04998779296875,7039394
2024-10-03,377.6000061035156,377.6000061035156,389.04998779296875,375.5,376.0,9305494
2024-10-04,372.20001220703125,372.20001220703125,381.75,369.45001220703125,378.6000061035156,10290272
2024-10-07,361.1499938964844,361.1499938964844,375.79998779296875,352.29998779296875,374.1000061035156,19905422
2024-10-08,370.0,370.0,371.8999938964844,358.29998779296875,360.0,7021080
2024-10-09,373.5,373.5,377.6000061035156,368.25,371.8500061035156,4667993
2024-10-10,378.8999938964844,378.8999938964844,383.25,376.0,376.0,6150764
2024-10-11,378.5,378.5,382.8500061035156,376.5,380.79998779296875,3322205
2024-10-14,386.8999938964844,386.8999938964844,389.0,378.25,380.3999938964844,5695193
2024-10-15,385.8999938964844,385.8999938964844,388.95001220703125,381.54998779296875,387.6000061035156,3460929
2024-10-16,388.25,388.25,390.3999938964844,380.29998779296875,384.95001220703125,3840308
2024-10-17,384.75,384.75,391.0,382.75,386.5,5379127
2024-10-18,384.54998779296875,384.54998779296875,386.3500061035156,378.20001220703125,383.6499938964844,2601893
2024-10-21,375.3500061035156,375.3500061035156,386.5,372.1000061035156,384.0,8530940
2024-10-22,366.75,366.75,378.3999938964844,364.3500061035156,375.0,5046553
2024-10-23,357.1000061035156,357.1000061035156,380.95001220703125,355.5,380.95001220703125,12160417
2024-10-24,350.25,350.25,359.45001220703125,349.04998779296875,358.0,6558434
2024-10-25,334.70001220703125,334.70001220703125,352.0,330.1000061035156,352.0,14093116
2024-10-28,346.25,346.25,348.6499938964844,336.5,340.95001220703125,6060360
2024-10-29,347.8999938964844,347.8999938964844,349.54998779296875,338.79998779296875,345.8999938964844,10432509
2024-10-30,342.75,342.75,349.3999938964844,341.6000061035156,347.70001220703125,4285325
2024-10-31,340.54998779296875,340.54998779296875,345.25,338.6499938964844,341.79998779296875,6947893
2024-11-01,342.8500061035156,342.8500061035156,346.0,340.75,342.3500061035156,756568
2024-11-04,337.3999938964844,337.3999938964844,350.0,335.3500061035156,346.8500061035156,12597097
2024-11-05,342.1499938964844,342.1499938964844,342.8500061035156,332.3500061035156,336.8500061035156,3304753
2024-11-06,342.04998779296875,342.04998779296875,344.8500061035156,338.6499938964844,343.0,4103190
2024-11-07,339.5,339.5,347.6000061035156,338.5,342.25,4622999
2024-11-08,326.20001220703125,326.20001220703125,340.6499938964844,324.25,340.29998779296875,8234519
2024-11-11,325.04998779296875,325.04998779296875,328.20001220703125,315.5,318.04998779296875,6026607
2024-11-12,321.0,321.0,331.1000061035156,319.25,326.0,3353016
2024-11-13,318.1000061035156,318.1000061035156,322.70001220703125,316.6000061035156,321.8999938964844,7525374
2024-11-14,317.75,317.75,321.1000061035156,315.6000061035156,319.0,8628870
2024-11-18,323.1499938964844,323.1499938964844,326.6000061035156,317.0,320.0,6992604
2024-11-19,328.1499938964844,328.1499938964844,335.25,325.1499938964844,328.75,5955778
2024-11-21,329.1000061035156,329.1000061035156,340.0,326.1499938964844,340.0,17871198
2024-11-22,330.1000061035156,330.1000061035156,332.79998779296875,325.54998779296875,330.0,3576020
2024-11-25,337.3500061035156,337.3500061035156,339.45001220703125,330.29998779296875,333.6000061035156,9817548
2024-11-26,340.95001220703125,340.95001220703125,355.8500061035156,339.6499938964844,351.0,23264396
2024-11-27,349.75,349.75,352.1499938964844,340.79998779296875,341.0,5617102
2024-11-28,348.25,348.25,354.5,345.6000061035156,349.0,5759041
2024-11-29,349.3500061035156,349.3500061035156,353.70001220703125,345.5,347.1499938964844,4666533
2024-12-02,346.6499938964844,346.6499938964844,350.29998779296875,345.6000061035156,350.0,3309131
2024-12-03,353.8999938964844,353.8999938964844,356.79998779296875,345.5,350.5,5656362
2024-12-04,357.20001220703125,357.20001220703125,361.0,348.3500061035156,354.8999938964844,7749633
2024-12-05,363.54998779296875,363.54998779296875,375.0,360.0,375.0,48848190
2024-12-06,364.6499938964844,364.6499938964844,373.25,363.0,368.0,16816288
2024-12-09,362.1499938964844,362.1499938964844,366.79998779296875,358.95001220703125,364.75,14327412
2024-12-10,360.04998779296875,360.04998779296875,362.75,355.0,362.45001220703125,9563283
2024-12-11,359.6000061035156,359.6000061035156,362.75,358.20001220703125,360.0,5852606
2024-12-12,343.8500061035156,343.8500061035156,359.1000061035156,342.75,358.8500061035156,14316251
2024-12-13,350.0,350.0,351.20001220703125,335.3500061035156,342.0,13444504
2024-12-16,353.0,353.0,355.8999938964844,349.54998779296875,351.0,5191999
2024-12-17,345.8500061035156,345.8500061035156,359.29998779296875,343.8999938964844,359.29998779296875,10729278
2024-12-18,340.75,340.75,346.79998779296875,339.8999938964844,344.70001220703125,3077237
2024-12-19,346.3999938964844,346.3999938964844,347.3500061035156,332.6000061035156,335.0,9661691
2024-12-20,337.1000061035156,337.1000061035156,348.75,335.20001220703125,346.5,7046688
2024-12-23,335.0,335.0,339.0,333.1000061035156,339.0,4070412
2024-12-24,333.54998779296875,333.54998779296875,337.5,327.1499938964844,336.0,5404134
2024-12-26,332.3500061035156,332.3500061035156,336.04998779296875,331.3999938964844,334.6499938964844,6062223
2024-12-27,329.54998779296875,329.54998779296875,337.20001220703125,328.6499938964844,332.5,4035369
2024-12-30,340.04998779296875,340.04998779296875,342.54998779296875,329.6499938964844,331.8999938964844,17505371
2024-12-31,341.79998779296875,341.79998779296875,343.79998779296875,335.20001220703125,341.79998779296875,7230147
2025-01-01,343.95001220703125,343.95001220703125,345.6499938964844,338.5,340.0,2228186
2025-01-02,346.3999938964844,346.3999938964844,347.20001220703125,341.3500061035156,343.8500061035156,5093469
2025-01-03,344.0,344.0,352.5,342.54998779296875,346.0,4130940
2025-01-06,329.79998779296875,329.79998779296875,345.79998779296875,328.04998779296875,345.79998779296875,6233638
2025-01-07,328.1499938964844,328.1499938964844,335.29998779296875,327.54998779296875,331.29998779296875,4495351
2025-01-08,330.3500061035156,330.3500061035156,334.0,325.20001220703125,329.79998779296875,5541381
2025-01-09,330.79998779296875,330.79998779296875,339.29998779296875,328.6000061035156,330.3500061035156,7595457
2025-01-10,320.3999938964844,320.3999938964844,330.6499938964844,319.45001220703125,330.0,6603060
2025-01-13,320.5,320.5,333.25,315.54998779296875,315.54998779296875,13453147
2025-01-14,340.29998779296875,340.29998779296875,341.8500061035156,323.3999938964844,324.0,12001185
2025-01-15,351.79998779296875,351.79998779296875,361.20001220703125,339.1499938964844,340.8999938964844,22050850
2025-01-16,354.54998779296875,354.54998779296875,363.0,353.3999938964844,363.0,8279242
2025-01-17,362.70001220703125,362.70001220703125,365.0,357.1499938964844,358.1000061035156,14711286
2025-01-20,375.6000061035156,375.6000061035156,390.45001220703125,370.3500061035156,380.3999938964844,23507683
2025-01-21,361.6499938964844,361.6499938964844,374.0,360.6499938964844,373.8999938964844,5167716
2025-01-22,357.1000061035156,357.1000061035156,361.8999938964844,348.5,361.6000061035156,9032850
2025-01-23,366.6000061035156,366.6000061035156,369.6499938964844,354.5,360.0,9182913
2025-01-24,367.95001220703125,367.95001220703125,374.20001220703125,365.25,367.20001220703125,19643296
2025-01-27,348.95001220703125,348.95001220703125,366.70001220703125,346.8500061035156,365.6499938964844,7693448
2025-01-28,353.5,353.5,356.8999938964844,342.8500061035156,352.0,7413921
2025-01-29,346.70001220703125,346.70001220703125,355.1000061035156,343.29998779296875,352.5,4888368
2025-01-30,345.6000061035156,345.6000061035156,349.5,342.04998779296875,347.0,8768186
2025-01-31,347.20001220703125,347.20001220703125,348.8999938964844,342.3999938964844,345.95001220703125,6499334
2025-02-01,352.79998779296875,352.79998779296875,366.3999938964844,334.0,346.8999938964844,7963805
2025-02-03,350.1000061035156,350.1000061035156,351.25,338.70001220703125,347.1000061035156,4618051
2025-02-04,356.8999938964844,356.8999938964844,359.1499938964844,349.70001220703125,353.6499938964844,5792352
2025-02-05,358.04998779296875,358.04998779296875,363.45001220703125,356.45001220703125,358.25,6894532
2025-02-06,356.1000061035156,356.1000061035156,368.29998779296875,354.04998779296875,359.95001220703125,8285405
2025-02-07,363.29998779296875,363.29998779296875,369.3500061035156,357.70001220703125,358.29998779296875,10231223
2025-02-10,352.04998779296875,352.04998779296875,364.79998779296875,348.54998779296875,363.25,4667093
2025-02-11,348.20001220703125,348.20001220703125,354.45001220703125,344.5,353.25,4574371
2025-02-12,347.3999938964844,347.3999938964844,350.75,332.1499938964844,349.0,7020361
2025-02-13,348.75,348.75,356.79998779296875,343.45001220703125,347.04998779296875,4427505
2025-02-14,335.5,335.5,350.3999938964844,329.6000061035156,350.1499938964844,3742431
2025-02-17,339.29998779296875,339.29998779296875,340.3999938964844,326.75,334.25,4162964
2025-02-18,337.04998779296875,337.04998779296875,340.1000061035156,329.04998779296875,339.29998779296875,2976715
2025-02-19,341.3999938964844,341.3999938964844,344.25,329.95001220703125,334.6000061035156,7010165
2025-02-20,341.1000061035156,341.1000061035156,344.5,336.04998779296875,337.04998779296875,3324577
2025-02-21,336.3999938964844,336.3999938964844,340.95001220703125,331.5,339.0,7741976
2025-02-24,330.20001220703125,330.20001220703125,333.8999938964844,325.25,332.0,5605913
2025-02-25,331.6000061035156,331.6000061035156,336.95001220703125,329.6000061035156,330.5,4709750
2025-02-27,338.25,338.25,339.8999938964844,329.5,331.6499938964844,8675643
2025-02-28,323.3500061035156,323.3500061035156,337.8999938964844,321.8999938964844,337.8999938964844,9209911
2025-03-03,326.70001220703125,326.70001220703125,328.25,312.75,325.0,6628370
2025-03-04,327.0,327.0,330.1499938964844,319.5,326.0,3429689
2025-03-05,336.79998779296875,336.79998779296875,337.5,326.54998779296875,329.8999938964844,3824203
2025-03-06,330.45001220703125,330.45001220703125,340.8999938964844,328.6000061035156,338.0,5352132
2025-03-07,327.3999938964844,327.3999938964844,332.25,325.8999938964844,331.04998779296875,3798696
2025-03-10,330.20001220703125,330.20001220703125,336.54998779296875,328.1499938964844,329.04998779296875,4911269
2025-03-11,341.3999938964844,341.3999938964844,342.5,325.20001220703125,326.29998779296875,6330559
2025-03-12,324.6499938964844,324.6499938964844,345.0,314.70001220703125,345.0,16599619
2025-03-13,327.0,327.0,330.20001220703125,323.3500061035156,324.95001220703125,6340342
2025-03-17,330.6000061035156,330.6000061035156,332.0,322.25,326.0,4496735
2025-03-18,330.6000061035156,330.6000061035156,330.6000061035156,330.6000061035156,330.6000061035156,0
2025-03-19,339.29998779296875,339.29998779296875,342.8500061035156,336.04998779296875,337.25,7037625
2025-03-20,340.6000061035156,340.6000061035156,342.1000061035156,334.1000061035156,341.0,3429892
2025-03-21,348.8500061035156,348.8500061035156,350.0,338.45001220703125,340.8999938964844,8201117
2025-03-24,349.04998779296875,349.04998779296875,358.8999938964844,348.25,355.0,5023515
2025-03-25,339.75,339.75,350.8999938964844,337.25,350.8999938964844,4042558
2025-03-26,339.25,339.25,344.0,334.8999938964844,339.70001220703125,3678722
2025-03-27,338.3999938964844,338.3999938964844,341.6000061035156,335.0,338.1000061035156,4513735
2025-03-28,334.29998779296875,334.29998779296875,343.20001220703125,332.0,339.95001220703125,5874129
2025-04-01,352.45001220703125,352.45001220703125,360.8999938964844,346.79998779296875,349.8999938964844,21049199
2025-04-02,361.29998779296875,361.29998779296875,362.70001220703125,350.0,352.3999938964844,8411874
2025-04-03,358.0,358.0,360.0,352.8500061035156,355.3500061035156,4129080
2025-04-04,360.5,360.5,368.0,356.3999938964844,360.0,16145235
2025-04-07,356.0,356.0,358.20001220703125,336.1499938964844,340.0,10272279
2025-04-08,370.6499938964844,370.6499938964844,372.0,359.5,363.95001220703125,10437414
2025-04-09,370.6000061035156,370.6000061035156,374.3999938964844,365.20001220703125,371.20001220703125,9155700
2025-04-11,373.6499938964844,373.6499938964844,375.20001220703125,365.29998779296875,371.04998779296875,7244994
2025-04-15,380.45001220703125,380.45001220703125,382.70001220703125,374.25,380.79998779296875,7889826
2025-04-16,386.1000061035156,386.1000061035156,387.20001220703125,375.0,375.0,9061814
2025-04-17,397.8999938964844,397.8999938964844,398.8500061035156,384.5,385.8999938964844,9288018
2025-04-21,407.5,407.5,409.5,397.3999938964844,398.3500061035156,3516980
2025-04-22,400.8500061035156,400.8500061035156,421.5,399.5,409.20001220703125,13842212
2025-04-23,400.1000061035156,400.1000061035156,405.0,393.8999938964844,400.0,8895838
2025-04-24,406.5,406.5,407.3500061035156,397.20001220703125,400.1499938964844,6409664
2025-04-25,397.3500061035156,397.3500061035156,406.8999938964844,390.29998779296875,406.5,6732062
2025-04-28,408.1000061035156,408.1000061035156,411.5,403.6499938964844,409.0,8988016
2025-04-29,402.6000061035156,402.6000061035156,413.79998779296875,401.45001220703125,410.79998779296875,3721608
2025-04-30,408.20001220703125,408.20001220703125,409.3500061035156,397.70001220703125,403.45001220703125,6841231
2025-05-02,380.6000061035156,380.6000061035156,395.45001220703125,378.45001220703125,394.0,17028770
2025-05-05,384.1000061035156,384.1000061035156,387.3999938964844,378.04998779296875,380.3999938964844,3295612
2025-05-06,378.8999938964844,378.8999938964844,387.5,376.54998779296875,384.8999938964844,6415596
2025-05-07,383.8500061035156,383.8500061035156,385.75,376.75,379.8999938964844,8336824
2025-05-08,384.6499938964844,384.6499938964844,395.6000061035156,380.6000061035156,383.8999938964844,11135804
2025-05-09,388.20001220703125,388.20001220703125,389.8500061035156,377.6000061035156,379.3999938964844,5477155
2025-05-12,397.3999938964844,397.3999938964844,400.0,392.25,395.3999938964844,5386177
2025-05-13,394.75,394.75,400.1499938964844,391.6499938964844,397.3999938964844,5876199
2025-05-14,396.0,396.0,398.95001220703125,392.04998779296875,396.75,6920703
2025-05-15,396.95001220703125,396.95001220703125,400.45001220703125,391.25,395.25,7283759
2025-05-16,400.45001220703125,400.45001220703125,407.3500061035156,396.1000061035156,397.70001220703125,5908953
2025-05-19,389.1000061035156,389.1000061035156,403.8999938964844,382.0,402.25,11516967
2025-05-20,386.5,386.5,392.5,384.8500061035156,389.1000061035156,5699529
2025-05-21,387.95001220703125,387.95001220703125,392.25,385.04998779296875,385.20001220703125,13139198
2025-05-22,383.95001220703125,383.95001220703125,388.8500061035156,382.25,386.0,3595416
2025-05-23,383.6000061035156,383.6000061035156,389.20001220703125,381.29998779296875,385.25,3469258
2025-05-26,380.5,380.5,385.0,375.6000061035156,383.6000061035156,8119620
2025-05-27,383.8500061035156,383.8500061035156,386.0,377.25,380.5,7402268
2025-05-28,391.29998779296875,391.29998779296875,398.95001220703125,383.79998779296875,385.70001220703125,14515992
2025-05-29,391.25,391.25,394.75,387.79998779296875,392.5,4344927
2025-05-30,384.1499938964844,384.1499938964844,394.5,381.3500061035156,391.25,23501700
2025-06-02,382.5,382.5,387.20001220703125,380.0,382.25,5400006
2025-06-03,380.8500061035156,380.8500061035156,386.20001220703125,378.29998779296875,384.3500061035156,5884017
2025-06-04,383.3500061035156,383.3500061035156,385.8999938964844,379.04998779296875,381.70001220703125,6075425
2025-06-05,384.3999938964844,384.3999938964844,387.70001220703125,382.1000061035156,385.0,4937853
2025-06-06,391.1000061035156,391.1000061035156,393.75,383.0,383.0,5045503
2025-06-09,395.70001220703125,395.70001220703125,401.3999938964844,388.5,391.0,8531345
2025-06-10,393.3500061035156,393.3500061035156,397.6499938964844,391.75,397.6499938964844,2823556
2025-06-11,387.8999938964844,387.8999938964844,396.29998779296875,386.0,395.0,4889189
2025-06-12,382.75,382.75,391.6000061035156,380.6000061035156,388.5,2868975
2025-06-13,380.3500061035156,380.3500061035156,381.45001220703125,374.25,374.25,2644160
2025-06-16,391.04998779296875,391.04998779296875,392.20001220703125,377.3999938964844,380.3500061035156,6542254
2025-06-17,392.1000061035156,392.1000061035156,394.6000061035156,390.0,390.0,5942280
2025-06-18,391.8999938964844,391.8999938964844,394.45001220703125,388.5,390.0,2753696
2025-06-19,389.6499938964844,389.6499938964844,393.75,387.8999938964844,391.8999938964844,2323401
2025-06-20,404.29998779296875,404.29998779296875,405.75,389.5,389.6499938964844,15341490
2025-06-23,401.8999938964844,401.8999938964844,407.3500061035156,400.45001220703125,403.8999938964844,3059353
2025-06-24,415.04998779296875,415.04998779296875,416.8999938964844,405.0,408.5,9559930
2025-06-25,415.5,415.5,419.20001220703125,412.0,415.8999938964844,4221078
2025-06-26,415.3500061035156,415.3500061035156,418.6000061035156,411.5,413.0,8679054
2025-06-27,412.20001220703125,412.20001220703125,421.8999938964844,411.0,417.45001220703125,7687289
2025-06-30,421.1000061035156,421.1000061035156,423.0,411.6499938964844,415.5,8228456
2025-07-01,420.3500061035156,420.3500061035156,426.3999938964844,417.3500061035156,424.8500061035156,9631934
2025-07-02,423.25,423.25,425.0,419.45001220703125,419.6000061035156,5734710
2025-07-03,425.75,425.75,430.0,422.6499938964844,425.3999938964844,6185945
2025-07-04,424.95001220703125,424.95001220703125,429.79998779296875,421.75,426.0,3900169
2025-07-07,408.3999938964844,408.3999938964844,422.70001220703125,407.54998779296875,422.70001220703125,7571465
2025-07-08,406.25,406.25,409.95001220703125,403.29998779296875,406.6000061035156,4897626
2025-07-09,405.1499938964844,405.1499938964844,410.0,404.0,406.29998779296875,4972819
2025-07-10,402.20001220703125,402.20001220703125,411.3500061035156,399.79998779296875,406.1499938964844,4146664
2025-07-11,404.3999938964844,404.3999938964844,405.79998779296875,394.6000061035156,402.0,4904859
2025-07-14,404.1000061035156,404.1000061035156,409.29998779296875,400.0,406.0,3807277
2025-07-15,408.0,408.0,409.79998779296875,404.1499938964844,405.04998779296875,3263712
2025-07-16,405.0,405.0,408.95001220703125,403.70001220703125,408.0,2886867
2025-07-17,406.25,406.25,407.8500061035156,402.8500061035156,406.95001220703125,3892900
2025-07-18,403.3999938964844,403.3999938964844,407.29998779296875,400.25,406.25,2999829
2025-07-21,404.1499938964844,404.1499938964844,406.1000061035156,396.25,398.6000061035156,4307190
2025-07-22,396.29998779296875,396.29998779296875,404.1499938964844,394.5,404.1499938964844,4850966
2025-07-23,405.25,405.25,406.6499938964844,394.6000061035156,396.29998779296875,4580827
2025-07-24,401.54998779296875,401.54998779296875,407.54998779296875,397.79998779296875,404.8999938964844,3573541
2025-07-25,393.54998779296875,393.54998779296875,399.3999938964844,391.20001220703125,398.5,4784269
2025-07-28,384.6000061035156,384.6000061035156,397.70001220703125,382.6499938964844,393.54998779296875,3389242
2025-07-29,390.54998779296875,390.54998779296875,392.29998779296875,381.95001220703125,383.0,3790547
2025-07-30,383.79998779296875,383.79998779296875,392.25,382.1499938964844,390.54998779296875,2430128
2025-07-31,363.0,363.0,380.0,361.0,377.5,12526255
2025-08-01,345.1000061035156,345.1000061035156,364.20001220703125,343.8500061035156,363.04998779296875,6251009
2025-08-04,345.79998779296875,345.79998779296875,348.1499938964844,339.25,346.0,6962596
2025-08-05,342.8500061035156,342.8500061035156,348.20001220703125,341.04998779296875,348.0,3459901
2025-08-06,340.95001220703125,340.95001220703125,346.3999938964844,339.79998779296875,342.8500061035156,8179886
2025-08-07,334.6499938964844,334.6499938964844,339.54998779296875,330.5,339.54998779296875,20953620
2025-08-08,332.54998779296875,332.54998779296875,339.45001220703125,330.70001220703125,335.5,13407199
2025-08-11,337.3999938964844,337.3999938964844,338.0,330.04998779296875,335.0,6020830
2025-08-12,339.5,339.5,343.3999938964844,337.20001220703125,337.3999938964844,3637933
2025-08-13,337.29998779296875,337.29998779296875,343.29998779296875,336.3500061035156,341.5,3352695
2025-08-14,333.0,333.0,337.79998779296875,330.20001220703125,337.20001220703125,8393964
2025-08-18,337.6000061035156,337.6000061035156,340.95001220703125,328.0,336.0,12633896
2025-08-19,339.95001220703125,339.95001220703125,342.5,335.25,339.70001220703125,3615727
2025-08-20,349.1000061035156,349.1000061035156,355.1000061035156,341.29998779296875,341.8500061035156,7536509
2025-08-21,348.04998779296875,348.04998779296875,353.45001220703125,346.6000061035156,350.04998779296875,2900166
2025-08-22,353.54998779296875,353.54998779296875,359.79998779296875,348.79998779296875,352.5,16977389
2025-08-25,354.75,354.75,357.70001220703125,351.29998779296875,356.75,4414881
2025-08-26,342.54998779296875,342.54998779296875,350.0,339.54998779296875,345.8999938964844,11956450
2025-08-28,335.6000061035156,335.6000061035156,344.0,334.6499938964844,343.0,7073411
2025-08-29,338.6000061035156,338.6000061035156,346.45001220703125,336.0,337.0,7338329
2025-09-01,339.3999938964844,339.3999938964844,342.29998779296875,338.3500061035156,340.0,3912531
2025-09-02,329.45001220703125,329.45001220703125,340.0,328.29998779296875,340.0,8558281
2025-09-03,324.1499938964844,324.1499938964844,326.5,312.54998779296875,324.8999938964844,50414456
2025-09-04,324.04998779296875,324.04998779296875,329.8500061035156,321.6000061035156,329.0,14259927
2025-09-05,337.3999938964844,337.3999938964844,341.8999938964844,324.29998779296875,325.54998779296875,17007563
2025-09-08,344.1000061035156,344.1000061035156,345.5,334.8999938964844,339.6499938964844,11053837
2025-09-09,346.8999938964844,346.8999938964844,349.70001220703125,343.0,344.95001220703125,8589184
2025-09-10,349.29998779296875,349.29998779296875,355.0,347.6000061035156,355.0,12143686
2025-09-11,353.25,353.25,355.79998779296875,348.3500061035156,349.29998779296875,9104627
2025-09-12,361.8500061035156,361.8500061035156,363.04998779296875,354.04998779296875,355.5,13224633
2025-09-15,359.29998779296875,359.29998779296875,369.54998779296875,358.1000061035156,362.70001220703125,7809090
2025-09-16,357.6000061035156,357.6000061035156,360.8999938964844,352.75,359.79998779296875,4475632
2025-09-17,354.25,354.25,359.5,352.29998779296875,359.5,6344314
2025-09-18,354.29998779296875,354.29998779296875,357.70001220703125,352.6000061035156,355.70001220703125,5598853
2025-09-19,356.8500061035156,356.8500061035156,361.70001220703125,350.95001220703125,354.29998779296875,7422079
2025-09-22,356.0,356.0,362.75,354.20001220703125,356.0,5271465
2025-09-23,359.1000061035156,359.1000061035156,360.0,353.3500061035156,356.1499938964844,7194465
2025-09-24,358.1499938964844,358.1499938964844,363.3500061035156,355.54998779296875,359.1000061035156,7448879
2025-09-25,356.45001220703125,356.45001220703125,361.0,355.04998779296875,358.0,6298204
2025-09-26,346.29998779296875,346.29998779296875,357.3999938964844,344.5,355.45001220703125,10014825
2025-09-29,347.20001220703125,347.20001220703125,350.8500061035156,344.8999938964844,347.95001220703125,5564080
2025-09-30,342.8999938964844,342.8999938964844,347.79998779296875,340.8999938964844,344.79998779296875,5785588
2025-10-01,352.04998779296875,352.04998779296875,353.0,342.29998779296875,342.29998779296875,4163278
2025-10-03,353.1000061035156,353.1000061035156,355.3999938964844,348.29998779296875,350.1000061035156,2694415
2025-10-06,353.6499938964844,353.6499938964844,355.95001220703125,349.20001220703125,354.1000061035156,2819005
2025-10-07,357.8999938964844,357.8999938964844,359.79998779296875,350.6499938964844,352.0,6631987
2025-10-08,354.75,354.75,360.5,353.79998779296875,358.0,2273254
2025-10-09,354.8500061035156,354.8500061035156,356.75,352.0,355.0,4320615
2025-10-10,353.70001220703125,353.70001220703125,358.8999938964844,353.0,354.8500061035156,4420019
2025-10-13,349.8999938964844,349.8999938964844,355.95001220703125,348.1000061035156,354.0,5017414
2025-10-14,338.54998779296875,338.54998779296875,351.45001220703125,337.79998779296875,350.45001220703125,9282025
2025-10-15,344.79998779296875,344.79998779296875,346.04998779296875,339.3999938964844,339.8999938964844,3966733
2025-10-16,343.95001220703125,343.95001220703125,346.54998779296875,343.3500061035156,346.54998779296875,3586844
2025-10-17,343.0,343.0,347.8500061035156,341.20001220703125,345.0,5754532
2025-10-20,354.3999938964844,354.3999938964844,356.1000061035156,344.0,345.0,4782239
2025-10-21,360.29998779296875,360.29998779296875,361.20001220703125,353.6000061035156,356.45001220703125,1140917
2025-10-23,358.75,358.75,363.45001220703125,357.54998779296875,359.0,5608282
2025-10-24,361.54998779296875,361.54998779296875,362.5,355.8999938964844,358.79998779296875,6707932
2025-10-27,371.29998779296875,371.29998779296875,381.3999938964844,359.6499938964844,363.70001220703125,26826730
2025-10-28,385.8999938964844,385.8999938964844,386.5,375.5,377.0,20602382
2025-10-29,381.04998779296875,381.04998779296875,389.20001220703125,379.3500061035156,385.95001220703125,8329384
2025-10-30,368.25,368.25,378.0,364.29998779296875,378.0,15575932
2025-10-31,363.6000061035156,363.6000061035156,371.3500061035156,362.79998779296875,367.75,6866183
2025-11-03,382.75,382.75,384.54998779296875,365.20001220703125,366.0,15961474
2025-11-04,392.54998779296875,392.54998779296875,397.25,389.04998779296875,392.0,24189758
2025-11-06,398.29998779296875,398.29998779296875,404.8500061035156,386.6000061035156,391.8999938964844,14237144
2025-11-07,400.79998779296875,400.79998779296875,404.79998779296875,391.0,396.5,6409878
2025-11-10,398.75,398.75,402.3999938964844,397.6499938964844,400.45001220703125,2465473
2025-11-11,400.6000061035156,400.6000061035156,404.8999938964844,395.95001220703125,402.0,4964281
2025-11-12,406.95001220703125,406.95001220703125,410.70001220703125,400.1000061035156,401.3500061035156,8054895
2025-11-13,407.8500061035156,407.8500061035156,414.0,405.54998779296875,406.0,5069406
2025-11-14,412.3500061035156,412.3500061035156,414.0,405.1499938964844,405.8999938964844,4523897
2025-11-17,410.1499938964844,410.1499938964844,413.70001220703125,408.25,413.70001220703125,2866155
2025-11-18,402.20001220703125,402.20001220703125,411.70001220703125,400.8500061035156,411.0,7797153
2025-11-19,403.25,403.25,405.8999938964844,399.8999938964844,402.0,4630031
2025-11-20,400.5,400.5,406.29998779296875,399.20001220703125,406.0,3782742
2025-11-21,397.0,397.0,402.1499938964844,395.5,399.70001220703125,3496761
2025-11-24,400.1000061035156,400.1000061035156,404.6499938964844,396.29998779296875,397.04998779296875,6005510
2025-11-25,403.6000061035156,403.6000061035156,405.6499938964844,397.54998779296875,399.45001220703125,2738092
2025-11-26,405.6000061035156,405.6000061035156,409.79998779296875,403.6499938964844,406.0,3963301
2025-11-27,404.25,404.25,409.04998779296875,401.25,405.0,3495842
2025-11-28,401.04998779296875,401.04998779296875,404.79998779296875,400.5,404.04998779296875,2277681
2025-12-01,396.6000061035156,396.6000061035156,405.3999938964844,395.25,404.6000061035156,2528988
2025-12-02,401.95001220703125,401.95001220703125,406.70001220703125,398.0,404.0,5325984
2025-12-03,404.6499938964844,404.6499938964844,413.29998779296875,401.45001220703125,402.45001220703125,11451550
2025-12-04,402.0,402.0,408.25,398.54998779296875,405.5,3535840
2025-12-05,415.70001220703125,415.70001220703125,416.8500061035156,399.1000061035156,400.8999938964844,9654037
2025-12-08,403.0,403.0,418.0,398.75,414.0,6435755
2025-12-09,403.04998779296875,403.04998779296875,404.95001220703125,396.5,400.8999938964844,5453366
2025-12-10,404.25,404.25,407.5,401.54998779296875,403.29998779296875,4960080
2025-12-11,410.3500061035156,410.3500061035156,411.45001220703125,401.20001220703125,403.3999938964844,4260259
2025-12-12,415.20001220703125,415.20001220703125,416.25,409.04998779296875,411.0,4899002
2025-12-15,409.45001220703125,409.45001220703125,421.95001220703125,406.79998779296875,418.0,9794272
2025-12-16,408.1499938964844,408.1499938964844,411.25,405.6499938964844,407.3999938964844,4424641
2025-12-17,407.20001220703125,407.20001220703125,409.20001220703125,403.54998779296875,408.1499938964844,4479594
2025-12-18,408.75,408.75,412.20001220703125,405.29998779296875,408.3999938964844,4672944
2025-12-19,414.04998779296875,414.04998779296875,415.20001220703125,408.29998779296875,411.0,10797815
2025-12-22,411.45001220703125,411.45001220703125,414.04998779296875,407.54998779296875,414.04998779296875,3737410
2025-12-23,414.3500061035156,414.3500061035156,417.20001220703125,410.3999938964844,412.3999938964844,3117996
2025-12-24,423.8999938964844,423.8999938964844,428.5,412.0,414.3500061035156,8149917
2025-12-26,419.8500061035156,419.8500061035156,427.54998779296875,419.04998779296875,423.8999938964844,2510361
2025-12-29,422.25,422.25,427.1000061035156,417.29998779296875,420.0,6424028
2025-12-30,422.04998779296875,422.04998779296875,426.3999938964844,419.79998779296875,422.0,4570566
2025-12-31,418.75,418.75,434.70001220703125,410.0,422.8999938964844,17326544
2026-01-01,435.79998779296875,435.79998779296875,439.8500061035156,421.04998779296875,421.04998779296875,17970341
2026-01-02,442.04998779296875,442.04998779296875,446.0,432.75,438.0,11982152
2026-01-05,434.20001220703125,434.20001220703125,442.6499938964844,432.0,439.29998779296875,5894990
2026-01-06,432.25,432.25,436.79998779296875,430.04998779296875,434.0,5754607
2026-01-07,429.0,429.0,433.5,427.04998779296875,433.0,5018878
2026-01-08,430.8500061035156,430.8500061035156,436.79998779296875,424.45001220703125,430.45001220703125,10696988
2026-01-09,433.3999938964844,433.3999938964844,454.95001220703125,430.04998779296875,450.0,26527175
2026-01-12,432.6000061035156,432.6000061035156,441.5,428.45001220703125,435.0,8821785
2026-01-13,427.8999938964844,427.8999938964844,433.45001220703125,423.1000061035156,433.0,5850975
2026-01-14,438.3999938964844,438.3999938964844,443.70001220703125,432.25,432.25,9332296
2026-01-15,438.3999938964844,438.3999938964844,438.3999938964844,438.3999938964844,438.3999938964844,0
2026-01-16,433.8500061035156,433.8500061035156,438.95001220703125,429.5,438.3999938964844,10418752
2026-01-19,428.3999938964844,428.3999938964844,434.0,425.0,432.6499938964844,5898599
2026-01-20,414.54998779296875,414.54998779296875,427.75,412.70001220703125,427.0,5559575
2026-01-21,414.0,414.0,417.6000061035156,401.45001220703125,411.04998779296875,8491961
2026-01-22,419.20001220703125,419.20001220703125,420.3500061035156,413.1000061035156,417.0,7164284
2026-01-23,413.1499938964844,413.1499938964844,422.1499938964844,410.0,419.20001220703125,4665531
2026-01-27,422.54998779296875,422.54998779296875,425.95001220703125,411.25,416.04998779296875,7419336
2026-01-28,425.29998779296875,425.29998779296875,428.6000061035156,420.8500061035156,425.25,4337181
2026-01-29,441.54998779296875,441.54998779296875,442.70001220703125,426.04998779296875,429.0,8487120
2026-01-30,444.29998779296875,444.29998779296875,452.0,435.45001220703125,440.95001220703125,11897285
2026-02-02,431.79998779296875,431.79998779296875,433.45001220703125,419.45001220703125,424.29998779296875,9268964
2026-02-03,438.54998779296875,438.54998779296875,450.0,425.3999938964844,443.3999938964844,10838614
2026-02-04,445.1000061035156,445.1000061035156,447.0,437.3999938964844,439.20001220703125,5316074
2026-02-05,442.3999938964844,442.3999938964844,445.8999938964844,438.95001220703125,445.1000061035156,4258051
2026-02-06,443.3500061035156,443.3500061035156,447.54998779296875,432.8500061035156,442.54998779296875,5313719
2026-02-09,456.1499938964844,456.1499938964844,457.1499938964844,443.75,446.5,6772155
2026-02-10,459.1499938964844,459.1499938964844,461.6000061035156,448.6499938964844,459.0,12345910
2026-02-11,467.04998779296875,467.04998779296875,472.0,457.20001220703125,461.0,9936035
2026-02-12,474.0,474.0,475.0,464.0,467.04998779296875,8131246
2026-02-13,466.6000061035156,466.6000061035156,472.0,464.1499938964844,469.5,4313315
2026-02-16,473.70001220703125,473.70001220703125,475.1499938964844,463.6499938964844,466.6000061035156,5723670
2026-02-17,472.70001220703125,472.70001220703125,477.0,467.6000061035156,475.3999938964844,3763634
2026-02-18,477.75,477.75,481.04998779296875,469.5,472.79998779296875,5407805
2026-02-19,472.8999938964844,472.8999938964844,481.5,469.20001220703125,479.0,5281104
2026-02-20,474.3500061035156,474.3500061035156,477.1000061035156,467.8999938964844,470.1000061035156,4473602
2026-02-23,472.20001220703125,472.20001220703125,476.75,468.1000061035156,476.75,3640333
2026-02-24,469.8999938964844,469.8999938964844,473.0,464.04998779296875,469.8999938964844,5575559
2026-02-25,461.45001220703125,461.45001220703125,473.0,454.25,470.0,6005431
2026-02-26,461.25,461.25,463.6000061035156,455.5,462.70001220703125,4080221
2026-02-27,454.95001220703125,454.95001220703125,461.70001220703125,452.1499938964844,459.0,7170798
2026-03-02,448.54998779296875,448.54998779296875,459.29998779296875,439.1499938964844,439.1499938964844,3235580
2026-03-04,442.29998779296875,442.29998779296875,445.0,431.1499938964844,443.79998779296875,5453113
2026-03-05,451.3999938964844,451.3999938964844,456.25,444.6000061035156,444.6000061035156,3038175
2026-03-06,452.04998779296875,452.04998779296875,457.6499938964844,449.0,450.75,2140959
2026-03-09,438.5,438.5,444.95001220703125,433.54998779296875,444.5,2829820
2026-03-10,445.45001220703125,445.45001220703125,447.75,439.1000061035156,442.04998779296875,2238534
2026-03-11,438.75,438.75,450.1499938964844,436.6499938964844,442.3999938964844,2585875
2026-03-12,442.04998779296875,442.04998779296875,444.75,430.54998779296875,436.8999938964844,5403935
2026-03-13,423.95001220703125,423.95001220703125,440.79998779296875,422.70001220703125,439.1499938964844,2702224
2026-03-16,427.1000061035156,427.1000061035156,430.6499938964844,418.45001220703125,425.0,3446835
2026-03-17,436.1499938964844,436.1499938964844,439.0,427.29998779296875,429.45001220703125,3131170
2026-03-18,440.95001220703125,440.95001220703125,443.75,434.20001220703125,437.1000061035156,3154268
2026-03-19,426.6499938964844,426.6499938964844,435.70001220703125,422.0,435.70001220703125,3178646
2026-03-20,434.54998779296875,434.54998779296875,441.75,429.6499938964844,429.6499938964844,5436700
2026-03-23,413.6000061035156,413.6000061035156,430.0,411.79998779296875,430.0,4793426
2026-03-24,429.29998779296875,429.29998779296875,432.8999938964844,415.45001220703125,422.0,4652608
2026-03-25,427.8500061035156,427.8500061035156,434.79998779296875,422.0,431.79998779296875,7419269
2026-03-27,426.29998779296875,426.29998779296875,429.5,419.25,423.6000061035156,6160559
2026-03-30,418.1499938964844,418.1499938964844,429.0,415.5,425.04998779296875,8737012
2026-04-01,423.25,423.25,436.79998779296875,420.8500061035156,436.79998779296875,4689273
2026-04-02,424.8500061035156,424.8500061035156,426.3500061035156,409.54998779296875,417.70001220703125,3693968
2026-04-06,425.5,425.5,432.54998779296875,420.79998779296875,422.0,3868647
2026-04-07,423.1499938964844,423.1499938964844,426.79998779296875,419.3999938964844,422.0,3134435
2026-04-08,440.95001220703125,440.95001220703125,442.95001220703125,430.6000061035156,433.0,3295745
2026-04-09,438.45001220703125,438.45001220703125,442.70001220703125,432.8500061035156,442.70001220703125,3485937
2026-04-10,437.8500061035156,437.8500061035156,443.20001220703125,433.8500061035156,438.0,4687274
2026-04-13,438.45001220703125,438.45001220703125,440.5,425.6000061035156,430.0,2764767
2026-04-15,420.25,420.25,436.8999938964844,419.1499938964844,434.5,10073376
2026-04-16,413.1499938964844,413.1499938964844,424.70001220703125,412.25,421.5,9807849
2026-04-17,412.25,412.25,416.6000061035156,409.0,413.1499938964844,10614267
2026-04-20,405.79998779296875,405.79998779296875,413.8500061035156,403.6000061035156,412.5,8774694
2026-04-21,414.75,414.75,419.6000061035156,403.1000061035156,403.1000061035156,7884039
2026-04-22,408.1499938964844,408.1499938964844,418.6000061035156,406.5,414.75,5628398
2026-04-23,404.70001220703125,404.70001220703125,408.29998779296875,400.95001220703125,405.1499938964844,7560920
2026-04-24,402.20001220703125,402.20001220703125,406.6000061035156,395.6499938964844,405.8999938964844,5743207
2026-04-27,402.29998779296875,402.29998779296875,407.5,399.5,403.45001220703125,3382004
