Date,Adj Close,Close,High,Low,Open,Volume
,INDUSINDBK.NS,INDUSINDBK.NS,INDUSINDBK.NS,INDUSINDBK.NS,INDUSINDBK.NS,INDUSINDBK.NS
2010-01-04,129.76315307617188,142.85000610351562,144.8000030517578,140.0500030517578,140.5,1042676
2010-01-05,129.6268768310547,142.6999969482422,144.75,141.75,144.6999969482422,551413
2010-01-06,132.71539306640625,146.10000610351562,147.0,142.3000030517578,143.89999389648438,995851
2010-01-07,129.71774291992188,142.8000030517578,147.0,142.0,146.0,580803
2010-01-08,129.26351928710938,142.3000030517578,144.9499969482422,141.8000030517578,143.1999969482422,382686
2010-01-11,129.4451904296875,142.5,143.6999969482422,141.0500030517578,143.0500030517578,579567
2010-01-12,127.1288070678711,139.9499969482422,143.89999389648438,139.0,143.89999389648438,309096
2010-01-13,124.63076782226562,137.1999969482422,142.0,135.9499969482422,139.0,568627
2010-01-14,124.9941177368164,137.60000610351562,140.85000610351562,136.6999969482422,138.5,517203
2010-01-15,128.76393127441406,141.75,144.35000610351562,139.39999389648438,139.39999389648438,1864430
2010-01-18,129.6268768310547,142.6999969482422,144.64999389648438,139.89999389648438,141.5,691462
2010-01-19,134.4413299560547,148.0,149.6999969482422,143.0,144.89999389648438,1543371
2010-01-20,137.98403930664062,151.89999389648438,154.6999969482422,149.5,150.10000610351562,2238831
2010-01-21,133.71463012695312,147.1999969482422,155.9499969482422,145.0,152.0,1115507
2010-01-22,136.80316162109375,150.60000610351562,152.0,142.0,145.0,762809
2010-01-25,131.5799102783203,144.85000610351562,152.0,142.60000610351562,151.0,660970
2010-01-27,127.31050109863281,140.14999389648438,143.89999389648438,136.75,143.0,1038743
2010-01-28,132.2611846923828,145.60000610351562,147.0,140.5500030517578,142.0,793199
2010-01-29,134.35049438476562,147.89999389648438,148.89999389648438,139.3000030517578,142.0,904441
2010-02-01,134.94093322753906,148.5500030517578,149.89999389648438,145.0,147.6999969482422,417317
2010-02-02,137.66612243652344,151.5500030517578,153.64999389648438,149.10000610351562,150.0,877414
2010-02-03,141.93553161621094,156.25,159.64999389648438,152.5,152.5,2106019
2010-02-04,140.84547424316406,155.0500030517578,156.5,153.9499969482422,156.5,955491
2010-02-05,132.71539306640625,146.10000610351562,152.8000030517578,143.35000610351562,150.0,898213
2010-02-08,134.75926208496094,148.35000610351562,151.6999969482422,144.0,151.6999969482422,533258
2010-02-09,137.16647338867188,151.0,152.8000030517578,145.75,147.8000030517578,751119
2010-02-10,136.3943634033203,150.14999389648438,153.0,149.0500030517578,152.0,395238
2010-02-11,136.121826171875,149.85000610351562,151.85000610351562,149.10000610351562,151.0,205608
2010-02-15,136.121826171875,149.85000610351562,152.0,148.9499969482422,149.85000610351562,204309
2010-02-16,137.21192932128906,151.0500030517578,151.9499969482422,149.5500030517578,150.3000030517578,319679
2010-02-17,139.70997619628906,153.8000030517578,156.3000030517578,151.0500030517578,152.60000610351562,584525
2010-02-18,139.66455078125,153.75,154.89999389648438,151.60000610351562,152.10000610351562,607890
2010-02-19,141.2996368408203,155.5500030517578,156.9499969482422,151.35000610351562,151.35000610351562,632934
2010-02-22,140.43670654296875,154.60000610351562,160.8000030517578,154.0,158.5,342134
2010-02-23,134.94093322753906,148.5500030517578,154.60000610351562,147.14999389648438,154.60000610351562,1220032
2010-02-24,136.2126922607422,149.9499969482422,151.10000610351562,146.3000030517578,148.0,723246
2010-02-25,133.532958984375,147.0,151.4499969482422,146.14999389648438,151.4499969482422,307061
2010-02-26,135.25889587402344,148.89999389648438,152.89999389648438,146.14999389648438,147.0,677344
2010-03-02,138.5290985107422,152.5,155.89999389648438,149.60000610351562,150.60000610351562,1168171
2010-03-03,149.70223999023438,164.8000030517578,167.3000030517578,152.6999969482422,153.9499969482422,2258245
2010-03-04,144.93319702148438,159.5500030517578,168.39999389648438,158.10000610351562,166.0,1517950
2010-03-05,145.11488342285156,159.75,162.9499969482422,157.85000610351562,160.0500030517578,857824
2010-03-08,144.43357849121094,159.0,161.9499969482422,157.5500030517578,161.39999389648438,551828
2010-03-09,141.1179962158203,155.35000610351562,161.0,155.0,161.0,317483
2010-03-10,148.02169799804688,162.9499969482422,163.64999389648438,156.35000610351562,157.0,1022096
2010-03-11,141.2996368408203,155.5500030517578,163.8000030517578,154.60000610351562,163.5,691260
2010-03-12,147.24961853027344,162.10000610351562,162.6999969482422,156.5,156.75,1126288
2010-03-15,145.65994262695312,160.35000610351562,161.4499969482422,158.0,160.10000610351562,250539
2010-03-16,150.3380889892578,165.5,167.0,159.0,159.0,983978
2010-03-17,152.60906982421875,168.0,169.6999969482422,164.60000610351562,167.0500030517578,1147875
2010-03-18,154.4258575439453,170.0,171.1999969482422,165.25,169.0,1357236
2010-03-19,158.28652954101562,174.25,174.89999389648438,167.6999969482422,170.0,1241408
2010-03-22,152.65452575683594,168.0500030517578,171.9499969482422,165.0,167.75,1056589
2010-03-23,153.8808135986328,169.39999389648438,172.5,167.0,169.10000610351562,603425
2010-03-25,155.10711669921875,170.75,171.9499969482422,169.0,169.39999389648438,294993
2010-03-26,161.9200439453125,178.25,179.0,169.6999969482422,169.6999969482422,894845
2010-03-29,163.28262329101562,179.75,185.4499969482422,177.5500030517578,180.9499969482422,2037744
2010-03-30,155.6975860595703,171.39999389648438,183.4499969482422,167.1999969482422,181.0,776190
2010-03-31,154.5166778564453,170.10000610351562,175.8000030517578,168.85000610351562,173.5,438401
2010-04-01,160.9662628173828,177.1999969482422,177.89999389648438,171.0,171.0,431262
2010-04-05,164.23643493652344,180.8000030517578,182.89999389648438,177.10000610351562,177.10000610351562,1308907
2010-04-06,163.82766723632812,180.35000610351562,182.89999389648438,179.10000610351562,182.39999389648438,1212356
2010-04-07,163.50975036621094,180.0,184.60000610351562,179.14999389648438,180.8000030517578,541218
2010-04-08,162.1471710205078,178.5,181.9499969482422,176.9499969482422,177.75,356217
2010-04-09,162.41966247558594,178.8000030517578,181.6999969482422,178.5,179.0,258720
2010-04-12,160.8754425048828,177.10000610351562,181.0,176.0,179.0,232898
2010-04-13,164.55435180664062,181.14999389648438,182.35000610351562,176.3000030517578,178.4499969482422,451685
2010-04-15,163.46429443359375,179.9499969482422,183.6999969482422,178.25,183.0,552758
2010-04-16,160.19412231445312,176.35000610351562,184.0,174.14999389648438,182.0,2936842
2010-04-19,165.4173583984375,182.10000610351562,184.25,172.1999969482422,180.0,2275598
2010-04-20,167.27957153320312,184.14999389648438,185.9499969482422,179.64999389648438,183.0,1152243
2010-04-21,176.09091186523438,193.85000610351562,194.89999389648438,183.6999969482422,184.89999389648438,2206666
2010-04-22,172.5027618408203,189.89999389648438,196.4499969482422,189.0,193.0,724389
2010-04-23,172.77528381347656,190.1999969482422,191.8000030517578,189.0500030517578,190.5,1342164
2010-04-26,174.2287139892578,191.8000030517578,194.75,191.0,192.39999389648438,319104
2010-04-27,173.5019989013672,191.0,192.89999389648438,188.89999389648438,192.89999389648438,223929
2010-04-28,169.68675231933594,186.8000030517578,189.5,185.5500030517578,186.35000610351562,466426
2010-04-29,175.00082397460938,192.64999389648438,193.75,186.60000610351562,188.0,524902
2010-04-30,176.1363067626953,193.89999389648438,195.0,191.60000610351562,194.1999969482422,445536
2010-05-03,172.23028564453125,189.60000610351562,196.75,188.25,191.5500030517578,380979
2010-05-04,173.41114807128906,190.89999389648438,193.3000030517578,188.64999389648438,193.3000030517578,367751
2010-05-05,174.00161743164062,191.5500030517578,192.39999389648438,184.60000610351562,187.5,475360
2010-05-06,170.45887756347656,187.64999389648438,194.35000610351562,186.5500030517578,192.0,618201
2010-05-07,163.05551147460938,179.5,186.9499969482422,178.25,184.6999969482422,547166
2010-05-10,165.00857543945312,181.64999389648438,186.60000610351562,180.25,180.60000610351562,645467
2010-05-11,163.64599609375,180.14999389648438,185.39999389648438,178.6999969482422,183.6999969482422,411451
2010-05-12,168.05166625976562,185.0,185.89999389648438,177.0,179.5500030517578,558173
2010-05-13,168.23336791992188,185.1999969482422,187.35000610351562,181.25,186.39999389648438,366865
2010-05-14,167.7337188720703,184.64999389648438,185.39999389648438,182.8000030517578,185.0,236616
2010-05-17,163.55514526367188,180.0500030517578,185.89999389648438,174.10000610351562,182.0,565967
2010-05-18,170.95848083496094,188.1999969482422,189.9499969482422,179.3000030517578,179.3000030517578,755224
2010-05-19,164.23643493652344,180.8000030517578,191.89999389648438,180.0,187.0,675804
2010-05-20,178.2256317138672,196.1999969482422,207.0,181.14999389648438,182.6999969482422,3019195
2010-05-21,168.59671020507812,185.60000610351562,194.60000610351562,183.0500030517578,194.0,1266414
2010-05-24,169.9593048095703,187.10000610351562,193.39999389648438,186.0,187.6999969482422,1162938
2010-05-25,163.05551147460938,179.5,189.8000030517578,176.5,187.0,912161
2010-05-26,161.96548461914062,178.3000030517578,185.89999389648438,177.10000610351562,183.60000610351562,4798012
2010-05-27,170.18638610839844,187.35000610351562,188.3000030517578,178.5,178.5,3913662
2010-05-28,174.3195343017578,191.89999389648438,194.6999969482422,187.0,187.0,2801348
2010-05-31,178.1348114013672,196.10000610351562,199.0,190.0500030517578,193.5500030517578,1019093
2010-06-01,169.8684539794922,187.0,197.5500030517578,185.14999389648438,196.1999969482422,894700
2010-06-02,168.505859375,185.5,189.8000030517578,182.10000610351562,187.8000030517578,859331
2010-06-03,170.0046844482422,187.14999389648438,190.6999969482422,185.14999389648438,188.39999389648438,2025558
2010-06-04,172.9115447998047,190.35000610351562,190.9499969482422,186.10000610351562,188.5,602858
2010-06-07,169.18714904785156,186.25,190.89999389648438,184.10000610351562,184.89999389648438,409845
2010-06-08,165.3264923095703,182.0,188.39999389648438,181.25,186.64999389648438,435836
2010-06-09,164.91773986816406,181.5500030517578,184.60000610351562,179.0,183.0,399187
2010-06-10,165.00857543945312,181.64999389648438,183.1999969482422,180.0,182.0,426924
2010-06-11,173.5474090576172,191.0500030517578,194.4499969482422,183.64999389648438,183.64999389648438,2215166
2010-06-14,176.49966430664062,194.3000030517578,195.8000030517578,191.25,191.25,767895
2010-06-15,174.637451171875,192.25,195.89999389648438,189.75,195.6999969482422,722625
2010-06-16,172.68447875976562,190.10000610351562,196.35000610351562,189.10000610351562,194.0,882500
2010-06-17,176.67369079589844,192.64999389648438,195.10000610351562,187.5500030517578,189.25,501562
2010-06-18,179.0580596923828,195.25,195.89999389648438,192.0500030517578,192.0500030517578,766312
2010-06-21,184.01026916503906,200.64999389648438,204.6999969482422,196.0,196.5500030517578,1497154
2010-06-22,189.28341674804688,206.39999389648438,212.0,201.0,201.0,4075681
2010-06-23,185.2941436767578,202.0500030517578,208.0,201.25,207.0500030517578,360762
2010-06-24,183.2307586669922,199.8000030517578,204.5,197.25,203.89999389648438,879714
2010-06-25,180.20443725585938,196.5,202.5,196.0,199.5,393768
2010-06-28,183.87271118164062,200.5,203.35000610351562,195.1999969482422,195.1999969482422,562615
2010-06-29,188.54977416992188,205.60000610351562,208.25,200.0,200.8000030517578,1010248
2010-06-30,188.22879028320312,205.25,207.0,196.39999389648438,196.39999389648438,529019
2010-07-01,188.50389099121094,205.5500030517578,207.35000610351562,203.0,204.0,286309
2010-07-02,188.87074279785156,205.9499969482422,208.5,204.89999389648438,205.5500030517578,340941
2010-07-05,190.5673370361328,207.8000030517578,209.89999389648438,205.0,205.0,399260
2010-07-06,192.72242736816406,210.14999389648438,210.89999389648438,207.60000610351562,207.75,497781
2010-07-07,192.9058380126953,210.35000610351562,215.0,209.5,212.0,815717
2010-07-08,200.70095825195312,218.85000610351562,220.8000030517578,213.0,213.0,1234906
2010-07-09,197.26193237304688,215.10000610351562,225.39999389648438,210.64999389648438,221.39999389648438,2980002
2010-07-12,196.7575225830078,214.5500030517578,219.75,212.64999389648438,216.0,1077564
2010-07-13,193.8687744140625,211.39999389648438,214.64999389648438,210.3000030517578,214.0,373880
2010-07-14,191.57611083984375,208.89999389648438,216.5,208.0,215.0,662209
2010-07-15,190.75074768066406,208.0,210.25,207.10000610351562,209.5,566598
2010-07-16,194.74000549316406,212.35000610351562,214.39999389648438,207.0,208.5,637076
2010-07-19,191.1634521484375,208.4499969482422,212.75,207.60000610351562,210.0,430480
2010-07-20,191.0717010498047,208.35000610351562,212.5,207.5,210.6999969482422,326675
2010-07-21,190.2004852294922,207.39999389648438,210.39999389648438,205.10000610351562,210.0,361332
2010-07-22,188.50389099121094,205.5500030517578,207.39999389648438,203.10000610351562,207.39999389648438,497497
2010-07-23,194.46487426757812,212.0500030517578,214.0,206.5,207.39999389648438,846528
2010-07-26,191.43853759765625,208.75,214.8000030517578,208.0,214.60000610351562,334180
2010-07-27,188.27464294433594,205.3000030517578,210.5,204.10000610351562,209.60000610351562,525922
2010-07-28,187.54095458984375,204.5,206.89999389648438,204.14999389648438,206.89999389648438,253054
2010-07-29,185.89022827148438,202.6999969482422,205.8000030517578,202.0,205.0,517502
2010-07-30,187.3117218017578,204.25,209.10000610351562,202.0,202.1999969482422,617208
2010-08-02,188.1829071044922,205.1999969482422,208.3000030517578,204.35000610351562,205.60000610351562,270978
2010-08-03,193.6853485107422,211.1999969482422,212.8000030517578,206.39999389648438,207.5,856328
2010-08-04,190.61322021484375,207.85000610351562,213.25,205.35000610351562,212.0,434869
2010-08-05,191.7595672607422,209.10000610351562,210.75,207.10000610351562,208.85000610351562,310712
2010-08-06,189.00831604003906,206.10000610351562,209.10000610351562,205.35000610351562,209.0,260154
2010-08-09,196.43653869628906,214.1999969482422,216.75,206.60000610351562,208.6999969482422,1214862
2010-08-10,200.97605895996094,219.14999389648438,221.8000030517578,214.60000610351562,214.60000610351562,1234125
2010-08-11,200.8843536376953,219.0500030517578,220.89999389648438,217.5,219.14999389648438,440741
2010-08-12,204.32339477539062,222.8000030517578,224.0,215.3000030517578,216.10000610351562,444585
2010-08-13,205.19459533691406,223.75,226.5,222.14999389648438,224.5,589278
2010-08-16,201.75558471679688,220.0,225.0,218.5500030517578,224.0,238109
2010-08-17,200.97605895996094,219.14999389648438,222.8000030517578,218.1999969482422,220.5,274492
2010-08-18,209.13804626464844,228.0500030517578,229.0,219.1999969482422,220.0500030517578,935060
2010-08-19,210.5594482421875,229.60000610351562,232.3000030517578,226.0,228.0,449594
2010-08-20,204.46092224121094,222.9499969482422,229.0,222.0,227.39999389648438,663381
2010-08-23,208.72532653808594,227.60000610351562,229.0,222.3000030517578,223.0,240698
2010-08-24,203.40631103515625,221.8000030517578,228.5,220.5,228.5,401521
2010-08-25,199.738037109375,217.8000030517578,225.0,214.9499969482422,225.0,266740
2010-08-26,207.4872589111328,226.25,237.0,218.0,219.0,3411859
2010-08-27,209.7799530029297,228.75,232.10000610351562,226.6999969482422,228.0,762123
2010-08-30,210.33018493652344,229.35000610351562,233.0,226.0,230.85000610351562,288613
2010-08-31,203.2687530517578,221.64999389648438,230.0,219.1999969482422,229.35000610351562,365852
2010-09-01,209.91751098632812,228.89999389648438,229.6999969482422,223.25,223.9499969482422,651322
2010-09-02,207.85406494140625,226.64999389648438,231.5,225.25,230.10000610351562,312541
2010-09-03,213.90676879882812,233.25,235.0,228.0,228.0,2348096
2010-09-06,215.78677368164062,235.3000030517578,236.6999969482422,233.5,235.0,315114
2010-09-07,214.22776794433594,233.60000610351562,235.9499969482422,232.10000610351562,235.3000030517578,260465
2010-09-08,220.0970001220703,240.0,241.0,232.35000610351562,232.35000610351562,897952
2010-09-09,218.62965393066406,238.39999389648438,242.39999389648438,235.5,242.39999389648438,389254
2010-09-13,216.6121063232422,236.1999969482422,243.35000610351562,235.60000610351562,242.4499969482422,562702
2010-09-14,218.81309509277344,238.60000610351562,240.3000030517578,235.5,236.0,284598
2010-09-15,220.50967407226562,240.4499969482422,243.0,237.0,239.0,603133
2010-09-16,226.3330535888672,246.8000030517578,254.89999389648438,241.5,242.0,1529255
2010-09-17,241.00621032714844,262.79998779296875,265.0,248.10000610351562,250.0,2491314
2010-09-20,243.6197967529297,265.6499938964844,275.0,262.0,265.25,1300471
2010-09-21,243.80325317382812,265.8500061035156,273.8999938964844,264.0,270.95001220703125,1353269
2010-09-22,241.6939697265625,263.54998779296875,269.8999938964844,262.0,267.0,1640474
2010-09-23,233.48622131347656,254.60000610351562,265.0,250.6999969482422,265.0,873621
2010-09-24,234.99940490722656,256.25,264.0,249.5500030517578,255.0,1664623
2010-09-27,239.49305725097656,261.1499938964844,262.5,253.5,258.8999938964844,735272
2010-09-28,244.4911346435547,266.6000061035156,267.75,259.8999938964844,262.20001220703125,1564108
2010-09-29,244.8120574951172,266.95001220703125,270.0,265.5,268.6000061035156,745272
2010-09-30,243.84912109375,265.8999938964844,269.1000061035156,260.0,269.1000061035156,920900
2010-10-01,242.6569061279297,264.6000061035156,267.54998779296875,260.54998779296875,265.8999938964844,1573470
2010-10-04,246.5544891357422,268.8500061035156,273.8500061035156,261.25,265.6499938964844,2466491
2010-10-05,255.67930603027344,278.79998779296875,281.29998779296875,267.5,270.79998779296875,1599236
2010-10-06,251.09402465820312,273.79998779296875,288.0,272.20001220703125,280.0,3500158
2010-10-07,255.31248474121094,278.3999938964844,280.3999938964844,273.0,279.0,1131898
2010-10-08,257.0091247558594,280.25,285.0,272.0,280.0,1427257
2010-10-11,252.0110626220703,274.79998779296875,287.79998779296875,272.75,284.0,2446729
2010-10-12,247.6549072265625,270.04998779296875,282.70001220703125,264.3500061035156,277.0,2213935
2010-10-13,246.87548828125,269.20001220703125,274.0,265.0,274.0,2374642
2010-10-14,248.15933227539062,270.6000061035156,273.1000061035156,269.0,270.5,961009
2010-10-15,245.68328857421875,267.8999938964844,272.8999938964844,266.0,271.8999938964844,624795
2010-10-18,239.76817321777344,261.45001220703125,268.75,256.0,268.75,3772046
2010-10-19,243.11549377441406,265.1000061035156,274.0,261.54998779296875,262.0,3933103
2010-10-20,241.2813262939453,263.1000061035156,268.45001220703125,259.25,266.1499938964844,1101559
2010-10-21,242.84033203125,264.79998779296875,268.0,263.25,265.70001220703125,485415
2010-10-22,251.73593139648438,274.5,275.3999938964844,266.0,268.0,1437758
2010-10-25,252.0110626220703,274.79998779296875,278.0,273.6000061035156,277.0,618952
2010-10-26,248.20518493652344,270.6499938964844,275.8500061035156,266.25,275.0,1099941
2010-10-27,248.38858032226562,270.8500061035156,274.0,269.0,270.1000061035156,306277
2010-10-28,248.02174377441406,270.45001220703125,275.5,268.29998779296875,271.6000061035156,1078267
2010-10-29,241.7398681640625,263.6000061035156,275.0,261.0,270.0,1653421
2010-11-01,262.2364501953125,285.95001220703125,293.29998779296875,266.3500061035156,268.3999938964844,2250710
2010-11-02,253.3866424560547,276.29998779296875,288.0,274.6499938964844,287.0,2088247
2010-11-03,256.6881103515625,279.8999938964844,283.8999938964844,277.3999938964844,279.1000061035156,1099671
2010-11-04,256.91741943359375,280.1499938964844,285.0,278.0,279.8999938964844,1155819
2010-11-08,257.6052551269531,280.8999938964844,282.75,274.0,281.0,593612
2010-11-09,264.1622009277344,288.04998779296875,291.8500061035156,279.79998779296875,281.0,2792018
2010-11-10,261.86956787109375,285.54998779296875,295.5,283.0,289.0,1554536
2010-11-11,270.94854736328125,295.45001220703125,307.45001220703125,286.0,287.5,6565144
2010-11-12,260.4939270019531,284.04998779296875,297.5,275.0,295.0,2708623
2010-11-15,268.97686767578125,293.29998779296875,297.0,280.0,283.0,1210904
2010-11-16,259.53106689453125,283.0,301.20001220703125,278.5,296.79998779296875,2716033
2010-11-18,251.55255126953125,274.29998779296875,288.0,268.04998779296875,284.0,3313277
2010-11-19,243.16131591796875,265.1499938964844,275.0,263.1499938964844,275.0,2330130
2010-11-22,256.4588317871094,279.6499938964844,282.70001220703125,264.54998779296875,267.20001220703125,1751947
2010-11-23,264.8958740234375,288.8500061035156,293.5,273.04998779296875,279.45001220703125,2987244
2010-11-24,257.559326171875,280.8500061035156,293.0,277.6000061035156,288.0,2288760
2010-11-25,263.291015625,287.1000061035156,295.95001220703125,282.0,282.0,4656666
2010-11-26,261.0901184082031,284.70001220703125,292.45001220703125,275.0,288.0,3358642
2010-11-29,269.9397888183594,294.3500061035156,295.5,274.95001220703125,285.04998779296875,3915499
2010-11-30,268.10565185546875,292.3500061035156,299.95001220703125,285.0,294.0,18302097
2010-12-01,277.8724365234375,303.0,305.0,283.0,293.8500061035156,5507777
2010-12-02,272.5075988769531,297.1499938964844,309.3999938964844,295.1000061035156,307.0,1832049
2010-12-03,267.1426696777344,291.29998779296875,298.04998779296875,288.1000061035156,297.0,848292
2010-12-06,265.07928466796875,289.04998779296875,297.95001220703125,287.20001220703125,292.5,569298
2010-12-07,263.520263671875,287.3500061035156,292.0,277.1000061035156,285.5,1730824
2010-12-08,254.57884216308594,277.6000061035156,287.8500061035156,274.79998779296875,286.75,1755156
2010-12-09,235.5955047607422,256.8999938964844,279.8999938964844,252.0,278.0,2410883
2010-12-10,238.5301513671875,260.1000061035156,274.95001220703125,247.3000030517578,260.0,1897667
2010-12-13,242.88616943359375,264.8500061035156,268.5,258.3999938964844,261.79998779296875,1105302
2010-12-14,245.95843505859375,268.20001220703125,270.5,262.5,267.3999938964844,671958
2010-12-15,234.4491729736328,255.64999389648438,268.5,253.10000610351562,268.5,1140070
2010-12-16,229.7262420654297,250.5,257.3999938964844,240.0,257.0,3543643
2010-12-20,224.177978515625,244.4499969482422,254.0,241.25,251.85000610351562,1517050
2010-12-21,227.43356323242188,248.0,251.6999969482422,244.5,245.0,1380278
2010-12-22,229.8179473876953,250.60000610351562,255.1999969482422,247.0,248.60000610351562,1137030
2010-12-23,228.625732421875,249.3000030517578,252.5,246.5,252.0500030517578,352117
2010-12-24,229.7262420654297,250.5,254.0,250.0,252.39999389648438,438935
2010-12-27,231.05599975585938,251.9499969482422,253.35000610351562,250.10000610351562,252.25,435459
2010-12-28,230.96426391601562,251.85000610351562,254.89999389648438,248.14999389648438,251.9499969482422,678891
2010-12-29,232.15647888183594,253.14999389648438,254.6999969482422,252.0500030517578,252.39999389648438,420442
2010-12-30,240.6852569580078,262.45001220703125,266.8999938964844,253.5,254.89999389648438,892299
2010-12-31,242.88616943359375,264.8500061035156,270.79998779296875,263.1000061035156,266.5,659898
2011-01-03,242.70278930664062,264.6499938964844,269.8500061035156,264.0,265.8999938964844,386120
2011-01-04,234.5408935546875,255.75,266.45001220703125,254.5500030517578,265.0,607282
2011-01-05,228.396484375,249.0500030517578,255.75,245.0,255.75,810698
2011-01-06,223.673583984375,243.89999389648438,252.8000030517578,243.10000610351562,248.0,493824
2011-01-07,211.15553283691406,230.25,250.5,226.0,250.0,1942697
2011-01-10,205.0111846923828,223.5500030517578,237.8000030517578,220.75,231.60000610351562,1623523
2011-01-11,214.0902099609375,233.4499969482422,236.0,221.1999969482422,222.0,1436442
2011-01-12,222.66477966308594,242.8000030517578,244.64999389648438,232.0,235.10000610351562,1168829
2011-01-13,214.59458923339844,234.0,244.0,231.5500030517578,242.5,660533
2011-01-14,209.73410034179688,228.6999969482422,239.60000610351562,226.10000610351562,233.5,810005
2011-01-17,207.9916534423828,226.8000030517578,235.0,223.25,230.10000610351562,2324429
2011-01-18,217.25408935546875,236.89999389648438,239.85000610351562,224.35000610351562,230.10000610351562,1652965
2011-01-19,214.59458923339844,234.0,239.9499969482422,232.25,239.39999389648438,1928722
2011-01-20,220.37213134765625,240.3000030517578,241.6999969482422,229.25,232.0,2301902
2011-01-21,212.80628967285156,232.0500030517578,240.5,230.5,239.0,2351567
2011-01-24,218.90478515625,238.6999969482422,240.75,232.9499969482422,234.64999389648438,2680475
2011-01-25,212.48533630371094,231.6999969482422,242.9499969482422,229.0,240.8000030517578,1818378
2011-01-27,203.4521484375,221.85000610351562,234.5,220.1999969482422,232.5,1481664
2011-01-28,197.7205047607422,215.60000610351562,221.85000610351562,209.5,221.85000610351562,1297005
2011-01-31,205.3321533203125,223.89999389648438,226.0,205.0,210.10000610351562,1385513
2011-02-01,200.51751708984375,218.64999389648438,225.6999969482422,216.60000610351562,225.5500030517578,464432
2011-02-02,204.78189086914062,223.3000030517578,228.5,220.0,221.25,714030
2011-02-03,205.56143188476562,224.14999389648438,227.0,220.25,225.3000030517578,840972
2011-02-04,202.1682586669922,220.4499969482422,228.6999969482422,218.5,226.14999389648438,626100
2011-02-07,204.18582153320312,222.64999389648438,224.85000610351562,218.0500030517578,221.0,366845
2011-02-08,200.97605895996094,219.14999389648438,224.5,216.14999389648438,224.0,923522
2011-02-09,192.26388549804688,209.64999389648438,221.0,205.5,216.0500030517578,786352
2011-02-10,198.08731079101562,216.0,224.0,208.1999969482422,210.0,1070249
2011-02-11,194.60244750976562,212.1999969482422,214.60000610351562,203.5500030517578,214.60000610351562,3038741
2011-02-14,201.34291076660156,219.5500030517578,224.0,214.39999389648438,216.5500030517578,3397719
2011-02-15,205.19459533691406,223.75,228.0,218.25,221.89999389648438,1466917
2011-02-16,205.56143188476562,224.14999389648438,226.0,221.1999969482422,223.5,353469
2011-02-17,210.83457946777344,229.89999389648438,233.4499969482422,223.0,225.3000030517578,1217741
2011-02-18,207.76242065429688,226.5500030517578,237.89999389648438,224.5,232.0,1476916
2011-02-21,210.51361083984375,229.5500030517578,231.4499969482422,221.5,228.6999969482422,1048187
2011-02-22,214.6404266357422,234.0500030517578,238.0,227.6999969482422,227.6999969482422,2997052
2011-02-23,210.5594482421875,229.60000610351562,237.85000610351562,227.14999389648438,234.0,1828302
2011-02-24,205.14877319335938,223.6999969482422,229.8000030517578,219.5,229.5,2094033
2011-02-25,197.7205047607422,215.60000610351562,237.85000610351562,213.0,237.85000610351562,810019
2011-02-28,200.97605895996094,219.14999389648438,226.39999389648438,211.3000030517578,218.0,3916068
2011-03-01,213.40235900878906,232.6999969482422,236.35000610351562,222.10000610351562,222.10000610351562,2052510
2011-03-03,213.0814208984375,232.35000610351562,242.0,227.10000610351562,242.0,1018472
2011-03-04,218.99649047851562,238.8000030517578,240.0,234.0,235.5,1020680
2011-03-07,221.4726104736328,241.5,244.5,233.5,240.0,2025215
2011-03-08,227.8003692626953,248.39999389648438,250.0,241.5500030517578,243.0,1763967
2011-03-09,224.2238311767578,244.5,252.25,243.10000610351562,248.39999389648438,767541
2011-03-10,223.16920471191406,243.35000610351562,245.0,237.6999969482422,245.0,540707
2011-03-11,220.37213134765625,240.3000030517578,244.4499969482422,238.0500030517578,241.9499969482422,584464
2011-03-14,224.77406311035156,245.10000610351562,245.85000610351562,238.0500030517578,240.5,536450
2011-03-15,224.2238311767578,244.5,249.75,235.60000610351562,240.5,1058233
2011-03-16,227.06674194335938,247.60000610351562,249.8000030517578,245.1999969482422,248.1999969482422,396069
2011-03-17,224.81993103027344,245.14999389648438,250.0,243.10000610351562,246.3000030517578,579485
2011-03-18,223.07749938964844,243.25,248.4499969482422,242.5,245.9499969482422,220362
2011-03-21,224.31553649902344,244.60000610351562,246.39999389648438,241.5,245.89999389648438,269800
2011-03-22,224.2238311767578,244.5,246.5,243.25,245.39999389648438,181207
2011-03-23,232.75254821777344,253.8000030517578,255.89999389648438,244.89999389648438,244.89999389648438,1474435
2011-03-24,236.3291778564453,257.70001220703125,259.95001220703125,254.60000610351562,255.8000030517578,820342
2011-03-25,240.50181579589844,262.25,263.6000061035156,255.64999389648438,259.8999938964844,981224
2011-03-28,242.74864196777344,264.70001220703125,265.6000061035156,258.95001220703125,261.70001220703125,997086
2011-03-29,244.72039794921875,266.8500061035156,268.3999938964844,263.5,265.04998779296875,501734
2011-03-30,253.2950439453125,276.20001220703125,279.5,267.1000061035156,267.8999938964844,971609
2011-03-31,241.7398681640625,263.6000061035156,280.5,261.6499938964844,279.0,1664819
2011-04-01,243.5281982421875,265.54998779296875,268.5,259.5,262.1499938964844,822583
2011-04-04,249.53492736816406,272.1000061035156,275.5,265.0,266.79998779296875,902956
2011-04-05,249.25978088378906,271.79998779296875,274.8999938964844,265.3999938964844,274.3999938964844,658013
2011-04-06,247.93006896972656,270.3500061035156,274.0,269.1499938964844,272.0,408191
2011-04-07,251.4149932861328,274.1499938964844,276.79998779296875,269.0,271.0,552778
2011-04-08,249.35147094726562,271.8999938964844,276.0,270.29998779296875,274.54998779296875,305384
2011-04-11,251.55255126953125,274.29998779296875,276.6000061035156,268.95001220703125,269.25,488276
2011-04-13,256.6881103515625,279.8999938964844,282.8999938964844,274.0,274.0,962955
2011-04-15,256.7339782714844,279.95001220703125,283.3999938964844,275.1000061035156,281.95001220703125,580531
2011-04-18,251.78175354003906,274.54998779296875,286.79998779296875,273.20001220703125,283.8999938964844,2693715
2011-04-19,252.97396850585938,275.8500061035156,279.95001220703125,270.75,274.6000061035156,1092697
2011-04-20,255.86273193359375,279.0,281.79998779296875,276.1000061035156,278.75,600261
2011-04-21,252.1028289794922,274.8999938964844,283.0,273.1499938964844,283.0,686480
2011-04-25,252.65306091308594,275.5,279.3500061035156,274.04998779296875,276.8999938964844,297306
2011-04-26,248.20518493652344,270.6499938964844,277.3500061035156,268.29998779296875,275.0,484751
2011-04-27,244.03257751464844,266.1000061035156,272.0,265.0,271.20001220703125,477831
2011-04-28,244.85792541503906,267.0,269.8999938964844,261.3500061035156,267.20001220703125,937339
2011-04-29,238.25498962402344,259.79998779296875,269.04998779296875,258.95001220703125,267.79998779296875,514841
2011-05-02,232.75254821777344,253.8000030517578,261.79998779296875,251.5500030517578,261.04998779296875,390282
2011-05-03,222.20623779296875,242.3000030517578,260.8999938964844,240.5,253.0,1266530
2011-05-04,218.8589324951172,238.64999389648438,244.39999389648438,234.4499969482422,242.0,956575
2011-05-05,216.7955322265625,236.39999389648438,245.0,234.10000610351562,240.0,677284
2011-05-06,230.13890075683594,250.9499969482422,252.5500030517578,250.9499969482422,252.5500030517578,591200
2011-05-09,233.34864807128906,254.4499969482422,259.75,245.0500030517578,255.0,728486
2011-05-10,231.97305297851562,252.9499969482422,254.5,247.0,247.0,250135
2011-05-11,230.68917846679688,251.5500030517578,254.0,248.0,248.0,456797
2011-05-12,226.28721618652344,246.75,254.8000030517578,245.1999969482422,249.9499969482422,543809
2011-05-13,231.60626220703125,252.5500030517578,254.39999389648438,245.4499969482422,246.25,469984
2011-05-16,224.5447998046875,244.85000610351562,251.5,244.0,248.4499969482422,264678
2011-05-17,220.78480529785156,240.75,247.8000030517578,235.6999969482422,244.1999969482422,690099
2011-05-18,221.4726104736328,241.5,243.14999389648438,237.0500030517578,242.85000610351562,503229
2011-05-19,222.20623779296875,242.3000030517578,243.64999389648438,239.0,241.75,422952
2011-05-20,228.76332092285156,249.4499969482422,250.60000610351562,240.14999389648438,243.0,575481
2011-05-23,221.28919982910156,241.3000030517578,247.4499969482422,239.64999389648438,245.39999389648438,340282
2011-05-24,224.6365203857422,244.9499969482422,249.0,240.1999969482422,249.0,761674
2011-05-25,224.72821044921875,245.0500030517578,246.85000610351562,243.10000610351562,244.4499969482422,528268
2011-05-26,230.13890075683594,250.9499969482422,254.5,245.5,246.85000610351562,1288645
2011-05-27,238.11740112304688,259.6499938964844,260.70001220703125,251.0500030517578,254.0,700829
2011-05-30,238.2091522216797,259.75,265.0,258.25,260.0,322318
2011-05-31,242.1525115966797,264.04998779296875,264.5,258.3500061035156,261.5,428936
2011-06-01,242.74864196777344,264.70001220703125,266.29998779296875,262.3999938964844,264.04998779296875,330414
2011-06-02,239.90574645996094,261.6000061035156,262.79998779296875,255.10000610351562,261.95001220703125,265398
2011-06-03,244.9495849609375,267.1000061035156,268.79998779296875,257.25,257.25,580231
2011-06-06,243.71156311035156,265.75,268.8500061035156,264.79998779296875,266.8999938964844,329709
2011-06-07,245.08718872070312,267.25,268.95001220703125,263.5,265.0,341940
2011-06-08,240.96035766601562,262.75,267.70001220703125,261.6499938964844,263.54998779296875,216244
2011-06-09,240.2725830078125,262.0,265.3500061035156,260.54998779296875,263.0,150643
2011-06-10,237.93405151367188,259.45001220703125,263.29998779296875,258.1000061035156,263.29998779296875,319067
2011-06-13,239.9516143798828,261.6499938964844,263.20001220703125,253.14999389648438,259.45001220703125,525953
2011-06-14,240.54769897460938,262.29998779296875,265.6000061035156,256.1000061035156,262.1000061035156,759123
2011-06-15,236.87937927246094,258.29998779296875,264.20001220703125,256.1000061035156,262.20001220703125,639523
2011-06-16,234.08233642578125,255.25,257.54998779296875,252.35000610351562,254.89999389648438,621766
2011-06-17,233.2111053466797,254.3000030517578,257.5,251.75,255.0,259742
2011-06-20,230.41404724121094,251.25,256.79998779296875,241.5,254.0,526087
2011-06-21,232.11061096191406,253.10000610351562,256.3999938964844,250.0,252.0,680841
2011-06-22,231.78965759277344,252.75,255.0,251.10000610351562,255.0,142792
2011-06-23,232.56915283203125,253.60000610351562,254.3000030517578,251.10000610351562,252.5,207436
2011-06-24,244.21595764160156,266.29998779296875,268.0,255.25,256.1000061035156,662574
2011-06-27,246.60031127929688,268.8999938964844,273.8500061035156,261.3999938964844,261.3999938964844,660329
2011-06-28,248.11346435546875,270.54998779296875,271.79998779296875,267.1499938964844,270.54998779296875,258556
2011-06-29,252.28622436523438,275.1000061035156,278.0,270.6000061035156,272.54998779296875,591945
2011-06-30,251.27003479003906,272.0,275.04998779296875,270.3500061035156,275.04998779296875,819328
2011-07-01,254.04141235351562,275.0,279.29998779296875,273.45001220703125,275.0,553555
2011-07-04,260.64642333984375,282.1499938964844,283.5,276.5,277.6499938964844,1797799
2011-07-05,264.6187438964844,286.45001220703125,288.25,279.25,282.54998779296875,1373686
2011-07-06,266.42010498046875,288.3999938964844,292.0,285.04998779296875,286.45001220703125,808309
2011-07-07,262.9096984863281,284.6000061035156,290.8999938964844,282.6499938964844,290.8999938964844,482049
2011-07-08,265.5887145996094,287.5,291.3999938964844,285.1499938964844,286.95001220703125,2070936
2011-07-11,259.9998779296875,281.45001220703125,288.3999938964844,278.54998779296875,288.3999938964844,629456
2011-07-12,253.34854125976562,274.25,279.8999938964844,272.5,276.3500061035156,610405
2011-07-13,256.581787109375,277.75,279.3500061035156,275.1000061035156,279.3500061035156,289387
2011-07-14,259.5841064453125,281.0,282.8999938964844,274.0,274.0,559068
2011-07-15,257.8289489746094,279.1000061035156,283.8999938964844,278.0,279.5,355445
2011-07-18,256.62799072265625,277.79998779296875,282.79998779296875,275.5,279.0,121689
2011-07-19,258.3831787109375,279.70001220703125,280.6000061035156,276.0,277.5,244968
2011-07-20,255.0113525390625,276.04998779296875,282.79998779296875,275.1000061035156,280.54998779296875,781383
2011-07-21,250.94664001464844,271.6499938964844,277.95001220703125,270.0,274.1000061035156,781925
2011-07-22,255.1961212158203,276.25,277.8500061035156,272.1499938964844,274.70001220703125,294263
2011-07-25,256.8589172363281,278.04998779296875,280.70001220703125,274.0,278.3999938964844,346522
2011-07-26,248.17530822753906,268.6499938964844,280.79998779296875,267.5,275.0,519063
2011-07-27,252.28622436523438,273.1000061035156,274.95001220703125,268.1000061035156,270.0,208234
2011-07-28,253.20997619628906,274.1000061035156,277.0,268.3999938964844,272.8500061035156,445005
2011-07-29,250.53097534179688,271.20001220703125,278.0,270.20001220703125,274.79998779296875,229423
2011-08-01,251.77804565429688,272.54998779296875,284.0,271.1000061035156,275.95001220703125,117693
2011-08-02,250.5771026611328,271.25,274.04998779296875,268.0,274.04998779296875,187057
2011-08-03,249.79197692871094,270.3999938964844,271.1000061035156,265.54998779296875,269.1000061035156,163079
2011-08-04,244.0644989013672,264.20001220703125,272.6000061035156,262.54998779296875,271.0,249282
2011-08-05,242.7711944580078,262.79998779296875,266.45001220703125,251.3000030517578,260.0,571181
2011-08-08,243.3716583251953,263.45001220703125,272.04998779296875,252.1999969482422,255.10000610351562,567727
2011-08-09,236.72036743164062,256.25,262.5,254.64999389648438,258.95001220703125,958073
2011-08-10,244.57257080078125,264.75,268.5,260.3999938964844,261.54998779296875,751355
2011-08-11,242.7711944580078,262.79998779296875,270.0,261.04998779296875,264.0,1092310
2011-08-12,235.47325134277344,254.89999389648438,266.3999938964844,252.5,264.0,1301819
2011-08-16,236.99752807617188,256.54998779296875,259.70001220703125,231.6999969482422,259.70001220703125,229710
2011-08-17,227.29774475097656,246.0500030517578,258.70001220703125,240.6999969482422,256.1499938964844,932293
2011-08-18,222.3092803955078,240.64999389648438,248.0,238.60000610351562,245.0,1209227
2011-08-19,218.38320922851562,236.39999389648438,243.0500030517578,228.10000610351562,235.1999969482422,1238211
2011-08-22,218.89129638671875,236.9499969482422,238.39999389648438,229.1999969482422,236.9499969482422,1620057
2011-08-23,223.279296875,241.6999969482422,243.1999969482422,233.4499969482422,238.1999969482422,496419
2011-08-24,221.43170166015625,239.6999969482422,243.5,236.10000610351562,242.1999969482422,463911
2011-08-25,216.7204132080078,234.60000610351562,240.3000030517578,232.25,240.0,634566
2011-08-26,209.330078125,226.60000610351562,234.35000610351562,224.10000610351562,233.5,1617539
2011-08-29,221.9859619140625,240.3000030517578,242.39999389648438,229.0,230.60000610351562,300757
2011-08-30,227.8058319091797,246.60000610351562,248.0,240.5,240.5,296276
2011-09-02,232.28619384765625,251.4499969482422,253.3000030517578,244.5,247.5,317743
2011-09-05,234.82659912109375,254.1999969482422,258.0,245.35000610351562,245.35000610351562,261686
2011-09-06,234.45709228515625,253.8000030517578,255.85000610351562,249.35000610351562,250.0500030517578,352048
2011-09-07,242.90977478027344,262.95001220703125,264.95001220703125,253.10000610351562,253.10000610351562,318743
2011-09-08,245.1730194091797,265.3999938964844,275.5,261.0,263.54998779296875,301266
2011-09-09,247.29776000976562,267.70001220703125,272.3999938964844,262.0,266.0,667866
2011-09-12,232.5633544921875,251.75,264.5,249.75,261.1000061035156,487994
2011-09-13,233.99520874023438,253.3000030517578,260.6499938964844,250.1999969482422,253.0,244150
2011-09-14,239.7688446044922,259.54998779296875,263.0,250.0,254.9499969482422,307235
2011-09-15,244.20303344726562,264.3500061035156,265.0,257.04998779296875,262.54998779296875,218525
2011-09-16,245.912109375,266.20001220703125,269.0,260.5,265.0,297272
2011-09-19,247.75967407226562,268.20001220703125,269.95001220703125,262.1499938964844,264.6499938964844,690138
2011-09-20,251.59332275390625,272.3500061035156,274.3999938964844,269.20001220703125,269.8500061035156,546350
2011-09-21,248.9143829345703,269.45001220703125,275.8500061035156,268.25,273.79998779296875,489620
2011-09-22,238.1060333251953,257.75,267.0,256.54998779296875,267.0,386992
2011-09-23,234.64186096191406,254.0,264.8999938964844,246.8000030517578,260.0,511673
2011-09-26,236.3046875,255.8000030517578,259.29998779296875,246.64999389648438,255.14999389648438,241766
2011-09-27,244.43394470214844,264.6000061035156,266.8999938964844,257.95001220703125,258.0,224408
2011-09-28,243.97210693359375,264.1000061035156,268.8999938964844,262.3999938964844,267.0,237946
2011-09-29,248.72964477539062,269.25,272.29998779296875,259.25,263.6000061035156,916261
2011-09-30,242.26307678222656,262.25,271.3500061035156,260.1000061035156,270.0,211206
2011-10-03,235.65805053710938,255.10000610351562,262.0,252.3000030517578,259.8999938964844,335309
2011-10-04,227.39013671875,246.14999389648438,257.5,245.0,250.39999389648438,731109
2011-10-05,221.43170166015625,239.6999969482422,249.6999969482422,235.5,248.0,519410
2011-10-07,224.80352783203125,243.35000610351562,259.8999938964844,235.9499969482422,247.89999389648438,2407560
2011-10-10,232.6557159423828,251.85000610351562,252.89999389648438,241.0,244.75,396475
2011-10-11,234.27235412597656,253.60000610351562,257.6499938964844,251.5,254.0,535423
2011-10-12,238.3831787109375,258.04998779296875,260.0,250.60000610351562,255.0,267556
2011-10-13,247.1129913330078,267.5,275.0,258.0,263.8999938964844,474111
2011-10-14,243.8797149658203,264.0,266.0,259.5,265.1000061035156,323656
2011-10-17,249.2376251220703,269.79998779296875,270.8999938964844,264.79998779296875,264.79998779296875,1321097
2011-10-18,246.9744110107422,267.3500061035156,272.70001220703125,263.75,269.79998779296875,1477866
2011-10-19,250.16146850585938,270.79998779296875,273.0,268.20001220703125,271.3999938964844,512841
2011-10-20,249.376220703125,269.95001220703125,272.5,266.0,266.6000061035156,423779
2011-10-21,252.60952758789062,273.45001220703125,275.75,269.0,269.20001220703125,651568
2011-10-24,252.24002075195312,273.04998779296875,278.5,271.0,276.1000061035156,362387
2011-10-25,252.60952758789062,273.45001220703125,277.0,272.25,274.1000061035156,1535411
2011-10-28,260.4154968261719,281.8999938964844,284.95001220703125,273.0,273.0,407582
2011-10-31,264.849609375,286.70001220703125,288.0,274.1000061035156,282.0,514207
2011-11-01,258.19842529296875,279.5,287.8999938964844,275.29998779296875,283.0,737970
2011-11-02,258.6141357421875,279.95001220703125,281.5,274.3500061035156,276.70001220703125,246067
2011-11-03,256.1660461425781,277.29998779296875,280.1000061035156,275.54998779296875,279.8999938964844,221307
2011-11-04,255.1499481201172,276.20001220703125,280.8999938964844,275.20001220703125,278.70001220703125,281753
2011-11-08,255.1961212158203,276.25,279.8999938964844,270.54998779296875,278.5,235520
2011-11-09,249.4224395751953,270.0,277.95001220703125,265.6499938964844,277.95001220703125,514728
2011-11-11,248.3138885498047,268.79998779296875,275.0,261.6000061035156,270.0,322905
2011-11-14,241.61642456054688,261.54998779296875,271.8500061035156,260.0,267.0,518974
2011-11-15,233.90283203125,253.1999969482422,263.70001220703125,250.25,258.0,379035
2011-11-16,232.9790496826172,252.1999969482422,257.8999938964844,245.3000030517578,253.64999389648438,572764
2011-11-17,232.60952758789062,251.8000030517578,258.3999938964844,248.5500030517578,252.3000030517578,526072
2011-11-18,238.05987548828125,257.70001220703125,261.0,246.35000610351562,248.85000610351562,786510
2011-11-21,233.99520874023438,253.3000030517578,257.70001220703125,251.25,257.70001220703125,244109
2011-11-22,232.60952758789062,251.8000030517578,255.0,249.5500030517578,252.6999969482422,774969
2011-11-23,229.51483154296875,248.4499969482422,250.8000030517578,240.5500030517578,249.9499969482422,804573
2011-11-24,235.2423095703125,254.64999389648438,268.0,244.3000030517578,248.5,1246502
2011-11-25,235.47325134277344,254.89999389648438,258.3500061035156,251.5500030517578,253.0,277545
2011-11-28,241.93975830078125,261.8999938964844,265.8999938964844,254.89999389648438,254.89999389648438,435186
2011-11-29,236.02749633789062,255.5,270.0,253.39999389648438,266.0,475605
2011-11-30,229.97671508789062,248.9499969482422,260.25,245.5,258.0,2216799
2011-12-01,240.87742614746094,260.75,265.0,253.5,254.39999389648438,639726
2011-12-02,253.85658264160156,274.79998779296875,276.0,258.29998779296875,260.0,546860
2011-12-05,252.74810791015625,273.6000061035156,277.45001220703125,268.04998779296875,277.45001220703125,349611
2011-12-07,243.3716583251953,263.45001220703125,276.8999938964844,262.54998779296875,275.6499938964844,1741793
2011-12-08,238.6603240966797,258.3500061035156,265.0,253.5500030517578,265.0,401959
2011-12-09,240.55409240722656,260.3999938964844,262.95001220703125,251.6999969482422,254.35000610351562,932789
2011-12-12,236.11993408203125,255.60000610351562,265.5,254.3000030517578,262.29998779296875,511871
2011-12-13,239.39935302734375,259.1499938964844,260.25,249.60000610351562,253.0,1226057
2011-12-14,233.7642822265625,253.0500030517578,260.0,251.0500030517578,260.0,407711
2011-12-15,235.93516540527344,255.39999389648438,257.3999938964844,248.6999969482422,252.0,331606
2011-12-16,232.6557159423828,251.85000610351562,261.3999938964844,249.0,257.5,671698
2011-12-19,227.25155639648438,246.0,249.6999969482422,242.0,248.10000610351562,674820
2011-12-20,214.2723388671875,231.9499969482422,247.6999969482422,222.14999389648438,246.0,744209
2011-12-21,222.0321807861328,240.35000610351562,244.89999389648438,227.1999969482422,234.89999389648438,937903
2011-12-22,226.28158569335938,244.9499969482422,247.8000030517578,236.6999969482422,243.0,416177
2011-12-23,221.3393096923828,239.60000610351562,248.4499969482422,236.0,246.1999969482422,308412
2011-12-26,225.5886993408203,244.1999969482422,245.0,238.25,240.89999389648438,194462
2011-12-27,220.9698028564453,239.1999969482422,244.8000030517578,237.25,244.39999389648438,208885
2011-12-28,214.87281799316406,232.60000610351562,238.85000610351562,231.0,236.0500030517578,217291
2011-12-29,214.2723388671875,231.9499969482422,233.9499969482422,227.8000030517578,230.0,379040
2011-12-30,208.6372833251953,225.85000610351562,234.10000610351562,224.0,232.1999969482422,415559
2012-01-02,209.1915283203125,226.4499969482422,228.8000030517578,222.25,225.5,282144
2012-01-03,224.11070251464844,242.60000610351562,244.6999969482422,229.0,229.0,358725
2012-01-04,224.61875915527344,243.14999389648438,245.4499969482422,237.25,242.0,274822
2012-01-05,228.3138885498047,247.14999389648438,248.8000030517578,240.4499969482422,242.9499969482422,329318
2012-01-06,222.54025268554688,240.89999389648438,247.60000610351562,239.10000610351562,245.9499969482422,482808
2012-01-09,226.92822265625,245.64999389648438,247.35000610351562,241.0500030517578,244.89999389648438,305405
2012-01-10,241.01597595214844,260.8999938964844,262.95001220703125,247.3000030517578,248.85000610351562,2507816
2012-01-11,251.77804565429688,272.54998779296875,273.8999938964844,263.0,263.0,1268889
2012-01-12,263.64874267578125,285.3999938964844,288.0,268.79998779296875,270.25,1605223
2012-01-13,258.8912048339844,280.25,290.29998779296875,277.0,289.75,1337767
2012-01-16,254.13377380371094,275.1000061035156,278.04998779296875,272.29998779296875,278.0,243845
2012-01-17,256.90509033203125,278.1000061035156,280.0,276.25,276.95001220703125,320747
2012-01-18,251.9166717529297,272.70001220703125,278.29998779296875,270.5,278.29998779296875,204907
2012-01-19,255.42701721191406,276.5,277.8999938964844,273.45001220703125,274.6000061035156,205685
2012-01-20,259.214599609375,280.6000061035156,285.45001220703125,276.0,276.0,612320
2012-01-23,259.9074401855469,281.3500061035156,286.0,278.25,280.6000061035156,207522
2012-01-24,262.72503662109375,284.3999938964844,288.3999938964844,277.0,281.04998779296875,493424
2012-01-25,273.2561340332031,295.79998779296875,298.29998779296875,284.5,287.0,971205
2012-01-27,265.91204833984375,287.8500061035156,300.95001220703125,286.04998779296875,298.8999938964844,435747
2012-01-30,256.3508605957031,277.5,287.04998779296875,276.1499938964844,279.20001220703125,259736
2012-01-31,269.6533508300781,291.8999938964844,292.8999938964844,278.20001220703125,279.75,435808
2012-02-01,271.0852355957031,293.45001220703125,294.95001220703125,285.0,288.20001220703125,245272
2012-02-02,276.350830078125,299.1499938964844,300.6000061035156,288.0,293.0,570251
2012-02-03,275.6579895019531,298.3999938964844,302.45001220703125,292.25,300.0,814468
2012-02-06,277.4593505859375,300.3500061035156,309.5,297.70001220703125,302.8500061035156,748454
2012-02-07,279.8612060546875,302.95001220703125,306.5,296.79998779296875,305.0,380449
2012-02-08,283.1868896484375,306.54998779296875,307.25,299.04998779296875,304.0,489657
2012-02-09,285.40399169921875,308.95001220703125,311.0,302.5,309.3999938964844,456288
2012-02-10,294.734130859375,319.04998779296875,320.6000061035156,306.95001220703125,308.95001220703125,828270
2012-02-13,302.35540771484375,327.29998779296875,329.79998779296875,313.75,320.79998779296875,418771
2012-02-14,297.4132080078125,321.95001220703125,332.0,320.5,330.0,657387
2012-02-15,306.6048278808594,331.8999938964844,333.0,323.6000061035156,324.79998779296875,617138
2012-02-16,292.009033203125,316.1000061035156,328.70001220703125,303.79998779296875,328.0,1011651
2012-02-17,289.0067443847656,312.8500061035156,328.95001220703125,311.25,328.95001220703125,936529
2012-02-21,291.0390319824219,315.04998779296875,322.0,312.79998779296875,312.79998779296875,723268
2012-02-22,277.3207702636719,300.20001220703125,319.1499938964844,297.04998779296875,309.04998779296875,544085
2012-02-23,289.65338134765625,313.54998779296875,316.54998779296875,295.5,302.04998779296875,977697
2012-02-24,278.5217590332031,301.5,321.8999938964844,295.1499938964844,316.8999938964844,1963823
2012-02-27,270.2076110839844,292.5,303.45001220703125,288.54998779296875,303.0,665320
2012-02-28,280.8774108886719,304.04998779296875,305.79998779296875,293.20001220703125,293.20001220703125,1159655
2012-02-29,288.452392578125,312.25,315.6499938964844,294.75,306.5,4324321
2012-03-01,286.3276672363281,309.95001220703125,314.95001220703125,305.1000061035156,314.8999938964844,765548
2012-03-02,292.10137939453125,316.20001220703125,321.0,306.5,312.3999938964844,835831
2012-03-05,283.3254699707031,306.70001220703125,313.5,302.1000061035156,313.5,284167
2012-03-06,285.5886535644531,309.1499938964844,319.70001220703125,300.45001220703125,302.04998779296875,777950
2012-03-07,286.65106201171875,310.29998779296875,311.8999938964844,302.29998779296875,302.29998779296875,885488
2012-03-09,292.239990234375,316.3500061035156,318.20001220703125,313.25,314.95001220703125,1143226
2012-03-12,292.009033203125,316.1000061035156,324.70001220703125,314.0,318.1000061035156,700509
2012-03-13,290.76190185546875,314.75,320.0,314.04998779296875,319.8999938964844,632450
2012-03-14,295.2884216308594,319.6499938964844,324.79998779296875,314.79998779296875,319.0,1260833
2012-03-15,285.95819091796875,309.54998779296875,321.0,306.1000061035156,320.0,1213545
2012-03-16,283.0944519042969,306.45001220703125,313.79998779296875,288.0,311.29998779296875,1397792
2012-03-19,277.7826843261719,300.70001220703125,306.70001220703125,297.1000061035156,304.0,200064
2012-03-20,289.7919006347656,313.70001220703125,317.20001220703125,303.0,305.75,706460
2012-03-21,294.8265380859375,319.1499938964844,319.8999938964844,309.20001220703125,310.95001220703125,363528
2012-03-22,286.65106201171875,310.29998779296875,324.79998779296875,308.29998779296875,320.0,639167
2012-03-23,287.8981628417969,311.6499938964844,316.04998779296875,306.54998779296875,311.8999938964844,495653
2012-03-26,283.4640808105469,306.8500061035156,314.70001220703125,304.1000061035156,308.95001220703125,485453
2012-03-27,284.7111511230469,308.20001220703125,315.0,300.54998779296875,315.0,927238
2012-03-28,275.2423400878906,297.95001220703125,310.95001220703125,295.1000061035156,310.95001220703125,937864
2012-03-29,283.64874267578125,307.04998779296875,309.79998779296875,292.79998779296875,294.79998779296875,815102
2012-03-30,297.13604736328125,321.6499938964844,323.5,307.95001220703125,307.95001220703125,574358
2012-04-02,301.3392639160156,326.20001220703125,327.75,317.54998779296875,322.20001220703125,377543
2012-04-03,303.2792053222656,328.29998779296875,332.0,325.6000061035156,328.04998779296875,416286
2012-04-04,308.4062194824219,333.8500061035156,335.29998779296875,324.29998779296875,326.25,496284
2012-04-09,304.29541015625,329.3999938964844,334.95001220703125,328.0,329.3999938964844,200964
2012-04-10,309.2838134765625,334.79998779296875,335.8999938964844,325.3500061035156,328.45001220703125,359575
2012-04-11,305.6348876953125,330.8500061035156,336.8999938964844,330.0,331.95001220703125,354212
2012-04-12,313.11761474609375,338.95001220703125,340.0,332.0,334.5,456068
2012-04-13,305.4039306640625,330.6000061035156,343.5,329.1499938964844,339.95001220703125,393333
2012-04-16,315.9813232421875,342.04998779296875,343.0,331.1000061035156,333.04998779296875,472977
2012-04-17,316.9512939453125,343.1000061035156,345.8999938964844,331.3500061035156,331.3500061035156,644617
2012-04-18,319.2607727050781,345.6000061035156,347.0,341.3999938964844,347.0,480264
2012-04-19,318.9836120605469,345.29998779296875,351.8999938964844,342.29998779296875,347.5,1898210
2012-04-20,317.2745361328125,343.45001220703125,349.95001220703125,341.5,342.70001220703125,933390
2012-04-23,308.683349609375,334.1499938964844,347.5,332.20001220703125,345.0,934279
2012-04-24,309.42242431640625,334.95001220703125,340.75,332.54998779296875,337.75,272412
2012-04-25,305.6348876953125,330.8500061035156,330.8500061035156,330.0,330.0,677803
2012-04-26,307.48248291015625,332.8500061035156,338.75,330.54998779296875,333.8500061035156,472226
2012-04-27,296.39703369140625,320.8500061035156,335.95001220703125,319.1000061035156,333.04998779296875,502457
2012-04-30,306.4201354980469,331.70001220703125,335.8999938964844,322.04998779296875,322.54998779296875,353779
2012-05-02,299.81500244140625,324.54998779296875,333.75,322.8500061035156,332.8999938964844,303674
2012-05-03,297.78271484375,322.3500061035156,326.20001220703125,316.04998779296875,321.45001220703125,341689
2012-05-04,297.92120361328125,322.5,327.0,315.20001220703125,315.20001220703125,461828
2012-05-07,301.66259765625,326.54998779296875,329.45001220703125,312.6499938964844,318.6000061035156,423106
2012-05-08,292.7018127441406,316.8500061035156,329.79998779296875,315.0,329.79998779296875,492708
2012-05-09,283.2792663574219,306.6499938964844,319.25,305.54998779296875,317.1499938964844,296778
2012-05-10,291.547119140625,315.6000061035156,320.8999938964844,303.8999938964844,308.79998779296875,974985
2012-05-11,288.63726806640625,312.45001220703125,318.8500061035156,305.0,314.75,497595
2012-05-14,286.92816162109375,310.6000061035156,315.1000061035156,309.0,312.45001220703125,477290
2012-05-15,282.2169189453125,305.5,307.8999938964844,303.54998779296875,306.8999938964844,766266
2012-05-16,277.505615234375,300.3999938964844,302.6499938964844,295.0,302.6499938964844,672229
2012-05-17,281.84735107421875,305.1000061035156,305.1000061035156,300.25,300.25,310426
2012-05-18,282.1245422363281,305.3999938964844,309.3999938964844,296.0,302.3999938964844,643686
2012-05-21,284.48016357421875,307.95001220703125,312.3999938964844,302.1000061035156,305.1000061035156,404110
2012-05-22,282.2630615234375,305.54998779296875,311.04998779296875,303.29998779296875,311.04998779296875,301330
2012-05-23,279.7688293457031,302.8500061035156,305.8999938964844,298.1499938964844,305.8999938964844,332940
2012-05-24,281.33929443359375,304.54998779296875,306.3500061035156,298.95001220703125,304.6000061035156,334986
2012-05-25,284.94207763671875,308.45001220703125,309.0,302.25,304.75,869923
2012-05-28,286.97442626953125,310.6499938964844,311.5,307.5,310.0,388557
2012-05-29,286.6972351074219,310.3500061035156,312.8500061035156,308.5,311.5,510193
2012-05-30,278.0598449707031,301.0,308.0,299.25,308.0,349017
2012-05-31,275.6579895019531,298.3999938964844,307.75,295.79998779296875,307.75,414021
2012-06-01,275.3808898925781,298.1000061035156,303.6499938964844,295.5,299.8500061035156,339581
2012-06-04,273.0252380371094,295.54998779296875,296.6499938964844,287.70001220703125,290.3500061035156,536738
2012-06-05,281.33929443359375,304.54998779296875,306.0,297.04998779296875,297.04998779296875,616283
2012-06-06,286.0968017578125,309.70001220703125,311.1000061035156,305.5,306.75,214062
2012-06-07,292.239990234375,316.3500061035156,317.20001220703125,309.1000061035156,314.8999938964844,415920
2012-06-08,302.5863342285156,327.54998779296875,329.8500061035156,310.95001220703125,316.29998779296875,545871
2012-06-11,302.35540771484375,327.29998779296875,334.29998779296875,323.45001220703125,330.0,505707
2012-06-12,302.12445068359375,327.04998779296875,332.6499938964844,323.54998779296875,327.0,464146
2012-06-13,296.3507995605469,320.79998779296875,328.75,318.70001220703125,328.04998779296875,299828
2012-06-14,290.4385986328125,314.3999938964844,320.45001220703125,312.70001220703125,319.0,375667
2012-06-15,294.4108581542969,318.70001220703125,319.29998779296875,315.1499938964844,317.70001220703125,764080
2012-06-18,287.15911865234375,310.8500061035156,323.5,307.70001220703125,320.8999938964844,670726
2012-06-19,290.9466857910156,314.95001220703125,318.0,305.3500061035156,309.95001220703125,500733
2012-06-20,292.1938171386719,316.29998779296875,320.29998779296875,315.0,316.95001220703125,817149
2012-06-21,300.46160888671875,325.25,326.79998779296875,312.0,315.0,339182
2012-06-22,299.7688293457031,324.5,326.0,317.54998779296875,320.04998779296875,202271
2012-06-25,297.87506103515625,322.45001220703125,333.1499938964844,320.6000061035156,326.0,386019
2012-06-26,301.8934631347656,326.79998779296875,338.0,321.29998779296875,322.6000061035156,272101
2012-06-27,304.75726318359375,329.8999938964844,331.04998779296875,327.25,328.8500061035156,292635
2012-06-28,303.18682861328125,328.20001220703125,332.8999938964844,321.54998779296875,332.8999938964844,419934
2012-06-29,314.3185119628906,340.25,349.0,329.8999938964844,333.0,548659
2012-07-02,312.70184326171875,338.5,342.1499938964844,336.1000061035156,342.1499938964844,149790
2012-07-03,317.04364013671875,343.20001220703125,344.95001220703125,340.5,342.0,276895
2012-07-04,319.4916687011719,345.8500061035156,346.95001220703125,342.0,344.8500061035156,241018
2012-07-05,323.16400146484375,347.6000061035156,348.79998779296875,340.0,346.0,332192
2012-07-06,320.5608215332031,344.79998779296875,348.45001220703125,341.6499938964844,343.0,158093
2012-07-09,319.1197814941406,343.25,346.54998779296875,338.1499938964844,342.0,286449
2012-07-10,319.44512939453125,343.6000061035156,349.0,340.45001220703125,346.0,1775817
2012-07-11,317.539306640625,341.54998779296875,346.0,279.0,343.0,349699
2012-07-12,316.1913146972656,340.1000061035156,341.3999938964844,333.1000061035156,339.70001220703125,408752
2012-07-13,313.35565185546875,337.04998779296875,342.79998779296875,335.6499938964844,339.95001220703125,182822
2012-07-16,312.84429931640625,336.5,339.3999938964844,332.5,338.0,287183
2012-07-17,312.6584167480469,336.29998779296875,338.6499938964844,334.0,337.1000061035156,305018
2012-07-18,312.0075988769531,335.6000061035156,336.6000061035156,330.0,336.1499938964844,220578
2012-07-19,314.28533935546875,338.04998779296875,338.79998779296875,334.1000061035156,338.04998779296875,392757
2012-07-20,310.42706298828125,333.8999938964844,339.0,331.04998779296875,338.8500061035156,267339
2012-07-23,304.9883117675781,328.04998779296875,335.0,326.70001220703125,330.04998779296875,272484
2012-07-24,307.49853515625,330.75,332.3999938964844,328.04998779296875,329.70001220703125,101527
2012-07-25,307.63800048828125,330.8999938964844,333.20001220703125,329.0,330.45001220703125,318783
2012-07-26,300.2469177246094,322.95001220703125,332.70001220703125,320.0,331.04998779296875,773782
2012-07-27,304.4305114746094,327.45001220703125,336.0,324.29998779296875,326.70001220703125,499648
2012-07-30,310.5664978027344,334.04998779296875,334.8999938964844,329.6499938964844,329.70001220703125,282004
2012-07-31,310.65948486328125,334.1499938964844,335.79998779296875,326.75,333.79998779296875,380027
2012-08-01,306.7547607421875,329.95001220703125,335.3999938964844,329.0,334.95001220703125,374441
2012-08-02,303.4078674316406,326.3500061035156,328.8500061035156,324.5,324.6000061035156,213170
2012-08-03,300.2003173828125,322.8999938964844,326.3999938964844,320.0,326.3999938964844,539065
2012-08-06,299.9214782714844,322.6000061035156,335.0,320.6000061035156,327.6499938964844,685224
2012-08-07,304.2910461425781,327.29998779296875,328.0,321.95001220703125,324.1000061035156,647479
2012-08-08,301.1765441894531,323.95001220703125,330.29998779296875,322.6000061035156,327.75,495821
2012-08-09,302.757080078125,325.6499938964844,327.95001220703125,320.5,327.95001220703125,268794
2012-08-10,299.8284912109375,322.5,326.45001220703125,321.20001220703125,322.3999938964844,512898
2012-08-13,304.755859375,327.79998779296875,328.3999938964844,320.29998779296875,322.5,368743
2012-08-14,309.59039306640625,333.0,334.25,326.0,327.0,322695
2012-08-16,309.3580017089844,332.75,337.75,331.0,333.1499938964844,361256
2012-08-17,309.82275390625,333.25,338.0,331.04998779296875,334.8500061035156,289583
2012-08-21,308.7071533203125,332.04998779296875,334.79998779296875,327.1000061035156,334.79998779296875,240240
2012-08-22,313.49505615234375,337.20001220703125,339.6000061035156,328.3500061035156,330.5,679602
2012-08-23,307.49853515625,330.75,339.79998779296875,330.0,338.0,323400
2012-08-24,305.3602600097656,328.45001220703125,332.75,326.0,332.75,240596
2012-08-27,302.8035583496094,325.70001220703125,329.54998779296875,324.6499938964844,328.0,133346
2012-08-28,296.6209716796875,319.04998779296875,326.29998779296875,316.70001220703125,325.0,263040
2012-08-29,292.855712890625,315.0,318.79998779296875,310.45001220703125,317.95001220703125,551030
2012-08-30,291.926025390625,314.0,317.0,310.79998779296875,315.0,444732
2012-08-31,294.2967529296875,316.54998779296875,319.5,312.8500061035156,314.04998779296875,235817
2012-09-03,292.80926513671875,314.95001220703125,321.0,313.54998779296875,317.45001220703125,126555
2012-09-04,293.5065612792969,315.70001220703125,317.29998779296875,312.79998779296875,315.0,156832
2012-09-05,290.531494140625,312.5,316.3999938964844,310.95001220703125,314.45001220703125,284456
2012-09-06,290.5779724121094,312.54998779296875,315.0,310.8999938964844,313.5,778289
2012-09-07,294.15728759765625,316.3999938964844,318.5,313.0,314.54998779296875,937939
2012-09-10,291.2752685546875,313.29998779296875,319.25,312.0,317.8500061035156,231908
2012-09-11,288.4861145019531,310.29998779296875,312.0,309.0,311.95001220703125,541666
2012-09-12,289.55535888671875,311.45001220703125,313.5,308.1000061035156,313.0,285118
2012-09-13,288.3467102050781,310.1499938964844,315.5,308.5,311.45001220703125,482571
2012-09-14,296.3421630859375,318.75,320.20001220703125,313.0,315.0,1689775
2012-09-17,307.03369140625,330.25,352.0,320.3500061035156,325.79998779296875,792250
2012-09-18,309.1719970703125,332.54998779296875,335.79998779296875,328.29998779296875,330.70001220703125,508258
2012-09-20,308.00982666015625,331.29998779296875,333.8999938964844,326.29998779296875,329.5,374580
2012-09-21,314.0993957519531,337.8500061035156,339.75,332.70001220703125,337.0,1434284
2012-09-24,320.97918701171875,345.25,346.0,335.54998779296875,335.54998779296875,954686
2012-09-25,320.4678955078125,344.70001220703125,350.0,343.3999938964844,347.75,530730
2012-09-26,319.3986511230469,343.54998779296875,348.20001220703125,341.5,343.3999938964844,248445
2012-09-27,319.1662292480469,343.29998779296875,346.5,340.3500061035156,344.1000061035156,289429
2012-09-28,330.32269287109375,355.29998779296875,357.0,344.1499938964844,344.20001220703125,969469
2012-10-01,337.4814147949219,363.0,365.0,355.0,358.8500061035156,593267
2012-10-03,343.5244445800781,369.5,370.5,364.1000061035156,364.1000061035156,674917
2012-10-04,345.0119323730469,371.1000061035156,376.0,369.8500061035156,372.0,311655
2012-10-05,343.2920227050781,369.25,374.70001220703125,361.5,371.1000061035156,529836
2012-10-08,342.9201354980469,368.8500061035156,370.8500061035156,364.8500061035156,368.20001220703125,465196
2012-10-09,340.0379943847656,365.75,374.79998779296875,364.20001220703125,368.8500061035156,519176
2012-10-10,332.5539855957031,357.70001220703125,370.0,355.1000061035156,370.0,2407178
2012-10-11,337.4814147949219,363.0,365.79998779296875,357.6499938964844,357.6499938964844,1009289
2012-10-12,339.9915771484375,365.70001220703125,371.8999938964844,364.1000061035156,365.54998779296875,734639
2012-10-15,336.22625732421875,361.6499938964844,368.5,359.3999938964844,366.04998779296875,456739
2012-10-16,329.3929748535156,354.29998779296875,363.5,352.75,363.5,431947
2012-10-17,333.018798828125,358.20001220703125,358.8500061035156,354.1000061035156,355.3500061035156,271780
2012-10-18,338.6434631347656,364.25,365.0,356.04998779296875,361.45001220703125,578609
2012-10-19,337.0630187988281,362.54998779296875,364.0,360.1000061035156,363.6499938964844,264643
2012-10-22,336.41229248046875,361.8500061035156,363.45001220703125,352.5,356.79998779296875,262330
2012-10-23,337.2025146484375,362.70001220703125,364.79998779296875,357.6000061035156,358.0,234010
2012-10-25,339.7591857910156,365.45001220703125,367.5,360.1000061035156,361.04998779296875,291024
2012-10-29,339.8985595703125,365.6000061035156,367.1499938964844,362.70001220703125,365.45001220703125,236919
2012-10-30,336.27276611328125,361.70001220703125,370.0,356.0,362.95001220703125,373732
2012-10-31,338.5040588378906,364.1000061035156,365.0,358.29998779296875,360.6499938964844,186100
2012-11-01,338.3180847167969,363.8999938964844,368.0,362.04998779296875,363.79998779296875,187609
2012-11-02,340.13104248046875,365.8500061035156,369.75,365.0,365.54998779296875,296883
2012-11-05,337.3883972167969,362.8999938964844,368.79998779296875,361.5,366.3999938964844,152013
2012-11-06,337.5279235839844,363.04998779296875,365.0,361.04998779296875,362.95001220703125,146551
2012-11-07,341.3861083984375,367.20001220703125,370.8500061035156,362.6000061035156,364.5,607541
2012-11-08,337.2953796386719,362.79998779296875,367.0,362.0,362.8999938964844,241115
2012-11-09,342.1299133300781,368.0,368.79998779296875,361.25,363.0,1491780
2012-11-12,350.31121826171875,376.79998779296875,379.20001220703125,365.3999938964844,368.95001220703125,1043728
2012-11-15,350.9620361328125,377.5,379.45001220703125,372.54998779296875,373.54998779296875,279064
2012-11-16,351.333984375,377.8999938964844,387.0,373.54998779296875,377.8500061035156,638316
2012-11-19,347.10382080078125,373.3500061035156,381.1000061035156,369.1499938964844,378.8500061035156,421504
2012-11-20,342.7807312011719,368.70001220703125,390.0,366.20001220703125,389.0,1723286
2012-11-21,342.1763000488281,368.04998779296875,371.95001220703125,366.8999938964844,370.0,752380
2012-11-22,346.87139892578125,373.1000061035156,374.95001220703125,367.79998779296875,368.5,305533
2012-11-23,347.8009948730469,374.1000061035156,377.8500061035156,371.45001220703125,374.8500061035156,974122
2012-11-26,357.33050537109375,384.3500061035156,386.45001220703125,377.0,377.0,760821
2012-11-27,366.39508056640625,394.1000061035156,399.5,385.6499938964844,385.6499938964844,1732436
2012-11-29,387.6387634277344,416.95001220703125,419.5,393.0,393.95001220703125,2540800
2012-11-30,387.452880859375,416.75,418.79998779296875,409.5,416.95001220703125,3364241
2012-12-03,392.4266662597656,422.1000061035156,423.95001220703125,406.1000061035156,406.1000061035156,809819
2012-12-04,388.3360290527344,417.70001220703125,426.0,416.0,422.75,681247
2012-12-05,390.7997131347656,420.3500061035156,422.3999938964844,416.3999938964844,419.3500061035156,662020
2012-12-06,396.28497314453125,426.25,428.79998779296875,416.95001220703125,422.8999938964844,682715
2012-12-07,382.5254211425781,411.45001220703125,429.0,408.95001220703125,425.0,2106447
2012-12-10,388.2430419921875,417.6000061035156,420.79998779296875,408.5,415.6499938964844,2298339
2012-12-11,383.08319091796875,412.04998779296875,421.1499938964844,407.8500061035156,417.0,961794
2012-12-12,376.5752868652344,405.04998779296875,413.79998779296875,403.0,413.3500061035156,1453902
2012-12-13,380.8518981933594,409.6499938964844,418.45001220703125,403.45001220703125,409.8999938964844,1622143
2012-12-14,392.3337707519531,422.0,423.0,405.0,405.1000061035156,1244230
2012-12-17,395.7736511230469,425.70001220703125,430.79998779296875,418.75,420.54998779296875,1424986
2012-12-18,399.39947509765625,429.6000061035156,433.75,417.29998779296875,427.29998779296875,677877
2012-12-19,403.2576904296875,433.75,435.8999938964844,429.45001220703125,433.8999938964844,560130
2012-12-20,402.28155517578125,432.70001220703125,434.25,427.6000061035156,434.1000061035156,1284392
2012-12-21,397.168212890625,427.20001220703125,432.8999938964844,422.1000061035156,432.0,1382400
2012-12-24,395.0298767089844,424.8999938964844,432.0,418.1000061035156,427.20001220703125,3446375
2012-12-26,391.4039611816406,421.0,427.0,420.20001220703125,424.0,1089995
2012-12-27,385.08203125,414.20001220703125,424.6499938964844,412.45001220703125,423.8999938964844,1579171
2012-12-28,385.8258056640625,415.0,420.29998779296875,413.04998779296875,415.0,1938513
2012-12-31,387.7317199707031,417.04998779296875,421.0,415.04998779296875,416.70001220703125,759367
2013-01-01,393.4958801269531,423.25,425.8500061035156,419.20001220703125,419.95001220703125,692672
2013-01-02,402.5604248046875,433.0,437.45001220703125,426.3999938964844,430.0,1082815
2013-01-03,403.76910400390625,434.29998779296875,442.0,425.0,438.3999938964844,984021
2013-01-04,400.46856689453125,430.75,434.70001220703125,428.79998779296875,434.25,829178
2013-01-07,401.02642822265625,431.3500061035156,438.6499938964844,430.04998779296875,432.5,1531894
2013-01-08,403.2576904296875,433.75,437.5,430.70001220703125,435.0,2077309
2013-01-09,404.00146484375,434.54998779296875,440.79998779296875,430.95001220703125,436.1499938964844,3191463
2013-01-10,410.1839904785156,441.20001220703125,444.8999938964844,436.5,439.20001220703125,1898534
2013-01-11,400.74755859375,431.04998779296875,443.6000061035156,427.95001220703125,442.0,845876
2013-01-14,409.20782470703125,440.1499938964844,441.8999938964844,427.0,431.95001220703125,1276400
2013-01-15,410.83477783203125,441.8999938964844,444.3500061035156,438.6000061035156,440.20001220703125,1160466
2013-01-16,399.7713317871094,430.0,442.5,429.0,440.3999938964844,1249626
2013-01-17,396.6568298339844,426.6499938964844,436.54998779296875,424.45001220703125,430.0,678827
2013-01-18,390.4278259277344,419.95001220703125,428.79998779296875,416.1000061035156,428.79998779296875,940541
2013-01-21,384.0594177246094,413.1000061035156,423.29998779296875,407.6000061035156,418.79998779296875,1714760
2013-01-22,388.3360290527344,417.70001220703125,419.8999938964844,410.6499938964844,412.95001220703125,2866392
2013-01-23,394.7974548339844,424.6499938964844,426.5,416.95001220703125,418.5,838754
2013-01-24,400.28265380859375,430.54998779296875,433.5,424.1499938964844,426.25,1969798
2013-01-25,401.1658935546875,431.5,433.8999938964844,423.6000061035156,430.3999938964844,608814
2013-01-28,402.0956115722656,432.5,434.0,428.3999938964844,431.5,723886
2013-01-29,400.422119140625,430.70001220703125,432.54998779296875,422.04998779296875,432.54998779296875,1148562
2013-01-30,404.2803649902344,434.8500061035156,436.95001220703125,430.3999938964844,430.3999938964844,625954
2013-01-31,405.16357421875,435.79998779296875,439.20001220703125,432.95001220703125,435.8999938964844,629457
2013-02-01,407.48779296875,438.29998779296875,443.0,431.70001220703125,434.79998779296875,856437
2013-02-04,404.55926513671875,435.1499938964844,443.6000061035156,433.0,442.45001220703125,610536
2013-02-05,403.53662109375,434.04998779296875,435.6499938964844,428.3500061035156,434.0,1173336
2013-02-06,399.3065185546875,429.5,438.8999938964844,428.3500061035156,435.1499938964844,694532
2013-02-07,400.65460205078125,430.95001220703125,434.0,428.0,428.45001220703125,1016207
2013-02-08,394.9368896484375,424.79998779296875,432.95001220703125,417.45001220703125,430.79998779296875,1551033
2013-02-11,398.42327880859375,428.54998779296875,430.0,424.29998779296875,425.6000061035156,909242
2013-02-12,407.90625,438.75,440.79998779296875,426.79998779296875,428.6000061035156,667446
2013-02-13,409.67266845703125,440.6499938964844,447.54998779296875,438.1499938964844,439.95001220703125,1269537
2013-02-14,410.27691650390625,441.29998779296875,449.70001220703125,438.29998779296875,446.54998779296875,1262820
2013-02-15,408.9289245605469,439.8500061035156,442.8500061035156,435.45001220703125,442.8500061035156,420871
2013-02-18,408.97540283203125,439.8999938964844,444.8500061035156,439.1499938964844,439.20001220703125,434170
2013-02-19,411.57855224609375,442.70001220703125,444.8500061035156,436.04998779296875,438.1499938964844,447005
2013-02-20,408.4640808105469,439.3500061035156,445.95001220703125,438.1000061035156,444.5,397050
2013-02-21,398.0048828125,428.1000061035156,441.6499938964844,426.25,440.0,543547
2013-02-22,398.0979309082031,428.20001220703125,431.8500061035156,424.45001220703125,428.1000061035156,561286
2013-02-25,396.2384338378906,426.20001220703125,434.70001220703125,423.54998779296875,434.70001220703125,618203
2013-02-26,392.5661315917969,422.25,427.45001220703125,420.70001220703125,425.29998779296875,526337
2013-02-27,396.4244079589844,426.3999938964844,427.8999938964844,418.0,422.20001220703125,843374
2013-02-28,383.03668212890625,412.0,431.29998779296875,407.54998779296875,427.8999938964844,1256944
2013-03-01,372.7635498046875,400.95001220703125,413.95001220703125,397.6000061035156,412.1000061035156,1388906
2013-03-04,372.80999755859375,401.0,402.3999938964844,390.20001220703125,399.0,1628881
2013-03-05,381.7816467285156,410.6499938964844,413.1499938964844,395.0,401.5,1487746
2013-03-06,385.87225341796875,415.04998779296875,420.5,412.8999938964844,414.0,1186780
2013-03-07,390.5207824707031,420.04998779296875,420.8999938964844,413.0,419.0,1099167
2013-03-08,405.48895263671875,436.1499938964844,438.0,415.6000061035156,418.25,2199395
2013-03-11,406.32574462890625,437.04998779296875,440.5,434.75,437.8999938964844,989106
2013-03-12,401.2589111328125,431.6000061035156,438.29998779296875,423.6499938964844,438.0,891608
2013-03-13,393.3564147949219,423.1000061035156,431.1000061035156,419.6000061035156,428.8999938964844,843879
2013-03-14,400.84051513671875,431.1499938964844,433.0,415.20001220703125,415.20001220703125,914696
2013-03-15,391.72943115234375,421.3500061035156,439.5,418.3999938964844,431.20001220703125,1358550
2013-03-18,385.9652404785156,415.1499938964844,420.79998779296875,411.70001220703125,419.70001220703125,1096138
2013-03-19,380.4800720214844,409.25,418.1000061035156,405.0,416.1000061035156,2217352
2013-03-20,375.2737121582031,403.6499938964844,410.5,395.79998779296875,408.0,1220686
2013-03-21,377.8768310546875,406.45001220703125,415.0,401.3999938964844,403.54998779296875,1488526
2013-03-22,372.2056884765625,400.3500061035156,410.5,398.04998779296875,407.54998779296875,2051945
2013-03-25,364.48919677734375,392.04998779296875,410.0,389.1499938964844,410.0,2013156
2013-03-26,371.5549011230469,399.6499938964844,405.5,381.5,392.04998779296875,1527414
2013-03-28,376.24993896484375,404.70001220703125,409.5,395.25,397.8500061035156,2930431
2013-04-01,386.4766540527344,415.70001220703125,417.8999938964844,403.6000061035156,407.5,1441489
2013-04-02,395.26226806640625,425.1499938964844,426.3500061035156,410.5,416.79998779296875,1371437
2013-04-03,390.98565673828125,420.54998779296875,428.5,418.04998779296875,423.54998779296875,1288595
2013-04-04,376.6682434082031,405.1499938964844,418.20001220703125,402.04998779296875,418.20001220703125,2162736
2013-04-05,372.6705322265625,400.8500061035156,405.29998779296875,398.1499938964844,404.1000061035156,1357287
2013-04-08,365.83721923828125,393.5,406.79998779296875,392.6000061035156,400.6000061035156,1898773
2013-04-09,362.8157043457031,390.25,402.29998779296875,388.5,397.8999938964844,1325954
2013-04-10,359.9336853027344,387.1499938964844,393.1499938964844,383.04998779296875,390.95001220703125,2785331
2013-04-11,372.9960021972656,401.20001220703125,404.1499938964844,388.5,392.0,2565069
2013-04-12,372.3916931152344,400.54998779296875,403.8999938964844,393.70001220703125,398.0,2765801
2013-04-15,373.69329833984375,401.95001220703125,408.5,400.0,404.20001220703125,1300962
2013-04-16,387.9176025390625,417.25,421.8999938964844,403.5,404.8500061035156,2561442
2013-04-17,390.1024475097656,419.6000061035156,423.75,410.25,422.70001220703125,1071016
2013-04-18,418.69073486328125,450.3500061035156,456.0,417.20001220703125,423.0,5512207
2013-04-22,433.6124267578125,466.3999938964844,471.8999938964844,451.1000061035156,451.1000061035156,4233365
2013-04-23,428.7314758300781,461.1499938964844,467.5,450.6000061035156,467.5,2117529
2013-04-25,434.96051025390625,467.8500061035156,478.5,460.95001220703125,463.25,3011657
2013-04-26,425.94244384765625,458.1499938964844,467.45001220703125,453.0,467.45001220703125,2336599
2013-04-29,444.1180725097656,477.70001220703125,484.20001220703125,448.70001220703125,457.5,2814078
2013-04-30,434.8675231933594,467.75,480.0,466.1000061035156,479.0,1179396
2013-05-02,439.5625305175781,472.79998779296875,476.70001220703125,465.0,467.0,1157355
2013-05-03,435.14642333984375,468.04998779296875,476.3999938964844,457.8500061035156,473.20001220703125,1386740
2013-05-06,441.14300537109375,474.5,476.54998779296875,456.6499938964844,465.5,1621140
2013-05-07,450.8118896484375,484.8999938964844,494.6499938964844,473.1000061035156,476.5,2141462
2013-05-08,458.5283508300781,493.20001220703125,495.0,483.95001220703125,484.5,2039165
2013-05-09,454.53070068359375,488.8999938964844,495.0,487.45001220703125,494.0,1567833
2013-05-10,470.1031799316406,505.6499938964844,509.5,488.8999938964844,489.0,2592210
2013-05-13,458.4819641113281,493.1499938964844,508.6000061035156,491.3999938964844,507.95001220703125,1799085
2013-05-14,455.8323059082031,490.29998779296875,496.95001220703125,487.1000061035156,493.5,765284
2013-05-15,477.9126892089844,514.0499877929688,516.5,492.1000061035156,495.20001220703125,2091125
2013-05-16,487.6745910644531,524.5499877929688,527.2999877929688,509.25,511.25,1940442
2013-05-17,475.17010498046875,511.1000061035156,524.4500122070312,506.04998779296875,524.0,1790256
2013-05-20,466.52386474609375,501.79998779296875,519.5,499.5,513.0,1230538
2013-05-21,461.4105224609375,496.29998779296875,507.79998779296875,494.0,502.25,810945
2013-05-22,459.5510559082031,494.29998779296875,504.3999938964844,489.3500061035156,498.29998779296875,1416886
2013-05-23,456.5760803222656,491.1000061035156,499.6499938964844,484.8500061035156,492.0,1238524
2013-05-24,463.2234191894531,498.25,502.0,487.0,498.8999938964844,706236
2013-05-27,492.1370544433594,529.3499755859375,531.5,496.95001220703125,497.0,2357861
2013-05-28,486.2335205078125,523.0,531.9000244140625,518.0499877929688,530.0,1039356
2013-05-29,480.51580810546875,516.8499755859375,525.0,514.2999877929688,521.7999877929688,874714
2013-05-30,491.67218017578125,528.8499755859375,531.7000122070312,512.6500244140625,512.6500244140625,1267557
2013-05-31,480.9341735839844,517.2999877929688,526.7999877929688,512.9500122070312,526.7999877929688,588014
2013-06-03,474.054443359375,509.8999938964844,525.4000244140625,501.45001220703125,520.0,1412889
2013-06-04,473.5895690917969,509.3999938964844,519.7999877929688,506.5,509.0,770478
2013-06-05,476.2392272949219,512.25,519.0,502.70001220703125,505.25,927599
2013-06-06,473.86846923828125,509.70001220703125,515.4500122070312,504.1000061035156,510.0,1055016
2013-06-07,471.497802734375,507.1499938964844,513.0,505.04998779296875,506.04998779296875,708581
2013-06-10,460.6202697753906,495.45001220703125,512.0,492.3999938964844,503.6499938964844,1023103
2013-06-11,443.3742980957031,476.8999938964844,495.0,471.6499938964844,495.0,1827166
2013-06-12,457.9706726074219,492.6000061035156,497.79998779296875,474.0,480.0,1015978
2013-06-13,454.4377136230469,488.79998779296875,493.70001220703125,481.04998779296875,488.0,810475
2013-06-14,448.2087707519531,482.1000061035156,492.8500061035156,477.54998779296875,491.70001220703125,1758294
2013-06-17,454.7574462890625,486.1000061035156,488.5,469.5,479.29998779296875,1074238
2013-06-18,446.8055114746094,477.6000061035156,486.75,473.0,485.3999938964844,647101
2013-06-19,447.60064697265625,478.45001220703125,482.0,471.75,477.0,700024
2013-06-20,420.283447265625,449.25,472.0,446.1000061035156,472.0,1455164
2013-06-21,434.363037109375,464.29998779296875,468.3999938964844,440.3500061035156,447.5,1846376
2013-06-24,424.44647216796875,453.70001220703125,465.8999938964844,449.0,462.45001220703125,1505334
2013-06-25,441.2859191894531,471.70001220703125,479.79998779296875,449.0,453.0,1835731
2013-06-26,425.84979248046875,455.20001220703125,475.5,452.0,475.0,1511583
2013-06-27,426.270751953125,455.6499938964844,464.0,449.25,462.0,1383441
2013-06-28,437.3099365234375,467.45001220703125,469.95001220703125,454.45001220703125,463.1000061035156,1760619
2013-07-01,441.5198059082031,471.95001220703125,481.8999938964844,465.0,466.5,1003751
2013-07-02,445.7295837402344,476.45001220703125,478.79998779296875,466.8500061035156,469.1000061035156,963654
2013-07-03,437.1227722167969,467.25,477.0,463.1000061035156,472.79998779296875,689427
2013-07-04,441.84722900390625,472.29998779296875,485.0,468.54998779296875,468.54998779296875,1593383
2013-07-05,444.41986083984375,475.04998779296875,479.0,465.3999938964844,475.25,1033634
2013-07-08,460.464111328125,492.20001220703125,494.70001220703125,468.0,473.0,2004937
2013-07-09,471.0355224609375,503.5,507.0,496.0,496.0,1443282
2013-07-10,463.97222900390625,495.95001220703125,513.4000244140625,490.54998779296875,508.0,3378634
2013-07-11,477.7712707519531,510.70001220703125,516.7999877929688,503.29998779296875,507.0,2233280
2013-07-12,470.42742919921875,502.8500061035156,513.5999755859375,499.3999938964844,513.0,1328001
2013-07-15,473.70172119140625,506.3500061035156,509.75,499.54998779296875,502.04998779296875,667294
2013-07-16,436.3276062011719,466.3999938964844,489.0,461.1000061035156,489.0,2917668
2013-07-17,424.63360595703125,453.8999938964844,471.95001220703125,441.20001220703125,471.95001220703125,3539319
2013-07-18,435.0178527832031,465.0,470.45001220703125,454.45001220703125,457.0,4039242
2013-07-19,416.30743408203125,445.0,465.0,440.20001220703125,465.0,3204539
2013-07-22,429.4514465332031,459.04998779296875,462.6000061035156,441.54998779296875,445.0,1812575
2013-07-23,433.1000671386719,462.95001220703125,471.0,460.6000061035156,466.5,1689821
2013-07-24,396.2404479980469,423.54998779296875,450.3500061035156,419.5,449.8500061035156,5520199
2013-07-25,395.21142578125,422.45001220703125,431.95001220703125,419.95001220703125,423.6000061035156,3598704
2013-07-26,393.0596923828125,420.1499938964844,430.1499938964844,404.1000061035156,429.5,2335051
2013-07-29,385.856201171875,412.45001220703125,425.75,408.1499938964844,420.25,2008750
2013-07-30,372.9927673339844,398.70001220703125,420.79998779296875,393.6499938964844,415.0,3632814
2013-07-31,362.46820068359375,387.45001220703125,395.0,367.79998779296875,395.0,3026323
2013-08-01,367.6134948730469,392.95001220703125,398.6000061035156,368.1000061035156,391.95001220703125,3827048
2013-08-02,365.27471923828125,390.45001220703125,406.5,380.3500061035156,398.5,3145030
2013-08-05,365.6956481933594,390.8999938964844,401.8500061035156,379.3500061035156,398.8999938964844,1846081
2013-08-06,336.9283752441406,360.1499938964844,386.1000061035156,353.0,382.6499938964844,2679728
2013-08-07,348.15460205078125,372.1499938964844,378.6499938964844,355.1499938964844,362.0,3843246
2013-08-08,351.0080261230469,375.20001220703125,377.5,361.25,372.1000061035156,1440010
2013-08-12,348.8562316894531,372.8999938964844,389.0,358.0,372.54998779296875,2173435
2013-08-13,359.4744567871094,384.25,387.79998779296875,364.6499938964844,367.79998779296875,2019325
2013-08-14,356.1065368652344,380.6499938964844,392.20001220703125,373.54998779296875,384.0,2330603
2013-08-16,333.4201354980469,356.3999938964844,378.0,348.0,373.5,3173412
2013-08-19,318.03082275390625,339.95001220703125,357.95001220703125,334.3999938964844,350.0,3279735
2013-08-20,315.5516662597656,337.29998779296875,351.3500061035156,311.5,330.0,5187529
2013-08-21,335.712158203125,358.8500061035156,383.70001220703125,354.0,364.70001220703125,8113368
2013-08-22,342.77532958984375,366.3999938964844,370.3500061035156,345.25,351.0,6411982
2013-08-23,346.28363037109375,370.1499938964844,374.0,358.6499938964844,369.0,5521984
2013-08-26,350.39990234375,374.54998779296875,383.0,368.95001220703125,375.0,3088890
2013-08-27,322.9891357421875,345.25,369.0,337.6000061035156,369.0,3429668
2013-08-28,322.334228515625,344.54998779296875,352.5,318.0,338.79998779296875,6941686
2013-08-29,330.2861328125,353.04998779296875,358.5,338.25,351.20001220703125,2654131
2013-08-30,333.74761962890625,356.75,368.0,345.0,350.54998779296875,2433451
2013-09-02,356.48077392578125,381.04998779296875,383.3500061035156,357.95001220703125,357.95001220703125,2228734
2013-09-03,325.9360046386719,348.3999938964844,385.0,342.5,385.0,3305740
2013-09-04,343.2431640625,366.8999938964844,374.79998779296875,344.0,351.0,3966778
2013-09-05,371.8700866699219,397.5,415.0,380.3999938964844,380.3999938964844,8526456
2013-09-06,386.6046142578125,413.25,415.8999938964844,387.54998779296875,401.8500061035156,4101301
2013-09-10,383.33026123046875,409.75,435.6000061035156,403.1499938964844,425.0,3472659
2013-09-11,392.7322692871094,419.79998779296875,422.45001220703125,401.0,404.54998779296875,3246382
2013-09-12,371.49591064453125,397.1000061035156,423.79998779296875,391.3500061035156,420.3500061035156,2377014
2013-09-13,374.302490234375,400.1000061035156,405.0,388.1000061035156,394.0,2837980
2013-09-16,387.7272644042969,414.45001220703125,421.70001220703125,402.54998779296875,409.95001220703125,3299336
2013-09-17,375.75250244140625,401.6499938964844,412.5,397.1000061035156,412.5,2719459
2013-09-18,385.71588134765625,412.29998779296875,415.0,395.20001220703125,404.8999938964844,2757792
2013-09-19,406.3908996582031,434.3999938964844,474.1000061035156,430.0,436.0,12156937
2013-09-20,384.9674072265625,411.5,437.0,387.3500061035156,436.70001220703125,6557339
2013-09-23,361.1116638183594,386.0,409.5,384.0,398.0,2591710
2013-09-24,363.1697998046875,388.20001220703125,395.6000061035156,379.70001220703125,380.6499938964844,2528183
2013-09-25,358.7260437011719,383.45001220703125,393.45001220703125,376.5,392.8999938964844,2144586
2013-09-26,358.6792907714844,383.3999938964844,391.8500061035156,376.79998779296875,388.0,4261623
2013-09-27,351.4289245605469,375.6499938964844,389.75,372.0,389.75,1781898
2013-09-30,344.973876953125,368.75,375.0,361.70001220703125,372.0,2082095
2013-10-01,358.3518371582031,383.04998779296875,386.5,366.5,371.0,2265975
2013-10-03,373.3669128417969,399.1000061035156,405.0,384.54998779296875,386.6000061035156,2984315
2013-10-04,370.6539611816406,396.20001220703125,404.20001220703125,391.0,395.0,2324909
2013-10-07,371.58953857421875,397.20001220703125,399.8999938964844,385.1000061035156,394.29998779296875,1800072
2013-10-08,375.1444091796875,401.0,428.8999938964844,398.0,428.8999938964844,3766564
2013-10-09,384.4996337890625,411.0,414.8999938964844,390.1000061035156,394.70001220703125,3557219
2013-10-10,388.66278076171875,415.45001220703125,419.79998779296875,406.5,410.95001220703125,2506328
2013-10-11,400.4035339355469,428.0,429.79998779296875,415.5,423.3500061035156,2607130
2013-10-14,399.9357604980469,427.5,440.0,421.54998779296875,433.95001220703125,8169553
2013-10-15,381.1785888671875,407.45001220703125,432.0,405.0,431.0,4149958
2013-10-17,364.05853271484375,389.1499938964844,410.0,386.45001220703125,410.0,4637522
2013-10-18,386.9788818359375,413.6499938964844,414.95001220703125,392.6000061035156,393.0,3895239
2013-10-21,398.0647277832031,425.5,428.6000061035156,410.70001220703125,415.1000061035156,3404948
2013-10-22,398.2051086425781,425.6499938964844,429.6000061035156,418.6499938964844,426.0,2278709
2013-10-23,399.9357604980469,427.5,432.79998779296875,422.0,425.20001220703125,2423549
2013-10-24,399.6083984375,427.1499938964844,433.6000061035156,421.1000061035156,421.1000061035156,1802601
2013-10-25,397.45660400390625,424.8500061035156,428.8999938964844,417.20001220703125,423.1000061035156,2120328
2013-10-28,385.6690673828125,412.25,429.95001220703125,410.5,427.3500061035156,2647268
2013-10-29,407.0924987792969,435.1499938964844,438.0,402.6000061035156,411.1000061035156,3912100
2013-10-30,418.3656005859375,447.20001220703125,453.29998779296875,434.25,438.04998779296875,3246632
2013-10-31,416.8687744140625,445.6000061035156,450.70001220703125,441.25,448.0,1663042
2013-11-01,420.1898498535156,449.1499938964844,455.95001220703125,442.1000061035156,443.0,1811465
2013-11-05,425.335205078125,454.6499938964844,460.0,442.20001220703125,445.0,1863758
2013-11-06,414.62347412109375,443.20001220703125,452.8999938964844,440.6000061035156,452.8999938964844,1042985
2013-11-07,400.7778015136719,428.3999938964844,444.70001220703125,427.04998779296875,443.5,1816618
2013-11-08,400.8245849609375,428.45001220703125,433.0,423.04998779296875,428.5,1580186
2013-11-11,387.7272644042969,414.45001220703125,425.75,408.29998779296875,421.20001220703125,1881535
2013-11-12,387.914306640625,414.6499938964844,432.3500061035156,411.75,415.3999938964844,1842612
2013-11-13,377.2493896484375,403.25,416.45001220703125,398.0,413.70001220703125,3499006
2013-11-14,384.8739013671875,411.3999938964844,421.75,409.04998779296875,412.0,1575820
2013-11-18,392.5451965332031,419.6000061035156,424.0,410.5,417.5,1708568
2013-11-19,402.92950439453125,430.70001220703125,431.95001220703125,418.0,419.0,2017863
2013-11-20,393.0596923828125,420.1499938964844,429.95001220703125,418.1000061035156,428.0,1338612
2013-11-21,376.9219055175781,402.8999938964844,417.0,400.0,416.3999938964844,2613409
2013-11-22,381.08502197265625,407.3500061035156,412.8999938964844,405.29998779296875,405.29998779296875,2098483
2013-11-25,392.9194030761719,420.0,422.79998779296875,409.29998779296875,409.29998779296875,1794972
2013-11-26,385.9029235839844,412.5,425.5,411.0,420.3999938964844,1631482
2013-11-27,383.61090087890625,410.04998779296875,416.5,404.25,413.54998779296875,1533846
2013-11-28,390.5805358886719,417.5,421.0,410.5,414.20001220703125,1792494
2013-11-29,394.9775390625,422.20001220703125,425.0,417.79998779296875,417.79998779296875,1346558
2013-12-02,405.4554443359375,433.3999938964844,435.54998779296875,422.20001220703125,425.3999938964844,1845832
2013-12-03,398.11151123046875,425.54998779296875,433.75,424.1499938964844,433.75,1463179
2013-12-04,399.28094482421875,426.79998779296875,431.0,421.1000061035156,422.5,1277047
2013-12-05,410.553955078125,438.8500061035156,442.29998779296875,431.8999938964844,435.0,2484619
2013-12-06,417.47686767578125,446.25,448.5,437.8500061035156,441.8999938964844,1758736
2013-12-09,436.655029296875,466.75,472.6000061035156,455.0,461.0,2975182
2013-12-10,423.6044921875,452.79998779296875,467.3500061035156,449.0,466.0,1719053
2013-12-11,416.77520751953125,445.5,451.0,438.04998779296875,449.6000061035156,1795277
2013-12-12,405.6424560546875,433.6000061035156,447.3500061035156,429.20001220703125,445.0,1938161
2013-12-13,389.87896728515625,416.75,428.0,412.5,427.0,2559982
2013-12-16,389.083740234375,415.8999938964844,422.6000061035156,409.1499938964844,415.3500061035156,1368811
2013-12-17,387.7272644042969,414.45001220703125,422.3999938964844,411.54998779296875,419.29998779296875,1812860
2013-12-18,401.66656494140625,429.3500061035156,433.8999938964844,412.6000061035156,414.3999938964844,3858592
2013-12-19,395.5856628417969,422.8500061035156,435.0,413.25,435.0,3258108
2013-12-20,397.45660400390625,424.8500061035156,427.25,416.79998779296875,420.6000061035156,1852050
2013-12-23,402.9761657714844,430.75,434.0,422.5,422.5,1475724
2013-12-24,396.3340759277344,423.6499938964844,433.1000061035156,422.54998779296875,432.0,1018128
2013-12-26,392.7322692871094,419.79998779296875,429.25,416.79998779296875,427.3999938964844,1479040
2013-12-27,394.8371887207031,422.04998779296875,424.8999938964844,420.25,422.0,770831
2013-12-30,390.62738037109375,417.54998779296875,425.8999938964844,416.5,424.8500061035156,935426
2013-12-31,393.57427978515625,420.70001220703125,422.5,416.0,416.0,565994
2014-01-01,396.05340576171875,423.3500061035156,424.6000061035156,421.3500061035156,422.6000061035156,436060
2014-01-02,386.4175109863281,413.04998779296875,432.8999938964844,410.6000061035156,423.5,1488105
2014-01-03,387.2127380371094,413.8999938964844,415.5,406.6000061035156,413.0,1744494
2014-01-06,386.6513671875,413.29998779296875,415.0,409.1000061035156,414.1499938964844,1053536
2014-01-07,391.8434753417969,418.8500061035156,421.5,411.0,418.0,1751684
2014-01-08,394.6968078613281,421.8999938964844,426.5,420.29998779296875,423.5,1438845
2014-01-09,389.9257507324219,416.79998779296875,423.3500061035156,411.95001220703125,423.29998779296875,1444817
2014-01-10,379.728515625,405.8999938964844,428.5,402.3999938964844,421.95001220703125,6439413
2014-01-13,386.46429443359375,413.1000061035156,415.5,401.45001220703125,406.0,2578191
2014-01-14,391.8434753417969,418.8500061035156,420.95001220703125,410.8999938964844,411.0,1651642
2014-01-15,397.55023193359375,424.95001220703125,425.8999938964844,419.0,420.1000061035156,1604906
2014-01-16,401.0585021972656,428.70001220703125,429.6499938964844,424.3999938964844,425.6000061035156,1392236
2014-01-17,396.05340576171875,423.3500061035156,429.5,421.0,428.70001220703125,1164331
2014-01-20,405.6424560546875,433.6000061035156,437.0,420.54998779296875,422.8999938964844,1078601
2014-01-21,405.82958984375,433.79998779296875,440.0,430.6000061035156,436.20001220703125,1291285
2014-01-22,406.25054931640625,434.25,438.0,430.8999938964844,431.6499938964844,908648
2014-01-23,401.993896484375,429.70001220703125,435.45001220703125,427.54998779296875,432.0,1049336
2014-01-24,388.0079040527344,414.75,431.5,414.04998779296875,425.5,2127724
2014-01-27,369.81201171875,395.29998779296875,410.1000061035156,392.6000061035156,405.29998779296875,3637896
2014-01-28,364.71337890625,389.8500061035156,400.3500061035156,377.6000061035156,397.5,3241962
2014-01-29,355.7790832519531,380.29998779296875,398.0,378.54998779296875,396.0,1703617
2014-01-30,354.04840087890625,378.45001220703125,380.29998779296875,369.5,376.0,3221639
2014-01-31,359.0534973144531,383.79998779296875,385.54998779296875,378.95001220703125,378.95001220703125,1575659
2014-02-03,357.6501770019531,382.29998779296875,384.95001220703125,377.70001220703125,380.45001220703125,809570
2014-02-04,362.8891296386719,387.8999938964844,389.6000061035156,372.20001220703125,378.1000061035156,1783912
2014-02-05,369.0635681152344,394.5,395.3500061035156,386.29998779296875,387.5,1836383
2014-02-06,365.46173095703125,390.6499938964844,398.25,386.0,394.0,1223712
2014-02-07,363.5906982421875,388.6499938964844,397.5,385.29998779296875,395.0,1428673
2014-02-10,359.9889831542969,384.79998779296875,392.79998779296875,383.3999938964844,389.1499938964844,719987
2014-02-11,361.5325927734375,386.45001220703125,390.0,384.29998779296875,384.8999938964844,717541
2014-02-12,360.59710693359375,385.45001220703125,391.0,384.6000061035156,390.20001220703125,919601
2014-02-13,349.83856201171875,373.95001220703125,386.70001220703125,372.25,386.1000061035156,1003217
2014-02-14,352.5983581542969,376.8999938964844,381.3500061035156,371.75,376.29998779296875,1410332
2014-02-17,357.1355895996094,381.75,384.0,375.0,376.1000061035156,1047736
2014-02-18,364.1053161621094,389.20001220703125,391.5,377.8999938964844,378.04998779296875,1763389
2014-02-19,367.56671142578125,392.8999938964844,394.70001220703125,388.29998779296875,389.25,1498154
2014-02-20,359.70831298828125,384.5,392.1000061035156,383.29998779296875,389.0,3540155
2014-02-21,366.7715148925781,392.04998779296875,394.20001220703125,384.6000061035156,384.6000061035156,1147452
2014-02-24,373.3669128417969,399.1000061035156,401.29998779296875,387.0,390.0,2077167
2014-02-25,376.68804931640625,402.6499938964844,406.75,397.6499938964844,403.95001220703125,1853952
2014-02-26,370.2797546386719,395.79998779296875,403.5,394.29998779296875,402.0,1000077
2014-02-28,371.8700866699219,397.5,404.20001220703125,392.0,397.5,1337890
2014-03-03,366.9586486816406,392.25,403.75,390.3500061035156,397.0,903952
2014-03-04,384.68682861328125,411.20001220703125,413.0,391.5,391.5,2110860
2014-03-05,389.1305236816406,415.95001220703125,421.3999938964844,409.0,415.0,1885593
2014-03-06,393.714599609375,420.8500061035156,424.5,416.0,417.79998779296875,1766045
2014-03-07,415.4654846191406,444.1000061035156,452.6000061035156,422.5,422.5,4034650
2014-03-10,438.43255615234375,468.6499938964844,470.8999938964844,442.1000061035156,445.70001220703125,4924045
2014-03-11,443.0633850097656,473.6000061035156,477.95001220703125,460.0,470.20001220703125,2898887
2014-03-12,439.4148254394531,469.70001220703125,474.25,459.79998779296875,474.25,2039528
2014-03-13,438.94708251953125,469.20001220703125,479.8500061035156,464.75,472.20001220703125,2171476
2014-03-14,437.96478271484375,468.1499938964844,470.0,456.1000061035156,462.0,1858887
2014-03-18,451.71697998046875,482.8500061035156,484.70001220703125,470.0,470.0,3507136
2014-03-19,448.3958435058594,479.29998779296875,484.8999938964844,476.29998779296875,484.0,1470017
2014-03-20,438.71319580078125,468.95001220703125,483.0,467.8500061035156,482.0,1348600
2014-03-21,441.0520324707031,471.45001220703125,477.8999938964844,469.6000061035156,472.8999938964844,1458528
2014-03-24,458.68658447265625,490.29998779296875,493.5,475.0,475.0,3390514
2014-03-25,454.7574462890625,486.1000061035156,494.45001220703125,484.79998779296875,494.45001220703125,2615164
2014-03-26,458.68658447265625,490.29998779296875,497.79998779296875,485.75,490.1000061035156,2581666
2014-03-27,459.94952392578125,491.6499938964844,494.5,487.54998779296875,489.75,2170348
2014-03-28,469.11773681640625,501.45001220703125,509.5,493.0,495.0,2065347
2014-03-31,469.4918518066406,501.8500061035156,508.45001220703125,496.1499938964844,505.0,1905650
2014-04-01,467.05950927734375,499.25,504.0,491.54998779296875,502.95001220703125,1149446
2014-04-02,475.4324645996094,508.20001220703125,509.8999938964844,493.6499938964844,502.0,1991703
2014-04-03,463.6916198730469,495.6499938964844,508.5,493.5,508.5,1599787
2014-04-04,468.5563659667969,500.8500061035156,503.5,494.04998779296875,494.6000061035156,3169896
2014-04-07,465.7497863769531,497.8500061035156,505.3500061035156,495.75,500.8500061035156,1136853
2014-04-09,483.5246887207031,516.8499755859375,518.5,498.3500061035156,503.29998779296875,2384220
2014-04-10,479.174560546875,512.2000122070312,520.5,508.1000061035156,517.0,1620315
2014-04-11,458.5462951660156,490.1499938964844,504.70001220703125,488.3500061035156,502.6499938964844,1451648
2014-04-15,452.0912170410156,483.25,496.8500061035156,479.3999938964844,494.0,1027632
2014-04-16,455.7397155761719,487.1499938964844,495.0,483.3999938964844,485.1000061035156,3374626
2014-04-17,466.7789001464844,498.95001220703125,504.1000061035156,486.95001220703125,491.79998779296875,2147605
2014-04-21,473.74853515625,506.3999938964844,508.3500061035156,495.20001220703125,500.0,1141176
2014-04-22,465.79656982421875,497.8999938964844,507.45001220703125,494.5,506.0,1236478
2014-04-23,465.328857421875,497.3999938964844,502.8999938964844,491.20001220703125,495.20001220703125,2484935
2014-04-24,465.328857421875,497.3999938964844,497.3999938964844,497.3999938964844,497.3999938964844,0
2014-04-25,463.4109802246094,495.3500061035156,507.6499938964844,493.0,496.25,1701681
2014-04-28,462.0077209472656,493.8500061035156,499.0,488.75,497.8999938964844,1115291
2014-04-29,454.0089416503906,485.29998779296875,498.8999938964844,483.70001220703125,495.0,1443629
2014-04-30,447.5071105957031,478.3500061035156,492.79998779296875,473.70001220703125,486.3999938964844,1391554
2014-05-02,445.82318115234375,476.54998779296875,487.0,472.70001220703125,480.6000061035156,1233076
2014-05-05,449.37811279296875,480.3500061035156,484.8999938964844,471.0,478.3999938964844,1603848
2014-05-06,458.87371826171875,490.5,493.25,478.25,481.54998779296875,1387562
2014-05-07,460.83831787109375,492.6000061035156,497.25,485.8500061035156,487.29998779296875,1685631
2014-05-08,459.0608215332031,490.70001220703125,496.54998779296875,489.04998779296875,495.29998779296875,1096156
2014-05-09,480.3907165527344,513.5,517.9000244140625,488.6000061035156,490.70001220703125,2179187
2014-05-12,487.6878356933594,521.2999877929688,536.0,512.4000244140625,518.0,2569167
2014-05-13,499.8028869628906,534.25,544.7999877929688,523.5,531.0,1977628
2014-05-14,502.42230224609375,537.0499877929688,540.5,527.9000244140625,533.9500122070312,1313340
2014-05-15,499.8963317871094,534.3499755859375,546.25,532.0,532.0,1560960
2014-05-16,525.7167358398438,561.9500122070312,587.0,544.0499877929688,550.0,3007891
2014-05-19,524.1264038085938,560.25,583.3499755859375,556.5999755859375,562.0999755859375,1893969
2014-05-20,520.150390625,556.0,572.5499877929688,548.1500244140625,569.0,2065575
2014-05-21,523.939208984375,560.0499877929688,570.0,546.4000244140625,559.7999877929688,1937799
2014-05-22,530.908935546875,567.5,573.2000122070312,552.8499755859375,564.0,1627738
2014-05-23,524.687744140625,560.8499755859375,581.0,554.0499877929688,570.0,2330579
2014-05-26,514.5840454101562,550.0499877929688,571.7999877929688,540.4500122070312,568.0,1977780
2014-05-27,519.589111328125,555.4000244140625,561.4500122070312,540.0,549.0,1439765
2014-05-28,518.5599975585938,554.2999877929688,563.7999877929688,550.0999755859375,555.0,952791
2014-05-29,507.75482177734375,542.75,559.9500122070312,541.0,554.5499877929688,1726648
2014-05-30,499.522216796875,533.9500122070312,551.9500122070312,528.5999755859375,547.9000244140625,1154455
2014-06-02,516.782470703125,552.4000244140625,554.3499755859375,531.0,532.0999755859375,1212526
2014-06-03,506.5852966308594,541.5,554.9000244140625,536.5,553.0,1082946
2014-06-04,505.228759765625,540.0499877929688,548.0,538.0,540.0999755859375,596415
2014-06-05,498.6334533691406,533.0,543.1500244140625,531.5499877929688,537.9000244140625,958473
2014-06-06,510.1402587890625,545.2999877929688,547.7000122070312,534.3499755859375,537.3499755859375,1125599
2014-06-09,521.226318359375,557.1500244140625,561.0,548.0,548.0,1196862
2014-06-10,522.3021240234375,558.2999877929688,560.7999877929688,547.0,557.5,809142
2014-06-11,521.8344116210938,557.7999877929688,571.6500244140625,545.0,557.0,2240823
2014-06-12,516.4551391601562,552.0499877929688,557.0,545.0,557.0,431081
2014-06-13,502.0481262207031,536.6500244140625,557.0,533.7000122070312,554.9500122070312,637311
2014-06-16,503.27215576171875,534.4500122070312,546.6500244140625,520.6500244140625,535.0,1028057
2014-06-17,520.1279907226562,552.3499755859375,556.75,531.0,533.0,943205
2014-06-18,510.42889404296875,542.0499877929688,557.0499877929688,538.0,555.0,793566
2014-06-19,524.7892456054688,557.2999877929688,560.0,538.0,544.7000122070312,1800038
2014-06-20,523.09423828125,555.5,559.0,550.3499755859375,558.0,1215250
2014-06-23,534.3471069335938,567.4500122070312,569.9000244140625,556.0999755859375,556.0999755859375,1348982
2014-06-24,538.3963623046875,571.75,576.8499755859375,568.0999755859375,570.7999877929688,927637
2014-06-25,544.8466796875,578.5999755859375,582.0,567.0,574.9500122070312,1062983
2014-06-26,532.5579833984375,565.5499877929688,581.5999755859375,563.2999877929688,578.0,1924761
2014-06-27,538.4432373046875,571.7999877929688,573.5,564.0,566.5,591144
2014-06-30,538.3492431640625,571.7000122070312,577.2999877929688,569.5999755859375,573.8499755859375,743857
2014-07-01,541.8805541992188,575.4500122070312,577.0,569.0,574.1500244140625,1160823
2014-07-02,550.0257568359375,584.0999755859375,585.0,572.0,579.0,916904
2014-07-03,539.808837890625,573.25,587.0,571.0,585.0,576292
2014-07-04,536.2305297851562,569.4500122070312,577.8499755859375,557.0,575.0,926448
2014-07-07,523.51806640625,555.9500122070312,571.0,554.25,569.9000244140625,1093537
2014-07-08,518.950927734375,551.0999755859375,565.0,544.9500122070312,555.0499877929688,990112
2014-07-09,512.1710205078125,543.9000244140625,562.0,540.25,560.0,1791553
2014-07-10,504.8730163574219,536.1500244140625,555.6500244140625,532.2000122070312,544.8499755859375,1401352
2014-07-11,504.9671325683594,536.25,544.0,530.25,536.1500244140625,1244271
2014-07-14,504.8259582519531,536.0999755859375,541.5999755859375,530.2000122070312,534.0999755859375,933715
2014-07-15,508.45135498046875,539.9500122070312,543.2999877929688,532.8499755859375,540.2999877929688,606338
2014-07-16,508.8280944824219,540.3499755859375,545.9000244140625,534.25,543.0,930425
2014-07-17,505.5793762207031,536.9000244140625,544.25,535.0,540.0,790020
2014-07-18,510.7113342285156,542.3499755859375,544.0999755859375,527.0999755859375,534.0,1110616
2014-07-21,527.0963745117188,559.75,568.75,543.0,543.0,1674032
2014-07-22,525.5426635742188,558.0999755859375,565.3499755859375,552.0,564.0,858090
2014-07-23,523.376708984375,555.7999877929688,563.4000244140625,551.0999755859375,560.0,658514
2014-07-24,519.5629272460938,551.75,558.3499755859375,547.0999755859375,557.0,690087
2014-07-25,517.9151611328125,550.0,558.5499877929688,543.2999877929688,549.4500122070312,569208
2014-07-28,519.280517578125,551.4500122070312,558.4000244140625,548.5999755859375,551.75,527177
2014-07-30,530.7216796875,563.5999755859375,565.0,545.9000244140625,552.1500244140625,680088
2014-07-31,526.8609008789062,559.5,572.0,556.3499755859375,562.0,1039377
2014-08-01,516.5966796875,548.5999755859375,564.0,544.8499755859375,556.0,561037
2014-08-04,522.43505859375,554.7999877929688,560.0,547.7999877929688,549.75,534723
2014-08-05,522.67041015625,555.0499877929688,557.5,547.25,553.0,432351
2014-08-06,520.3634643554688,552.5999755859375,555.5999755859375,547.5,550.5499877929688,533624
2014-08-07,518.3388671875,550.4500122070312,555.5,548.2000122070312,548.25,341244
2014-08-08,505.86181640625,537.2000122070312,551.0,535.2999877929688,544.7000122070312,384425
2014-08-11,508.2159729003906,539.7000122070312,541.0,536.9000244140625,539.5,271885
2014-08-12,513.2069091796875,545.0,549.0,538.0,539.6500244140625,344857
2014-08-13,508.0747375488281,539.5499877929688,546.0999755859375,535.7999877929688,540.3499755859375,408388
2014-08-14,516.2671508789062,548.25,550.2000122070312,537.4500122070312,540.2000122070312,551976
2014-08-18,518.1505737304688,550.25,553.7000122070312,543.8499755859375,545.0,656550
2014-08-19,535.4771728515625,568.6500244140625,570.0,551.5,551.5,1264604
2014-08-20,535.2418212890625,568.4000244140625,573.4000244140625,561.2000122070312,572.7000122070312,590301
2014-08-21,534.9591674804688,568.0999755859375,574.75,565.0,569.0999755859375,670343
2014-08-22,536.7013549804688,569.9500122070312,574.0999755859375,567.3499755859375,569.4500122070312,440118
2014-08-25,534.1588745117188,567.25,583.0,565.0999755859375,569.1500244140625,848626
2014-08-26,529.591796875,562.4000244140625,571.5499877929688,557.5999755859375,563.0,496916
2014-08-27,543.7166748046875,577.4000244140625,580.7999877929688,561.0999755859375,565.0,412225
2014-08-28,551.2970581054688,585.4500122070312,587.9000244140625,578.0999755859375,584.2999877929688,770108
2014-09-01,571.4957275390625,606.9000244140625,614.7999877929688,586.5499877929688,586.5499877929688,1531844
2014-09-02,577.85205078125,613.6500244140625,620.4000244140625,609.0,610.0,1277709
2014-09-03,580.3473510742188,616.2999877929688,622.4000244140625,611.6500244140625,618.0,1459503
2014-09-04,574.1324462890625,609.7000122070312,617.0,603.0499877929688,615.9000244140625,592010
2014-09-05,577.42822265625,613.2000122070312,618.0999755859375,607.0,609.7999877929688,633231
2014-09-08,584.2081909179688,620.4000244140625,622.0,614.0,618.0,501130
2014-09-09,596.6853637695312,633.6500244140625,637.5999755859375,613.0,622.0,826742
2014-09-10,595.6494750976562,632.5499877929688,635.4000244140625,620.7000122070312,629.7999877929688,891497
2014-09-11,591.7416381835938,628.4000244140625,642.5,626.0,633.5499877929688,1075814
2014-09-12,594.4722290039062,631.2999877929688,633.9000244140625,625.0,633.0,393690
2014-09-15,586.9390258789062,623.2999877929688,627.4000244140625,620.0999755859375,627.4000244140625,366221
2014-09-16,582.4191284179688,618.5,637.4500122070312,612.0,621.0,1274041
2014-09-17,583.7373657226562,619.9000244140625,625.5,613.6500244140625,622.5499877929688,512933
2014-09-18,592.8243408203125,629.5499877929688,631.7999877929688,615.0,615.0,870506
2014-09-19,593.3424072265625,630.0999755859375,634.9000244140625,620.75,627.7000122070312,532173
2014-09-22,605.0661010742188,642.5499877929688,643.8499755859375,623.2999877929688,626.0,687450
2014-09-23,594.095703125,630.9000244140625,646.9500122070312,628.7000122070312,644.9500122070312,732144
2014-09-24,586.3740234375,622.7000122070312,632.5999755859375,616.0999755859375,630.0,618112
2014-09-25,575.8745727539062,611.5499877929688,630.7999877929688,604.0,620.0,939181
2014-09-26,588.0690307617188,624.5,628.3499755859375,610.2000122070312,612.0,1169117
2014-09-29,588.6812133789062,625.1500244140625,631.9000244140625,616.5999755859375,625.0,592490
2014-09-30,585.291015625,621.5499877929688,627.9000244140625,615.0,624.7999877929688,557826
2014-10-01,566.740234375,601.8499755859375,621.5,600.5999755859375,621.5,602106
2014-10-07,564.5275268554688,599.5,606.4000244140625,595.0999755859375,596.0,798852
2014-10-08,586.7506713867188,623.0999755859375,627.9000244140625,594.5,595.25,928741
2014-10-09,589.6228637695312,626.1500244140625,631.5499877929688,622.2999877929688,627.0,626240
2014-10-10,586.8919067382812,623.25,628.7999877929688,616.5499877929688,622.0,688989
2014-10-13,597.9094848632812,634.9500122070312,648.0,624.0,626.9000244140625,2955157
2014-10-14,611.8460083007812,649.75,654.0,640.4500122070312,644.5,1979225
2014-10-15,611.8460083007812,649.75,649.75,649.75,649.75,0
2014-10-16,607.70263671875,645.3499755859375,658.0,641.0,649.0,1604023
2014-10-17,622.298583984375,660.8499755859375,666.9000244140625,647.0,647.3499755859375,1666095
2014-10-20,628.3251953125,667.25,674.9000244140625,663.8499755859375,670.0499877929688,945873
2014-10-21,638.58935546875,678.1500244140625,679.7999877929688,663.0,668.0,752512
2014-10-22,644.051025390625,683.9500122070312,686.7999877929688,676.5,683.0999755859375,475609
2014-10-27,656.1513671875,696.7999877929688,708.5,691.9000244140625,692.0,1242535
2014-10-28,657.2342529296875,697.9500122070312,702.0,685.7000122070312,699.9000244140625,640727
2014-10-29,651.9608764648438,692.3499755859375,703.75,689.5499877929688,702.0,890168
2014-10-30,668.8167114257812,710.25,718.7000122070312,686.8499755859375,692.0,1773300
2014-10-31,678.092041015625,720.0999755859375,722.0,708.7000122070312,715.0,806832
2014-11-03,666.7921752929688,708.0999755859375,725.0,705.4000244140625,724.9000244140625,722814
2014-11-05,680.2108154296875,722.3499755859375,726.2999877929688,705.5,710.0,917214
2014-11-07,685.907958984375,728.4000244140625,731.5499877929688,717.1500244140625,724.0,891311
2014-11-10,682.2354125976562,724.5,734.0,721.0,729.0,590964
2014-11-11,678.3745727539062,720.4000244140625,729.9500122070312,718.7999877929688,728.5499877929688,913581
2014-11-12,685.2017822265625,727.6500244140625,729.0,720.25,725.0,1022775
2014-11-13,680.2108154296875,722.3499755859375,736.3499755859375,721.0,734.9500122070312,919911
2014-11-14,687.9325561523438,730.5499877929688,732.9000244140625,716.7999877929688,723.0,677172
2014-11-17,683.318359375,725.6500244140625,733.75,721.7000122070312,730.5499877929688,786713
2014-11-18,680.1636962890625,722.2999877929688,728.5999755859375,720.0,725.7999877929688,523280
2014-11-19,673.7603149414062,715.5,725.75,712.4000244140625,724.0,510425
2014-11-20,665.9446411132812,707.2000122070312,714.5,705.0,713.5499877929688,530861
2014-11-21,672.6304931640625,714.2999877929688,723.4000244140625,700.0999755859375,706.0,857091
2014-11-24,678.4217529296875,720.4500122070312,728.2000122070312,716.0999755859375,717.5,793534
2014-11-25,665.5679321289062,706.7999877929688,725.0,703.0,721.0,842882
2014-11-26,675.4553833007812,717.2999877929688,723.7999877929688,704.0,705.0,762998
2014-11-27,678.56298828125,720.5999755859375,725.7999877929688,712.0,715.7999877929688,1114645
2014-11-28,706.6716918945312,750.4500122070312,759.7999877929688,723.5,723.5,1660682
2014-12-01,727.8590698242188,772.9500122070312,776.0,745.5999755859375,751.9500122070312,1046556
2014-12-02,717.8773803710938,762.3499755859375,769.75,758.4000244140625,769.1500244140625,797540
2014-12-03,730.3544921875,775.5999755859375,784.5499877929688,762.0,764.0,997621
2014-12-04,738.6881103515625,784.4500122070312,790.0,758.7999877929688,772.0999755859375,827398
2014-12-05,741.3719482421875,787.2999877929688,795.2999877929688,781.2000122070312,790.0,1029452
2014-12-08,737.6522827148438,783.3499755859375,789.5,768.7000122070312,788.5999755859375,634004
2014-12-09,729.3185424804688,774.5,782.5499877929688,768.0999755859375,780.9000244140625,558503
2014-12-10,736.804931640625,782.4500122070312,787.7999877929688,770.9500122070312,776.0,556655
2014-12-11,732.1907348632812,777.5499877929688,785.2000122070312,771.25,782.9000244140625,537357
2014-12-12,733.2265014648438,778.6500244140625,786.2000122070312,774.8499755859375,778.0,417103
2014-12-15,736.8518676757812,782.5,799.25,771.0,775.0,1065160
2014-12-16,719.19580078125,763.75,789.5999755859375,761.1500244140625,780.5,969381
2014-12-17,715.5703125,759.9000244140625,770.9500122070312,752.2000122070312,761.5,1101172
2014-12-18,728.3770141601562,773.5,777.3499755859375,763.5,774.0,706968
2014-12-19,725.6460571289062,770.5999755859375,785.2000122070312,769.1500244140625,777.2000122070312,736723
2014-12-22,732.5673828125,777.9500122070312,782.0,764.0999755859375,772.0,484759
2014-12-23,740.5243530273438,786.4000244140625,789.0999755859375,770.9000244140625,781.7999877929688,526591
2014-12-24,738.7824096679688,784.5499877929688,793.7999877929688,780.0,792.9000244140625,766335
2014-12-26,738.6881103515625,784.4500122070312,789.5,777.75,786.9500122070312,442570
2014-12-29,737.9819946289062,783.7000122070312,791.9000244140625,782.0499877929688,787.0,280905
2014-12-30,745.8919067382812,792.0999755859375,794.4000244140625,775.0,784.0999755859375,609368
2014-12-31,755.63818359375,802.4500122070312,809.5,794.3499755859375,799.0,1270958
2015-01-01,764.6309814453125,812.0,814.7000122070312,798.4000244140625,803.4000244140625,819116
2015-01-02,768.3035278320312,815.9000244140625,823.3499755859375,812.0,816.0,640249
2015-01-05,771.3168334960938,819.0999755859375,821.7999877929688,812.0499877929688,818.0,336910
2015-01-06,751.824462890625,798.4000244140625,816.0,792.3499755859375,816.0,485801
2015-01-07,745.7506103515625,791.9500122070312,805.5,786.5499877929688,800.0999755859375,737973
2015-01-08,752.10693359375,798.7000122070312,804.5,788.4500122070312,800.0,623621
2015-01-09,755.2141723632812,802.0,810.7999877929688,791.5499877929688,804.0,544145
2015-01-12,781.0631103515625,829.4500122070312,839.2000122070312,797.0,804.9500122070312,896776
2015-01-13,777.343505859375,825.5,849.1500244140625,820.0499877929688,845.0,3264664
2015-01-14,769.0097045898438,816.6500244140625,832.9000244140625,811.0999755859375,831.7000122070312,1238612
2015-01-15,781.9105224609375,830.3499755859375,849.0,825.0,840.5,1493767
2015-01-16,783.322998046875,831.8499755859375,837.8499755859375,813.2999877929688,831.7000122070312,1160723
2015-01-19,780.7804565429688,829.1500244140625,837.7999877929688,827.0,835.0,612731
2015-01-20,791.4213256835938,840.4500122070312,844.5,822.5999755859375,830.0,1318766
2015-01-21,793.3988037109375,842.5499877929688,859.5,839.4500122070312,845.0,1462665
2015-01-22,796.883056640625,846.25,851.7999877929688,837.5999755859375,838.5,553285
2015-01-23,807.3355102539062,857.3499755859375,863.9500122070312,851.0,853.0,1179588
2015-01-27,812.8912353515625,863.25,870.0,851.4000244140625,857.0,840924
2015-01-28,818.0703735351562,868.75,880.0,858.2000122070312,859.9500122070312,925540
2015-01-29,824.944580078125,876.0499877929688,878.9500122070312,862.9500122070312,863.5,687051
2015-01-30,819.4358520507812,870.2000122070312,884.7999877929688,866.25,877.0,888368
2015-02-02,823.5320434570312,874.5499877929688,877.8499755859375,856.0999755859375,865.0999755859375,666544
2015-02-03,811.10205078125,861.3499755859375,889.7999877929688,857.25,876.5999755859375,1013403
2015-02-04,812.9382934570312,863.2999877929688,872.2999877929688,851.25,864.5999755859375,907333
2015-02-05,814.9158935546875,865.4000244140625,883.3499755859375,851.0,861.9000244140625,704581
2015-02-06,795.9883422851562,845.2999877929688,868.2999877929688,840.5,863.7999877929688,465226
2015-02-09,777.0139770507812,825.1500244140625,838.75,820.5,838.75,573650
2015-02-10,791.7508544921875,840.7999877929688,851.9500122070312,815.7000122070312,815.7000122070312,1050019
2015-02-11,805.5933837890625,855.5,863.2000122070312,844.0,844.0,787344
2015-02-12,819.200439453125,869.9500122070312,874.9500122070312,846.5999755859375,857.9000244140625,507508
2015-02-13,824.2854614257812,875.3499755859375,877.6500244140625,863.9500122070312,872.9000244140625,700753
2015-02-16,812.561767578125,862.9000244140625,879.2999877929688,855.0,872.5,420397
2015-02-18,814.3978271484375,864.8499755859375,869.8499755859375,852.5999755859375,861.7999877929688,503192
2015-02-19,807.4766845703125,857.5,870.5,842.4500122070312,868.0,621565
2015-02-20,825.6508178710938,876.7999877929688,881.4000244140625,850.6500244140625,857.0999755859375,1207981
2015-02-23,816.9404296875,867.5499877929688,878.5,857.9000244140625,876.0,596633
2015-02-24,813.73876953125,864.1500244140625,867.0,854.7000122070312,865.5,505014
2015-02-25,808.4654541015625,858.5499877929688,873.2000122070312,855.0,865.0,617078
2015-02-26,795.9883422851562,845.2999877929688,860.0,839.0499877929688,856.2000122070312,1152143
2015-02-27,814.0684204101562,864.5,867.7999877929688,837.5499877929688,844.9500122070312,1063550
2015-03-02,889.4014282226562,944.5,949.9000244140625,914.0,925.0,1263167
2015-03-03,883.8456420898438,938.5999755859375,945.0,926.0,945.0,617171
2015-03-04,855.2191162109375,908.2000122070312,962.5499877929688,903.0999755859375,959.9000244140625,996972
2015-03-05,859.9274291992188,913.2000122070312,917.8499755859375,893.1500244140625,909.7999877929688,739059
2015-03-09,842.9774780273438,895.2000122070312,910.0,890.5,908.0,1121892
2015-03-10,844.4370727539062,896.75,913.5499877929688,888.5499877929688,898.0,949910
2015-03-11,838.2691040039062,890.2000122070312,905.0,885.0999755859375,898.0999755859375,661190
2015-03-12,839.7757568359375,891.7999877929688,902.5,888.7999877929688,893.0,678466
2015-03-13,824.1441650390625,875.2000122070312,897.2999877929688,865.25,895.0,789147
2015-03-16,826.0746459960938,877.25,888.7999877929688,866.25,875.25,637728
2015-03-17,850.4636840820312,903.1500244140625,908.7999877929688,880.7999877929688,882.0999755859375,578263
2015-03-18,850.5108032226562,903.2000122070312,920.9000244140625,896.0,907.4000244140625,1120286
2015-03-19,829.7471313476562,881.1500244140625,919.0,875.0,919.0,1142631
2015-03-20,834.6436157226562,886.3499755859375,894.9000244140625,874.25,888.0,751604
2015-03-23,836.5270385742188,888.3499755859375,894.0,881.5499877929688,888.0,955973
2015-03-24,833.231201171875,884.8499755859375,896.4500122070312,878.5999755859375,885.0,704010
2015-03-25,820.2362670898438,871.0499877929688,889.8499755859375,864.25,887.5,715430
2015-03-26,810.1604614257812,860.3499755859375,878.9000244140625,853.0499877929688,864.5,2107203
2015-03-27,829.3704223632812,880.75,887.5,850.9000244140625,861.0,1088061
2015-03-30,836.1503295898438,887.9500122070312,890.0,876.0999755859375,886.0499877929688,411951
2015-03-31,834.3141479492188,886.0,894.0999755859375,877.5,891.0,583298
2015-04-01,871.2744140625,925.25,928.6500244140625,880.5,884.0999755859375,954252
2015-04-06,861.5753173828125,914.9500122070312,927.0,911.3499755859375,926.0,573759
2015-04-07,854.0420532226562,906.9500122070312,920.5,900.2000122070312,915.0499877929688,738125
2015-04-08,849.3338012695312,901.9500122070312,915.1500244140625,900.0499877929688,915.1500244140625,456811
2015-04-09,888.8365478515625,943.9000244140625,947.8499755859375,901.0,908.0,1086130
2015-04-10,890.107666015625,945.25,951.4500122070312,935.5999755859375,948.4000244140625,761095
2015-04-13,894.34521484375,949.75,954.9000244140625,940.5,948.0,847695
2015-04-15,891.3318481445312,946.5499877929688,967.0,938.25,953.8499755859375,862700
2015-04-16,879.937744140625,934.4500122070312,959.0,927.9500122070312,955.0,3431738
2015-04-17,824.8975219726562,876.0,936.0,873.1500244140625,936.0,2706290
2015-04-20,794.5288696289062,843.75,881.25,830.0,874.7000122070312,1937207
2015-04-21,788.9258422851562,837.7999877929688,860.0,833.2999877929688,849.0,1671993
2015-04-22,796.883056640625,846.25,852.0,820.0,840.0,1350387
2015-04-23,808.6536865234375,858.75,869.9000244140625,850.1500244140625,854.7999877929688,1373721
2015-04-24,782.0988159179688,830.5499877929688,863.4000244140625,824.2000122070312,863.4000244140625,1042505
2015-04-27,775.036376953125,823.0499877929688,834.0,810.5499877929688,834.0,1087851
2015-04-28,779.4151000976562,827.7000122070312,835.2999877929688,806.0999755859375,818.1500244140625,1528666
2015-04-29,784.5000610351562,833.0999755859375,842.0,818.0499877929688,828.7999877929688,1119768
2015-04-30,775.74267578125,823.7999877929688,835.4000244140625,820.0499877929688,830.0999755859375,1960263
2015-05-04,792.598388671875,841.7000122070312,849.5,827.2000122070312,828.0,868300
2015-05-05,787.7488403320312,836.5499877929688,845.9500122070312,831.5999755859375,839.8499755859375,672307
2015-05-06,756.1090087890625,802.9500122070312,839.0,799.0,837.0,985312
2015-05-07,748.81103515625,795.2000122070312,800.0,786.0,796.7000122070312,1753181
2015-05-08,763.1714477539062,810.4500122070312,815.7000122070312,800.0,803.0499877929688,1407570
2015-05-11,771.8347778320312,819.6500244140625,823.0,806.0,816.4000244140625,1423467
2015-05-12,753.56640625,800.25,822.9000244140625,794.2000122070312,822.9000244140625,1358401
2015-05-13,769.5277099609375,817.2000122070312,819.4000244140625,795.1500244140625,805.0999755859375,1074443
2015-05-14,769.0097045898438,816.6500244140625,820.0,800.2999877929688,817.2000122070312,680132
2015-05-15,784.7354736328125,833.3499755859375,841.2999877929688,818.0,819.9500122070312,1234559
2015-05-18,796.9771118164062,846.3499755859375,852.2999877929688,827.5499877929688,829.75,995778
2015-05-19,796.3651733398438,845.7000122070312,858.7000122070312,842.2000122070312,846.0,816702
2015-05-20,801.8738403320312,851.5499877929688,856.0,847.25,848.9500122070312,750251
2015-05-21,798.7192993164062,848.2000122070312,855.7999877929688,838.0499877929688,855.7999877929688,503688
2015-05-22,802.862548828125,852.5999755859375,861.6500244140625,848.25,850.7000122070312,760999
2015-05-25,804.2749633789062,854.0999755859375,862.75,846.9500122070312,851.7999877929688,516256
2015-05-26,803.192138671875,852.9500122070312,859.7999877929688,841.2999877929688,853.0,552759
2015-05-27,810.11328125,860.2999877929688,865.0,844.5999755859375,848.9500122070312,307557
2015-05-28,805.405029296875,855.2999877929688,869.0999755859375,850.0999755859375,863.9000244140625,1570880
2015-05-29,822.9671630859375,873.9500122070312,880.0,853.1500244140625,854.9000244140625,739227
2015-06-01,831.442138671875,882.9500122070312,885.0,870.0,870.0,641892
2015-06-02,797.7305297851562,847.1500244140625,884.0499877929688,842.5,883.0,885470
2015-06-03,793.4458618164062,842.5999755859375,850.9000244140625,834.0,845.0,505601
2015-06-04,797.259765625,846.6500244140625,852.75,837.25,847.7999877929688,454498
2015-06-05,785.7714233398438,834.4500122070312,847.7999877929688,830.0,840.0,979963
2015-06-08,764.3485107421875,811.7000122070312,828.4000244140625,809.0,828.0,1318893
2015-06-09,761.994384765625,809.2000122070312,818.4000244140625,790.0,807.7999877929688,1076855
2015-06-10,771.78759765625,819.5999755859375,830.7000122070312,811.0,811.0,997303
2015-06-11,748.7169189453125,795.0999755859375,826.0,793.0,825.0,1251145
2015-06-12,763.5009155273438,810.7999877929688,814.0,784.0,790.0,1006880
2015-06-15,748.198974609375,794.5499877929688,810.0,792.4500122070312,810.0,626249
2015-06-16,773.6238403320312,821.5499877929688,825.25,787.0,795.0499877929688,854175
2015-06-17,770.4692993164062,818.2000122070312,828.0,811.5,827.0,1319469
2015-06-18,777.390625,825.5499877929688,831.0,812.9500122070312,820.0,721061
2015-06-19,786.0066528320312,834.7000122070312,837.2999877929688,823.75,826.5,497932
2015-06-22,790.2913818359375,839.25,865.5,832.9500122070312,833.7999877929688,1357595
2015-06-23,784.970947265625,833.5999755859375,847.5,829.2000122070312,842.7000122070312,1202887
2015-06-24,795.2351684570312,844.5,854.5,834.25,834.25,905000
2015-06-25,816.5639038085938,867.1500244140625,885.4500122070312,841.75,844.5,1929219
2015-06-26,818.6826171875,869.4000244140625,884.7000122070312,851.0,864.4000244140625,1457184
2015-06-29,809.4541625976562,859.5999755859375,864.0,841.0999755859375,859.5,696937
2015-06-30,821.7901000976562,872.7000122070312,874.7999877929688,855.0,860.9500122070312,738228
2015-07-01,824.4736938476562,875.5499877929688,886.0,862.0,872.5999755859375,832607
2015-07-02,819.0121459960938,869.75,883.4000244140625,868.0,883.4000244140625,688412
2015-07-03,841.3766479492188,893.5,900.5499877929688,858.0,858.0,1092421
2015-07-06,846.8381958007812,899.2999877929688,901.25,877.0,883.7999877929688,940588
2015-07-07,846.5086669921875,898.9500122070312,912.0,895.0,896.0,698569
2015-07-08,840.3406982421875,892.4000244140625,896.0,873.9000244140625,881.9500122070312,719187
2015-07-09,840.9058227539062,893.0,897.4000244140625,875.25,891.8499755859375,1043039
2015-07-10,842.7420043945312,894.9500122070312,904.0,887.0,897.9000244140625,528685
2015-07-13,870.0502319335938,923.9500122070312,927.7000122070312,895.0499877929688,904.2000122070312,3460092
2015-07-14,870.1444702148438,924.0499877929688,933.7999877929688,919.3499755859375,933.0,1362690
2015-07-15,873.0635375976562,927.1500244140625,932.0,918.0,921.3499755859375,728864
2015-07-16,877.9131469726562,932.2999877929688,937.2000122070312,924.0,930.0,1581760
2015-07-17,881.2559814453125,935.8499755859375,938.75,925.0999755859375,933.2999877929688,941362
2015-07-20,892.1793212890625,947.4500122070312,950.0,930.4000244140625,936.0,757943
2015-07-21,883.6102905273438,938.3499755859375,951.25,932.7999877929688,947.0,378818
2015-07-22,901.078125,956.9000244140625,960.0,933.0,937.0499877929688,668776
2015-07-23,894.3922729492188,949.7999877929688,964.9000244140625,945.0,954.0999755859375,714586
2015-07-24,900.08935546875,955.8499755859375,966.5,945.4500122070312,949.0,1061478
2015-07-27,883.5631713867188,938.2999877929688,953.0,929.0999755859375,949.7999877929688,568643
2015-07-28,894.439453125,949.8499755859375,952.25,930.75,941.0499877929688,1002593
2015-07-29,897.9705200195312,953.5999755859375,959.0,944.5499877929688,949.0,900217
2015-07-30,916.8980712890625,973.7000122070312,982.6500244140625,956.4000244140625,959.0,1155545
2015-07-31,920.6646728515625,977.7000122070312,989.2999877929688,970.1500244140625,975.0,994608
2015-08-03,917.0393676757812,973.8499755859375,986.0,966.5999755859375,978.0,826349
2015-08-04,896.7463989257812,952.2999877929688,973.0,940.0499877929688,973.0,1183219
2015-08-05,897.0761108398438,952.6500244140625,962.5,948.5999755859375,958.0,496812
2015-08-06,896.0872802734375,951.5999755859375,958.2999877929688,946.3499755859375,952.7000122070312,516457
2015-08-07,895.47265625,946.9500122070312,959.5999755859375,942.0,949.9000244140625,452556
2015-08-10,893.061279296875,944.4000244140625,958.0,936.6500244140625,946.5,547548
2015-08-11,899.0187377929688,950.7000122070312,952.9500122070312,939.5499877929688,945.0999755859375,535103
2015-08-12,864.7393798828125,914.4500122070312,953.75,906.25,946.9000244140625,458811
2015-08-13,874.99951171875,925.2999877929688,933.7999877929688,910.0,911.8499755859375,590548
2015-08-14,906.8675537109375,959.0,963.5,928.25,935.0,935467
2015-08-17,900.01171875,951.75,964.7000122070312,944.5999755859375,959.9500122070312,595833
2015-08-18,915.5674438476562,968.2000122070312,971.5,950.2999877929688,954.0,594739
2015-08-19,905.40185546875,957.4500122070312,969.9000244140625,954.1500244140625,965.75,593595
2015-08-20,881.429931640625,932.0999755859375,961.5,918.0499877929688,948.0,591055
2015-08-21,856.0393676757812,905.25,924.9500122070312,893.2999877929688,915.0,1314813
2015-08-24,818.5449829101562,865.5999755859375,880.0,850.0999755859375,880.0,1626974
2015-08-25,830.318115234375,878.0499877929688,884.0,865.5999755859375,875.0,1189117
2015-08-26,807.1026611328125,853.5,876.9000244140625,848.4500122070312,876.9000244140625,1089934
2015-08-27,811.8308715820312,858.5,871.0,853.6500244140625,864.0,1888490
2015-08-28,801.57080078125,847.6500244140625,881.0,830.25,870.0,1779090
2015-08-31,811.4052734375,858.0499877929688,865.0,838.0,841.0,810239
2015-09-01,786.2986450195312,831.5,852.9500122070312,814.7000122070312,852.9500122070312,965840
2015-09-02,779.9627685546875,824.7999877929688,838.9500122070312,809.25,836.0,1244494
2015-09-03,803.2255859375,849.4000244140625,855.0,820.0,830.0,916326
2015-09-04,795.0929565429688,840.7999877929688,843.0499877929688,817.0,842.5,943412
2015-09-07,775.6129150390625,820.2000122070312,859.5999755859375,812.6500244140625,850.0,1228245
2015-09-08,794.6676025390625,840.3499755859375,846.9000244140625,816.3499755859375,821.5,2536360
2015-09-09,811.310791015625,857.9500122070312,870.7000122070312,841.0999755859375,853.0,2014128
2015-09-10,819.7742309570312,866.9000244140625,875.0,835.5499877929688,845.5,1364608
2015-09-11,821.4764404296875,868.7000122070312,885.9000244140625,862.1500244140625,874.5,1412833
2015-09-14,828.6160278320312,876.25,880.0,868.0,868.0,1144929
2015-09-15,830.8855590820312,878.6500244140625,886.9000244140625,871.0999755859375,875.9000244140625,1937337
2015-09-16,850.2237548828125,899.0999755859375,907.5,884.75,886.0,1151193
2015-09-18,868.711181640625,918.6500244140625,930.5,905.0,905.2999877929688,2094161
2015-09-21,863.8410034179688,913.5,924.9000244140625,905.0,905.0,683274
2015-09-22,839.7744750976562,888.0499877929688,921.0,875.5,919.0,808319
2015-09-23,856.3232421875,905.5499877929688,907.9000244140625,873.0,875.0,955777
2015-09-24,876.512451171875,926.9000244140625,932.0999755859375,896.3499755859375,908.0,2909599
2015-09-28,870.8387451171875,920.9000244140625,937.5999755859375,916.1500244140625,927.0,1690643
2015-09-29,890.177001953125,941.3499755859375,958.0,901.2999877929688,912.7999877929688,3261855
2015-09-30,891.2172241210938,942.4500122070312,958.0999755859375,939.5499877929688,956.8499755859375,2038714
2015-10-01,905.5435791015625,957.5999755859375,963.25,941.75,950.0,1251550
2015-10-05,907.529541015625,959.7000122070312,969.9000244140625,952.4500122070312,966.0,1399766
2015-10-06,900.4373168945312,952.2000122070312,964.0,946.75,964.0,1149797
2015-10-07,896.7964477539062,948.3499755859375,954.6500244140625,941.2000122070312,952.75,1390453
2015-10-08,893.439453125,944.7999877929688,953.5999755859375,936.2000122070312,951.0,1367019
2015-10-09,888.9476928710938,940.0499877929688,957.2000122070312,934.25,954.7999877929688,3827106
2015-10-12,893.2504272460938,944.5999755859375,958.0,940.0,944.0,1028185
2015-10-13,894.5269775390625,945.9500122070312,949.6500244140625,936.5,948.0,819594
2015-10-14,898.2623291015625,949.9000244140625,962.0,945.9500122070312,947.0,1071537
2015-10-15,905.7327880859375,957.7999877929688,966.0,952.0999755859375,953.9000244140625,1103270
2015-10-16,912.0213012695312,964.4500122070312,966.0,950.0499877929688,958.0,744451
2015-10-19,909.751708984375,962.0499877929688,973.3499755859375,959.0999755859375,964.5,811801
2015-10-20,904.6925659179688,956.7000122070312,970.0999755859375,953.0999755859375,960.5,702126
2015-10-21,905.40185546875,957.4500122070312,967.75,951.9000244140625,958.0,737124
2015-10-23,907.6240844726562,959.7999877929688,966.25,957.1500244140625,963.0,329508
2015-10-26,905.8746337890625,957.9500122070312,964.9000244140625,956.0,964.0,774154
2015-10-27,902.139404296875,954.0,959.6500244140625,951.0,955.2000122070312,529820
2015-10-28,873.9593505859375,924.2000122070312,963.5,918.9500122070312,949.0,1653036
2015-10-29,864.78662109375,914.5,923.7999877929688,908.5,920.0499877929688,1155093
2015-10-30,862.3280029296875,911.9000244140625,922.25,902.3499755859375,914.0,905083
2015-11-02,863.98291015625,913.6500244140625,916.8499755859375,904.2000122070312,911.9000244140625,777036
2015-11-03,862.2807006835938,911.8499755859375,921.0,908.5,914.9500122070312,1077484
2015-11-04,864.0301513671875,913.7000122070312,919.4000244140625,909.25,915.3499755859375,539364
2015-11-05,858.119873046875,907.4500122070312,912.7999877929688,901.25,911.0,1329817
2015-11-06,870.885986328125,920.9500122070312,924.0,908.5999755859375,911.0,1027490
2015-11-09,873.202880859375,923.4000244140625,925.5999755859375,900.0,903.0,1281696
2015-11-10,845.1646118164062,893.75,917.9000244140625,891.0,914.0,1005017
2015-11-13,843.7462158203125,892.25,895.75,880.0,888.9000244140625,780686
2015-11-16,862.80078125,912.4000244140625,917.5499877929688,889.4000244140625,889.4000244140625,641386
2015-11-17,856.985107421875,906.25,916.3499755859375,901.0,915.2999877929688,370477
2015-11-18,852.0676879882812,901.0499877929688,913.0,897.4000244140625,905.0,720317
2015-11-19,864.4557495117188,914.1500244140625,917.3499755859375,900.6500244140625,909.0,654116
2015-11-20,871.737060546875,921.8499755859375,931.5,910.0,914.1500244140625,1277692
2015-11-23,869.7040405273438,919.7000122070312,929.9500122070312,918.0499877929688,923.0,561734
2015-11-24,869.5620727539062,919.5499877929688,928.0,912.0499877929688,918.75,758435
2015-11-26,865.779541015625,915.5499877929688,924.0999755859375,913.5,922.9000244140625,1010152
2015-11-27,873.1554565429688,923.3499755859375,926.5,910.5999755859375,921.0,1152436
2015-11-30,884.40869140625,935.25,939.0,922.2999877929688,925.4000244140625,1180438
2015-12-01,891.4063110351562,942.6500244140625,945.0,933.5,940.0,856641
2015-12-02,891.3590698242188,942.5999755859375,945.0,935.2000122070312,944.5,795995
2015-12-03,895.2362060546875,946.7000122070312,949.5,933.0,939.6500244140625,766241
2015-12-04,891.6900024414062,942.9500122070312,944.9500122070312,934.8499755859375,940.0999755859375,1331500
2015-12-07,900.9573364257812,952.75,954.4000244140625,941.0,943.0,884329
2015-12-08,892.8721313476562,944.2000122070312,957.3499755859375,941.5,948.9000244140625,768665
2015-12-09,877.4108276367188,927.8499755859375,949.0,924.2999877929688,943.0,620237
2015-12-10,879.53857421875,930.0999755859375,932.4500122070312,919.4500122070312,928.0999755859375,978676
2015-12-11,866.3469848632812,916.1500244140625,937.5999755859375,907.0999755859375,928.0,1189304
2015-12-14,864.644775390625,914.3499755859375,922.0,903.75,911.7000122070312,1665452
2015-12-15,868.2383422851562,918.1500244140625,923.9000244140625,906.2000122070312,915.0,1122718
2015-12-16,882.0445556640625,932.75,941.4000244140625,919.0499877929688,921.2999877929688,822684
2015-12-17,897.4584350585938,949.0499877929688,951.7999877929688,929.4000244140625,938.0,799986
2015-12-18,884.219482421875,935.0499877929688,948.5,929.7999877929688,945.7000122070312,1605306
2015-12-21,898.9714965820312,950.6500244140625,952.75,933.8499755859375,936.0,497381
2015-12-22,883.8886108398438,934.7000122070312,950.0,930.2999877929688,950.0,491307
2015-12-23,888.5694580078125,939.6500244140625,944.5999755859375,936.1500244140625,936.1500244140625,460487
2015-12-24,894.0068969726562,945.4000244140625,949.4500122070312,933.7999877929688,943.2999877929688,528850
2015-12-28,905.5435791015625,957.5999755859375,959.5,944.5,946.5,918653
2015-12-29,906.6311645507812,958.75,962.0,952.0,955.0,748840
2015-12-30,915.8983154296875,968.5499877929688,969.9000244140625,960.0,962.0,647879
2015-12-31,916.2766723632812,968.9500122070312,971.9500122070312,963.25,969.0,1943876
2016-01-01,911.4539184570312,963.8499755859375,972.2999877929688,961.3499755859375,968.0,500233
2016-01-04,883.4157104492188,934.2000122070312,961.8499755859375,931.9500122070312,961.7999877929688,1210344
2016-01-05,884.40869140625,935.25,946.3499755859375,932.2000122070312,940.7999877929688,780609
2016-01-06,892.6356811523438,943.9500122070312,951.7999877929688,926.5,936.1500244140625,1030625
2016-01-07,875.1886596679688,925.5,937.0499877929688,920.75,934.0999755859375,1976106
2016-01-08,895.5671997070312,947.0499877929688,948.7000122070312,932.0,934.5499877929688,744102
2016-01-11,885.8271484375,936.75,942.2000122070312,928.0,939.9500122070312,1193326
2016-01-12,863.6046142578125,913.25,941.7999877929688,905.0999755859375,940.0,4267340
2016-01-13,885.4962768554688,936.4000244140625,944.75,913.7999877929688,913.8499755859375,3876447
2016-01-14,867.1508178710938,917.0,929.9000244140625,913.0,921.0,1625707
2016-01-15,871.4533081054688,921.5499877929688,932.0999755859375,915.5999755859375,919.7999877929688,1139012
2016-01-18,850.2237548828125,899.0999755859375,929.9500122070312,893.9500122070312,916.5499877929688,1123421
2016-01-19,847.7178955078125,896.4500122070312,905.5,888.0,897.25,1086798
2016-01-20,826.1572875976562,873.6500244140625,960.0,866.7999877929688,884.4500122070312,1179428
2016-01-21,825.9209594726562,873.4000244140625,896.25,868.2999877929688,880.0,1192113
2016-01-22,849.18359375,898.0,905.4000244140625,880.7999877929688,887.9000244140625,1018517
2016-01-25,857.8834838867188,907.2000122070312,910.9000244140625,899.5999755859375,905.0,666497
2016-01-27,858.8763427734375,908.25,918.0,880.0499877929688,907.8499755859375,1054242
2016-01-28,857.836181640625,907.1500244140625,917.7000122070312,900.0,907.0,1679264
2016-01-29,878.3092041015625,928.7999877929688,935.0,900.0,906.5,1369077
2016-02-01,876.70166015625,927.0999755859375,939.5999755859375,924.0,928.75,916513
2016-02-02,858.8763427734375,908.25,932.0,903.7999877929688,927.0,688338
2016-02-03,856.4177856445312,905.6500244140625,915.2000122070312,891.0,895.0,773012
2016-02-04,863.5573120117188,913.2000122070312,918.25,903.5499877929688,912.0,812359
2016-02-05,862.2807006835938,911.8499755859375,917.4000244140625,909.0,913.9500122070312,1654488
2016-02-08,834.9517822265625,882.9500122070312,910.6500244140625,878.5499877929688,910.5999755859375,1754784
2016-02-09,821.1453857421875,868.3499755859375,878.5,859.4500122070312,873.0,2083698
2016-02-10,789.7029418945312,835.0999755859375,867.0,827.75,866.0,2329955
2016-02-11,767.0548706054688,811.1500244140625,833.2000122070312,799.0,830.0,5158251
2016-02-12,767.8113403320312,811.9500122070312,831.8499755859375,800.0,815.0,3788481
2016-02-15,778.9226684570312,823.7000122070312,832.0,817.25,825.0,2167942
2016-02-16,789.4193115234375,834.7999877929688,838.9500122070312,819.5,831.9500122070312,2242516
2016-02-17,786.345947265625,831.5499877929688,835.4000244140625,813.4000244140625,830.0,1141968
2016-02-18,801.6179809570312,847.7000122070312,850.3499755859375,833.5999755859375,837.2999877929688,1064050
2016-02-19,795.7549438476562,841.5,848.7000122070312,835.0999755859375,843.0999755859375,1035996
2016-02-22,798.6864624023438,844.5999755859375,855.4500122070312,840.2000122070312,845.0,613082
2016-02-23,794.0056762695312,839.6500244140625,845.5499877929688,830.75,842.0,1908481
2016-02-24,777.2205200195312,821.9000244140625,838.0,818.9000244140625,835.6500244140625,1034245
2016-02-25,763.8396606445312,807.75,823.9500122070312,804.75,822.0,1480299
2016-02-26,771.97216796875,816.3499755859375,822.5,813.2000122070312,815.0,1045114
2016-02-29,784.8801879882812,830.0,839.4500122070312,802.0,817.5,3045853
2016-03-01,814.005859375,860.7999877929688,867.5999755859375,834.0,837.0,1330369
2016-03-02,834.6206665039062,882.5999755859375,896.5,871.0,874.9000244140625,2349698
2016-03-03,847.055908203125,895.75,898.0999755859375,884.25,885.0,1973901
2016-03-04,866.1106567382812,915.9000244140625,921.2999877929688,880.9500122070312,898.7999877929688,1327247
2016-03-08,870.9805297851562,921.0499877929688,927.5499877929688,904.0,916.0,1879422
2016-03-09,883.652099609375,934.4500122070312,937.4500122070312,912.25,913.0,1631962
2016-03-10,876.8435668945312,927.25,935.25,919.0,934.0,1128913
2016-03-11,876.3234252929688,926.7000122070312,933.1500244140625,918.0499877929688,921.0499877929688,1436095
2016-03-14,871.02783203125,921.0999755859375,932.0,918.0999755859375,929.0,1238350
2016-03-15,868.474609375,918.4000244140625,931.9500122070312,916.7999877929688,921.9000244140625,1027959
2016-03-16,865.8740844726562,915.6500244140625,927.0,909.2999877929688,921.7999877929688,1558572
2016-03-17,862.9426879882812,912.5499877929688,928.0,901.3499755859375,926.5,2374275
2016-03-18,878.4984130859375,929.0,934.75,903.25,911.5499877929688,1678210
2016-03-21,881.5244750976562,932.2000122070312,936.5,922.7999877929688,930.0,1120071
2016-03-22,877.5526123046875,928.0,937.0,922.7000122070312,932.4000244140625,1462833
2016-03-23,877.6000366210938,928.0499877929688,934.5,925.0,929.0,1426779
2016-03-28,865.0703735351562,914.7999877929688,939.0,911.6500244140625,927.0,4743485
2016-03-29,877.6000366210938,928.0499877929688,930.5,912.7999877929688,917.9000244140625,1120607
2016-03-30,895.2362060546875,946.7000122070312,948.7999877929688,935.5,939.0,1817471
2016-03-31,915.0,967.5999755859375,970.0,936.5999755859375,946.2000122070312,2973760
2016-04-01,909.0425415039062,961.2999877929688,969.0,950.75,966.6500244140625,933728
2016-04-04,909.0425415039062,961.2999877929688,970.0,956.0,961.2999877929688,1501960
2016-04-05,899.5860595703125,951.2999877929688,964.0,946.4000244140625,959.7999877929688,1278350
2016-04-06,903.4633178710938,955.4000244140625,959.0999755859375,947.0499877929688,951.2000122070312,1055612
2016-04-07,888.5220947265625,939.5999755859375,958.9500122070312,937.5,955.0,865013
2016-04-08,886.0635986328125,937.0,946.7999877929688,935.0,940.0,1035958
2016-04-11,908.5697021484375,960.7999877929688,962.0,936.5,939.0,921823
2016-04-12,916.2766723632812,968.9500122070312,970.7999877929688,957.5499877929688,961.0,1045525
2016-04-13,932.778076171875,986.4000244140625,994.4500122070312,974.0,975.0,2933470
2016-04-18,934.5747680664062,988.2999877929688,993.6500244140625,977.2000122070312,986.4000244140625,1475787
2016-04-20,930.3666381835938,983.8499755859375,988.9500122070312,973.5499877929688,988.0,1424974
2016-04-21,919.2554321289062,972.0999755859375,993.7999877929688,964.5,993.0,3279337
2016-04-22,928.1443481445312,981.5,989.0,970.7999877929688,974.7000122070312,1648861
2016-04-25,928.9481811523438,982.3499755859375,987.0,974.1500244140625,982.4000244140625,904348
2016-04-26,965.87548828125,1021.4000244140625,1025.0,975.0,982.0,3199405
2016-04-27,983.46435546875,1040.0,1042.0,1020.0,1021.9000244140625,3437073
2016-04-28,978.7362060546875,1035.0,1048.5999755859375,1029.0,1039.699951171875,1892339
2016-04-29,991.8331909179688,1048.8499755859375,1053.5,1027.1500244140625,1032.0999755859375,922119
2016-05-02,988.2396850585938,1045.050048828125,1055.0,1040.4000244140625,1043.0,1190614
2016-05-03,981.3839721679688,1037.800048828125,1057.25,1032.550048828125,1045.0,993373
2016-05-04,985.3555297851562,1042.0,1046.949951171875,1029.0999755859375,1037.0,1490442
2016-05-05,981.1474609375,1037.550048828125,1044.300048828125,1026.25,1042.0,1012279
2016-05-06,985.544677734375,1042.199951171875,1044.300048828125,1025.25,1037.8499755859375,858079
2016-05-09,997.5542602539062,1054.9000244140625,1059.199951171875,1038.9000244140625,1042.0,2193370
2016-05-10,997.3650512695312,1054.699951171875,1055.0,1047.25,1055.0,1037333
2016-05-11,996.4668579101562,1053.75,1059.800048828125,1036.0999755859375,1036.0999755859375,1502284
2016-05-12,1008.1455078125,1066.0999755859375,1071.4000244140625,1046.25,1052.5,1085566
2016-05-13,1007.2943115234375,1065.199951171875,1069.0,1055.0,1060.0,1078609
2016-05-16,1022.0462646484375,1080.800048828125,1085.0,1058.050048828125,1063.0,806795
2016-05-17,1025.4979248046875,1084.449951171875,1099.800048828125,1077.0,1083.0,1890354
2016-05-18,1024.126708984375,1083.0,1086.0,1066.3499755859375,1080.0,692837
2016-05-19,1013.8193359375,1072.0999755859375,1081.0999755859375,1064.949951171875,1078.0,778327
2016-05-20,1012.2589111328125,1070.449951171875,1076.4000244140625,1059.0,1069.0,687097
2016-05-23,998.8782958984375,1056.300048828125,1079.949951171875,1050.300048828125,1072.3499755859375,1038361
2016-05-24,986.9159545898438,1043.6500244140625,1056.4000244140625,1039.1500244140625,1056.4000244140625,1287874
2016-05-25,1036.56201171875,1096.1500244140625,1098.9000244140625,1055.25,1055.25,1011656
2016-05-26,1043.8907470703125,1103.9000244140625,1109.0,1088.0,1095.050048828125,1356124
2016-05-27,1044.079833984375,1104.0999755859375,1111.8499755859375,1099.1500244140625,1101.25,1377065
2016-05-30,1040.4862060546875,1100.300048828125,1113.550048828125,1096.9000244140625,1106.199951171875,927569
2016-05-31,1042.897705078125,1102.8499755859375,1107.050048828125,1095.0,1101.0999755859375,1043245
2016-06-01,1043.748779296875,1103.75,1107.800048828125,1096.550048828125,1103.0,692901
2016-06-02,1060.8175048828125,1121.800048828125,1124.9000244140625,1099.1500244140625,1105.0,1139626
2016-06-03,1062.850830078125,1123.949951171875,1132.5,1119.0999755859375,1130.0,771905
2016-06-06,1060.770263671875,1121.75,1130.0,1115.550048828125,1124.949951171875,453741
2016-06-07,1049.564453125,1109.9000244140625,1128.949951171875,1104.449951171875,1126.5,886165
2016-06-08,1053.063232421875,1113.5999755859375,1119.5999755859375,1093.199951171875,1113.0,644739
2016-06-09,1061.0067138671875,1122.0,1125.0,1103.3499755859375,1114.8499755859375,862716
2016-06-10,1049.564453125,1109.9000244140625,1126.25,1108.1500244140625,1114.0999755859375,1033099
2016-06-13,1048.193115234375,1108.449951171875,1119.9000244140625,1100.0,1100.0,986935
2016-06-14,1056.0421142578125,1116.75,1119.9000244140625,1099.550048828125,1103.3499755859375,615029
2016-06-15,1062.472412109375,1123.550048828125,1125.5999755859375,1110.0,1119.050048828125,894254
2016-06-16,1040.439208984375,1100.25,1118.9000244140625,1086.25,1118.9000244140625,938648
2016-06-17,1039.4459228515625,1099.199951171875,1107.699951171875,1085.5,1107.0,1499517
2016-06-20,1043.5596923828125,1103.550048828125,1113.0,1088.5,1089.8499755859375,655632
2016-06-21,1031.3609619140625,1090.6500244140625,1103.6500244140625,1088.5,1103.0,789073
2016-06-22,1031.5972900390625,1090.9000244140625,1097.0,1085.699951171875,1090.6500244140625,1351762
2016-06-23,1047.64501953125,1103.300048828125,1111.0,1086.6500244140625,1088.8499755859375,1304906
2016-06-24,1040.5230712890625,1095.800048828125,1100.0,1045.75,1052.0999755859375,1757436
2016-06-27,1025.3302001953125,1079.800048828125,1100.0,1074.4000244140625,1091.800048828125,651019
2016-06-28,1029.98291015625,1084.699951171875,1090.6500244140625,1076.699951171875,1080.0,705465
2016-06-29,1045.74560546875,1101.300048828125,1108.9000244140625,1079.5,1090.0,933583
2016-06-30,1055.5262451171875,1111.5999755859375,1117.75,1101.0,1110.0,1401180
2016-07-01,1066.6834716796875,1123.3499755859375,1128.5,1118.050048828125,1125.0,936058
2016-07-04,1051.72802734375,1107.5999755859375,1126.0,1104.5,1124.0,466972
2016-07-05,1051.2530517578125,1107.0999755859375,1113.5,1096.25,1100.0,607228
2016-07-07,1049.6390380859375,1105.4000244140625,1116.300048828125,1095.5,1115.0,1663235
2016-07-08,1069.8643798828125,1126.699951171875,1130.5,1106.0999755859375,1110.0,1766200
2016-07-11,1067.7279052734375,1124.449951171875,1147.0,1115.5,1146.0,5154128
2016-07-12,1068.440185546875,1125.199951171875,1140.5,1123.050048828125,1139.949951171875,1973211
2016-07-13,1048.689453125,1104.4000244140625,1129.699951171875,1100.5,1123.699951171875,1907181
2016-07-14,1057.900146484375,1114.0999755859375,1124.0,1102.25,1107.0,790791
2016-07-15,1069.95947265625,1126.800048828125,1135.8499755859375,1113.0999755859375,1114.699951171875,1430265
2016-07-18,1073.8525390625,1130.9000244140625,1144.6500244140625,1127.050048828125,1128.050048828125,1161641
2016-07-19,1051.300537109375,1107.1500244140625,1134.0,1104.199951171875,1134.0,1961764
2016-07-20,1062.077880859375,1118.5,1122.0,1101.0,1103.9000244140625,1567746
2016-07-21,1079.3126220703125,1136.6500244140625,1143.9000244140625,1111.300048828125,1120.0999755859375,1213828
2016-07-22,1081.4012451171875,1138.8499755859375,1145.0,1131.050048828125,1131.5,968326
2016-07-25,1098.018798828125,1156.3499755859375,1164.449951171875,1132.8499755859375,1135.0,1187107
2016-07-26,1098.1136474609375,1156.449951171875,1167.6500244140625,1149.550048828125,1156.300048828125,1625281
2016-07-27,1118.8614501953125,1178.300048828125,1181.699951171875,1156.5999755859375,1158.0,1811615
2016-07-28,1109.365966796875,1168.300048828125,1192.0,1164.3499755859375,1179.699951171875,1288868
2016-07-29,1116.3453369140625,1175.6500244140625,1184.949951171875,1168.3499755859375,1177.800048828125,810320
2016-08-01,1139.9892578125,1200.550048828125,1205.0,1173.0,1173.0,1229356
2016-08-02,1132.72509765625,1192.9000244140625,1211.9000244140625,1189.4000244140625,1200.0999755859375,687438
2016-08-03,1118.9564208984375,1178.4000244140625,1193.199951171875,1174.0,1183.0999755859375,938416
2016-08-04,1107.4666748046875,1166.300048828125,1187.0,1157.5,1183.4000244140625,974932
2016-08-05,1124.8436279296875,1184.5999755859375,1188.3499755859375,1173.699951171875,1174.9000244140625,792799
2016-08-08,1132.250244140625,1192.4000244140625,1206.800048828125,1188.0,1190.3499755859375,684522
2016-08-09,1126.4105224609375,1186.25,1196.800048828125,1181.550048828125,1194.800048828125,1083733
2016-08-10,1099.680419921875,1158.0999755859375,1190.0,1153.0,1190.0,835032
2016-08-11,1105.7099609375,1164.449951171875,1168.0,1145.449951171875,1159.0,1279605
2016-08-12,1114.58837890625,1173.800048828125,1180.0,1161.4000244140625,1175.199951171875,801836
2016-08-16,1099.917724609375,1158.3499755859375,1182.0,1153.6500244140625,1171.0,1259489
2016-08-17,1095.360107421875,1153.550048828125,1161.800048828125,1149.0,1159.550048828125,834678
2016-08-18,1134.3392333984375,1194.5999755859375,1197.0,1157.050048828125,1158.199951171875,1343587
2016-08-19,1128.214599609375,1188.1500244140625,1203.75,1184.550048828125,1199.9000244140625,603632
2016-08-22,1126.88525390625,1186.75,1203.300048828125,1184.0,1192.0,545457
2016-08-23,1129.211669921875,1189.199951171875,1195.0,1179.1500244140625,1184.699951171875,382690
2016-08-24,1123.087158203125,1182.75,1192.75,1179.0,1187.800048828125,336179
2016-08-25,1122.42236328125,1182.050048828125,1198.949951171875,1178.1500244140625,1183.5,855844
2016-08-26,1104.855712890625,1163.550048828125,1185.0,1159.3499755859375,1182.050048828125,926062
2016-08-29,1097.259033203125,1155.550048828125,1167.1500244140625,1148.0999755859375,1161.199951171875,455774
2016-08-30,1101.5794677734375,1160.0999755859375,1170.0,1157.3499755859375,1160.0,1611563
2016-08-31,1126.36279296875,1186.199951171875,1199.5999755859375,1160.199951171875,1168.0,2488483
2016-09-01,1124.4637451171875,1184.199951171875,1196.6500244140625,1180.6500244140625,1191.75,656421
2016-09-02,1132.0128173828125,1192.1500244140625,1194.5,1181.550048828125,1184.699951171875,641723
2016-09-06,1165.0574951171875,1226.949951171875,1233.0,1196.3499755859375,1196.3499755859375,1525293
2016-09-07,1155.6568603515625,1217.050048828125,1256.050048828125,1213.449951171875,1238.9000244140625,1397324
2016-09-08,1158.0780029296875,1219.5999755859375,1224.949951171875,1201.0,1219.800048828125,857870
2016-09-09,1156.2264404296875,1217.6500244140625,1223.800048828125,1200.0,1218.0,731533
2016-09-12,1135.47900390625,1195.800048828125,1203.050048828125,1185.0999755859375,1198.0,1029013
2016-09-14,1129.6864013671875,1189.699951171875,1200.800048828125,1182.0,1185.0,1892851
2016-09-15,1121.56787109375,1181.1500244140625,1194.800048828125,1176.0,1193.699951171875,1007709
2016-09-16,1110.64794921875,1169.6500244140625,1196.0999755859375,1161.9000244140625,1187.5,2514415
2016-09-19,1144.3094482421875,1205.0999755859375,1207.0,1165.0999755859375,1173.199951171875,1267795
2016-09-20,1124.558837890625,1184.300048828125,1207.050048828125,1182.0999755859375,1205.4000244140625,948837
2016-09-21,1125.2235107421875,1185.0,1192.5,1182.0,1185.4000244140625,1050601
2016-09-22,1158.0780029296875,1219.5999755859375,1226.0,1198.0,1198.0,1207430
2016-09-23,1159.2176513671875,1220.800048828125,1230.699951171875,1209.199951171875,1220.0,1080432
2016-09-26,1141.03369140625,1201.6500244140625,1214.300048828125,1196.199951171875,1209.0,835969
2016-09-27,1147.6329345703125,1208.5999755859375,1214.8499755859375,1193.0,1201.9000244140625,933054
2016-09-28,1160.404541015625,1222.050048828125,1225.25,1200.0999755859375,1206.9000244140625,802709
2016-09-29,1137.4251708984375,1197.8499755859375,1231.9000244140625,1190.199951171875,1226.0,1750323
2016-09-30,1135.620849609375,1195.949951171875,1206.9000244140625,1181.550048828125,1190.0,752725
2016-10-03,1170.707275390625,1232.9000244140625,1240.0,1193.9000244140625,1201.0,1151991
2016-10-04,1162.5411376953125,1224.300048828125,1237.0,1215.050048828125,1234.9000244140625,1229639
2016-10-05,1154.56494140625,1215.9000244140625,1233.0,1209.800048828125,1229.0999755859375,278544
2016-10-06,1160.49951171875,1222.1500244140625,1234.699951171875,1205.550048828125,1215.0,570718
2016-10-07,1159.26513671875,1220.8499755859375,1228.0,1208.1500244140625,1223.0,488607
2016-10-10,1159.4549560546875,1221.050048828125,1232.050048828125,1216.25,1232.0,506484
2016-10-13,1154.9920654296875,1216.3499755859375,1245.5999755859375,1209.5,1238.3499755859375,2865576
2016-10-14,1157.1761474609375,1218.6500244140625,1227.6500244140625,1205.6500244140625,1224.0,1309888
2016-10-17,1148.012939453125,1209.0,1221.0,1200.0,1221.0,794646
2016-10-18,1149.6746826171875,1210.75,1219.3499755859375,1205.0,1213.0,1291073
2016-10-19,1150.1968994140625,1211.300048828125,1217.0,1202.0,1216.699951171875,520312
2016-10-20,1145.924072265625,1206.800048828125,1220.75,1202.050048828125,1210.199951171875,1014093
2016-10-21,1162.5411376953125,1224.300048828125,1226.300048828125,1202.0999755859375,1210.0,1005741
2016-10-24,1154.9920654296875,1216.3499755859375,1224.050048828125,1212.4000244140625,1221.0,653636
2016-10-25,1148.297607421875,1209.300048828125,1219.800048828125,1204.8499755859375,1216.0,1022585
2016-10-26,1141.2708740234375,1201.9000244140625,1217.0,1198.3499755859375,1202.25,501178
2016-10-27,1119.5736083984375,1179.050048828125,1200.449951171875,1171.0999755859375,1197.699951171875,1173549
2016-10-28,1139.27685546875,1199.800048828125,1202.0,1172.0,1178.0,788007
2016-11-01,1152.997802734375,1214.25,1221.0,1186.25,1197.0,1707549
2016-11-02,1167.43115234375,1229.449951171875,1236.449951171875,1200.0,1204.25,2223984
2016-11-03,1168.8082275390625,1230.9000244140625,1234.0,1217.0,1217.0,530638
2016-11-04,1157.6983642578125,1219.199951171875,1234.0,1206.75,1234.0,795944
2016-11-07,1154.375,1215.699951171875,1228.9000244140625,1209.6500244140625,1225.75,578154
2016-11-08,1149.9119873046875,1211.0,1217.9000244140625,1203.0,1217.9000244140625,698079
2016-11-09,1138.7071533203125,1199.199951171875,1207.550048828125,1150.0,1155.0,2434361
2016-11-10,1152.9031982421875,1214.1500244140625,1228.75,1203.1500244140625,1209.699951171875,1440450
2016-11-11,1132.20263671875,1192.3499755859375,1229.1500244140625,1188.050048828125,1210.0,1474968
2016-11-15,1037.95947265625,1093.0999755859375,1199.949951171875,1080.0,1198.9000244140625,3708003
2016-11-16,1039.906005859375,1095.1500244140625,1116.3499755859375,1076.0,1100.0999755859375,2615803
2016-11-17,1044.8436279296875,1100.3499755859375,1112.4000244140625,1090.0,1096.699951171875,2056516
2016-11-18,1046.078125,1101.6500244140625,1130.0,1097.050048828125,1106.300048828125,1120978
2016-11-21,1005.674560546875,1059.0999755859375,1108.0,1045.949951171875,1108.0,1829643
2016-11-22,1017.496337890625,1071.550048828125,1076.75,1057.25,1071.75,1431659
2016-11-23,1011.2293090820312,1064.949951171875,1078.050048828125,1060.0,1078.0,890424
2016-11-24,991.7159423828125,1044.4000244140625,1067.9000244140625,1036.699951171875,1061.199951171875,2066988
2016-11-25,1019.2055053710938,1073.3499755859375,1081.9000244140625,1044.9000244140625,1044.9000244140625,1085823
2016-11-28,997.3659057617188,1050.3499755859375,1073.699951171875,1046.0999755859375,1063.0,1181510
2016-11-29,1006.4815063476562,1059.949951171875,1069.800048828125,1042.5,1050.0,1316715
2016-11-30,1031.834716796875,1086.6500244140625,1096.5999755859375,1057.6500244140625,1064.0,1847669
2016-12-01,1026.1849365234375,1080.699951171875,1089.0,1071.5999755859375,1084.0,1099195
2016-12-02,1003.2057495117188,1056.5,1076.9000244140625,1052.0999755859375,1076.9000244140625,1630301
2016-12-05,1029.0809326171875,1083.75,1088.699951171875,1052.300048828125,1055.5,871979
2016-12-06,1028.083984375,1082.699951171875,1091.949951171875,1073.050048828125,1090.0,525242
2016-12-07,1021.8644409179688,1076.1500244140625,1088.449951171875,1057.550048828125,1086.0,998392
2016-12-08,1042.897216796875,1098.300048828125,1106.5999755859375,1081.0,1081.9000244140625,1091448
2016-12-09,1056.7132568359375,1112.8499755859375,1116.949951171875,1092.3499755859375,1105.0,1068419
2016-12-12,1030.552734375,1085.300048828125,1108.800048828125,1082.949951171875,1108.800048828125,412094
2016-12-13,1034.8260498046875,1089.800048828125,1094.0,1076.0,1081.25,784710
2016-12-14,1017.7813110351562,1071.8499755859375,1088.949951171875,1068.5999755859375,1088.949951171875,791234
2016-12-15,1026.5172119140625,1081.050048828125,1092.9000244140625,1057.050048828125,1060.0,1327125
2016-12-16,1028.083984375,1082.699951171875,1094.1500244140625,1069.199951171875,1082.0999755859375,2265499
2016-12-19,1030.173095703125,1084.9000244140625,1094.25,1074.0999755859375,1081.0,769000
2016-12-20,1017.8290405273438,1071.9000244140625,1088.9000244140625,1067.25,1086.8499755859375,1103786
2016-12-21,1031.454833984375,1086.25,1099.949951171875,1063.050048828125,1075.0,1544748
2016-12-22,1007.2886962890625,1060.800048828125,1080.5999755859375,1049.25,1079.0,899704
2016-12-23,1008.4280395507812,1062.0,1069.4000244140625,1037.0,1051.050048828125,838333
2016-12-26,1007.0038452148438,1060.5,1064.5,1048.800048828125,1061.0,705664
2016-12-27,1009.7100830078125,1063.3499755859375,1067.199951171875,1051.0999755859375,1060.0,1193147
2016-12-28,1027.5142822265625,1082.0999755859375,1097.9000244140625,1060.199951171875,1067.800048828125,1267710
2016-12-29,1049.8763427734375,1105.6500244140625,1109.0,1074.25,1076.0999755859375,1340234
2016-12-30,1052.0125732421875,1107.9000244140625,1115.949951171875,1097.5,1102.5,909854
2017-01-02,1032.59423828125,1087.449951171875,1114.6500244140625,1082.3499755859375,1109.949951171875,512397
2017-01-03,1045.080810546875,1100.5999755859375,1113.9000244140625,1082.050048828125,1088.0,957645
2017-01-04,1044.65380859375,1100.1500244140625,1107.4000244140625,1093.0,1094.0,795470
2017-01-05,1070.6717529296875,1127.550048828125,1129.8499755859375,1104.050048828125,1107.0,2264164
2017-01-06,1086.33935546875,1144.050048828125,1155.0,1130.300048828125,1132.0,1139667
2017-01-09,1100.7724609375,1159.25,1163.449951171875,1138.0999755859375,1146.0999755859375,713170
2017-01-10,1102.1494140625,1160.699951171875,1171.0999755859375,1142.050048828125,1170.0,2779939
2017-01-11,1171.561767578125,1233.800048828125,1239.1500244140625,1185.0,1185.0,5867928
2017-01-12,1158.36328125,1219.9000244140625,1235.0,1208.3499755859375,1234.0999755859375,1447717
2017-01-13,1154.3275146484375,1215.6500244140625,1236.5,1203.0,1223.800048828125,1059113
2017-01-16,1156.084228515625,1217.5,1225.4000244140625,1202.0,1211.9000244140625,793088
2017-01-17,1152.85546875,1214.0999755859375,1222.5999755859375,1207.8499755859375,1220.0,935711
2017-01-18,1165.864501953125,1227.800048828125,1233.0,1212.6500244140625,1212.6500244140625,1190967
2017-01-19,1158.7904052734375,1220.3499755859375,1230.050048828125,1211.0,1228.0999755859375,962484
2017-01-20,1158.6953125,1220.25,1240.699951171875,1209.0,1219.9000244140625,1007939
2017-01-23,1169.1405029296875,1231.25,1235.0,1212.0,1212.300048828125,1971140
2017-01-24,1188.41650390625,1251.550048828125,1256.949951171875,1234.1500244140625,1235.0,1981467
2017-01-25,1201.5677490234375,1265.4000244140625,1269.0,1251.449951171875,1259.949951171875,1643736
2017-01-27,1190.12548828125,1253.3499755859375,1269.0,1250.800048828125,1265.800048828125,1004052
2017-01-30,1177.1641845703125,1239.699951171875,1256.699951171875,1233.050048828125,1251.0,764826
2017-01-31,1188.891357421875,1252.050048828125,1254.9000244140625,1236.550048828125,1244.050048828125,1283594
2017-02-01,1241.7816162109375,1307.75,1315.5,1246.0,1261.0,2248341
2017-02-02,1219.2293701171875,1284.0,1305.9000244140625,1272.199951171875,1305.0,1664084
2017-02-03,1237.4608154296875,1303.199951171875,1314.699951171875,1272.0,1278.0,1485304
2017-02-06,1250.6121826171875,1317.050048828125,1335.5,1307.25,1310.0,1129942
2017-02-07,1257.44921875,1324.25,1329.949951171875,1303.0999755859375,1320.0,1535174
2017-02-08,1252.701416015625,1319.25,1330.0,1300.0999755859375,1325.699951171875,841206
2017-02-09,1238.2205810546875,1304.0,1322.949951171875,1296.75,1318.0,907386
2017-02-10,1255.78759765625,1322.5,1327.0,1311.199951171875,1311.199951171875,962807
2017-02-13,1272.0721435546875,1339.6500244140625,1341.300048828125,1318.550048828125,1328.199951171875,1283959
2017-02-14,1263.288818359375,1330.4000244140625,1342.8499755859375,1323.0999755859375,1342.8499755859375,728131
2017-02-15,1250.0426025390625,1316.449951171875,1331.5,1313.0999755859375,1329.0,606906
2017-02-16,1252.9388427734375,1319.5,1330.199951171875,1309.0,1316.449951171875,754405
2017-02-17,1270.552978515625,1338.050048828125,1365.8499755859375,1327.3499755859375,1335.0,1855056
2017-02-20,1269.0335693359375,1336.449951171875,1342.3499755859375,1327.25,1336.0,344125
2017-02-21,1264.048583984375,1331.199951171875,1347.4000244140625,1325.0,1339.699951171875,1661851
2017-02-22,1259.6334228515625,1326.550048828125,1339.699951171875,1321.949951171875,1334.0,1723289
2017-02-23,1273.1168212890625,1340.75,1348.0,1329.050048828125,1332.4000244140625,2590362
2017-02-27,1252.7489013671875,1319.300048828125,1347.9000244140625,1317.550048828125,1340.0,1919392
2017-02-28,1246.38671875,1312.5999755859375,1324.0,1309.050048828125,1324.0,704053
2017-03-01,1259.300537109375,1326.199951171875,1334.8499755859375,1315.050048828125,1320.5,807113
2017-03-02,1240.5469970703125,1306.449951171875,1335.0,1303.6500244140625,1335.0,633250
2017-03-03,1233.662841796875,1299.199951171875,1308.0,1287.550048828125,1307.699951171875,700768
2017-03-06,1253.128662109375,1319.699951171875,1328.949951171875,1303.8499755859375,1306.800048828125,625628
2017-03-07,1263.6214599609375,1330.75,1336.3499755859375,1310.550048828125,1315.0999755859375,1288272
2017-03-08,1260.3927001953125,1327.3499755859375,1343.0,1323.25,1332.0,1492895
2017-03-09,1259.3956298828125,1326.300048828125,1337.9000244140625,1322.9000244140625,1330.0,1446736
2017-03-10,1268.3690185546875,1335.75,1341.0,1323.300048828125,1337.0,1614891
2017-03-14,1285.8883056640625,1354.199951171875,1375.0,1345.300048828125,1359.0,930423
2017-03-15,1280.33349609375,1348.3499755859375,1363.5,1345.550048828125,1363.5,1142957
2017-03-16,1307.1109619140625,1376.550048828125,1383.0,1353.25,1359.4000244140625,1144936
2017-03-17,1313.7578125,1383.550048828125,1395.9000244140625,1368.550048828125,1380.5,1757368
2017-03-20,1310.007080078125,1379.5999755859375,1391.0999755859375,1373.699951171875,1384.9000244140625,951223
2017-03-21,1320.119873046875,1390.25,1396.0,1375.800048828125,1381.0,906658
2017-03-22,1307.158447265625,1376.5999755859375,1384.449951171875,1369.5,1378.3499755859375,1449840
2017-03-23,1314.090087890625,1383.9000244140625,1389.8499755859375,1372.0,1379.0999755859375,1541378
2017-03-24,1319.4552001953125,1389.550048828125,1404.5999755859375,1380.0,1385.0,1602574
2017-03-27,1331.3719482421875,1402.0999755859375,1413.949951171875,1382.0,1383.199951171875,1263226
2017-03-28,1333.4136962890625,1404.25,1418.8499755859375,1401.0,1418.8499755859375,1115494
2017-03-29,1327.763916015625,1398.300048828125,1429.9000244140625,1384.25,1402.0999755859375,1609722
2017-03-30,1350.552978515625,1422.300048828125,1429.4000244140625,1401.0,1401.0,1430611
2017-03-31,1353.25927734375,1425.1500244140625,1431.0,1401.5999755859375,1420.0,1086863
2017-04-03,1332.6539306640625,1403.449951171875,1427.949951171875,1400.4000244140625,1425.75,783296
2017-04-05,1330.280029296875,1400.949951171875,1408.0,1393.050048828125,1408.0,1461758
2017-04-06,1349.9359130859375,1421.6500244140625,1426.0,1396.699951171875,1399.0,782824
2017-04-07,1340.96240234375,1412.199951171875,1426.25,1403.5999755859375,1421.0,562553
2017-04-10,1353.44921875,1425.3499755859375,1431.0,1409.050048828125,1412.5,725902
2017-04-11,1352.64208984375,1424.5,1438.199951171875,1418.5,1429.949951171875,797974
2017-04-12,1365.2237548828125,1437.75,1439.949951171875,1415.0,1425.0,418338
2017-04-13,1365.1761474609375,1437.699951171875,1444.3499755859375,1428.0999755859375,1435.0,582737
2017-04-17,1362.849853515625,1435.25,1442.25,1425.0,1438.0,534509
2017-04-18,1359.5263671875,1431.75,1444.949951171875,1428.550048828125,1432.4000244140625,2004482
2017-04-19,1349.8883056640625,1421.5999755859375,1443.75,1411.550048828125,1440.0,3107388
2017-04-20,1355.5858154296875,1427.5999755859375,1443.1500244140625,1400.050048828125,1415.0,2637171
2017-04-21,1362.612548828125,1435.0,1444.449951171875,1430.050048828125,1437.0,1735248
2017-04-24,1361.2359619140625,1433.550048828125,1443.300048828125,1431.449951171875,1439.0,666961
2017-04-25,1379.894287109375,1453.199951171875,1460.0,1434.0,1437.0,1439089
2017-04-26,1390.766845703125,1464.6500244140625,1470.0,1454.4000244140625,1461.0,1186077
2017-04-27,1396.464111328125,1470.6500244140625,1483.449951171875,1458.6500244140625,1462.0,1135148
2017-04-28,1372.060302734375,1444.949951171875,1480.5999755859375,1440.800048828125,1470.699951171875,614095
2017-05-02,1372.8677978515625,1445.800048828125,1455.0,1440.1500244140625,1454.0,955073
2017-05-03,1365.8883056640625,1438.449951171875,1451.449951171875,1429.0,1449.9000244140625,635349
2017-05-04,1348.6065673828125,1420.25,1446.0,1410.0999755859375,1446.0,1452308
2017-05-05,1337.0220947265625,1408.050048828125,1429.949951171875,1403.699951171875,1429.949951171875,1878351
2017-05-08,1352.9742431640625,1424.8499755859375,1434.800048828125,1401.800048828125,1406.5,1600519
2017-05-09,1349.2236328125,1420.9000244140625,1432.0,1415.550048828125,1432.0,781989
2017-05-10,1359.6690673828125,1431.9000244140625,1435.0,1419.300048828125,1425.4000244140625,420102
2017-05-11,1354.3514404296875,1426.300048828125,1438.0,1420.0,1438.0,839412
2017-05-12,1340.5352783203125,1411.75,1424.800048828125,1404.5,1424.800048828125,602647
2017-05-15,1344.7608642578125,1416.199951171875,1422.5999755859375,1403.4000244140625,1414.199951171875,949033
2017-05-16,1364.4639892578125,1436.949951171875,1440.0,1410.449951171875,1417.75,744209
2017-05-17,1353.5440673828125,1425.449951171875,1448.300048828125,1420.0,1438.0,579645
2017-05-18,1335.6448974609375,1406.5999755859375,1422.0,1388.0,1422.0,640858
2017-05-19,1319.1702880859375,1389.25,1413.25,1383.0,1405.0,1247834
2017-05-22,1319.2178955078125,1389.300048828125,1404.0,1375.199951171875,1390.3499755859375,936813
2017-05-23,1323.633056640625,1393.949951171875,1398.9000244140625,1378.5,1389.300048828125,791125
2017-05-24,1342.2919921875,1413.5999755859375,1422.949951171875,1392.0,1403.949951171875,1007226
2017-05-25,1387.87060546875,1461.5999755859375,1472.0,1418.050048828125,1420.0,1464760
2017-05-26,1403.1583251953125,1477.699951171875,1484.800048828125,1452.800048828125,1458.0,766520
2017-05-29,1415.502685546875,1490.699951171875,1504.699951171875,1473.449951171875,1479.0,655977
2017-05-30,1399.502685546875,1473.8499755859375,1494.0,1471.0,1484.0,594316
2017-05-31,1406.0072021484375,1480.699951171875,1487.449951171875,1472.0999755859375,1474.9000244140625,536696
2017-06-01,1410.659912109375,1485.5999755859375,1500.0,1470.300048828125,1470.300048828125,560468
2017-06-02,1438.149658203125,1514.550048828125,1519.949951171875,1483.0999755859375,1494.0999755859375,638560
2017-06-05,1429.318603515625,1505.25,1519.25,1502.5999755859375,1518.9000244140625,447987
2017-06-06,1434.778564453125,1511.0,1523.0,1495.5,1509.699951171875,456242
2017-06-07,1440.4285888671875,1516.949951171875,1520.9000244140625,1502.0,1512.699951171875,392417
2017-06-08,1447.2177734375,1524.0999755859375,1536.699951171875,1517.050048828125,1520.9000244140625,1261815
2017-06-09,1449.8292236328125,1526.8499755859375,1538.0,1512.949951171875,1520.0,724205
2017-06-12,1429.8408203125,1505.800048828125,1524.25,1502.0999755859375,1520.0,325151
2017-06-13,1416.8795166015625,1492.1500244140625,1513.800048828125,1487.199951171875,1513.800048828125,671410
2017-06-14,1424.4285888671875,1500.0999755859375,1505.5999755859375,1485.1500244140625,1497.0,1032366
2017-06-15,1415.7877197265625,1491.0,1501.25,1487.449951171875,1497.800048828125,424499
2017-06-16,1423.2890625,1498.9000244140625,1513.0,1487.050048828125,1492.9000244140625,1375090
2017-06-19,1435.111083984375,1511.3499755859375,1521.5,1499.5,1503.0999755859375,692751
2017-06-20,1438.5294189453125,1514.949951171875,1521.449951171875,1503.550048828125,1512.0999755859375,472248
2017-06-21,1418.968505859375,1494.3499755859375,1512.0,1489.050048828125,1508.300048828125,859762
2017-06-22,1415.4552001953125,1490.6500244140625,1506.449951171875,1487.300048828125,1497.8499755859375,905839
2017-06-23,1416.1676025390625,1491.4000244140625,1503.0,1485.300048828125,1493.699951171875,596334
2017-06-27,1414.9805908203125,1490.1500244140625,1502.0,1485.0,1495.0,1285379
2017-06-28,1415.4552001953125,1490.6500244140625,1499.0,1463.1500244140625,1486.050048828125,972763
2017-06-29,1404.9150390625,1479.550048828125,1509.800048828125,1474.1500244140625,1495.050048828125,806219
2017-06-30,1404.345458984375,1478.949951171875,1483.5,1462.300048828125,1468.6500244140625,806197
2017-07-03,1415.7401123046875,1490.949951171875,1495.5999755859375,1472.75,1482.9000244140625,1167857
2017-07-04,1422.24462890625,1497.800048828125,1501.0,1477.050048828125,1477.050048828125,812900
2017-07-05,1439.85888671875,1516.3499755859375,1519.8499755859375,1499.0,1505.0,498116
2017-07-06,1442.8973388671875,1519.550048828125,1523.5,1506.1500244140625,1523.5,803617
2017-07-07,1449.306884765625,1526.300048828125,1529.9000244140625,1511.550048828125,1514.5,840805
2017-07-10,1481.6392822265625,1560.3499755859375,1564.949951171875,1526.5,1538.9000244140625,240968
2017-07-11,1481.9715576171875,1560.699951171875,1571.0,1550.6500244140625,1565.0,2874052
2017-07-12,1497.44921875,1577.0,1581.199951171875,1562.0,1572.5999755859375,1550156
2017-07-13,1500.203125,1579.9000244140625,1585.0,1561.300048828125,1581.0,712568
2017-07-14,1495.0755615234375,1574.5,1582.9000244140625,1568.6500244140625,1582.0,971789
2017-07-17,1501.295166015625,1581.050048828125,1584.75,1560.0,1576.0,762299
2017-07-18,1496.5770263671875,1570.0999755859375,1581.9000244140625,1564.5,1575.550048828125,789508
2017-07-19,1500.818603515625,1574.550048828125,1584.0,1569.5999755859375,1576.0,704416
2017-07-20,1486.9498291015625,1560.0,1580.949951171875,1554.8499755859375,1579.0,747783
2017-07-21,1493.2884521484375,1566.6500244140625,1568.9000244140625,1551.1500244140625,1560.0,665760
2017-07-24,1481.7073974609375,1554.5,1565.6500244140625,1549.5,1565.6500244140625,980822
2017-07-25,1470.2694091796875,1542.5,1556.9000244140625,1539.0999755859375,1554.0,1159201
2017-07-26,1506.2039794921875,1580.199951171875,1585.0,1536.6500244140625,1543.800048828125,1175988
2017-07-27,1531.4630126953125,1606.699951171875,1625.9000244140625,1585.0,1587.0,1980176
2017-07-28,1552.0992431640625,1628.3499755859375,1637.3499755859375,1594.050048828125,1596.5,923109
2017-07-31,1568.684326171875,1645.75,1650.800048828125,1616.5,1634.300048828125,1287974
2017-08-01,1587.7003173828125,1665.699951171875,1674.0,1637.75,1654.5999755859375,1150244
2017-08-02,1581.0758056640625,1658.75,1668.449951171875,1648.5,1665.5,509282
2017-08-03,1568.16015625,1645.199951171875,1660.0,1638.050048828125,1655.0,462668
2017-08-04,1586.7470703125,1664.699951171875,1670.9000244140625,1635.25,1635.25,557065
2017-08-07,1573.2119140625,1650.5,1674.550048828125,1647.699951171875,1670.0,386830
2017-08-08,1561.9168701171875,1638.6500244140625,1660.949951171875,1632.050048828125,1654.0,717420
2017-08-09,1560.5823974609375,1637.25,1645.0,1631.75,1638.0,530640
2017-08-10,1553.0999755859375,1629.4000244140625,1638.5999755859375,1609.0,1630.0,709628
2017-08-11,1549.2396240234375,1625.3499755859375,1633.5,1599.0,1609.0,1142387
2017-08-14,1548.6201171875,1624.699951171875,1640.5,1612.300048828125,1628.5,900057
2017-08-16,1570.0665283203125,1647.199951171875,1654.0,1603.4000244140625,1628.0,952709
2017-08-17,1552.2421875,1628.5,1650.0,1617.4000244140625,1650.0,619082
2017-08-18,1545.14111328125,1621.050048828125,1625.0,1594.300048828125,1625.0,620278
2017-08-21,1540.4227294921875,1616.0999755859375,1641.5,1611.699951171875,1620.0,484815
2017-08-22,1550.1453857421875,1626.300048828125,1640.949951171875,1611.0,1619.5,694864
2017-08-23,1583.1251220703125,1660.9000244140625,1664.949951171875,1628.0,1628.0,1091055
2017-08-24,1589.6065673828125,1667.699951171875,1684.0,1655.699951171875,1662.0999755859375,1400606
2017-08-28,1582.7913818359375,1660.550048828125,1670.0,1653.6500244140625,1667.0,745075
2017-08-29,1566.3492431640625,1643.300048828125,1659.300048828125,1638.0999755859375,1645.0,514823
2017-08-30,1578.2640380859375,1655.800048828125,1665.800048828125,1647.050048828125,1651.0,379651
2017-08-31,1579.169189453125,1656.75,1668.4000244140625,1648.0,1662.5,1845805
2017-09-01,1613.0069580078125,1692.25,1695.800048828125,1654.0,1661.0,616709
2017-09-04,1591.2745361328125,1669.449951171875,1689.550048828125,1658.5,1682.5,423495
2017-09-05,1605.8582763671875,1684.75,1688.5999755859375,1665.0,1670.699951171875,530479
2017-09-06,1605.90576171875,1684.800048828125,1693.800048828125,1673.1500244140625,1676.0,1155788
2017-09-07,1624.1114501953125,1703.9000244140625,1715.1500244140625,1687.6500244140625,1690.0,854744
2017-09-08,1616.486083984375,1695.9000244140625,1713.0,1688.0999755859375,1712.9000244140625,741404
2017-09-11,1707.3712158203125,1791.25,1804.0,1700.75,1711.0,3433596
2017-09-12,1660.33203125,1741.9000244140625,1803.75,1737.0,1803.75,2108188
2017-09-13,1663.048583984375,1744.75,1765.0,1736.4000244140625,1745.75,1217425
2017-09-14,1647.7977294921875,1728.75,1749.0,1719.0999755859375,1749.0,989267
2017-09-15,1619.7745361328125,1699.3499755859375,1727.800048828125,1691.1500244140625,1725.0,2777536
2017-09-18,1663.8587646484375,1745.5999755859375,1752.9000244140625,1706.0999755859375,1706.0999755859375,1469531
2017-09-19,1664.6689453125,1746.449951171875,1758.0,1741.199951171875,1749.699951171875,858627
2017-09-20,1645.5579833984375,1726.4000244140625,1756.5,1722.6500244140625,1745.0,1195102
2017-09-21,1649.1322021484375,1730.1500244140625,1735.0,1711.3499755859375,1729.0,883253
2017-09-22,1627.6380615234375,1707.5999755859375,1721.1500244140625,1694.0,1720.0,1247158
2017-09-25,1622.0145263671875,1701.699951171875,1713.699951171875,1675.199951171875,1695.25,1728603
2017-09-26,1614.1031494140625,1693.4000244140625,1706.5,1682.050048828125,1693.0999755859375,616105
2017-09-27,1589.8448486328125,1667.949951171875,1704.5999755859375,1662.550048828125,1699.0,1037854
2017-09-28,1602.04541015625,1680.75,1695.0,1641.199951171875,1662.9000244140625,2385207
2017-09-29,1603.427490234375,1682.199951171875,1695.5,1669.0,1681.0,1007099
2017-10-03,1613.674072265625,1692.949951171875,1701.5,1667.9000244140625,1693.0,1236296
2017-10-04,1618.20166015625,1697.699951171875,1713.6500244140625,1682.699951171875,1695.0,671976
2017-10-05,1609.718505859375,1688.800048828125,1706.0,1683.0,1694.949951171875,628607
2017-10-06,1603.713623046875,1682.5,1697.6500244140625,1677.0,1691.949951171875,709562
2017-10-09,1619.9173583984375,1699.5,1713.949951171875,1674.0,1682.5,842338
2017-10-10,1644.366455078125,1725.1500244140625,1729.300048828125,1708.3499755859375,1708.800048828125,846533
2017-10-11,1636.8363037109375,1717.25,1741.8499755859375,1707.050048828125,1728.199951171875,1073174
2017-10-12,1661.3804931640625,1743.0,1750.0,1699.300048828125,1730.949951171875,2435199
2017-10-13,1668.3861083984375,1750.3499755859375,1758.0,1740.550048828125,1752.0,1974411
2017-10-16,1635.6448974609375,1716.0,1746.449951171875,1697.699951171875,1740.0,2888889
2017-10-17,1627.7333984375,1707.699951171875,1735.0,1700.3499755859375,1721.0,1641325
2017-10-18,1628.305419921875,1708.300048828125,1721.0,1705.0,1716.9000244140625,979869
2017-10-19,1611.6724853515625,1690.8499755859375,1713.8499755859375,1680.0999755859375,1713.0,129154
2017-10-23,1616.1046142578125,1695.5,1707.25,1681.9000244140625,1691.0,1745367
2017-10-24,1586.9376220703125,1664.9000244140625,1700.949951171875,1654.800048828125,1694.5,1531714
2017-10-25,1517.8326416015625,1592.4000244140625,1669.9000244140625,1580.5,1669.9000244140625,3573873
2017-10-26,1541.852783203125,1617.5999755859375,1624.0,1572.4000244140625,1608.949951171875,2084712
2017-10-27,1551.14599609375,1627.3499755859375,1646.9000244140625,1616.5999755859375,1627.949951171875,1531589
2017-10-30,1544.8551025390625,1620.75,1641.8499755859375,1618.0999755859375,1635.0,1549643
2017-10-31,1550.955322265625,1627.1500244140625,1642.0,1618.800048828125,1624.0,1539175
2017-11-01,1565.6343994140625,1642.550048828125,1645.5,1625.199951171875,1641.0,1051035
2017-11-02,1551.2889404296875,1627.5,1649.75,1624.25,1644.5,1016358
2017-11-03,1596.088134765625,1674.5,1679.1500244140625,1626.5999755859375,1635.5,1960324
2017-11-06,1570.8289794921875,1648.0,1666.199951171875,1644.800048828125,1653.199951171875,1032097
2017-11-07,1576.8341064453125,1654.300048828125,1673.949951171875,1642.5,1653.0,1135418
2017-11-08,1595.9930419921875,1674.4000244140625,1689.9000244140625,1654.5999755859375,1667.0,2240615
2017-11-09,1588.700927734375,1666.75,1681.75,1652.800048828125,1677.699951171875,1278030
2017-11-10,1582.55322265625,1660.300048828125,1673.300048828125,1650.6500244140625,1665.0,1515793
2017-11-13,1581.504638671875,1659.199951171875,1672.5,1647.300048828125,1665.0,716930
2017-11-14,1561.0113525390625,1637.699951171875,1663.199951171875,1619.050048828125,1659.199951171875,1448013
2017-11-15,1522.5509033203125,1597.3499755859375,1640.75,1593.050048828125,1632.25,1725981
2017-11-16,1528.7940673828125,1603.9000244140625,1617.0999755859375,1592.5,1599.0,903458
2017-11-17,1555.4830322265625,1631.9000244140625,1636.5999755859375,1615.699951171875,1632.050048828125,578398
2017-11-20,1572.0682373046875,1649.300048828125,1659.0,1629.8499755859375,1635.25,3072448
2017-11-21,1571.40087890625,1648.5999755859375,1664.800048828125,1643.0,1658.0,1109357
2017-11-22,1551.14599609375,1627.3499755859375,1663.800048828125,1621.0,1656.9000244140625,751919
2017-11-23,1566.396728515625,1643.3499755859375,1654.949951171875,1627.5,1627.5,887882
2017-11-24,1597.803955078125,1676.300048828125,1682.8499755859375,1644.0,1646.0,1091064
2017-11-27,1582.8389892578125,1660.5999755859375,1671.699951171875,1648.75,1671.699951171875,746259
2017-11-28,1599.662353515625,1678.25,1692.0,1661.0,1661.199951171875,1333326
2017-11-29,1593.848388671875,1672.1500244140625,1689.949951171875,1666.0,1679.0,1121016
2017-11-30,1584.125732421875,1661.949951171875,1680.0,1654.0,1662.0,1743816
2017-12-01,1583.315673828125,1661.0999755859375,1681.4000244140625,1651.75,1660.8499755859375,901780
2017-12-04,1572.830810546875,1650.0999755859375,1674.75,1648.199951171875,1665.0,863386
2017-12-05,1587.4144287109375,1665.4000244140625,1673.6500244140625,1646.0999755859375,1651.25,1217660
2017-12-06,1576.26220703125,1653.699951171875,1674.0,1650.0,1664.0,789146
2017-12-07,1574.9754638671875,1652.3499755859375,1664.0,1649.550048828125,1663.800048828125,825254
2017-12-08,1592.7998046875,1671.050048828125,1685.800048828125,1655.0,1659.0,1131333
2017-12-11,1591.89404296875,1670.0999755859375,1697.300048828125,1663.1500244140625,1678.0,841915
2017-12-12,1572.9736328125,1650.25,1674.0,1646.1500244140625,1673.9000244140625,1677983
2017-12-13,1570.257080078125,1647.4000244140625,1659.8499755859375,1639.5999755859375,1648.0,1539500
2017-12-14,1573.069091796875,1650.3499755859375,1654.800048828125,1632.0,1648.0,1909251
2017-12-15,1598.5189208984375,1677.050048828125,1684.9000244140625,1647.5,1665.0,3543562
2017-12-18,1599.9962158203125,1678.5999755859375,1694.9000244140625,1630.199951171875,1667.0,1133385
2017-12-19,1591.846435546875,1670.050048828125,1684.4000244140625,1665.0,1681.0,880090
2017-12-20,1583.1251220703125,1660.9000244140625,1680.9000244140625,1655.0999755859375,1677.0,1297298
2017-12-21,1578.64501953125,1656.199951171875,1666.800048828125,1649.1500244140625,1657.5,610601
2017-12-22,1574.4986572265625,1651.8499755859375,1661.75,1646.800048828125,1652.0,832376
2017-12-26,1586.270263671875,1664.199951171875,1668.4000244140625,1646.9000244140625,1651.800048828125,772183
2017-12-27,1573.783935546875,1651.0999755859375,1669.9000244140625,1648.8499755859375,1667.5,624678
2017-12-28,1573.164306640625,1650.449951171875,1657.9000244140625,1646.6500244140625,1649.0,940604
2017-12-29,1571.6868896484375,1648.9000244140625,1661.9000244140625,1645.0999755859375,1652.0,702219
2018-01-01,1547.8099365234375,1623.8499755859375,1655.949951171875,1618.0999755859375,1652.0,771099
2018-01-02,1566.9686279296875,1643.949951171875,1647.0,1626.0999755859375,1626.300048828125,1392045
2018-01-03,1553.9102783203125,1630.25,1650.0,1624.0,1649.0,1120860
2018-01-04,1569.4945068359375,1646.5999755859375,1652.5,1631.0,1638.0,747232
2018-01-05,1618.67822265625,1698.199951171875,1703.0,1643.5,1645.0,1134406
2018-01-08,1639.3623046875,1719.9000244140625,1724.0,1700.0999755859375,1711.0,1489032
2018-01-09,1644.2711181640625,1725.050048828125,1729.949951171875,1706.75,1725.0,576106
2018-01-10,1652.897216796875,1734.0999755859375,1742.550048828125,1711.1500244140625,1724.949951171875,1223879
2018-01-11,1620.68017578125,1700.300048828125,1752.0,1685.0,1740.0,4145545
2018-01-12,1625.3983154296875,1705.25,1720.449951171875,1688.0,1710.0,2057925
2018-01-15,1603.6181640625,1682.4000244140625,1710.300048828125,1675.0,1707.0999755859375,997313
2018-01-16,1586.6517333984375,1664.5999755859375,1692.0,1660.0,1691.75,829183
2018-01-17,1579.8365478515625,1657.449951171875,1678.75,1645.4000244140625,1664.0999755859375,600044
2018-01-18,1601.4259033203125,1680.0999755859375,1707.0,1667.0,1679.0,2327815
2018-01-19,1605.1431884765625,1684.0,1692.25,1670.800048828125,1683.0,497099
2018-01-22,1604.380859375,1683.199951171875,1695.800048828125,1676.5999755859375,1684.0,820236
2018-01-23,1642.650634765625,1723.3499755859375,1730.0,1680.0,1690.0,1763797
2018-01-24,1636.8839111328125,1717.300048828125,1738.800048828125,1705.0,1725.0,968956
2018-01-25,1649.179931640625,1730.199951171875,1735.3499755859375,1703.699951171875,1723.0,2169317
2018-01-29,1660.9039306640625,1742.5,1751.050048828125,1724.0,1730.199951171875,1232573
2018-01-30,1654.7559814453125,1736.050048828125,1746.8499755859375,1721.25,1745.0,653937
2018-01-31,1671.007568359375,1753.0999755859375,1761.0,1725.0999755859375,1735.0,1237098
2018-02-01,1711.37451171875,1795.449951171875,1817.800048828125,1733.8499755859375,1754.0,3720115
2018-02-02,1678.82373046875,1761.300048828125,1779.5,1734.199951171875,1774.9000244140625,2192706
2018-02-05,1632.7852783203125,1713.0,1739.050048828125,1683.050048828125,1721.0,1600927
2018-02-06,1604.047119140625,1682.8499755859375,1701.9000244140625,1644.5,1650.550048828125,1846944
2018-02-07,1583.9351806640625,1661.75,1717.1500244140625,1658.5999755859375,1704.0,1423804
2018-02-08,1592.6090087890625,1670.8499755859375,1684.949951171875,1662.300048828125,1680.0,801569
2018-02-09,1572.5924072265625,1649.8499755859375,1659.550048828125,1635.5999755859375,1650.0,1206481
2018-02-12,1608.765380859375,1687.800048828125,1700.0,1645.199951171875,1649.8499755859375,864259
2018-02-14,1615.1038818359375,1694.449951171875,1709.5,1679.300048828125,1702.0,884974
2018-02-15,1607.192626953125,1686.1500244140625,1703.6500244140625,1669.0,1696.0,872147
2018-02-16,1581.2186279296875,1658.9000244140625,1696.75,1650.0,1694.0,1088167
2018-02-19,1554.100830078125,1630.449951171875,1657.800048828125,1616.0,1657.800048828125,1151645
2018-02-20,1546.7137451171875,1622.699951171875,1649.050048828125,1618.300048828125,1632.050048828125,859058
2018-02-21,1519.595947265625,1594.25,1636.0,1590.0,1636.0,1425276
2018-02-22,1547.4761962890625,1623.5,1631.0,1586.199951171875,1593.0,2073919
2018-02-23,1566.5396728515625,1643.5,1647.8499755859375,1619.0,1623.5,616552
2018-02-26,1612.1015625,1691.300048828125,1700.0,1648.0,1648.0,1023854
2018-02-27,1606.287109375,1685.199951171875,1703.9000244140625,1678.6500244140625,1700.1500244140625,529068
2018-02-28,1602.04541015625,1680.75,1688.5999755859375,1661.050048828125,1673.9000244140625,913679
2018-03-01,1620.7276611328125,1700.3499755859375,1708.949951171875,1673.5,1674.75,760617
2018-03-05,1610.099609375,1689.199951171875,1697.75,1676.6500244140625,1688.0,789108
2018-03-06,1630.2115478515625,1710.300048828125,1732.0,1700.050048828125,1705.0,1674469
2018-03-07,1624.4449462890625,1704.25,1713.949951171875,1686.199951171875,1701.0,1138136
2018-03-08,1614.8179931640625,1694.1500244140625,1718.25,1682.449951171875,1711.9000244140625,1112679
2018-03-09,1618.058837890625,1697.550048828125,1708.199951171875,1685.0,1702.0,1281268
2018-03-12,1654.041259765625,1735.300048828125,1738.800048828125,1705.0,1705.0,858788
2018-03-13,1648.5125732421875,1729.5,1751.0,1715.800048828125,1734.9000244140625,797998
2018-03-14,1652.182373046875,1733.3499755859375,1736.550048828125,1710.6500244140625,1724.0,685008
2018-03-15,1660.18896484375,1741.75,1750.0,1724.0,1733.0,604484
2018-03-16,1643.9373779296875,1724.699951171875,1753.3499755859375,1720.0,1741.0,2412430
2018-03-19,1638.313720703125,1718.800048828125,1732.949951171875,1713.050048828125,1731.0,1392321
2018-03-20,1636.264404296875,1716.6500244140625,1738.0,1702.0999755859375,1711.0999755859375,779431
2018-03-21,1650.37109375,1731.449951171875,1743.800048828125,1716.6500244140625,1716.6500244140625,1456002
2018-03-22,1671.007568359375,1753.0999755859375,1762.9000244140625,1735.0999755859375,1737.800048828125,1549193
2018-03-23,1667.5762939453125,1749.5,1756.800048828125,1725.0,1731.0,1854651
2018-03-26,1677.3460693359375,1759.75,1773.0999755859375,1748.199951171875,1751.699951171875,1796664
2018-03-27,1704.4638671875,1788.199951171875,1796.0,1758.800048828125,1772.0,852040
2018-03-28,1712.6136474609375,1796.75,1807.0,1772.1500244140625,1772.1500244140625,2380088
2018-04-02,1720.09619140625,1804.5999755859375,1809.9000244140625,1787.5,1801.5999755859375,663945
2018-04-03,1744.0203857421875,1829.699951171875,1841.199951171875,1795.0,1795.0,1152587
2018-04-04,1715.091796875,1799.3499755859375,1839.449951171875,1792.5999755859375,1830.0,732382
2018-04-05,1750.9310302734375,1836.949951171875,1841.5999755859375,1812.0,1832.699951171875,613812
2018-04-06,1738.73046875,1824.1500244140625,1838.949951171875,1814.0,1837.9000244140625,498517
2018-04-09,1772.9970703125,1860.0999755859375,1869.199951171875,1826.199951171875,1829.9000244140625,1148635
2018-04-10,1761.415771484375,1847.949951171875,1870.0,1845.0,1865.0,610933
2018-04-11,1768.8505859375,1855.75,1860.0999755859375,1838.050048828125,1850.0,470440
2018-04-12,1770.8048095703125,1857.800048828125,1864.5,1846.25,1852.0,403510
2018-04-13,1774.1409912109375,1861.300048828125,1871.9000244140625,1842.8499755859375,1857.0,408479
2018-04-16,1777.333984375,1864.6500244140625,1872.75,1852.6500244140625,1858.800048828125,636242
2018-04-17,1779.430908203125,1866.8499755859375,1878.3499755859375,1855.6500244140625,1864.6500244140625,405779
2018-04-18,1757.269775390625,1843.5999755859375,1873.199951171875,1836.0,1871.0,576214
2018-04-19,1747.1182861328125,1832.949951171875,1868.949951171875,1802.3499755859375,1853.0,2259972
2018-04-20,1727.9595947265625,1812.8499755859375,1844.0,1801.0999755859375,1844.0,1819822
2018-04-23,1786.62744140625,1874.4000244140625,1885.4000244140625,1808.800048828125,1814.4000244140625,1620444
2018-04-24,1789.4871826171875,1877.4000244140625,1887.9000244140625,1855.5999755859375,1878.9000244140625,1109545
2018-04-25,1761.225341796875,1847.75,1877.5999755859375,1845.300048828125,1874.0,809675
2018-04-26,1793.7762451171875,1881.9000244140625,1900.0,1844.0,1850.0,2077102
2018-04-27,1796.4451904296875,1884.699951171875,1896.4000244140625,1864.0,1882.949951171875,567026
2018-04-30,1809.1221923828125,1898.0,1903.199951171875,1880.0,1881.0,466913
2018-05-02,1780.8133544921875,1868.300048828125,1899.449951171875,1861.699951171875,1895.0,1320018
2018-05-03,1790.201904296875,1878.1500244140625,1884.0,1851.0999755859375,1863.0,1200445
2018-05-04,1802.593017578125,1891.1500244140625,1898.0,1870.300048828125,1878.5,752654
2018-05-07,1801.3062744140625,1889.800048828125,1900.050048828125,1881.0,1893.5,2126759
2018-05-08,1782.0523681640625,1869.5999755859375,1893.0,1843.0,1892.0999755859375,1401495
2018-05-09,1791.1072998046875,1879.0999755859375,1890.0,1860.25,1869.5999755859375,1375815
2018-05-10,1797.0645751953125,1885.3499755859375,1910.949951171875,1855.0,1879.0999755859375,2716101
2018-05-11,1805.5479736328125,1894.25,1897.9000244140625,1873.5999755859375,1890.050048828125,542317
2018-05-14,1825.3262939453125,1915.0,1918.3499755859375,1886.0,1886.0,497437
2018-05-15,1827.1849365234375,1916.949951171875,1951.5,1905.0999755859375,1919.0,1198159
2018-05-16,1835.429931640625,1925.5999755859375,1939.199951171875,1900.0,1911.5999755859375,506000
2018-05-17,1824.706787109375,1914.3499755859375,1934.25,1905.5999755859375,1920.0,503632
2018-05-18,1839.623779296875,1930.0,1945.0,1906.0,1915.0,952766
2018-05-21,1834.810302734375,1924.949951171875,1947.0,1912.449951171875,1935.9000244140625,845801
2018-05-22,1814.7935791015625,1903.949951171875,1931.300048828125,1895.0,1924.699951171875,545822
2018-05-23,1766.84912109375,1853.6500244140625,1898.699951171875,1848.5999755859375,1895.0,1220570
2018-05-24,1783.100830078125,1870.699951171875,1878.800048828125,1836.0,1853.6500244140625,864810
2018-05-25,1825.2786865234375,1914.949951171875,1919.25,1858.699951171875,1874.0,674128
2018-05-28,1824.802001953125,1914.449951171875,1925.0,1894.949951171875,1919.0,811547
2018-05-29,1789.3917236328125,1877.300048828125,1917.050048828125,1870.0,1908.0999755859375,855287
2018-05-30,1796.588134765625,1884.8499755859375,1892.199951171875,1858.199951171875,1868.699951171875,848282
2018-05-31,1863.882080078125,1955.449951171875,1995.0,1868.75,1884.0,3896725
2018-06-01,1825.70751953125,1915.4000244140625,1948.0,1905.0,1948.0,1082637
2018-06-04,1813.125732421875,1902.199951171875,1963.0,1892.0,1931.949951171875,964088
2018-06-05,1810.4569091796875,1899.4000244140625,1916.550048828125,1892.9000244140625,1897.0,708586
2018-06-06,1829.901611328125,1919.800048828125,1928.5,1881.3499755859375,1903.0,508953
2018-06-07,1811.4576416015625,1900.449951171875,1941.75,1895.0999755859375,1926.0,754249
2018-06-08,1800.2576904296875,1888.699951171875,1898.949951171875,1880.0,1895.0,1889091
2018-06-11,1815.6038818359375,1904.800048828125,1929.1500244140625,1895.300048828125,1898.9000244140625,794575
2018-06-12,1863.2149658203125,1954.75,1958.449951171875,1908.0,1910.0,1275739
2018-06-13,1861.4925537109375,1945.449951171875,1968.800048828125,1937.550048828125,1958.0,1169830
2018-06-14,1878.66796875,1963.4000244140625,1971.0999755859375,1934.0,1940.0,917199
2018-06-15,1882.4473876953125,1967.3499755859375,1978.4000244140625,1947.1500244140625,1963.0,2274265
2018-06-18,1883.0213623046875,1967.949951171875,1989.0,1961.0,1962.0999755859375,792509
2018-06-19,1848.14453125,1931.5,1962.449951171875,1916.75,1962.0,905231
2018-06-20,1882.4954833984375,1967.4000244140625,1975.0,1927.5,1939.0,489671
2018-06-21,1875.8929443359375,1960.5,1975.75,1946.050048828125,1969.300048828125,779490
2018-06-22,1868.9559326171875,1953.25,1963.75,1927.4000244140625,1960.5,956565
2018-06-25,1884.9351806640625,1969.949951171875,1976.9000244140625,1946.5,1951.0,566785
2018-06-26,1897.709228515625,1983.300048828125,1993.9000244140625,1956.8499755859375,1961.0999755859375,662063
2018-06-27,1884.2655029296875,1969.25,1995.0,1959.0999755859375,1989.0,555455
2018-06-28,1882.6866455078125,1967.5999755859375,1990.0,1948.25,1969.0,1393387
2018-06-29,1848.814208984375,1932.199951171875,1979.0,1929.550048828125,1970.0,1324639
2018-07-02,1864.697998046875,1948.800048828125,1957.050048828125,1928.5,1938.0,708738
2018-07-03,1866.802978515625,1951.0,1955.800048828125,1935.0,1944.0,926035
2018-07-04,1891.01123046875,1976.300048828125,1985.75,1945.300048828125,1954.0,1514361
2018-07-05,1879.672607421875,1964.449951171875,1991.0,1960.0999755859375,1980.199951171875,490611
2018-07-06,1874.8404541015625,1959.4000244140625,1971.449951171875,1952.300048828125,1961.449951171875,590699
2018-07-09,1873.7880859375,1958.300048828125,1970.0,1944.199951171875,1968.699951171875,853596
2018-07-10,1851.589111328125,1935.0999755859375,1970.0,1924.0,1970.0,3301425
2018-07-11,1832.16552734375,1914.800048828125,1946.5999755859375,1903.0999755859375,1943.0,1739970
2018-07-12,1854.5076904296875,1938.1500244140625,1953.0,1923.199951171875,1923.199951171875,844316
2018-07-13,1840.72900390625,1923.75,1948.800048828125,1918.3499755859375,1936.5,954344
2018-07-16,1839.7720947265625,1922.75,1950.5,1918.5,1929.949951171875,659528
2018-07-17,1822.7880859375,1905.0,1927.550048828125,1892.0,1924.0999755859375,1131560
2018-07-18,1818.0330810546875,1892.550048828125,1923.6500244140625,1886.0,1910.0,773027
2018-07-19,1813.9024658203125,1888.25,1905.9000244140625,1881.0,1894.8499755859375,593314
2018-07-20,1827.6392822265625,1902.550048828125,1913.949951171875,1877.5,1888.0,817518
2018-07-23,1863.7589111328125,1940.1500244140625,1942.4000244140625,1903.0,1906.25,1072520
2018-07-24,1870.7235107421875,1947.4000244140625,1954.800048828125,1940.0,1950.0,573920
2018-07-25,1887.678466796875,1965.050048828125,1970.5999755859375,1940.0,1949.949951171875,1065275
2018-07-26,1883.1636962890625,1960.3499755859375,1988.0,1947.8499755859375,1965.0,2959597
2018-07-27,1903.52880859375,1981.550048828125,1988.800048828125,1955.800048828125,1969.0,858768
2018-07-30,1892.6256103515625,1970.199951171875,1989.550048828125,1965.0,1978.0,1792695
2018-07-31,1916.5933837890625,1995.1500244140625,2001.75,1963.25,1970.0999755859375,460626
2018-08-01,1922.5491943359375,2001.3499755859375,2021.0,1992.699951171875,2005.0,884802
2018-08-02,1943.39501953125,2023.050048828125,2032.25,1995.550048828125,1999.0,1278375
2018-08-03,1936.478271484375,2015.8499755859375,2038.0,2003.449951171875,2033.0999755859375,1234257
2018-08-06,1921.0604248046875,1999.800048828125,2025.699951171875,1993.25,2022.9000244140625,749860
2018-08-07,1915.77685546875,1994.300048828125,2009.199951171875,1980.050048828125,2004.800048828125,531559
2018-08-08,1921.8768310546875,2000.6500244140625,2014.75,1984.0999755859375,1996.0,886494
2018-08-09,1906.89111328125,1985.050048828125,2011.0,1971.5999755859375,2008.0,593894
2018-08-10,1901.5595703125,1979.5,1998.0,1962.25,1981.0,648603
2018-08-13,1915.392578125,1993.9000244140625,1996.0,1963.0,1970.0,930525
2018-08-14,1918.94677734375,1997.5999755859375,2000.0,1979.199951171875,1993.9000244140625,322251
2018-08-16,1906.074462890625,1984.199951171875,1994.9000244140625,1974.1500244140625,1987.550048828125,812823
2018-08-17,1912.0303955078125,1990.4000244140625,1995.0,1982.0999755859375,1991.0,462694
2018-08-20,1912.55859375,1990.949951171875,2000.0,1986.8499755859375,1992.0,671269
2018-08-21,1898.1494140625,1975.949951171875,1995.0,1967.300048828125,1995.0,688170
2018-08-23,1880.1375732421875,1957.199951171875,1975.9000244140625,1952.050048828125,1975.9000244140625,1012394
2018-08-24,1852.2314453125,1928.1500244140625,1958.75,1921.550048828125,1958.75,939358
2018-08-27,1874.5179443359375,1951.3499755859375,1963.800048828125,1930.0,1932.550048828125,1305157
2018-08-28,1857.5150146484375,1933.6500244140625,1968.6500244140625,1930.0999755859375,1960.199951171875,686872
2018-08-29,1830.5213623046875,1905.550048828125,1939.300048828125,1900.0999755859375,1935.0,1139011
2018-08-30,1801.798583984375,1875.6500244140625,1907.449951171875,1867.0,1900.0999755859375,2124825
2018-08-31,1831.5299072265625,1906.5999755859375,1915.800048828125,1862.0,1871.0,1952492
2018-09-03,1822.307861328125,1897.0,1918.8499755859375,1884.699951171875,1906.0,937981
2018-09-04,1782.5379638671875,1855.5999755859375,1898.800048828125,1843.0,1895.0,1290572
2018-09-05,1781.8173828125,1854.8499755859375,1864.699951171875,1825.0,1855.800048828125,804386
2018-09-06,1805.977294921875,1880.0,1885.0,1851.0,1870.0,1003340
2018-09-07,1801.9906005859375,1875.8499755859375,1885.949951171875,1865.9000244140625,1872.0999755859375,763150
2018-09-10,1757.1295166015625,1829.1500244140625,1872.0,1818.199951171875,1872.0,1157745
2018-09-11,1754.5836181640625,1826.5,1854.949951171875,1819.5,1834.0999755859375,1430413
2018-09-12,1756.36083984375,1828.3499755859375,1837.050048828125,1804.800048828125,1825.0,1149898
2018-09-14,1799.0609130859375,1872.800048828125,1881.800048828125,1836.0,1845.0,1512590
2018-09-17,1803.1435546875,1877.050048828125,1880.9000244140625,1849.0,1857.800048828125,1009490
2018-09-18,1788.8302001953125,1862.1500244140625,1889.300048828125,1856.050048828125,1867.25,823718
2018-09-19,1733.593994140625,1804.6500244140625,1875.4000244140625,1799.25,1866.5999755859375,1471601
2018-09-21,1693.0555419921875,1762.449951171875,1834.0999755859375,1731.0,1820.0,4403405
2018-09-24,1608.2803955078125,1674.199951171875,1774.300048828125,1658.8499755859375,1769.0,4685534
2018-09-25,1629.9425048828125,1696.75,1717.550048828125,1649.0,1675.0999755859375,4503074
2018-09-26,1634.793701171875,1701.800048828125,1712.5,1679.5,1705.0,2914677
2018-09-27,1615.7734375,1682.0,1714.8499755859375,1676.300048828125,1705.0,2809983
2018-09-28,1623.50634765625,1690.050048828125,1720.0,1668.3499755859375,1693.0999755859375,1801534
2018-10-01,1577.97265625,1642.6500244140625,1669.9000244140625,1615.6500244140625,1660.0,5213931
2018-10-03,1574.17822265625,1638.699951171875,1659.199951171875,1606.0,1639.800048828125,5112718
2018-10-04,1526.9154052734375,1589.5,1627.199951171875,1551.3499755859375,1614.800048828125,3065332
2018-10-05,1544.0625,1607.3499755859375,1638.449951171875,1572.0,1572.0,4352946
2018-10-08,1537.0020751953125,1600.0,1629.4000244140625,1582.0999755859375,1606.0,2426418
2018-10-09,1544.5908203125,1607.9000244140625,1619.050048828125,1590.0999755859375,1608.0,1065187
2018-10-10,1573.4576416015625,1637.949951171875,1666.8499755859375,1604.199951171875,1612.0,2264070
2018-10-11,1529.845458984375,1592.550048828125,1610.0,1581.4000244140625,1610.0,2131052
2018-10-12,1587.626953125,1652.699951171875,1659.5,1606.0,1611.9000244140625,2169080
2018-10-15,1562.890869140625,1626.949951171875,1667.699951171875,1588.550048828125,1667.699951171875,4301735
2018-10-16,1556.7427978515625,1620.550048828125,1695.949951171875,1615.0,1639.0,7490737
2018-10-17,1540.748291015625,1603.9000244140625,1652.550048828125,1600.0,1636.25,3532784
2018-10-19,1514.619140625,1576.699951171875,1613.1500244140625,1570.0,1590.0,4071551
2018-10-22,1392.379638671875,1449.449951171875,1600.4000244140625,1421.5,1590.0,6528861
2018-10-23,1415.1466064453125,1473.1500244140625,1498.0,1425.0,1435.0,7242862
2018-10-24,1461.4488525390625,1521.3499755859375,1528.699951171875,1480.050048828125,1490.0,2177827
2018-10-25,1432.3897705078125,1491.0999755859375,1522.9000244140625,1475.5999755859375,1502.0999755859375,4971095
2018-10-26,1388.8734130859375,1445.800048828125,1498.0,1438.0999755859375,1496.5,2263193
2018-10-29,1357.172607421875,1412.800048828125,1445.0,1375.0,1445.0,4620039
2018-10-30,1310.5823974609375,1364.300048828125,1410.0,1349.5999755859375,1410.0,5974755
2018-10-31,1368.9884033203125,1425.0999755859375,1436.199951171875,1333.1500244140625,1355.0,6474213
2018-11-01,1406.30859375,1463.949951171875,1492.949951171875,1398.0,1402.0,5635786
2018-11-02,1481.0936279296875,1541.800048828125,1554.9000244140625,1475.0,1485.0,5732745
2018-11-05,1427.9228515625,1486.449951171875,1535.0,1480.199951171875,1535.0,2926342
2018-11-06,1417.3560791015625,1475.449951171875,1511.5999755859375,1442.6500244140625,1490.0,2830304
2018-11-07,1425.4732666015625,1483.9000244140625,1501.1500244140625,1475.0,1486.0,140435
2018-11-09,1436.0401611328125,1494.9000244140625,1520.300048828125,1476.0,1477.0999755859375,1913755
2018-11-12,1434.215087890625,1493.0,1519.0,1478.199951171875,1501.9000244140625,1434191
2018-11-13,1427.058349609375,1485.550048828125,1496.300048828125,1463.550048828125,1485.0999755859375,1678410
2018-11-14,1453.955810546875,1513.550048828125,1529.0,1492.5,1498.0,1888029
2018-11-15,1452.611083984375,1512.1500244140625,1533.25,1498.0,1515.0,1362884
2018-11-16,1441.9959716796875,1501.0999755859375,1526.0,1486.75,1519.0,1222318
2018-11-19,1477.3951416015625,1537.949951171875,1541.300048828125,1484.3499755859375,1503.0,2054251
2018-11-20,1496.5113525390625,1557.8499755859375,1569.9000244140625,1528.3499755859375,1535.0,2718989
2018-11-21,1485.800537109375,1546.699951171875,1568.949951171875,1538.4000244140625,1558.5,984774
2018-11-22,1468.653076171875,1528.8499755859375,1563.949951171875,1522.0,1548.0,1038896
2018-11-26,1501.2186279296875,1562.75,1567.699951171875,1532.050048828125,1538.0,1365620
2018-11-27,1526.0028076171875,1588.550048828125,1593.8499755859375,1548.800048828125,1553.699951171875,1707401
2018-11-28,1549.8262939453125,1613.3499755859375,1620.0,1592.199951171875,1596.0,2408350
2018-11-29,1595.16796875,1660.550048828125,1670.949951171875,1619.0,1629.0,2975979
2018-11-30,1567.5499267578125,1631.800048828125,1674.449951171875,1623.0,1664.5,1391187
2018-12-03,1591.085205078125,1656.300048828125,1661.8499755859375,1636.300048828125,1648.5,1509308
2018-12-04,1571.3443603515625,1635.75,1658.9000244140625,1631.800048828125,1653.0,1311350
2018-12-05,1540.4603271484375,1603.5999755859375,1630.0,1591.800048828125,1630.0,1669427
2018-12-06,1507.65478515625,1569.449951171875,1594.300048828125,1560.0,1594.199951171875,1605950
2018-12-07,1505.109375,1566.800048828125,1580.0,1531.050048828125,1572.0,1502809
2018-12-10,1493.245361328125,1554.449951171875,1573.0,1537.050048828125,1540.0,1485061
2018-12-11,1491.6605224609375,1552.800048828125,1564.75,1475.0,1476.75,2294146
2018-12-12,1519.9027099609375,1582.199951171875,1589.699951171875,1555.0,1565.0,1279021
2018-12-13,1546.704345703125,1610.0999755859375,1628.0,1576.949951171875,1591.5,1283289
2018-12-14,1540.7003173828125,1603.8499755859375,1613.5,1590.050048828125,1610.0,692049
2018-12-17,1569.038818359375,1633.3499755859375,1639.5,1605.0,1612.9000244140625,791402
2018-12-18,1574.9947509765625,1639.550048828125,1644.3499755859375,1609.0,1627.9000244140625,983139
2018-12-19,1549.1539306640625,1612.6500244140625,1652.699951171875,1609.4000244140625,1641.0,1390871
2018-12-20,1549.3460693359375,1612.8499755859375,1621.75,1593.300048828125,1606.0999755859375,1156454
2018-12-21,1513.6107177734375,1575.6500244140625,1625.949951171875,1572.199951171875,1612.8499755859375,1119348
2018-12-24,1500.834228515625,1562.3499755859375,1591.5,1555.949951171875,1578.0,757749
2018-12-26,1495.1666259765625,1556.449951171875,1564.949951171875,1520.300048828125,1559.699951171875,1712424
2018-12-27,1502.4193115234375,1564.0,1593.449951171875,1559.699951171875,1577.0,1880388
2018-12-28,1520.911376953125,1583.25,1600.5,1571.0,1578.8499755859375,1333919
2018-12-31,1536.32958984375,1599.300048828125,1604.0,1585.5999755859375,1591.300048828125,933039
2019-01-01,1532.7750244140625,1595.5999755859375,1605.0,1560.550048828125,1600.0,4043870
2019-01-02,1514.5233154296875,1576.5999755859375,1598.0,1568.25,1587.5999755859375,1164974
2019-01-03,1498.6728515625,1560.0999755859375,1580.0,1555.6500244140625,1573.0,958038
2019-01-04,1487.241455078125,1548.199951171875,1571.0,1540.199951171875,1560.800048828125,1868151
2019-01-07,1497.7603759765625,1559.1500244140625,1610.0,1550.5,1561.0,3991996
2019-01-08,1515.6279296875,1577.75,1588.0,1551.0,1563.1500244140625,1479592
2019-01-09,1538.6829833984375,1601.75,1610.0,1548.0,1580.0,6447772
2019-01-10,1504.2447509765625,1565.9000244140625,1607.8499755859375,1554.0,1607.8499755859375,4377060
2019-01-11,1455.4927978515625,1515.1500244140625,1574.0,1508.300048828125,1570.0,3180775
2019-01-14,1425.617431640625,1484.050048828125,1509.0,1471.0,1509.0,3615252
2019-01-15,1436.3282470703125,1495.199951171875,1504.4000244140625,1486.0,1491.0,1725819
2019-01-16,1466.5880126953125,1526.699951171875,1532.0,1495.949951171875,1496.0,2188162
2019-01-17,1463.0335693359375,1523.0,1536.0,1510.0,1526.699951171875,1467807
2019-01-18,1457.173828125,1516.9000244140625,1532.4000244140625,1513.0,1523.0999755859375,1589082
2019-01-21,1448.2401123046875,1507.5999755859375,1517.9000244140625,1497.0,1511.300048828125,1606142
2019-01-22,1442.4761962890625,1501.5999755859375,1506.199951171875,1475.0,1502.0,2666389
2019-01-23,1436.13623046875,1495.0,1509.0,1486.199951171875,1497.1500244140625,1441440
2019-01-24,1431.6212158203125,1490.300048828125,1500.0,1478.5,1492.199951171875,1088512
2019-01-25,1426.4339599609375,1484.9000244140625,1512.4000244140625,1478.25,1496.300048828125,1738412
2019-01-28,1386.85595703125,1443.699951171875,1492.949951171875,1437.4000244140625,1472.199951171875,2246761
2019-01-29,1404.2913818359375,1461.8499755859375,1466.0,1430.25,1446.0,1388542
2019-01-30,1417.9803466796875,1476.0999755859375,1490.0,1458.0,1465.9000244140625,3193022
2019-01-31,1446.2708740234375,1505.550048828125,1520.5,1473.0999755859375,1480.0,2469714
2019-02-01,1455.4927978515625,1515.1500244140625,1535.4000244140625,1496.9000244140625,1507.9000244140625,1547424
2019-02-04,1445.40625,1504.6500244140625,1511.449951171875,1469.3499755859375,1508.0999755859375,2054061
2019-02-05,1481.0455322265625,1541.75,1557.1500244140625,1498.050048828125,1504.8499755859375,1710784
2019-02-06,1465.963623046875,1526.050048828125,1543.75,1507.0,1543.75,1541770
2019-02-07,1455.3006591796875,1514.949951171875,1529.9000244140625,1507.0,1525.0,1602553
2019-02-08,1440.02685546875,1499.050048828125,1529.5,1490.9000244140625,1512.9000244140625,2194466
2019-02-11,1451.5062255859375,1511.0,1518.0,1482.0,1502.9000244140625,1387113
2019-02-12,1438.24951171875,1497.199951171875,1522.75,1486.25,1512.0999755859375,1136862
2019-02-14,1457.750244140625,1517.5,1530.800048828125,1476.050048828125,1491.9000244140625,1756930
2019-02-15,1450.065185546875,1509.5,1521.949951171875,1498.699951171875,1515.550048828125,1169312
2019-02-18,1457.2698974609375,1517.0,1524.9000244140625,1500.0,1509.5,1040787
2019-02-19,1422.20703125,1480.5,1520.9000244140625,1471.0999755859375,1512.0,1352025
2019-02-20,1422.4952392578125,1480.800048828125,1493.5999755859375,1474.0999755859375,1480.0,1688403
2019-02-21,1413.6094970703125,1471.550048828125,1494.4000244140625,1455.0,1479.449951171875,2297058
2019-02-22,1405.2039794921875,1462.800048828125,1486.949951171875,1458.0999755859375,1474.0,1314113
2019-02-25,1432.4857177734375,1491.199951171875,1495.0,1461.050048828125,1465.050048828125,1055629
2019-02-26,1419.901611328125,1478.0999755859375,1488.8499755859375,1461.800048828125,1480.0,850891
2019-02-27,1418.556640625,1476.699951171875,1493.949951171875,1458.199951171875,1482.050048828125,1553126
2019-02-28,1415.8189697265625,1473.8499755859375,1489.0,1470.5,1487.75,2400890
2019-03-01,1454.484130859375,1514.0999755859375,1519.5,1474.949951171875,1481.699951171875,2243654
2019-03-05,1480.9013671875,1541.5999755859375,1547.0,1510.0,1510.0,1768341
2019-03-06,1474.417236328125,1534.8499755859375,1541.0,1522.25,1537.5,1694922
2019-03-07,1470.9588623046875,1531.25,1544.949951171875,1520.1500244140625,1534.9000244140625,2128646
2019-03-08,1458.230712890625,1518.0,1531.5999755859375,1507.949951171875,1529.0,966595
2019-03-11,1454.9644775390625,1514.5999755859375,1525.0,1502.4000244140625,1520.9000244140625,2472505
2019-03-12,1507.2706298828125,1569.050048828125,1585.0,1510.75,1526.0,7399042
2019-03-13,1571.920654296875,1636.3499755859375,1640.0,1567.9000244140625,1574.9000244140625,7407679
2019-03-14,1616.445556640625,1682.699951171875,1701.0,1635.0,1649.0,6598388
2019-03-15,1636.1866455078125,1703.25,1718.0,1685.0999755859375,1686.0,3884063
2019-03-18,1648.2425537109375,1715.800048828125,1734.449951171875,1702.5999755859375,1708.0,2427808
2019-03-19,1657.2723388671875,1725.199951171875,1735.0,1718.199951171875,1730.0,1738526
2019-03-20,1645.9368896484375,1713.4000244140625,1730.0,1708.0,1729.0,1592600
2019-03-22,1631.7196044921875,1698.5999755859375,1731.550048828125,1694.300048828125,1715.0,2081172
2019-03-25,1617.2623291015625,1683.550048828125,1699.949951171875,1675.0,1682.0999755859375,1689972
2019-03-26,1647.1378173828125,1714.6500244140625,1720.0,1668.5999755859375,1681.0,2216791
2019-03-27,1733.2099609375,1804.25,1813.449951171875,1720.0999755859375,1730.0,5562677
2019-03-28,1749.3963623046875,1821.0999755859375,1834.4000244140625,1777.1500244140625,1812.5,4070284
2019-04-01,1674.419677734375,1743.050048828125,1799.0,1739.050048828125,1797.0,2594605
2019-04-02,1704.6793212890625,1774.550048828125,1780.0,1730.800048828125,1754.6500244140625,2760486
2019-04-03,1703.7666015625,1773.5999755859375,1818.0,1761.949951171875,1784.0,2494990
2019-04-04,1667.791015625,1736.1500244140625,1782.75,1723.25,1773.5999755859375,2164515
2019-04-05,1698.3389892578125,1767.949951171875,1774.8499755859375,1745.1500244140625,1748.0,1183378
2019-04-08,1682.056396484375,1751.0,1798.5999755859375,1746.050048828125,1768.9000244140625,1816648
2019-04-09,1697.5225830078125,1767.0999755859375,1772.4000244140625,1730.25,1758.0,1675803
2019-04-10,1678.6461181640625,1747.449951171875,1778.949951171875,1742.199951171875,1766.050048828125,1891510
2019-04-11,1672.114013671875,1740.6500244140625,1752.9000244140625,1727.800048828125,1748.9000244140625,965883
2019-04-12,1668.41552734375,1736.800048828125,1744.449951171875,1726.0999755859375,1743.5,1029735
2019-04-15,1680.039306640625,1748.9000244140625,1764.9000244140625,1732.800048828125,1743.5,973597
2019-04-16,1743.6807861328125,1815.1500244140625,1820.0,1753.0,1753.9000244140625,2593532
2019-04-18,1694.832763671875,1764.300048828125,1823.75,1752.300048828125,1816.0,1857583
2019-04-22,1624.4188232421875,1691.0,1760.0,1682.949951171875,1759.0,2184388
2019-04-23,1586.3299560546875,1651.3499755859375,1716.0,1645.0,1691.0,2161145
2019-04-24,1632.3438720703125,1699.25,1705.0,1661.0999755859375,1667.0,3467827
2019-04-25,1617.1661376953125,1683.449951171875,1724.0,1673.0,1716.0,3070975
2019-04-26,1631.9598388671875,1698.8499755859375,1703.25,1661.5,1684.0,1639196
2019-04-30,1543.2459716796875,1606.5,1679.9000244140625,1575.199951171875,1679.9000244140625,5059803
2019-05-02,1499.82568359375,1561.300048828125,1617.5999755859375,1551.5,1601.1500244140625,4071588
2019-05-03,1495.310791015625,1556.5999755859375,1579.0,1546.800048828125,1565.0,2042908
2019-05-06,1468.0770263671875,1528.25,1543.300048828125,1521.5999755859375,1543.300048828125,2018992
2019-05-07,1456.1171875,1515.800048828125,1542.0,1495.5,1539.800048828125,3333379
2019-05-08,1430.13232421875,1488.75,1525.949951171875,1482.0999755859375,1515.800048828125,2652472
2019-05-09,1418.41259765625,1476.550048828125,1489.0,1468.8499755859375,1486.0,3040828
2019-05-10,1383.2056884765625,1439.9000244140625,1492.5,1430.0,1478.550048828125,2304082
2019-05-13,1338.4404296875,1393.300048828125,1446.0,1387.25,1434.0,2608583
2019-05-14,1376.2890625,1432.699951171875,1442.0,1386.5,1393.300048828125,5582146
2019-05-15,1324.7034912109375,1379.0,1452.0,1373.0,1436.0,3321014
2019-05-16,1304.722412109375,1358.199951171875,1382.0,1348.0999755859375,1382.0,4571270
2019-05-17,1319.4681396484375,1373.550048828125,1392.0,1365.0,1368.0,3070835
2019-05-20,1435.800048828125,1494.6500244140625,1505.6500244140625,1400.0,1400.0,4545248
2019-05-21,1390.74658203125,1447.75,1514.0,1443.0,1499.9000244140625,3331988
2019-05-22,1459.09521484375,1518.9000244140625,1536.8499755859375,1382.300048828125,1446.949951171875,18578611
2019-05-23,1535.8011474609375,1598.75,1640.0,1543.1500244140625,1547.0,12378857
2019-05-24,1583.9765625,1648.9000244140625,1658.0,1594.0,1608.699951171875,6065381
2019-05-27,1549.2979736328125,1612.800048828125,1647.9000244140625,1607.0,1647.9000244140625,2426340
2019-05-28,1555.878173828125,1619.6500244140625,1632.0,1596.699951171875,1615.0,2044030
2019-05-29,1545.311279296875,1608.6500244140625,1629.3499755859375,1602.050048828125,1617.0,1628713
2019-05-30,1524.417724609375,1586.9000244140625,1621.5999755859375,1580.550048828125,1608.5999755859375,4997347
2019-05-31,1542.1412353515625,1605.3499755859375,1610.949951171875,1555.050048828125,1599.0,3138032
2019-06-03,1597.1851806640625,1662.6500244140625,1667.0,1589.699951171875,1600.0999755859375,3064055
2019-06-04,1573.505859375,1638.0,1672.949951171875,1630.0,1663.0,2614383
2019-06-06,1462.6976318359375,1522.6500244140625,1634.699951171875,1510.0,1634.699951171875,6402947
2019-06-07,1491.0838623046875,1552.199951171875,1560.0,1482.050048828125,1530.0,6289576
2019-06-10,1490.5556640625,1551.6500244140625,1585.0999755859375,1536.1500244140625,1564.0,3211040
2019-06-11,1527.9720458984375,1590.5999755859375,1595.300048828125,1563.0,1564.0,3468327
2019-06-12,1508.0390625,1569.8499755859375,1602.5999755859375,1561.199951171875,1597.0,3504083
2019-06-13,1430.228271484375,1488.8499755859375,1525.0,1440.0,1520.0,10175722
2019-06-14,1370.6214599609375,1426.800048828125,1495.0,1411.25,1493.0,10500760
2019-06-17,1344.54052734375,1399.6500244140625,1449.9000244140625,1396.199951171875,1427.5,7360154
2019-06-18,1353.5223388671875,1409.0,1444.8499755859375,1400.0999755859375,1410.5,6611201
2019-06-19,1326.9609375,1381.3499755859375,1439.0,1370.0999755859375,1424.800048828125,5716245
2019-06-20,1379.0748291015625,1435.5999755859375,1441.0999755859375,1348.0,1380.0,7571159
2019-06-21,1391.6112060546875,1448.6500244140625,1465.0,1419.1500244140625,1445.0,4913512
2019-06-24,1404.0032958984375,1461.550048828125,1485.0,1449.050048828125,1483.0,4102227
2019-06-25,1392.5718994140625,1449.6500244140625,1460.5,1441.550048828125,1455.050048828125,2445906
2019-06-26,1378.306640625,1434.800048828125,1452.5999755859375,1427.25,1450.0,2478755
2019-06-27,1393.0999755859375,1450.199951171875,1464.300048828125,1435.199951171875,1439.0,4007859
2019-06-28,1354.9632568359375,1410.5,1458.0,1400.0,1458.0,4108364
2019-07-01,1377.1536865234375,1433.5999755859375,1442.1500244140625,1416.3499755859375,1427.9000244140625,3446607
2019-07-02,1360.775146484375,1416.550048828125,1452.0,1410.0999755859375,1447.0,3100554
2019-07-03,1412.6968994140625,1470.5999755859375,1479.5,1423.4000244140625,1430.0,5366734
2019-07-04,1434.3109130859375,1493.0999755859375,1513.5,1466.300048828125,1473.0,4799912
2019-07-05,1472.207763671875,1532.550048828125,1540.0,1484.4000244140625,1498.699951171875,5145552
2019-07-08,1418.3646240234375,1476.5,1544.949951171875,1470.8499755859375,1515.25,3857205
2019-07-09,1433.3504638671875,1492.0999755859375,1509.3499755859375,1457.0999755859375,1476.5,3733488
2019-07-10,1428.6912841796875,1487.25,1520.75,1468.5999755859375,1501.0,3222571
2019-07-11,1480.5650634765625,1541.25,1556.0,1495.0,1504.0,4337246
2019-07-12,1450.065185546875,1509.5,1562.5,1493.6500244140625,1550.0,10637123
2019-07-15,1417.01953125,1475.0999755859375,1530.0,1468.0,1529.949951171875,5656516
2019-07-16,1415.1944580078125,1473.199951171875,1485.0,1460.050048828125,1485.0,3863867
2019-07-17,1442.1400146484375,1501.25,1508.550048828125,1457.0,1482.800048828125,5290039
2019-07-18,1413.513427734375,1471.449951171875,1503.0,1468.3499755859375,1496.050048828125,2404071
2019-07-19,1366.1546630859375,1422.1500244140625,1488.699951171875,1407.199951171875,1480.0,4698852
2019-07-22,1362.55224609375,1418.4000244140625,1428.800048828125,1382.0,1418.949951171875,4578591
2019-07-23,1360.967041015625,1416.75,1432.800048828125,1404.4000244140625,1425.699951171875,2946083
2019-07-24,1308.3729248046875,1362.0,1426.3499755859375,1353.3499755859375,1407.199951171875,4148585
2019-07-25,1336.85546875,1391.6500244140625,1419.3499755859375,1367.0,1368.0,6816446
2019-07-26,1359.766357421875,1415.5,1422.0,1386.550048828125,1400.5,3106622
2019-07-29,1375.9049072265625,1432.300048828125,1436.0,1402.0999755859375,1410.0,3185949
2019-07-30,1284.6455078125,1337.300048828125,1447.5999755859375,1317.6500244140625,1436.050048828125,8804120
2019-07-31,1357.220703125,1412.8499755859375,1419.699951171875,1312.0,1317.6500244140625,7730088
2019-08-01,1343.579833984375,1398.6500244140625,1435.0,1365.0,1390.0999755859375,9532030
2019-08-02,1328.4498291015625,1382.9000244140625,1412.5,1366.449951171875,1396.0,4625690
2019-08-05,1333.541259765625,1388.199951171875,1404.699951171875,1350.0,1365.0,6796784
2019-08-06,1361.3033447265625,1417.0999755859375,1430.0,1377.75,1388.199951171875,3140739
2019-08-07,1370.189208984375,1426.3499755859375,1462.050048828125,1415.449951171875,1417.0,6078493
2019-08-08,1365.5538330078125,1414.050048828125,1430.0,1372.949951171875,1430.0,5079904
2019-08-09,1364.9261474609375,1413.4000244140625,1435.0,1405.300048828125,1435.0,4666041
2019-08-13,1326.3463134765625,1373.449951171875,1417.1500244140625,1352.199951171875,1415.0,3477027
2019-08-14,1352.806396484375,1400.8499755859375,1408.800048828125,1377.0999755859375,1389.0,2823062
2019-08-16,1389.74462890625,1439.0999755859375,1445.0,1375.0,1380.0,3127077
2019-08-19,1393.028076171875,1442.5,1457.9000244140625,1430.550048828125,1442.0,2484182
2019-08-20,1356.6693115234375,1404.8499755859375,1451.949951171875,1388.0999755859375,1451.0,3395591
2019-08-21,1320.310546875,1367.199951171875,1412.8499755859375,1357.8499755859375,1412.5,2929477
2019-08-22,1289.8426513671875,1335.6500244140625,1365.949951171875,1330.050048828125,1365.949951171875,4436240
2019-08-23,1265.55517578125,1310.5,1343.6500244140625,1280.0999755859375,1339.5999755859375,7921907
2019-08-26,1302.251953125,1348.5,1354.9000244140625,1267.25,1346.050048828125,7080111
2019-08-27,1338.5623779296875,1386.0999755859375,1401.699951171875,1355.25,1360.0,4755041
2019-08-28,1319.0068359375,1365.8499755859375,1406.5,1353.699951171875,1379.0,8031108
2019-08-29,1304.231689453125,1350.550048828125,1381.0,1338.0,1357.0,4555489
2019-08-30,1347.8814697265625,1395.75,1401.6500244140625,1330.1500244140625,1359.050048828125,5254735
2019-09-03,1297.8580322265625,1343.949951171875,1387.949951171875,1335.5999755859375,1380.0,6169187
2019-09-04,1272.4117431640625,1317.5999755859375,1343.949951171875,1296.550048828125,1339.0,6069299
2019-09-05,1263.2373046875,1308.0999755859375,1335.0,1303.449951171875,1327.0,3820454
2019-09-06,1285.4486083984375,1331.0999755859375,1340.0,1311.300048828125,1321.0999755859375,2744448
2019-09-09,1289.2149658203125,1335.0,1340.949951171875,1308.0,1330.0,3024923
2019-09-11,1325.0909423828125,1372.1500244140625,1380.0,1340.0,1340.5999755859375,2958610
2019-09-12,1342.5701904296875,1390.25,1412.0,1375.4000244140625,1379.0,3847286
2019-09-13,1350.6336669921875,1398.5999755859375,1406.699951171875,1371.0,1389.0,3506741
2019-09-16,1328.760498046875,1375.949951171875,1395.0,1365.0,1380.050048828125,2406553
2019-09-17,1286.8970947265625,1332.5999755859375,1384.9000244140625,1325.25,1376.0,3418892
2019-09-18,1284.772705078125,1330.4000244140625,1349.0,1321.800048828125,1340.0,3466276
2019-09-19,1238.2740478515625,1282.25,1333.300048828125,1278.1500244140625,1332.9000244140625,4668596
2019-09-20,1370.91357421875,1419.5999755859375,1454.4000244140625,1271.5,1289.0,12418793
2019-09-23,1459.7100830078125,1511.550048828125,1548.1500244140625,1462.0,1462.0,8634884
2019-09-24,1464.297119140625,1516.300048828125,1527.0,1496.3499755859375,1505.0,5167834
2019-09-25,1452.3223876953125,1503.9000244140625,1521.050048828125,1492.550048828125,1509.0,5158518
2019-09-26,1494.9100341796875,1548.0,1554.75,1507.0,1507.0,7017228
2019-09-27,1430.0146484375,1480.800048828125,1545.0,1470.8499755859375,1539.5999755859375,4445539
2019-09-30,1336.099853515625,1383.550048828125,1475.800048828125,1346.1500244140625,1475.800048828125,9439585
2019-10-01,1253.5322265625,1298.050048828125,1410.199951171875,1188.050048828125,1397.0,13839863
2019-10-03,1212.44140625,1255.5,1309.449951171875,1220.0,1295.0,13455663
2019-10-04,1221.9053955078125,1265.300048828125,1292.949951171875,1255.25,1280.0,7423301
2019-10-07,1198.4871826171875,1241.050048828125,1276.0,1215.0,1275.0,5212929
2019-10-09,1263.768798828125,1308.6500244140625,1319.0,1235.5999755859375,1241.0,6865376
2019-10-10,1186.367431640625,1228.5,1321.0,1220.0,1310.0,13975918
2019-10-11,1181.249267578125,1223.199951171875,1253.949951171875,1191.3499755859375,1235.949951171875,12987781
2019-10-14,1207.70947265625,1250.5999755859375,1264.9000244140625,1227.9000244140625,1240.0,4786662
2019-10-15,1228.616943359375,1272.25,1277.550048828125,1236.0,1256.949951171875,4669980
2019-10-16,1230.789794921875,1274.5,1285.0,1265.0,1274.949951171875,4118174
2019-10-17,1294.1400146484375,1340.0999755859375,1345.0,1270.0,1276.0,5237964
2019-10-18,1296.6025390625,1342.6500244140625,1361.699951171875,1317.0999755859375,1332.0,5604223
2019-10-22,1295.00927734375,1341.0,1357.8499755859375,1320.0,1340.0,3577455
2019-10-23,1286.8970947265625,1332.5999755859375,1347.949951171875,1309.6500244140625,1339.0,3003881
2019-10-24,1238.9984130859375,1283.0,1347.8499755859375,1272.0,1340.199951171875,6833303
2019-10-25,1228.423828125,1272.050048828125,1288.0,1260.0999755859375,1288.0,4141541
2019-10-27,1232.8660888671875,1276.6500244140625,1284.0,1273.550048828125,1282.0,303098
2019-10-29,1270.1905517578125,1315.300048828125,1326.0,1264.1500244140625,1275.0,4248732
2019-10-30,1252.711181640625,1297.199951171875,1323.949951171875,1282.4000244140625,1315.0,3333740
2019-10-31,1268.1624755859375,1313.199951171875,1344.0,1290.0,1303.949951171875,7559742
2019-11-01,1332.5267333984375,1379.8499755859375,1385.8499755859375,1316.199951171875,1328.0,7803620
2019-11-04,1305.921630859375,1352.300048828125,1393.9000244140625,1350.0,1374.949951171875,3641707
2019-11-05,1274.825927734375,1320.0999755859375,1360.300048828125,1315.0,1354.0,2656825
2019-11-06,1296.9405517578125,1343.0,1353.5999755859375,1310.0,1321.25,3214840
2019-11-07,1334.5064697265625,1381.9000244140625,1397.8499755859375,1350.0,1350.0,5563949
2019-11-08,1374.0037841796875,1422.800048828125,1453.949951171875,1355.550048828125,1367.050048828125,8506906
2019-11-11,1395.49072265625,1445.050048828125,1454.9000244140625,1407.4000244140625,1416.0,3521409
2019-11-13,1365.6986083984375,1414.199951171875,1462.449951171875,1408.550048828125,1445.0,4578522
2019-11-14,1327.939697265625,1375.0999755859375,1399.699951171875,1353.199951171875,1399.699951171875,5279888
2019-11-15,1312.3919677734375,1359.0,1388.199951171875,1345.699951171875,1377.0999755859375,4476838
2019-11-18,1327.2637939453125,1374.4000244140625,1379.9000244140625,1359.5,1361.4000244140625,2034198
2019-11-19,1344.9842529296875,1392.75,1409.0,1374.550048828125,1382.0,4880427
2019-11-20,1418.9091796875,1469.300048828125,1478.75,1402.0,1402.0,7334715
2019-11-21,1396.5528564453125,1446.1500244140625,1502.050048828125,1437.5999755859375,1480.0999755859375,6229283
2019-11-22,1396.5528564453125,1446.1500244140625,1460.800048828125,1437.0,1449.949951171875,2062280
2019-11-25,1445.5140380859375,1496.8499755859375,1499.1500244140625,1446.1500244140625,1446.1500244140625,3029183
2019-11-26,1463.9107666015625,1515.9000244140625,1521.5,1480.5,1495.0,6748616
2019-11-27,1474.0023193359375,1526.3499755859375,1537.4000244140625,1508.0,1519.0,4156766
2019-11-28,1514.4654541015625,1568.25,1575.800048828125,1520.0,1526.0,5080043
2019-11-29,1515.2862548828125,1569.0999755859375,1581.5999755859375,1552.050048828125,1556.0,5852032
2019-12-02,1521.9495849609375,1576.0,1596.550048828125,1561.199951171875,1592.0,3906554
2019-12-03,1491.72314453125,1544.699951171875,1580.0,1532.9000244140625,1579.199951171875,3594869
2019-12-04,1491.336669921875,1544.300048828125,1554.0,1523.0,1538.4000244140625,3417501
2019-12-05,1457.9718017578125,1509.75,1548.9000244140625,1506.9000244140625,1544.300048828125,3222397
2019-12-06,1415.5771484375,1465.8499755859375,1518.6500244140625,1456.0,1517.0,2990724
2019-12-09,1400.2708740234375,1450.0,1484.8499755859375,1445.3499755859375,1457.0,2831428
2019-12-10,1363.1878662109375,1411.5999755859375,1461.5,1408.5999755859375,1460.0,2751068
2019-12-11,1371.9276123046875,1420.6500244140625,1432.0,1396.1500244140625,1418.699951171875,3263070
2019-12-12,1394.62158203125,1444.1500244140625,1451.0,1421.199951171875,1424.25,2490582
2019-12-13,1434.4569091796875,1485.4000244140625,1493.949951171875,1449.75,1449.75,3512530
2019-12-16,1442.1824951171875,1493.4000244140625,1507.0,1483.25,1504.5,2909431
2019-12-17,1441.5546875,1492.75,1508.5,1486.199951171875,1500.0999755859375,2861481
2019-12-18,1449.3287353515625,1500.800048828125,1504.0,1490.0,1501.0,2573443
2019-12-19,1438.802490234375,1489.9000244140625,1505.800048828125,1478.199951171875,1493.0,2656772
2019-12-20,1436.9193115234375,1487.949951171875,1508.5,1482.5,1490.5,2875305
2019-12-23,1444.9830322265625,1496.300048828125,1501.5,1479.3499755859375,1488.0,1584336
2019-12-24,1469.65673828125,1521.8499755859375,1532.0,1495.0,1495.0,4488835
2019-12-26,1463.427978515625,1515.4000244140625,1529.5999755859375,1504.6500244140625,1517.0999755859375,2265163
2019-12-27,1472.6021728515625,1524.9000244140625,1540.0,1512.0999755859375,1524.699951171875,1755565
2019-12-30,1478.879150390625,1531.4000244140625,1552.5,1518.050048828125,1524.9000244140625,2526529
2019-12-31,1458.2132568359375,1510.0,1534.800048828125,1505.0,1531.4000244140625,1979911
2020-01-01,1433.3946533203125,1484.300048828125,1523.949951171875,1480.800048828125,1512.0,2135253
2020-01-02,1476.5616455078125,1529.0,1534.300048828125,1486.0999755859375,1491.75,2365906
2020-01-03,1476.4166259765625,1528.8499755859375,1538.0,1512.0999755859375,1524.0,2622870
2020-01-06,1419.005615234375,1469.4000244140625,1517.75,1465.449951171875,1515.050048828125,3151046
2020-01-07,1411.5213623046875,1461.6500244140625,1508.0,1442.199951171875,1488.449951171875,3572603
2020-01-08,1408.575927734375,1458.5999755859375,1481.5999755859375,1439.050048828125,1441.0,3363919
2020-01-09,1455.9437255859375,1507.6500244140625,1515.949951171875,1483.199951171875,1490.0,3496433
2020-01-10,1440.1063232421875,1491.25,1521.6500244140625,1484.199951171875,1510.8499755859375,3189536
2020-01-13,1486.846435546875,1539.6500244140625,1547.0,1487.3499755859375,1499.800048828125,3732412
2020-01-14,1430.83544921875,1481.6500244140625,1585.0,1470.25,1546.0,15123110
2020-01-15,1352.4686279296875,1400.5,1463.4000244140625,1391.3499755859375,1463.4000244140625,13995235
2020-01-16,1338.900390625,1386.449951171875,1415.0,1377.0999755859375,1405.0,10544088
2020-01-17,1305.8734130859375,1352.25,1377.0,1317.050048828125,1350.0,10020063
2020-01-20,1286.2694091796875,1331.949951171875,1367.9000244140625,1323.0,1367.9000244140625,6047237
2020-01-21,1290.5185546875,1336.3499755859375,1350.0,1320.0,1332.0,4501887
2020-01-22,1281.8756103515625,1327.4000244140625,1348.0,1323.0,1346.3499755859375,3038713
2020-01-23,1286.1248779296875,1331.800048828125,1339.800048828125,1320.0999755859375,1330.0,4358219
2020-01-24,1270.9630126953125,1316.0999755859375,1345.0,1307.6500244140625,1334.0,4563516
2020-01-27,1227.60302734375,1271.199951171875,1312.0,1265.0,1311.5,6019701
2020-01-28,1211.7171630859375,1254.75,1284.9000244140625,1240.25,1281.0,6103759
2020-01-29,1215.09716796875,1258.25,1276.699951171875,1251.0,1268.9000244140625,3977924
2020-01-30,1189.2645263671875,1231.5,1254.0,1221.550048828125,1252.0,5301706
2020-01-31,1215.676513671875,1258.8499755859375,1271.5999755859375,1242.0999755859375,1245.0,8391172
2020-02-03,1219.7808837890625,1263.0999755859375,1268.449951171875,1216.050048828125,1222.0,7697534
2020-02-04,1229.0032958984375,1272.6500244140625,1284.0,1256.25,1273.0,4632688
2020-02-05,1229.1480712890625,1272.800048828125,1288.6500244140625,1265.199951171875,1280.0,4360609
2020-02-06,1288.4906005859375,1334.25,1339.4000244140625,1262.4000244140625,1280.0,7628363
2020-02-07,1254.2564697265625,1298.800048828125,1346.050048828125,1294.75,1345.0,3850541
2020-02-10,1231.2242431640625,1274.949951171875,1304.0,1268.5,1304.0,3955195
2020-02-11,1248.3173828125,1292.6500244140625,1309.9000244140625,1285.050048828125,1290.0,3456066
2020-02-12,1233.59033203125,1277.4000244140625,1302.9000244140625,1251.699951171875,1260.0,8957173
2020-02-13,1188.540283203125,1230.75,1281.75,1225.25,1281.75,6508945
2020-02-14,1135.6678466796875,1176.0,1241.0999755859375,1171.199951171875,1233.9000244140625,11532869
2020-02-17,1132.72265625,1172.949951171875,1209.0,1164.5,1176.0,9900428
2020-02-18,1101.5784912109375,1140.699951171875,1172.699951171875,1108.449951171875,1172.699951171875,11207411
2020-02-19,1102.97900390625,1142.1500244140625,1168.0,1116.0,1155.0,14324736
2020-02-20,1141.6551513671875,1182.199951171875,1203.8499755859375,1145.050048828125,1145.050048828125,15703698
2020-02-24,1130.1153564453125,1170.25,1189.5,1146.550048828125,1170.0,7179792
2020-02-25,1114.2774658203125,1153.8499755859375,1182.800048828125,1138.800048828125,1181.0,6114855
2020-02-26,1096.0740966796875,1135.0,1150.0,1125.199951171875,1145.0,5870515
2020-02-27,1077.2911376953125,1115.550048828125,1139.4000244140625,1101.0,1139.0,6835782
2020-02-28,1066.1856689453125,1104.050048828125,1118.0,1085.050048828125,1100.0,10233947
2020-03-02,1042.236083984375,1079.25,1136.949951171875,1070.050048828125,1130.0,5724823
2020-03-03,1070.0484619140625,1108.050048828125,1117.949951171875,1073.0,1085.0,5233056
2020-03-04,1029.39208984375,1065.949951171875,1114.449951171875,1051.0,1114.449951171875,6863681
2020-03-05,1038.1319580078125,1075.0,1094.949951171875,1063.0,1075.0,6815347
2020-03-06,979.9965209960938,1014.7999877929688,1030.949951171875,913.7999877929688,998.0,16835425
2020-03-09,872.1273193359375,903.0999755859375,969.9500122070312,887.0499877929688,950.0,14498980
2020-03-11,824.2767333984375,853.5499877929688,929.0,845.0,889.9000244140625,12305857
2020-03-12,757.73974609375,784.6500244140625,831.9500122070312,770.0,775.2000122070312,16135734
2020-03-13,776.1846313476562,803.75,834.7000122070312,551.0999755859375,724.0,21139779
2020-03-16,641.3723754882812,664.1500244140625,758.7000122070312,655.0,747.0,16613929
2020-03-17,583.4301147460938,604.1500244140625,707.4500122070312,585.4000244140625,670.0,19508083
2020-03-18,444.99639892578125,460.79998779296875,638.8499755859375,374.79998779296875,629.0,74866076
2020-03-19,428.8208923339844,444.04998779296875,472.0,391.75,414.75,29186013
2020-03-20,425.2477722167969,440.3500061035156,478.8999938964844,405.25,444.04998779296875,28086017
2020-03-23,324.9111633300781,336.45001220703125,405.0,330.1000061035156,396.3500061035156,9515210
2020-03-24,301.6376953125,312.3500061035156,360.0,235.5500030517578,355.04998779296875,37275347
2020-03-25,290.96661376953125,301.29998779296875,324.0,281.1499938964844,292.0,40292991
2020-03-26,420.9504089355469,435.8999938964844,451.95001220703125,311.6499938964844,316.3500061035156,42326717
2020-03-27,397.0009460449219,411.1000061035156,538.5499877929688,392.3500061035156,479.45001220703125,43890479
2020-03-30,399.2220764160156,413.3999938964844,427.70001220703125,370.0,370.0,29380383
2020-03-31,339.2518310546875,351.29998779296875,399.0,330.75,398.0,38989984
2020-04-01,330.5122375488281,342.25,390.0,320.0,386.3999938964844,33427621
2020-04-03,302.45849609375,313.20001220703125,350.0,310.20001220703125,350.0,23013838
2020-04-07,370.6855163574219,383.8500061035156,391.5,344.5,344.5,45710645
2020-04-08,385.46075439453125,399.1499938964844,441.3999938964844,362.0,382.0,56093585
2020-04-09,381.8393859863281,395.3999938964844,425.0,384.0,425.0,32940091
2020-04-13,396.3249816894531,410.3999938964844,421.79998779296875,371.25,388.0,31201235
2020-04-15,409.5550842285156,424.1000061035156,445.0,414.04998779296875,425.0,28311987
2020-04-16,420.4675598144531,435.3999938964844,442.0,413.25,424.1000061035156,23556832
2020-04-17,458.17828369140625,474.45001220703125,478.8999938964844,442.6000061035156,472.0,26188305
2020-04-20,441.0370788574219,456.70001220703125,481.0,453.0,479.5,16950369
2020-04-21,387.10247802734375,400.8500061035156,432.95001220703125,396.0,430.0,29550439
2020-04-22,401.63629150390625,415.8999938964844,420.5,384.6000061035156,397.0,28908719
2020-04-23,395.8904113769531,409.95001220703125,427.5,407.0,420.0,18750968
2020-04-24,369.76806640625,382.8999938964844,399.8999938964844,380.0,392.25,19653294
2020-04-27,393.4278564453125,407.3999938964844,410.8500061035156,387.0,394.20001220703125,26819351
2020-04-28,451.9977722167969,468.04998779296875,484.3999938964844,430.0,445.0,60610249
2020-04-29,454.94317626953125,471.1000061035156,489.0,443.0,453.5,47307868
2020-04-30,452.0943603515625,468.1499938964844,491.8500061035156,461.6000061035156,486.25,26654890
2020-05-04,408.5411071777344,423.04998779296875,444.04998779296875,416.0,444.0,17565171
2020-05-05,404.34033203125,418.70001220703125,438.8999938964844,415.95001220703125,433.0,18470026
2020-05-06,410.9070739746094,425.5,429.3500061035156,408.5,420.0,17184968
2020-05-07,438.7676696777344,454.3500061035156,461.5,415.5,420.0,26784490
2020-05-08,425.2477722167969,440.3500061035156,477.70001220703125,435.45001220703125,463.0,29096376
2020-05-11,418.5361633300781,433.3999938964844,458.75,428.79998779296875,450.0,18434346
2020-05-12,430.8971862792969,446.20001220703125,450.0,425.0,429.79998779296875,26126553
2020-05-13,433.2148742675781,448.6000061035156,480.0,444.5,475.0,20820446
2020-05-14,413.3213195800781,428.0,442.0,425.0,439.0,16520436
2020-05-15,404.34033203125,418.70001220703125,431.0,417.1000061035156,430.3999938964844,14848712
2020-05-18,363.8289794921875,376.75,418.70001220703125,374.04998779296875,418.5,25374856
2020-05-19,355.18597412109375,367.79998779296875,387.0,361.0,385.1000061035156,28794743
2020-05-20,345.0460510253906,357.29998779296875,370.8500061035156,350.79998779296875,364.0,29736164
2020-05-21,334.90618896484375,346.79998779296875,364.0,343.20001220703125,362.29998779296875,25554090
2020-05-22,326.7459716796875,338.3500061035156,353.70001220703125,330.0,342.0,27953815
2020-05-26,336.2581787109375,348.20001220703125,353.95001220703125,342.0,344.8999938964844,19932807
2020-05-27,356.2965087890625,368.95001220703125,375.45001220703125,347.6499938964844,350.8999938964844,34413192
2020-05-28,373.5826416015625,386.8500061035156,405.79998779296875,371.6000061035156,375.0,47047469
2020-05-29,380.1493835449219,393.6499938964844,400.0,373.5,376.0,33013516
2020-06-01,396.0352478027344,410.1000061035156,416.79998779296875,401.04998779296875,402.29998779296875,22990598
2020-06-02,419.79156494140625,434.70001220703125,438.8999938964844,404.25,414.0,28744172
2020-06-03,417.52215576171875,432.3500061035156,452.25,426.1000061035156,445.0,27908796
2020-06-04,400.8154602050781,415.04998779296875,434.8500061035156,405.0,424.8500061035156,25795376
2020-06-05,407.8651428222656,422.3500061035156,427.29998779296875,411.20001220703125,417.20001220703125,26349793
2020-06-08,436.1119384765625,451.6000061035156,463.70001220703125,444.0,455.0,42805660
2020-06-09,447.9901123046875,463.8999938964844,478.0,452.3500061035156,459.95001220703125,40690351
2020-06-10,482.46575927734375,499.6000061035156,510.25,463.1499938964844,464.0,42547635
2020-06-11,505.20806884765625,523.1500244140625,548.5,505.1000061035156,510.25,78669422
2020-06-12,510.3263244628906,528.4500122070312,534.7000122070312,483.29998779296875,490.0,57429819
2020-06-15,473.7261047363281,490.54998779296875,525.0,483.5,525.0,45035607
2020-06-16,465.2762451171875,481.79998779296875,515.0,456.29998779296875,510.0,50389388
2020-06-17,474.3055725097656,491.1499938964844,502.0,468.0,472.6000061035156,40940232
2020-06-18,482.0794982910156,499.20001220703125,502.95001220703125,482.1499938964844,489.5,25255403
2020-06-19,467.06280517578125,483.6499938964844,510.5,472.1499938964844,503.0,41823242
2020-06-22,473.0984191894531,489.8999938964844,502.04998779296875,485.8500061035156,490.04998779296875,27934720
2020-06-23,502.55242919921875,520.4000244140625,524.0,497.20001220703125,499.0,45717057
2020-06-24,465.1796569824219,481.70001220703125,530.4500122070312,476.1000061035156,530.0,43255370
2020-06-25,458.854248046875,475.1499938964844,490.95001220703125,461.0,480.0,37360999
2020-06-26,475.6575012207031,492.54998779296875,501.0,481.04998779296875,483.0,33898936
2020-06-29,463.5379638671875,480.0,487.0,472.5,482.0,19597701
2020-06-30,458.51629638671875,474.79998779296875,494.0,472.0,489.0,17436951
2020-07-01,475.5610046386719,492.45001220703125,494.6000061035156,475.1499938964844,480.5,20509324
2020-07-02,477.8303527832031,494.79998779296875,508.0,493.0,498.0,22971526
2020-07-03,470.49102783203125,487.20001220703125,500.0,484.3500061035156,499.8500061035156,15633495
2020-07-06,478.89263916015625,495.8999938964844,509.0,493.54998779296875,498.0,24848329
2020-07-07,508.2500305175781,526.2999877929688,530.0,492.45001220703125,497.0,42696302
2020-07-08,533.6480102539062,552.5999755859375,577.5,532.0,534.0,81334991
2020-07-09,537.4625854492188,556.5499877929688,569.9500122070312,550.2999877929688,557.9500122070312,26574065
2020-07-10,520.7559814453125,539.25,554.4500122070312,532.4000244140625,552.2999877929688,26964951
2020-07-13,521.1422119140625,539.6500244140625,555.0,534.5,549.7000122070312,16507937
2020-07-14,493.2816467285156,510.79998779296875,535.0,505.04998779296875,535.0,22219927
2020-07-15,486.2802734375,503.54998779296875,527.7999877929688,500.0,517.8499755859375,21841548
2020-07-16,500.8140869140625,518.5999755859375,522.0,490.25,508.0,21502321
2020-07-17,502.93865966796875,520.7999877929688,526.5,512.0,522.2999877929688,14445406
2020-07-20,510.61602783203125,528.75,541.6500244140625,521.6500244140625,524.9500122070312,19937276
2020-07-21,505.5461120605469,523.5,539.75,520.7000122070312,535.7000122070312,13311222
2020-07-22,495.93731689453125,513.5499877929688,528.5499877929688,508.0,528.0,15202237
2020-07-23,496.27532958984375,513.9000244140625,521.0,510.1000061035156,515.5,11300182
2020-07-24,504.3389587402344,522.25,536.7000122070312,500.0,505.79998779296875,31277822
2020-07-27,489.2739562988281,506.6499938964844,523.8499755859375,505.0,522.5499877929688,12280255
2020-07-28,508.8778381347656,526.9500122070312,529.0,511.3999938964844,512.0,16991267
2020-07-29,531.6201171875,550.5,564.75,532.25,534.0,37044099
2020-07-30,502.0212097167969,519.8499755859375,545.9500122070312,515.5,545.0,13848662
2020-07-31,505.7874755859375,523.75,528.5,515.75,525.2000122070312,11161107
2020-08-03,485.79742431640625,503.04998779296875,521.9500122070312,501.0,521.9500122070312,13508456
2020-08-04,475.705810546875,492.6000061035156,508.0,483.25,508.0,21481518
2020-08-05,475.8506774902344,492.75,506.0,490.1499938964844,499.20001220703125,15082924
2020-08-06,477.92694091796875,494.8999938964844,501.95001220703125,485.75,497.79998779296875,16624606
2020-08-07,491.5433654785156,509.0,513.3499755859375,492.0,496.0,16540870
2020-08-10,491.88134765625,509.3500061035156,517.5499877929688,506.54998779296875,512.0,9409531
2020-08-11,504.0975341796875,522.0,524.9000244140625,509.3500061035156,511.0,11701319
2020-08-12,502.79388427734375,520.6500244140625,530.4500122070312,512.3499755859375,518.5,12644367
2020-08-13,500.9589538574219,518.75,527.5499877929688,516.3499755859375,524.0,8109014
2020-08-14,489.80511474609375,507.20001220703125,523.5,500.1499938964844,520.0,9318623
2020-08-17,495.55108642578125,513.1500244140625,514.7999877929688,502.5,510.0,7173558
2020-08-18,503.71124267578125,521.5999755859375,524.75,506.5,512.4500122070312,10993530
2020-08-19,504.242431640625,522.1500244140625,530.0,519.1500244140625,523.0,10895768
2020-08-20,495.7925109863281,513.4000244140625,520.5499877929688,511.1000061035156,515.5999755859375,7658596
2020-08-21,495.93731689453125,513.5499877929688,521.4000244140625,512.5,520.0,6411009
2020-08-24,511.0023498535156,529.1500244140625,535.4500122070312,516.0,518.0,14887687
2020-08-25,518.1002197265625,536.5,546.4000244140625,530.2000122070312,535.0,18377629
2020-08-26,548.1819458007812,567.6500244140625,572.2000122070312,538.4500122070312,541.4500122070312,26850404
2020-08-27,585.0718383789062,605.8499755859375,619.75,572.0,572.4000244140625,48561125
2020-08-28,642.8209228515625,665.6500244140625,689.0,595.5,600.0,55986681
2020-08-31,608.5867309570312,630.2000122070312,712.0,620.75,705.0,57316603
2020-09-01,605.9310302734375,627.4500122070312,662.5,588.7000122070312,638.0999755859375,47295290
2020-09-02,618.5817260742188,640.5499877929688,651.0999755859375,614.0999755859375,632.0,19765424
2020-09-03,610.1800537109375,631.8499755859375,648.25,625.0,644.0,14985734
2020-09-04,595.0185546875,616.1500244140625,642.0,603.5499877929688,611.0499877929688,21613014
2020-09-07,587.8240356445312,608.7000122070312,624.9500122070312,597.5499877929688,621.5,13889593
2020-09-08,579.8087768554688,600.4000244140625,612.9000244140625,599.0,609.0,13303702
2020-09-09,583.8646240234375,604.5999755859375,609.7000122070312,588.6500244140625,590.0,17123149
2020-09-10,599.1710815429688,620.4500122070312,627.7999877929688,610.0,614.0,15925284
2020-09-11,589.41748046875,610.3499755859375,622.4000244140625,603.25,618.0,11346718
2020-09-14,588.4518432617188,609.3499755859375,620.0,603.8499755859375,617.0999755859375,9287409
2020-09-15,611.6769409179688,633.4000244140625,639.0,601.2000122070312,609.3499755859375,13446734
2020-09-16,600.3300170898438,621.6500244140625,641.0,613.6500244140625,641.0,17940987
2020-09-17,596.1773681640625,617.3499755859375,624.7999877929688,610.2000122070312,614.75,9390779
2020-09-18,592.1697387695312,613.2000122070312,624.6500244140625,600.0,622.9500122070312,10335095
2020-09-21,541.3736572265625,560.5999755859375,617.4000244140625,553.8499755859375,612.9000244140625,15649376
2020-09-22,525.3429565429688,544.0,578.0,537.0,564.0,26363293
2020-09-23,509.9400329589844,528.0499877929688,553.8499755859375,519.0999755859375,551.0,20046261
2020-09-24,473.4364013671875,490.25,519.0,485.0,517.1500244140625,20946967
2020-09-25,497.1927490234375,514.8499755859375,521.2999877929688,491.20001220703125,499.8999938964844,19311510
2020-09-28,536.0623168945312,555.0999755859375,563.2999877929688,516.1500244140625,522.9000244140625,24396893
2020-09-29,517.8588256835938,536.25,561.8499755859375,528.9500122070312,559.0,21321940
2020-09-30,509.3123474121094,527.4000244140625,539.7000122070312,520.25,536.25,18784941
2020-10-01,571.8900146484375,592.2000122070312,597.0499877929688,537.0,540.0,49858446
2020-10-05,580.9192504882812,601.5499877929688,630.7000122070312,592.0,593.2000122070312,43964114
2020-10-06,601.4404907226562,622.7999877929688,628.3499755859375,606.2000122070312,615.9500122070312,25112823
2020-10-07,597.8673706054688,619.0999755859375,625.7999877929688,606.0999755859375,620.9500122070312,19071775
2020-10-08,596.5154418945312,617.7000122070312,638.5,614.0499877929688,620.0,20977726
2020-10-09,601.681884765625,623.0499877929688,633.0,615.0,618.0499877929688,18622149
2020-10-12,593.3768920898438,614.4500122070312,632.0,610.5,628.2000122070312,11751051
2020-10-13,587.3412475585938,608.2000122070312,620.75,602.4500122070312,611.5999755859375,11579298
2020-10-14,601.295654296875,622.6500244140625,626.4500122070312,597.5,600.0,14624404
2020-10-15,577.4910278320312,598.0,632.5,593.3499755859375,622.6500244140625,14728367
2020-10-16,587.437744140625,608.2999877929688,613.9000244140625,601.4000244140625,604.7999877929688,11569890
2020-10-19,605.5930786132812,627.0999755859375,630.6500244140625,606.2000122070312,607.5499877929688,14576825
2020-10-20,603.8064575195312,625.25,628.9000244140625,616.5999755859375,622.0,9607553
2020-10-21,606.5587158203125,628.0999755859375,647.7999877929688,599.5499877929688,631.0,26626983
2020-10-22,587.872314453125,608.75,630.8499755859375,605.6500244140625,621.0,15976059
2020-10-23,587.29296875,608.1500244140625,617.7000122070312,604.3499755859375,617.0,12435551
2020-10-26,595.50146484375,616.6500244140625,633.2999877929688,613.5499877929688,617.0,17438151
2020-10-27,592.9423217773438,614.0,623.4000244140625,595.0999755859375,616.5999755859375,15012129
2020-10-28,572.5176391601562,592.8499755859375,615.9500122070312,586.0999755859375,614.5,14933120
2020-10-29,568.510009765625,588.7000122070312,599.7999877929688,571.0,585.0,16511146
2020-10-30,565.6128540039062,585.7000122070312,602.0,576.5,592.0,16811219
2020-11-02,606.8001708984375,628.3499755859375,635.0,590.0,590.0,33145934
2020-11-03,624.4241943359375,646.5999755859375,650.0,631.5499877929688,631.5499877929688,19566145
2020-11-04,654.795654296875,678.0499877929688,681.0,648.0,649.5999755859375,33533745
2020-11-05,689.8990478515625,714.4000244140625,727.0,678.2999877929688,694.9500122070312,23471764
2020-11-06,713.3173217773438,738.6500244140625,747.0,707.0,714.75,29896664
2020-11-09,748.8552856445312,775.4500122070312,780.5,735.0499877929688,746.0499877929688,28036644
2020-11-10,806.5560913085938,835.2000122070312,870.0,783.0,784.0,59758713
2020-11-11,760.926513671875,787.9500122070312,839.0499877929688,752.5,839.0,51561819
2020-11-12,742.819580078125,769.2000122070312,802.8499755859375,761.7999877929688,790.0,28387177
2020-11-13,742.1918334960938,768.5499877929688,774.7000122070312,741.75,760.0499877929688,25472191
2020-11-14,744.0267333984375,770.4500122070312,785.0,757.4500122070312,776.5999755859375,3253864
2020-11-17,757.2568969726562,784.1500244140625,793.75,772.25,777.9000244140625,14873173
2020-11-18,799.8927001953125,828.2999877929688,834.0,775.0,780.0,25491255
2020-11-19,789.9459228515625,818.0,845.9000244140625,804.2000122070312,816.0,29797661
2020-11-20,783.1859741210938,811.0,829.9000244140625,788.7999877929688,818.0999755859375,25424060
2020-11-23,820.6069946289062,849.75,880.9000244140625,832.5,836.0,39219488
2020-11-24,824.421630859375,853.7000122070312,860.9500122070312,836.2999877929688,852.0,19828772
2020-11-25,825.7252807617188,855.0499877929688,874.9000244140625,845.25,863.5999755859375,24215222
2020-11-26,821.379638671875,850.5499877929688,860.7999877929688,835.0,857.0,16934720
2020-11-27,828.2361450195312,857.6500244140625,862.4500122070312,848.5499877929688,856.0,10212987
2020-12-01,864.7880249023438,895.5,900.0,858.0999755859375,863.0,14690547
2020-12-02,866.5262451171875,897.2999877929688,905.75,881.2999877929688,902.0,14965085
2020-12-03,865.5122680664062,896.25,907.9000244140625,890.5,900.0999755859375,9724314
2020-12-04,882.3155517578125,913.6500244140625,920.0,889.7999877929688,902.5,12658012
2020-12-07,903.0782470703125,935.1500244140625,953.5,913.2000122070312,915.0,15479752
2020-12-08,885.2609252929688,916.7000122070312,938.75,907.0999755859375,937.0499877929688,13141739
2020-12-09,896.6561889648438,928.5,938.5,918.7000122070312,930.0,7937423
2020-12-10,884.4400024414062,915.8499755859375,927.0,905.0,917.9500122070312,9145597
2020-12-11,892.0691528320312,923.75,933.3499755859375,915.0999755859375,916.75,8417189
2020-12-14,889.6549072265625,921.25,935.0,918.0499877929688,927.0,5936096
2020-12-15,894.9662475585938,926.75,931.4000244140625,908.4500122070312,923.0,7646858
2020-12-16,890.1859741210938,921.7999877929688,937.75,915.0,932.0,6068477
2020-12-17,903.7058715820312,935.7999877929688,948.0,914.0,914.0,14078222
2020-12-18,874.1552734375,905.2000122070312,937.5,887.5499877929688,935.7999877929688,14605713
2020-12-21,813.798828125,842.7000122070312,906.0,814.7000122070312,905.2000122070312,18106992
2020-12-22,811.867431640625,840.7000122070312,857.5,813.6500244140625,842.7000122070312,21961153
2020-12-23,826.0149536132812,855.3499755859375,861.9500122070312,832.75,841.9500122070312,12353093
2020-12-24,823.5524291992188,852.7999877929688,870.0,849.0999755859375,862.0,10293688
2020-12-28,837.2171630859375,866.9500122070312,871.0,853.0,855.0,5449095
2020-12-29,881.5912475585938,912.9000244140625,917.6500244140625,873.5,875.0,20727636
2020-12-30,868.2162475585938,899.0499877929688,922.7000122070312,888.0,919.0499877929688,11462263
2020-12-31,864.2568969726562,894.9500122070312,906.9000244140625,890.0499877929688,904.0,6435333
2021-01-01,869.278564453125,900.1500244140625,904.0,893.0499877929688,895.0,4632855
2021-01-04,867.057373046875,897.8499755859375,914.0,887.4500122070312,910.0,6991890
2021-01-05,890.0411987304688,921.6500244140625,927.3499755859375,883.0,891.7000122070312,11907501
2021-01-06,890.7171020507812,922.3499755859375,936.75,909.4000244140625,924.9500122070312,9768197
2021-01-07,919.3985595703125,952.0499877929688,961.6500244140625,931.0999755859375,935.0,12154311
2021-01-08,907.5686645507812,939.7999877929688,976.0,932.0999755859375,965.0,10838196
2021-01-11,897.235595703125,929.0999755859375,950.9500122070312,926.2000122070312,942.9000244140625,8419415
2021-01-12,895.8353881835938,927.6500244140625,941.5,906.5499877929688,920.0,8805330
2021-01-13,910.41748046875,942.75,953.5,926.1500244140625,932.7999877929688,9473962
2021-01-14,936.4432983398438,969.7000122070312,980.7000122070312,951.25,953.0,14887258
2021-01-15,932.7736206054688,965.9000244140625,983.0,953.4500122070312,974.0,9195430
2021-01-18,900.8087158203125,932.7999877929688,960.0,924.0,959.0,10668611
2021-01-19,907.665283203125,939.9000244140625,952.0,936.25,942.0499877929688,6309233
2021-01-20,915.1976928710938,947.7000122070312,953.8499755859375,928.25,936.9000244140625,7004445
2021-01-21,894.0971069335938,925.8499755859375,967.0,918.25,959.4000244140625,8216362
2021-01-22,862.6633911132812,893.2999877929688,934.0,890.0,930.0,11366492
2021-01-25,820.0276489257812,849.1500244140625,912.3499755859375,839.2000122070312,906.0,11829328
2021-01-27,792.0221557617188,820.1500244140625,860.7999877929688,806.0,848.0,15810173
2021-01-28,775.0740966796875,802.5999755859375,828.8499755859375,789.0,801.2999877929688,13789865
2021-01-29,817.0822143554688,846.0999755859375,860.8499755859375,815.6500244140625,817.0999755859375,19305853
2021-02-01,937.3123168945312,970.5999755859375,981.4000244140625,856.0,859.0,38067807
2021-02-02,942.189208984375,975.6500244140625,999.0,949.2999877929688,982.4000244140625,20556081
2021-02-03,1012.5889892578125,1048.550048828125,1080.800048828125,972.2000122070312,980.0,34995822
2021-02-04,996.75146484375,1032.1500244140625,1042.0,1016.0,1034.9000244140625,13666242
2021-02-05,989.9431762695312,1025.0999755859375,1085.0,1016.2999877929688,1045.0,19524257
2021-02-08,999.6002197265625,1035.0999755859375,1055.0,1028.0,1036.050048828125,7162284
2021-02-09,990.6192626953125,1025.800048828125,1051.5999755859375,1020.0,1044.0,7984133
2021-02-10,987.7221069335938,1022.7999877929688,1038.449951171875,1003.5999755859375,1035.0,7815034
2021-02-11,986.85302734375,1021.9000244140625,1036.0,1015.2999877929688,1025.0,5760021
2021-02-12,992.1644287109375,1027.4000244140625,1059.5,1012.0,1023.7999877929688,13959383
2021-02-15,1021.32861328125,1057.5999755859375,1063.0,1037.699951171875,1044.9000244140625,9121286
2021-02-16,1021.9563598632812,1058.25,1096.5,1041.0999755859375,1068.0,13883441
2021-02-17,997.7654418945312,1033.199951171875,1085.0,1026.199951171875,1080.0,13855321
2021-02-18,1010.1747436523438,1046.050048828125,1055.4000244140625,1033.4000244140625,1045.0,8911120
2021-02-19,1029.343994140625,1065.9000244140625,1074.550048828125,1027.800048828125,1035.0,14557527
2021-02-22,987.8187255859375,1022.9000244140625,1067.0999755859375,1018.0,1064.949951171875,9412265
2021-02-23,1012.3474731445312,1048.300048828125,1053.949951171875,1018.0,1033.1500244140625,7160332
2021-02-24,1033.3033447265625,1070.0,1076.0,1041.25,1047.300048828125,6833820
2021-02-25,1071.690185546875,1109.75,1119.5,1079.0,1080.0,12716781
2021-02-26,1026.4949951171875,1062.949951171875,1082.9000244140625,1051.25,1070.0,12247085
2021-03-01,1031.3236083984375,1067.949951171875,1096.5999755859375,1063.1500244140625,1075.0,6358886
2021-03-02,1036.53857421875,1073.3499755859375,1086.300048828125,1060.0,1075.0,4917345
2021-03-03,1062.0330810546875,1099.75,1104.0,1077.1500244140625,1080.0,5695638
2021-03-04,1054.50048828125,1091.949951171875,1116.0,1072.5999755859375,1078.0,6128220
2021-03-05,1004.2356567382812,1039.9000244140625,1084.0,1025.449951171875,1084.0,13926140
2021-03-08,983.3281860351562,1018.25,1055.449951171875,1014.5,1054.0,10522267
2021-03-09,989.6536254882812,1024.800048828125,1035.5999755859375,1005.0,1025.5999755859375,9915907
2021-03-10,1004.1874389648438,1039.8499755859375,1060.0,1033.050048828125,1043.1500244140625,8832614
2021-03-12,987.5773315429688,1022.6500244140625,1056.4000244140625,1015.6500244140625,1052.0,5735382
2021-03-15,1003.0285034179688,1038.6500244140625,1043.5999755859375,988.2000122070312,1027.800048828125,8019663
2021-03-16,999.2139892578125,1034.699951171875,1049.9000244140625,1028.0,1045.0,5161126
2021-03-17,974.3471069335938,1008.9500122070312,1039.0,1002.5999755859375,1032.0,4712570
2021-03-18,968.4080200195312,1002.7999877929688,1030.699951171875,988.0,1025.0,5797610
2021-03-19,977.1959838867188,1011.9000244140625,1018.7999877929688,981.0999755859375,990.0,6838935
2021-03-22,934.9464111328125,968.1500244140625,1011.8499755859375,961.0499877929688,1006.0,12692489
2021-03-23,956.0953369140625,990.0499877929688,994.4000244140625,970.0,977.0,7530882
2021-03-24,925.820556640625,958.7000122070312,985.0,955.0,980.0499877929688,5028085
2021-03-25,924.9513549804688,957.7999877929688,970.0,928.8499755859375,958.7000122070312,7614686
2021-03-26,920.0745849609375,952.75,976.5,950.0,973.7999877929688,4891178
2021-03-30,928.0899047851562,961.0499877929688,978.4000244140625,955.0,966.0,5831461
2021-03-31,921.7162475585938,954.4500122070312,969.0,950.0,961.0499877929688,4453746
2021-04-01,959.2338256835938,993.2999877929688,997.0,959.0999755859375,964.0,7932671
2021-04-05,905.2026977539062,937.3499755859375,988.9500122070312,918.5499877929688,985.0,11223431
2021-04-06,895.4490966796875,927.25,954.2000122070312,921.5,947.7999877929688,6925347
2021-04-07,913.1215209960938,945.5499877929688,952.4500122070312,921.1500244140625,931.0,5714921
2021-04-08,902.8367919921875,934.9000244140625,957.9500122070312,932.0,949.0,3946239
2021-04-09,891.9725952148438,923.6500244140625,939.7000122070312,917.4500122070312,935.0,4980026
2021-04-12,815.4405517578125,844.4000244140625,890.0,841.0,884.0,10674765
2021-04-13,847.308837890625,877.4000244140625,881.0,844.5,850.0,6778840
2021-04-15,828.9120483398438,858.3499755859375,883.7999877929688,841.25,867.5,6862663
2021-04-16,833.3543090820312,862.9500122070312,869.9500122070312,853.0499877929688,864.0999755859375,5338683
2021-04-19,803.4658203125,832.0,836.5499877929688,811.0,829.9500122070312,8550122
2021-04-20,816.0199584960938,845.0,864.7999877929688,840.0499877929688,845.0,8240669
2021-04-22,807.0388793945312,835.7000122070312,839.9500122070312,815.0,831.0,9717099
2021-04-23,820.848388671875,850.0,859.9500122070312,822.7999877929688,830.0,7695324
2021-04-26,830.0709228515625,859.5499877929688,870.9500122070312,851.4500122070312,857.0,4894557
2021-04-27,852.185546875,882.4500122070312,886.0,859.0,859.5499877929688,5202133
2021-04-28,895.1111450195312,926.9000244140625,931.0,888.0,890.0,9935828
2021-04-29,907.230712890625,939.4500122070312,958.8499755859375,917.0999755859375,936.8499755859375,12187280
2021-04-30,902.885009765625,934.9500122070312,948.5,915.0999755859375,928.0,7301455
2021-05-03,882.2672729492188,913.5999755859375,967.7000122070312,899.0,929.0,16854199
2021-05-04,878.9356079101562,910.1500244140625,934.5,906.0,930.0,7499852
2021-05-05,899.2153930664062,931.1500244140625,934.75,909.2999877929688,923.0,5975741
2021-05-06,893.2279663085938,924.9500122070312,938.6500244140625,920.0,937.4500122070312,3705397
2021-05-07,894.43505859375,926.2000122070312,951.7999877929688,925.0,932.5499877929688,5419712
2021-05-10,912.9766235351562,945.4000244140625,949.9500122070312,931.1500244140625,939.0,5087341
2021-05-11,916.3082275390625,948.8499755859375,957.0,922.9000244140625,923.9500122070312,5732298
2021-05-12,885.2127075195312,916.6500244140625,950.5499877929688,914.0,942.0,5074561
2021-05-14,860.2974243164062,890.8499755859375,923.0,888.0999755859375,923.0,6169600
2021-05-17,923.647705078125,956.4500122070312,959.9000244140625,897.0999755859375,897.0999755859375,10987165
2021-05-18,941.1268920898438,974.5499877929688,986.9500122070312,967.0,967.0,8715366
2021-05-19,933.8357543945312,967.0,978.5999755859375,961.2000122070312,965.0,4787294
2021-05-20,942.0443115234375,975.5,987.9000244140625,963.0,963.0,5835440
2021-05-21,981.1552734375,1016.0,1020.0,981.7999877929688,985.0,12591860
2021-05-24,970.2911376953125,1004.75,1022.75,997.0499877929688,1018.9000244140625,5385688
2021-05-25,959.8132934570312,993.9000244140625,1012.75,982.4000244140625,1012.0,4583345
2021-05-26,964.207275390625,998.4500122070312,1007.9500122070312,987.0,998.8499755859375,2972854
2021-05-27,972.319091796875,1006.8499755859375,1013.2999877929688,987.0,995.2999877929688,4427518
2021-05-28,984.3904418945312,1019.3499755859375,1025.5,1003.0,1014.5,5388785
2021-05-31,978.25830078125,1013.0,1020.4000244140625,1004.0,1015.0,2643491
2021-06-01,975.4093627929688,1010.0499877929688,1031.3499755859375,1006.0,1016.0,3766919
2021-06-02,992.7437744140625,1028.0,1030.0,1003.5,1008.9000244140625,4177378
2021-06-03,971.2568359375,1005.75,1037.25,964.0499877929688,1031.0,14752885
2021-06-04,974.6851196289062,1009.2999877929688,1023.4000244140625,1004.0,1012.2000122070312,4323154
2021-06-07,990.039794921875,1025.199951171875,1032.6500244140625,1009.5,1018.0,3823401
2021-06-08,985.1630249023438,1020.1500244140625,1028.0,1005.5999755859375,1025.0,3141410
2021-06-09,969.13232421875,1003.5499877929688,1035.699951171875,997.25,1019.0,4767864
2021-06-10,989.2189331054688,1024.3499755859375,1028.5999755859375,1006.0,1012.0,2984339
2021-06-11,980.2861938476562,1015.0999755859375,1032.0,1012.0999755859375,1028.0,2679470
2021-06-14,989.1707763671875,1024.300048828125,1028.0,993.75,1012.0,3982216
2021-06-15,998.9725341796875,1034.449951171875,1050.0,1025.0,1025.0,6026006
2021-06-16,978.9342041015625,1013.7000122070312,1038.699951171875,1010.3499755859375,1030.0,3325800
2021-06-17,950.3010864257812,984.0499877929688,1021.7999877929688,968.0,1002.0,6126591
2021-06-18,961.2619018554688,995.4000244140625,999.7999877929688,960.0,993.9000244140625,4895262
2021-06-21,972.9951782226562,1007.5499877929688,1010.0,968.0499877929688,977.0,3160990
2021-06-22,965.8006591796875,1000.0999755859375,1021.7000122070312,996.0499877929688,1015.9000244140625,4141759
2021-06-23,965.26953125,999.5499877929688,1017.7999877929688,996.5,1009.0,3975716
2021-06-24,966.331787109375,1000.6500244140625,1008.0,996.2000122070312,1004.0,2285845
2021-06-25,978.16162109375,1012.9000244140625,1020.0,986.6500244140625,997.0,3499315
2021-06-28,974.298828125,1008.9000244140625,1021.5999755859375,1001.0,1019.0,2819763
2021-06-29,983.2316284179688,1018.1500244140625,1022.0,1000.0,1009.0,4543628
2021-06-30,981.4932861328125,1016.3499755859375,1027.550048828125,1012.1500244140625,1021.5,2628556
2021-07-01,973.1400146484375,1007.7000122070312,1016.9500122070312,1000.0,1011.0,3070067
2021-07-02,975.0231323242188,1009.6500244140625,1014.1500244140625,1005.1500244140625,1008.0,1501210
2021-07-05,985.5492553710938,1020.5499877929688,1026.5,1012.0,1012.0,1993126
2021-07-06,995.689208984375,1031.050048828125,1035.0,1015.0,1018.7000122070312,3019919
2021-07-07,1009.0643310546875,1044.9000244140625,1047.0,1013.0,1024.550048828125,3781022
2021-07-08,1009.5953369140625,1045.449951171875,1061.0,1036.199951171875,1042.8499755859375,4139752
2021-07-09,1004.283935546875,1039.949951171875,1048.5999755859375,1026.199951171875,1040.0,3625932
2021-07-12,1013.3132934570312,1049.300048828125,1057.6500244140625,1041.050048828125,1045.4000244140625,2010018
2021-07-13,1019.6869506835938,1055.9000244140625,1059.949951171875,1044.0,1055.0,2096758
2021-07-14,1016.5000610351562,1052.5999755859375,1060.5,1048.5,1050.0,1566799
2021-07-15,1018.9143676757812,1055.0999755859375,1067.4000244140625,1050.0,1054.0,2748272
2021-07-16,1008.48486328125,1044.300048828125,1058.949951171875,1042.0,1054.0,1218164
2021-07-19,981.0104370117188,1015.8499755859375,1034.699951171875,1005.5499877929688,1024.0,2644846
2021-07-20,947.8867797851562,981.5499877929688,1019.0,980.0,1017.0,3752725
2021-07-22,958.1233520507812,992.1500244140625,1005.75,988.0,999.9000244140625,2181872
2021-07-23,955.3710327148438,989.2999877929688,1000.0,977.0,996.0,3449852
2021-07-26,947.6454467773438,981.2999877929688,996.6500244140625,978.2999877929688,989.2999877929688,2335433
2021-07-27,942.333984375,975.7999877929688,994.0,963.0499877929688,989.0,3311920
2021-07-28,958.7026977539062,992.75,1009.7999877929688,979.0,992.0,8820340
2021-07-29,958.0267333984375,992.0499877929688,1003.4500122070312,987.0,997.9500122070312,3459503
2021-07-30,947.3556518554688,981.0,1000.0,980.0,989.0,3115750
2021-08-02,954.1156005859375,988.0,997.1500244140625,985.4500122070312,991.7999877929688,2149603
2021-08-03,986.997802734375,1022.0499877929688,1025.0,986.6500244140625,987.0,4450926
2021-08-04,985.5492553710938,1020.5499877929688,1048.0,1016.9000244140625,1029.0,5055711
2021-08-05,963.48291015625,997.7000122070312,1012.4500122070312,986.0,1011.4500122070312,3955681
2021-08-06,994.1923217773438,1029.5,1034.0,998.2000122070312,1005.0,7609448
2021-08-09,1007.0362548828125,1042.800048828125,1047.0,1028.050048828125,1031.0,4274598
2021-08-10,998.1516723632812,1033.5999755859375,1055.0,1031.4000244140625,1037.0,3469468
2021-08-11,1005.4910888671875,1041.199951171875,1045.3499755859375,1020.0,1033.5999755859375,2155833
2021-08-12,999.8417358398438,1035.3499755859375,1047.1500244140625,1027.25,1046.449951171875,2453701
2021-08-13,989.0258178710938,1024.1500244140625,1043.75,1021.5999755859375,1035.3499755859375,2348979
2021-08-16,984.0524291992188,1019.0,1029.9000244140625,1016.0999755859375,1024.949951171875,1132546
2021-08-17,970.6600341796875,1000.2000122070312,1015.0,993.2999877929688,1013.5,3082005
2021-08-18,960.421630859375,989.6500244140625,1005.7999877929688,987.0,1003.0,2344486
2021-08-20,950.5228881835938,979.4500122070312,990.9500122070312,970.6500244140625,985.0,3465186
2021-08-23,959.4026489257812,988.5999755859375,998.9000244140625,964.0999755859375,988.0999755859375,2914978
2021-08-24,975.3667602539062,1005.0499877929688,1009.0,987.0,990.2000122070312,2510063
2021-08-25,975.8519897460938,1005.5499877929688,1013.9000244140625,998.2000122070312,1009.9000244140625,2105187
2021-08-26,971.921630859375,1001.5,1012.6500244140625,998.0999755859375,1000.0,1971408
2021-08-27,960.955322265625,990.2000122070312,1000.8499755859375,987.0,997.0,2368969
2021-08-30,975.415283203125,1005.0999755859375,1012.0,991.2999877929688,995.2999877929688,2868604
2021-08-31,963.0903930664062,992.4000244140625,1009.7999877929688,990.0,1009.0,3138652
2021-09-01,969.2528076171875,998.75,1025.0,993.0,994.0,3854558
2021-09-02,980.267578125,1010.0999755859375,1012.5,995.2000122070312,1002.7000122070312,2136382
2021-09-03,974.1051635742188,1003.75,1028.6500244140625,996.5499877929688,1010.0,5363972
2021-09-06,962.6536865234375,991.9500122070312,1008.2999877929688,991.0,1006.0,3349749
2021-09-07,971.6790161132812,1001.25,1012.0,984.1500244140625,992.0499877929688,5483796
2021-09-08,970.0776977539062,999.5999755859375,1021.7999877929688,992.4000244140625,1013.2000122070312,6385224
2021-09-09,969.980712890625,999.5,1006.9000244140625,993.5,1000.0,3193603
2021-09-13,966.8751831054688,996.2999877929688,1004.0,992.6500244140625,1004.0,2386618
2021-09-14,1005.9849243164062,1036.5999755859375,1039.0,997.5999755859375,999.0,7838383
2021-09-15,1022.8224487304688,1053.949951171875,1062.0,1027.5,1036.0,6071710
2021-09-16,1097.5484619140625,1130.949951171875,1186.5,1071.0,1071.0,27230283
2021-09-17,1096.62646484375,1130.0,1146.550048828125,1112.3499755859375,1137.5,5784278
2021-09-20,1057.75927734375,1089.949951171875,1132.4000244140625,1084.5999755859375,1115.0,2954179
2021-09-21,1103.9534912109375,1137.550048828125,1143.1500244140625,1085.0,1091.0,6332732
2021-09-22,1107.6898193359375,1141.4000244140625,1157.8499755859375,1128.199951171875,1145.0,5587136
2021-09-23,1134.6202392578125,1169.1500244140625,1175.0,1147.0,1150.0,4879235
2021-09-24,1128.700439453125,1163.050048828125,1189.3499755859375,1141.25,1172.199951171875,4615559
2021-09-27,1116.715087890625,1150.699951171875,1177.949951171875,1144.9000244140625,1172.0,3083520
2021-09-28,1101.2362060546875,1134.75,1160.0,1119.0,1160.0,3684708
2021-09-29,1090.02734375,1123.199951171875,1136.9000244140625,1114.0999755859375,1127.0999755859375,5574048
2021-09-30,1079.0611572265625,1111.9000244140625,1134.9000244140625,1107.0,1125.0,3180267
2021-10-01,1071.4429931640625,1104.050048828125,1112.0,1091.300048828125,1104.0,1940798
2021-10-04,1086.727783203125,1119.800048828125,1125.0,1106.0,1107.5,1817348
2021-10-05,1134.08642578125,1168.5999755859375,1177.0999755859375,1108.6500244140625,1116.800048828125,5270013
2021-10-06,1098.4217529296875,1131.8499755859375,1179.1500244140625,1126.699951171875,1178.449951171875,3329243
2021-10-07,1132.2425537109375,1166.699951171875,1186.1500244140625,1140.050048828125,1143.0,4002618
2021-10-08,1139.71533203125,1174.4000244140625,1180.0,1158.4000244140625,1179.4000244140625,2344868
2021-10-11,1138.59912109375,1173.25,1194.449951171875,1170.0,1172.6500244140625,2535840
2021-10-12,1146.9937744140625,1181.9000244140625,1196.0,1160.050048828125,1165.0,2354120
2021-10-13,1149.516845703125,1184.5,1191.949951171875,1175.25,1188.0999755859375,1235622
2021-10-14,1174.2637939453125,1210.0,1215.0,1161.800048828125,1190.0,3315820
2021-10-18,1183.5802001953125,1219.5999755859375,1229.6500244140625,1196.050048828125,1221.0,4512591
2021-10-19,1158.736328125,1194.0,1240.0,1185.5999755859375,1222.0,3879525
2021-10-20,1166.2088623046875,1201.699951171875,1213.9000244140625,1172.449951171875,1190.0,2850772
2021-10-21,1149.419921875,1184.4000244140625,1210.949951171875,1165.199951171875,1205.0,2408608
2021-10-22,1161.0654296875,1196.4000244140625,1204.699951171875,1176.800048828125,1192.050048828125,2618946
2021-10-25,1142.96630859375,1177.75,1211.0,1156.699951171875,1205.949951171875,3612312
2021-10-26,1120.7911376953125,1154.9000244140625,1193.0,1137.699951171875,1180.0,3413917
2021-10-27,1108.805908203125,1142.550048828125,1163.8499755859375,1122.0,1156.0,4329232
2021-10-28,1141.267822265625,1176.0,1242.0,1169.25,1172.0,17223159
2021-10-29,1106.525146484375,1140.199951171875,1182.0,1123.5999755859375,1166.949951171875,5112475
2021-11-01,1192.7996826171875,1229.0999755859375,1235.0,1146.050048828125,1158.0,10563295
2021-11-02,1176.738525390625,1212.550048828125,1240.0999755859375,1207.0,1220.0,3730392
2021-11-03,1143.1602783203125,1177.949951171875,1220.0,1174.25,1215.0,2922214
2021-11-04,1153.98095703125,1189.0999755859375,1195.0,1185.0,1195.0,278458
2021-11-08,1029.8099365234375,1061.1500244140625,1130.0,1041.5999755859375,1130.0,29099645
2021-11-09,1036.7001953125,1068.25,1084.9000244140625,1062.5,1081.0,7752739
2021-11-10,1001.71484375,1032.199951171875,1066.800048828125,1027.800048828125,1066.800048828125,6796906
2021-11-11,1002.7825317382812,1033.300048828125,1038.0,1020.5,1032.199951171875,4527396
2021-11-12,1006.4216918945312,1037.050048828125,1043.5,1028.550048828125,1040.0,3479296
2021-11-15,1010.7402954101562,1041.5,1051.0,1032.550048828125,1042.0,3105993
2021-11-16,990.7486572265625,1020.9000244140625,1046.0,1018.25,1042.0,2685826
2021-11-17,1003.4617919921875,1034.0,1042.0,1014.0,1017.9000244140625,3042496
2021-11-18,978.6664428710938,1008.4500122070312,1042.0,1002.2999877929688,1031.800048828125,3244457
2021-11-22,977.162109375,1006.9000244140625,1025.9000244140625,988.5499877929688,1024.0,6198324
2021-11-23,952.36669921875,981.3499755859375,1010.0,974.0,995.0,8136685
2021-11-24,941.7401733398438,970.4000244140625,993.6500244140625,966.0,989.0,6646771
2021-11-25,930.9679565429688,959.2999877929688,970.0,951.3499755859375,968.0,5711537
2021-11-26,875.1661987304688,901.7999877929688,956.9500122070312,898.0,951.0,6746021
2021-11-29,869.0037231445312,895.4500122070312,938.0,888.8499755859375,926.9000244140625,11905868
2021-11-30,856.92138671875,883.0,927.5,875.7000122070312,902.0,6964145
2021-12-01,906.0755004882812,933.6500244140625,938.75,890.1500244140625,891.0,14626216
2021-12-02,917.6240844726562,945.5499877929688,950.0,925.6500244140625,935.0,5703967
2021-12-03,923.0586547851562,951.1500244140625,957.8499755859375,938.5,944.9500122070312,4928235
2021-12-06,888.607177734375,915.6500244140625,952.0,914.0,952.0,4617346
2021-12-07,899.2822875976562,926.6500244140625,936.5,920.7999877929688,922.9000244140625,3434735
2021-12-08,917.3814086914062,945.2999877929688,949.0,932.5,936.0,3774244
2021-12-09,918.4490356445312,946.4000244140625,950.5,938.2000122070312,947.0,3111606
2021-12-10,916.8477172851562,944.75,968.0,938.0,960.0,6605152
2021-12-13,910.8307495117188,938.5499877929688,955.5999755859375,934.2000122070312,954.2999877929688,2681792
2021-12-14,918.1093139648438,946.0499877929688,949.1500244140625,924.2000122070312,932.0,2725729
2021-12-15,910.8307495117188,938.5499877929688,950.8499755859375,937.0,944.9500122070312,2266938
2021-12-16,900.883544921875,928.2999877929688,949.3499755859375,921.1500244140625,945.0,2457432
2021-12-17,856.92138671875,883.0,929.0,880.25,926.0,4786306
2021-12-20,821.1112060546875,846.0999755859375,874.0,830.7999877929688,874.0,4700733
2021-12-21,831.8833618164062,857.2000122070312,867.9500122070312,848.3499755859375,855.0499877929688,3568436
2021-12-22,846.0037231445312,871.75,885.0,861.0,861.4500122070312,3619713
2021-12-23,845.3728637695312,871.0999755859375,884.0,869.0,879.9000244140625,2642247
2021-12-24,835.7167358398438,861.1500244140625,878.7999877929688,846.7999877929688,878.0,3462247
2021-12-27,829.9910278320312,855.25,861.7999877929688,811.5,843.0,12325932
2021-12-28,827.4677734375,852.6500244140625,865.75,845.0999755859375,864.0,4660498
2021-12-29,844.3053588867188,870.0,874.9000244140625,854.0,854.0499877929688,6067054
2021-12-30,859.2505493164062,885.4000244140625,893.4500122070312,860.0,864.0,12354342
2021-12-31,861.9193725585938,888.1500244140625,892.9000244140625,878.4000244140625,881.5,3606043
2022-01-03,885.3560180664062,912.2999877929688,915.5,876.7000122070312,888.2000122070312,5594214
2022-01-04,877.689453125,904.4000244140625,917.9500122070312,896.0999755859375,915.0,4102750
2022-01-05,877.252685546875,903.9500122070312,911.9000244140625,892.25,905.0,5448165
2022-01-06,894.4784545898438,921.7000122070312,924.0,885.0499877929688,895.25,5209239
2022-01-07,895.01220703125,922.25,938.4500122070312,916.0999755859375,926.5,4207773
2022-01-10,893.6535034179688,920.8499755859375,929.8499755859375,918.0,926.9000244140625,2569322
2022-01-11,890.8392333984375,917.9500122070312,935.0499877929688,914.0,927.0,3383081
2022-01-12,913.7421875,941.5499877929688,946.5999755859375,920.0999755859375,928.0,5506622
2022-01-13,899.718994140625,927.0999755859375,950.0,926.0,948.0,2109207
2022-01-14,892.8771362304688,920.0499877929688,926.6500244140625,913.25,919.0999755859375,2557488
2022-01-17,893.3139038085938,920.5,931.9000244140625,912.25,919.0,3048497
2022-01-18,873.0796508789062,899.6500244140625,927.3499755859375,895.3499755859375,920.5,3088062
2022-01-19,866.8687133789062,893.25,903.7999877929688,884.1500244140625,897.0,3628266
2022-01-20,851.292724609375,877.2000122070312,898.4500122070312,872.0,895.0,3565267
2022-01-21,828.875,854.0999755859375,872.9500122070312,845.0999755859375,869.9000244140625,4042974
2022-01-24,826.109130859375,851.25,869.2999877929688,831.5499877929688,859.0,4657809
2022-01-25,858.1344604492188,884.25,886.9000244140625,842.0,842.3499755859375,5165597
2022-01-27,861.8707885742188,888.0999755859375,893.5999755859375,861.0999755859375,874.2000122070312,4323258
2022-01-28,876.864501953125,903.5499877929688,925.75,895.0,897.0,5520247
2022-01-31,846.34326171875,872.0999755859375,927.4500122070312,866.6500244140625,927.4500122070312,10148990
2022-02-01,895.0607299804688,922.2999877929688,927.0,879.0,879.0,11628936
2022-02-02,946.5439453125,975.3499755859375,981.7999877929688,930.0999755859375,930.0999755859375,14380553
2022-02-03,930.0459594726562,958.3499755859375,979.7000122070312,954.4500122070312,967.3499755859375,5623611
2022-02-04,927.8139038085938,956.0499877929688,974.9500122070312,945.0,958.0,5000045
2022-02-07,905.4932250976562,933.0499877929688,959.4000244140625,928.1500244140625,952.0499877929688,2587054
2022-02-08,910.005859375,937.7000122070312,940.75,913.0,938.0,3160992
2022-02-09,938.5861206054688,967.1500244140625,971.4000244140625,940.4000244140625,942.2999877929688,4101202
2022-02-10,943.6325073242188,972.3499755859375,977.75,960.25,966.0,4037566
2022-02-11,953.3857421875,982.4000244140625,990.0,954.5499877929688,955.0,7171664
2022-02-14,913.7907104492188,941.5999755859375,964.7999877929688,937.2000122070312,959.2000122070312,3652419
2022-02-15,941.0608520507812,969.7000122070312,972.0,923.25,943.0,3985559
2022-02-16,939.7991943359375,968.4000244140625,987.5499877929688,961.9500122070312,966.0999755859375,3683264
2022-02-17,927.5712890625,955.7999877929688,980.0,951.0999755859375,980.0,3152042
2022-02-18,927.1345825195312,955.3499755859375,966.0,948.5999755859375,950.0,2417043
2022-02-21,924.3203125,952.4500122070312,972.0,949.0,952.0,3535914
2022-02-22,911.364501953125,939.0999755859375,949.8499755859375,923.0,925.0,2866135
2022-02-23,922.6220092773438,950.7000122070312,960.7999877929688,943.1500244140625,944.0,3507003
2022-02-24,849.7885131835938,875.6500244140625,934.2999877929688,868.8499755859375,919.5,7305449
2022-02-25,899.67041015625,927.0499877929688,929.7999877929688,895.0,898.7000122070312,4821342
2022-02-28,893.5079956054688,920.7000122070312,924.7999877929688,903.0,916.0,3299912
2022-03-02,879.5817260742188,906.3499755859375,912.6500244140625,887.5499877929688,907.0,4507940
2022-03-03,885.3075561523438,912.25,926.0,906.5,918.0,3731807
2022-03-04,875.2632446289062,901.9000244140625,922.9000244140625,891.0,896.0,3623960
2022-03-07,809.7567749023438,834.4000244140625,896.9500122070312,825.5,878.0,6323502
2022-03-08,815.8707275390625,840.7000122070312,847.7999877929688,816.0,831.0999755859375,6163433
2022-03-09,849.497314453125,875.3499755859375,880.0,838.25,863.0,6967640
2022-03-10,877.59228515625,904.2999877929688,928.0,890.7000122070312,909.7999877929688,6312569
2022-03-11,875.1176147460938,901.75,915.5,892.9500122070312,900.0,3451877
2022-03-14,880.7948608398438,907.5999755859375,914.0,892.2999877929688,899.0,3718477
2022-03-15,870.1683349609375,896.6500244140625,922.0,887.25,916.9000244140625,4390735
2022-03-16,901.2232055664062,928.6500244140625,936.0,911.5499877929688,912.0,5705364
2022-03-17,904.9109497070312,932.4500122070312,949.5,929.5499877929688,943.9500122070312,4492246
2022-03-21,886.4236450195312,913.4000244140625,938.0,911.0,938.0,2363059
2022-03-22,900.30126953125,927.7000122070312,932.0,903.5999755859375,916.0,2764481
2022-03-23,903.8433837890625,931.3499755859375,944.4500122070312,928.0999755859375,933.0,2433056
2022-03-24,897.4869384765625,924.7999877929688,937.9500122070312,915.2000122070312,922.0,2923793
2022-03-25,898.8941040039062,926.25,933.2999877929688,916.0499877929688,930.0,1984601
2022-03-28,907.5313110351562,935.1500244140625,942.9000244140625,920.25,923.0499877929688,2654339
2022-03-29,901.7084350585938,929.1500244140625,944.5,921.4000244140625,939.9500122070312,3351562
2022-03-30,898.9425659179688,926.2999877929688,945.0,922.9500122070312,939.3499755859375,4849869
2022-03-31,907.7738037109375,935.4000244140625,938.4500122070312,924.0,930.0,2311242
2022-04-01,939.9932861328125,968.5999755859375,970.9500122070312,929.1500244140625,929.4500122070312,5222165
2022-04-04,958.0440063476562,987.2000122070312,994.7999877929688,958.0499877929688,975.0,5033678
2022-04-05,944.5059814453125,973.25,994.0,968.0,994.0,3827808
2022-04-06,939.7021484375,968.2999877929688,978.75,961.0,967.0,2406015
2022-04-07,943.8751220703125,972.5999755859375,986.9000244140625,960.0,960.5,3182285
2022-04-08,956.4911499023438,985.5999755859375,990.0,968.25,971.0,2659878
2022-04-11,951.4933471679688,980.4500122070312,998.9000244140625,976.7999877929688,983.5999755859375,2413145
2022-04-12,956.0059204101562,985.0999755859375,987.6500244140625,966.0,977.0,1963842
2022-04-13,954.356201171875,983.4000244140625,996.25,982.0,992.0,2060127
2022-04-18,948.5819091796875,977.4500122070312,983.0,966.0999755859375,972.0,1575552
2022-04-19,935.3350219726562,963.7999877929688,988.9500122070312,951.0,979.9000244140625,1747142
2022-04-20,943.8265991210938,972.5499877929688,982.75,952.5,965.5499877929688,2421543
2022-04-21,960.0333862304688,989.25,992.7000122070312,976.0999755859375,976.0999755859375,1957820
2022-04-22,931.501708984375,959.8499755859375,988.0,957.0999755859375,980.0,1942893
2022-04-25,918.594482421875,946.5499877929688,958.4500122070312,931.0,945.0,2096910
2022-04-26,951.4933471679688,980.4500122070312,983.3499755859375,958.0999755859375,962.0,2673266
2022-04-27,945.7191162109375,974.5,979.7999877929688,967.1500244140625,970.0999755859375,1476543
2022-04-28,959.1599731445312,988.3499755859375,992.4500122070312,972.0,978.0,2003774
2022-04-29,949.6494750976562,978.5499877929688,1009.5,975.2000122070312,990.0,3476442
2022-05-02,988.0313110351562,1018.0999755859375,1026.0,966.4500122070312,972.0,8962019
2022-05-04,949.4067993164062,978.2999877929688,1029.0,971.0,1025.5,4565643
2022-05-05,909.1324462890625,936.7999877929688,995.0,932.0,995.0,4679266
2022-05-06,888.3645629882812,915.4000244140625,934.2999877929688,902.5,919.0,3713381
2022-05-09,863.4235229492188,889.7000122070312,912.7999877929688,881.0,912.7999877929688,3283626
2022-05-10,883.8518676757812,910.75,920.0,888.0,888.0,3972560
2022-05-11,896.0797729492188,923.3499755859375,928.0,891.2999877929688,910.9000244140625,4209334
2022-05-12,844.2083129882812,869.9000244140625,916.5,856.0,916.0,4776857
2022-05-13,846.5859375,872.3499755859375,894.1500244140625,868.75,886.0,2932319
2022-05-16,859.7357788085938,885.9000244140625,898.7999877929688,865.5499877929688,876.7000122070312,1971123
2022-05-17,877.1555786132812,903.8499755859375,905.0,888.0999755859375,890.0,2038983
2022-05-18,876.476318359375,903.1500244140625,917.9500122070312,899.0499877929688,907.0,2665522
2022-05-19,840.6660766601562,866.25,890.8499755859375,860.0999755859375,888.0,2656251
2022-05-20,870.022705078125,896.5,900.0,881.2000122070312,888.0,2286465
2022-05-23,875.7484741210938,902.4000244140625,922.0,898.9500122070312,900.0,2577890
2022-05-24,871.4298706054688,897.9500122070312,917.0,895.2999877929688,905.4000244140625,2149695
2022-05-25,866.9656982421875,893.3499755859375,923.5,889.5499877929688,907.7999877929688,3664893
2022-05-26,871.0902099609375,897.5999755859375,906.7999877929688,877.4500122070312,902.5999755859375,3909078
2022-05-27,898.0692138671875,925.4000244140625,927.0,905.2000122070312,908.3499755859375,2509528
2022-05-30,908.5501708984375,936.2000122070312,946.4500122070312,932.0999755859375,936.0,2036338
2022-05-31,903.3582153320312,930.8499755859375,939.9500122070312,926.0,926.0,1249259
2022-06-01,900.9320678710938,928.3499755859375,938.3499755859375,918.7000122070312,930.8499755859375,1144864
2022-06-02,915.1008911132812,942.9500122070312,945.0,921.0,921.0,1735855
2022-06-03,897.0016479492188,924.2999877929688,953.7999877929688,922.0,950.0,1398174
2022-06-06,901.3202514648438,928.75,933.9500122070312,918.5,920.0,1417254
2022-06-07,896.4193725585938,923.7000122070312,929.9500122070312,916.5,924.25,929573
2022-06-08,886.7147216796875,913.7000122070312,938.0,906.5499877929688,929.0,1905868
2022-06-09,893.1198120117188,920.2999877929688,923.5,906.3499755859375,908.0,1031195
2022-06-10,886.2294921875,913.2000122070312,925.0,903.25,912.5,882217
2022-06-13,839.8897705078125,865.4500122070312,900.3499755859375,860.0999755859375,895.0,3353078
2022-06-14,819.267333984375,844.2000122070312,869.9500122070312,840.2999877929688,864.0,3770890
2022-06-15,818.3939208984375,843.2999877929688,857.0,828.0,852.0,3911673
2022-06-16,785.689208984375,809.5999755859375,859.4000244140625,805.1500244140625,854.0,3141825
2022-06-17,783.0689697265625,806.9000244140625,821.8499755859375,796.75,810.0,2624540
2022-06-20,760.8938598632812,784.0499877929688,814.5999755859375,769.5,814.5999755859375,3103978
2022-06-21,775.2566528320312,798.8499755859375,809.4000244140625,783.4500122070312,796.0499877929688,3425596
2022-06-22,754.682861328125,777.6500244140625,801.8499755859375,767.7000122070312,799.6500244140625,3066728
2022-06-23,761.7672729492188,784.9500122070312,794.2999877929688,763.2000122070312,781.0,3888446
2022-06-24,782.6807861328125,806.5,815.8499755859375,792.5,793.9500122070312,4706175
2022-06-27,799.1787109375,823.5,829.7000122070312,817.6500244140625,819.2000122070312,2569316
2022-06-28,792.4824829101562,816.5999755859375,823.5,812.0,819.0,1280737
2022-06-29,784.912841796875,808.7999877929688,817.3499755859375,788.2000122070312,805.0,3774208
2022-06-30,770.8895874023438,794.3499755859375,816.7000122070312,790.25,811.7999877929688,2686640
2022-07-01,783.360107421875,807.2000122070312,810.0,783.0,793.0,2796110
2022-07-04,807.4276733398438,832.0,840.0,811.2000122070312,812.7999877929688,4711395
2022-07-05,799.71240234375,824.0499877929688,839.0,821.0499877929688,833.0,1836183
2022-07-06,811.84326171875,836.5499877929688,840.0,825.0499877929688,829.7999877929688,1660551
2022-07-07,835.5712280273438,861.0,863.4000244140625,840.25,841.0,3868679
2022-07-08,823.5372924804688,848.5999755859375,867.5,846.2000122070312,867.0,1342616
2022-07-11,832.9993896484375,858.3499755859375,860.0,843.0499877929688,845.0,1503503
2022-07-12,822.0331420898438,847.0499877929688,861.1500244140625,845.0,850.0,1221366
2022-07-13,794.860107421875,819.0499877929688,856.1500244140625,789.5,856.1500244140625,10850036
2022-07-14,796.655517578125,820.9000244140625,829.7999877929688,813.7000122070312,823.0999755859375,2463571
2022-07-15,790.978271484375,815.0499877929688,829.0,811.2000122070312,824.1500244140625,1365475
2022-07-18,825.9150390625,851.0499877929688,853.2000122070312,823.2000122070312,826.0,2536142
2022-07-19,842.46142578125,868.0999755859375,871.7999877929688,840.0,841.0,2608372
2022-07-20,853.3306274414062,879.2999877929688,897.4500122070312,872.7999877929688,886.0,3995680
2022-07-21,920.0986938476562,948.0999755859375,962.0,892.5999755859375,903.0,23581540
2022-07-22,914.6156616210938,942.4500122070312,956.0,938.6500244140625,950.0499877929688,4842122
2022-07-25,933.63671875,962.0499877929688,966.5,939.5499877929688,940.0,6043152
2022-07-26,933.2000122070312,961.5999755859375,969.9000244140625,951.8499755859375,959.0,2983144
2022-07-27,950.8624877929688,979.7999877929688,983.75,955.25,960.7000122070312,3405140
2022-07-28,987.6431884765625,1017.7000122070312,1020.0,989.0999755859375,994.4500122070312,7001490
2022-07-29,1012.6812133789062,1043.5,1049.949951171875,1018.75,1022.2000122070312,5862550
2022-08-01,1009.43017578125,1040.1500244140625,1047.9000244140625,1024.550048828125,1040.0,4299697
2022-08-02,1035.7298583984375,1067.25,1071.9000244140625,1032.050048828125,1033.0,5074834
2022-08-03,1027.044189453125,1058.300048828125,1070.0,1051.550048828125,1063.550048828125,2753893
2022-08-04,1019.1831665039062,1050.199951171875,1072.8499755859375,1043.800048828125,1061.0999755859375,2142720
2022-08-05,1005.6939086914062,1036.300048828125,1057.75,1033.550048828125,1055.5,2382020
2022-08-08,1019.1831665039062,1050.199951171875,1057.699951171875,1033.699951171875,1036.300048828125,2057991
2022-08-10,1031.702392578125,1063.0999755859375,1067.5,1043.050048828125,1045.4000244140625,2727232
2022-08-11,1055.76806640625,1079.199951171875,1086.0,1069.0,1070.6500244140625,3998702
2022-08-12,1056.990966796875,1080.449951171875,1088.050048828125,1075.550048828125,1077.1500244140625,2463516
2022-08-16,1060.9041748046875,1084.449951171875,1096.9000244140625,1075.0999755859375,1085.0,3083931
2022-08-17,1064.964111328125,1088.5999755859375,1095.0,1082.0,1083.0,1768441
2022-08-18,1081.1058349609375,1105.0999755859375,1107.449951171875,1081.550048828125,1082.5,2407824
2022-08-19,1040.2135009765625,1063.300048828125,1104.949951171875,1060.0,1104.949951171875,3660413
2022-08-22,1034.245849609375,1057.199951171875,1067.300048828125,1045.5,1055.0,2662510
2022-08-23,1047.795166015625,1071.050048828125,1078.9000244140625,1034.0999755859375,1035.0,3030759
2022-08-24,1077.9754638671875,1101.9000244140625,1105.0,1077.0,1077.0,3685015
2022-08-25,1066.2847900390625,1089.949951171875,1119.75,1082.699951171875,1109.0,3775014
2022-08-26,1046.5234375,1069.75,1101.699951171875,1064.6500244140625,1098.0,3662548
2022-08-29,1036.202392578125,1059.199951171875,1062.9000244140625,1041.0,1050.0,1642550
2022-08-30,1083.40478515625,1107.449951171875,1109.800048828125,1070.0,1071.800048828125,3200407
2022-09-01,1087.26904296875,1111.4000244140625,1121.0,1095.0,1097.6500244140625,3487969
2022-09-02,1076.850341796875,1100.75,1119.5,1095.0,1116.949951171875,2428618
2022-09-05,1083.94287109375,1108.0,1112.449951171875,1096.550048828125,1099.5,2419887
2022-09-06,1084.7255859375,1108.800048828125,1118.75,1097.5999755859375,1115.0,2516672
2022-09-07,1066.2847900390625,1089.949951171875,1100.0,1086.0,1095.0,3165749
2022-09-08,1084.2364501953125,1108.300048828125,1115.0,1097.4000244140625,1103.0,2995969
2022-09-09,1112.4599609375,1137.1500244140625,1149.550048828125,1116.550048828125,1119.0,4751837
2022-09-12,1112.16650390625,1136.8499755859375,1145.0,1128.0,1144.300048828125,1918731
2022-09-13,1138.5313720703125,1163.800048828125,1165.550048828125,1136.800048828125,1145.0,3571187
2022-09-14,1189.3533935546875,1215.75,1225.0,1142.300048828125,1148.5999755859375,9043198
2022-09-15,1169.885498046875,1195.8499755859375,1220.0,1185.050048828125,1219.0,4063705
2022-09-16,1200.7015380859375,1227.3499755859375,1251.050048828125,1185.0,1195.8499755859375,16270762
2022-09-19,1199.1363525390625,1225.75,1256.0,1218.0,1226.0,6074889
2022-09-20,1236.653564453125,1264.0999755859375,1275.800048828125,1240.0,1241.25,5704241
2022-09-21,1197.6688232421875,1224.25,1265.0,1221.800048828125,1260.0,6121456
2022-09-22,1190.1361083984375,1216.550048828125,1238.5,1205.0,1219.0,5463724
2022-09-23,1157.6568603515625,1183.3499755859375,1213.949951171875,1176.050048828125,1210.0,4197496
2022-09-26,1124.6396484375,1149.5999755859375,1180.0,1135.699951171875,1170.0,5082576
2022-09-27,1139.8031005859375,1165.0999755859375,1178.0,1140.5999755859375,1166.449951171875,4493527
2022-09-28,1116.128662109375,1140.9000244140625,1160.0,1133.0,1155.199951171875,4898528
2022-09-29,1117.4493408203125,1142.25,1174.800048828125,1137.300048828125,1160.0,4998273
2022-09-30,1159.4666748046875,1185.199951171875,1192.300048828125,1128.800048828125,1141.0,4392250
2022-10-03,1131.145263671875,1156.25,1185.9000244140625,1153.050048828125,1178.0,3397982
2022-10-04,1192.7774658203125,1219.25,1222.0,1176.1500244140625,1184.9000244140625,4446589
2022-10-06,1174.8258056640625,1200.9000244140625,1234.949951171875,1197.300048828125,1225.0,2773277
2022-10-07,1187.054443359375,1213.4000244140625,1217.8499755859375,1182.5,1201.0,3338767
2022-10-10,1184.021728515625,1210.300048828125,1216.9000244140625,1183.25,1193.0999755859375,2547644
2022-10-11,1139.31396484375,1164.5999755859375,1215.949951171875,1162.0,1215.0,21664338
2022-10-12,1163.233154296875,1189.050048828125,1192.0999755859375,1156.0999755859375,1175.050048828125,3412460
2022-10-13,1158.537353515625,1184.25,1196.75,1167.0,1189.050048828125,1982808
2022-10-14,1155.9449462890625,1181.5999755859375,1216.3499755859375,1179.199951171875,1201.25,2918993
2022-10-17,1173.60302734375,1199.6500244140625,1203.800048828125,1164.0,1178.0,3419791
2022-10-18,1196.6905517578125,1223.25,1228.6500244140625,1203.0999755859375,1207.0,3451130
2022-10-19,1191.94580078125,1218.4000244140625,1231.699951171875,1210.0,1227.9000244140625,3896969
2022-10-20,1134.764892578125,1159.949951171875,1214.0,1150.0999755859375,1214.0,11242103
2022-10-21,1117.4493408203125,1142.25,1169.0,1139.0999755859375,1166.0,5309754
2022-10-24,1120.9710693359375,1145.8499755859375,1160.0,1143.0,1160.0,674170
2022-10-25,1112.75341796875,1137.449951171875,1153.050048828125,1121.800048828125,1145.8499755859375,3514202
2022-10-27,1117.6937255859375,1142.5,1153.5999755859375,1135.199951171875,1150.0,2590606
2022-10-28,1122.0960693359375,1147.0,1161.0,1137.5,1145.0,2778938
2022-10-31,1117.840576171875,1142.6500244140625,1159.5999755859375,1138.949951171875,1155.0,2048520
2022-11-01,1126.156005859375,1151.1500244140625,1159.9000244140625,1145.0,1146.5,2664189
2022-11-02,1113.4871826171875,1138.199951171875,1157.699951171875,1135.0,1146.0,1947283
2022-11-03,1123.074462890625,1148.0,1150.949951171875,1125.25,1133.449951171875,1742221
2022-11-04,1127.67236328125,1152.699951171875,1158.0,1142.0999755859375,1153.75,1571565
2022-11-07,1119.30810546875,1144.1500244140625,1158.0,1139.25,1158.0,2601148
2022-11-09,1124.052734375,1149.0,1172.9000244140625,1144.0,1156.0,3456108
2022-11-10,1102.8726806640625,1127.3499755859375,1157.800048828125,1118.0,1143.0,2072769
2022-11-11,1115.2481689453125,1140.0,1161.449951171875,1130.5999755859375,1140.0,2198448
2022-11-14,1127.9168701171875,1152.949951171875,1160.0,1134.1500244140625,1145.699951171875,2007506
2022-11-15,1127.819091796875,1152.8499755859375,1167.75,1147.1500244140625,1157.8499755859375,1802234
2022-11-16,1119.259033203125,1144.0999755859375,1158.0,1136.0,1151.0,2331206
2022-11-17,1121.6070556640625,1146.5,1152.75,1137.550048828125,1141.449951171875,1721557
2022-11-18,1104.1446533203125,1128.6500244140625,1151.3499755859375,1122.0,1151.3499755859375,2082130
2022-11-21,1114.2698974609375,1139.0,1142.050048828125,1117.0,1119.550048828125,2602264
2022-11-22,1144.009765625,1169.4000244140625,1173.25,1138.5,1143.0,3927395
2022-11-23,1148.852294921875,1174.3499755859375,1183.0,1161.0,1176.0,3265438
2022-11-24,1150.0262451171875,1175.550048828125,1186.949951171875,1167.5999755859375,1180.0,3496170
2022-11-25,1161.325439453125,1187.0999755859375,1193.800048828125,1176.050048828125,1180.0,4715695
2022-11-28,1171.842041015625,1197.8499755859375,1205.449951171875,1178.699951171875,1180.0,2846018
2022-11-29,1154.9666748046875,1180.5999755859375,1199.8499755859375,1178.449951171875,1192.0,1875146
2022-11-30,1142.4444580078125,1167.800048828125,1183.699951171875,1163.0,1180.0,2421938
2022-12-01,1148.412109375,1173.9000244140625,1180.949951171875,1162.0999755859375,1175.0,2693170
2022-12-02,1153.1077880859375,1178.699951171875,1185.75,1167.050048828125,1169.6500244140625,2299901
2022-12-05,1169.5430908203125,1195.5,1198.0,1179.8499755859375,1182.0,3842074
2022-12-06,1158.3905029296875,1184.0999755859375,1208.0,1179.0,1198.949951171875,3130375
2022-12-07,1139.3629150390625,1164.6500244140625,1189.0,1161.449951171875,1184.0,2752097
2022-12-08,1164.9940185546875,1190.8499755859375,1194.300048828125,1163.050048828125,1165.0,3666432
2022-12-09,1176.39111328125,1202.5,1216.0,1189.25,1195.5,6171282
2022-12-12,1180.548828125,1206.75,1219.9000244140625,1195.25,1201.300048828125,2790292
2022-12-13,1208.136474609375,1234.949951171875,1240.949951171875,1209.5,1212.800048828125,4161518
2022-12-14,1225.94140625,1253.1500244140625,1257.0,1233.0,1241.75,3913725
2022-12-15,1212.685546875,1239.5999755859375,1273.550048828125,1235.0,1252.75,3097282
2022-12-16,1202.853759765625,1229.550048828125,1248.800048828125,1208.199951171875,1235.0,1944616
2022-12-19,1196.9840087890625,1223.550048828125,1241.699951171875,1212.0999755859375,1233.949951171875,1382378
2022-12-20,1201.973388671875,1228.6500244140625,1234.3499755859375,1209.949951171875,1215.0,1245359
2022-12-21,1175.706298828125,1201.800048828125,1238.1500244140625,1190.949951171875,1236.0,1495106
2022-12-22,1154.5264892578125,1180.1500244140625,1208.800048828125,1170.199951171875,1207.8499755859375,2126536
2022-12-23,1122.9276123046875,1147.8499755859375,1179.699951171875,1143.0,1160.050048828125,2621761
2022-12-26,1169.7386474609375,1195.699951171875,1208.0,1141.0,1150.0,2100374
2022-12-27,1176.2442626953125,1202.3499755859375,1209.949951171875,1185.0,1201.6500244140625,1462244
2022-12-28,1187.7882080078125,1214.1500244140625,1227.0,1194.0,1198.0,2834356
2022-12-29,1204.4190673828125,1231.1500244140625,1234.9000244140625,1201.800048828125,1206.0,3134405
2022-12-30,1193.60888671875,1220.0999755859375,1238.0,1211.5,1238.0,1767556
2023-01-02,1199.7232666015625,1226.3499755859375,1231.0999755859375,1211.75,1220.0999755859375,2587946
2023-01-03,1214.0062255859375,1240.949951171875,1249.8499755859375,1222.300048828125,1226.550048828125,2195814
2023-01-04,1196.5438232421875,1223.0999755859375,1273.4000244140625,1206.0999755859375,1258.0,8001367
2023-01-05,1189.451171875,1215.8499755859375,1232.5,1203.800048828125,1229.25,2364186
2023-01-06,1156.2384033203125,1181.9000244140625,1217.699951171875,1176.0999755859375,1214.0,3029739
2023-01-09,1192.1904296875,1218.6500244140625,1223.5999755859375,1188.050048828125,1190.1500244140625,2836421
2023-01-10,1200.897216796875,1227.550048828125,1231.1500244140625,1205.0,1215.0,2442613
2023-01-11,1186.90771484375,1213.25,1238.199951171875,1207.4000244140625,1232.4000244140625,2675249
2023-01-12,1182.896728515625,1209.1500244140625,1224.75,1197.300048828125,1214.0,1862790
2023-01-13,1207.5985107421875,1234.4000244140625,1237.300048828125,1210.0999755859375,1213.0,2184432
2023-01-16,1212.3431396484375,1239.25,1250.0,1232.5999755859375,1240.0,2398823
2023-01-17,1203.6363525390625,1230.3499755859375,1240.0,1212.699951171875,1240.0,1803413
2023-01-18,1196.4459228515625,1223.0,1238.0,1218.0,1232.0,1865108
2023-01-19,1174.4835205078125,1200.550048828125,1245.0,1183.25,1215.0,9691261
2023-01-20,1176.3421630859375,1202.449951171875,1228.0,1198.5,1208.5999755859375,4144033
2023-01-23,1178.543212890625,1204.699951171875,1220.1500244140625,1200.5,1212.699951171875,1848813
2023-01-24,1185.9783935546875,1212.300048828125,1219.800048828125,1198.3499755859375,1206.300048828125,2472106
2023-01-25,1131.0474853515625,1156.1500244140625,1211.0,1151.3499755859375,1210.0,3420414
2023-01-27,1092.16064453125,1116.4000244140625,1168.6500244140625,1106.0,1163.050048828125,4781085
2023-01-30,1065.4044189453125,1089.050048828125,1124.800048828125,1055.0,1110.0,7991091
2023-01-31,1059.436767578125,1082.949951171875,1098.8499755859375,1068.3499755859375,1097.050048828125,6080048
2023-02-01,1019.2291870117188,1041.8499755859375,1119.0,990.0,1094.0,7563064
2023-02-02,1052.5399169921875,1075.9000244140625,1081.0,1028.4000244140625,1034.9000244140625,4494575
2023-02-03,1079.589599609375,1103.550048828125,1131.0,1079.0,1110.0,9207051
2023-02-06,1104.6336669921875,1129.1500244140625,1135.0,1100.449951171875,1109.0,2865938
2023-02-07,1118.085205078125,1142.9000244140625,1148.1500244140625,1122.5,1134.0,3603258
2023-02-08,1120.48193359375,1145.3499755859375,1151.25,1136.0,1144.0,1675932
2023-02-09,1138.5313720703125,1163.800048828125,1168.199951171875,1138.300048828125,1150.1500244140625,2284751
2023-02-10,1135.98779296875,1161.199951171875,1167.0,1147.0999755859375,1160.0,2126093
2023-02-13,1132.2213134765625,1157.3499755859375,1170.0,1148.5999755859375,1165.0,2112106
2023-02-14,1131.7322998046875,1156.8499755859375,1162.0,1137.0,1160.699951171875,2433798
2023-02-15,1124.6396484375,1149.5999755859375,1160.449951171875,1145.0,1155.0,2050158
2023-02-16,1123.416748046875,1148.3499755859375,1156.0999755859375,1143.699951171875,1155.3499755859375,1918858
2023-02-17,1090.4974365234375,1114.699951171875,1143.9000244140625,1109.0,1142.0,3146155
2023-02-20,1085.2147216796875,1109.300048828125,1122.800048828125,1103.800048828125,1117.25,1613608
2023-02-21,1077.82861328125,1101.75,1112.1500244140625,1096.0,1110.0,1767689
2023-02-22,1069.0240478515625,1092.75,1096.949951171875,1079.199951171875,1096.75,1983022
2023-02-23,1052.2464599609375,1075.5999755859375,1097.550048828125,1066.6500244140625,1092.699951171875,3193602
2023-02-24,1055.7193603515625,1079.1500244140625,1089.6500244140625,1069.5999755859375,1080.050048828125,1862986
2023-02-27,1058.45849609375,1081.949951171875,1089.8499755859375,1067.050048828125,1079.949951171875,2047252
2023-02-28,1054.30078125,1077.699951171875,1089.9000244140625,1068.050048828125,1082.5,1360243
2023-03-01,1076.5567626953125,1100.449951171875,1106.550048828125,1070.0999755859375,1077.050048828125,4006038
2023-03-02,1078.1220703125,1102.050048828125,1110.5,1093.4000244140625,1099.949951171875,3831094
2023-03-03,1101.9434814453125,1126.4000244140625,1133.199951171875,1104.75,1109.0,3365349
2023-03-06,1096.269287109375,1120.5999755859375,1140.0,1116.6500244140625,1132.0,3623590
2023-03-08,1148.7545166015625,1174.25,1179.0,1105.550048828125,1109.6500244140625,7227479
2023-03-09,1144.401123046875,1169.800048828125,1182.6500244140625,1162.300048828125,1174.25,3086720
2023-03-10,1119.9439697265625,1144.800048828125,1162.25,1138.0,1155.0999755859375,3255900
2023-03-13,1037.0828857421875,1060.0999755859375,1119.5,1055.0,1119.0,12242080
2023-03-14,1040.8983154296875,1064.0,1082.4000244140625,1052.199951171875,1060.0999755859375,5410127
2023-03-15,1021.6748046875,1044.3499755859375,1086.550048828125,1040.0,1079.800048828125,4117107
2023-03-16,995.7012939453125,1017.7999877929688,1041.949951171875,1001.9000244140625,1040.0,9261210
2023-03-17,998.3427124023438,1020.5,1038.5999755859375,1006.25,1038.0,5324960
2023-03-20,980.537841796875,1002.2999877929688,1020.0,990.2000122070312,1020.0,5439347
2023-03-21,1000.6416625976562,1022.8499755859375,1029.949951171875,996.0,1007.3499755859375,6200518
2023-03-22,1008.7615356445312,1031.1500244140625,1044.0,1024.1500244140625,1028.0,2992139
2023-03-23,996.1415405273438,1018.25,1046.199951171875,1014.25,1028.1500244140625,3703523
2023-03-24,987.6304321289062,1009.5499877929688,1024.949951171875,1004.6500244140625,1019.0,2709449
2023-03-27,990.8587646484375,1012.8499755859375,1020.9500122070312,1004.0,1014.0,2116764
2023-03-28,1013.6528930664062,1036.1500244140625,1038.4000244140625,1007.2000122070312,1017.7000122070312,4396283
2023-03-29,1034.1480712890625,1057.0999755859375,1063.949951171875,1025.0,1031.0,5803091
2023-03-31,1044.762451171875,1067.949951171875,1076.0,1060.4000244140625,1063.0,3097113
2023-04-03,1055.327880859375,1078.75,1081.1500244140625,1064.0,1073.0,1534155
2023-04-05,1044.0286865234375,1067.199951171875,1089.199951171875,1060.0999755859375,1089.0,2979782
2023-04-06,1058.5074462890625,1082.0,1093.449951171875,1064.25,1067.199951171875,3458673
2023-04-10,1046.083251953125,1069.300048828125,1083.0,1063.0,1082.0,1602094
2023-04-11,1050.876708984375,1074.199951171875,1078.0999755859375,1055.050048828125,1077.4000244140625,1932390
2023-04-12,1051.414794921875,1074.75,1077.0999755859375,1057.550048828125,1073.5,3005913
2023-04-13,1085.2147216796875,1109.300048828125,1114.5,1007.9500122070312,1073.0,6082307
2023-04-17,1099.9378662109375,1124.3499755859375,1136.699951171875,1105.0,1107.4000244140625,5360050
2023-04-18,1121.998291015625,1146.9000244140625,1149.5,1127.050048828125,1130.0,4455007
2023-04-19,1096.07373046875,1120.4000244140625,1145.9000244140625,1118.550048828125,1143.0,2207739
2023-04-20,1101.7476806640625,1126.199951171875,1131.550048828125,1112.4000244140625,1118.949951171875,2530597
2023-04-21,1092.111572265625,1116.3499755859375,1135.75,1108.3499755859375,1126.199951171875,1894300
2023-04-24,1078.0732421875,1102.0,1141.0,1092.0,1130.75,7711772
2023-04-25,1097.3944091796875,1121.75,1127.5999755859375,1113.0999755859375,1119.949951171875,5268567
2023-04-26,1113.095947265625,1137.800048828125,1139.800048828125,1115.1500244140625,1117.75,2688362
2023-04-27,1119.8948974609375,1144.75,1148.449951171875,1130.0,1140.0,2990958
2023-04-28,1127.770263671875,1152.800048828125,1157.550048828125,1135.0,1148.75,2239678
2023-05-02,1125.9114990234375,1150.9000244140625,1161.8499755859375,1150.0,1158.949951171875,2000569
2023-05-03,1121.2646484375,1146.1500244140625,1159.9000244140625,1140.300048828125,1142.5,1816420
2023-05-04,1109.96533203125,1134.5999755859375,1151.0,1129.0,1146.1500244140625,2752160
2023-05-05,1049.996337890625,1073.300048828125,1154.949951171875,1065.3499755859375,1131.0,8504838
2023-05-08,1101.8944091796875,1126.3499755859375,1134.6500244140625,1087.0,1087.0,6764292
2023-05-09,1115.8349609375,1140.5999755859375,1149.9000244140625,1131.0999755859375,1135.0,4181498
2023-05-10,1147.0914306640625,1172.550048828125,1175.800048828125,1150.0,1155.0,6466598
2023-05-11,1161.6678466796875,1187.449951171875,1200.0,1169.25,1175.0,6086958
2023-05-12,1182.4075927734375,1208.6500244140625,1214.0,1176.050048828125,1192.5,3983609
2023-05-15,1193.0709228515625,1219.550048828125,1222.6500244140625,1196.0,1208.5999755859375,3323300
2023-05-16,1193.8045654296875,1220.300048828125,1226.0999755859375,1208.6500244140625,1219.550048828125,2888698
2023-05-17,1209.3104248046875,1236.1500244140625,1248.0,1214.0,1217.050048828125,4661849
2023-05-18,1212.0008544921875,1238.9000244140625,1248.0,1230.699951171875,1248.0,2489971
2023-05-19,1220.9031982421875,1248.0,1251.0,1221.5999755859375,1243.0,2366675
2023-05-22,1219.0933837890625,1246.1500244140625,1251.0,1232.5,1247.0,2106351
2023-05-23,1232.8382568359375,1260.199951171875,1266.9000244140625,1245.0,1246.0,2142459
2023-05-24,1244.1375732421875,1271.75,1275.9000244140625,1247.6500244140625,1255.0,2782379
2023-05-25,1235.9688720703125,1263.4000244140625,1271.9000244140625,1249.699951171875,1268.949951171875,2589092
2023-05-26,1240.5179443359375,1268.050048828125,1272.449951171875,1255.9000244140625,1256.449951171875,1981580
2023-05-29,1257.05078125,1284.949951171875,1295.0,1272.0,1272.199951171875,2985334
2023-05-30,1265.1707763671875,1293.25,1296.1500244140625,1276.4000244140625,1284.949951171875,1818000
2023-05-31,1258.6651611328125,1286.5999755859375,1297.4000244140625,1277.25,1289.0,2764078
2023-06-01,1262.1380615234375,1290.1500244140625,1298.0,1251.5,1280.0,3244947
2023-06-02,1274.0556640625,1288.199951171875,1292.949951171875,1271.0,1282.4000244140625,1912458
2023-06-05,1287.5064697265625,1301.800048828125,1306.449951171875,1282.6500244140625,1295.0,3040374
2023-06-06,1291.6602783203125,1306.0,1315.9000244140625,1300.0,1302.0,2902701
2023-06-07,1296.8031005859375,1311.199951171875,1312.75,1303.199951171875,1309.949951171875,2679118
2023-06-08,1289.5338134765625,1303.8499755859375,1323.9000244140625,1300.0,1316.449951171875,3215312
2023-06-09,1316.435302734375,1331.050048828125,1336.4000244140625,1298.4000244140625,1299.0,4233651
2023-06-12,1317.81982421875,1332.449951171875,1336.949951171875,1318.5999755859375,1336.949951171875,1904622
2023-06-13,1321.578125,1336.25,1342.9000244140625,1332.3499755859375,1336.0,3756073
2023-06-14,1308.7208251953125,1323.25,1336.25,1318.199951171875,1335.050048828125,2858453
2023-06-15,1282.85791015625,1297.0999755859375,1319.949951171875,1288.5,1315.0,5952095
2023-06-16,1299.5723876953125,1314.0,1318.5999755859375,1294.550048828125,1297.0999755859375,3508045
2023-06-19,1287.11083984375,1301.4000244140625,1317.25,1290.5999755859375,1310.0,2679485
2023-06-20,1284.1436767578125,1298.4000244140625,1315.4000244140625,1285.199951171875,1295.0,2102065
2023-06-21,1272.4732666015625,1286.5999755859375,1307.5,1284.4000244140625,1297.75,1490552
2023-06-22,1258.725830078125,1272.699951171875,1289.050048828125,1269.050048828125,1286.5999755859375,3185099
2023-06-23,1294.33056640625,1308.699951171875,1318.0,1262.0,1272.699951171875,4636121
2023-06-26,1300.6109619140625,1315.050048828125,1326.5999755859375,1305.9000244140625,1314.800048828125,2236596
2023-06-27,1301.5009765625,1315.949951171875,1320.949951171875,1297.3499755859375,1318.75,2638788
2023-06-28,1319.40234375,1334.050048828125,1346.949951171875,1316.25,1325.0,5550351
2023-06-30,1359.5565185546875,1374.6500244140625,1382.25,1337.050048828125,1341.9000244140625,4590286
2023-07-03,1365.19384765625,1380.3499755859375,1387.0,1367.5999755859375,1379.949951171875,2890340
2023-07-04,1352.336669921875,1367.3499755859375,1394.0,1363.300048828125,1389.0,2262047
2023-07-05,1384.18310546875,1399.550048828125,1413.0999755859375,1371.3499755859375,1371.3499755859375,5288351
2023-07-06,1374.9356689453125,1390.199951171875,1396.699951171875,1373.4000244140625,1395.25,3337234
2023-07-07,1342.19921875,1357.0999755859375,1393.949951171875,1353.0,1384.550048828125,2922616
2023-07-10,1351.990478515625,1367.0,1372.4000244140625,1345.1500244140625,1361.25,1941110
2023-07-11,1365.7872314453125,1380.949951171875,1383.6500244140625,1370.0,1372.0,2110648
2023-07-12,1356.3916015625,1371.449951171875,1384.800048828125,1351.0,1371.949951171875,4921224
2023-07-13,1361.1884765625,1376.300048828125,1391.5,1366.4000244140625,1384.0,5174896
2023-07-14,1361.8807373046875,1377.0,1383.949951171875,1367.0,1376.199951171875,3885754
2023-07-17,1375.232421875,1390.5,1404.75,1369.5999755859375,1380.0,4003275
2023-07-18,1374.9852294921875,1390.25,1409.199951171875,1382.5,1398.0,4106331
2023-07-19,1403.9635009765625,1419.550048828125,1443.4000244140625,1410.0,1430.0,8850582
2023-07-20,1409.5020751953125,1425.1500244140625,1433.5,1418.199951171875,1426.0,4491531
2023-07-21,1391.8974609375,1407.3499755859375,1430.3499755859375,1400.5999755859375,1422.050048828125,2138540
2023-07-24,1419.9361572265625,1435.699951171875,1439.4000244140625,1405.300048828125,1408.5,2738185
2023-07-25,1399.908447265625,1415.449951171875,1446.0,1411.4000244140625,1437.0,2982900
2023-07-26,1412.02392578125,1427.699951171875,1429.9000244140625,1411.199951171875,1421.449951171875,1537232
2023-07-27,1400.056884765625,1415.5999755859375,1433.199951171875,1405.1500244140625,1433.199951171875,3362598
2023-07-28,1386.556640625,1401.949951171875,1421.949951171875,1397.5999755859375,1415.199951171875,1565680
2023-07-31,1402.1832275390625,1417.75,1419.9000244140625,1396.0,1409.3499755859375,1721385
2023-08-01,1379.2874755859375,1394.5999755859375,1423.199951171875,1389.3499755859375,1420.75,1578914
2023-08-02,1366.083984375,1381.25,1394.1500244140625,1369.0999755859375,1390.0,1913777
2023-08-03,1349.5179443359375,1364.5,1380.5999755859375,1354.050048828125,1376.25,3631489
2023-08-04,1394.1226806640625,1409.5999755859375,1414.9000244140625,1366.300048828125,1370.050048828125,4063355
2023-08-07,1399.710693359375,1415.25,1417.6500244140625,1399.3499755859375,1410.0,2792582
2023-08-08,1388.5347900390625,1403.949951171875,1420.949951171875,1402.300048828125,1415.25,1846797
2023-08-09,1392.9853515625,1408.449951171875,1410.449951171875,1392.0,1405.0,1218020
2023-08-10,1414.4964599609375,1430.199951171875,1434.0,1400.0999755859375,1402.449951171875,3730443
2023-08-11,1381.9083251953125,1397.25,1431.75,1392.75,1431.75,3074690
2023-08-14,1373.6500244140625,1388.9000244140625,1397.5,1379.050048828125,1395.0,1783022
2023-08-16,1365.5400390625,1380.699951171875,1388.050048828125,1367.0,1384.0,2051360
2023-08-17,1359.2103271484375,1374.300048828125,1391.25,1370.0,1381.1500244140625,3329471
2023-08-18,1356.6387939453125,1371.699951171875,1377.0,1360.8499755859375,1369.0,1720129
2023-08-21,1382.452392578125,1397.800048828125,1400.0,1366.199951171875,1375.0,1763990
2023-08-22,1385.7655029296875,1401.1500244140625,1404.5999755859375,1394.0999755859375,1403.0,1224910
2023-08-23,1385.6171875,1401.0,1408.0,1392.1500244140625,1401.1500244140625,1681561
2023-08-24,1409.5020751953125,1425.1500244140625,1435.0,1402.25,1408.25,3559546
2023-08-25,1385.7655029296875,1401.1500244140625,1421.449951171875,1389.050048828125,1417.949951171875,1862535
2023-08-28,1393.974365234375,1409.449951171875,1411.25,1393.800048828125,1400.0,1072295
2023-08-29,1384.7764892578125,1400.1500244140625,1413.699951171875,1392.449951171875,1409.449951171875,1831565
2023-08-30,1377.1610107421875,1392.449951171875,1410.9000244140625,1386.8499755859375,1405.1500244140625,1500390
2023-08-31,1363.01806640625,1378.1500244140625,1401.9000244140625,1363.25,1392.449951171875,4106180
2023-09-01,1400.9964599609375,1416.550048828125,1423.5999755859375,1376.199951171875,1382.0,2792033
2023-09-04,1406.1888427734375,1421.800048828125,1427.5,1415.0,1423.8499755859375,998692
2023-09-05,1408.117431640625,1423.75,1429.800048828125,1416.3499755859375,1425.0,1469938
2023-09-06,1393.1832275390625,1408.6500244140625,1421.75,1396.449951171875,1421.75,4046484
2023-09-07,1423.7933349609375,1439.5999755859375,1443.199951171875,1398.0,1408.6500244140625,2278316
2023-09-08,1432.9417724609375,1448.8499755859375,1459.949951171875,1434.0999755859375,1445.0,2862657
2023-09-11,1434.27685546875,1450.199951171875,1452.0,1431.75,1449.050048828125,2220230
2023-09-12,1413.4581298828125,1429.1500244140625,1453.9000244140625,1425.0999755859375,1450.0999755859375,1943026
2023-09-13,1439.07373046875,1455.050048828125,1459.6500244140625,1416.050048828125,1429.9000244140625,4302942
2023-09-14,1442.238525390625,1458.25,1467.8499755859375,1450.449951171875,1459.949951171875,2407947
2023-09-15,1434.0791015625,1450.0,1464.4000244140625,1446.449951171875,1464.4000244140625,1647901
2023-09-18,1440.9034423828125,1456.9000244140625,1462.75,1445.1500244140625,1454.0,1504046
2023-09-20,1424.6339111328125,1440.449951171875,1475.6500244140625,1422.300048828125,1441.0,5683215
2023-09-21,1395.8040771484375,1411.300048828125,1443.6500244140625,1406.3499755859375,1431.0,2514377
2023-09-22,1436.9473876953125,1452.9000244140625,1463.5,1413.0,1416.0,4397398
2023-09-25,1426.9088134765625,1442.75,1454.550048828125,1434.0999755859375,1451.5,2013653
2023-09-26,1407.4251708984375,1423.050048828125,1443.949951171875,1411.6500244140625,1440.0,2870137
2023-09-27,1420.6778564453125,1436.449951171875,1439.0,1418.300048828125,1425.0,3697690
2023-09-28,1397.4854736328125,1413.0,1445.3499755859375,1409.449951171875,1437.0,5876746
2023-09-29,1413.161376953125,1428.8499755859375,1439.949951171875,1399.300048828125,1415.050048828125,2593595
2023-10-03,1419.6395263671875,1435.4000244140625,1438.4000244140625,1420.0,1432.0,1442499
2023-10-04,1385.9139404296875,1401.300048828125,1428.5,1386.199951171875,1424.8499755859375,3978667
2023-10-05,1386.457763671875,1401.8499755859375,1415.4000244140625,1394.300048828125,1408.699951171875,1647175
2023-10-06,1419.046142578125,1434.800048828125,1438.0,1401.0999755859375,1404.949951171875,2167139
2023-10-09,1412.86474609375,1428.550048828125,1445.0,1410.0,1420.0999755859375,1613546
2023-10-10,1404.9525146484375,1420.550048828125,1436.3499755859375,1412.050048828125,1434.0,1874201
2023-10-11,1405.5953369140625,1421.199951171875,1431.9000244140625,1414.550048828125,1430.949951171875,1855211
2023-10-12,1408.6119384765625,1424.25,1444.0,1421.0,1433.300048828125,2069952
2023-10-13,1447.628662109375,1463.699951171875,1466.300048828125,1420.0,1421.199951171875,4480890
2023-10-16,1430.5186767578125,1446.4000244140625,1462.8499755859375,1444.449951171875,1462.8499755859375,1913782
2023-10-17,1420.23291015625,1436.0,1458.449951171875,1425.550048828125,1454.9000244140625,1373704
2023-10-18,1404.754638671875,1420.3499755859375,1444.0,1415.5999755859375,1437.0,3067244
2023-10-19,1434.42529296875,1450.3499755859375,1464.699951171875,1423.050048828125,1451.5,13948984
2023-10-20,1452.9693603515625,1469.0999755859375,1471.800048828125,1443.0999755859375,1448.0,5135316
2023-10-23,1419.243896484375,1435.0,1469.75,1430.050048828125,1469.0,3319090
2023-10-25,1397.188720703125,1412.699951171875,1446.949951171875,1410.050048828125,1444.949951171875,4045910
2023-10-26,1399.1173095703125,1414.6500244140625,1429.300048828125,1393.6500244140625,1412.6500244140625,4194418
2023-10-27,1425.4747314453125,1441.300048828125,1444.5,1412.699951171875,1420.0,2424655
2023-10-30,1438.6781005859375,1454.6500244140625,1460.9000244140625,1428.0,1440.0,2255111
2023-10-31,1425.4747314453125,1441.300048828125,1460.0,1436.550048828125,1456.0,1454345
2023-11-01,1416.8702392578125,1432.5999755859375,1445.5999755859375,1427.1500244140625,1443.9000244140625,2658439
2023-11-02,1445.1561279296875,1461.199951171875,1479.949951171875,1439.0999755859375,1447.0,4524652
2023-11-03,1434.326416015625,1450.25,1475.0,1448.0,1471.0,3052041
2023-11-06,1454.1068115234375,1470.25,1471.9000244140625,1456.0,1463.0,2090640
2023-11-07,1470.0794677734375,1486.4000244140625,1490.449951171875,1464.25,1469.550048828125,2830149
2023-11-08,1472.6014404296875,1488.949951171875,1495.949951171875,1481.25,1493.949951171875,3210977
2023-11-09,1490.7994384765625,1507.3499755859375,1516.300048828125,1484.8499755859375,1488.949951171875,3207721
2023-11-10,1482.3433837890625,1498.800048828125,1509.449951171875,1493.1500244140625,1499.949951171875,2247500
2023-11-13,1493.0247802734375,1509.5999755859375,1516.0,1496.1500244140625,1502.0,2026629
2023-11-15,1477.5465087890625,1493.949951171875,1538.5,1490.25,1538.5,6293703
2023-11-16,1482.195068359375,1498.6500244140625,1506.5999755859375,1493.0,1500.0,2728834
2023-11-17,1481.9971923828125,1498.449951171875,1509.0,1485.550048828125,1490.550048828125,4182376
2023-11-20,1488.2774658203125,1504.800048828125,1509.449951171875,1490.699951171875,1498.9000244140625,2125867
2023-11-21,1485.5577392578125,1502.050048828125,1507.449951171875,1494.0999755859375,1505.5,1661103
2023-11-22,1454.2552490234375,1470.4000244140625,1505.5,1458.949951171875,1500.0,3914008
2023-11-23,1469.78271484375,1486.0999755859375,1496.25,1470.449951171875,1475.0,3832098
2023-11-24,1459.991455078125,1476.199951171875,1491.9000244140625,1474.0,1491.449951171875,2813844
2023-11-28,1461.32666015625,1477.550048828125,1486.800048828125,1468.0,1480.0,4305915
2023-11-29,1467.2608642578125,1483.550048828125,1489.550048828125,1471.25,1484.0,3477076
2023-11-30,1450.0023193359375,1466.0999755859375,1500.0,1450.050048828125,1500.0,45549217
2023-12-01,1445.0079345703125,1461.050048828125,1493.0,1458.1500244140625,1479.0,4063279
2023-12-04,1498.019287109375,1514.6500244140625,1517.550048828125,1473.449951171875,1490.0,4254987
2023-12-05,1490.0576171875,1506.5999755859375,1525.5,1486.5,1519.800048828125,3457904
2023-12-06,1485.112548828125,1501.5999755859375,1521.3499755859375,1493.3499755859375,1517.0,3405245
2023-12-07,1488.22802734375,1504.75,1514.949951171875,1496.050048828125,1505.0,1931490
2023-12-08,1492.3818359375,1508.949951171875,1520.949951171875,1494.050048828125,1510.0,2568088
2023-12-11,1505.1402587890625,1521.8499755859375,1537.949951171875,1510.0,1512.800048828125,2194782
2023-12-12,1480.5631103515625,1497.0,1528.9000244140625,1489.949951171875,1528.9000244140625,1621785
2023-12-13,1490.3543701171875,1506.9000244140625,1512.6500244140625,1495.0,1502.0,2562565
2023-12-14,1534.6624755859375,1551.699951171875,1554.5,1515.5999755859375,1523.0,3427500
2023-12-15,1553.5528564453125,1570.800048828125,1578.0,1547.050048828125,1552.949951171875,3478643
2023-12-18,1539.261474609375,1556.3499755859375,1570.0,1552.0,1570.0,1352458
2023-12-19,1549.3494873046875,1566.550048828125,1586.050048828125,1542.199951171875,1556.3499755859375,2297704
2023-12-20,1539.063720703125,1556.1500244140625,1581.0,1549.5,1578.0,3218717
2023-12-21,1552.7615966796875,1570.0,1574.0,1527.550048828125,1542.0999755859375,2400593
2023-12-22,1545.195556640625,1562.3499755859375,1591.0999755859375,1557.9000244140625,1574.300048828125,2214206
2023-12-26,1553.5528564453125,1570.800048828125,1582.75,1557.0,1562.949951171875,1129332
2023-12-27,1579.91015625,1597.449951171875,1600.0,1567.300048828125,1573.1500244140625,1887827
2023-12-28,1592.8663330078125,1610.550048828125,1618.699951171875,1592.0,1600.0,3143161
2023-12-29,1581.3936767578125,1598.949951171875,1618.9000244140625,1587.050048828125,1615.0,1779207
2024-01-01,1581.2947998046875,1598.8499755859375,1611.4000244140625,1591.800048828125,1598.949951171875,1341121
2024-01-02,1558.300048828125,1575.5999755859375,1598.25,1570.0,1594.0999755859375,1227193
2024-01-03,1583.569580078125,1601.1500244140625,1604.949951171875,1558.0,1575.5,2620296
2024-01-04,1630.4490966796875,1648.550048828125,1655.0,1593.0,1593.0,4271262
2024-01-05,1625.1578369140625,1643.199951171875,1654.0,1629.0,1654.0,2294140
2024-01-08,1609.234619140625,1627.0999755859375,1650.050048828125,1622.0,1633.0,1791003
2024-01-09,1607.256591796875,1625.0999755859375,1643.9000244140625,1621.0,1631.949951171875,1619091
2024-01-10,1622.141357421875,1640.1500244140625,1642.75,1620.0,1620.0,1629958
2024-01-11,1639.64697265625,1657.8499755859375,1668.199951171875,1642.550048828125,1643.949951171875,1914421
2024-01-12,1655.61962890625,1674.0,1677.8499755859375,1647.4000244140625,1657.8499755859375,2161848
2024-01-15,1670.306640625,1688.8499755859375,1694.5,1668.050048828125,1684.800048828125,2930339
2024-01-16,1648.7459716796875,1667.050048828125,1691.75,1663.050048828125,1688.8499755859375,1316138
2024-01-17,1625.8502197265625,1643.9000244140625,1677.050048828125,1631.8499755859375,1650.0,6683398
2024-01-18,1595.1905517578125,1612.9000244140625,1639.5999755859375,1595.0999755859375,1634.949951171875,3557256
2024-01-19,1543.959228515625,1561.0999755859375,1631.75,1550.199951171875,1622.699951171875,10982524
2024-01-23,1425.8702392578125,1441.699951171875,1547.9000244140625,1428.050048828125,1535.0,10097057
2024-01-24,1474.4805908203125,1490.8499755859375,1495.800048828125,1442.0,1459.949951171875,9155544
2024-01-25,1495.3984375,1512.0,1543.949951171875,1488.5999755859375,1490.0,8118578
2024-01-29,1510.0360107421875,1526.800048828125,1537.75,1515.3499755859375,1523.0,3058020
2024-01-30,1503.211669921875,1519.9000244140625,1544.449951171875,1510.050048828125,1530.0,1721705
2024-01-31,1517.206298828125,1534.050048828125,1548.0,1507.1500244140625,1519.199951171875,3867886
2024-02-01,1524.2283935546875,1541.1500244140625,1547.550048828125,1523.550048828125,1537.75,2240634
2024-02-02,1516.9095458984375,1533.75,1564.8499755859375,1529.550048828125,1551.0,3554450
2024-02-05,1520.9151611328125,1537.800048828125,1550.0,1521.800048828125,1532.75,2624023
2024-02-06,1494.8050537109375,1511.4000244140625,1550.449951171875,1504.1500244140625,1550.0,3312270
2024-02-07,1498.7115478515625,1515.3499755859375,1522.4000244140625,1492.199951171875,1522.4000244140625,4066189
2024-02-08,1461.0794677734375,1477.300048828125,1540.949951171875,1470.0,1522.699951171875,2931291
2024-02-09,1469.93115234375,1486.25,1491.4000244140625,1462.6500244140625,1480.25,2388841
2024-02-12,1431.260498046875,1447.1500244140625,1497.0,1442.1500244140625,1488.199951171875,2821957
2024-02-13,1447.8265380859375,1463.9000244140625,1476.25,1430.6500244140625,1452.4000244140625,4601482
2024-02-14,1465.2332763671875,1481.5,1494.5,1435.949951171875,1450.050048828125,4208176
2024-02-15,1460.733154296875,1476.949951171875,1492.8499755859375,1460.300048828125,1491.0,1906763
2024-02-16,1477.2498779296875,1493.6500244140625,1506.5,1471.0,1485.949951171875,1844045
2024-02-19,1467.3101806640625,1483.5999755859375,1502.800048828125,1477.0,1499.9000244140625,1209609
2024-02-20,1487.6839599609375,1504.199951171875,1508.0,1475.050048828125,1489.0,2390096
2024-02-21,1500.5908203125,1517.25,1526.800048828125,1502.5,1520.0,5259113
2024-02-22,1472.79931640625,1489.1500244140625,1520.0,1463.5,1517.25,4969478
2024-02-23,1464.0465087890625,1480.300048828125,1504.9000244140625,1475.050048828125,1498.449951171875,2557861
2024-02-26,1450.39794921875,1466.5,1486.0,1463.9000244140625,1481.0,2077787
2024-02-27,1476.656494140625,1493.050048828125,1497.3499755859375,1458.5,1466.5,2843312
2024-02-28,1433.287841796875,1449.199951171875,1503.449951171875,1442.5,1495.0,2661887
2024-02-29,1458.705810546875,1474.9000244140625,1484.0,1440.0,1451.0,4216252
2024-03-01,1509.8875732421875,1526.6500244140625,1528.75,1477.8499755859375,1480.0,3549401
2024-03-04,1514.486572265625,1531.300048828125,1538.949951171875,1520.3499755859375,1529.949951171875,2985524
2024-03-05,1525.5140380859375,1542.449951171875,1547.0,1524.0,1529.6500244140625,2694157
2024-03-06,1537.481201171875,1554.550048828125,1564.75,1536.550048828125,1542.449951171875,5167456
2024-03-07,1546.5802001953125,1563.75,1571.5,1546.050048828125,1556.449951171875,2285176
2024-03-11,1524.1295166015625,1541.050048828125,1568.75,1536.5999755859375,1566.0999755859375,1694488
2024-03-12,1516.21728515625,1533.050048828125,1555.949951171875,1528.5,1541.050048828125,1918571
2024-03-13,1486.151123046875,1502.6500244140625,1540.5999755859375,1495.0,1535.0,4165036
2024-03-14,1460.535400390625,1476.75,1506.9000244140625,1469.199951171875,1471.550048828125,3652530
2024-03-15,1468.052001953125,1484.3499755859375,1489.5,1456.699951171875,1474.0,2985042
2024-03-18,1464.4420166015625,1480.699951171875,1491.5999755859375,1466.300048828125,1487.25,2365287
2024-03-19,1418.353759765625,1434.0999755859375,1482.949951171875,1430.8499755859375,1476.050048828125,3180412
2024-03-20,1425.7220458984375,1441.550048828125,1464.0,1422.699951171875,1440.0,5480729
2024-03-21,1467.8046875,1484.0999755859375,1486.9000244140625,1459.0,1460.0,3870591
2024-03-22,1495.497314453125,1512.0999755859375,1520.3499755859375,1473.0,1477.75,5309042
2024-03-26,1502.0247802734375,1518.699951171875,1523.5999755859375,1502.199951171875,1512.0999755859375,9046136
2024-03-27,1516.7117919921875,1533.550048828125,1542.949951171875,1514.449951171875,1519.0,8408702
2024-03-28,1535.9482421875,1553.0,1564.5,1533.5999755859375,1534.75,3964429
2024-04-01,1525.464599609375,1542.4000244140625,1572.75,1539.0,1553.0,2159432
2024-04-02,1542.2779541015625,1559.4000244140625,1570.949951171875,1537.0,1542.949951171875,2335256
2024-04-03,1525.7119140625,1542.6500244140625,1556.9000244140625,1538.050048828125,1554.0,3711781
2024-04-04,1527.4920654296875,1544.449951171875,1550.449951171875,1511.199951171875,1548.050048828125,6077155
2024-04-05,1535.3548583984375,1552.4000244140625,1556.3499755859375,1528.0999755859375,1552.0,3286862
2024-04-08,1551.129638671875,1568.3499755859375,1576.3499755859375,1550.0,1560.0,2372626
2024-04-09,1537.8768310546875,1554.949951171875,1574.9000244140625,1541.0,1574.9000244140625,1176425
2024-04-10,1535.7998046875,1552.8499755859375,1564.8499755859375,1548.0,1564.8499755859375,2528578
2024-04-12,1538.5692138671875,1555.6500244140625,1562.699951171875,1542.0,1546.0,1749128
2024-04-15,1522.9920654296875,1539.9000244140625,1557.9000244140625,1530.0,1544.949951171875,1528341
2024-04-16,1474.5794677734375,1490.949951171875,1534.800048828125,1487.949951171875,1530.0,3981325
2024-04-18,1458.2113037109375,1474.4000244140625,1508.3499755859375,1468.1500244140625,1502.800048828125,3856849
2024-04-19,1465.77734375,1482.050048828125,1490.25,1444.4000244140625,1466.0,4311650
2024-04-22,1461.2772216796875,1477.5,1501.0,1469.949951171875,1494.0,2887202
2024-04-23,1458.3101806640625,1474.5,1485.800048828125,1471.0999755859375,1482.800048828125,1206443
2024-04-24,1458.45849609375,1474.6500244140625,1483.25,1462.75,1477.0,2964953
2024-04-25,1479.6729736328125,1496.0999755859375,1499.5,1470.550048828125,1476.050048828125,3697957
2024-04-26,1430.5186767578125,1446.4000244140625,1519.0,1443.300048828125,1511.5,6135488
2024-04-29,1470.920166015625,1487.25,1491.0,1450.0999755859375,1458.75,5463640
2024-04-30,1499.0577392578125,1515.699951171875,1537.0,1489.0,1497.800048828125,6293171
2024-05-02,1488.6729736328125,1505.199951171875,1521.300048828125,1500.050048828125,1508.0,2554549
2024-05-03,1467.4090576171875,1483.699951171875,1517.949951171875,1473.050048828125,1517.199951171875,2119368
2024-05-06,1481.0576171875,1497.5,1510.0,1482.050048828125,1495.699951171875,2600170
2024-05-07,1436.6011962890625,1452.550048828125,1502.6500244140625,1448.0,1497.5,1884596
2024-05-08,1426.6614990234375,1442.5,1455.0,1431.4000244140625,1455.0,5278612
2024-05-09,1386.0621337890625,1401.449951171875,1456.5999755859375,1393.449951171875,1445.5,3272042
2024-05-10,1394.666748046875,1410.1500244140625,1424.5,1395.550048828125,1402.0,1575172
2024-05-13,1389.1282958984375,1404.550048828125,1417.75,1377.25,1415.3499755859375,3624862
2024-05-14,1405.3975830078125,1421.0,1429.3499755859375,1402.800048828125,1407.0,1279355
2024-05-15,1401.5404052734375,1417.0999755859375,1429.8499755859375,1407.4000244140625,1421.0,2516309
2024-05-16,1393.2821044921875,1408.75,1425.0,1385.6500244140625,1420.199951171875,5666243
2024-05-17,1396.842529296875,1412.3499755859375,1417.0999755859375,1395.0,1408.0,3673405
2024-05-21,1391.0567626953125,1406.5,1420.8499755859375,1400.0,1420.0,3010012
2024-05-22,1389.5238037109375,1404.949951171875,1413.1500244140625,1391.8499755859375,1409.0,6739695
2024-05-23,1425.029541015625,1440.8499755859375,1451.0,1406.5999755859375,1408.550048828125,6444146
2024-05-24,1425.96923828125,1441.800048828125,1448.75,1427.8499755859375,1441.0,2155290
2024-05-27,1449.0133056640625,1465.0999755859375,1475.5999755859375,1439.300048828125,1447.8499755859375,3253683
2024-05-28,1443.326416015625,1459.3499755859375,1478.800048828125,1449.0999755859375,1472.800048828125,2381333
2024-05-29,1444.2166748046875,1460.25,1471.6500244140625,1439.25,1453.0,4383563
2024-05-30,1430.914306640625,1446.800048828125,1477.699951171875,1439.1500244140625,1458.0,3415942
2024-05-31,1445.799072265625,1461.8499755859375,1469.9000244140625,1446.550048828125,1456.0,3546505
2024-06-03,1512.904052734375,1529.699951171875,1534.9000244140625,1496.4000244140625,1514.949951171875,8265525
2024-06-04,1376.221435546875,1391.5,1521.9000244140625,1363.550048828125,1509.949951171875,7911282
2024-06-05,1484.4697265625,1500.949951171875,1515.800048828125,1372.3499755859375,1400.5,11014467
2024-06-06,1464.837646484375,1481.0999755859375,1509.800048828125,1470.9000244140625,1500.0,3279775
2024-06-07,1475.7169189453125,1492.0999755859375,1498.4000244140625,1463.449951171875,1468.550048828125,3964791
2024-06-10,1469.5355224609375,1485.8499755859375,1505.800048828125,1480.0999755859375,1498.5,2416022
2024-06-11,1464.788330078125,1481.050048828125,1491.0,1475.199951171875,1485.0,1737873
2024-06-12,1467.953125,1484.25,1492.25,1473.0,1491.0,5419536
2024-06-13,1490.7005615234375,1507.25,1510.0,1481.199951171875,1496.0,2446832
2024-06-14,1485.8543701171875,1502.3499755859375,1515.9000244140625,1495.949951171875,1510.5,2706742
2024-06-18,1491.343505859375,1507.9000244140625,1516.550048828125,1499.0999755859375,1514.0,2811967
2024-06-19,1511.4205322265625,1528.199951171875,1550.0,1513.25,1516.199951171875,11002582
2024-06-20,1511.0743408203125,1527.8499755859375,1540.75,1513.0,1536.0,3589441
2024-06-21,1510.382080078125,1527.1500244140625,1537.800048828125,1511.25,1523.0,5249389
2024-06-24,1474.03564453125,1490.4000244140625,1508.9000244140625,1478.199951171875,1507.1500244140625,4609137
2024-06-25,1479.1290283203125,1495.550048828125,1502.1500244140625,1482.199951171875,1494.75,3309896
2024-06-26,1481.4532470703125,1497.9000244140625,1521.0,1481.550048828125,1498.0,5605220
2024-06-27,1486.25,1502.75,1504.949951171875,1485.0,1494.0,5166134
2024-06-28,1464.5,1464.5,1491.0,1460.5,1491.0,6425323
2024-07-01,1456.9000244140625,1456.9000244140625,1469.0,1452.949951171875,1468.949951171875,3166439
2024-07-02,1429.449951171875,1429.449951171875,1460.449951171875,1420.6500244140625,1457.4000244140625,4644571
2024-07-03,1455.5,1455.5,1458.0,1421.9000244140625,1438.9000244140625,5907225
2024-07-04,1442.8499755859375,1442.8499755859375,1457.8499755859375,1436.199951171875,1455.449951171875,3010077
2024-07-05,1434.25,1434.25,1449.699951171875,1426.0,1437.0,4216309
2024-07-08,1438.050048828125,1438.050048828125,1441.699951171875,1422.800048828125,1428.0,2772277
2024-07-09,1434.25,1434.25,1449.5999755859375,1426.0,1441.0,3126274
2024-07-10,1425.949951171875,1425.949951171875,1433.5,1415.050048828125,1433.5,3979121
2024-07-11,1429.75,1429.75,1435.8499755859375,1415.699951171875,1427.949951171875,2416195
2024-07-12,1434.550048828125,1434.550048828125,1450.949951171875,1427.3499755859375,1432.0,3340305
2024-07-15,1444.050048828125,1444.050048828125,1449.0,1433.0,1438.5,4284427
2024-07-16,1445.9000244140625,1445.9000244140625,1450.0,1435.75,1445.050048828125,2284985
2024-07-18,1456.9000244140625,1456.9000244140625,1460.8499755859375,1438.0,1440.699951171875,3634938
2024-07-19,1432.449951171875,1432.449951171875,1452.0,1429.0,1451.550048828125,2981749
2024-07-22,1423.4000244140625,1423.4000244140625,1429.949951171875,1409.5999755859375,1428.0,2883674
2024-07-23,1413.199951171875,1413.199951171875,1427.0,1395.6500244140625,1422.5,3054925
2024-07-24,1396.6500244140625,1396.6500244140625,1412.5,1386.4000244140625,1409.800048828125,5553500
2024-07-25,1379.0999755859375,1379.0999755859375,1396.550048828125,1374.0,1389.0,3631639
2024-07-26,1403.9000244140625,1403.9000244140625,1409.0,1359.050048828125,1365.0,3607419
2024-07-29,1411.5,1411.5,1444.949951171875,1406.449951171875,1415.0,5955870
2024-07-30,1429.699951171875,1429.699951171875,1432.699951171875,1407.199951171875,1411.5,2158067
2024-07-31,1427.800048828125,1427.800048828125,1435.0,1414.050048828125,1435.0,3926481
2024-08-01,1419.8499755859375,1419.8499755859375,1440.0,1416.800048828125,1432.0,4074181
2024-08-02,1404.300048828125,1404.300048828125,1413.949951171875,1392.699951171875,1413.949951171875,3268026
2024-08-05,1389.449951171875,1389.449951171875,1396.199951171875,1369.0,1388.0,3532894
2024-08-06,1381.0,1381.0,1407.300048828125,1376.25,1395.0,2425599
2024-08-07,1345.1500244140625,1345.1500244140625,1399.5,1329.199951171875,1391.0,8728852
2024-08-08,1347.300048828125,1347.300048828125,1355.800048828125,1334.0,1347.949951171875,3669342
2024-08-09,1349.800048828125,1349.800048828125,1367.0,1338.050048828125,1367.0,5082087
2024-08-12,1350.8499755859375,1350.8499755859375,1357.5999755859375,1336.6500244140625,1349.800048828125,4436342
2024-08-13,1350.5999755859375,1350.5999755859375,1371.6500244140625,1343.5,1355.0,3905817
2024-08-14,1338.0999755859375,1338.0999755859375,1356.949951171875,1335.949951171875,1356.949951171875,4868357
2024-08-16,1364.1500244140625,1364.1500244140625,1367.9000244140625,1338.550048828125,1347.0999755859375,5456176
2024-08-19,1347.5999755859375,1347.5999755859375,1375.800048828125,1345.550048828125,1370.050048828125,5895105
2024-08-20,1381.300048828125,1381.300048828125,1391.6500244140625,1357.199951171875,1363.9000244140625,5507239
2024-08-21,1384.0,1384.0,1387.3499755859375,1366.4000244140625,1380.0,5441231
2024-08-22,1381.9000244140625,1381.9000244140625,1395.949951171875,1379.5999755859375,1384.050048828125,3510879
2024-08-23,1388.550048828125,1388.550048828125,1390.300048828125,1373.800048828125,1382.0,2252945
2024-08-26,1384.5,1384.5,1395.550048828125,1379.800048828125,1395.300048828125,2541300
2024-08-27,1383.199951171875,1383.199951171875,1387.1500244140625,1377.550048828125,1385.9000244140625,1167406
2024-08-28,1415.75,1415.75,1421.949951171875,1382.550048828125,1389.050048828125,6532773
2024-08-29,1417.449951171875,1417.449951171875,1423.050048828125,1405.25,1414.199951171875,3316387
2024-08-30,1425.25,1425.25,1430.0,1415.550048828125,1422.1500244140625,2792988
2024-09-02,1449.050048828125,1449.050048828125,1451.25,1425.25,1425.25,4024426
2024-09-03,1436.699951171875,1436.699951171875,1451.9000244140625,1433.9000244140625,1450.0,2351018
2024-09-04,1434.4000244140625,1434.4000244140625,1439.25,1417.0,1417.0,2919356
2024-09-05,1422.9000244140625,1422.9000244140625,1444.0,1418.9000244140625,1443.0,3427784
2024-09-06,1409.3499755859375,1409.3499755859375,1438.199951171875,1401.5,1426.449951171875,2608515
2024-09-09,1428.0999755859375,1428.0999755859375,1431.0,1400.0999755859375,1409.3499755859375,1802343
2024-09-10,1435.550048828125,1435.550048828125,1438.5,1420.5999755859375,1428.9000244140625,2414043
2024-09-11,1421.199951171875,1421.199951171875,1438.949951171875,1417.800048828125,1435.4000244140625,2622902
2024-09-12,1443.3499755859375,1443.3499755859375,1446.5,1420.1500244140625,1425.1500244140625,2437399
2024-09-13,1464.050048828125,1464.050048828125,1470.949951171875,1442.3499755859375,1450.0,2999055
2024-09-16,1470.199951171875,1470.199951171875,1473.949951171875,1461.0999755859375,1469.949951171875,1495683
2024-09-17,1466.3499755859375,1466.3499755859375,1483.5,1462.25,1478.0,1866702
2024-09-18,1480.25,1480.25,1488.75,1461.1500244140625,1470.0,3966006
2024-09-19,1484.75,1484.75,1498.0,1474.9000244140625,1494.949951171875,3861906
2024-09-20,1480.199951171875,1480.199951171875,1491.949951171875,1473.199951171875,1488.0,5335400
2024-09-23,1465.0999755859375,1465.0999755859375,1490.8499755859375,1453.050048828125,1490.199951171875,4610747
2024-09-24,1448.300048828125,1448.300048828125,1474.0999755859375,1446.0,1470.0999755859375,3893140
2024-09-25,1439.5,1439.5,1456.0,1432.25,1450.0,3012173
2024-09-26,1452.699951171875,1452.699951171875,1457.300048828125,1437.300048828125,1445.0,3388674
2024-09-27,1462.699951171875,1462.699951171875,1481.0,1454.0,1457.0,4708951
2024-09-30,1447.5999755859375,1447.5999755859375,1474.800048828125,1437.0,1467.0,2888962
2024-10-01,1409.699951171875,1409.699951171875,1450.300048828125,1404.6500244140625,1450.0,3377999
2024-10-03,1387.75,1387.75,1412.699951171875,1382.050048828125,1404.0,2081630
2024-10-04,1382.8499755859375,1382.8499755859375,1410.949951171875,1380.8499755859375,1384.050048828125,2178195
2024-10-07,1350.8499755859375,1350.8499755859375,1394.050048828125,1338.199951171875,1388.0,3878973
2024-10-08,1359.550048828125,1359.550048828125,1371.0,1343.550048828125,1357.8499755859375,2429248
2024-10-09,1341.550048828125,1341.550048828125,1371.5,1335.550048828125,1369.0,5269772
2024-10-10,1356.4000244140625,1356.4000244140625,1362.0,1344.300048828125,1350.0,1673393
2024-10-11,1347.5999755859375,1347.5999755859375,1371.300048828125,1339.0,1360.0999755859375,2755874
2024-10-14,1370.449951171875,1370.449951171875,1371.5,1348.300048828125,1354.5999755859375,1381439
2024-10-15,1360.9000244140625,1360.9000244140625,1374.449951171875,1349.449951171875,1371.0,2775029
2024-10-16,1346.300048828125,1346.300048828125,1358.3499755859375,1341.0999755859375,1355.0,2126519
2024-10-17,1347.3499755859375,1347.3499755859375,1354.25,1337.0,1348.0,1353852
2024-10-18,1347.25,1347.25,1354.949951171875,1331.0,1345.0,3676670
2024-10-21,1308.25,1308.25,1353.949951171875,1299.5999755859375,1352.050048828125,5862686
2024-10-22,1274.3499755859375,1274.3499755859375,1312.199951171875,1271.25,1309.0999755859375,4183194
2024-10-23,1274.300048828125,1274.300048828125,1284.9000244140625,1266.5,1274.3499755859375,4860497
2024-10-24,1280.050048828125,1280.050048828125,1285.949951171875,1258.1500244140625,1276.0,2441333
2024-10-25,1041.5999755859375,1041.5999755859375,1166.75,1025.5,1163.0,56935420
2024-10-28,1054.800048828125,1054.800048828125,1084.6500244140625,1031.0,1051.4000244140625,11099823
2024-10-29,1038.1500244140625,1038.1500244140625,1058.800048828125,1018.0999755859375,1058.800048828125,7951124
2024-10-30,1056.4000244140625,1056.4000244140625,1069.4000244140625,1030.25,1037.6500244140625,8907271
2024-10-31,1055.5999755859375,1055.5999755859375,1066.9000244140625,1044.0,1054.0,4509824
2024-11-01,1062.5,1062.5,1069.9000244140625,1058.550048828125,1061.449951171875,441083
2024-11-04,1063.800048828125,1063.800048828125,1070.5,1054.0999755859375,1067.0,5143749
2024-11-05,1090.0999755859375,1090.0999755859375,1092.4000244140625,1062.0,1063.699951171875,4840541
2024-11-06,1077.6500244140625,1077.6500244140625,1098.5999755859375,1068.25,1092.300048828125,7153974
2024-11-07,1056.800048828125,1056.800048828125,1086.0,1051.0,1086.0,4901367
2024-11-08,1053.800048828125,1053.800048828125,1061.449951171875,1048.050048828125,1061.449951171875,2107903
2024-11-11,1060.800048828125,1060.800048828125,1067.5,1040.0,1053.0,4918839
2024-11-12,1059.550048828125,1059.550048828125,1065.449951171875,1051.550048828125,1061.300048828125,2186055
2024-11-13,1036.699951171875,1036.699951171875,1067.800048828125,1032.199951171875,1053.800048828125,4850346
2024-11-14,1017.1500244140625,1017.1500244140625,1045.0,1015.0,1043.0,2612235
2024-11-18,1004.5999755859375,1004.5999755859375,1017.9500122070312,1000.0499877929688,1015.5,5427908
2024-11-19,1000.2000122070312,1000.2000122070312,1032.0,998.0999755859375,1010.5,5718490
2024-11-21,981.4500122070312,981.4500122070312,1003.0,966.4000244140625,1000.4000244140625,6606440
2024-11-22,998.2000122070312,998.2000122070312,1002.4500122070312,981.4000244140625,986.0,4026863
2024-11-25,1003.5,1003.5,1022.0499877929688,997.0499877929688,1020.0,6491357
2024-11-26,1009.5999755859375,1009.5999755859375,1017.7000122070312,998.0999755859375,1011.7000122070312,2390208
2024-11-27,1001.9500122070312,1001.9500122070312,1012.0,994.5,1012.0,4798242
2024-11-28,993.5999755859375,993.5999755859375,1013.4000244140625,991.3499755859375,1005.9500122070312,4822835
2024-11-29,995.8499755859375,995.8499755859375,999.5,987.2999877929688,998.0999755859375,4815934
2024-12-02,990.9500122070312,990.9500122070312,993.1500244140625,979.0,990.0499877929688,4969967
2024-12-03,998.3499755859375,998.3499755859375,1011.5,991.4000244140625,993.0,4665094
2024-12-04,998.8499755859375,998.8499755859375,1005.9500122070312,990.5,1005.0,4256690
2024-12-05,998.2000122070312,998.2000122070312,1006.0,990.5499877929688,1006.0,5254145
2024-12-06,990.3499755859375,990.3499755859375,1003.0499877929688,986.2999877929688,1000.0,6258019
2024-12-09,982.5999755859375,982.5999755859375,994.0,977.7999877929688,992.7999877929688,3565285
2024-12-10,984.2999877929688,984.2999877929688,988.4000244140625,979.0999755859375,983.0,3843321
2024-12-11,984.8499755859375,984.8499755859375,999.9000244140625,981.25,985.5,4679888
2024-12-12,997.9500122070312,997.9500122070312,1005.5,986.0,986.0,5771673
2024-12-13,986.6500244140625,986.6500244140625,997.6500244140625,965.5499877929688,991.0,5674567
2024-12-16,999.3499755859375,999.3499755859375,1007.9500122070312,985.5499877929688,987.9000244140625,3058066
2024-12-17,975.6500244140625,975.6500244140625,1002.0,972.0,1002.0,3294161
2024-12-18,965.2000122070312,965.2000122070312,979.2999877929688,960.5,976.7999877929688,2958191
2024-12-19,964.4000244140625,964.4000244140625,966.8499755859375,948.0,959.0,3665813
2024-12-20,929.4500122070312,929.4500122070312,966.8499755859375,926.4500122070312,960.0,4466131
2024-12-23,945.7000122070312,945.7000122070312,948.7999877929688,930.0499877929688,938.9500122070312,2502370
2024-12-24,935.2999877929688,935.2999877929688,946.0,929.7999877929688,941.0,5603093
2024-12-26,931.9500122070312,931.9500122070312,945.0,928.25,940.0,5262262
2024-12-27,953.4000244140625,953.4000244140625,971.0999755859375,933.0499877929688,933.0499877929688,6300341
2024-12-30,963.5,963.5,973.5,948.8499755859375,953.2999877929688,8165774
2024-12-31,960.1500244140625,960.1500244140625,961.4500122070312,949.0499877929688,958.0,2295670
2025-01-01,969.4000244140625,969.4000244140625,979.2999877929688,953.5,958.5999755859375,4024591
2025-01-02,991.3499755859375,991.3499755859375,998.0,968.7999877929688,975.5,3956740
2025-01-03,997.9000244140625,997.9000244140625,1025.4000244140625,990.6500244140625,993.0,5896120
2025-01-06,970.0499877929688,970.0499877929688,1004.9500122070312,963.2000122070312,1004.9500122070312,3370654
2025-01-07,983.5999755859375,983.5999755859375,994.5499877929688,970.1500244140625,970.1500244140625,3581533
2025-01-08,981.0499877929688,981.0499877929688,986.0,967.0999755859375,985.9000244140625,3781895
2025-01-09,980.9000244140625,980.9000244140625,985.3499755859375,970.4000244140625,981.0499877929688,3134034
2025-01-10,937.5999755859375,937.5999755859375,975.0,933.0499877929688,971.75,5611356
2025-01-13,941.7000122070312,941.7000122070312,973.5,934.5,936.9000244140625,8752532
2025-01-14,962.0999755859375,962.0999755859375,979.2999877929688,945.0999755859375,945.0999755859375,5735697
2025-01-15,962.4500122070312,962.4500122070312,983.0,954.6500244140625,971.25,3633812
2025-01-16,975.3499755859375,975.3499755859375,990.6500244140625,967.0,967.0,3948431
2025-01-17,970.9500122070312,970.9500122070312,975.5999755859375,959.0,972.8499755859375,3066978
2025-01-20,970.7000122070312,970.7000122070312,980.4500122070312,948.0999755859375,966.2000122070312,4485164
2025-01-21,960.4500122070312,960.4500122070312,978.5,958.0,971.5499877929688,3369291
2025-01-22,970.9500122070312,970.9500122070312,977.5499877929688,949.1500244140625,964.4500122070312,2639472
2025-01-23,970.9500122070312,970.9500122070312,988.5499877929688,962.5,965.9500122070312,3359986
2025-01-24,950.7999877929688,950.7999877929688,973.0,948.25,970.8499755859375,2938649
2025-01-27,926.4500122070312,926.4500122070312,947.0,923.7000122070312,947.0,3907787
2025-01-28,934.1500244140625,934.1500244140625,948.9500122070312,925.7000122070312,937.3499755859375,5708478
2025-01-29,948.2999877929688,948.2999877929688,953.0,931.9500122070312,935.7000122070312,2571504
2025-01-30,957.0499877929688,957.0499877929688,967.4000244140625,946.0999755859375,948.2999877929688,4509409
2025-01-31,991.2000122070312,991.2000122070312,999.2999877929688,953.0999755859375,957.5499877929688,5365839
2025-02-01,1009.4000244140625,1009.4000244140625,1023.0,972.4000244140625,977.0,6054296
2025-02-03,1012.7000122070312,1012.7000122070312,1023.9500122070312,990.0999755859375,994.0,3655089
2025-02-04,1047.1500244140625,1047.1500244140625,1053.9000244140625,1014.7000122070312,1022.4500122070312,9861468
2025-02-05,1061.199951171875,1061.199951171875,1078.699951171875,1052.4000244140625,1052.4000244140625,5000442
2025-02-06,1065.550048828125,1065.550048828125,1076.75,1058.050048828125,1062.0999755859375,3889634
2025-02-07,1079.0999755859375,1079.0999755859375,1086.550048828125,1061.5,1061.5,3975043
2025-02-10,1068.0,1068.0,1082.0,1062.699951171875,1076.0,4457091
2025-02-11,1054.1500244140625,1054.1500244140625,1074.9000244140625,1047.6500244140625,1063.5,4109028
2025-02-12,1039.6500244140625,1039.6500244140625,1063.949951171875,1020.25,1060.449951171875,4798340
2025-02-13,1047.25,1047.25,1056.949951171875,1025.4000244140625,1039.5,4539780
2025-02-14,1024.4000244140625,1024.4000244140625,1058.0999755859375,1018.2000122070312,1049.5999755859375,4036016
2025-02-17,1048.25,1048.25,1050.949951171875,1013.0999755859375,1024.4000244140625,2795714
2025-02-18,1024.0999755859375,1024.0999755859375,1051.5,1021.3499755859375,1045.0,2620716
2025-02-19,1035.800048828125,1035.800048828125,1042.050048828125,1015.9000244140625,1024.0999755859375,2464555
2025-02-20,1047.6500244140625,1047.6500244140625,1049.9000244140625,1025.5999755859375,1029.949951171875,1819683
2025-02-21,1043.75,1043.75,1055.800048828125,1038.949951171875,1041.550048828125,2589619
2025-02-24,1029.1500244140625,1029.1500244140625,1038.75,1021.0999755859375,1030.0999755859375,3074297
2025-02-25,1034.25,1034.25,1041.699951171875,1026.3499755859375,1028.199951171875,3628538
2025-02-27,1046.699951171875,1046.699951171875,1063.300048828125,1040.699951171875,1046.9000244140625,5951737
2025-02-28,990.0999755859375,990.0999755859375,1040.6500244140625,970.0999755859375,1040.0,55666745
2025-03-03,984.0,984.0,986.2999877929688,947.0,978.9500122070312,6158061
2025-03-04,987.5999755859375,987.5999755859375,1003.5999755859375,966.9500122070312,978.0,3271190
2025-03-05,971.8499755859375,971.8499755859375,995.25,970.6500244140625,984.25,3944062
2025-03-06,971.7000122070312,971.7000122070312,984.0999755859375,962.2000122070312,976.0,3928358
2025-03-07,936.75,936.75,976.5999755859375,932.2999877929688,971.0,7737031
2025-03-10,900.5,900.5,913.3499755859375,881.0999755859375,895.0,16014401
2025-03-11,655.9500122070312,655.9500122070312,810.4500122070312,649.0,810.4500122070312,101075220
2025-03-12,684.7000122070312,684.7000122070312,697.6500244140625,606.0,630.0,108682122
2025-03-13,672.3499755859375,672.3499755859375,706.9000244140625,667.6500244140625,690.0,31592987
2025-03-17,677.4000244140625,677.4000244140625,709.9000244140625,675.0,705.0,22353102
2025-03-18,677.4000244140625,677.4000244140625,677.4000244140625,677.4000244140625,677.4000244140625,0
2025-03-19,692.7000122070312,692.7000122070312,700.7999877929688,682.5499877929688,685.0,11120576
2025-03-20,684.0999755859375,684.0999755859375,701.0,681.0,697.5,8918567
2025-03-21,686.9000244140625,686.9000244140625,693.8499755859375,672.2999877929688,685.0,14265415
2025-03-24,669.4500122070312,669.4500122070312,693.75,665.1500244140625,692.0,14649992
2025-03-25,637.0499877929688,637.0499877929688,672.8499755859375,633.5999755859375,670.2000122070312,18615476
2025-03-26,655.2999877929688,655.2999877929688,662.5,637.4000244140625,637.4000244140625,23506399
2025-03-27,673.5499877929688,673.5499877929688,676.75,640.5,655.2999877929688,21589495
2025-03-28,649.8499755859375,649.8499755859375,673.9500122070312,643.5,672.0,8807815
2025-04-01,682.7000122070312,682.7000122070312,689.7999877929688,646.8499755859375,649.0,14019630
2025-04-02,702.4500122070312,702.4500122070312,708.4000244140625,675.0,682.7000122070312,14993840
2025-04-03,709.4000244140625,709.4000244140625,714.7000122070312,693.5,694.9500122070312,6972769
2025-04-04,682.0,682.0,704.9000244140625,675.6500244140625,701.0,9627949
2025-04-07,675.9000244140625,675.9000244140625,678.6500244140625,637.0,637.0,9382614
2025-04-08,679.6500244140625,679.6500244140625,695.9000244140625,673.0,684.9000244140625,5639989
2025-04-09,678.5499877929688,678.5499877929688,683.2999877929688,670.25,679.6500244140625,4243562
2025-04-11,689.5,689.5,694.0,675.5,684.9500122070312,5019467
2025-04-15,735.9000244140625,735.9000244140625,741.0,693.0499877929688,705.0,12452925
2025-04-16,788.25,788.25,794.4000244140625,733.0,747.0,31252589
2025-04-17,794.7000122070312,794.7000122070312,801.0,777.2999877929688,788.25,13986710
2025-04-21,828.2000122070312,828.2000122070312,841.9000244140625,798.3499755859375,802.0,15639685
2025-04-22,787.5,787.5,808.0,775.4000244140625,790.0,25698945
2025-04-23,794.2000122070312,794.2000122070312,805.0,782.0,797.4500122070312,10657940
2025-04-24,819.75,819.75,837.5,793.2999877929688,795.0,22577201
2025-04-25,822.3499755859375,822.3499755859375,829.0,807.3499755859375,822.0,11724192
2025-04-28,830.5499877929688,830.5499877929688,841.7999877929688,821.0499877929688,828.0,6929801
2025-04-29,836.9500122070312,836.9500122070312,852.0,828.5499877929688,841.9500122070312,8769289
2025-04-30,838.4000244140625,838.4000244140625,843.0999755859375,810.0499877929688,820.0,20241775
2025-05-02,856.4500122070312,856.4500122070312,863.5,833.0999755859375,835.0,7845964
2025-05-05,846.75,846.75,862.0,840.5499877929688,855.0,7875811
2025-05-06,831.7999877929688,831.7999877929688,851.25,821.9000244140625,846.75,10040705
2025-05-07,833.7999877929688,833.7999877929688,842.0,816.0999755859375,827.0,9432595
2025-05-08,826.7999877929688,826.7999877929688,844.25,816.0,835.0,13290700
2025-05-09,818.2000122070312,818.2000122070312,826.4500122070312,805.5,805.5,5074137
2025-05-12,788.5,788.5,838.0,786.0,835.0,14573162
2025-05-13,770.0999755859375,770.0999755859375,804.0,769.0499877929688,794.0,10848937
2025-05-14,781.3499755859375,781.3499755859375,786.4000244140625,764.5499877929688,775.0,9164606
2025-05-15,780.5,780.5,782.6500244140625,757.8499755859375,778.0,7350633
2025-05-16,780.2000122070312,780.2000122070312,785.5,750.0,750.0,27168178
2025-05-19,784.0499877929688,784.0499877929688,791.9500122070312,770.2999877929688,779.9000244140625,7193105
2025-05-20,782.25,782.25,799.7000122070312,780.0499877929688,785.0,6637953
2025-05-21,769.9500122070312,769.9500122070312,786.7000122070312,761.0,783.0,8134620
2025-05-22,785.0,785.0,796.7000122070312,725.7999877929688,750.0,43477564
2025-05-23,793.4000244140625,793.4000244140625,799.2000122070312,777.2999877929688,781.0999755859375,9260373
2025-05-26,800.0999755859375,800.0999755859375,802.0,790.75,793.3499755859375,5381797
2025-05-27,820.7000122070312,820.7000122070312,827.5999755859375,798.0,798.5999755859375,10346628
2025-05-28,805.1500244140625,805.1500244140625,820.7000122070312,802.9000244140625,820.5,5308859
2025-05-29,824.1500244140625,824.1500244140625,827.0,803.0499877929688,805.1500244140625,8791159
2025-05-30,816.9500122070312,816.9500122070312,823.8499755859375,811.0,821.0999755859375,5630146
2025-06-02,812.7000122070312,812.7000122070312,824.7999877929688,809.5499877929688,815.0,4094000
2025-06-03,800.8499755859375,800.8499755859375,818.4500122070312,798.1500244140625,818.4500122070312,3241313
2025-06-04,814.3499755859375,814.3499755859375,815.4500122070312,803.0,807.7999877929688,3877545
2025-06-05,803.2000122070312,803.2000122070312,818.5,800.2999877929688,817.0,3366237
2025-06-06,822.8499755859375,822.8499755859375,845.8499755859375,805.0,807.0,10916786
2025-06-09,836.6500244140625,836.6500244140625,840.0,821.5,831.25,6894267
2025-06-10,845.0499877929688,845.0499877929688,857.3499755859375,836.0,838.0,10162134
2025-06-11,836.2999877929688,836.2999877929688,851.4000244140625,834.4500122070312,845.25,2359273
2025-06-12,829.9000244140625,829.9000244140625,843.1500244140625,826.0,837.0,2742462
2025-06-13,816.8499755859375,816.8499755859375,826.7999877929688,813.0499877929688,819.0,3164561
2025-06-16,821.25,821.25,824.7999877929688,810.25,817.0499877929688,2286257
2025-06-17,809.1500244140625,809.1500244140625,820.9500122070312,806.0499877929688,820.0,2343961
2025-06-18,850.5,850.5,855.5,815.5499877929688,818.0499877929688,20826809
2025-06-19,837.5,837.5,849.5999755859375,835.4500122070312,847.0,4363823
2025-06-20,840.25,840.25,847.75,829.0,835.5,20961217
2025-06-23,839.9000244140625,839.9000244140625,845.0,826.5,835.2000122070312,3191499
2025-06-24,831.9500122070312,831.9500122070312,852.0,823.7999877929688,851.0,5482589
2025-06-25,829.7999877929688,829.7999877929688,838.7999877929688,828.0,834.0,4946637
2025-06-26,836.0999755859375,836.0999755859375,840.5,824.5,834.9000244140625,4451922
2025-06-27,857.7000122070312,857.7000122070312,881.0,831.5,836.0,12647856
2025-06-30,872.0999755859375,872.0999755859375,875.75,857.7000122070312,864.75,4353159
2025-07-01,879.0999755859375,879.0999755859375,892.7999877929688,866.0499877929688,870.0999755859375,5729474
2025-07-02,857.6500244140625,857.6500244140625,875.5,847.7000122070312,875.5,10183147
2025-07-03,862.4000244140625,862.4000244140625,866.0,845.5499877929688,849.0,3855070
2025-07-04,856.25,856.25,863.9000244140625,849.4000244140625,857.0999755859375,2658812
2025-07-07,854.4500122070312,854.4500122070312,866.9500122070312,845.2000122070312,847.0,3295065
2025-07-08,850.2999877929688,850.2999877929688,862.9000244140625,848.4500122070312,855.0,2344400
2025-07-09,840.75,840.75,854.9000244140625,839.5499877929688,851.75,2406142
2025-07-10,852.8499755859375,852.8499755859375,855.7000122070312,840.9500122070312,845.0,2560806
2025-07-11,858.8499755859375,858.8499755859375,867.7000122070312,849.5999755859375,852.0,3849544
2025-07-14,867.5999755859375,867.5999755859375,873.5,857.4500122070312,858.7999877929688,3605770
2025-07-15,881.0,881.0,886.75,869.6500244140625,871.0,3532750
2025-07-16,879.75,879.75,888.9500122070312,876.0,876.0,2863446
2025-07-17,865.0999755859375,865.0999755859375,890.9000244140625,862.75,879.75,4185118
2025-07-18,870.0499877929688,870.0499877929688,876.4500122070312,861.25,866.0,2622714
2025-07-21,858.7999877929688,858.7999877929688,870.0499877929688,830.5999755859375,870.0499877929688,6765856
2025-07-22,843.2000122070312,843.2000122070312,884.6500244140625,841.0999755859375,880.0,7686762
2025-07-23,851.1500244140625,851.1500244140625,854.0,841.7999877929688,849.0,2623940
2025-07-24,847.9000244140625,847.9000244140625,860.7999877929688,845.0,855.25,2006984
2025-07-25,823.7000122070312,823.7000122070312,848.4000244140625,821.4000244140625,846.4000244140625,2805230
2025-07-28,802.0499877929688,802.0499877929688,828.75,798.0,825.0,5922408
2025-07-29,808.2000122070312,808.2000122070312,818.8499755859375,790.0,800.0,16766666
2025-07-30,801.9000244140625,801.9000244140625,814.7999877929688,795.5499877929688,811.0,3218643
2025-07-31,798.9000244140625,798.9000244140625,806.0,789.0999755859375,795.5999755859375,4480429
2025-08-01,783.7000122070312,783.7000122070312,798.6500244140625,779.7000122070312,792.5,4739250
2025-08-04,804.0499877929688,804.0499877929688,805.5999755859375,781.0,783.0,2980888
2025-08-05,819.1500244140625,819.1500244140625,848.7000122070312,810.0499877929688,820.0,18982770
2025-08-06,803.3499755859375,803.3499755859375,822.0,795.4000244140625,822.0,5249912
2025-08-07,807.3499755859375,807.3499755859375,810.0,789.0999755859375,801.8499755859375,2553303
2025-08-08,782.4500122070312,782.4500122070312,808.5,779.0,806.5999755859375,2490574
2025-08-11,783.25,783.25,790.0999755859375,777.8499755859375,784.5,1629229
2025-08-12,783.0499877929688,783.0499877929688,791.3499755859375,780.7999877929688,784.0499877929688,1462522
2025-08-13,773.4500122070312,773.4500122070312,787.7999877929688,766.7000122070312,787.0,4114205
2025-08-14,769.75,769.75,779.7999877929688,765.7000122070312,773.4500122070312,1859573
2025-08-18,788.6500244140625,788.6500244140625,795.9000244140625,777.5,777.5,3029689
2025-08-19,785.5,785.5,790.7000122070312,780.8499755859375,787.25,2807872
2025-08-20,778.2000122070312,778.2000122070312,790.2000122070312,777.0,786.4500122070312,2332155
2025-08-21,767.4500122070312,767.4500122070312,781.8499755859375,766.5,781.0,3324022
2025-08-22,760.0999755859375,760.0999755859375,772.7000122070312,758.75,767.4500122070312,2483587
2025-08-25,770.8499755859375,770.8499755859375,775.0,761.5,767.9500122070312,2790762
2025-08-26,756.4000244140625,756.4000244140625,773.0,754.1500244140625,770.8499755859375,3306397
2025-08-28,746.5999755859375,746.5999755859375,762.4000244140625,744.8499755859375,756.4000244140625,3085661
2025-08-29,739.5,739.5,750.3499755859375,738.0,743.0,2538543
2025-09-01,752.8499755859375,752.8499755859375,754.0,741.5,742.4000244140625,1436082
2025-09-02,751.2000122070312,751.2000122070312,758.75,747.5,753.0,1330606
2025-09-03,768.0999755859375,768.0999755859375,769.0,749.2000122070312,750.0,1933362
2025-09-04,754.8499755859375,754.8499755859375,773.4000244140625,752.8499755859375,771.7999877929688,1401421
2025-09-05,757.0499877929688,757.0499877929688,759.5,750.0,756.3499755859375,2873689
2025-09-08,750.75,750.75,760.5,746.5,759.5,2330647
2025-09-09,746.1500244140625,746.1500244140625,755.0999755859375,745.0999755859375,753.6500244140625,1347461
2025-09-10,751.25,751.25,755.8499755859375,746.0999755859375,750.2000122070312,1350420
2025-09-11,748.5999755859375,748.5999755859375,754.2999877929688,747.5,751.5,975314
2025-09-12,740.5,740.5,754.3499755859375,739.25,753.0,1853165
2025-09-15,739.9000244140625,739.9000244140625,744.4000244140625,738.0999755859375,741.0,1499071
2025-09-16,742.25,742.25,748.9500122070312,734.5999755859375,740.7000122070312,2892657
2025-09-17,739.0499877929688,739.0499877929688,745.9000244140625,737.0499877929688,745.0,2280605
2025-09-18,735.4500122070312,735.4500122070312,743.0,732.5,742.4500122070312,2280312
2025-09-19,744.4000244140625,744.4000244140625,746.9500122070312,736.1500244140625,738.0,8190278
2025-09-22,734.2999877929688,734.2999877929688,748.2999877929688,733.4000244140625,744.4000244140625,1884250
2025-09-23,755.25,755.25,757.0,729.0499877929688,735.0,4501893
2025-09-24,740.75,740.75,758.9500122070312,738.9000244140625,755.25,2993982
2025-09-25,740.75,740.75,745.5999755859375,735.4000244140625,740.9500122070312,3037406
2025-09-26,712.75,712.75,742.6500244140625,710.5999755859375,742.0,5779485
2025-09-29,723.4000244140625,723.4000244140625,734.8499755859375,712.5499877929688,717.75,41100690
2025-09-30,735.5499877929688,735.5499877929688,737.7000122070312,722.5499877929688,730.0,3965781
2025-10-01,743.1500244140625,743.1500244140625,745.4500122070312,726.0,732.2000122070312,4127017
2025-10-03,747.4000244140625,747.4000244140625,758.9500122070312,741.75,743.2000122070312,4112610
2025-10-06,739.2999877929688,739.2999877929688,755.5999755859375,734.0999755859375,742.0,5118797
2025-10-07,749.0,749.0,752.4000244140625,740.4500122070312,742.9500122070312,4348518
2025-10-08,740.9500122070312,740.9500122070312,754.0999755859375,739.1500244140625,747.0499877929688,4238626
2025-10-09,749.1500244140625,749.1500244140625,753.2999877929688,743.0,744.0,3506978
2025-10-10,763.3499755859375,763.3499755859375,766.75,747.75,749.5999755859375,5386722
2025-10-13,759.9000244140625,759.9000244140625,767.9500122070312,757.0499877929688,758.0,2906803
2025-10-14,750.4000244140625,750.4000244140625,763.0499877929688,743.2999877929688,758.0,1833516
2025-10-15,740.0999755859375,740.0999755859375,753.0,733.2000122070312,752.3499755859375,2333738
2025-10-16,739.5,739.5,744.8499755859375,735.0,742.9000244140625,3056360
2025-10-17,751.0,751.0,761.0,734.5,740.0,4770012
2025-10-20,759.75,759.75,770.6500244140625,726.2999877929688,743.0,9184006
2025-10-21,758.4500122070312,758.4500122070312,762.9000244140625,756.0,761.9500122070312,350896
2025-10-23,759.5999755859375,759.5999755859375,766.0,751.7999877929688,759.0,5363491
2025-10-24,755.0499877929688,755.0499877929688,759.9500122070312,750.8499755859375,759.9500122070312,2001556
2025-10-27,770.0499877929688,770.0499877929688,772.0,753.1500244140625,755.7000122070312,3590863
2025-10-28,799.75,799.75,801.9500122070312,772.4500122070312,773.9000244140625,8948361
2025-10-29,807.4500122070312,807.4500122070312,810.0499877929688,793.7999877929688,804.0,4077629
2025-10-30,800.9500122070312,800.9500122070312,810.0,797.25,807.0,4103276
2025-10-31,794.7999877929688,794.7999877929688,806.5,792.0,800.9500122070312,3511425
2025-11-03,796.9000244140625,796.9000244140625,803.7000122070312,791.1500244140625,794.7999877929688,2640561
2025-11-04,790.2000122070312,790.2000122070312,799.25,785.0999755859375,797.0499877929688,3505823
2025-11-06,786.2000122070312,786.2000122070312,797.5,777.3499755859375,791.0,2640541
2025-11-07,797.25,797.25,801.9500122070312,779.0999755859375,782.1500244140625,2079256
2025-11-10,799.3499755859375,799.3499755859375,807.7999877929688,791.0,791.0,1894738
2025-11-11,826.0999755859375,826.0999755859375,828.2000122070312,792.7999877929688,799.7000122070312,7150449
2025-11-12,864.4000244140625,864.4000244140625,873.0,827.0,830.0499877929688,11714519
2025-11-13,863.4500122070312,863.4500122070312,892.3499755859375,859.0499877929688,862.0,9325204
2025-11-14,848.25,848.25,872.0,845.8499755859375,864.0,4460991
2025-11-17,854.0499877929688,854.0499877929688,861.75,838.5,852.0,4019335
2025-11-18,847.9500122070312,847.9500122070312,858.5,845.0499877929688,854.0499877929688,1958051
2025-11-19,839.5999755859375,839.5999755859375,850.2999877929688,836.2999877929688,850.0,2317710
2025-11-20,829.4000244140625,829.4000244140625,844.0,827.5,844.0,5136903
2025-11-21,846.5499877929688,846.5499877929688,856.7999877929688,830.5499877929688,832.2000122070312,7304707
2025-11-24,836.0499877929688,836.0499877929688,857.5,832.5499877929688,847.0999755859375,5082933
2025-11-25,839.9000244140625,839.9000244140625,844.9000244140625,829.0499877929688,836.0499877929688,3021941
2025-11-26,850.7000122070312,850.7000122070312,858.7000122070312,841.0,844.9000244140625,2939823
2025-11-27,857.4500122070312,857.4500122070312,863.75,846.5499877929688,853.0,3016014
2025-11-28,858.5499877929688,858.5499877929688,863.0,851.5,859.6500244140625,2901007
2025-12-01,847.1500244140625,847.1500244140625,862.4000244140625,842.6500244140625,860.0,3019328
2025-12-02,850.2999877929688,850.2999877929688,860.5,845.4000244140625,847.1500244140625,2674933
2025-12-03,846.9000244140625,846.9000244140625,856.2999877929688,841.3499755859375,854.0,2063761
2025-12-04,863.0,863.0,873.0,842.9000244140625,846.0,4259999
2025-12-05,870.0999755859375,870.0999755859375,874.4000244140625,856.0999755859375,863.6500244140625,3377823
2025-12-08,841.4000244140625,841.4000244140625,873.5999755859375,834.5,870.0999755859375,2015558
2025-12-09,844.3499755859375,844.3499755859375,848.7000122070312,832.1500244140625,841.4500122070312,3015385
2025-12-10,833.8499755859375,833.8499755859375,851.5999755859375,828.1500244140625,847.7999877929688,2623610
2025-12-11,835.5499877929688,835.5499877929688,842.7999877929688,827.5,834.4500122070312,2810755
2025-12-12,846.1500244140625,846.1500244140625,851.2000122070312,839.0,840.0499877929688,3492109
2025-12-15,851.25,851.25,853.5,835.4000244140625,845.9500122070312,2458486
2025-12-16,845.0499877929688,845.0499877929688,856.7999877929688,841.8499755859375,854.0,2811166
2025-12-17,833.8499755859375,833.8499755859375,846.0999755859375,827.7999877929688,838.2000122070312,3107473
2025-12-18,834.9000244140625,834.9000244140625,842.5,826.0,830.7999877929688,1537403
2025-12-19,844.7000122070312,844.7000122070312,847.9000244140625,831.0,834.9000244140625,7000947
2025-12-22,856.4000244140625,856.4000244140625,862.7999877929688,840.9000244140625,845.0,2387606
2025-12-23,849.9000244140625,849.9000244140625,859.7000122070312,846.2000122070312,856.4000244140625,1628642
2025-12-24,848.0499877929688,848.0499877929688,858.8499755859375,844.2000122070312,850.0,1947886
2025-12-26,849.8499755859375,849.8499755859375,858.9000244140625,837.0999755859375,841.0499877929688,4257972
2025-12-29,839.5999755859375,839.5999755859375,854.5499877929688,836.5999755859375,849.7999877929688,1907670
2025-12-30,841.5,841.5,844.0999755859375,833.25,839.5999755859375,4409838
2025-12-31,864.2000122070312,864.2000122070312,869.5999755859375,836.5499877929688,841.5,2887744
2026-01-01,890.2000122070312,890.2000122070312,891.5999755859375,863.5,865.4500122070312,4244931
2026-01-02,902.4500122070312,902.4500122070312,909.75,890.25,896.0,6250730
2026-01-05,899.9500122070312,899.9500122070312,910.0,892.5,905.0,2521435
2026-01-06,914.25,914.25,924.0,886.5,898.0,8308942
2026-01-07,897.8499755859375,897.8499755859375,924.7000122070312,892.8499755859375,914.5,2952528
2026-01-08,883.4500122070312,883.4500122070312,902.75,876.0999755859375,897.0,3567518
2026-01-09,882.25,882.25,892.0,878.0499877929688,878.0499877929688,2515780
2026-01-12,905.4500122070312,905.4500122070312,907.9500122070312,879.0999755859375,880.2000122070312,4015935
2026-01-13,910.5499877929688,910.5499877929688,913.7000122070312,897.5,909.0,3958844
2026-01-14,944.5,944.5,948.9000244140625,905.0,913.0,11559313
2026-01-15,944.5,944.5,944.5,944.5,944.5,0
2026-01-16,953.8499755859375,953.8499755859375,960.2000122070312,938.0499877929688,945.0,10345071
2026-01-19,949.7999877929688,949.7999877929688,961.9000244140625,941.4500122070312,947.9500122070312,5455304
2026-01-20,905.1500244140625,905.1500244140625,948.0,899.0499877929688,946.0,6701234
2026-01-21,907.1500244140625,907.1500244140625,919.1500244140625,891.4500122070312,908.0,3567143
2026-01-22,902.4500122070312,902.4500122070312,916.2000122070312,892.9000244140625,911.0,2338485
2026-01-23,892.4500122070312,892.4500122070312,914.5999755859375,888.25,900.0499877929688,5907525
2026-01-27,894.75,894.75,897.0,851.1500244140625,875.0,8419598
2026-01-28,901.7000122070312,901.7000122070312,903.0,877.6500244140625,898.75,2982683
2026-01-29,898.4000244140625,898.4000244140625,904.5,890.7000122070312,899.9000244140625,4382116
2026-01-30,896.0999755859375,896.0999755859375,902.75,888.2000122070312,892.0999755859375,2867342
2026-02-02,910.25,910.25,914.5,884.3499755859375,889.0,3762702
2026-02-03,922.4000244140625,922.4000244140625,959.5999755859375,916.3499755859375,951.2999877929688,9608114
2026-02-04,921.2999877929688,921.2999877929688,932.0,915.7999877929688,922.0,2883259
2026-02-05,914.4000244140625,914.4000244140625,922.1500244140625,902.2999877929688,918.0999755859375,2552518
2026-02-06,903.5999755859375,903.5999755859375,917.0499877929688,895.0,909.0999755859375,2711855
2026-02-09,927.9000244140625,927.9000244140625,936.9500122070312,900.3499755859375,910.0,6863941
2026-02-10,927.5999755859375,927.5999755859375,933.0,920.0,927.9000244140625,2768617
2026-02-11,925.0,925.0,928.2999877929688,915.0,927.9000244140625,2473671
2026-02-12,922.7000122070312,922.7000122070312,937.0,915.0,928.7000122070312,3082642
2026-02-13,926.0499877929688,926.0499877929688,929.9500122070312,903.3499755859375,922.0,2860622
2026-02-16,931.9000244140625,931.9000244140625,933.7000122070312,912.1500244140625,930.0,2098887
2026-02-17,943.7999877929688,943.7999877929688,952.2000122070312,928.2000122070312,931.9000244140625,6284594
2026-02-18,944.6500244140625,944.6500244140625,950.0,932.7999877929688,944.0,3474257
2026-02-19,927.3499755859375,927.3499755859375,944.5,923.2000122070312,944.5,2641817
2026-02-20,926.0499877929688,926.0499877929688,947.9000244140625,922.6500244140625,934.0,6462199
2026-02-23,919.75,919.75,934.6500244140625,911.9500122070312,926.0499877929688,4217172
2026-02-24,931.4000244140625,931.4000244140625,934.4000244140625,912.0,919.75,3079572
2026-02-25,937.3499755859375,937.3499755859375,941.8499755859375,932.0999755859375,934.0,1173030
2026-02-26,964.5999755859375,964.5999755859375,968.8499755859375,936.2999877929688,938.0,8974624
2026-02-27,956.75,956.75,968.0,951.2000122070312,963.0,3745120
2026-03-02,942.5,942.5,955.9500122070312,933.2000122070312,939.0,1568186
2026-03-04,927.5499877929688,927.5499877929688,942.9500122070312,916.7000122070312,930.0,2527046
2026-03-05,937.2000122070312,937.2000122070312,947.5499877929688,926.9500122070312,930.0499877929688,1949212
2026-03-06,917.8499755859375,917.8499755859375,942.9000244140625,912.0499877929688,935.0,1153433
2026-03-09,881.2000122070312,881.2000122070312,900.0,870.5499877929688,899.0,3362985
2026-03-10,898.7000122070312,898.7000122070312,904.0499877929688,885.0,892.0,4547967
2026-03-11,877.1500244140625,877.1500244140625,907.5,873.1500244140625,897.2000122070312,2754525
2026-03-12,831.3499755859375,831.3499755859375,870.5,828.0,870.0,7514347
2026-03-13,814.4000244140625,814.4000244140625,833.1500244140625,804.7999877929688,827.0,5606889
2026-03-16,825.0499877929688,825.0499877929688,830.0,806.2000122070312,814.5499877929688,3107008
2026-03-17,820.8499755859375,820.8499755859375,825.0,808.0,825.0,3713235
2026-03-18,842.1500244140625,842.1500244140625,847.9000244140625,815.5999755859375,819.5999755859375,4695600
2026-03-19,816.2999877929688,816.2999877929688,831.25,812.9500122070312,828.2000122070312,5080824
2026-03-20,818.5999755859375,818.5999755859375,837.0,813.0999755859375,822.0,7872290
2026-03-23,778.3499755859375,778.3499755859375,809.0,771.9000244140625,806.2999877929688,7448050
2026-03-24,797.25,797.25,802.1500244140625,771.7000122070312,789.8499755859375,6347812
2026-03-25,818.4000244140625,818.4000244140625,834.2999877929688,802.9500122070312,802.9500122070312,3095936
2026-03-27,792.5499877929688,792.5499877929688,816.2000122070312,785.2999877929688,809.0,6211886
2026-03-30,752.4500122070312,752.4500122070312,784.0,750.5,781.0,7093604
2026-04-01,785.6500244140625,785.6500244140625,793.6500244140625,765.9500122070312,765.9500122070312,4336917
2026-04-02,778.7000122070312,778.7000122070312,784.75,754.0,772.2000122070312,2481604
2026-04-06,786.2000122070312,786.2000122070312,788.2999877929688,756.4000244140625,774.5999755859375,2512596
2026-04-07,784.7999877929688,784.7999877929688,787.7999877929688,770.2999877929688,778.0,1165539
2026-04-08,835.9500122070312,835.9500122070312,840.8499755859375,810.0,812.0,3572416
2026-04-09,814.5499877929688,814.5499877929688,834.9000244140625,812.0,831.8499755859375,2531440
2026-04-10,830.9000244140625,830.9000244140625,835.4500122070312,817.7999877929688,818.5,1509168
2026-04-13,818.9000244140625,818.9000244140625,822.2000122070312,800.7000122070312,807.0999755859375,1555260
2026-04-15,840.0999755859375,840.0999755859375,850.0,828.1500244140625,832.0,3272348
2026-04-16,847.9000244140625,847.9000244140625,857.25,840.9000244140625,845.5,3785293
2026-04-17,853.9000244140625,853.9000244140625,857.4500122070312,838.5499877929688,849.0,1850548
2026-04-20,851.9500122070312,851.9500122070312,856.0,839.5,853.9000244140625,2453075
2026-04-21,856.4000244140625,856.4000244140625,865.8499755859375,854.8499755859375,857.7000122070312,975223
2026-04-22,870.0999755859375,870.0999755859375,873.0,851.0,851.0,2253573
2026-04-23,860.3499755859375,860.3499755859375,869.7000122070312,854.1500244140625,861.7000122070312,1561128
2026-04-24,847.9500122070312,847.9500122070312,868.0,839.0,868.0,1453183
2026-04-27,900.1500244140625,900.1500244140625,903.5,865.2000122070312,865.2000122070312,11254307
