Date,Adj Close,Close,High,Low,Open,Volume
2020-01-01,33.95000076293945,33.95000076293945,34.45000076293945,33.099998474121094,33.150001525878906,13068
2020-01-02,34.599998474121094,34.599998474121094,36.0,33.900001525878906,34.25,26487
2020-01-03,36.0,36.0,36.599998474121094,34.20000076293945,35.900001525878906,38030
2020-01-06,34.70000076293945,34.70000076293945,35.5,34.29999923706055,35.04999923706055,4327
2020-01-07,36.25,36.25,36.45000076293945,34.20000076293945,35.0,8345
2020-01-08,35.79999923706055,35.79999923706055,37.400001525878906,35.099998474121094,35.5,55572
2020-01-09,36.849998474121094,36.849998474121094,37.5,35.20000076293945,36.0,19858
2020-01-10,36.5,36.5,37.5,35.599998474121094,36.0,7722
2020-01-13,36.29999923706055,36.29999923706055,37.70000076293945,35.5,35.5,21868
2020-01-14,36.099998474121094,36.099998474121094,37.29999923706055,35.099998474121094,36.150001525878906,30452
2020-01-15,35.5,35.5,36.20000076293945,35.349998474121094,36.20000076293945,13523
2020-01-16,36.099998474121094,36.099998474121094,37.099998474121094,34.70000076293945,35.54999923706055,53926
2020-01-17,35.95000076293945,35.95000076293945,36.25,35.45000076293945,35.45000076293945,7032
2020-01-20,35.5,35.5,35.849998474121094,34.849998474121094,35.599998474121094,7389
2020-01-21,34.650001525878906,34.650001525878906,35.79999923706055,34.25,35.79999923706055,5941
2020-01-22,34.5,34.5,35.0,34.099998474121094,35.0,3502
2020-01-23,34.5,34.5,34.79999923706055,34.099998474121094,34.54999923706055,1952
2020-01-24,34.5,34.5,36.0,34.150001525878906,36.0,1050
2020-01-27,34.04999923706055,34.04999923706055,35.0,33.849998474121094,35.0,6216
2020-01-28,34.0,34.0,34.349998474121094,33.349998474121094,34.0,5585
2020-01-29,33.5,33.5,34.45000076293945,33.25,34.45000076293945,2496
2020-01-30,33.45000076293945,33.45000076293945,33.79999923706055,32.599998474121094,33.5,3898
2020-01-31,33.45000076293945,33.45000076293945,35.900001525878906,31.799999237060547,35.900001525878906,7985
2020-02-03,33.400001525878906,33.400001525878906,34.0,31.149999618530273,32.04999923706055,12270
2020-02-04,33.70000076293945,33.70000076293945,33.70000076293945,32.70000076293945,33.45000076293945,975
2020-02-05,33.0,33.0,34.0,33.0,33.5,3089
2020-02-06,33.150001525878906,33.150001525878906,33.900001525878906,32.79999923706055,33.04999923706055,5904
2020-02-07,32.95000076293945,32.95000076293945,34.20000076293945,32.5,32.54999923706055,8934
2020-02-10,32.900001525878906,32.900001525878906,34.29999923706055,32.150001525878906,34.29999923706055,1135
2020-02-11,32.70000076293945,32.70000076293945,33.400001525878906,32.20000076293945,32.75,3812
2020-02-12,32.0,32.0,33.0,31.350000381469727,32.25,7639
2020-02-13,32.0,32.0,32.70000076293945,31.200000762939453,31.700000762939453,8354
2020-02-14,31.5,31.5,32.29999923706055,31.0,31.100000381469727,9204
2020-02-17,29.200000762939453,29.200000762939453,31.5,28.950000762939453,31.5,15146
2020-02-18,30.049999237060547,30.049999237060547,30.149999618530273,28.200000762939453,29.649999618530273,18805
2020-02-19,30.299999237060547,30.299999237060547,30.850000381469727,28.600000381469727,30.0,5445
2020-02-20,30.75,30.75,31.399999618530273,28.25,29.0,32932
2020-02-24,28.799999237060547,28.799999237060547,30.049999237060547,28.200000762939453,30.049999237060547,52826
2020-02-25,26.75,26.75,28.5,25.5,28.5,23302
2020-02-26,25.899999618530273,25.899999618530273,27.399999618530273,25.200000762939453,26.649999618530273,27864
2020-02-27,25.549999237060547,25.549999237060547,26.0,25.149999618530273,25.649999618530273,815
2020-02-28,22.799999237060547,22.799999237060547,26.5,22.200000762939453,25.299999237060547,26636
2020-03-02,23.0,23.0,24.350000381469727,21.600000381469727,22.600000381469727,6481
2020-03-03,22.549999237060547,22.549999237060547,25.850000381469727,22.100000381469727,22.950000762939453,15984
2020-03-04,23.450000762939453,23.450000762939453,25.399999618530273,21.799999237060547,22.25,36209
2020-03-05,23.649999618530273,23.649999618530273,25.5,23.25,24.200000762939453,3763
2020-03-06,22.75,22.75,23.200000762939453,21.5,21.5,6657
2020-03-09,20.700000762939453,20.700000762939453,22.0,19.350000381469727,22.0,24727
2020-03-11,20.299999237060547,20.299999237060547,21.950000762939453,20.049999237060547,21.950000762939453,14140
2020-03-12,19.799999237060547,19.799999237060547,20.5,18.549999237060547,20.450000762939453,38882
2020-03-13,20.200000762939453,20.200000762939453,22.700000762939453,18.0,19.049999237060547,17407
2020-03-16,19.0,19.0,21.5,18.600000381469727,21.5,13505
2020-03-17,21.600000381469727,21.600000381469727,22.799999237060547,18.549999237060547,19.049999237060547,29083
2020-03-18,19.25,19.25,21.399999618530273,19.149999618530273,21.0,32857
2020-03-19,18.700000762939453,18.700000762939453,21.700000762939453,17.25,19.0,38999
2020-03-20,15.649999618530273,15.649999618530273,19.5,15.0,18.0,180041
2020-03-23,14.199999809265137,14.199999809265137,15.449999809265137,13.0,15.0,60318
2020-03-24,15.75,15.75,16.25,13.649999618530273,15.899999618530273,18408
2020-03-25,15.100000381469727,15.100000381469727,16.25,13.949999809265137,16.25,6622
2020-03-26,16.5,16.5,17.0,14.75,15.149999618530273,14359
2020-03-27,16.200000762939453,16.200000762939453,17.5,15.300000190734863,17.450000762939453,10779
2020-03-30,15.699999809265137,15.699999809265137,16.350000381469727,14.699999809265137,16.0,2739
2020-03-31,15.199999809265137,15.199999809265137,16.450000762939453,14.800000190734863,15.050000190734863,9682
2020-04-01,15.600000381469727,15.600000381469727,16.0,14.5,15.100000381469727,10188
2020-04-03,14.899999618530273,14.899999618530273,16.0,14.699999809265137,16.0,5712
2020-04-07,16.0,16.0,16.25,15.0,15.0,10748
2020-04-08,15.899999618530273,15.899999618530273,18.0,15.350000381469727,16.549999237060547,9667
2020-04-09,16.600000381469727,16.600000381469727,18.200000762939453,15.649999618530273,18.149999618530273,27075
2020-04-13,16.200000762939453,16.200000762939453,18.0,15.850000381469727,18.0,5707
2020-04-15,16.450000762939453,16.450000762939453,17.350000381469727,16.100000381469727,16.399999618530273,35523
2020-04-16,16.450000762939453,16.450000762939453,17.0,16.149999618530273,17.0,4413
2020-04-17,17.75,17.75,19.700000762939453,16.649999618530273,17.75,73829
2020-04-20,16.799999237060547,16.799999237060547,19.899999618530273,15.25,18.950000762939453,138867
2020-04-21,15.899999618530273,15.899999618530273,16.799999237060547,15.600000381469727,16.799999237060547,11721
2020-04-22,15.600000381469727,15.600000381469727,16.350000381469727,15.149999618530273,16.0,8378
2020-04-23,15.5,15.5,16.5,15.199999809265137,16.399999618530273,18280
2020-04-24,15.550000190734863,15.550000190734863,15.850000381469727,15.300000190734863,15.399999618530273,9726
2020-04-27,15.5,15.5,16.100000381469727,15.149999618530273,16.100000381469727,10820
2020-04-28,15.800000190734863,15.800000190734863,16.0,15.050000190734863,15.649999618530273,12302
2020-04-29,15.699999809265137,15.699999809265137,16.399999618530273,15.300000190734863,15.350000381469727,4859
2020-04-30,16.0,16.0,17.700000762939453,15.800000190734863,17.700000762939453,21290
2020-05-04,15.5,15.5,16.350000381469727,15.050000190734863,15.5,8135
2020-05-05,16.0,16.0,16.25,15.350000381469727,15.5,50655
2020-05-06,15.850000381469727,15.850000381469727,16.200000762939453,15.449999809265137,15.899999618530273,5536
2020-05-07,15.600000381469727,15.600000381469727,16.0,15.25,15.850000381469727,5782
2020-05-08,15.149999618530273,15.149999618530273,15.949999809265137,14.300000190734863,15.949999809265137,7014
2020-05-11,14.899999618530273,14.899999618530273,15.850000381469727,14.600000381469727,15.5,7242
2020-05-12,14.800000190734863,14.800000190734863,14.899999618530273,14.300000190734863,14.899999618530273,3074
2020-05-13,15.949999809265137,15.949999809265137,16.200000762939453,15.100000381469727,15.5,13066
2020-05-14,15.600000381469727,15.600000381469727,16.200000762939453,15.5,15.949999809265137,1756
2020-05-15,15.800000190734863,15.800000190734863,17.0,15.199999809265137,15.899999618530273,24461
2020-05-18,14.949999809265137,14.949999809265137,15.75,14.300000190734863,15.600000381469727,15140
2020-05-19,14.850000381469727,14.850000381469727,15.5,14.600000381469727,14.949999809265137,5431
2020-05-20,14.949999809265137,14.949999809265137,15.350000381469727,14.699999809265137,14.75,4086
2020-05-21,15.0,15.0,16.200000762939453,14.800000190734863,14.850000381469727,3872
2020-05-22,14.949999809265137,14.949999809265137,16.0,14.899999618530273,15.600000381469727,7713
2020-05-26,17.299999237060547,17.299999237060547,17.899999618530273,14.949999809265137,14.949999809265137,195062
2020-05-27,16.899999618530273,16.899999618530273,17.5,16.0,17.5,46243
2020-05-28,20.25,20.25,20.25,16.299999237060547,16.899999618530273,441563
2020-05-29,19.350000381469727,19.350000381469727,22.700000762939453,19.100000381469727,21.0,622849
2020-06-01,18.299999237060547,18.299999237060547,20.649999618530273,18.0,20.649999618530273,91677
2020-06-02,18.799999237060547,18.799999237060547,19.299999237060547,18.049999237060547,18.299999237060547,44798
2020-06-03,18.149999618530273,18.149999618530273,19.399999618530273,17.649999618530273,19.399999618530273,201651
2020-06-04,17.5,17.5,18.5,17.350000381469727,18.0,21566
2020-06-05,18.850000381469727,18.850000381469727,19.25,17.5,17.799999237060547,32574
2020-06-08,18.399999618530273,18.399999618530273,19.649999618530273,18.149999618530273,18.700000762939453,49470
2020-06-09,18.0,18.0,18.75,17.75,18.700000762939453,18962
2020-06-10,18.200000762939453,18.200000762939453,18.75,17.700000762939453,18.0,10736
2020-06-11,17.649999618530273,17.649999618530273,18.700000762939453,17.399999618530273,18.299999237060547,25849
2020-06-12,17.5,17.5,17.950000762939453,17.100000381469727,17.700000762939453,10486
2020-06-15,19.799999237060547,19.799999237060547,20.5,17.350000381469727,17.549999237060547,132564
2020-06-16,18.450000762939453,18.450000762939453,20.75,17.950000762939453,20.450000762939453,77200
2020-06-17,18.5,18.5,19.299999237060547,18.200000762939453,18.799999237060547,31211
2020-06-18,22.200000762939453,22.200000762939453,22.200000762939453,18.299999237060547,18.299999237060547,498774
2020-06-19,24.450000762939453,24.450000762939453,26.0,23.5,24.799999237060547,618504
2020-06-22,23.100000381469727,23.100000381469727,25.600000381469727,22.5,25.600000381469727,121710
2020-06-23,22.5,22.5,23.5,22.299999237060547,23.5,46828
2020-06-24,22.549999237060547,22.549999237060547,24.399999618530273,20.799999237060547,23.950000762939453,79682
2020-06-25,22.0,22.0,23.649999618530273,21.25,23.649999618530273,47858
2020-06-26,22.350000381469727,22.350000381469727,23.100000381469727,21.799999237060547,23.0,31908
2020-06-29,22.850000381469727,22.850000381469727,23.200000762939453,21.25,23.149999618530273,76214
2020-06-30,22.299999237060547,22.299999237060547,22.950000762939453,21.899999618530273,22.850000381469727,22931
2020-07-01,24.950000762939453,24.950000762939453,26.75,21.450000762939453,22.049999237060547,804827
2020-07-02,23.850000381469727,23.850000381469727,26.299999237060547,23.600000381469727,25.799999237060547,127883
2020-07-03,27.549999237060547,27.549999237060547,28.25,23.0,24.350000381469727,996092
2020-07-06,26.850000381469727,26.850000381469727,29.299999237060547,25.5,27.5,576303
2020-07-07,26.100000381469727,26.100000381469727,27.899999618530273,25.600000381469727,27.5,187670
2020-07-08,26.049999237060547,26.049999237060547,27.350000381469727,25.600000381469727,26.950000762939453,283888
2020-07-09,26.549999237060547,26.549999237060547,26.950000762939453,25.25,26.049999237060547,128390
2020-07-10,25.600000381469727,25.600000381469727,26.899999618530273,25.5,26.549999237060547,52898
2020-07-13,24.700000762939453,24.700000762939453,26.75,24.299999237060547,26.75,45744
2020-07-14,23.600000381469727,23.600000381469727,25.299999237060547,23.100000381469727,24.700000762939453,36586
2020-07-15,22.600000381469727,22.600000381469727,24.299999237060547,22.200000762939453,23.899999618530273,59330
2020-07-16,22.600000381469727,22.600000381469727,23.299999237060547,21.200000762939453,22.350000381469727,60886
2020-07-17,23.399999618530273,23.399999618530273,23.950000762939453,22.5,22.549999237060547,26762
2020-07-20,22.700000762939453,22.700000762939453,24.0,22.299999237060547,23.950000762939453,58207
2020-07-21,22.350000381469727,22.350000381469727,23.399999618530273,22.100000381469727,23.399999618530273,23540
2020-07-22,21.950000762939453,21.950000762939453,23.0,21.799999237060547,23.0,26650
2020-07-23,21.799999237060547,21.799999237060547,22.649999618530273,21.75,21.799999237060547,47220
2020-07-24,25.049999237060547,25.049999237060547,25.75,21.200000762939453,21.799999237060547,377189
2020-07-27,23.600000381469727,23.600000381469727,25.0,23.299999237060547,25.0,126942
2020-07-28,22.850000381469727,22.850000381469727,24.0,22.649999618530273,23.299999237060547,51917
2020-07-29,22.75,22.75,24.75,22.399999618530273,22.399999618530273,84447
2020-07-30,21.899999618530273,21.899999618530273,22.700000762939453,21.75,22.0,54618
2020-07-31,22.200000762939453,22.200000762939453,22.299999237060547,21.649999618530273,21.75,31340
2020-08-03,21.549999237060547,21.549999237060547,22.700000762939453,21.299999237060547,22.200000762939453,50857
2020-08-04,21.899999618530273,21.899999618530273,22.350000381469727,21.049999237060547,21.549999237060547,20959
2020-08-05,21.75,21.75,22.350000381469727,21.549999237060547,22.350000381469727,25741
2020-08-06,21.799999237060547,21.799999237060547,22.899999618530273,21.600000381469727,21.600000381469727,28753
2020-08-07,23.399999618530273,23.399999618530273,23.799999237060547,21.350000381469727,21.399999618530273,166632
2020-08-10,23.450000762939453,23.450000762939453,24.5,23.100000381469727,23.899999618530273,124316
2020-08-11,23.25,23.25,23.950000762939453,22.649999618530273,23.950000762939453,21182
2020-08-12,22.25,22.25,23.100000381469727,18.600000381469727,23.100000381469727,154467
2020-08-13,22.850000381469727,22.850000381469727,23.049999237060547,22.149999618530273,22.25,27876
2020-08-14,21.950000762939453,21.950000762939453,24.0,21.049999237060547,23.100000381469727,52136
2020-08-17,22.049999237060547,22.049999237060547,22.350000381469727,21.350000381469727,21.350000381469727,16304
2020-08-18,23.049999237060547,23.049999237060547,23.700000762939453,22.049999237060547,22.950000762939453,64394
2020-08-19,22.850000381469727,22.850000381469727,23.5,21.700000762939453,23.049999237060547,31556
2020-08-20,22.950000762939453,22.950000762939453,23.25,22.299999237060547,23.0,34460
2020-08-21,23.200000762939453,23.200000762939453,24.5,22.600000381469727,23.100000381469727,141542
2020-08-24,23.200000762939453,23.200000762939453,24.25,23.049999237060547,23.799999237060547,51042
2020-08-25,22.75,22.75,23.950000762939453,22.5,23.899999618530273,28780
2020-08-26,23.899999618530273,23.899999618530273,24.100000381469727,22.600000381469727,22.75,50505
2020-08-27,23.549999237060547,23.549999237060547,24.25,23.049999237060547,24.25,38884
2020-08-28,23.899999618530273,23.899999618530273,24.299999237060547,23.450000762939453,23.5,57200
2020-08-31,22.200000762939453,22.200000762939453,24.200000762939453,21.5,24.100000381469727,55340
2020-09-01,22.299999237060547,22.299999237060547,23.25,21.899999618530273,22.100000381469727,13806
2020-09-02,22.399999618530273,22.399999618530273,24.200000762939453,22.049999237060547,22.149999618530273,22248
2020-09-03,22.649999618530273,22.649999618530273,23.299999237060547,22.399999618530273,22.549999237060547,7488
2020-09-04,22.149999618530273,22.149999618530273,22.5,20.100000381469727,22.299999237060547,68965
2020-09-07,21.850000381469727,21.850000381469727,22.5,21.600000381469727,22.200000762939453,13457
2020-09-08,21.450000762939453,21.450000762939453,22.299999237060547,21.25,21.899999618530273,8404
2020-09-09,21.25,21.25,21.549999237060547,20.200000762939453,21.450000762939453,21844
2020-09-10,21.100000381469727,21.100000381469727,21.850000381469727,20.950000762939453,21.25,22475
2020-09-11,21.149999618530273,21.149999618530273,21.899999618530273,20.75,20.75,10612
2020-09-14,21.5,21.5,22.5,21.5,21.649999618530273,3856
2020-09-15,21.25,21.25,21.75,20.950000762939453,21.75,21743
2020-09-16,22.899999618530273,22.899999618530273,23.200000762939453,20.299999237060547,21.649999618530273,54641
2020-09-17,22.049999237060547,22.049999237060547,23.200000762939453,21.899999618530273,22.899999618530273,10037
2020-09-18,21.549999237060547,21.549999237060547,22.600000381469727,21.100000381469727,22.399999618530273,14170
2020-09-21,20.899999618530273,20.899999618530273,22.450000762939453,20.450000762939453,22.450000762939453,36134
2020-09-22,20.75,20.75,21.5,20.350000381469727,20.799999237060547,11194
2020-09-23,20.5,20.5,21.25,19.75,20.850000381469727,9144
2020-09-24,20.200000762939453,20.200000762939453,20.399999618530273,19.75,20.350000381469727,11458
2020-09-25,20.100000381469727,20.100000381469727,20.299999237060547,19.450000762939453,20.149999618530273,25467
2020-09-28,20.399999618530273,20.399999618530273,20.799999237060547,19.850000381469727,19.850000381469727,11176
2020-09-29,20.700000762939453,20.700000762939453,21.200000762939453,20.200000762939453,21.200000762939453,2822
2020-09-30,20.350000381469727,20.350000381469727,21.399999618530273,20.25,20.700000762939453,2800
2020-10-01,20.0,20.0,21.049999237060547,20.0,20.450000762939453,7873
2020-10-05,20.700000762939453,20.700000762939453,20.899999618530273,20.0,20.5,5616
2020-10-06,20.799999237060547,20.799999237060547,21.100000381469727,20.299999237060547,21.100000381469727,11548
2020-10-07,20.950000762939453,20.950000762939453,21.25,20.399999618530273,20.799999237060547,19225
2020-10-08,20.700000762939453,20.700000762939453,21.399999618530273,20.5,20.5,11987
2020-10-09,20.350000381469727,20.350000381469727,21.0,20.299999237060547,20.5,20288
2020-10-12,19.25,19.25,20.350000381469727,18.450000762939453,20.350000381469727,37492
2020-10-13,19.799999237060547,19.799999237060547,20.100000381469727,19.049999237060547,19.5,6072
2020-10-14,20.0,20.0,20.299999237060547,19.299999237060547,19.299999237060547,24330
2020-10-15,19.799999237060547,19.799999237060547,20.25,19.5,19.5,6638
2020-10-16,19.549999237060547,19.549999237060547,20.200000762939453,19.049999237060547,19.549999237060547,31540
2020-10-19,19.700000762939453,19.700000762939453,20.149999618530273,19.25,19.549999237060547,4440
2020-10-20,19.899999618530273,19.899999618530273,20.0,19.600000381469727,19.600000381469727,4238
2020-10-21,20.049999237060547,20.049999237060547,20.5,19.299999237060547,19.799999237060547,14088
2020-10-22,19.649999618530273,19.649999618530273,20.25,19.549999237060547,20.25,7033
2020-10-23,20.200000762939453,20.200000762939453,20.299999237060547,19.549999237060547,19.950000762939453,8822
2020-10-26,20.350000381469727,20.350000381469727,20.899999618530273,20.0,20.0,7416
2020-10-27,20.049999237060547,20.049999237060547,20.700000762939453,19.25,19.950000762939453,12394
2020-10-28,19.600000381469727,19.600000381469727,20.299999237060547,19.5,20.299999237060547,8509
2020-10-29,19.25,19.25,19.600000381469727,19.149999618530273,19.350000381469727,4271
2020-10-30,19.649999618530273,19.649999618530273,19.899999618530273,19.25,19.899999618530273,10630
2020-11-02,19.450000762939453,19.450000762939453,20.399999618530273,19.200000762939453,19.5,13276
2020-11-03,19.950000762939453,19.950000762939453,20.100000381469727,19.5,19.549999237060547,6363
2020-11-04,19.5,19.5,20.350000381469727,19.450000762939453,19.899999618530273,5864
2020-11-05,20.75,20.75,21.399999618530273,19.5,20.0,30714
2020-11-06,20.799999237060547,20.799999237060547,21.5,20.299999237060547,21.5,10136
2020-11-09,20.200000762939453,20.200000762939453,21.399999618530273,20.149999618530273,20.799999237060547,3316
2020-11-10,19.600000381469727,19.600000381469727,20.700000762939453,19.350000381469727,20.350000381469727,16631
2020-11-11,19.149999618530273,19.149999618530273,20.399999618530273,18.25,19.5,14216
2020-11-12,20.899999618530273,20.899999618530273,21.850000381469727,19.25,19.450000762939453,56100
2020-11-13,25.049999237060547,25.049999237060547,25.049999237060547,20.399999618530273,20.950000762939453,615642
2020-11-14,26.0,26.0,27.25,25.25,25.649999618530273,232837
2020-11-17,24.200000762939453,24.200000762939453,25.950000762939453,23.450000762939453,25.950000762939453,136632
2020-11-18,24.299999237060547,24.299999237060547,24.700000762939453,23.850000381469727,24.200000762939453,42258
2020-11-19,23.950000762939453,23.950000762939453,24.799999237060547,23.700000762939453,24.700000762939453,32338
2020-11-20,23.950000762939453,23.950000762939453,24.700000762939453,23.700000762939453,23.799999237060547,15357
2020-11-23,23.700000762939453,23.700000762939453,25.5,23.5,23.799999237060547,24894
2020-11-24,23.75,23.75,24.100000381469727,23.0,23.75,10926
2020-11-25,23.0,23.0,24.25,22.649999618530273,23.25,18884
2020-11-26,24.100000381469727,24.100000381469727,24.25,23.100000381469727,23.75,23264
2020-11-27,24.850000381469727,24.850000381469727,25.799999237060547,24.299999237060547,25.149999618530273,51559
2020-12-01,24.049999237060547,24.049999237060547,25.75,23.799999237060547,25.75,23473
2020-12-02,24.350000381469727,24.350000381469727,24.899999618530273,23.799999237060547,24.549999237060547,9415
2020-12-03,24.950000762939453,24.950000762939453,25.450000762939453,23.100000381469727,24.049999237060547,51344
2020-12-04,27.100000381469727,27.100000381469727,28.399999618530273,24.649999618530273,24.950000762939453,256666
2020-12-07,25.649999618530273,25.649999618530273,27.799999237060547,25.200000762939453,27.149999618530273,115865
2020-12-08,30.75,30.75,30.75,24.350000381469727,25.5,420852
2020-12-09,31.799999237060547,31.799999237060547,33.0,30.149999618530273,32.5,252625
2020-12-10,30.899999618530273,30.899999618530273,32.0,28.600000381469727,31.600000381469727,114277
2020-12-11,31.450000762939453,31.450000762939453,31.950000762939453,30.899999618530273,30.899999618530273,55560
2020-12-14,31.149999618530273,31.149999618530273,31.950000762939453,30.600000381469727,31.450000762939453,41383
2020-12-15,30.399999618530273,30.399999618530273,32.0,29.5,31.950000762939453,41470
2020-12-16,30.5,30.5,30.950000762939453,29.600000381469727,30.950000762939453,24617
2020-12-17,30.5,30.5,31.200000762939453,29.649999618530273,30.649999618530273,30640
2020-12-18,30.100000381469727,30.100000381469727,30.600000381469727,28.899999618530273,30.600000381469727,32540
2020-12-21,28.200000762939453,28.200000762939453,31.850000381469727,27.549999237060547,30.0,73585
2020-12-22,28.350000381469727,28.350000381469727,29.0,26.399999618530273,28.799999237060547,51039
2020-12-23,30.850000381469727,30.850000381469727,31.350000381469727,28.0,28.100000381469727,77365
2020-12-24,32.25,32.25,32.79999923706055,30.049999237060547,30.149999618530273,109435
2020-12-28,36.150001525878906,36.150001525878906,37.400001525878906,31.200000762939453,31.5,248331
2020-12-29,35.04999923706055,35.04999923706055,38.400001525878906,34.599998474121094,38.400001525878906,69837
2020-12-30,33.95000076293945,33.95000076293945,35.099998474121094,32.95000076293945,35.099998474121094,58007
2020-12-31,34.04999923706055,34.04999923706055,34.849998474121094,33.20000076293945,34.0,36420
2021-01-01,35.400001525878906,35.400001525878906,36.70000076293945,33.75,34.04999923706055,69359
2021-01-04,34.400001525878906,34.400001525878906,37.150001525878906,33.45000076293945,37.150001525878906,69408
2021-01-05,35.95000076293945,35.95000076293945,36.400001525878906,33.95000076293945,34.650001525878906,71833
2021-01-06,42.95000076293945,42.95000076293945,43.099998474121094,35.900001525878906,36.0,997713
2021-01-07,44.0,44.0,46.79999923706055,43.5,44.29999923706055,366942
2021-01-08,42.95000076293945,42.95000076293945,43.900001525878906,41.599998474121094,43.45000076293945,101016
2021-01-11,41.79999923706055,41.79999923706055,43.70000076293945,40.400001525878906,41.650001525878906,103983
2021-01-12,42.099998474121094,42.099998474121094,43.900001525878906,41.599998474121094,42.70000076293945,33418
2021-01-13,41.0,41.0,42.599998474121094,40.099998474121094,42.04999923706055,36073
2021-01-14,39.70000076293945,39.70000076293945,40.900001525878906,39.54999923706055,39.75,7859
2021-01-15,39.20000076293945,39.20000076293945,40.79999923706055,37.849998474121094,39.70000076293945,23343
2021-01-18,39.29999923706055,39.29999923706055,40.400001525878906,37.75,38.099998474121094,28344
2021-01-19,41.25,41.25,41.25,38.0,40.400001525878906,27676
2021-01-20,42.0,42.0,43.0,39.400001525878906,39.400001525878906,46257
2021-01-21,41.400001525878906,41.400001525878906,42.29999923706055,40.04999923706055,40.5,23041
2021-01-22,39.79999923706055,39.79999923706055,42.5,39.5,40.0,25667
2021-01-25,41.150001525878906,41.150001525878906,41.75,40.0,41.150001525878906,33527
2021-01-27,42.04999923706055,42.04999923706055,42.5,39.70000076293945,41.70000076293945,20121
2021-01-28,40.25,40.25,44.150001525878906,39.95000076293945,41.0,67918
2021-01-29,40.45000076293945,40.45000076293945,41.849998474121094,39.70000076293945,41.849998474121094,15641
2021-02-01,40.0,40.0,41.099998474121094,38.650001525878906,38.650001525878906,8099
2021-02-02,40.0,40.0,41.599998474121094,39.0,40.0,4858
2021-02-03,40.0,40.0,41.0,38.349998474121094,38.349998474121094,12850
2021-02-04,39.79999923706055,39.79999923706055,41.5,39.0,39.0,9094
2021-02-05,38.5,38.5,39.849998474121094,38.5,39.79999923706055,6852
2021-02-08,39.79999923706055,39.79999923706055,40.0,38.099998474121094,38.5,10179
2021-02-09,39.400001525878906,39.400001525878906,40.0,38.25,38.400001525878906,21977
2021-02-10,39.650001525878906,39.650001525878906,40.0,38.45000076293945,38.45000076293945,8587
2021-02-11,37.70000076293945,37.70000076293945,41.54999923706055,37.70000076293945,41.54999923706055,43431
2021-02-12,38.04999923706055,38.04999923706055,38.599998474121094,36.400001525878906,36.400001525878906,5854
2021-02-15,36.650001525878906,36.650001525878906,38.95000076293945,36.400001525878906,38.95000076293945,19715
2021-02-16,36.45000076293945,36.45000076293945,37.04999923706055,36.25,36.650001525878906,4447
2021-02-17,36.150001525878906,36.150001525878906,36.45000076293945,35.20000076293945,35.20000076293945,6851
2021-02-18,36.400001525878906,36.400001525878906,36.5,35.45000076293945,36.400001525878906,15546
2021-02-19,36.599998474121094,36.599998474121094,37.29999923706055,35.54999923706055,36.400001525878906,6178
2021-02-22,35.29999923706055,35.29999923706055,36.45000076293945,35.099998474121094,35.70000076293945,6660
2021-02-23,34.75,34.75,35.5,34.04999923706055,35.5,6765
2021-02-24,34.400001525878906,34.400001525878906,35.25,33.70000076293945,35.25,3324
2021-02-25,36.099998474121094,36.099998474121094,36.099998474121094,34.29999923706055,35.349998474121094,7791
2021-02-26,36.5,36.5,37.400001525878906,34.5,34.5,7423
2021-03-01,35.75,35.75,37.45000076293945,35.349998474121094,36.400001525878906,5761
2021-03-02,36.29999923706055,36.29999923706055,36.900001525878906,35.04999923706055,35.04999923706055,8186
2021-03-03,35.54999923706055,35.54999923706055,36.95000076293945,35.45000076293945,35.54999923706055,6968
2021-03-04,35.95000076293945,35.95000076293945,36.45000076293945,35.0,36.45000076293945,12919
2021-03-05,35.54999923706055,35.54999923706055,36.29999923706055,35.5,36.29999923706055,2184
2021-03-08,35.95000076293945,35.95000076293945,36.400001525878906,34.5,34.5,7997
2021-03-09,35.900001525878906,35.900001525878906,36.849998474121094,35.0,36.849998474121094,4900
2021-03-10,35.849998474121094,35.849998474121094,36.349998474121094,35.150001525878906,35.150001525878906,4064
2021-03-12,35.599998474121094,35.599998474121094,36.849998474121094,34.70000076293945,36.849998474121094,3819
2021-03-15,34.900001525878906,34.900001525878906,35.75,34.25,34.79999923706055,5965
2021-03-16,34.54999923706055,34.54999923706055,35.75,34.29999923706055,35.75,4663
2021-03-17,33.75,33.75,35.599998474121094,33.5,35.599998474121094,7616
2021-03-18,32.95000076293945,32.95000076293945,34.900001525878906,32.900001525878906,33.099998474121094,1375
2021-03-19,34.150001525878906,34.150001525878906,34.54999923706055,31.600000381469727,32.849998474121094,9404
2021-03-22,33.29999923706055,33.29999923706055,35.04999923706055,33.150001525878906,33.79999923706055,4925
2021-03-23,32.04999923706055,32.04999923706055,33.79999923706055,31.75,33.79999923706055,6820
2021-03-24,31.799999237060547,31.799999237060547,32.70000076293945,31.200000762939453,32.70000076293945,7992
2021-03-25,31.549999237060547,31.549999237060547,32.650001525878906,30.549999237060547,32.650001525878906,8068
2021-03-26,31.049999237060547,31.049999237060547,32.0,30.049999237060547,30.5,7006
2021-03-30,32.099998474121094,32.099998474121094,32.599998474121094,32.0,32.0,7625
2021-03-31,31.350000381469727,31.350000381469727,32.650001525878906,30.850000381469727,32.0,3494
2021-04-01,32.900001525878906,32.900001525878906,32.900001525878906,32.54999923706055,32.54999923706055,3712
2021-04-05,34.5,34.5,34.5,33.95000076293945,34.0,6242
2021-04-06,36.20000076293945,36.20000076293945,36.20000076293945,33.349998474121094,34.5,5702
2021-04-07,37.650001525878906,37.650001525878906,38.0,36.0,36.5,16108
2021-04-08,39.5,39.5,39.5,36.04999923706055,36.04999923706055,28550
2021-04-09,41.45000076293945,41.45000076293945,41.45000076293945,41.45000076293945,41.45000076293945,10028
2021-04-12,43.5,43.5,43.5,41.70000076293945,43.5,114139
2021-04-13,45.650001525878906,45.650001525878906,45.650001525878906,42.04999923706055,45.650001525878906,37204
2021-04-15,47.900001525878906,47.900001525878906,47.900001525878906,46.5,47.900001525878906,65987
2021-04-16,50.25,50.25,50.25,48.099998474121094,50.150001525878906,60639
2021-04-19,51.900001525878906,51.900001525878906,52.75,47.75,50.400001525878906,67741
2021-04-20,50.349998474121094,50.349998474121094,53.70000076293945,49.599998474121094,53.70000076293945,29716
2021-04-22,49.0,49.0,52.29999923706055,48.5,52.29999923706055,13802
2021-04-23,49.150001525878906,49.150001525878906,50.95000076293945,46.599998474121094,46.599998474121094,14050
2021-04-26,49.599998474121094,49.599998474121094,50.95000076293945,47.349998474121094,50.95000076293945,12717
2021-04-27,49.900001525878906,49.900001525878906,51.0,48.5,50.25,31073
2021-04-28,48.599998474121094,48.599998474121094,50.849998474121094,47.45000076293945,49.04999923706055,38944
2021-04-29,46.599998474121094,46.599998474121094,48.599998474121094,46.20000076293945,48.599998474121094,42684
2021-04-30,47.04999923706055,47.04999923706055,48.45000076293945,44.45000076293945,46.0,18448
2021-05-03,45.04999923706055,45.04999923706055,47.650001525878906,44.70000076293945,46.04999923706055,8585
2021-05-04,45.79999923706055,45.79999923706055,45.900001525878906,44.0,44.150001525878906,7594
2021-05-05,45.75,45.75,47.95000076293945,45.099998474121094,47.900001525878906,6278
2021-05-06,46.150001525878906,46.150001525878906,46.5,43.54999923706055,46.5,16954
2021-05-07,44.25,44.25,47.0,44.0,46.150001525878906,13894
2021-05-10,43.25,43.25,44.099998474121094,42.099998474121094,42.650001525878906,13364
2021-05-11,44.54999923706055,44.54999923706055,45.0,42.0,43.900001525878906,13860
2021-05-12,44.54999923706055,44.54999923706055,45.900001525878906,43.75,45.900001525878906,10222
2021-05-14,44.25,44.25,45.400001525878906,43.45000076293945,44.04999923706055,2764
2021-05-17,44.5,44.5,45.20000076293945,43.25,43.25,11826
2021-05-18,45.0,45.0,45.29999923706055,44.099998474121094,44.54999923706055,7084
2021-05-19,44.25,44.25,45.0,43.70000076293945,44.5,9377
2021-05-20,43.0,43.0,44.400001525878906,42.79999923706055,44.29999923706055,8748
2021-05-21,43.099998474121094,43.099998474121094,43.849998474121094,42.5,43.0,8701
2021-05-24,44.95000076293945,44.95000076293945,45.04999923706055,43.75,43.900001525878906,11566
2021-05-25,46.75,46.75,46.849998474121094,44.25,45.95000076293945,9282
2021-05-26,46.349998474121094,46.349998474121094,48.900001525878906,45.0,48.900001525878906,11889
2021-05-27,46.150001525878906,46.150001525878906,47.0,45.099998474121094,45.099998474121094,12582
2021-05-28,45.400001525878906,45.400001525878906,47.0,45.099998474121094,45.099998474121094,13769
2021-05-31,44.400001525878906,44.400001525878906,45.900001525878906,44.150001525878906,45.29999923706055,7860
2021-06-01,42.54999923706055,42.54999923706055,44.5,42.349998474121094,44.5,31851
2021-06-02,43.349998474121094,43.349998474121094,44.650001525878906,41.099998474121094,42.349998474121094,29837
2021-06-03,43.150001525878906,43.150001525878906,45.45000076293945,42.599998474121094,43.5,22970
2021-06-04,45.0,45.0,45.29999923706055,42.900001525878906,44.099998474121094,10191
2021-06-07,43.70000076293945,43.70000076293945,45.900001525878906,43.0,45.0,23348
2021-06-08,45.650001525878906,45.650001525878906,45.849998474121094,43.04999923706055,43.650001525878906,12488
2021-06-09,47.900001525878906,47.900001525878906,47.900001525878906,46.0,46.0,54210
2021-06-10,50.25,50.25,50.25,48.04999923706055,48.95000076293945,38512
2021-06-11,51.70000076293945,51.70000076293945,52.70000076293945,50.29999923706055,52.0,36796
2021-06-14,51.349998474121094,51.349998474121094,52.0,49.150001525878906,51.70000076293945,24320
2021-06-15,53.099998474121094,53.099998474121094,53.900001525878906,51.0,51.0,52495
2021-06-16,53.75,53.75,55.0,50.45000076293945,55.0,95872
2021-06-17,51.099998474121094,51.099998474121094,55.400001525878906,51.099998474121094,55.400001525878906,30747
2021-06-18,48.54999923706055,48.54999923706055,51.650001525878906,48.54999923706055,50.0,19988
2021-06-21,46.349998474121094,46.349998474121094,47.95000076293945,46.150001525878906,47.95000076293945,33834
2021-06-22,45.849998474121094,45.849998474121094,48.45000076293945,44.599998474121094,45.45000076293945,38387
2021-06-23,43.650001525878906,43.650001525878906,45.599998474121094,43.599998474121094,44.349998474121094,38596
2021-06-24,43.0,43.0,44.849998474121094,41.5,43.04999923706055,68143
2021-06-25,43.79999923706055,43.79999923706055,44.599998474121094,40.849998474121094,42.900001525878906,31133
2021-06-28,44.70000076293945,44.70000076293945,45.650001525878906,43.20000076293945,44.849998474121094,15737
2021-06-29,43.70000076293945,43.70000076293945,45.45000076293945,43.5,45.0,15960
2021-06-30,45.849998474121094,45.849998474121094,45.849998474121094,42.79999923706055,45.400001525878906,47961
2021-07-01,44.849998474121094,44.849998474121094,46.150001525878906,44.25,44.25,14375
2021-07-02,45.25,45.25,46.0,43.25,43.25,6634
2021-07-05,45.54999923706055,45.54999923706055,47.45000076293945,45.0,47.45000076293945,40911
2021-07-06,43.900001525878906,43.900001525878906,46.0,43.54999923706055,45.54999923706055,61521
2021-07-07,44.0,44.0,45.349998474121094,43.099998474121094,44.95000076293945,10201
2021-07-08,44.25,44.25,45.0,43.0,43.0,16357
2021-07-09,42.79999923706055,42.79999923706055,43.900001525878906,42.04999923706055,43.0,32350
2021-07-12,43.0,43.0,44.0,41.900001525878906,43.599998474121094,27849
2021-07-13,42.900001525878906,42.900001525878906,43.45000076293945,42.400001525878906,43.45000076293945,11071
2021-07-14,43.099998474121094,43.099998474121094,44.0,42.0,43.5,34636
2021-07-15,45.25,45.25,45.25,42.25,42.599998474121094,53190
2021-07-16,47.400001525878906,47.400001525878906,47.5,45.400001525878906,46.95000076293945,31826
2021-07-19,46.25,46.25,47.5,45.599998474121094,47.5,24133
2021-07-20,45.349998474121094,45.349998474121094,47.79999923706055,45.0,46.0,16302
2021-07-22,44.70000076293945,44.70000076293945,47.099998474121094,44.5,47.099998474121094,35405
2021-07-23,44.099998474121094,44.099998474121094,46.45000076293945,43.599998474121094,44.70000076293945,23403
2021-07-26,44.95000076293945,44.95000076293945,45.5,43.79999923706055,44.099998474121094,53871
2021-07-27,44.79999923706055,44.79999923706055,46.849998474121094,44.099998474121094,45.900001525878906,107554
2021-07-28,42.599998474121094,42.599998474121094,44.0,42.599998474121094,43.25,16967
2021-07-29,41.0,41.0,44.20000076293945,40.79999923706055,43.5,34191
2021-07-30,43.04999923706055,43.04999923706055,43.04999923706055,40.79999923706055,41.04999923706055,23897
2021-08-02,43.95000076293945,43.95000076293945,45.20000076293945,43.349998474121094,45.20000076293945,38505
2021-08-03,42.79999923706055,42.79999923706055,45.900001525878906,42.29999923706055,45.900001525878906,17062
2021-08-04,40.70000076293945,40.70000076293945,44.79999923706055,40.70000076293945,42.79999923706055,36506
2021-08-05,39.70000076293945,39.70000076293945,40.70000076293945,38.79999923706055,40.0,17550
2021-08-06,43.650001525878906,43.650001525878906,43.650001525878906,39.04999923706055,39.75,62797
2021-08-09,42.900001525878906,42.900001525878906,45.95000076293945,41.20000076293945,45.95000076293945,114630
2021-08-10,39.75,39.75,44.0,39.150001525878906,44.0,28846
2021-08-11,39.54999923706055,39.54999923706055,41.849998474121094,37.25,41.849998474121094,86440
2021-08-12,40.099998474121094,40.099998474121094,42.0,39.29999923706055,42.0,26483
2021-08-13,40.04999923706055,40.04999923706055,42.599998474121094,39.5,42.5,25463
2021-08-16,38.20000076293945,38.20000076293945,43.849998474121094,36.599998474121094,43.849998474121094,57027
2021-08-17,39.099998474121094,39.099998474121094,40.400001525878906,37.349998474121094,37.349998474121094,46804
2021-08-18,40.099998474121094,40.099998474121094,41.70000076293945,38.20000076293945,38.599998474121094,39505
2021-08-20,39.95000076293945,39.95000076293945,41.70000076293945,39.54999923706055,40.95000076293945,24405
2021-08-23,40.099998474121094,40.099998474121094,40.70000076293945,38.0,40.0,60972
2021-08-24,42.400001525878906,42.400001525878906,43.0,39.650001525878906,39.650001525878906,26702
2021-08-25,46.599998474121094,46.599998474121094,46.599998474121094,39.099998474121094,43.25,221813
2021-08-26,48.099998474121094,48.099998474121094,49.900001525878906,47.25,48.75,286973
2021-08-27,49.54999923706055,49.54999923706055,49.75,46.150001525878906,48.5,96386
2021-08-30,47.75,47.75,50.70000076293945,47.400001525878906,50.0,79743
2021-08-31,46.0,46.0,49.25,45.599998474121094,49.25,153100
2021-09-01,47.04999923706055,47.04999923706055,48.400001525878906,46.20000076293945,48.400001525878906,32265
2021-09-02,47.20000076293945,47.20000076293945,48.0,47.150001525878906,48.0,33025
2021-09-03,46.599998474121094,46.599998474121094,48.0,46.0,46.849998474121094,45735
2021-09-06,46.099998474121094,46.099998474121094,48.79999923706055,45.79999923706055,48.79999923706055,23783
2021-09-07,45.5,45.5,47.349998474121094,45.04999923706055,46.20000076293945,20288
2021-09-08,45.650001525878906,45.650001525878906,46.400001525878906,45.400001525878906,45.599998474121094,11316
2021-09-09,50.20000076293945,50.20000076293945,50.20000076293945,44.54999923706055,45.20000076293945,333848
2021-09-13,48.70000076293945,48.70000076293945,50.70000076293945,47.599998474121094,50.5,183828
2021-09-14,48.95000076293945,48.95000076293945,49.900001525878906,48.099998474121094,49.79999923706055,68264
2021-09-15,53.70000076293945,53.70000076293945,53.79999923706055,48.20000076293945,49.04999923706055,213598
2021-09-16,57.650001525878906,57.650001525878906,59.04999923706055,54.099998474121094,54.599998474121094,464617
2021-09-17,54.849998474121094,54.849998474121094,59.0,54.79999923706055,58.70000076293945,117149
2021-09-20,54.400001525878906,54.400001525878906,57.0,52.20000076293945,52.29999923706055,49836
2021-09-21,54.45000076293945,54.45000076293945,56.900001525878906,52.650001525878906,54.5,56748
2021-09-22,53.150001525878906,53.150001525878906,56.849998474121094,52.29999923706055,56.849998474121094,27128
2021-09-23,53.099998474121094,53.099998474121094,55.400001525878906,52.54999923706055,55.400001525878906,30111
2021-09-24,51.54999923706055,51.54999923706055,55.0,50.5,54.849998474121094,43606
2021-09-27,50.95000076293945,50.95000076293945,53.29999923706055,50.400001525878906,53.29999923706055,79326
2021-09-28,50.849998474121094,50.849998474121094,52.5,50.0,52.5,16158
2021-09-29,51.5,51.5,53.349998474121094,50.150001525878906,52.349998474121094,129477
2021-09-30,51.20000076293945,51.20000076293945,53.5,50.5,53.5,81407
2021-10-01,51.5,51.5,52.599998474121094,50.400001525878906,52.599998474121094,21710
2021-10-04,54.04999923706055,54.04999923706055,54.04999923706055,51.5,52.400001525878906,42767
2021-10-05,55.54999923706055,55.54999923706055,56.25,55.0,55.0,45387
2021-10-06,53.599998474121094,53.599998474121094,56.79999923706055,53.099998474121094,55.70000076293945,25972
2021-10-07,53.75,53.75,56.0,53.20000076293945,54.5,31488
2021-10-08,52.900001525878906,52.900001525878906,55.0,52.099998474121094,54.29999923706055,139978
2021-10-11,52.54999923706055,52.54999923706055,54.79999923706055,51.650001525878906,53.0,35616
2021-10-12,53.75,53.75,54.349998474121094,52.5,53.29999923706055,57564
2021-10-13,52.29999923706055,52.29999923706055,54.54999923706055,51.5,54.54999923706055,54428
2021-10-14,52.349998474121094,52.349998474121094,54.5,50.900001525878906,53.5,50272
2021-10-18,51.5,51.5,53.5,50.25,53.400001525878906,35804
2021-10-19,51.79999923706055,51.79999923706055,53.650001525878906,50.04999923706055,53.650001525878906,44569
2021-10-20,50.849998474121094,50.849998474121094,52.29999923706055,50.29999923706055,52.29999923706055,25740
2021-10-21,50.79999923706055,50.79999923706055,51.45000076293945,50.29999923706055,50.849998474121094,14970
2021-10-22,50.099998474121094,50.099998474121094,52.45000076293945,49.400001525878906,52.45000076293945,23793
2021-10-25,49.20000076293945,49.20000076293945,50.0,48.0,50.0,20808
2021-10-26,53.70000076293945,53.70000076293945,54.099998474121094,49.0,49.0,137836
2021-10-27,56.099998474121094,56.099998474121094,58.650001525878906,53.099998474121094,55.70000076293945,191382
2021-10-28,53.95000076293945,53.95000076293945,56.5,52.0,56.0,75917
2021-10-29,52.900001525878906,52.900001525878906,55.0,52.04999923706055,55.0,51030
2021-11-01,54.150001525878906,54.150001525878906,54.79999923706055,52.04999923706055,52.04999923706055,44074
2021-11-02,53.900001525878906,53.900001525878906,54.79999923706055,53.150001525878906,54.04999923706055,31100
2021-11-03,52.150001525878906,52.150001525878906,54.599998474121094,51.75,53.5,13776
2021-11-04,53.900001525878906,53.900001525878906,54.54999923706055,52.20000076293945,52.20000076293945,8129
2021-11-08,52.0,52.0,53.599998474121094,51.25,53.599998474121094,27675
2021-11-09,52.5,52.5,53.400001525878906,51.5,53.400001525878906,10653
2021-11-10,51.5,51.5,52.95000076293945,50.0,52.95000076293945,37271
2021-11-11,51.5,51.5,52.79999923706055,51.099998474121094,52.79999923706055,19793
2021-11-12,52.599998474121094,52.599998474121094,53.0,51.54999923706055,52.650001525878906,16272
2021-11-15,56.79999923706055,56.79999923706055,57.849998474121094,51.20000076293945,52.0,189783
2021-11-16,56.25,56.25,59.5,55.70000076293945,59.400001525878906,241257
2021-11-17,58.0,58.0,59.650001525878906,56.0,57.79999923706055,92251
2021-11-18,53.849998474121094,53.849998474121094,58.95000076293945,53.5,58.95000076293945,137440
2021-11-22,50.5,50.5,53.79999923706055,50.04999923706055,53.0,36587
2021-11-23,52.54999923706055,52.54999923706055,54.0,47.900001525878906,47.900001525878906,32324
2021-11-24,51.5,51.5,54.29999923706055,50.70000076293945,54.29999923706055,37557
2021-11-25,53.099998474121094,53.099998474121094,54.20000076293945,51.099998474121094,51.099998474121094,21638
2021-11-26,52.650001525878906,52.650001525878906,54.400001525878906,52.150001525878906,53.5,37357
2021-11-29,50.54999923706055,50.54999923706055,54.5,50.25,54.5,32295
2021-11-30,50.70000076293945,50.70000076293945,52.20000076293945,50.29999923706055,51.70000076293945,17782
2021-12-01,50.95000076293945,50.95000076293945,53.45000076293945,50.29999923706055,53.45000076293945,11812
2021-12-02,50.849998474121094,50.849998474121094,51.900001525878906,49.70000076293945,51.900001525878906,28642
2021-12-03,49.849998474121094,49.849998474121094,52.599998474121094,48.900001525878906,52.599998474121094,35495
2021-12-06,49.70000076293945,49.70000076293945,51.25,49.20000076293945,50.849998474121094,14142
2021-12-07,53.95000076293945,53.95000076293945,54.349998474121094,49.25,51.70000076293945,72448
2021-12-08,52.79999923706055,52.79999923706055,54.349998474121094,52.29999923706055,54.29999923706055,27653
2021-12-09,52.599998474121094,52.599998474121094,53.75,52.099998474121094,53.29999923706055,11106
2021-12-10,53.70000076293945,53.70000076293945,54.20000076293945,52.150001525878906,53.599998474121094,25928
2021-12-13,53.29999923706055,53.29999923706055,54.54999923706055,53.099998474121094,53.70000076293945,17833
2021-12-14,53.099998474121094,53.099998474121094,53.650001525878906,52.150001525878906,53.400001525878906,13086
2021-12-15,53.29999923706055,53.29999923706055,55.900001525878906,52.349998474121094,54.20000076293945,38596
2021-12-16,51.650001525878906,51.650001525878906,54.349998474121094,50.849998474121094,54.0,33119
2021-12-17,50.5,50.5,53.70000076293945,50.099998474121094,53.70000076293945,21106
2021-12-20,48.79999923706055,48.79999923706055,50.400001525878906,47.599998474121094,50.20000076293945,48468
2021-12-21,49.0,49.0,52.5,48.25,52.5,38336
2021-12-22,58.79999923706055,58.79999923706055,58.79999923706055,48.349998474121094,50.95000076293945,292278
2021-12-23,64.75,64.75,70.55000305175781,62.20000076293945,62.5,2501682
2021-12-24,64.5999984741211,64.5999984741211,66.75,61.0,65.75,303982
2021-12-27,77.5,77.5,77.5,64.4000015258789,66.0,1632007
2021-12-28,77.75,77.75,83.8499984741211,75.75,79.9000015258789,1403575
2021-12-29,75.5999984741211,75.5999984741211,79.69999694824219,74.75,78.0,347111
2021-12-30,73.05000305175781,73.05000305175781,77.0999984741211,72.0999984741211,76.69999694824219,201994
2021-12-31,80.3499984741211,80.3499984741211,80.3499984741211,72.3499984741211,73.8499984741211,529388
2022-01-03,83.6500015258789,83.6500015258789,87.5,79.0,81.69999694824219,619973
2022-01-04,82.69999694824219,82.69999694824219,88.0,81.55000305175781,83.69999694824219,401549
2022-01-05,82.0999984741211,82.0999984741211,84.80000305175781,80.5999984741211,83.75,223213
2022-01-06,81.30000305175781,81.30000305175781,84.69999694824219,78.1500015258789,81.0,222542
2022-01-07,82.44999694824219,82.44999694824219,86.5,81.69999694824219,83.0,196090
2022-01-10,80.0,80.0,82.94999694824219,78.5999984741211,82.94999694824219,118952
2022-01-11,77.44999694824219,77.44999694824219,81.9000015258789,72.5999984741211,80.0,225546
2022-01-12,77.6500015258789,77.6500015258789,79.25,73.4000015258789,78.05000305175781,138061
2022-01-13,76.0,76.0,78.69999694824219,74.80000305175781,77.9000015258789,76559
2022-01-14,83.5999984741211,83.5999984741211,83.5999984741211,75.6500015258789,76.0,287812
2022-01-17,80.55000305175781,80.55000305175781,87.44999694824219,80.1500015258789,87.0,258457
2022-01-18,82.4000015258789,82.4000015258789,86.5,80.4000015258789,81.0,334292
2022-01-19,79.0999984741211,79.0999984741211,83.8499984741211,78.5,82.0,173885
2022-01-20,80.05000305175781,80.05000305175781,83.0,79.05000305175781,80.0,135621
2022-01-21,78.94999694824219,78.94999694824219,81.44999694824219,77.8499984741211,79.05000305175781,135455
2022-01-24,72.75,72.75,85.0,71.19999694824219,78.9000015258789,488561
2022-01-25,76.75,76.75,78.44999694824219,71.0,72.80000305175781,189234
2022-01-27,75.3499984741211,75.3499984741211,77.55000305175781,74.1500015258789,75.0,142752
2022-01-28,73.4000015258789,73.4000015258789,78.30000305175781,72.0,75.5999984741211,96523
2022-01-31,74.44999694824219,74.44999694824219,76.5,71.94999694824219,74.5,214672
2022-02-01,71.05000305175781,71.05000305175781,75.5,70.0999984741211,75.5,212465
2022-02-02,76.69999694824219,76.69999694824219,78.1500015258789,71.94999694824219,72.0999984741211,233909
2022-02-03,84.0999984741211,84.0999984741211,84.3499984741211,75.25,78.6500015258789,813028
2022-02-04,82.94999694824219,82.94999694824219,84.94999694824219,80.0,84.94999694824219,218036
2022-02-07,83.80000305175781,83.80000305175781,88.75,80.3499984741211,83.6500015258789,279427
2022-02-08,82.25,82.25,85.1500015258789,77.94999694824219,83.0999984741211,408489
2022-02-09,81.19999694824219,81.19999694824219,84.0,79.5999984741211,82.1500015258789,187457
2022-02-10,78.9000015258789,78.9000015258789,83.0,78.19999694824219,81.75,110415
2022-02-11,77.55000305175781,77.55000305175781,79.3499984741211,75.6500015258789,78.75,90291
2022-02-14,72.1500015258789,72.1500015258789,77.80000305175781,71.0,77.80000305175781,132008
2022-02-15,74.4000015258789,74.4000015258789,75.0,68.5,74.9000015258789,136774
2022-02-16,77.0999984741211,77.0999984741211,83.19999694824219,74.0999984741211,76.80000305175781,218826
2022-02-17,76.30000305175781,76.30000305175781,80.0,75.6500015258789,77.0999984741211,98765
2022-02-18,75.0,75.0,78.19999694824219,74.5999984741211,75.9000015258789,48488
2022-02-21,72.69999694824219,72.69999694824219,74.5999984741211,71.5999984741211,74.5999984741211,94443
2022-02-22,69.4000015258789,69.4000015258789,71.0,66.5999984741211,71.0,112421
2022-02-23,69.25,69.25,72.44999694824219,68.30000305175781,69.4000015258789,91136
2022-02-24,62.75,62.75,69.6500015258789,62.04999923706055,68.19999694824219,151928
2022-02-25,67.4000015258789,67.4000015258789,69.0,64.05000305175781,66.75,118671
2022-02-28,67.6500015258789,67.6500015258789,69.0,65.0999984741211,67.5999984741211,52255
2022-03-02,67.5999984741211,67.5999984741211,70.30000305175781,66.44999694824219,67.0999984741211,70643
2022-03-03,76.1500015258789,76.1500015258789,80.94999694824219,67.5999984741211,67.5999984741211,524873
2022-03-04,74.0,74.0,77.9000015258789,70.80000305175781,75.3499984741211,202254
2022-03-07,73.1500015258789,73.1500015258789,75.44999694824219,70.3499984741211,71.5,101597
2022-03-08,73.55000305175781,73.55000305175781,75.0,71.4000015258789,72.1500015258789,50372
2022-03-09,73.94999694824219,73.94999694824219,77.44999694824219,73.30000305175781,74.3499984741211,54397
2022-03-10,77.94999694824219,77.94999694824219,79.9000015258789,75.80000305175781,76.5,295530
2022-03-11,79.5999984741211,79.5999984741211,81.75,78.0,79.5,171392
2022-03-14,83.0,83.0,85.44999694824219,79.69999694824219,81.0,266263
2022-03-15,78.4000015258789,78.4000015258789,86.30000305175781,76.6500015258789,85.0,456356
2022-03-16,77.94999694824219,77.94999694824219,82.3499984741211,76.30000305175781,80.5,205594
2022-03-17,82.25,82.25,84.4000015258789,78.5,79.05000305175781,409809
2022-03-21,80.9000015258789,80.9000015258789,83.55000305175781,79.94999694824219,82.25,121332
2022-03-22,80.5999984741211,80.5999984741211,83.5,80.05000305175781,81.5999984741211,104970
2022-03-23,82.0,82.0,84.80000305175781,79.0,81.0,331063
2022-03-24,80.6500015258789,80.6500015258789,82.9000015258789,80.0,80.4000015258789,81011
2022-03-25,78.75,78.75,81.30000305175781,77.5,80.0999984741211,182138
2022-03-28,78.44999694824219,78.44999694824219,79.25,76.0999984741211,78.94999694824219,95845
2022-03-29,77.0999984741211,77.0999984741211,78.8499984741211,76.6500015258789,77.5,39902
2022-03-30,77.3499984741211,77.3499984741211,81.0,76.44999694824219,81.0,59924
2022-03-31,76.8499984741211,76.8499984741211,78.9000015258789,76.6500015258789,77.5999984741211,68455
2022-04-01,79.75,79.75,81.0,76.55000305175781,77.1500015258789,59683
2022-04-04,80.0999984741211,80.0999984741211,81.9000015258789,79.1500015258789,81.8499984741211,74131
2022-04-05,81.05000305175781,81.05000305175781,81.69999694824219,78.44999694824219,80.8499984741211,89896
2022-04-06,97.25,97.25,97.25,80.05000305175781,81.0,1602978
2022-04-07,100.8499984741211,100.8499984741211,108.8499984741211,97.30000305175781,103.0,2122149
2022-04-08,100.5999984741211,100.5999984741211,105.5,99.0,102.0,556426
2022-04-11,97.94999694824219,97.94999694824219,100.5,97.0,100.44999694824219,165670
2022-04-12,95.19999694824219,95.19999694824219,97.44999694824219,94.0999984741211,96.0999984741211,142389
2022-04-13,100.55000305175781,100.55000305175781,104.9000015258789,95.19999694824219,95.19999694824219,548431
2022-04-18,98.80000305175781,98.80000305175781,100.25,97.5,99.4000015258789,120058
2022-04-19,92.0999984741211,92.0999984741211,102.44999694824219,88.0,101.80000305175781,272768
2022-04-20,93.69999694824219,93.69999694824219,96.5,92.0999984741211,95.0,150288
2022-04-21,95.0,95.0,97.4000015258789,93.69999694824219,95.5999984741211,87260
2022-04-22,96.3499984741211,96.3499984741211,99.30000305175781,94.19999694824219,95.3499984741211,183172
2022-04-25,93.75,93.75,95.9000015258789,92.75,94.44999694824219,114588
2022-04-26,92.1500015258789,92.1500015258789,96.69999694824219,91.5,94.9000015258789,147719
2022-04-27,91.6500015258789,91.6500015258789,94.44999694824219,91.0,92.0,139146
2022-04-28,92.5,92.5,99.5,91.0,95.5,341915
2022-04-29,90.05000305175781,90.05000305175781,94.9000015258789,88.6500015258789,94.19999694824219,204037
2022-05-02,88.3499984741211,88.3499984741211,90.94999694824219,87.8499984741211,89.69999694824219,72148
2022-05-04,87.3499984741211,87.3499984741211,91.69999694824219,85.5,88.69999694824219,114741
2022-05-05,85.0,85.0,89.19999694824219,84.19999694824219,88.19999694824219,72325
2022-05-06,81.94999694824219,81.94999694824219,84.69999694824219,80.5999984741211,84.69999694824219,133810
2022-05-09,79.05000305175781,79.05000305175781,81.75,77.8499984741211,79.6500015258789,82581
2022-05-10,78.25,78.25,82.1500015258789,77.80000305175781,79.19999694824219,61087
2022-05-11,78.44999694824219,78.44999694824219,80.55000305175781,76.75,78.25,124624
2022-05-12,73.0,73.0,79.5,71.80000305175781,76.0,135147
2022-05-13,75.5,75.5,80.1500015258789,74.4000015258789,74.4000015258789,112556
2022-05-16,75.8499984741211,75.8499984741211,77.4000015258789,74.80000305175781,76.0,38468
2022-05-17,79.19999694824219,79.19999694824219,79.80000305175781,76.5,76.5,44256
2022-05-18,79.94999694824219,79.94999694824219,82.0,79.0,80.19999694824219,52059
2022-05-19,77.94999694824219,77.94999694824219,78.69999694824219,76.80000305175781,77.75,52643
2022-05-20,86.9000015258789,86.9000015258789,87.80000305175781,79.0,79.30000305175781,167665
2022-05-23,86.1500015258789,86.1500015258789,88.69999694824219,84.0999984741211,88.69999694824219,81383
2022-05-24,85.0999984741211,85.0999984741211,86.3499984741211,83.80000305175781,86.1500015258789,46329
2022-05-25,80.0999984741211,80.0999984741211,86.80000305175781,79.0999984741211,86.80000305175781,60009
2022-05-26,81.0999984741211,81.0999984741211,83.0,77.80000305175781,80.0999984741211,62574
2022-05-27,79.44999694824219,79.44999694824219,83.94999694824219,79.0,83.94999694824219,105001
2022-05-30,79.5999984741211,79.5999984741211,81.55000305175781,79.30000305175781,80.5,50163
2022-05-31,79.30000305175781,79.30000305175781,81.94999694824219,77.19999694824219,78.30000305175781,61615
2022-06-01,78.3499984741211,78.3499984741211,81.30000305175781,77.3499984741211,78.69999694824219,57134
2022-06-02,79.5,79.5,81.0,77.44999694824219,78.1500015258789,60574
2022-06-03,79.4000015258789,79.4000015258789,83.0,78.5999984741211,80.0,54929
2022-06-06,79.4000015258789,79.4000015258789,80.44999694824219,77.8499984741211,79.5999984741211,24582
2022-06-07,78.75,78.75,80.30000305175781,78.05000305175781,80.0,23233
2022-06-08,79.8499984741211,79.8499984741211,81.55000305175781,79.0,80.0,59530
2022-06-09,79.9000015258789,79.9000015258789,82.0,79.5,81.8499984741211,36667
2022-06-10,80.0,80.0,80.69999694824219,78.30000305175781,78.55000305175781,41335
2022-06-13,76.94999694824219,76.94999694824219,78.75,76.0999984741211,77.80000305175781,49070
2022-06-14,73.75,73.75,76.94999694824219,73.0,76.94999694824219,53404
2022-06-15,73.6500015258789,73.6500015258789,75.1500015258789,73.0999984741211,75.1500015258789,21511
2022-06-16,69.44999694824219,69.44999694824219,75.1500015258789,66.19999694824219,75.0,75923
2022-06-17,68.94999694824219,68.94999694824219,70.6500015258789,67.5,69.5,43262
2022-06-20,66.1500015258789,66.1500015258789,71.3499984741211,65.0,70.25,50527
2022-06-21,71.1500015258789,71.1500015258789,72.0,65.3499984741211,67.5,43789
2022-06-22,71.25,71.25,72.94999694824219,70.0,72.94999694824219,45607
2022-06-23,71.1500015258789,71.1500015258789,72.0,70.25,71.44999694824219,10748
2022-06-24,73.94999694824219,73.94999694824219,77.1500015258789,71.19999694824219,71.25,85266
2022-06-27,76.44999694824219,76.44999694824219,77.80000305175781,73.80000305175781,73.94999694824219,42554
2022-06-28,78.0999984741211,78.0999984741211,79.5999984741211,74.25,77.19999694824219,50574
2022-06-29,75.8499984741211,75.8499984741211,78.94999694824219,75.30000305175781,75.80000305175781,18025
2022-06-30,75.1500015258789,75.1500015258789,78.0,74.5999984741211,78.0,12773
2022-07-01,73.5,73.5,75.94999694824219,73.05000305175781,75.0999984741211,41812
2022-07-04,74.05000305175781,74.05000305175781,74.9000015258789,73.5,74.9000015258789,12107
2022-07-05,73.0,73.0,76.5,71.44999694824219,74.0999984741211,74711
2022-07-06,73.44999694824219,73.44999694824219,74.44999694824219,72.25,73.5,13992
2022-07-07,74.75,74.75,75.8499984741211,74.25,74.25,25128
2022-07-08,73.9000015258789,73.9000015258789,76.0,73.19999694824219,75.69999694824219,41084
2022-07-11,79.30000305175781,79.30000305175781,81.25,74.0,75.0,137380
2022-07-12,80.19999694824219,80.19999694824219,81.94999694824219,77.75,79.0,61284
2022-07-13,83.94999694824219,83.94999694824219,84.55000305175781,80.0,81.0,154408
2022-07-14,82.05000305175781,82.05000305175781,85.0,81.3499984741211,85.0,51129
2022-07-15,84.4000015258789,84.4000015258789,91.69999694824219,82.5,86.0,335686
2022-07-18,86.3499984741211,86.3499984741211,87.0,84.0,85.4000015258789,89493
2022-07-19,85.80000305175781,85.80000305175781,87.69999694824219,85.05000305175781,86.5999984741211,57816
2022-07-20,85.75,85.75,89.25,85.3499984741211,86.5,121979
2022-07-21,89.0,89.0,89.80000305175781,85.25,86.3499984741211,135309
2022-07-22,87.05000305175781,87.05000305175781,89.44999694824219,86.44999694824219,88.5,79387
2022-07-25,94.5999984741211,94.5999984741211,97.94999694824219,86.80000305175781,87.80000305175781,292690
2022-07-26,91.19999694824219,91.19999694824219,96.80000305175781,90.19999694824219,95.5,193207
2022-07-27,89.55000305175781,89.55000305175781,92.44999694824219,89.0,91.94999694824219,67094
2022-07-28,90.3499984741211,90.3499984741211,93.0,89.05000305175781,90.69999694824219,103322
2022-07-29,88.80000305175781,88.80000305175781,91.5999984741211,87.55000305175781,91.5999984741211,144041
2022-08-01,91.44999694824219,91.44999694824219,93.25,89.0,89.44999694824219,168686
2022-08-02,90.25,90.25,91.9000015258789,89.69999694824219,91.5,57941
2022-08-03,89.75,89.75,92.5,88.05000305175781,90.0,95503
2022-08-04,92.80000305175781,92.80000305175781,95.80000305175781,90.4000015258789,90.4000015258789,325676
2022-08-05,91.30000305175781,91.30000305175781,94.94999694824219,90.30000305175781,93.5,58990
2022-08-08,92.6500015258789,92.6500015258789,94.69999694824219,91.0,91.0,82080
2022-08-10,102.30000305175781,102.30000305175781,106.0,91.0999984741211,93.0,895671
2022-08-11,93.44999694824219,93.44999694824219,108.05000305175781,92.5999984741211,104.94999694824219,878472
2022-08-12,85.9000015258789,85.9000015258789,92.0,85.4000015258789,91.0,465204
2022-08-16,83.05000305175781,83.05000305175781,86.8499984741211,82.3499984741211,86.8499984741211,162690
2022-08-17,86.4000015258789,86.4000015258789,88.6500015258789,83.5,83.5,148121
2022-08-18,87.55000305175781,87.55000305175781,88.5,86.0999984741211,86.4000015258789,116998
2022-08-19,87.1500015258789,87.1500015258789,89.6500015258789,85.5999984741211,87.55000305175781,129210
2022-08-22,85.80000305175781,85.80000305175781,87.1500015258789,85.05000305175781,87.0999984741211,49526
2022-08-23,85.05000305175781,85.05000305175781,87.0999984741211,84.5999984741211,85.0999984741211,56593
2022-08-24,87.6500015258789,87.6500015258789,89.9000015258789,85.05000305175781,85.19999694824219,154342
2022-08-25,89.6500015258789,89.6500015258789,92.6500015258789,88.80000305175781,88.80000305175781,170227
2022-08-26,98.0999984741211,98.0999984741211,99.80000305175781,89.19999694824219,90.44999694824219,647305
2022-08-29,117.69999694824219,117.69999694824219,117.69999694824219,94.0,97.0,2115739
2022-08-30,124.05000305175781,124.05000305175781,128.0,118.05000305175781,122.0,2453676
2022-09-01,126.55000305175781,126.55000305175781,129.0,122.0999984741211,125.0,493122
2022-09-02,139.1999969482422,139.1999969482422,139.1999969482422,130.0,130.0,792176
2022-09-05,130.1999969482422,130.1999969482422,145.4499969482422,128.0,141.8000030517578,814928
2022-09-06,131.75,131.75,134.64999389648438,123.0,131.60000610351562,556223
2022-09-07,134.6999969482422,134.6999969482422,136.0,128.0,131.9499969482422,221116
2022-09-08,130.64999389648438,130.64999389648438,136.6999969482422,130.0,136.6999969482422,143722
2022-09-09,128.3000030517578,128.3000030517578,132.0,124.0,131.9499969482422,242263
2022-09-12,132.5500030517578,132.5500030517578,134.39999389648438,128.0,129.89999389648438,207398
2022-09-13,130.5500030517578,130.5500030517578,134.0,128.0,132.5500030517578,59526
2022-09-14,125.30000305175781,125.30000305175781,129.8000030517578,125.0,126.0,87822
2022-09-15,123.69999694824219,123.69999694824219,131.3000030517578,123.0,125.9000015258789,48510
2022-09-16,118.55000305175781,118.55000305175781,125.69999694824219,117.55000305175781,125.69999694824219,85458
2022-09-19,117.69999694824219,117.69999694824219,120.80000305175781,113.19999694824219,120.80000305175781,46157
2022-09-20,116.5999984741211,116.5999984741211,120.8499984741211,113.5999984741211,113.5999984741211,41354
2022-09-21,112.94999694824219,112.94999694824219,117.9000015258789,111.5,117.8499984741211,39036
2022-09-22,110.80000305175781,110.80000305175781,114.0,109.0,112.5,42990
2022-09-23,111.0,111.0,115.0,109.0999984741211,110.94999694824219,37728
2022-09-26,106.0,106.0,109.94999694824219,105.44999694824219,105.5,65446
2022-09-27,103.5999984741211,103.5999984741211,108.75,101.0,107.94999694824219,49741
2022-09-28,103.55000305175781,103.55000305175781,107.75,100.05000305175781,101.80000305175781,25237
2022-09-29,102.5,102.5,106.6500015258789,100.0999984741211,106.5,29444
2022-09-30,104.25,104.25,106.25,101.6500015258789,106.25,12894
2022-10-03,109.44999694824219,109.44999694824219,109.44999694824219,102.44999694824219,104.94999694824219,30169
2022-10-04,113.05000305175781,113.05000305175781,113.80000305175781,108.6500015258789,113.80000305175781,49781
2022-10-06,111.8499984741211,111.8499984741211,116.0,109.8499984741211,116.0,55054
2022-10-07,109.19999694824219,109.19999694824219,113.69999694824219,108.30000305175781,113.69999694824219,30602
2022-10-10,106.5,106.5,112.80000305175781,104.0,108.69999694824219,47045
2022-10-11,108.5,108.5,111.4000015258789,105.0,106.94999694824219,36625
2022-10-12,105.30000305175781,105.30000305175781,109.4000015258789,103.0999984741211,106.3499984741211,23888
2022-10-13,106.5,106.5,108.0,104.05000305175781,104.05000305175781,21798
2022-10-14,105.0,105.0,108.6500015258789,104.0,108.6500015258789,25237
2022-10-17,104.5,104.5,106.5999984741211,101.4000015258789,106.5999984741211,26528
2022-10-18,104.25,104.25,107.9000015258789,103.0,104.5,23407
2022-10-19,105.69999694824219,105.69999694824219,107.25,103.30000305175781,104.94999694824219,15615
2022-10-20,110.55000305175781,110.55000305175781,110.94999694824219,105.0,105.44999694824219,63484
2022-10-21,116.05000305175781,116.05000305175781,116.05000305175781,114.9000015258789,115.9000015258789,87751
2022-10-24,121.8499984741211,121.8499984741211,121.8499984741211,120.0,120.0,53751
2022-10-25,115.80000305175781,115.80000305175781,120.80000305175781,115.80000305175781,120.80000305175781,41969
2022-10-27,112.9000015258789,112.9000015258789,115.80000305175781,110.05000305175781,115.0,75871
2022-10-28,113.19999694824219,113.19999694824219,113.94999694824219,111.0,112.94999694824219,38631
2022-10-31,111.05000305175781,111.05000305175781,115.4000015258789,110.0,115.4000015258789,29825
2022-11-01,111.19999694824219,111.19999694824219,115.0,109.5,113.44999694824219,23787
2022-11-02,110.8499984741211,110.8499984741211,116.75,110.0,110.0,23882
2022-11-03,111.0,111.0,113.80000305175781,110.05000305175781,110.05000305175781,18564
2022-11-04,109.5999984741211,109.5999984741211,112.44999694824219,107.5,112.44999694824219,21215
2022-11-07,109.8499984741211,109.8499984741211,112.80000305175781,107.4000015258789,110.6500015258789,15647
2022-11-09,115.30000305175781,115.30000305175781,115.30000305175781,109.0,109.4000015258789,62269
2022-11-10,112.0,112.0,115.9000015258789,110.80000305175781,115.0,57184
2022-11-11,110.9000015258789,110.9000015258789,114.9000015258789,110.0,114.0,12862
2022-11-14,109.5999984741211,109.5999984741211,113.80000305175781,109.0,113.1500015258789,19775
2022-11-15,108.94999694824219,108.94999694824219,112.0,108.0,112.0,31073
2022-11-16,108.4000015258789,108.4000015258789,110.94999694824219,108.0,108.94999694824219,10573
2022-11-17,107.55000305175781,107.55000305175781,109.9000015258789,104.5,109.9000015258789,23455
2022-11-18,107.0,107.0,107.69999694824219,105.0,107.0,22639
2022-11-21,106.05000305175781,106.05000305175781,109.0,103.5999984741211,107.0,14855
2022-11-22,101.9000015258789,101.9000015258789,108.80000305175781,100.75,107.0,98813
2022-11-23,100.69999694824219,100.69999694824219,104.4000015258789,99.5999984741211,103.69999694824219,32502
2022-11-24,103.44999694824219,103.44999694824219,103.69999694824219,99.0,102.25,26666
2022-11-25,102.75,102.75,104.5,101.0,102.0,23582
2022-11-28,102.8499984741211,102.8499984741211,103.5,100.19999694824219,101.0,24735
2022-11-29,101.9000015258789,101.9000015258789,102.8499984741211,100.19999694824219,102.8499984741211,29360
2022-11-30,101.0999984741211,101.0999984741211,103.0,100.75,102.69999694824219,34200
2022-12-01,103.5,103.5,104.0,102.0,102.0,23257
2022-12-02,103.80000305175781,103.80000305175781,104.94999694824219,102.19999694824219,104.94999694824219,15119
2022-12-05,103.94999694824219,103.94999694824219,105.8499984741211,101.3499984741211,105.8499984741211,23605
2022-12-06,109.0999984741211,109.0999984741211,109.0999984741211,104.0,104.0,81980
2022-12-07,107.55000305175781,107.55000305175781,113.0,106.5,109.0999984741211,76525
2022-12-08,106.4000015258789,106.4000015258789,110.0,106.0,110.0,16153
2022-12-09,104.0,104.0,106.25,102.19999694824219,105.55000305175781,45997
2022-12-12,105.5999984741211,105.5999984741211,107.19999694824219,103.05000305175781,106.0,30948
2022-12-13,101.5999984741211,101.5999984741211,106.0,100.8499984741211,104.19999694824219,124489
2022-12-14,103.1500015258789,103.1500015258789,106.1500015258789,100.8499984741211,104.4000015258789,70076
2022-12-15,103.19999694824219,103.19999694824219,105.69999694824219,102.30000305175781,102.30000305175781,28574
2022-12-16,106.0999984741211,106.0999984741211,107.3499984741211,103.69999694824219,104.44999694824219,108715
2022-12-19,104.0999984741211,104.0999984741211,109.0,103.80000305175781,106.0999984741211,77047
2022-12-20,102.5999984741211,102.5999984741211,106.9000015258789,101.5999984741211,106.9000015258789,93477
2022-12-21,101.3499984741211,101.3499984741211,104.5,100.55000305175781,104.0,64533
2022-12-22,97.6500015258789,97.6500015258789,104.6500015258789,97.19999694824219,104.6500015258789,68727
2022-12-23,92.80000305175781,92.80000305175781,97.0,92.80000305175781,95.25,62661
2022-12-26,96.0999984741211,96.0999984741211,97.4000015258789,91.3499984741211,95.19999694824219,48947
2022-12-27,97.8499984741211,97.8499984741211,99.5,95.25,99.5,38728
2022-12-28,101.30000305175781,101.30000305175781,102.69999694824219,96.5,98.0,34958
2022-12-29,103.0999984741211,103.0999984741211,106.0,100.0,101.5,61462
2022-12-30,105.0999984741211,105.0999984741211,107.94999694824219,103.0999984741211,104.9000015258789,51706
2023-01-02,108.9000015258789,108.9000015258789,110.0,105.5,107.5,126710
2023-01-03,107.9000015258789,107.9000015258789,109.9000015258789,107.3499984741211,109.9000015258789,53556
2023-01-04,109.8499984741211,109.8499984741211,111.0,106.0999984741211,107.5999984741211,99514
2023-01-05,109.19999694824219,109.19999694824219,111.19999694824219,107.0,111.0,43934
2023-01-06,109.25,109.25,110.3499984741211,107.69999694824219,110.3499984741211,29176
2023-01-09,114.69999694824219,114.69999694824219,114.69999694824219,107.6500015258789,110.5,134384
2023-01-10,120.4000015258789,120.4000015258789,120.4000015258789,120.4000015258789,120.4000015258789,63660
2023-01-11,114.4000015258789,114.4000015258789,121.8499984741211,114.4000015258789,120.80000305175781,164892
2023-01-12,120.0999984741211,120.0999984741211,120.0999984741211,110.6500015258789,111.5999984741211,313276
2023-01-13,121.4000015258789,121.4000015258789,124.9000015258789,119.0,123.0,230292
2023-01-16,119.19999694824219,119.19999694824219,124.5999984741211,118.80000305175781,124.0,94964
2023-01-17,121.1500015258789,121.1500015258789,122.75,115.30000305175781,120.0,60096
2023-01-18,118.1500015258789,118.1500015258789,121.80000305175781,117.75,119.0999984741211,57028
2023-01-19,118.19999694824219,118.19999694824219,119.4000015258789,116.9000015258789,118.1500015258789,59989
2023-01-20,118.0999984741211,118.0999984741211,119.5999984741211,117.0999984741211,119.5999984741211,35263
2023-01-23,114.05000305175781,114.05000305175781,119.05000305175781,112.44999694824219,119.0,39112
2023-01-24,114.05000305175781,114.05000305175781,117.0,113.5999984741211,117.0,35168
2023-01-25,112.5,112.5,115.9000015258789,111.1500015258789,115.9000015258789,45880
2023-01-27,109.44999694824219,109.44999694824219,113.0,106.9000015258789,113.0,77298
2023-01-30,110.30000305175781,110.30000305175781,112.94999694824219,109.05000305175781,109.05000305175781,38664
2023-01-31,113.4000015258789,113.4000015258789,114.0,109.8499984741211,111.0,22706
2023-02-01,110.5,110.5,115.75,110.0999984741211,114.6500015258789,42004
2023-02-02,110.44999694824219,110.44999694824219,114.5,109.1500015258789,109.1500015258789,51616
2023-02-03,110.5,110.5,112.8499984741211,108.55000305175781,112.8499984741211,31098
2023-02-06,109.94999694824219,109.94999694824219,112.5999984741211,109.19999694824219,111.0999984741211,16776
2023-02-07,110.5,110.5,113.0,108.75,108.75,30585
2023-02-08,110.9000015258789,110.9000015258789,111.80000305175781,110.19999694824219,110.9000015258789,14743
2023-02-09,114.1500015258789,114.1500015258789,116.30000305175781,111.5,111.9000015258789,56614
2023-02-10,114.3499984741211,114.3499984741211,118.0,112.75,114.0999984741211,55525
2023-02-13,114.0,114.0,115.0,112.0,112.1500015258789,29732
2023-02-14,114.94999694824219,114.94999694824219,124.0,111.5999984741211,114.1500015258789,185926
2023-02-15,112.4000015258789,112.4000015258789,115.94999694824219,110.6500015258789,115.94999694824219,69217
2023-02-16,114.3499984741211,114.3499984741211,119.9000015258789,112.5999984741211,116.0,110258
2023-02-17,115.75,115.75,116.94999694824219,112.75,112.75,53444
2023-02-20,115.3499984741211,115.3499984741211,118.4000015258789,114.05000305175781,116.5,51702
2023-02-21,115.4000015258789,115.4000015258789,119.0,114.25,117.0,45410
2023-02-22,112.80000305175781,112.80000305175781,116.0,111.25,115.0,62826
2023-02-23,113.0999984741211,113.0999984741211,114.0,111.5,112.5,31429
2023-02-24,114.0,114.0,116.0,112.75,113.3499984741211,35810
2023-02-27,110.6500015258789,110.6500015258789,115.9000015258789,109.80000305175781,115.9000015258789,52284
2023-02-28,109.19999694824219,109.19999694824219,113.30000305175781,108.25,111.1500015258789,31519
2023-03-01,110.75,110.75,112.5,109.25,109.4000015258789,33822
2023-03-02,114.5999984741211,114.5999984741211,115.75,110.0999984741211,112.5,44819
2023-03-03,112.75,112.75,115.75,112.1500015258789,115.0,37170
2023-03-06,112.3499984741211,112.3499984741211,114.55000305175781,111.5,114.4000015258789,29306
2023-03-08,117.5,117.5,118.5,114.3499984741211,114.5,165521
2023-03-09,129.25,129.25,129.25,118.0,119.0,524112
2023-03-10,130.35000610351562,130.35000610351562,138.5,129.25,133.0,474388
2023-03-13,123.6500015258789,123.6500015258789,133.89999389648438,122.55000305175781,133.8000030517578,247606
2023-03-14,119.5,119.5,124.80000305175781,115.1500015258789,121.80000305175781,134635
2023-03-15,122.1500015258789,122.1500015258789,123.9000015258789,117.44999694824219,122.0,85149
2023-03-16,121.1500015258789,121.1500015258789,126.19999694824219,116.5999984741211,121.5,162252
2023-03-17,120.30000305175781,120.30000305175781,124.80000305175781,119.80000305175781,122.94999694824219,115537
2023-03-20,115.3499984741211,115.3499984741211,121.4000015258789,114.05000305175781,118.75,114815
2023-03-21,114.9000015258789,114.9000015258789,118.9000015258789,111.3499984741211,117.0,133740
2023-03-22,121.55000305175781,121.55000305175781,124.75,115.30000305175781,115.30000305175781,218053
2023-03-23,115.8499984741211,115.8499984741211,123.55000305175781,114.9000015258789,123.3499984741211,247039
2023-03-24,112.3499984741211,112.3499984741211,117.80000305175781,111.69999694824219,117.5999984741211,272078
2023-03-27,110.19999694824219,110.19999694824219,114.1500015258789,108.75,113.0,79531
2023-03-28,105.44999694824219,105.44999694824219,110.05000305175781,104.0,109.80000305175781,125889
2023-03-29,107.44999694824219,107.44999694824219,109.4000015258789,104.0999984741211,104.0999984741211,108585
2023-03-31,110.0,110.0,111.9000015258789,108.80000305175781,108.80000305175781,64688
2023-04-03,112.5999984741211,112.5999984741211,113.5,108.1500015258789,112.1500015258789,63213
2023-04-05,113.3499984741211,113.3499984741211,114.1500015258789,111.5,112.5999984741211,79081
2023-04-06,116.30000305175781,116.30000305175781,118.5999984741211,113.05000305175781,115.05000305175781,119849
2023-04-10,119.19999694824219,119.19999694824219,123.0,113.8499984741211,116.30000305175781,179117
2023-04-11,123.44999694824219,123.44999694824219,127.0,119.80000305175781,122.19999694824219,352810
2023-04-12,126.30000305175781,126.30000305175781,133.3000030517578,120.05000305175781,124.8499984741211,494348
2023-04-13,132.0,132.0,135.0,123.8499984741211,126.5999984741211,520168
2023-04-17,132.60000610351562,132.60000610351562,135.60000610351562,129.89999389648438,132.0,199873
2023-04-18,133.75,133.75,137.3000030517578,132.0,134.6999969482422,152424
2023-04-19,132.5500030517578,132.5500030517578,135.3000030517578,130.14999389648438,133.64999389648438,90201
2023-04-20,131.89999389648438,131.89999389648438,134.89999389648438,131.0,134.89999389648438,77040
2023-04-21,126.1500015258789,126.1500015258789,133.25,125.4000015258789,131.8000030517578,123929
2023-04-24,128.5,128.5,132.9499969482422,126.6500015258789,128.0,119305
2023-04-25,128.9499969482422,128.9499969482422,131.14999389648438,128.14999389648438,129.8000030517578,79800
2023-04-26,128.85000610351562,128.85000610351562,133.89999389648438,128.0,129.0,130233
2023-04-27,127.19999694824219,127.19999694824219,130.5,126.55000305175781,129.9499969482422,67579
2023-04-28,130.4499969482422,130.4499969482422,134.35000610351562,126.05000305175781,128.4499969482422,157369
2023-05-02,147.25,147.25,148.89999389648438,131.39999389648438,131.39999389648438,1619018
2023-05-03,150.75,150.75,156.64999389648438,143.10000610351562,146.5500030517578,1373999
2023-05-04,149.35000610351562,149.35000610351562,155.85000610351562,148.0,150.0,401454
2023-05-05,144.60000610351562,144.60000610351562,151.60000610351562,143.5,151.60000610351562,185746
2023-05-08,152.10000610351562,152.10000610351562,166.3000030517578,145.85000610351562,145.85000610351562,1636443
2023-05-09,152.75,152.75,156.10000610351562,147.8000030517578,152.9499969482422,467196
2023-05-10,156.14999389648438,156.14999389648438,159.5,148.6999969482422,153.89999389648438,365310
2023-05-11,153.6999969482422,153.6999969482422,159.85000610351562,153.10000610351562,156.0,211060
2023-05-12,159.14999389648438,159.14999389648438,164.39999389648438,152.5500030517578,154.4499969482422,412123
2023-05-15,167.0,167.0,171.5500030517578,159.89999389648438,159.89999389648438,598662
2023-05-16,156.9499969482422,156.9499969482422,171.89999389648438,153.10000610351562,167.60000610351562,610871
2023-05-17,159.8000030517578,159.8000030517578,162.3000030517578,156.60000610351562,157.10000610351562,275565
2023-05-18,155.8000030517578,155.8000030517578,162.89999389648438,154.0,159.8000030517578,193439
2023-05-19,151.85000610351562,151.85000610351562,159.14999389648438,150.85000610351562,157.5500030517578,199807
2023-05-22,150.0,150.0,154.14999389648438,148.10000610351562,151.89999389648438,217374
2023-05-23,155.64999389648438,155.64999389648438,160.75,151.5,151.5,249232
2023-05-24,153.5500030517578,153.5500030517578,158.4499969482422,153.0,153.14999389648438,89903
2023-05-25,152.0,152.0,157.39999389648438,150.10000610351562,153.5,146527
2023-05-26,154.6999969482422,154.6999969482422,157.0,152.5,153.5,115700
2023-05-29,146.6999969482422,146.6999969482422,152.0,145.5,150.0,319238
2023-05-30,145.89999389648438,145.89999389648438,149.9499969482422,143.5500030517578,147.0500030517578,189857
2023-05-31,142.9499969482422,142.9499969482422,149.0500030517578,142.10000610351562,147.0,129481
2023-06-01,143.10000610351562,143.10000610351562,145.8000030517578,141.6999969482422,141.6999969482422,75843
2023-06-02,148.75,148.75,150.8000030517578,143.10000610351562,144.5,194850
2023-06-05,153.10000610351562,153.10000610351562,154.9499969482422,149.10000610351562,149.9499969482422,215434
2023-06-06,153.0,153.0,157.89999389648438,150.5,154.6999969482422,183875
2023-06-07,154.85000610351562,154.85000610351562,156.5,151.4499969482422,151.4499969482422,140287
2023-06-08,151.9499969482422,151.9499969482422,156.0500030517578,151.0500030517578,155.60000610351562,84334
2023-06-09,149.8000030517578,149.8000030517578,153.14999389648438,149.10000610351562,153.14999389648438,67050
2023-06-12,149.0500030517578,149.0500030517578,151.6999969482422,148.0,148.0500030517578,87147
2023-06-13,154.10000610351562,154.10000610351562,156.89999389648438,150.14999389648438,150.1999969482422,174729
2023-06-14,155.0,155.0,157.64999389648438,151.9499969482422,155.9499969482422,156114
2023-06-15,186.0,186.0,186.0,153.5500030517578,156.1999969482422,1661180
2023-06-16,208.6999969482422,208.6999969482422,219.0,202.0,202.0,5239483
2023-06-19,200.85000610351562,200.85000610351562,214.5,198.9499969482422,208.6999969482422,936170
2023-06-20,199.0500030517578,199.0500030517578,200.64999389648438,190.8000030517578,192.0,146497
2023-06-21,195.0500030517578,195.0500030517578,202.9499969482422,194.0,200.5,79280
2023-06-22,187.5,187.5,196.85000610351562,186.3000030517578,193.0,101436
2023-06-23,196.85000610351562,196.85000610351562,196.85000610351562,182.0,187.5,120981
2023-06-26,197.25,197.25,203.89999389648438,195.35000610351562,199.9499969482422,78240
2023-06-27,193.75,193.75,197.0,191.10000610351562,191.10000610351562,55834
2023-06-28,189.85000610351562,189.85000610351562,196.9499969482422,188.5,192.64999389648438,47632
2023-06-30,192.9499969482422,192.9499969482422,196.5,186.0,186.0,33617
2023-07-03,187.3000030517578,187.3000030517578,195.9499969482422,185.10000610351562,195.9499969482422,80702
2023-07-04,190.39999389648438,190.39999389648438,194.9499969482422,188.35000610351562,189.5,36353
2023-07-05,188.6999969482422,188.6999969482422,190.89999389648438,187.0,190.0,43119
2023-07-06,187.25,187.25,191.4499969482422,186.0,189.6999969482422,61378
2023-07-07,188.8000030517578,188.8000030517578,190.89999389648438,182.89999389648438,188.0,58828
2023-07-10,186.75,186.75,190.0,185.10000610351562,190.0,32307
2023-07-11,192.75,192.75,194.5,185.5,186.14999389648438,114713
2023-07-12,189.14999389648438,189.14999389648438,195.0,188.25,194.64999389648438,44037
2023-07-13,189.9499969482422,189.9499969482422,193.0,187.0,191.85000610351562,75211
2023-07-14,197.8000030517578,197.8000030517578,199.39999389648438,189.9499969482422,190.1999969482422,164532
2023-07-17,197.8000030517578,197.8000030517578,204.9499969482422,195.14999389648438,199.39999389648438,110206
2023-07-18,192.85000610351562,192.85000610351562,199.89999389648438,190.10000610351562,198.0,41922
2023-07-19,192.6999969482422,192.6999969482422,195.5,191.5,194.6999969482422,32251
2023-07-20,192.1999969482422,192.1999969482422,194.10000610351562,189.0,191.9499969482422,35095
2023-07-21,188.5,188.5,193.0,187.10000610351562,191.14999389648438,43567
2023-07-24,191.3000030517578,191.3000030517578,193.0,188.5,190.0,23994
2023-07-25,190.3000030517578,190.3000030517578,192.85000610351562,189.0500030517578,189.10000610351562,21390
2023-07-26,189.35000610351562,189.35000610351562,194.0,185.5500030517578,185.5500030517578,24088
2023-07-27,189.5500030517578,189.5500030517578,193.0,188.5,193.0,15599
2023-07-28,189.1999969482422,189.1999969482422,192.4499969482422,185.0,190.0,38794
2023-07-31,192.8000030517578,192.8000030517578,193.1999969482422,189.10000610351562,191.0,34496
2023-08-01,199.6999969482422,199.6999969482422,202.0,192.0,194.0,136350
2023-08-02,197.9499969482422,197.9499969482422,207.89999389648438,195.10000610351562,207.89999389648438,73789
2023-08-03,199.0500030517578,199.0500030517578,202.0,193.60000610351562,195.1999969482422,59730
2023-08-04,197.1999969482422,197.1999969482422,201.9499969482422,195.0,201.0,46765
2023-08-07,197.60000610351562,197.60000610351562,200.39999389648438,195.0500030517578,200.39999389648438,30779
2023-08-08,198.4499969482422,198.4499969482422,199.5,195.3000030517578,198.9499969482422,20128
2023-08-09,201.0500030517578,201.0500030517578,202.0,196.10000610351562,199.85000610351562,41883
2023-08-10,198.8000030517578,198.8000030517578,210.0,197.89999389648438,203.9499969482422,151762
2023-08-11,192.1999969482422,192.1999969482422,200.89999389648438,190.4499969482422,193.10000610351562,88577
2023-08-14,184.1999969482422,184.1999969482422,192.0,182.6999969482422,190.0,140719
2023-08-16,183.35000610351562,183.35000610351562,190.9499969482422,180.0,180.35000610351562,70085
2023-08-17,184.35000610351562,184.35000610351562,187.0,178.0,184.89999389648438,27936
2023-08-18,184.60000610351562,184.60000610351562,187.9499969482422,182.0,185.5,40760
2023-08-21,183.3000030517578,183.3000030517578,186.6999969482422,182.5,184.60000610351562,18461
2023-08-22,181.0,181.0,184.1999969482422,176.0,183.3000030517578,63360
2023-08-23,183.60000610351562,183.60000610351562,185.0,176.10000610351562,179.0500030517578,54412
2023-08-24,180.35000610351562,180.35000610351562,187.3000030517578,179.89999389648438,184.39999389648438,40794
2023-08-25,179.39999389648438,179.39999389648438,181.35000610351562,179.0,180.39999389648438,23532
2023-08-28,179.8000030517578,179.8000030517578,184.8000030517578,175.10000610351562,181.0,33785
2023-08-29,177.6999969482422,177.6999969482422,183.0,176.5,179.8000030517578,27367
2023-08-30,181.39999389648438,181.39999389648438,182.9499969482422,178.0,180.0,19146
2023-08-31,182.4499969482422,182.4499969482422,184.25,180.0,184.0,26311
2023-09-01,183.75,183.75,184.5,178.0,184.35000610351562,33696
2023-09-04,179.75,179.75,181.10000610351562,175.5,178.25,91065
2023-09-05,180.85000610351562,180.85000610351562,182.0,178.1999969482422,180.6999969482422,38828
2023-09-06,181.1999969482422,181.1999969482422,183.9499969482422,178.89999389648438,183.9499969482422,37982
2023-09-07,182.25,182.25,184.5,180.1999969482422,181.9499969482422,38431
2023-09-08,179.6999969482422,179.6999969482422,184.6999969482422,179.10000610351562,182.25,81202
2023-09-11,188.64999389648438,188.64999389648438,188.64999389648438,180.85000610351562,182.4499969482422,53892
2023-09-12,185.39999389648438,185.39999389648438,195.9499969482422,179.25,191.9499969482422,128841
2023-09-13,194.64999389648438,194.64999389648438,194.64999389648438,184.5,184.89999389648438,116301
2023-09-14,196.3000030517578,196.3000030517578,204.0,195.0,200.0,92852
2023-09-15,190.14999389648438,190.14999389648438,199.0,189.0,199.0,48995
2023-09-18,189.4499969482422,189.4499969482422,192.6999969482422,187.0,192.6999969482422,49264
2023-09-20,186.9499969482422,186.9499969482422,190.89999389648438,186.10000610351562,190.89999389648438,19108
2023-09-21,190.0,190.0,193.8000030517578,186.9499969482422,189.8000030517578,38998
2023-09-22,193.8000030517578,193.8000030517578,194.89999389648438,188.39999389648438,192.75,57315
2023-09-25,210.64999389648438,210.64999389648438,224.25,202.0,203.0,810308
2023-09-26,203.5500030517578,203.5500030517578,214.5,200.0500030517578,214.0,161396
2023-09-27,203.1999969482422,203.1999969482422,207.4499969482422,198.0,201.0,112107
2023-09-28,201.75,201.75,210.0,200.25,200.25,110781
2023-09-29,201.0500030517578,201.0500030517578,204.75,200.5,202.10000610351562,43524
2023-10-03,208.0,208.0,213.3000030517578,200.85000610351562,201.0500030517578,222080
2023-10-04,213.8000030517578,213.8000030517578,216.85000610351562,206.10000610351562,208.89999389648438,313376
2023-10-05,225.0,225.0,226.9499969482422,212.60000610351562,216.0,557177
2023-10-06,231.5,231.5,234.4499969482422,224.64999389648438,225.9499969482422,431358
2023-10-09,225.0500030517578,225.0500030517578,230.1999969482422,221.89999389648438,225.0,202479
2023-10-10,237.5,237.5,244.5500030517578,224.0500030517578,225.14999389648438,472759
2023-10-11,234.60000610351562,234.60000610351562,243.75,232.8000030517578,239.39999389648438,219711
2023-10-12,230.0,230.0,245.39999389648438,227.0500030517578,236.85000610351562,173494
2023-10-13,230.35000610351562,230.35000610351562,235.35000610351562,228.0500030517578,232.5500030517578,107668
2023-10-16,225.85000610351562,225.85000610351562,238.60000610351562,225.0,232.10000610351562,78588
2023-10-17,241.9499969482422,241.9499969482422,243.89999389648438,227.14999389648438,228.0,486576
2023-10-18,236.5500030517578,236.5500030517578,247.89999389648438,232.5500030517578,244.35000610351562,226984
2023-10-19,235.85000610351562,235.85000610351562,239.1999969482422,233.14999389648438,236.10000610351562,114873
2023-10-20,233.10000610351562,233.10000610351562,236.75,232.5,235.8000030517578,70036
2023-10-23,223.10000610351562,223.10000610351562,236.64999389648438,220.10000610351562,234.9499969482422,146775
2023-10-25,230.5500030517578,230.5500030517578,233.0,213.39999389648438,223.89999389648438,203081
2023-10-26,224.35000610351562,224.35000610351562,229.4499969482422,215.0,225.10000610351562,174761
2023-10-27,235.9499969482422,235.9499969482422,237.60000610351562,225.75,234.0,141533
2023-10-30,248.9499969482422,248.9499969482422,264.0,232.14999389648438,235.0500030517578,809773
2023-10-31,245.64999389648438,245.64999389648438,259.95001220703125,244.10000610351562,250.5,226175
2023-11-01,251.39999389648438,251.39999389648438,254.0,245.85000610351562,246.89999389648438,112655
2023-11-02,256.79998779296875,256.79998779296875,264.6000061035156,253.0,253.0,215207
2023-11-03,259.3500061035156,259.3500061035156,263.0,255.5500030517578,258.8500061035156,88147
2023-11-06,257.0,257.0,267.45001220703125,255.10000610351562,261.3500061035156,114933
2023-11-07,254.14999389648438,254.14999389648438,258.8500061035156,252.0,257.5,49669
2023-11-08,257.0,257.0,259.95001220703125,253.3000030517578,254.5,42977
2023-11-09,251.60000610351562,251.60000610351562,258.0,250.0500030517578,257.0,32329
2023-11-10,254.1999969482422,254.1999969482422,263.29998779296875,248.10000610351562,253.0,90501
2023-11-13,255.35000610351562,255.35000610351562,268.6499938964844,253.8000030517578,260.0,175798
2023-11-15,255.89999389648438,255.89999389648438,262.0,252.0500030517578,262.0,130504
2023-11-16,264.04998779296875,264.04998779296875,265.25,253.89999389648438,256.6000061035156,88856
2023-11-17,272.1499938964844,272.1499938964844,276.8999938964844,264.70001220703125,265.04998779296875,166676
2023-11-20,280.54998779296875,280.54998779296875,282.04998779296875,267.75,276.0,135636
2023-11-21,294.1000061035156,294.1000061035156,299.95001220703125,285.3500061035156,288.0,254100
2023-11-22,288.29998779296875,288.29998779296875,298.3500061035156,282.1499938964844,297.70001220703125,109487
2023-11-23,306.95001220703125,306.95001220703125,309.6000061035156,287.0,289.0,258755
2023-11-24,308.8999938964844,308.8999938964844,315.0,304.0,306.6000061035156,170533
2023-11-28,301.79998779296875,301.79998779296875,311.54998779296875,297.0,308.8999938964844,148082
2023-11-29,300.79998779296875,300.79998779296875,307.70001220703125,295.3999938964844,303.1499938964844,80312
2023-11-30,297.6499938964844,297.6499938964844,302.6000061035156,296.0,298.0,43085
2023-12-01,288.6000061035156,288.6000061035156,305.70001220703125,281.54998779296875,298.20001220703125,147720
2023-12-04,306.54998779296875,306.54998779296875,311.45001220703125,291.6499938964844,304.20001220703125,261783
2023-12-05,306.6000061035156,306.6000061035156,311.1000061035156,302.1000061035156,308.0,111576
2023-12-06,307.54998779296875,307.54998779296875,310.0,304.3500061035156,307.0,58689
2023-12-07,312.8500061035156,312.8500061035156,319.20001220703125,310.0,311.79998779296875,105164
2023-12-08,308.45001220703125,308.45001220703125,317.29998779296875,301.04998779296875,313.04998779296875,90621
2023-12-11,306.04998779296875,306.04998779296875,315.70001220703125,305.0,315.70001220703125,38233
2023-12-12,305.1499938964844,305.1499938964844,310.0,303.8999938964844,306.70001220703125,39112
2023-12-13,298.54998779296875,298.54998779296875,308.20001220703125,296.0,306.8999938964844,79122
2023-12-14,297.54998779296875,297.54998779296875,308.20001220703125,282.54998779296875,301.1000061035156,127381
2023-12-15,290.79998779296875,290.79998779296875,301.1000061035156,289.29998779296875,298.0,63738
2023-12-18,298.0,298.0,301.20001220703125,290.79998779296875,292.0,55162
2023-12-19,313.70001220703125,313.70001220703125,318.75,295.0,299.6000061035156,135033
2023-12-20,335.3999938964844,335.3999938964844,369.0,315.54998779296875,318.29998779296875,703356
2023-12-21,372.95001220703125,372.95001220703125,384.95001220703125,330.54998779296875,335.3999938964844,642982
2023-12-22,374.20001220703125,374.20001220703125,381.70001220703125,362.0,377.0,263230
2023-12-26,382.5,382.5,390.1000061035156,372.79998779296875,374.04998779296875,210747
2023-12-27,379.79998779296875,379.79998779296875,391.5,378.1000061035156,384.0,112896
2023-12-28,370.79998779296875,370.79998779296875,387.6499938964844,352.29998779296875,382.0,191129
2023-12-29,364.3500061035156,364.3500061035156,379.8999938964844,352.1000061035156,372.1499938964844,95229
2024-01-01,358.75,358.75,365.0,357.0,365.0,44225
2024-01-02,362.20001220703125,362.20001220703125,370.0,357.79998779296875,358.45001220703125,48058
2024-01-03,360.29998779296875,360.29998779296875,368.70001220703125,358.6000061035156,363.6000061035156,36652
2024-01-04,360.3500061035156,360.3500061035156,369.1000061035156,357.54998779296875,360.29998779296875,55462
2024-01-05,359.3500061035156,359.3500061035156,365.8500061035156,358.04998779296875,360.3999938964844,45110
2024-01-08,393.04998779296875,393.04998779296875,413.3999938964844,373.79998779296875,391.0,493942
2024-01-09,383.75,383.75,401.0,381.1000061035156,401.0,119632
2024-01-10,376.0,376.0,393.70001220703125,371.0,384.1000061035156,88356
2024-01-11,382.8500061035156,382.8500061035156,388.95001220703125,373.25,379.25,95202
2024-01-12,378.6000061035156,378.6000061035156,385.0,376.0,382.0,35231
2024-01-15,372.3999938964844,372.3999938964844,380.6000061035156,363.29998779296875,375.5,75736
2024-01-16,359.3999938964844,359.3999938964844,375.95001220703125,346.6000061035156,372.3999938964844,106632
2024-01-17,353.1000061035156,353.1000061035156,363.54998779296875,351.0,355.04998779296875,50216
2024-01-18,357.3999938964844,357.3999938964844,358.95001220703125,340.0,354.95001220703125,66006
2024-01-19,363.95001220703125,363.95001220703125,367.8500061035156,359.95001220703125,360.25,51895
2024-01-23,341.5,341.5,367.0,340.0,362.70001220703125,84315
2024-01-24,346.6499938964844,346.6499938964844,356.0,341.79998779296875,348.3500061035156,37486
2024-01-25,344.25,344.25,354.79998779296875,342.04998779296875,343.29998779296875,32393
2024-01-29,346.25,346.25,359.0,344.04998779296875,357.0,39732
2024-01-30,355.79998779296875,355.79998779296875,369.95001220703125,340.0,348.0,90521
2024-01-31,352.25,352.25,359.95001220703125,349.0,358.0,57402
2024-02-01,353.1499938964844,353.1499938964844,361.0,351.3500061035156,361.0,37224
2024-02-02,368.75,368.75,372.95001220703125,353.1499938964844,353.1499938964844,110047
2024-02-05,375.0,375.0,393.0,366.54998779296875,371.0,145523
2024-02-06,379.79998779296875,379.79998779296875,383.95001220703125,368.04998779296875,377.0,73309
2024-02-07,370.6000061035156,370.6000061035156,382.29998779296875,364.6499938964844,379.79998779296875,54315
2024-02-08,374.79998779296875,374.79998779296875,381.6000061035156,367.04998779296875,372.8999938964844,56368
2024-02-09,380.25,380.25,394.45001220703125,365.79998779296875,374.79998779296875,154751
2024-02-12,376.75,376.75,394.95001220703125,360.20001220703125,388.95001220703125,172265
2024-02-13,357.75,357.75,385.3999938964844,337.5,384.0,163824
2024-02-14,362.1000061035156,362.1000061035156,364.5,344.8999938964844,355.45001220703125,35366
2024-02-15,363.54998779296875,363.54998779296875,373.0,362.0,369.95001220703125,46087
2024-02-16,353.25,353.25,374.20001220703125,350.0,369.95001220703125,69235
2024-02-19,355.1000061035156,355.1000061035156,362.6499938964844,350.04998779296875,350.04998779296875,37441
2024-02-20,358.1000061035156,358.1000061035156,359.0,352.3999938964844,358.5,26712
2024-02-21,349.20001220703125,349.20001220703125,361.3999938964844,347.1000061035156,358.3999938964844,23941
2024-02-22,333.8500061035156,333.8500061035156,353.20001220703125,330.1499938964844,353.20001220703125,199407
2024-02-23,347.29998779296875,347.29998779296875,358.25,335.1000061035156,342.70001220703125,116739
2024-02-26,356.75,356.75,370.04998779296875,345.79998779296875,354.0,94873
2024-02-27,349.95001220703125,349.95001220703125,364.5,345.25,358.8999938964844,40738
2024-02-28,338.8999938964844,338.8999938964844,350.95001220703125,335.0,347.0,51250
2024-02-29,329.20001220703125,329.20001220703125,341.95001220703125,319.75,333.0,68844
2024-03-01,330.25,330.25,341.95001220703125,325.0,341.95001220703125,69178
2024-03-04,318.3500061035156,318.3500061035156,333.0,308.6499938964844,330.95001220703125,95188
2024-03-05,318.5,318.5,328.29998779296875,310.79998779296875,320.0,59436
2024-03-06,304.8500061035156,304.8500061035156,320.95001220703125,298.0,318.5,113288
2024-03-07,300.25,300.25,311.95001220703125,298.1000061035156,306.0,72138
2024-03-11,287.79998779296875,287.79998779296875,302.0,282.04998779296875,302.0,142863
2024-03-12,281.1499938964844,281.1499938964844,286.5,271.5,280.3999938964844,167499
2024-03-13,288.04998779296875,288.04998779296875,298.45001220703125,280.6499938964844,281.1499938964844,222178
2024-03-14,314.04998779296875,314.04998779296875,327.70001220703125,288.04998779296875,288.04998779296875,150107
2024-03-15,312.3500061035156,312.3500061035156,319.95001220703125,304.3999938964844,319.95001220703125,45285
2024-03-18,320.20001220703125,320.20001220703125,324.8500061035156,305.54998779296875,312.3500061035156,44116
2024-03-19,307.20001220703125,307.20001220703125,325.0,305.5,320.0,48827
2024-03-20,299.95001220703125,299.95001220703125,316.04998779296875,298.0,313.0,50409
2024-03-21,304.70001220703125,304.70001220703125,318.6000061035156,300.1000061035156,304.0,45689
2024-03-22,320.6000061035156,320.6000061035156,324.79998779296875,301.5,307.0,128904
2024-03-26,336.29998779296875,336.29998779296875,339.5,316.95001220703125,321.0,135995
2024-03-27,356.20001220703125,356.20001220703125,370.0,340.0,340.0,186750
2024-03-28,370.6499938964844,370.6499938964844,395.0,368.20001220703125,387.0,525251
2024-04-01,380.75,380.75,386.45001220703125,365.54998779296875,370.6499938964844,128429
2024-04-02,405.54998779296875,405.54998779296875,421.54998779296875,380.79998779296875,383.6499938964844,487641
2024-04-03,421.6499938964844,421.6499938964844,429.70001220703125,406.04998779296875,408.45001220703125,336332
2024-04-04,448.25,448.25,459.79998779296875,410.1000061035156,424.0,905939
2024-04-05,452.29998779296875,452.29998779296875,469.95001220703125,440.0,449.79998779296875,396840
2024-04-08,458.20001220703125,458.20001220703125,464.95001220703125,451.04998779296875,457.75,146385
2024-04-09,449.75,449.75,464.0,445.8999938964844,461.25,112306
2024-04-10,437.6000061035156,437.6000061035156,449.95001220703125,425.0,445.8999938964844,127414
2024-04-12,430.0,430.0,445.0,417.20001220703125,437.0,84287
2024-04-15,429.75,429.75,436.0,407.54998779296875,418.04998779296875,111218
2024-04-16,471.3999938964844,471.3999938964844,472.70001220703125,420.1000061035156,420.1000061035156,409127
2024-04-18,453.20001220703125,453.20001220703125,475.75,451.0,471.3999938964844,198939
2024-04-19,455.79998779296875,455.79998779296875,472.0,435.0,449.79998779296875,222251
2024-04-22,454.8500061035156,454.8500061035156,469.6000061035156,453.5,459.3999938964844,124514
2024-04-23,434.1000061035156,434.1000061035156,457.0,432.1000061035156,453.95001220703125,105433
2024-04-24,443.5,443.5,455.0,432.0,434.1000061035156,41914
2024-04-25,450.3500061035156,450.3500061035156,464.8999938964844,436.0,449.0,39909
2024-04-26,443.3500061035156,443.3500061035156,457.79998779296875,436.1000061035156,452.8999938964844,36684
2024-04-29,454.6499938964844,454.6499938964844,465.5,440.0,454.95001220703125,79772
2024-04-30,450.3500061035156,450.3500061035156,463.45001220703125,448.0,463.45001220703125,25501
2024-05-02,450.3999938964844,450.3999938964844,462.0,443.1499938964844,459.45001220703125,23716
2024-05-03,443.79998779296875,443.79998779296875,460.0,435.0,460.0,48257
2024-05-06,432.6499938964844,432.6499938964844,452.95001220703125,431.0,452.95001220703125,29966
2024-05-07,419.3500061035156,419.3500061035156,438.6000061035156,414.3500061035156,438.6000061035156,29289
2024-05-08,423.1000061035156,423.1000061035156,433.0,400.75,417.04998779296875,25198
2024-05-09,412.6499938964844,412.6499938964844,423.70001220703125,410.0,415.1000061035156,19905
2024-05-10,433.25,433.25,433.25,405.1499938964844,412.0,38964
2024-05-13,444.1000061035156,444.1000061035156,450.45001220703125,412.0,433.25,35418
2024-05-14,435.1000061035156,435.1000061035156,454.8999938964844,431.0,447.3999938964844,18555
2024-05-15,433.25,433.25,453.79998779296875,426.3500061035156,442.8500061035156,20739
2024-05-16,431.8500061035156,431.8500061035156,442.6499938964844,430.0,432.0,19891
2024-05-17,430.29998779296875,430.29998779296875,441.0,428.0,431.8500061035156,28283
2024-05-21,433.20001220703125,433.20001220703125,444.0,427.04998779296875,444.0,31444
2024-05-22,435.54998779296875,435.54998779296875,442.79998779296875,429.20001220703125,442.79998779296875,38341
2024-05-23,414.54998779296875,414.54998779296875,433.8999938964844,414.0,420.29998779296875,66928
2024-05-24,409.75,409.75,421.8500061035156,408.0,419.5,33225
2024-05-27,399.6000061035156,399.6000061035156,417.95001220703125,392.0,415.0,42014
2024-05-28,409.20001220703125,409.20001220703125,417.0,380.0,397.70001220703125,82515
2024-05-29,396.1000061035156,396.1000061035156,409.20001220703125,392.3999938964844,409.20001220703125,14675
2024-05-30,415.04998779296875,415.04998779296875,415.79998779296875,393.75,394.1000061035156,77892
2024-05-31,409.20001220703125,409.20001220703125,422.0,401.0,414.6499938964844,24885
2024-06-03,422.6499938964844,422.6499938964844,429.6499938964844,412.0,428.79998779296875,74888
2024-06-04,401.54998779296875,401.54998779296875,425.0,401.54998779296875,425.0,48837
2024-06-05,398.5,398.5,405.0,381.5,398.75,65168
2024-06-06,397.04998779296875,397.04998779296875,409.95001220703125,386.0,398.95001220703125,41006
2024-06-07,399.6000061035156,399.6000061035156,405.0,390.0,400.0,47173
2024-06-10,408.3999938964844,408.3999938964844,415.0,399.0,399.0,28888
2024-06-11,402.75,402.75,415.95001220703125,395.5,415.95001220703125,35084
2024-06-12,411.45001220703125,411.45001220703125,415.0,395.1000061035156,400.04998779296875,36615
2024-06-13,412.75,412.75,417.95001220703125,404.1000061035156,417.95001220703125,19879
2024-06-14,429.1499938964844,429.1499938964844,433.3500061035156,407.45001220703125,415.75,120883
2024-06-18,447.79998779296875,447.79998779296875,450.6000061035156,435.54998779296875,445.0,178441
2024-06-19,448.6000061035156,448.6000061035156,465.0,440.0,459.0,139727
2024-06-20,457.95001220703125,457.95001220703125,460.0,450.0,452.0,39465
2024-06-21,442.1499938964844,442.1499938964844,459.95001220703125,438.0,459.95001220703125,64994
2024-06-24,445.45001220703125,445.45001220703125,452.0,436.70001220703125,442.1499938964844,45059
2024-06-25,439.1499938964844,439.1499938964844,454.5,434.70001220703125,454.5,50546
2024-06-26,421.0,421.0,443.95001220703125,418.1000061035156,443.95001220703125,61263
2024-06-27,416.45001220703125,416.45001220703125,427.95001220703125,410.0,423.0,25583
2024-06-28,424.29998779296875,424.29998779296875,429.6000061035156,414.0,417.6000061035156,53059
2024-07-01,413.04998779296875,413.04998779296875,424.29998779296875,409.8500061035156,424.29998779296875,55787
2024-07-02,426.8500061035156,426.8500061035156,432.5,397.5,414.95001220703125,95372
2024-07-03,429.54998779296875,429.54998779296875,442.5,419.3999938964844,426.8500061035156,46935
2024-07-04,429.29998779296875,429.29998779296875,436.45001220703125,425.0,429.54998779296875,24341
2024-07-05,429.54998779296875,429.54998779296875,434.0,424.0,434.0,26260
2024-07-08,436.6000061035156,436.6000061035156,447.8999938964844,425.0,439.45001220703125,48535
2024-07-09,431.0,431.0,442.70001220703125,425.0,436.6000061035156,77591
2024-07-10,431.0,431.0,436.0,418.1000061035156,432.20001220703125,44892
2024-07-11,448.04998779296875,448.04998779296875,449.8999938964844,427.0,431.0,71284
2024-07-12,437.45001220703125,437.45001220703125,455.0,435.0,451.95001220703125,48190
2024-07-15,429.04998779296875,429.04998779296875,450.0,425.04998779296875,450.0,32952
2024-07-16,426.5,426.5,438.8500061035156,424.0,434.95001220703125,28387
2024-07-18,425.1000061035156,425.1000061035156,430.0,419.95001220703125,420.0,36002
2024-07-19,413.54998779296875,413.54998779296875,425.6499938964844,409.95001220703125,421.0,34462
2024-07-22,412.20001220703125,412.20001220703125,421.95001220703125,405.6000061035156,407.04998779296875,32005
2024-07-23,410.3500061035156,410.3500061035156,426.0,402.0,415.5,52933
2024-07-24,410.54998779296875,410.54998779296875,418.0,407.1000061035156,411.79998779296875,31637
2024-07-25,428.70001220703125,428.70001220703125,431.04998779296875,405.04998779296875,405.04998779296875,90099
2024-07-26,429.54998779296875,429.54998779296875,441.95001220703125,424.25,424.25,49457
2024-07-29,425.45001220703125,425.45001220703125,437.8999938964844,416.54998779296875,428.0,40481
2024-07-30,423.54998779296875,423.54998779296875,434.0,415.0,415.0,41580
2024-07-31,425.75,425.75,435.0,418.04998779296875,429.0,30002
2024-08-01,420.45001220703125,420.45001220703125,433.45001220703125,417.04998779296875,426.20001220703125,22718
2024-08-02,419.70001220703125,419.70001220703125,420.70001220703125,410.79998779296875,412.0,19296
2024-08-05,405.95001220703125,405.95001220703125,415.5,399.0,410.0,70335
2024-08-06,401.5,401.5,416.29998779296875,398.0,401.0,38405
2024-08-07,402.8999938964844,402.8999938964844,407.20001220703125,400.20001220703125,404.0,18608
2024-08-08,398.8999938964844,398.8999938964844,414.3999938964844,395.0,403.0,34774
2024-08-09,394.70001220703125,394.70001220703125,408.0,389.54998779296875,401.3500061035156,31169
2024-08-12,396.25,396.25,404.3999938964844,389.0,389.95001220703125,50107
2024-08-13,390.54998779296875,390.54998779296875,413.5,390.1000061035156,413.5,20969
2024-08-14,387.45001220703125,387.45001220703125,397.6000061035156,370.0,387.0,68642
2024-08-16,364.04998779296875,364.04998779296875,383.1000061035156,360.04998779296875,372.5,150688
2024-08-19,359.8500061035156,359.8500061035156,366.0,355.95001220703125,360.0,93357
2024-08-20,365.29998779296875,365.29998779296875,371.0,360.79998779296875,371.0,41936
2024-08-21,368.6499938964844,368.6499938964844,375.8500061035156,365.0,369.0,45588
2024-08-22,358.54998779296875,358.54998779296875,371.0,356.6000061035156,370.95001220703125,54239
2024-08-23,350.6000061035156,350.6000061035156,362.79998779296875,343.3500061035156,357.0,102929
2024-08-26,351.5,351.5,359.8999938964844,347.54998779296875,354.0,62757
2024-08-27,349.8500061035156,349.8500061035156,368.5,342.6000061035156,355.1000061035156,116733
2024-08-28,357.29998779296875,357.29998779296875,361.79998779296875,355.54998779296875,357.79998779296875,38795
2024-08-29,351.95001220703125,351.95001220703125,357.95001220703125,351.0,357.5,29446
2024-08-30,352.8500061035156,352.8500061035156,356.1499938964844,352.0,353.0,19177
2024-09-02,347.95001220703125,347.95001220703125,359.95001220703125,345.1000061035156,353.04998779296875,35620
2024-09-03,348.1499938964844,348.1499938964844,357.95001220703125,347.0,350.0,18996
2024-09-04,352.25,352.25,354.95001220703125,348.29998779296875,354.6000061035156,25161
2024-09-05,387.45001220703125,387.45001220703125,387.45001220703125,353.1499938964844,353.1499938964844,176333
2024-09-06,414.29998779296875,414.29998779296875,426.1499938964844,406.8500061035156,425.0,704720
2024-09-09,410.1499938964844,410.1499938964844,412.79998779296875,396.1499938964844,409.0,138676
2024-09-10,407.54998779296875,407.54998779296875,419.0,405.0,410.04998779296875,55650
2024-09-11,401.29998779296875,401.29998779296875,409.70001220703125,396.1000061035156,409.70001220703125,68985
2024-09-12,404.45001220703125,404.45001220703125,410.0,396.70001220703125,405.0,51810
2024-09-13,400.1000061035156,400.1000061035156,405.75,396.70001220703125,402.8999938964844,30083
2024-09-16,399.75,399.75,408.95001220703125,399.0,401.0,13763
2024-09-17,404.29998779296875,404.29998779296875,408.79998779296875,398.0,400.95001220703125,31026
2024-09-18,390.04998779296875,390.04998779296875,406.0,387.04998779296875,405.0,86301
2024-09-19,375.75,375.75,416.8999938964844,368.5,391.0,414072
2024-09-20,372.1000061035156,372.1000061035156,390.54998779296875,368.6000061035156,379.3999938964844,86985
2024-09-23,375.95001220703125,375.95001220703125,387.45001220703125,369.0,376.0,84314
2024-09-24,374.79998779296875,374.79998779296875,383.0,370.04998779296875,378.45001220703125,54111
2024-09-25,374.95001220703125,374.95001220703125,380.1000061035156,372.8999938964844,374.75,26982
2024-09-26,368.29998779296875,368.29998779296875,378.70001220703125,367.6000061035156,375.70001220703125,72793
2024-09-27,372.6499938964844,372.6499938964844,381.0,368.29998779296875,369.95001220703125,46477
2024-09-30,364.5,364.5,374.70001220703125,359.3999938964844,366.0,71883
2024-10-01,362.6000061035156,362.6000061035156,376.6000061035156,357.1499938964844,374.20001220703125,97971
2024-10-03,389.70001220703125,389.70001220703125,398.8500061035156,363.0,370.0,452219
2024-10-04,383.04998779296875,383.04998779296875,402.79998779296875,375.20001220703125,385.0,194029
2024-10-07,379.1000061035156,379.1000061035156,395.0,368.54998779296875,390.0,117591
2024-10-08,388.3999938964844,388.3999938964844,393.1000061035156,377.79998779296875,379.3999938964844,69009
2024-10-09,391.0,391.0,397.95001220703125,387.45001220703125,394.25,55802
2024-10-10,387.79998779296875,387.79998779296875,398.0,386.0,392.0,57429
2024-10-11,409.6499938964844,409.6499938964844,413.8999938964844,384.54998779296875,389.29998779296875,177036
2024-10-14,409.0,409.0,419.8999938964844,402.75,408.95001220703125,129718
2024-10-15,396.8999938964844,396.8999938964844,408.45001220703125,395.25,408.1000061035156,54340
2024-10-16,394.6499938964844,394.6499938964844,401.79998779296875,391.70001220703125,396.8999938964844,39612
2024-10-17,387.1000061035156,387.1000061035156,393.6499938964844,383.3999938964844,391.0,42882
2024-10-18,383.6499938964844,383.6499938964844,389.79998779296875,380.1000061035156,385.04998779296875,48278
2024-10-21,374.3999938964844,374.3999938964844,385.3500061035156,373.0,384.0,41028
2024-10-22,363.75,363.75,384.3500061035156,361.25,375.3500061035156,71147
2024-10-23,366.6000061035156,366.6000061035156,371.45001220703125,356.75,369.20001220703125,40535
2024-10-24,354.54998779296875,354.54998779296875,367.0,351.3500061035156,364.5,28233
2024-10-25,352.6499938964844,352.6499938964844,362.0,350.0,357.04998779296875,38684
2024-10-28,352.3999938964844,352.3999938964844,355.0,343.3500061035156,353.3500061035156,32584
2024-10-29,348.8500061035156,348.8500061035156,354.5,345.1000061035156,351.75,24882
2024-10-30,352.29998779296875,352.29998779296875,356.3999938964844,348.0,348.6000061035156,39734
2024-10-31,351.95001220703125,351.95001220703125,355.3999938964844,347.75,351.6000061035156,33583
2024-11-01,353.0,353.0,354.0,326.70001220703125,352.79998779296875,20056
2024-11-04,327.5,327.5,338.8999938964844,320.3500061035156,330.0,181003
2024-11-05,320.1499938964844,320.1499938964844,333.25,308.25,328.0,103802
2024-11-06,328.0,328.0,329.8500061035156,321.54998779296875,329.0,70151
2024-11-07,393.6000061035156,393.6000061035156,393.6000061035156,331.20001220703125,332.8999938964844,599976
2024-11-08,422.3500061035156,422.3500061035156,447.8999938964844,408.0,408.0,1855907
2024-11-11,387.3999938964844,387.3999938964844,417.0,385.0,410.0,189530
2024-11-12,388.5,388.5,418.0,385.04998779296875,389.0,145046
2024-11-13,349.8999938964844,349.8999938964844,389.6499938964844,345.0,370.0,195723
2024-11-14,348.45001220703125,348.45001220703125,363.0,346.0,357.8999938964844,77482
2024-11-18,332.1499938964844,332.1499938964844,352.0,322.3999938964844,349.0,109892
2024-11-19,371.45001220703125,371.45001220703125,393.8999938964844,332.1000061035156,332.1499938964844,435238
2024-11-21,348.5,348.5,367.0,345.0,364.0,124455
2024-11-22,346.79998779296875,346.79998779296875,350.95001220703125,340.04998779296875,350.95001220703125,65195
2024-11-25,345.25,345.25,356.0,342.8500061035156,356.0,70804
2024-11-26,343.6000061035156,343.6000061035156,350.0,341.1000061035156,347.8999938964844,56601
2024-11-27,345.3999938964844,345.3999938964844,350.0,343.6000061035156,347.0,57068
2024-11-28,359.70001220703125,359.70001220703125,380.0,344.5,344.5,304345
2024-11-29,360.3500061035156,360.3500061035156,365.20001220703125,356.8999938964844,362.0,35539
2024-12-02,350.5,350.5,360.29998779296875,348.0,355.0,75413
2024-12-03,359.20001220703125,359.20001220703125,364.95001220703125,353.8500061035156,353.8999938964844,58637
2024-12-04,375.70001220703125,375.70001220703125,381.5,365.0,365.0,213774
2024-12-05,364.8500061035156,364.8500061035156,397.6499938964844,360.6000061035156,394.0,278590
2024-12-06,370.54998779296875,370.54998779296875,372.79998779296875,365.0,366.70001220703125,100945
2024-12-09,370.8999938964844,370.8999938964844,375.79998779296875,355.70001220703125,370.54998779296875,79470
2024-12-10,363.20001220703125,363.20001220703125,375.0,360.1499938964844,374.8999938964844,70924
2024-12-11,369.1499938964844,369.1499938964844,371.5,361.04998779296875,362.0,63533
2024-12-12,369.5,369.5,384.5,367.0,371.5,128570
2024-12-13,360.70001220703125,360.70001220703125,366.8500061035156,356.54998779296875,365.0,69913
2024-12-16,354.20001220703125,354.20001220703125,363.0,347.04998779296875,347.04998779296875,119168
2024-12-17,356.1000061035156,356.1000061035156,367.3999938964844,352.29998779296875,355.0,102568
2024-12-18,351.70001220703125,351.70001220703125,361.0,349.95001220703125,356.0,50342
2024-12-19,349.54998779296875,349.54998779296875,353.54998779296875,345.3500061035156,348.0,38832
2024-12-20,337.0,337.0,352.0,332.95001220703125,350.45001220703125,45301
2024-12-23,334.8500061035156,334.8500061035156,348.0,331.0,348.0,45818
2024-12-24,330.3999938964844,330.3999938964844,336.45001220703125,330.0,336.1499938964844,35085
2024-12-26,327.1499938964844,327.1499938964844,336.1000061035156,326.0,331.0,31279
2024-12-27,326.5,326.5,329.1499938964844,323.79998779296875,327.3500061035156,26792
2024-12-30,320.29998779296875,320.29998779296875,335.45001220703125,318.95001220703125,326.5,51111
2024-12-31,314.1499938964844,314.1499938964844,322.0,310.25,317.45001220703125,80851
2025-01-01,320.1499938964844,320.1499938964844,323.54998779296875,311.1499938964844,313.45001220703125,85787
2025-01-02,333.29998779296875,333.29998779296875,337.8999938964844,320.0,320.0,123964
2025-01-03,336.04998779296875,336.04998779296875,339.8999938964844,334.0,336.0,34711
2025-01-06,318.04998779296875,318.04998779296875,340.45001220703125,313.3500061035156,336.04998779296875,73741
2025-01-07,324.5,324.5,326.0,317.1000061035156,319.70001220703125,41436
2025-01-08,315.6000061035156,315.6000061035156,325.0,314.0,321.6000061035156,45442
2025-01-09,312.20001220703125,312.20001220703125,320.0,311.0,317.5,29373
2025-01-10,300.20001220703125,300.20001220703125,313.6499938964844,295.0,312.20001220703125,63411
2025-01-13,284.6499938964844,284.6499938964844,300.20001220703125,283.0,300.20001220703125,54440
2025-01-14,299.54998779296875,299.54998779296875,307.0,286.1000061035156,286.1000061035156,63304
2025-01-15,300.20001220703125,300.20001220703125,307.0,298.6499938964844,307.0,15438
2025-01-16,303.70001220703125,303.70001220703125,312.3500061035156,301.79998779296875,301.79998779296875,34679
2025-01-17,305.54998779296875,305.54998779296875,311.95001220703125,300.95001220703125,301.0,22095
2025-01-20,320.6000061035156,320.6000061035156,329.1000061035156,302.29998779296875,306.8999938964844,44340
2025-01-21,315.45001220703125,315.45001220703125,329.8999938964844,313.6000061035156,318.45001220703125,26397
2025-01-22,306.54998779296875,306.54998779296875,317.1000061035156,302.1000061035156,317.1000061035156,30645
2025-01-23,307.5,307.5,311.54998779296875,305.0,308.20001220703125,27828
2025-01-24,300.54998779296875,300.54998779296875,314.0,300.0,309.1000061035156,22039
2025-01-27,280.3500061035156,280.3500061035156,297.6000061035156,277.3500061035156,296.04998779296875,49330
2025-01-28,260.95001220703125,260.95001220703125,289.45001220703125,252.25,280.0,139455
2025-01-29,267.6499938964844,267.6499938964844,273.8500061035156,260.95001220703125,260.95001220703125,29694
2025-01-30,289.8999938964844,289.8999938964844,305.70001220703125,267.0,268.54998779296875,198508
2025-01-31,290.54998779296875,290.54998779296875,298.79998779296875,288.25,294.95001220703125,36399
2025-02-01,278.8999938964844,278.8999938964844,298.6499938964844,272.29998779296875,288.0,61585
2025-02-03,273.8999938964844,273.8999938964844,282.0,270.0,282.0,29930
2025-02-04,282.1499938964844,282.1499938964844,295.0,274.25,274.25,66562
2025-02-05,281.95001220703125,281.95001220703125,289.0,280.6499938964844,289.0,30756
2025-02-06,284.3500061035156,284.3500061035156,297.95001220703125,283.1000061035156,287.6000061035156,29141
2025-02-07,283.75,283.75,291.45001220703125,282.04998779296875,291.45001220703125,13252
2025-02-10,271.70001220703125,271.70001220703125,289.70001220703125,270.6000061035156,275.29998779296875,31523
2025-02-11,258.6499938964844,258.6499938964844,271.70001220703125,245.5500030517578,271.70001220703125,59037
2025-02-12,248.9499969482422,248.9499969482422,267.45001220703125,246.1999969482422,258.70001220703125,44704
2025-02-13,242.60000610351562,242.60000610351562,255.14999389648438,240.89999389648438,252.6999969482422,52232
2025-02-14,226.3000030517578,226.3000030517578,248.85000610351562,219.0,243.14999389648438,49599
2025-02-17,192.4499969482422,192.4499969482422,211.9499969482422,181.0500030517578,210.25,409440
2025-02-18,183.1999969482422,183.1999969482422,189.35000610351562,179.5,189.10000610351562,88754
2025-02-19,177.0500030517578,177.0500030517578,187.1999969482422,173.89999389648438,176.25,137401
2025-02-20,182.35000610351562,182.35000610351562,185.5500030517578,177.89999389648438,178.0,53502
2025-02-21,180.4499969482422,180.4499969482422,188.0,178.0,184.0,30465
2025-02-24,178.10000610351562,178.10000610351562,183.39999389648438,177.5,180.0,33551
2025-02-25,174.39999389648438,174.39999389648438,181.8000030517578,173.0,177.10000610351562,30246
2025-02-27,165.9499969482422,165.9499969482422,175.0,165.6999969482422,173.0500030517578,43851
2025-02-28,161.5,161.5,172.0,157.64999389648438,172.0,35554
2025-03-03,153.4199981689453,153.4199981689453,161.5,153.4199981689453,161.5,49811
2025-03-04,148.77999877929688,148.77999877929688,155.0,145.74000549316406,150.0,61419
2025-03-05,155.0800018310547,155.0800018310547,156.0,143.10000610351562,145.0,37636
2025-03-06,156.07000732421875,156.07000732421875,159.7899932861328,153.0,159.7899932861328,34308
2025-03-07,161.02999877929688,161.02999877929688,163.0,155.0,156.5,39470
2025-03-10,153.86000061035156,153.86000061035156,164.9499969482422,153.1999969482422,161.0,219889
2025-03-11,149.72999572753906,149.72999572753906,156.8000030517578,147.00999450683594,151.0,208630
2025-03-12,146.27999877929688,146.27999877929688,154.64999389648438,142.24000549316406,152.0,65808
2025-03-13,141.75999450683594,141.75999450683594,147.85000610351562,141.0,147.25,39102
2025-03-17,134.6699981689453,134.6699981689453,146.9499969482422,134.6699981689453,144.89999389648438,59945
2025-03-18,134.6699981689453,134.6699981689453,134.6699981689453,134.6699981689453,134.6699981689453,0
2025-03-19,137.1300048828125,137.1300048828125,137.1300048828125,131.0,131.97999572753906,40062
2025-03-20,143.97999572753906,143.97999572753906,143.97999572753906,143.97999572753906,143.97999572753906,17045
2025-03-21,151.1699981689453,151.1699981689453,151.1699981689453,149.0,151.1699981689453,30532
2025-03-24,158.72000122070312,158.72000122070312,158.72000122070312,158.72000122070312,158.72000122070312,12272
2025-03-25,166.64999389648438,166.64999389648438,166.64999389648438,166.0,166.64999389648438,56934
2025-03-26,169.97999572753906,169.97999572753906,169.97999572753906,169.97999572753906,169.97999572753906,68073
2025-03-27,166.5800018310547,166.5800018310547,166.5800018310547,166.5800018310547,166.5800018310547,21152
2025-03-28,163.24000549316406,163.24000549316406,163.24000549316406,163.24000549316406,163.24000549316406,8220
2025-04-01,164.0,164.0,165.0,163.24000549316406,164.0,10790
2025-04-02,163.0,163.0,164.0,160.72000122070312,163.0,10068
2025-04-03,165.39999389648438,165.39999389648438,165.39999389648438,165.0,165.39999389648438,4816
2025-04-04,162.5,162.5,165.39999389648438,162.5,162.5,4320
2025-04-07,159.25,159.25,159.25,159.25,159.25,4069
2025-04-08,156.05999755859375,156.05999755859375,156.05999755859375,156.05999755859375,156.05999755859375,4858
2025-04-09,153.0,153.0,153.0,152.92999267578125,153.0,4293
2025-04-11,156.05999755859375,156.05999755859375,156.05999755859375,153.0,156.05999755859375,13752
2025-04-15,159.17999267578125,159.17999267578125,159.17999267578125,156.10000610351562,159.17999267578125,5585
2025-04-16,162.36000061035156,162.36000061035156,162.36000061035156,161.6999969482422,162.36000061035156,6841
2025-04-17,165.60000610351562,165.60000610351562,165.60000610351562,165.0,165.60000610351562,9585
2025-04-21,168.91000366210938,168.91000366210938,168.91000366210938,168.89999389648438,168.91000366210938,7188
2025-04-22,172.27999877929688,172.27999877929688,172.27999877929688,170.52999877929688,172.27999877929688,11499
2025-04-23,175.72000122070312,175.72000122070312,175.72000122070312,175.72000122070312,175.72000122070312,7470
2025-04-24,179.22999572753906,179.22999572753906,179.22999572753906,179.22999572753906,179.22999572753906,8829
2025-04-25,175.63999938964844,175.63999938964844,178.99000549316406,175.63999938964844,175.63999938964844,9138
2025-04-28,172.1199951171875,172.1199951171875,172.25,172.1199951171875,172.1199951171875,8082
2025-04-29,171.5,171.5,171.5,169.05999755859375,171.5,4011
2025-04-30,168.07000732421875,168.07000732421875,171.38999938964844,168.07000732421875,168.07000732421875,4075
2025-05-02,166.00999450683594,166.00999450683594,167.1199951171875,166.0,166.02999877929688,324
2025-05-05,168.22000122070312,168.22000122070312,170.0,157.75,166.00999450683594,30174
2025-05-06,159.8000030517578,159.8000030517578,167.0,159.8000030517578,167.0,10180
2025-05-07,154.63999938964844,154.63999938964844,158.97999572753906,152.02000427246094,152.02000427246094,16387
2025-05-08,147.5399932861328,147.5399932861328,159.6999969482422,146.89999389648438,155.97999572753906,15812
2025-05-09,154.91000366210938,154.91000366210938,154.91000366210938,142.00999450683594,146.8000030517578,14046
2025-05-12,162.64999389648438,162.64999389648438,162.64999389648438,162.64999389648438,162.64999389648438,8703
2025-05-13,170.77999877929688,170.77999877929688,170.77999877929688,170.77999877929688,170.77999877929688,16170
2025-05-14,179.30999755859375,179.30999755859375,179.30999755859375,175.0,178.89999389648438,17426
2025-05-15,188.27000427246094,188.27000427246094,188.27000427246094,188.25999450683594,188.25999450683594,19044
2025-05-16,192.02999877929688,192.02999877929688,192.02999877929688,191.0,192.02999877929688,28598
2025-05-19,194.9499969482422,194.9499969482422,194.9499969482422,192.0500030517578,194.9499969482422,12139
2025-05-20,198.0,198.0,198.0,194.9600067138672,198.0,8188
2025-05-21,194.0399932861328,194.0399932861328,197.0,194.0399932861328,194.0399932861328,2855
2025-05-22,190.14999389648438,190.14999389648438,190.14999389648438,190.14999389648438,190.14999389648438,3972
2025-05-23,186.33999633789062,186.33999633789062,186.33999633789062,186.33999633789062,186.33999633789062,10897
2025-05-26,182.61000061035156,182.61000061035156,182.61000061035156,182.61000061035156,182.61000061035156,2926
2025-05-27,178.9499969482422,178.9499969482422,178.9499969482422,178.9499969482422,178.9499969482422,7795
2025-05-28,175.3699951171875,175.3699951171875,175.3699951171875,175.3699951171875,175.3699951171875,6731
2025-05-29,171.86000061035156,171.86000061035156,171.86000061035156,171.86000061035156,171.86000061035156,6010
2025-05-30,168.4199981689453,168.4199981689453,168.4199981689453,168.4199981689453,168.4199981689453,8401
2025-06-02,165.0500030517578,165.0500030517578,168.0,165.0500030517578,165.0500030517578,9671
2025-06-03,161.74000549316406,161.74000549316406,162.0,161.74000549316406,161.74000549316406,8888
2025-06-04,158.5,158.5,158.5,158.5,158.5,13424
2025-06-05,161.6699981689453,161.6699981689453,161.6699981689453,157.0,161.6699981689453,15294
2025-06-06,161.0,161.0,161.0,158.42999267578125,161.0,26369
2025-06-09,164.22000122070312,164.22000122070312,164.22000122070312,164.22000122070312,164.22000122070312,16567
2025-06-10,167.5,167.5,167.5,167.5,167.5,6773
2025-06-11,170.85000610351562,170.85000610351562,170.85000610351562,170.85000610351562,170.85000610351562,4640
2025-06-12,174.25999450683594,174.25999450683594,174.25999450683594,174.25999450683594,174.25999450683594,38816
2025-06-13,177.74000549316406,177.74000549316406,177.74000549316406,177.74000549316406,177.74000549316406,17711
2025-06-16,178.6199951171875,178.6199951171875,180.83999633789062,174.17999267578125,178.6199951171875,15397
2025-06-17,175.5500030517578,175.5500030517578,175.5500030517578,175.39999389648438,175.5500030517578,5821
2025-06-18,172.1999969482422,172.1999969482422,172.5,172.1999969482422,172.1999969482422,5578
2025-06-19,169.0,169.0,172.1999969482422,169.0,169.0,4787
2025-06-20,166.3000030517578,166.3000030517578,168.0,165.6999969482422,166.3000030517578,9649
2025-06-23,170.8699951171875,170.8699951171875,172.89999389648438,163.97999572753906,164.0,24631
2025-06-24,177.92999267578125,177.92999267578125,179.14999389648438,172.8699951171875,172.8699951171875,21151
2025-06-25,181.61000061035156,181.61000061035156,184.0,175.0,175.0,16360
2025-06-26,183.97000122070312,183.97000122070312,185.8000030517578,178.14999389648438,185.8000030517578,10670
2025-06-27,180.0500030517578,180.0500030517578,186.0,178.0,186.0,12396
2025-06-30,174.35000610351562,174.35000610351562,182.9499969482422,172.6999969482422,182.0,14333
2025-07-01,182.67999267578125,182.67999267578125,183.05999755859375,174.35000610351562,174.35000610351562,24749
2025-07-02,191.80999755859375,191.80999755859375,191.80999755859375,183.0,183.0,20408
2025-07-03,201.39999389648438,201.39999389648438,201.39999389648438,195.0,196.99000549316406,20367
2025-07-04,211.47000122070312,211.47000122070312,211.47000122070312,206.0,208.97999572753906,17040
2025-07-07,232.61000061035156,232.61000061035156,232.61000061035156,232.5,232.5,21585
2025-07-08,237.1199951171875,237.1199951171875,255.8699951171875,233.9499969482422,255.8699951171875,520572
2025-07-09,217.32000732421875,217.32000732421875,236.00999450683594,215.14999389648438,236.0,197196
2025-07-10,227.69000244140625,227.69000244140625,239.0500030517578,219.8000030517578,219.8000030517578,597776
2025-07-11,229.4199981689453,229.4199981689453,232.8000030517578,223.00999450683594,224.0,83445
2025-07-14,220.77999877929688,220.77999877929688,233.89999389648438,220.0,233.89999389648438,45808
2025-07-15,203.74000549316406,203.74000549316406,225.00999450683594,198.6999969482422,221.5,187314
2025-07-16,221.83999633789062,221.83999633789062,224.11000061035156,204.0,204.0,258616
2025-07-17,215.2100067138672,215.2100067138672,225.0,214.0,222.35000610351562,59128
2025-07-18,213.57000732421875,213.57000732421875,220.0,211.60000610351562,217.6999969482422,53830
2025-07-21,212.02000427246094,212.02000427246094,217.0,208.8000030517578,217.0,41872
2025-07-22,214.99000549316406,214.99000549316406,218.60000610351562,212.1699981689453,214.97999572753906,27603
2025-07-23,210.66000366210938,210.66000366210938,216.99000549316406,208.69000244140625,214.0,33421
2025-07-24,207.64999389648438,207.64999389648438,214.49000549316406,205.60000610351562,214.39999389648438,39327
2025-07-25,206.8699951171875,206.8699951171875,212.00999450683594,205.5,211.99000549316406,39399
2025-07-28,191.64999389648438,191.64999389648438,209.00999450683594,188.14999389648438,209.00999450683594,75835
2025-07-29,208.5,208.5,210.80999755859375,193.99000549316406,195.0,117445
2025-07-30,204.67999267578125,204.67999267578125,212.69000244140625,202.0,209.0,40535
2025-07-31,199.25,199.25,205.83999633789062,195.07000732421875,199.58999633789062,48603
2025-08-01,195.0399932861328,195.0399932861328,203.89999389648438,192.41000366210938,203.0,38535
2025-08-04,213.13999938964844,213.13999938964844,214.5399932861328,193.00999450683594,195.8000030517578,65683
2025-08-05,209.07000732421875,209.07000732421875,215.89999389648438,206.41000366210938,212.85000610351562,51986
2025-08-06,212.35000610351562,212.35000610351562,218.5800018310547,203.1999969482422,210.0,116258
2025-08-07,214.4600067138672,214.4600067138672,216.9199981689453,208.1699981689453,211.5,77293
2025-08-08,210.4499969482422,210.4499969482422,218.39999389648438,208.33999633789062,216.8000030517578,37003
2025-08-11,204.64999389648438,204.64999389648438,214.5800018310547,203.08999633789062,214.0,56529
2025-08-12,199.55999755859375,199.55999755859375,211.88999938964844,196.1999969482422,204.64999389648438,45863
2025-08-13,203.13999938964844,203.13999938964844,208.55999755859375,199.55999755859375,199.55999755859375,50333
2025-08-14,202.77000427246094,202.77000427246094,206.8000030517578,198.60000610351562,203.00999450683594,32579
2025-08-18,201.75999450683594,201.75999450683594,208.25,200.5,203.0,26690
2025-08-19,206.25,206.25,208.89999389648438,201.0,204.8699951171875,35657
2025-08-20,203.4499969482422,203.4499969482422,208.0,202.10000610351562,205.10000610351562,18314
2025-08-21,203.3300018310547,203.3300018310547,209.00999450683594,200.0,201.1999969482422,63045
2025-08-22,223.66000366210938,223.66000366210938,223.66000366210938,200.35000610351562,204.0,204578
2025-08-25,210.47000122070312,210.47000122070312,235.35000610351562,208.50999450683594,230.0,293337
2025-08-26,201.2899932861328,201.2899932861328,213.0,199.0500030517578,210.99000549316406,88910
2025-08-28,207.30999755859375,207.30999755859375,210.83999633789062,201.99000549316406,201.99000549316406,78276
2025-08-29,205.4199981689453,205.4199981689453,211.6999969482422,204.0,209.99000549316406,43127
2025-09-01,205.35000610351562,205.35000610351562,209.85000610351562,201.16000366210938,207.99000549316406,49522
2025-09-02,204.8300018310547,204.8300018310547,213.02000427246094,202.5,202.5,56455
2025-09-03,201.91000366210938,201.91000366210938,206.88999938964844,200.36000061035156,205.10000610351562,77565
2025-09-04,202.66000366210938,202.66000366210938,207.99000549316406,202.0500030517578,203.0,49447
2025-09-05,202.3300018310547,202.3300018310547,204.69000244140625,200.0,203.6699981689453,29931
2025-09-08,199.3000030517578,199.3000030517578,204.10000610351562,198.0,204.0,50102
2025-09-09,197.6300048828125,197.6300048828125,202.6999969482422,195.5,202.6999969482422,33055
2025-09-10,197.8800048828125,197.8800048828125,201.60000610351562,197.0500030517578,199.0,58478
2025-09-11,196.8300018310547,196.8300018310547,199.89999389648438,196.02000427246094,199.89999389648438,44508
2025-09-12,195.4499969482422,195.4499969482422,199.6199951171875,195.11000061035156,196.0,28168
2025-09-15,191.35000610351562,191.35000610351562,196.8000030517578,190.5,196.8000030517578,50997
2025-09-16,192.44000244140625,192.44000244140625,193.9499969482422,190.50999450683594,191.00999450683594,40705
2025-09-17,193.16000366210938,193.16000366210938,199.0,191.1999969482422,191.1999969482422,85604
2025-09-18,192.57000732421875,192.57000732421875,196.35000610351562,191.1999969482422,195.00999450683594,67113
2025-09-19,178.60000610351562,178.60000610351562,195.39999389648438,176.60000610351562,193.0399932861328,195772
2025-09-22,196.4600067138672,196.4600067138672,196.4600067138672,180.11000061035156,184.99000549316406,231222
2025-09-23,204.02999877929688,204.02999877929688,208.0,190.52000427246094,198.8000030517578,205463
2025-09-24,203.02000427246094,203.02000427246094,207.89999389648438,198.1999969482422,203.0,71867
2025-09-25,198.41000366210938,198.41000366210938,205.77000427246094,197.0,205.77000427246094,72791
2025-09-26,191.7100067138672,191.7100067138672,198.35000610351562,189.00999450683594,197.25,62477
2025-09-29,191.9600067138672,191.9600067138672,196.9499969482422,190.36000061035156,196.9499969482422,28407
2025-09-30,188.25999450683594,188.25999450683594,197.27000427246094,186.60000610351562,191.9600067138672,34184
2025-10-01,191.41000366210938,191.41000366210938,192.4499969482422,189.10000610351562,190.94000244140625,35031
2025-10-03,192.25999450683594,192.25999450683594,198.69000244140625,188.10000610351562,190.0,73564
2025-10-06,191.7100067138672,191.7100067138672,196.8300018310547,190.5,193.0,50673
2025-10-07,190.44000244140625,190.44000244140625,195.49000549316406,186.3000030517578,191.7100067138672,54008
2025-10-08,190.10000610351562,190.10000610351562,193.6999969482422,186.6999969482422,188.14999389648438,42732
2025-10-09,194.60000610351562,194.60000610351562,195.0,188.33999633789062,190.0,52117
2025-10-10,191.25,191.25,199.99000549316406,190.5500030517578,197.99000549316406,46125
2025-10-13,188.8699951171875,188.8699951171875,195.0,186.4600067138672,193.2899932861328,57444
2025-10-14,185.63999938964844,185.63999938964844,194.5800018310547,185.0,192.60000610351562,21989
2025-10-15,176.19000244140625,176.19000244140625,188.02999877929688,173.8699951171875,184.1300048828125,121303
2025-10-16,183.11000061035156,183.11000061035156,185.0,176.25,176.25,74188
2025-10-17,184.0500030517578,184.0500030517578,187.00999450683594,180.36000061035156,183.11000061035156,37270
2025-10-20,198.63999938964844,198.63999938964844,200.0,182.39999389648438,184.0,146973
2025-10-21,195.80999755859375,195.80999755859375,201.85000610351562,194.13999938964844,201.35000610351562,19655
2025-10-23,192.10000610351562,192.10000610351562,199.0,191.49000549316406,199.0,27821
2025-10-24,193.86000061035156,193.86000061035156,195.0,191.49000549316406,195.0,28586
2025-10-27,196.83999633789062,196.83999633789062,198.0,189.0800018310547,194.0,98786
2025-10-28,192.86000061035156,192.86000061035156,200.0,192.0,195.49000549316406,57589
2025-10-29,190.07000732421875,190.07000732421875,196.5,188.64999389648438,196.5,62009
2025-10-30,193.6699981689453,193.6699981689453,194.5,189.94000244140625,190.07000732421875,26295
2025-10-31,189.0,189.0,194.85000610351562,185.1999969482422,191.72999572753906,34034
2025-11-03,188.75,188.75,192.58999633789062,187.30999755859375,189.0,19794
2025-11-04,187.5500030517578,187.5500030517578,192.60000610351562,186.0,192.60000610351562,21866
2025-11-06,181.58999633789062,181.58999633789062,188.89999389648438,180.0,188.89999389648438,40639
2025-11-07,190.4600067138672,190.4600067138672,193.6999969482422,181.24000549316406,181.58999633789062,41400
2025-11-10,185.61000061035156,185.61000061035156,195.64999389648438,180.1699981689453,185.0,66457
2025-11-11,181.8800048828125,181.8800048828125,189.38999938964844,175.0,188.0,39988
2025-11-12,177.86000061035156,177.86000061035156,179.6999969482422,175.0,175.0,55471
2025-11-13,181.27000427246094,181.27000427246094,184.89999389648438,178.25,184.89999389648438,17421
2025-11-14,182.5800018310547,182.5800018310547,184.2899932861328,180.00999450683594,181.0,13624
2025-11-17,181.25999450683594,181.25999450683594,185.89999389648438,180.0,185.89999389648438,19273
2025-11-18,177.3800048828125,177.3800048828125,183.5,176.5,183.5,23877
2025-11-19,177.74000549316406,177.74000549316406,182.7100067138672,177.0,180.05999755859375,43047
2025-11-20,168.11000061035156,168.11000061035156,182.0,164.00999450683594,177.6999969482422,185623
2025-11-21,170.82000732421875,170.82000732421875,172.99000549316406,168.16000366210938,169.4499969482422,48401
2025-11-24,160.5500030517578,160.5500030517578,174.0,160.0,174.0,87584
2025-11-25,157.69000244140625,157.69000244140625,166.3000030517578,156.0,161.5,46913
2025-11-26,161.2100067138672,161.2100067138672,161.74000549316406,158.47999572753906,161.41000366210938,37343
2025-11-27,153.19000244140625,153.19000244140625,168.0,152.10000610351562,161.0,187053
2025-11-28,158.3300018310547,158.3300018310547,159.8000030517578,152.11000061035156,153.75,59823
2025-12-01,154.63999938964844,154.63999938964844,159.11000061035156,154.24000549316406,155.25,40525
2025-12-02,146.24000549316406,146.24000549316406,156.75,144.39999389648438,153.39999389648438,148240
2025-12-03,150.27000427246094,150.27000427246094,152.0,144.0,147.89999389648438,72420
2025-12-04,150.6199951171875,150.6199951171875,155.75,147.0,147.08999633789062,56249
2025-12-05,148.75999450683594,148.75999450683594,154.88999938964844,147.4600067138672,154.88999938964844,47873
2025-12-08,142.8000030517578,142.8000030517578,151.86000061035156,140.6199951171875,148.0,33057
2025-12-09,148.6999969482422,148.6999969482422,149.49000549316406,138.9600067138672,142.8000030517578,54739
2025-12-10,152.24000549316406,152.24000549316406,154.89999389648438,148.0,148.60000610351562,39697
2025-12-11,153.8800048828125,153.8800048828125,158.0,150.0,153.0,51428
2025-12-12,173.61000061035156,173.61000061035156,179.0,153.02000427246094,154.6999969482422,847817
2025-12-15,173.55999755859375,173.55999755859375,175.8000030517578,166.8800048828125,169.6699981689453,135601
2025-12-16,165.89999389648438,165.89999389648438,175.19000244140625,164.67999267578125,173.6999969482422,47882
2025-12-17,165.0500030517578,165.0500030517578,171.5,163.0,166.10000610351562,30746
2025-12-18,161.50999450683594,161.50999450683594,169.13999938964844,160.13999938964844,164.0,34770
2025-12-19,167.0399932861328,167.0399932861328,169.89999389648438,160.52000427246094,161.4499969482422,37323
2025-12-22,166.00999450683594,166.00999450683594,169.75,165.0,165.35000610351562,57237
2025-12-23,168.0,168.0,169.89999389648438,164.0,169.89999389648438,47176
2025-12-24,164.7899932861328,164.7899932861328,171.0,161.8000030517578,168.10000610351562,49672
2025-12-26,166.41000366210938,166.41000366210938,167.9499969482422,162.60000610351562,166.1999969482422,56926
2025-12-29,161.67999267578125,161.67999267578125,169.2899932861328,160.10000610351562,165.6999969482422,51851
2025-12-30,162.2100067138672,162.2100067138672,166.63999938964844,160.86000061035156,160.86000061035156,44410
2025-12-31,162.6999969482422,162.6999969482422,164.89999389648438,161.00999450683594,161.00999450683594,19809
2026-01-01,170.44000244140625,170.44000244140625,175.00999450683594,163.52000427246094,166.49000549316406,121928
2026-01-02,169.35000610351562,169.35000610351562,174.69000244140625,168.11000061035156,170.99000549316406,17109
2026-01-05,190.52000427246094,190.52000427246094,194.69000244140625,173.39999389648438,180.5,1715675
2026-01-06,186.99000549316406,186.99000549316406,191.89999389648438,184.0,190.52000427246094,231827
2026-01-07,180.55999755859375,180.55999755859375,186.9499969482422,177.4199981689453,183.47000122070312,130909
2026-01-08,176.0800018310547,176.0800018310547,182.2899932861328,175.0,179.5,87226
2026-01-09,186.39999389648438,186.39999389648438,189.9499969482422,176.13999938964844,176.14999389648438,143574
2026-01-12,179.2899932861328,179.2899932861328,185.69000244140625,178.10000610351562,185.0,75929
2026-01-13,180.32000732421875,180.32000732421875,187.97000122070312,178.3000030517578,178.3000030517578,88204
2026-01-14,184.61000061035156,184.61000061035156,186.89999389648438,170.0,180.8000030517578,106175
2026-01-15,184.61000061035156,184.61000061035156,184.61000061035156,184.61000061035156,184.61000061035156,0
2026-01-16,190.60000610351562,190.60000610351562,194.6999969482422,185.52999877929688,185.5399932861328,111326
2026-01-19,177.75,177.75,194.8000030517578,175.14999389648438,190.0,107769
2026-01-20,164.2899932861328,164.2899932861328,176.8000030517578,162.1999969482422,176.8000030517578,133312
2026-01-21,162.91000366210938,162.91000366210938,169.0,160.0,163.99000549316406,77412
2026-01-22,164.3800048828125,164.3800048828125,167.8300018310547,163.00999450683594,165.0,37813
2026-01-23,154.6300048828125,154.6300048828125,165.8000030517578,151.05999755859375,165.8000030517578,48118
2026-01-27,158.52000427246094,158.52000427246094,163.0,151.10000610351562,154.0,51446
2026-01-28,167.3699951171875,167.3699951171875,168.5500030517578,158.0,158.0,52619
2026-01-29,171.74000549316406,171.74000549316406,173.39999389648438,165.50999450683594,169.0,40490
2026-01-30,174.92999267578125,174.92999267578125,178.5,170.52000427246094,171.25999450683594,68301
2026-02-02,176.9199981689453,176.9199981689453,179.9499969482422,167.1999969482422,171.0,84711
2026-02-03,175.60000610351562,175.60000610351562,183.89999389648438,175.0,180.89999389648438,53324
2026-02-04,176.6300048828125,176.6300048828125,177.89999389648438,173.35000610351562,173.35000610351562,19965
2026-02-05,173.38999938964844,173.38999938964844,178.64999389648438,171.10000610351562,176.5500030517578,24732
2026-02-06,170.60000610351562,170.60000610351562,175.36000061035156,169.77999877929688,173.30999755859375,13830
2026-02-09,179.67999267578125,179.67999267578125,181.0,171.1300048828125,173.89999389648438,71301
2026-02-10,180.1699981689453,180.1699981689453,181.8000030517578,176.0,180.35000610351562,30043
2026-02-11,180.75999450683594,180.75999450683594,185.83999633789062,176.0800018310547,180.1699981689453,57173
2026-02-12,178.5,178.5,184.36000061035156,177.0,177.0,24559
2026-02-13,177.52000427246094,177.52000427246094,183.89999389648438,176.14999389648438,179.0,63823
2026-02-16,179.4499969482422,179.4499969482422,180.1699981689453,172.5,179.8000030517578,38072
2026-02-17,178.4600067138672,178.4600067138672,183.5,173.16000366210938,182.0,48735
2026-02-18,180.92999267578125,180.92999267578125,184.10000610351562,176.99000549316406,177.55999755859375,41763
2026-02-19,179.99000549316406,179.99000549316406,181.97999572753906,175.3000030517578,175.3000030517578,27701
2026-02-20,180.63999938964844,180.63999938964844,182.35000610351562,176.8300018310547,180.0,22023
2026-02-23,181.07000732421875,181.07000732421875,182.6999969482422,177.3699951171875,180.5,56092
2026-02-24,180.97000122070312,180.97000122070312,182.0,179.13999938964844,182.0,19833
2026-02-25,181.5399932861328,181.5399932861328,183.0,178.57000732421875,179.0,46752
2026-02-26,184.25999450683594,184.25999450683594,185.0,175.1999969482422,177.0,39297
2026-02-27,185.11000061035156,185.11000061035156,186.2899932861328,181.25999450683594,184.25999450683594,41322
2026-03-02,182.4600067138672,182.4600067138672,184.0,170.2100067138672,176.8000030517578,43412
2026-03-04,186.82000732421875,186.82000732421875,194.0,180.0,180.0,61853
2026-03-05,196.47000122070312,196.47000122070312,198.6999969482422,187.0500030517578,187.0500030517578,110647
2026-03-06,205.61000061035156,205.61000061035156,224.0,194.41000366210938,200.0,655464
2026-03-09,208.97000122070312,208.97000122070312,232.0,197.00999450683594,232.0,287222
2026-03-10,216.22999572753906,216.22999572753906,224.19000244140625,212.47999572753906,214.0,137945
2026-03-11,209.75999450683594,209.75999450683594,222.9499969482422,200.0,219.0,224824
2026-03-12,210.5,210.5,214.89999389648438,198.0,205.5500030517578,91553
2026-03-13,199.10000610351562,199.10000610351562,209.66000366210938,196.5,205.5,64545
2026-03-16,203.60000610351562,203.60000610351562,208.0,193.8000030517578,200.0,98616
2026-03-17,199.8000030517578,199.8000030517578,208.4499969482422,197.5,203.50999450683594,54389
2026-03-18,207.10000610351562,207.10000610351562,211.0,203.1999969482422,204.89999389648438,60671
2026-03-19,199.39999389648438,199.39999389648438,206.00999450683594,197.4199981689453,204.14999389648438,49421
2026-03-20,198.3300018310547,198.3300018310547,205.35000610351562,197.00999450683594,197.00999450683594,51806
2026-03-23,191.4499969482422,191.4499969482422,197.99000549316406,190.9499969482422,195.07000732421875,52881
2026-03-24,190.25,190.25,202.49000549316406,189.0,193.22000122070312,119685
2026-03-25,201.6699981689453,201.6699981689453,207.0,183.1999969482422,190.25,330042
2026-03-27,205.00999450683594,205.00999450683594,208.14999389648438,196.0,202.0,138030
2026-03-30,201.5,201.5,206.0,198.02000427246094,204.99000549316406,85780
2026-04-01,209.25,209.25,212.0,201.5,207.99000549316406,68096
2026-04-02,214.22999572753906,214.22999572753906,216.39999389648438,202.89999389648438,206.0,48797
2026-04-06,218.6199951171875,218.6199951171875,221.3000030517578,215.0,215.0,63990
2026-04-07,216.0399932861328,216.0399932861328,218.6300048828125,211.52000427246094,218.6300048828125,40160
2026-04-08,220.1699981689453,220.1699981689453,224.60000610351562,216.3000030517578,224.35000610351562,56170
2026-04-09,221.32000732421875,221.32000732421875,224.6999969482422,216.8000030517578,224.6999969482422,54590
2026-04-10,233.77999877929688,233.77999877929688,236.0,220.89999389648438,224.0,111838
2026-04-13,258.1099853515625,258.1099853515625,264.0,220.38999938964844,233.77999877929688,316720
2026-04-15,276.2699890136719,276.2699890136719,283.0,264.29998779296875,266.79998779296875,326397
2026-04-16,262.6400146484375,262.6400146484375,279.92999267578125,261.6000061035156,277.20001220703125,124602
2026-04-17,275.2699890136719,275.2699890136719,282.6000061035156,262.0899963378906,268.20001220703125,195530
2026-04-20,279.0299987792969,279.0299987792969,284.79998779296875,270.5,279.0,89437
2026-04-21,277.2699890136719,277.2699890136719,286.79998779296875,275.5299987792969,279.0299987792969,88003
2026-04-22,265.989990234375,265.989990234375,277.0,264.20001220703125,273.82000732421875,49997
2026-04-23,252.6999969482422,252.6999969482422,267.8999938964844,252.6999969482422,262.6499938964844,13533
2026-04-24,265.3299865722656,265.3299865722656,265.3299865722656,240.07000732421875,240.07000732421875,145837
2026-04-27,268.20001220703125,268.20001220703125,277.0,262.8500061035156,264.75,26495
