Date,Adj Close,Close,High,Low,Open,Volume
2020-01-01,193.3955841064453,195.6999969482422,196.9499969482422,190.1999969482422,190.1999969482422,172682
2020-01-02,195.81675720214844,198.14999389648438,207.0,194.35000610351562,196.89999389648438,841352
2020-01-03,192.35797119140625,194.64999389648438,198.1999969482422,193.0,197.89999389648438,317651
2020-01-06,187.9109344482422,190.14999389648438,193.5,188.39999389648438,193.5,148573
2020-01-07,190.33209228515625,192.60000610351562,193.9499969482422,190.9499969482422,190.9499969482422,103912
2020-01-08,190.52972412109375,192.8000030517578,194.14999389648438,189.0,190.4499969482422,112813
2020-01-09,191.2709197998047,193.5500030517578,196.10000610351562,192.1999969482422,195.9499969482422,245946
2020-01-10,193.88970947265625,196.1999969482422,198.60000610351562,192.3000030517578,193.9499969482422,395714
2020-01-13,194.5814666748047,196.89999389648438,199.1999969482422,193.3000030517578,198.85000610351562,212630
2020-01-14,191.71560668945312,194.0,198.5,193.10000610351562,198.5,762425
2020-01-15,190.77679443359375,193.0500030517578,193.5,188.60000610351562,193.0500030517578,172370
2020-01-16,192.20973205566406,194.5,197.8000030517578,193.0,193.9499969482422,290122
2020-01-17,195.125,197.4499969482422,198.5,192.8000030517578,194.5,244606
2020-01-20,194.23561096191406,196.5500030517578,204.39999389648438,193.14999389648438,202.10000610351562,572131
2020-01-21,192.80267333984375,195.10000610351562,196.0,193.10000610351562,195.0,143579
2020-01-22,189.93678283691406,192.1999969482422,196.25,191.10000610351562,196.25,91419
2020-01-23,194.5320587158203,196.85000610351562,198.0,192.0500030517578,192.8000030517578,255732
2020-01-24,193.93911743164062,196.25,197.85000610351562,194.5,197.85000610351562,283047
2020-01-27,193.6426544189453,195.9499969482422,198.5,193.0,195.39999389648438,139826
2020-01-28,192.35797119140625,194.64999389648438,197.85000610351562,193.5500030517578,196.39999389648438,78002
2020-01-29,194.82850646972656,197.14999389648438,205.35000610351562,193.25,195.6999969482422,644349
2020-01-30,195.0755615234375,197.39999389648438,198.4499969482422,195.0,197.39999389648438,760823
2020-01-31,196.0637969970703,198.39999389648438,202.0,196.10000610351562,198.0,198027
2020-02-03,189.09683227539062,191.35000610351562,193.89999389648438,184.4499969482422,191.0,254683
2020-02-04,189.14620971679688,191.39999389648438,195.60000610351562,190.0,191.5,131243
2020-02-05,195.6190948486328,197.9499969482422,202.0,191.89999389648438,191.89999389648438,441314
2020-02-06,193.44500732421875,195.75,205.14999389648438,193.6999969482422,199.89999389648438,555173
2020-02-07,197.59555053710938,199.9499969482422,201.89999389648438,196.1999969482422,196.1999969482422,285700
2020-02-10,194.87789916992188,197.1999969482422,201.0,192.14999389648438,200.0,380013
2020-02-11,195.71791076660156,198.0500030517578,200.5,192.64999389648438,197.0,471087
2020-02-12,196.70614624023438,199.0500030517578,200.5500030517578,196.5,199.0,156593
2020-02-13,200.1155242919922,202.5,205.89999389648438,200.0,204.9499969482422,523302
2020-02-14,200.0166778564453,202.39999389648438,204.1999969482422,200.64999389648438,204.1999969482422,174770
2020-02-17,205.84722900390625,208.3000030517578,214.85000610351562,200.1999969482422,204.0,839531
2020-02-18,199.47317504882812,201.85000610351562,208.6999969482422,194.39999389648438,207.1999969482422,564905
2020-02-19,199.96730041503906,202.35000610351562,205.75,201.14999389648438,203.25,114380
2020-02-20,195.96499633789062,198.3000030517578,203.64999389648438,197.10000610351562,201.85000610351562,175656
2020-02-24,192.01210021972656,194.3000030517578,200.5,192.60000610351562,196.5,238898
2020-02-25,187.0709686279297,189.3000030517578,195.8000030517578,186.39999389648438,194.1999969482422,254668
2020-02-26,180.1039581298828,182.25,188.5,181.10000610351562,188.0,208659
2020-02-27,174.3722686767578,176.4499969482422,181.5,174.25,181.5,330074
2020-02-28,169.43113708496094,171.4499969482422,173.75,167.5,171.60000610351562,328196
2020-03-02,171.01229858398438,173.0500030517578,177.0,170.5500030517578,177.0,751312
2020-03-03,178.42398071289062,180.5500030517578,184.6999969482422,172.0,175.0,188802
2020-03-04,178.67105102539062,180.8000030517578,182.9499969482422,176.10000610351562,180.5500030517578,264121
2020-03-05,175.60755920410156,177.6999969482422,183.3000030517578,176.10000610351562,180.8000030517578,56655
2020-03-06,171.2099609375,173.25,176.89999389648438,168.25,168.25,252634
2020-03-09,165.1817626953125,167.14999389648438,170.5500030517578,161.9499969482422,169.1999969482422,141079
2020-03-11,165.03353881835938,167.0,171.0,165.0,165.89999389648438,290654
2020-03-12,148.23370361328125,150.0,162.60000610351562,138.10000610351562,162.60000610351562,496476
2020-03-13,147.937255859375,149.6999969482422,155.35000610351562,130.0,135.0,211136
2020-03-16,138.94439697265625,140.60000610351562,145.9499969482422,132.5500030517578,145.89999389648438,319955
2020-03-17,133.4597625732422,135.0500030517578,140.60000610351562,129.8000030517578,137.14999389648438,1279141
2020-03-18,125.65277862548828,127.1500015258789,139.89999389648438,121.05000305175781,136.6999969482422,1163050
2020-03-19,115.28506469726562,116.19999694824219,122.5,102.0999984741211,122.0,843320
2020-03-20,124.01577758789062,125.0,127.19999694824219,112.0,118.0,453169
2020-03-23,99.21261596679688,100.0,123.0,100.0,106.0,187931
2020-03-24,85.96773529052734,86.6500015258789,111.30000305175781,85.69999694824219,111.30000305175781,198138
2020-03-25,84.28112030029297,84.94999694824219,86.6500015258789,80.0,83.0,132409
2020-03-26,92.66458892822266,93.4000015258789,93.4000015258789,82.0999984741211,86.0,479727
2020-03-27,90.18427276611328,90.9000015258789,102.69999694824219,87.44999694824219,99.9000015258789,173215
2020-03-30,85.02522277832031,85.69999694824219,90.0999984741211,81.8499984741211,88.05000305175781,76075
2020-03-31,93.25985717773438,94.0,94.25,86.9000015258789,86.9000015258789,259243
2020-04-01,95.93860626220703,96.69999694824219,97.9000015258789,91.30000305175781,95.9000015258789,47164
2020-04-03,90.63072204589844,91.3499984741211,99.5,90.1500015258789,99.5,331692
2020-04-07,94.00395202636719,94.75,99.1500015258789,94.0,97.75,120716
2020-04-08,98.0220718383789,98.80000305175781,102.0,93.55000305175781,95.0,62224
2020-04-09,107.24883270263672,108.0999984741211,108.6500015258789,99.5,102.0,170610
2020-04-13,111.36617279052734,112.25,114.0,108.0,108.0,144485
2020-04-15,119.35277557373047,120.30000305175781,123.3499984741211,112.94999694824219,112.94999694824219,183065
2020-04-16,124.06538391113281,125.05000305175781,126.30000305175781,115.0999984741211,124.94999694824219,134515
2020-04-17,130.2661895751953,131.3000030517578,131.3000030517578,128.1999969482422,130.85000610351562,71345
2020-04-20,134.82992553710938,135.89999389648438,137.85000610351562,133.10000610351562,137.85000610351562,83426
2020-04-21,128.1331024169922,129.14999389648438,132.89999389648438,129.14999389648438,132.0500030517578,20881
2020-04-22,121.73387908935547,122.69999694824219,126.5,122.69999694824219,123.6500015258789,30278
2020-04-23,124.114990234375,125.0999984741211,128.4499969482422,120.0,121.69999694824219,118696
2020-04-24,123.12285614013672,124.0999984741211,127.0999984741211,122.05000305175781,125.0999984741211,39887
2020-04-27,122.1307373046875,123.0999984741211,128.0,120.25,124.0999984741211,54486
2020-04-28,121.88269805908203,122.8499984741211,124.19999694824219,118.3499984741211,123.94999694824219,42879
2020-04-29,124.80947875976562,125.80000305175781,127.05000305175781,121.75,122.05000305175781,122022
2020-04-30,126.64491271972656,127.6500015258789,129.6999969482422,124.80000305175781,128.60000610351562,258955
2020-05-04,120.34490203857422,121.30000305175781,124.8499984741211,121.30000305175781,122.9000015258789,101440
2020-05-05,114.39215087890625,115.30000305175781,122.75,115.25,121.0,53920
2020-05-06,110.4732437133789,111.3499984741211,115.9000015258789,109.55000305175781,115.30000305175781,181783
2020-05-07,107.69529724121094,108.55000305175781,111.6500015258789,106.1500015258789,110.0,50147
2020-05-08,104.86773681640625,105.69999694824219,113.94999694824219,103.1500015258789,109.94999694824219,97140
2020-05-11,105.3637924194336,106.19999694824219,110.0,104.19999694824219,107.0,60243
2020-05-12,105.41339874267578,106.25,108.69999694824219,102.19999694824219,105.69999694824219,54713
2020-05-13,109.03467559814453,109.9000015258789,111.55000305175781,109.0,111.55000305175781,969882
2020-05-14,112.06065368652344,112.94999694824219,115.3499984741211,111.0,115.3499984741211,231342
2020-05-15,108.88584899902344,109.75,114.9000015258789,109.1500015258789,113.9000015258789,76667
2020-05-18,103.47876739501953,104.30000305175781,109.9000015258789,104.30000305175781,109.75,49059
2020-05-19,103.28033447265625,104.0999984741211,105.75,102.19999694824219,104.0,73563
2020-05-20,102.68506622314453,103.5,105.0,102.5,103.9000015258789,35258
2020-05-21,103.42916107177734,104.25,108.5999984741211,103.0999984741211,104.0,55751
2020-05-22,102.58585357666016,103.4000015258789,106.5,102.6500015258789,104.25,30387
2020-05-26,102.04016876220703,102.8499984741211,104.80000305175781,102.05000305175781,103.25,22981
2020-05-27,101.34569549560547,102.1500015258789,104.0,101.19999694824219,102.8499984741211,40632
2020-05-28,100.50238800048828,101.30000305175781,105.5,101.0,102.8499984741211,104164
2020-05-29,105.066162109375,105.9000015258789,106.30000305175781,101.69999694824219,103.75,96072
2020-06-01,108.48900604248047,109.3499984741211,111.0,106.55000305175781,107.9000015258789,76416
2020-06-02,109.08427429199219,109.94999694824219,114.80000305175781,108.5999984741211,114.75,106753
2020-06-03,108.58820343017578,109.44999694824219,113.0,108.1500015258789,111.1500015258789,194234
2020-06-04,109.33230590820312,110.19999694824219,111.0,109.94999694824219,110.0,73988
2020-06-05,116.42601013183594,117.3499984741211,119.9000015258789,111.25,113.5,211418
2020-06-08,128.5299530029297,129.5500030517578,133.0,121.75,128.6999969482422,349492
2020-06-09,122.57718658447266,123.55000305175781,130.6999969482422,122.0,130.0,170357
2020-06-10,127.88504791259766,128.89999389648438,129.89999389648438,122.25,124.0,193368
2020-06-11,125.75199890136719,126.75,131.9499969482422,126.0,131.9499969482422,196198
2020-06-12,124.01577758789062,125.0,125.94999694824219,118.0,118.19999694824219,115797
2020-06-15,126.39688110351562,127.4000015258789,129.0,122.5999984741211,125.0,578580
2020-06-16,126.14884185791016,127.1500015258789,131.89999389648438,121.94999694824219,129.89999389648438,106640
2020-06-17,128.9268035888672,129.9499969482422,130.89999389648438,124.0999984741211,127.1500015258789,98491
2020-06-18,133.83779907226562,134.89999389648438,135.9499969482422,128.9499969482422,129.89999389648438,288845
2020-06-19,131.3574981689453,132.39999389648438,138.0,131.0,135.39999389648438,188622
2020-06-22,128.87718200683594,129.89999389648438,131.89999389648438,127.1500015258789,131.10000610351562,113102
2020-06-23,132.30003356933594,133.35000610351562,138.0,127.25,132.85000610351562,200102
2020-06-24,134.18505859375,135.25,142.39999389648438,134.0,139.89999389648438,355331
2020-06-25,131.7047576904297,132.75,138.9499969482422,130.4499969482422,135.5,271136
2020-06-26,138.153564453125,139.25,152.0,137.0,152.0,1287968
2020-06-29,140.9315185546875,142.0500030517578,144.85000610351562,140.0,142.0,335605
2020-06-30,142.02285766601562,143.14999389648438,144.4499969482422,141.6999969482422,143.39999389648438,127622
2020-07-01,141.6260223388672,142.75,146.0,142.0,145.0,118708
2020-07-02,147.9756317138672,149.14999389648438,152.39999389648438,143.1999969482422,144.9499969482422,714048
2020-07-03,154.82130432128906,156.0500030517578,157.4499969482422,150.89999389648438,150.89999389648438,683446
2020-07-06,153.1346893310547,154.35000610351562,158.35000610351562,153.1999969482422,158.35000610351562,242391
2020-07-07,150.85279846191406,152.0500030517578,155.3000030517578,150.89999389648438,154.0,115502
2020-07-08,143.7590789794922,144.89999389648438,152.25,142.10000610351562,152.0500030517578,200161
2020-07-09,146.78506469726562,147.9499969482422,150.0,146.0,146.39999389648438,163740
2020-07-10,146.53701782226562,147.6999969482422,149.64999389648438,146.0,148.89999389648438,93277
2020-07-13,143.95751953125,145.10000610351562,149.60000610351562,144.5500030517578,149.60000610351562,87489
2020-07-14,140.9315185546875,142.0500030517578,144.85000610351562,140.35000610351562,144.85000610351562,91802
2020-07-15,135.42523193359375,136.5,143.89999389648438,135.0,142.0500030517578,126154
2020-07-16,138.6000213623047,139.6999969482422,141.39999389648438,134.75,138.0,89325
2020-07-17,137.60791015625,138.6999969482422,140.0,135.1999969482422,139.5,85068
2020-07-20,138.153564453125,139.25,143.35000610351562,138.0,139.0,68559
2020-07-21,140.18743896484375,141.3000030517578,145.0,140.0,140.25,73822
2020-07-22,138.30239868164062,139.39999389648438,142.5,139.1999969482422,142.5,33179
2020-07-23,139.04647827148438,140.14999389648438,142.0,136.5,139.8000030517578,65626
2020-07-24,146.8346710205078,148.0,152.39999389648438,145.14999389648438,147.75,958404
2020-07-27,140.1378173828125,141.25,149.0,140.5,148.0,114621
2020-07-28,138.0047607421875,139.10000610351562,142.0,138.3000030517578,141.89999389648438,88129
2020-07-29,137.26068115234375,138.35000610351562,140.75,137.4499969482422,140.0,76873
2020-07-30,136.07009887695312,137.14999389648438,139.39999389648438,136.14999389648438,138.1999969482422,61649
2020-07-31,132.34963989257812,133.39999389648438,138.0,132.1999969482422,137.1999969482422,121556
2020-08-03,129.91893005371094,130.9499969482422,133.0,130.4499969482422,132.1999969482422,67905
2020-08-04,131.80397033691406,132.85000610351562,133.6999969482422,129.0,131.39999389648438,101259
2020-08-05,127.09136199951172,128.10000610351562,134.6999969482422,126.5,133.89999389648438,508113
2020-08-06,132.74649047851562,133.8000030517578,139.85000610351562,127.44999694824219,128.4499969482422,963206
2020-08-07,133.09373474121094,134.14999389648438,135.6999969482422,132.5,135.6999969482422,144013
2020-08-10,137.35986328125,138.4499969482422,139.9499969482422,135.3000030517578,135.8000030517578,279580
2020-08-11,140.28662109375,141.39999389648438,143.0,139.0,139.0,184487
2020-08-12,139.1457061767578,140.25,141.89999389648438,138.25,141.4499969482422,195599
2020-08-13,141.9732666015625,143.10000610351562,144.39999389648438,139.85000610351562,141.8000030517578,110570
2020-08-14,139.5921630859375,140.6999969482422,146.64999389648438,138.39999389648438,145.0,138849
2020-08-17,141.57638549804688,142.6999969482422,145.5,140.10000610351562,145.5,117241
2020-08-18,145.79293823242188,146.9499969482422,150.39999389648438,142.0500030517578,142.89999389648438,271779
2020-08-19,155.2677459716797,156.5,158.6999969482422,147.39999389648438,147.39999389648438,747465
2020-08-20,155.16854858398438,156.39999389648438,161.64999389648438,154.0,156.5,270904
2020-08-21,157.2519989013672,158.5,162.4499969482422,156.1999969482422,157.0500030517578,259857
2020-08-24,153.53152465820312,154.75,160.75,152.75,157.14999389648438,187089
2020-08-25,172.6299591064453,174.0,176.4499969482422,156.6999969482422,158.0,2068425
2020-08-26,169.10791015625,170.4499969482422,174.39999389648438,167.9499969482422,174.39999389648438,444962
2020-08-27,167.76853942871094,169.10000610351562,174.89999389648438,167.5,171.89999389648438,272201
2020-08-28,167.9669647216797,169.3000030517578,174.0,168.4499969482422,172.14999389648438,477539
2020-08-31,168.31419372558594,169.64999389648438,178.0,167.89999389648438,172.64999389648438,1015294
2020-09-01,170.94334411621094,172.3000030517578,177.0,169.0,175.0,503580
2020-09-02,169.20712280273438,170.5500030517578,174.75,169.10000610351562,174.0,154915
2020-09-03,166.1315155029297,167.4499969482422,173.4499969482422,166.8000030517578,172.5,186316
2020-09-04,161.2205047607422,162.5,165.10000610351562,161.0500030517578,165.0,194535
2020-09-07,160.6748504638672,161.9499969482422,166.0,159.6999969482422,163.5,170683
2020-09-08,153.6307373046875,154.85000610351562,163.4499969482422,151.1999969482422,163.39999389648438,138056
2020-09-09,150.8031768798828,152.0,153.85000610351562,147.9499969482422,153.85000610351562,110725
2020-09-10,153.8291778564453,155.0500030517578,160.0,153.0500030517578,153.0500030517578,142168
2020-09-11,156.25987243652344,157.5,170.0,156.0,156.3000030517578,169513
2020-09-14,164.04806518554688,165.35000610351562,172.5,161.10000610351562,161.89999389648438,501731
2020-09-15,169.5543670654297,170.89999389648438,174.10000610351562,167.10000610351562,167.85000610351562,354414
2020-09-16,170.1000213623047,171.4499969482422,173.3000030517578,167.0,171.5500030517578,151535
2020-09-17,169.901611328125,171.25,175.0,170.25,171.0,299098
2020-09-18,168.06617736816406,169.39999389648438,172.14999389648438,168.39999389648438,171.89999389648438,94456
2020-09-21,158.64096069335938,159.89999389648438,173.0,155.6999969482422,171.89999389648438,175448
2020-09-22,161.31971740722656,162.60000610351562,167.3000030517578,150.3000030517578,159.85000610351562,162769
2020-09-23,158.34335327148438,159.60000610351562,170.0,156.10000610351562,163.4499969482422,150730
2020-09-24,154.67245483398438,155.89999389648438,159.0,153.0,156.0,136058
2020-09-25,154.57325744628906,155.8000030517578,158.85000610351562,154.10000610351562,158.0,107776
2020-09-28,157.1527862548828,158.39999389648438,162.89999389648438,157.14999389648438,159.0,139959
2020-09-29,154.27561950683594,155.5,161.4499969482422,154.89999389648438,159.6999969482422,123738
2020-09-30,154.97010803222656,156.1999969482422,158.6999969482422,155.10000610351562,158.6999969482422,55676
2020-10-01,156.95437622070312,158.1999969482422,159.1999969482422,157.14999389648438,157.14999389648438,47223
2020-10-05,160.07957458496094,161.35000610351562,161.6999969482422,160.0,160.0,139733
2020-10-06,163.80003356933594,165.10000610351562,165.8000030517578,161.4499969482422,163.6999969482422,135890
2020-10-07,162.21263122558594,163.5,166.0,158.4499969482422,165.0500030517578,157212
2020-10-08,162.65908813476562,163.9499969482422,165.0500030517578,159.5500030517578,165.0,318556
2020-10-09,159.48426818847656,160.75,165.0,159.8000030517578,165.0,116548
2020-10-12,164.29611206054688,165.60000610351562,167.5,160.1999969482422,163.5,728172
2020-10-13,164.6433563232422,165.9499969482422,169.5,163.0,169.5,281955
2020-10-14,163.80003356933594,165.10000610351562,167.0500030517578,162.39999389648438,165.1999969482422,283650
2020-10-15,164.44491577148438,165.75,167.85000610351562,162.0500030517578,166.0,396506
2020-10-16,163.60162353515625,164.89999389648438,168.0,163.4499969482422,166.5,95665
2020-10-19,162.75828552246094,164.0500030517578,170.0,163.25,165.0,143489
2020-10-20,167.37168884277344,168.6999969482422,169.75,162.6999969482422,162.6999969482422,129498
2020-10-21,168.56224060058594,169.89999389648438,173.3000030517578,166.0500030517578,169.9499969482422,642603
2020-10-22,169.05828857421875,170.39999389648438,172.8000030517578,168.3000030517578,171.39999389648438,153161
2020-10-23,170.4969024658203,171.85000610351562,173.9499969482422,165.1999969482422,172.39999389648438,182297
2020-10-26,167.4709014892578,168.8000030517578,172.0,167.0,172.0,184874
2020-10-27,170.59609985351562,171.9499969482422,172.8000030517578,166.60000610351562,168.8000030517578,105417
2020-10-28,166.62759399414062,167.9499969482422,171.9499969482422,166.89999389648438,170.25,230615
2020-10-29,168.2646026611328,169.60000610351562,170.89999389648438,163.5500030517578,166.1999969482422,80022
2020-10-30,169.80239868164062,171.14999389648438,172.5,167.0,170.35000610351562,266342
2020-11-02,165.63546752929688,166.9499969482422,172.10000610351562,163.1999969482422,172.0,234544
2020-11-03,168.11578369140625,169.4499969482422,172.35000610351562,163.0,165.1999969482422,346736
2020-11-04,168.21499633789062,169.5500030517578,171.39999389648438,165.6999969482422,167.60000610351562,252893
2020-11-05,162.26223754882812,163.5500030517578,170.9499969482422,162.75,170.9499969482422,257389
2020-11-06,163.30397033691406,164.60000610351562,166.5,162.8000030517578,163.0,117057
2020-11-09,162.9567413330078,164.25,167.39999389648438,163.1999969482422,165.0,122951
2020-11-10,165.38743591308594,166.6999969482422,167.89999389648438,164.0,165.0,186172
2020-11-11,161.51815795898438,162.8000030517578,167.75,162.10000610351562,167.5500030517578,150978
2020-11-12,158.54176330566406,159.8000030517578,163.25,159.0500030517578,162.10000610351562,228691
2020-11-13,159.88113403320312,161.14999389648438,163.39999389648438,160.0,160.25,148818
2020-11-14,163.10552978515625,164.39999389648438,166.0,162.5,165.39999389648438,58062
2020-11-17,161.51815795898438,162.8000030517578,166.39999389648438,162.4499969482422,166.39999389648438,158737
2020-11-18,170.64569091796875,172.0,174.75,162.3000030517578,164.0,709361
2020-11-19,170.8441162109375,172.1999969482422,177.0,168.5,173.39999389648438,407725
2020-11-20,166.97483825683594,168.3000030517578,173.6999969482422,167.14999389648438,173.10000610351562,261820
2020-11-23,171.48902893066406,172.85000610351562,174.4499969482422,167.6999969482422,168.60000610351562,606557
2020-11-24,176.7472686767578,178.14999389648438,179.0,174.10000610351562,175.25,1035583
2020-11-25,171.8858642578125,173.25,181.35000610351562,171.5500030517578,179.4499969482422,453658
2020-11-26,168.90948486328125,170.25,173.9499969482422,169.39999389648438,173.0,224167
2020-11-27,169.35594177246094,170.6999969482422,179.9499969482422,169.0,171.14999389648438,556707
2020-12-01,174.21737670898438,175.60000610351562,176.8000030517578,171.0500030517578,171.0500030517578,938941
2020-12-02,172.53073120117188,173.89999389648438,178.0,173.0,176.60000610351562,395960
2020-12-03,177.838623046875,179.25,180.0,174.14999389648438,174.1999969482422,645141
2020-12-04,181.70790100097656,183.14999389648438,185.0,179.25,179.25,941339
2020-12-07,183.0472869873047,184.5,185.39999389648438,182.9499969482422,184.6999969482422,421889
2020-12-08,179.8228759765625,181.25,187.64999389648438,178.0,185.6999969482422,327053
2020-12-09,178.03704833984375,179.4499969482422,182.85000610351562,179.0,182.6999969482422,169909
2020-12-10,173.77088928222656,175.14999389648438,179.0500030517578,174.14999389648438,178.0,160901
2020-12-11,178.08663940429688,179.5,189.6999969482422,177.85000610351562,189.6999969482422,710352
2020-12-14,176.54885864257812,177.9499969482422,181.39999389648438,177.0,181.3000030517578,208134
2020-12-15,175.2590789794922,176.64999389648438,178.89999389648438,175.8000030517578,177.9499969482422,188155
2020-12-16,175.45750427246094,176.85000610351562,179.0,175.75,179.0,346506
2020-12-17,173.87010192871094,175.25,179.89999389648438,173.64999389648438,177.8000030517578,262779
2020-12-18,169.6039581298828,170.9499969482422,177.3000030517578,170.5500030517578,177.3000030517578,249738
2020-12-21,166.42918395996094,167.75,175.60000610351562,162.5500030517578,171.0,425460
2020-12-22,165.58584594726562,166.89999389648438,168.8000030517578,157.0,165.10000610351562,719684
2020-12-23,170.29844665527344,171.64999389648438,173.5500030517578,166.9499969482422,167.6999969482422,494526
2020-12-24,168.61183166503906,169.9499969482422,174.5500030517578,167.1999969482422,172.5500030517578,999833
2020-12-28,170.54647827148438,171.89999389648438,173.0,171.1999969482422,173.0,216154
2020-12-29,169.75279235839844,171.10000610351562,172.89999389648438,169.0,172.39999389648438,134059
2020-12-30,172.0842742919922,173.4499969482422,174.89999389648438,169.5,171.1999969482422,128451
2020-12-31,175.30870056152344,176.6999969482422,177.6999969482422,173.0500030517578,174.35000610351562,190018
2021-01-01,174.71343994140625,176.10000610351562,178.85000610351562,174.75,177.1999969482422,194243
2021-01-04,179.2772216796875,180.6999969482422,181.89999389648438,177.0,178.6999969482422,1222855
2021-01-05,183.5929412841797,185.0500030517578,186.0,178.0,180.0,1192606
2021-01-06,174.26695251464844,175.64999389648438,186.89999389648438,170.14999389648438,186.0,11791210
2021-01-07,181.11264038085938,182.5500030517578,185.1999969482422,178.25,183.89999389648438,4254564
2021-01-08,190.6866455078125,192.1999969482422,194.0,183.64999389648438,184.39999389648438,4386557
2021-01-11,190.9842987060547,192.5,194.8000030517578,187.6999969482422,194.5500030517578,1588922
2021-01-12,189.744140625,191.25,195.5,190.5,193.6999969482422,1629697
2021-01-13,189.64491271972656,191.14999389648438,195.6999969482422,188.14999389648438,193.60000610351562,1278056
2021-01-14,190.43862915039062,191.9499969482422,193.14999389648438,188.64999389648438,192.1999969482422,1050088
2021-01-15,187.41262817382812,188.89999389648438,193.9499969482422,186.89999389648438,193.64999389648438,859870
2021-01-18,187.5118408203125,189.0,190.9499969482422,177.0500030517578,189.3000030517578,1960329
2021-01-19,185.87486267089844,187.35000610351562,192.0,186.85000610351562,190.6999969482422,498914
2021-01-20,186.37091064453125,187.85000610351562,190.0,185.6999969482422,187.89999389648438,548015
2021-01-21,185.47799682617188,186.9499969482422,191.4499969482422,184.3000030517578,189.85000610351562,638759
2021-01-22,186.1228790283203,187.60000610351562,189.0,182.5500030517578,187.25,428089
2021-01-25,185.9244384765625,187.39999389648438,192.35000610351562,180.0500030517578,190.0,1567697
2021-01-27,190.3394012451172,191.85000610351562,192.5,185.0500030517578,189.6999969482422,1381518
2021-01-28,191.33155822753906,192.85000610351562,193.85000610351562,186.0500030517578,189.0,587894
2021-01-29,187.85910034179688,189.35000610351562,194.3000030517578,187.0,193.1999969482422,408341
2021-02-01,195.20083618164062,196.75,206.4499969482422,186.64999389648438,189.14999389648438,3014190
2021-02-02,215.2417755126953,216.9499969482422,221.9499969482422,197.4499969482422,198.0,3875139
2021-02-03,222.98036193847656,224.75,236.0,218.5500030517578,220.0,3411843
2021-02-04,227.69296264648438,229.5,232.6999969482422,218.64999389648438,226.5,1402346
2021-02-05,243.17013549804688,245.10000610351562,268.0,231.6999969482422,231.6999969482422,6749724
2021-02-08,265.8402099609375,267.95001220703125,278.0,255.0,258.95001220703125,4439311
2021-02-09,257.65521240234375,259.70001220703125,284.54998779296875,255.25,271.75,3614225
2021-02-10,261.77252197265625,263.8500061035156,270.0,259.70001220703125,266.0,1433103
2021-02-11,282.0614929199219,284.29998779296875,289.54998779296875,263.95001220703125,264.5,1768034
2021-02-12,275.9598693847656,278.1499938964844,288.70001220703125,275.0,285.3500061035156,949658
2021-02-15,271.84259033203125,274.0,280.54998779296875,266.20001220703125,278.5,645729
2021-02-16,271.19769287109375,273.3500061035156,287.0,235.25,275.8999938964844,826631
2021-02-17,271.8921813964844,274.04998779296875,283.70001220703125,265.0,275.8500061035156,694188
2021-02-18,264.69927978515625,266.79998779296875,276.8999938964844,266.0,275.04998779296875,359040
2021-02-19,260.4330749511719,262.5,275.0,260.1000061035156,266.5,411407
2021-02-22,254.2323455810547,256.25,265.0,245.0,264.0,390249
2021-02-23,262.0205078125,264.1000061035156,268.1499938964844,257.3999938964844,258.70001220703125,451114
2021-02-24,262.8638610839844,264.95001220703125,269.3500061035156,257.0,267.70001220703125,257230
2021-02-25,263.7071228027344,265.79998779296875,268.45001220703125,261.25,266.0,218533
2021-02-26,267.03076171875,269.1499938964844,273.70001220703125,257.3999938964844,263.0,487655
2021-03-01,265.88983154296875,268.0,271.3999938964844,264.20001220703125,270.0,332947
2021-03-02,262.07012939453125,264.1499938964844,270.95001220703125,263.20001220703125,269.6000061035156,341312
2021-03-03,260.135498046875,262.20001220703125,267.5,260.45001220703125,266.0,630347
2021-03-04,265.5425720214844,267.6499938964844,271.70001220703125,259.8500061035156,260.3999938964844,601334
2021-03-05,266.4355163574219,268.54998779296875,272.0,265.5,268.3500061035156,705616
2021-03-08,267.5268249511719,269.6499938964844,287.0,268.5,269.20001220703125,1350474
2021-03-09,257.95281982421875,260.0,275.3999938964844,259.0,271.3500061035156,568971
2021-03-10,257.80401611328125,259.8500061035156,264.29998779296875,257.1499938964844,262.45001220703125,341979
2021-03-12,258.10162353515625,260.1499938964844,264.95001220703125,258.1499938964844,262.5,869959
2021-03-15,254.7779998779297,256.79998779296875,264.0,254.89999389648438,262.0,199413
2021-03-16,246.84100341796875,248.8000030517578,259.3999938964844,247.0,259.0,624001
2021-03-17,240.7890167236328,242.6999969482422,253.75,237.8000030517578,249.0,339996
2021-03-18,240.0945281982422,242.0,256.6499938964844,240.0,242.0500030517578,1137989
2021-03-19,244.01345825195312,245.9499969482422,252.0,226.1999969482422,241.1999969482422,704300
2021-03-22,241.48350524902344,243.39999389648438,246.0,231.0500030517578,237.5500030517578,1236702
2021-03-23,248.0811309814453,250.0500030517578,252.5,242.0,242.0,1490462
2021-03-24,248.4283905029297,250.39999389648438,254.89999389648438,247.0,251.0500030517578,309690
2021-03-25,248.22998046875,250.1999969482422,255.0,241.25,250.0,466763
2021-03-26,252.09927368164062,254.10000610351562,255.9499969482422,248.0,255.0,485532
2021-03-30,258.89532470703125,260.95001220703125,264.79998779296875,250.0500030517578,255.0,1292429
2021-03-31,255.869384765625,257.8999938964844,262.0,255.0,261.0,309063
2021-04-01,255.47247314453125,257.5,264.0,254.1999969482422,258.70001220703125,254612
2021-04-05,254.18272399902344,256.20001220703125,263.0,252.60000610351562,262.5,433288
2021-04-06,254.7779998779297,256.79998779296875,262.95001220703125,254.60000610351562,257.0,197017
2021-04-07,249.61895751953125,251.60000610351562,260.70001220703125,251.0,257.8999938964844,279151
2021-04-08,256.5638427734375,258.6000061035156,262.0,252.25,252.9499969482422,329196
2021-04-09,253.24020385742188,255.25,261.0,252.6999969482422,259.8999938964844,175699
2021-04-12,237.3165740966797,239.1999969482422,253.89999389648438,237.1999969482422,251.60000610351562,527907
2021-04-13,235.82839965820312,237.6999969482422,246.0,233.1999969482422,239.0,229418
2021-04-15,234.43942260742188,236.3000030517578,243.35000610351562,231.60000610351562,239.3000030517578,378923
2021-04-16,237.16775512695312,239.0500030517578,279.0,236.0,236.89999389648438,176733
2021-04-19,228.43707275390625,230.25,234.6999969482422,225.0,230.35000610351562,240979
2021-04-20,234.43942260742188,236.3000030517578,238.0500030517578,230.0500030517578,230.60000610351562,113158
2021-04-22,238.0606689453125,239.9499969482422,242.0,231.0500030517578,233.0,268721
2021-04-23,233.1992645263672,235.0500030517578,241.39999389648438,233.0,235.35000610351562,189188
2021-04-26,238.50714111328125,240.39999389648438,243.0,233.25,235.89999389648438,331186
2021-04-27,240.39218139648438,242.3000030517578,244.0,239.3000030517578,240.39999389648438,204241
2021-04-28,243.12051391601562,245.0500030517578,247.85000610351562,241.0500030517578,242.5500030517578,211266
2021-04-29,240.54098510742188,242.4499969482422,248.9499969482422,241.25,243.0,221167
2021-04-30,235.5803680419922,237.4499969482422,242.0,235.0,241.5,180237
2021-05-03,226.20477294921875,228.0,239.39999389648438,227.0,238.39999389648438,584313
2021-05-04,221.64097595214844,223.39999389648438,230.85000610351562,221.35000610351562,228.5,646770
2021-05-05,221.44256591796875,223.1999969482422,225.6999969482422,221.0,224.89999389648438,309847
2021-05-06,217.22601318359375,218.9499969482422,225.0500030517578,217.1999969482422,224.35000610351562,417456
2021-05-07,220.30162048339844,222.0500030517578,225.0,220.10000610351562,220.5,412997
2021-05-10,222.43467712402344,224.1999969482422,227.25,218.10000610351562,223.8000030517578,707445
2021-05-11,221.244140625,223.0,225.0500030517578,221.0500030517578,224.0,600449
2021-05-12,226.800048828125,228.60000610351562,232.89999389648438,223.0500030517578,223.0500030517578,380139
2021-05-14,226.70082092285156,228.5,239.8000030517578,227.10000610351562,230.0,1197978
2021-05-17,231.6118621826172,233.4499969482422,236.0,230.5,230.85000610351562,260110
2021-05-18,235.23313903808594,237.10000610351562,244.0,232.85000610351562,233.0500030517578,856671
2021-05-19,238.3087158203125,240.1999969482422,242.0,230.0,238.75,542448
2021-05-20,243.81500244140625,245.75,250.0,241.0,242.35000610351562,835954
2021-05-21,247.4858856201172,249.4499969482422,252.6999969482422,245.6999969482422,246.5,660886
2021-05-24,252.34730529785156,254.35000610351562,255.8000030517578,249.4499969482422,252.89999389648438,939886
2021-05-25,251.10714721679688,253.10000610351562,256.45001220703125,250.5,255.5,282777
2021-05-26,252.04966735839844,254.0500030517578,255.6999969482422,251.0,251.0,380519
2021-05-27,259.1929931640625,261.25,264.0,246.10000610351562,254.0500030517578,567114
2021-05-28,254.18272399902344,256.20001220703125,261.3999938964844,255.10000610351562,261.1000061035156,250224
2021-05-31,256.3653869628906,258.3999938964844,260.5,256.20001220703125,257.6000061035156,364374
2021-06-01,249.17250061035156,251.14999389648438,261.0,250.25,260.0,282580
2021-06-02,256.1669616699219,258.20001220703125,259.3500061035156,252.0,252.0,402773
2021-06-03,256.8614807128906,258.8999938964844,262.0,257.5,261.8999938964844,423446
2021-06-04,260.2347106933594,262.29998779296875,264.8500061035156,260.0,260.0,813219
2021-06-07,260.68115234375,262.75,266.0,262.29998779296875,265.0,306566
2021-06-08,257.65521240234375,259.70001220703125,266.1499938964844,259.0,265.5,268117
2021-06-09,251.15673828125,253.14999389648438,263.0,250.5500030517578,260.8999938964844,371866
2021-06-10,254.18272399902344,256.20001220703125,260.0,254.0,255.39999389648438,262752
2021-06-11,254.03390502929688,256.04998779296875,262.0,254.0,258.5,284285
2021-06-14,249.9661865234375,251.9499969482422,258.8500061035156,250.0500030517578,257.6499938964844,335261
2021-06-15,244.8567352294922,246.8000030517578,255.6999969482422,245.10000610351562,254.5,389190
2021-06-16,254.877197265625,256.8999938964844,261.0,248.14999389648438,249.5,678125
2021-06-17,250.85911560058594,252.85000610351562,255.85000610351562,248.75,254.0,889705
2021-06-18,246.2953338623047,248.25,254.4499969482422,239.0,253.0,615735
2021-06-21,254.3811492919922,256.3999938964844,259.8500061035156,242.5,246.5,682548
2021-06-22,249.4205322265625,251.39999389648438,261.6499938964844,249.0,261.0,297442
2021-06-23,247.23785400390625,249.1999969482422,253.3000030517578,245.0,252.1999969482422,382032
2021-06-24,249.9661865234375,251.9499969482422,255.5500030517578,250.25,254.89999389648438,341837
2021-06-25,247.98191833496094,249.9499969482422,262.0,245.10000610351562,254.0,1470198
2021-06-28,243.56698608398438,245.5,254.3000030517578,244.0,247.8000030517578,850884
2021-06-29,258.10162353515625,260.1499938964844,264.3999938964844,246.6999969482422,247.4499969482422,3070910
2021-06-30,286.1788330078125,288.45001220703125,298.20001220703125,261.0,261.8999938964844,12791292
2021-07-01,290.09771728515625,292.3999938964844,297.3999938964844,283.5,287.8999938964844,3386873
2021-07-02,288.90716552734375,291.20001220703125,298.0,286.0,292.0,1641031
2021-07-05,303.29296875,305.70001220703125,309.70001220703125,293.0,293.8500061035156,3291937
2021-07-06,293.2229309082031,295.54998779296875,308.79998779296875,293.79998779296875,306.0,1132875
2021-07-07,301.20953369140625,303.6000061035156,308.0,289.54998779296875,296.0,1247810
2021-07-08,297.53863525390625,299.8999938964844,311.0,297.1499938964844,303.0,1479979
2021-07-09,298.3819580078125,300.75,302.3500061035156,292.54998779296875,297.25,564695
2021-07-12,301.7055969238281,304.1000061035156,314.45001220703125,302.0,305.0,2008314
2021-07-13,303.4418029785156,305.8500061035156,309.0,303.75,304.29998779296875,527808
2021-07-14,293.7685546875,296.1000061035156,308.95001220703125,294.04998779296875,305.8500061035156,781242
2021-07-15,300.6142578125,303.0,304.8999938964844,297.0,297.0,590842
2021-07-16,314.6032409667969,317.1000061035156,319.95001220703125,298.79998779296875,303.0,2398605
2021-07-19,305.922119140625,308.3500061035156,321.8999938964844,306.0,317.1000061035156,1650126
2021-07-20,307.5591125488281,310.0,314.6499938964844,300.1000061035156,308.3500061035156,1203252
2021-07-22,320.3575439453125,322.8999938964844,325.79998779296875,310.20001220703125,312.95001220703125,2052451
2021-07-23,315.9425964355469,318.45001220703125,329.0,315.0,326.20001220703125,808636
2021-07-26,317.28192138671875,319.79998779296875,322.95001220703125,313.54998779296875,319.8999938964844,447836
2021-07-27,319.0181579589844,321.54998779296875,329.20001220703125,318.20001220703125,318.20001220703125,947807
2021-07-28,318.4229431152344,320.95001220703125,324.70001220703125,312.1000061035156,323.70001220703125,594095
2021-07-29,310.5354919433594,313.0,322.6000061035156,310.8999938964844,322.6000061035156,412088
2021-07-30,312.4205017089844,314.8999938964844,320.20001220703125,312.04998779296875,312.04998779296875,482763
2021-08-02,309.6426086425781,312.1000061035156,319.25,311.70001220703125,315.0,691632
2021-08-03,310.5354919433594,313.0,318.0,311.3500061035156,314.0,199379
2021-08-04,304.88037109375,307.29998779296875,316.8999938964844,302.3999938964844,313.5,446131
2021-08-05,302.5489196777344,304.95001220703125,313.6000061035156,301.20001220703125,311.70001220703125,377207
2021-08-06,300.6142578125,303.0,306.0,301.6499938964844,301.6499938964844,747430
2021-08-09,305.0291748046875,307.45001220703125,315.20001220703125,302.0,302.0,1331071
2021-08-10,292.8756408691406,295.20001220703125,308.5,290.5,305.20001220703125,404743
2021-08-11,292.0323486328125,294.3500061035156,304.5,275.5,294.5,1974086
2021-08-12,307.41033935546875,309.8500061035156,311.29998779296875,292.0,292.0,568942
2021-08-13,305.9716796875,308.3999938964844,313.5,304.70001220703125,309.6000061035156,479495
2021-08-16,311.7756652832031,314.25,316.5,303.04998779296875,303.1000061035156,274018
2021-08-17,302.1520080566406,304.54998779296875,314.70001220703125,302.1000061035156,314.0,416305
2021-08-18,299.3244934082031,301.70001220703125,308.79998779296875,300.25,304.54998779296875,306132
2021-08-20,288.3119201660156,290.6000061035156,303.5,288.0,298.0,221304
2021-08-23,302.00323486328125,304.3999938964844,314.04998779296875,294.79998779296875,296.0,1673180
2021-08-24,296.05047607421875,298.3999938964844,309.0,297.0,305.79998779296875,721065
2021-08-25,306.56695556640625,309.0,311.0,299.04998779296875,300.0,573883
2021-08-26,299.91973876953125,302.29998779296875,309.0,298.1499938964844,308.0,452163
2021-08-27,302.0528259277344,304.45001220703125,308.0,302.29998779296875,302.29998779296875,321512
2021-08-30,307.60870361328125,310.04998779296875,317.79998779296875,306.45001220703125,306.45001220703125,422459
2021-08-31,311.6764221191406,314.1499938964844,316.0,308.0,308.0,281535
2021-09-01,335.5867004394531,338.25,341.79998779296875,311.20001220703125,315.45001220703125,2252627
2021-09-02,346.6488952636719,349.3999938964844,352.75,341.0,345.0,1627150
2021-09-03,357.0661926269531,359.8999938964844,363.0,351.04998779296875,353.0,1002101
2021-09-06,357.5622863769531,360.3999938964844,364.54998779296875,356.95001220703125,363.79998779296875,831859
2021-09-07,370.85675048828125,373.79998779296875,388.70001220703125,349.6499938964844,360.0,1536933
2021-09-08,364.65594482421875,367.54998779296875,375.79998779296875,365.0,375.0,408843
2021-09-09,356.9670104980469,359.79998779296875,367.0,358.70001220703125,362.0,288529
2021-09-13,359.3977355957031,362.25,366.20001220703125,355.0,359.0,360005
2021-09-14,359.1000671386719,361.95001220703125,365.5,359.25,364.70001220703125,367248
2021-09-15,354.9331970214844,357.75,360.0,354.1000061035156,357.20001220703125,434623
2021-09-16,367.4339294433594,370.3500061035156,373.95001220703125,352.45001220703125,355.0,631504
2021-09-17,369.7158508300781,372.6499938964844,388.0,362.6499938964844,368.0,3512964
2021-09-20,352.8993225097656,355.70001220703125,368.70001220703125,352.79998779296875,364.3500061035156,718438
2021-09-21,352.8992919921875,355.20001220703125,357.8999938964844,347.0,353.3999938964844,289048
2021-09-22,357.2210998535156,359.54998779296875,364.04998779296875,351.0,351.0,860377
2021-09-23,352.5515441894531,354.8500061035156,362.04998779296875,352.25,359.3500061035156,253398
2021-09-24,365.666015625,368.04998779296875,370.5,355.3999938964844,357.6499938964844,424186
2021-09-27,359.70489501953125,362.04998779296875,377.6499938964844,356.6000061035156,370.45001220703125,383067
2021-09-28,353.19732666015625,355.5,364.79998779296875,353.0,362.79998779296875,136894
2021-09-29,352.9489440917969,355.25,357.6499938964844,349.8500061035156,351.0,75492
2021-09-30,380.3702087402344,382.8500061035156,394.95001220703125,354.0,354.0,998651
2021-10-01,369.04400634765625,371.45001220703125,392.8999938964844,366.1499938964844,390.0,734834
2021-10-04,356.7740478515625,359.1000061035156,369.29998779296875,357.0,369.29998779296875,484099
2021-10-05,368.00079345703125,370.3999938964844,379.8999938964844,356.45001220703125,357.0,577035
2021-10-06,361.09588623046875,363.45001220703125,376.25,358.54998779296875,372.95001220703125,289958
2021-10-07,361.4932556152344,363.8500061035156,370.20001220703125,361.6000061035156,366.0,222079
2021-10-08,355.0849914550781,357.3999938964844,366.8500061035156,355.79998779296875,362.25,620005
2021-10-11,366.31182861328125,368.70001220703125,373.0,359.3500061035156,359.5,274798
2021-10-12,362.83453369140625,365.20001220703125,368.0,360.1499938964844,365.0,158542
2021-10-13,388.8151550292969,391.3500061035156,395.8999938964844,364.29998779296875,365.0,1033704
2021-10-14,375.0548400878906,377.5,392.6499938964844,374.20001220703125,392.0,714661
2021-10-18,369.24273681640625,371.6499938964844,380.6000061035156,368.0,379.8500061035156,282812
2021-10-19,354.24053955078125,356.54998779296875,374.8999938964844,354.0,374.8999938964844,206059
2021-10-20,355.7804870605469,358.1000061035156,360.25,345.70001220703125,356.8999938964844,396724
2021-10-21,356.07855224609375,358.3999938964844,368.75,355.0,363.5,274072
2021-10-22,339.93377685546875,342.1499938964844,359.8999938964844,338.1499938964844,359.0,243566
2021-10-25,328.607666015625,330.75,345.6000061035156,327.1000061035156,345.6000061035156,355769
2021-10-26,333.77398681640625,335.95001220703125,344.54998779296875,330.8500061035156,330.8500061035156,190386
2021-10-27,336.8538818359375,339.04998779296875,348.8999938964844,336.29998779296875,339.0,138854
2021-10-28,329.0050354003906,331.1499938964844,338.75,329.0,332.8999938964844,95932
2021-10-29,322.29876708984375,324.3999938964844,338.6499938964844,323.0,331.8999938964844,182789
2021-11-01,324.1864318847656,326.29998779296875,332.1499938964844,323.75,325.1499938964844,264337
2021-11-02,322.944580078125,325.04998779296875,330.04998779296875,324.3500061035156,327.0,178739
2021-11-03,331.58819580078125,333.75,338.0,324.3999938964844,326.70001220703125,323093
2021-11-04,339.4370422363281,341.6499938964844,348.6000061035156,336.70001220703125,336.70001220703125,106984
2021-11-08,334.91656494140625,337.1000061035156,345.45001220703125,331.95001220703125,342.8999938964844,269146
2021-11-09,335.8603515625,338.04998779296875,344.8999938964844,334.29998779296875,338.5,428431
2021-11-10,334.7674865722656,336.95001220703125,341.0,335.1000061035156,339.29998779296875,120493
2021-11-11,335.2642517089844,337.45001220703125,342.5,335.0,336.29998779296875,219581
2021-11-12,336.3074035644531,338.5,344.0,338.0,339.95001220703125,147154
2021-11-15,326.6702575683594,328.79998779296875,342.8500061035156,326.29998779296875,340.0,268543
2021-11-16,322.5471496582031,324.6499938964844,336.25,322.04998779296875,332.0,348014
2021-11-17,316.2879638671875,318.3500061035156,329.8999938964844,315.04998779296875,329.8999938964844,343390
2021-11-18,301.5341491699219,303.5,317.29998779296875,301.29998779296875,315.04998779296875,1078696
2021-11-22,305.85601806640625,307.8500061035156,311.0,298.6499938964844,305.5,1056082
2021-11-23,302.4779968261719,304.45001220703125,312.75,303.0,307.79998779296875,394506
2021-11-24,298.90130615234375,300.8500061035156,309.79998779296875,300.1499938964844,309.70001220703125,232003
2021-11-25,295.771728515625,297.70001220703125,305.95001220703125,297.1000061035156,305.0,213008
2021-11-26,283.4520568847656,285.29998779296875,301.0,282.25,296.0,389216
2021-11-29,283.4520568847656,285.29998779296875,288.8999938964844,266.5,285.0,308990
2021-11-30,305.4088439941406,307.3999938964844,309.95001220703125,285.0,285.0,740432
2021-12-01,296.715576171875,298.6499938964844,308.0,297.20001220703125,308.0,157175
2021-12-02,293.13885498046875,295.04998779296875,304.95001220703125,293.5,304.95001220703125,177478
2021-12-03,298.30523681640625,300.25,301.95001220703125,297.3500061035156,299.79998779296875,306949
2021-12-06,287.5751953125,289.45001220703125,299.0,287.45001220703125,298.1000061035156,135003
2021-12-07,288.3203125,290.20001220703125,296.95001220703125,289.20001220703125,293.0,151970
2021-12-08,290.0589904785156,291.95001220703125,296.8500061035156,291.20001220703125,291.79998779296875,115820
2021-12-09,305.1605224609375,307.1499938964844,308.79998779296875,293.04998779296875,293.95001220703125,590949
2021-12-10,297.2123107910156,299.1499938964844,310.0,295.8999938964844,310.0,582372
2021-12-13,289.2144775390625,291.1000061035156,305.0,289.6000061035156,305.0,321089
2021-12-14,283.7004089355469,285.54998779296875,294.79998779296875,284.20001220703125,291.1000061035156,374977
2021-12-15,289.9596252441406,291.8500061035156,293.8999938964844,288.1000061035156,289.0,241384
2021-12-16,286.2339172363281,288.1000061035156,296.75,285.0,294.5,255974
2021-12-17,276.6463928222656,278.45001220703125,288.1000061035156,275.0,285.0,321694
2021-12-20,263.8299560546875,265.54998779296875,279.75,261.0,279.75,352605
2021-12-21,260.0545959472656,261.75,271.5,257.8999938964844,267.0,365762
2021-12-22,270.5859069824219,272.3500061035156,273.95001220703125,263.0,264.8500061035156,553789
2021-12-23,267.5060119628906,269.25,274.8999938964844,268.6000061035156,274.8999938964844,176846
2021-12-24,263.33319091796875,265.04998779296875,273.79998779296875,263.20001220703125,273.79998779296875,153494
2021-12-27,262.6874084472656,264.3999938964844,266.8999938964844,259.8500061035156,265.8999938964844,152998
2021-12-28,264.0783386230469,265.79998779296875,269.79998779296875,264.3999938964844,265.75,125481
2021-12-29,259.01141357421875,260.70001220703125,269.0,259.0,268.0,272933
2021-12-30,258.8623046875,260.54998779296875,262.79998779296875,258.1000061035156,261.70001220703125,392956
2021-12-31,261.64422607421875,263.3500061035156,264.8500061035156,260.6499938964844,261.0,245379
2022-01-03,280.471435546875,282.29998779296875,287.3999938964844,264.04998779296875,264.79998779296875,999416
2022-01-04,274.7586669921875,276.54998779296875,285.25,273.5,282.3999938964844,448494
2022-01-05,282.7068786621094,284.54998779296875,286.0,275.0,277.95001220703125,402685
2022-01-06,286.2835693359375,288.1499938964844,291.0,280.0,284.5,276032
2022-01-07,288.220947265625,290.1000061035156,292.29998779296875,285.6499938964844,285.6499938964844,328740
2022-01-10,294.4801330566406,296.3999938964844,298.95001220703125,289.95001220703125,291.1000061035156,625904
2022-01-11,301.4844665527344,303.45001220703125,306.70001220703125,295.54998779296875,296.3999938964844,695626
2022-01-12,301.0870666503906,303.04998779296875,306.45001220703125,301.54998779296875,305.0,210419
2022-01-13,299.7458190917969,301.70001220703125,305.0,298.79998779296875,302.0,199872
2022-01-14,301.58380126953125,303.54998779296875,309.70001220703125,303.0,305.0,353472
2022-01-17,305.3592224121094,307.3500061035156,313.75,305.3999938964844,306.0,544239
2022-01-18,296.5168762207031,298.45001220703125,311.70001220703125,293.29998779296875,311.70001220703125,360755
2022-01-19,300.09356689453125,302.04998779296875,305.25,294.45001220703125,298.8999938964844,222610
2022-01-20,296.2684631347656,298.20001220703125,305.0,296.0,304.8999938964844,190666
2022-01-21,296.5665588378906,298.5,304.45001220703125,296.6000061035156,300.20001220703125,235270
2022-01-24,276.0006103515625,277.79998779296875,303.0,275.0,299.5,436747
2022-01-25,276.3980407714844,278.20001220703125,288.5,272.1000061035156,281.70001220703125,637692
2022-01-27,280.471435546875,282.29998779296875,291.25,276.0,276.8999938964844,485733
2022-01-28,287.12811279296875,289.0,296.0,286.6499938964844,288.0,246856
2022-01-31,293.0892028808594,295.0,299.95001220703125,288.1499938964844,292.3500061035156,305155
2022-02-01,295.9704284667969,297.8999938964844,318.0,296.0,307.8999938964844,2359177
2022-02-02,300.6400146484375,302.6000061035156,310.20001220703125,301.1000061035156,303.45001220703125,502986
2022-02-03,296.4671936035156,298.3999938964844,305.0,297.0,305.0,365246
2022-02-04,292.6918029785156,294.6000061035156,302.0,292.6000061035156,300.6000061035156,295241
2022-02-07,297.659423828125,299.6000061035156,301.0,294.70001220703125,300.0,400149
2022-02-08,290.8041076660156,292.70001220703125,302.70001220703125,289.20001220703125,299.1000061035156,221279
2022-02-09,288.7177429199219,290.6000061035156,296.3999938964844,290.0,295.95001220703125,126386
2022-02-10,291.2015380859375,293.1000061035156,295.3999938964844,286.45001220703125,290.20001220703125,148263
2022-02-11,288.51898193359375,290.3999938964844,292.25,288.5,290.0,130721
2022-02-14,273.7154846191406,275.5,278.0,268.3999938964844,273.3500061035156,608290
2022-02-15,267.2575988769531,269.0,283.1000061035156,264.0,282.5,349868
2022-02-16,268.49951171875,270.25,274.8500061035156,269.6000061035156,274.8500061035156,189747
2022-02-17,274.261962890625,276.04998779296875,281.3999938964844,270.1000061035156,270.8999938964844,228781
2022-02-18,273.4174499511719,275.20001220703125,276.3500061035156,270.25,273.0,194533
2022-02-21,259.8558654785156,261.54998779296875,277.3999938964844,256.29998779296875,277.3999938964844,401243
2022-02-22,243.2640380859375,244.85000610351562,255.5,242.60000610351562,255.0,422343
2022-02-23,271.1323547363281,272.8999938964844,278.0,247.25,249.64999389648438,2892135
2022-02-24,260.2532958984375,261.95001220703125,269.45001220703125,250.14999389648438,259.8999938964844,997705
2022-02-25,262.8861389160156,264.6000061035156,275.0,258.04998779296875,266.0,1040135
2022-02-28,262.8861389160156,264.6000061035156,266.54998779296875,259.6499938964844,266.0,280204
2022-03-02,257.0740051269531,258.75,267.8500061035156,256.0,262.95001220703125,214983
2022-03-03,252.65283203125,254.3000030517578,263.8999938964844,251.75,262.8999938964844,258858
2022-03-04,246.98974609375,248.60000610351562,256.5,244.1999969482422,255.39999389648438,615972
2022-03-07,238.594482421875,240.14999389648438,243.39999389648438,235.35000610351562,242.3000030517578,477634
2022-03-08,237.74998474121094,239.3000030517578,243.1999969482422,233.0500030517578,239.89999389648438,317978
2022-03-09,239.2899627685547,240.85000610351562,248.39999389648438,239.3000030517578,244.0,1022408
2022-03-10,245.25111389160156,246.85000610351562,249.4499969482422,242.5,246.89999389648438,678807
2022-03-11,242.22084045410156,243.8000030517578,247.89999389648438,241.25,247.14999389648438,260506
2022-03-14,245.64849853515625,247.25,250.5500030517578,239.5,242.0500030517578,701715
2022-03-15,244.35693359375,245.9499969482422,256.45001220703125,244.0,252.0,551890
2022-03-16,243.21437072753906,244.8000030517578,252.14999389648438,244.0,249.64999389648438,382749
2022-03-17,249.2748565673828,250.89999389648438,268.8999938964844,248.0,252.0,3606657
2022-03-21,246.3936309814453,248.0,257.45001220703125,245.10000610351562,252.25,605012
2022-03-22,248.08262634277344,249.6999969482422,252.5,246.5500030517578,252.0,367571
2022-03-23,247.5361785888672,249.14999389648438,252.60000610351562,246.5,251.0500030517578,286335
2022-03-24,245.35044860839844,246.9499969482422,250.10000610351562,245.5,249.14999389648438,174274
2022-03-25,242.8666229248047,244.4499969482422,252.75,243.89999389648438,249.9499969482422,280101
2022-03-28,240.92926025390625,242.5,246.85000610351562,238.8000030517578,246.6999969482422,326575
2022-03-29,252.3050994873047,253.9499969482422,256.79998779296875,243.0,243.0,739015
2022-03-30,258.2662658691406,259.95001220703125,262.5,255.9499969482422,259.04998779296875,557477
2022-03-31,257.471435546875,259.1499938964844,265.1000061035156,257.6000061035156,259.0,375398
2022-04-01,257.0740051269531,258.75,265.0,258.0,261.0,382231
2022-04-04,257.3223876953125,259.0,263.1000061035156,257.6000061035156,259.0,525063
2022-04-05,260.60101318359375,262.29998779296875,265.95001220703125,255.85000610351562,260.79998779296875,548167
2022-04-06,258.4649353027344,260.1499938964844,265.0,257.3999938964844,261.0,480790
2022-04-07,255.385009765625,257.04998779296875,265.3500061035156,256.25,263.8999938964844,718837
2022-04-08,256.72625732421875,258.3999938964844,260.6499938964844,256.54998779296875,258.3500061035156,276908
2022-04-11,257.7695007324219,259.45001220703125,264.8999938964844,258.1499938964844,258.3999938964844,306544
2022-04-12,253.497314453125,255.14999389648438,260.79998779296875,252.5,258.6000061035156,347905
2022-04-13,251.1625518798828,252.8000030517578,258.6499938964844,252.25,255.89999389648438,184801
2022-04-18,246.98974609375,248.60000610351562,252.8000030517578,246.60000610351562,252.8000030517578,194135
2022-04-19,245.44979858398438,247.0500030517578,251.1999969482422,245.0,249.5,165803
2022-04-20,242.17115783691406,243.75,249.75,243.25,247.14999389648438,146491
2022-04-21,268.99627685546875,270.75,275.5,248.0,248.0,5829298
2022-04-22,262.3396911621094,264.04998779296875,268.25,260.1000061035156,264.0,526805
2022-04-25,260.7996826171875,262.5,268.0,257.0,262.70001220703125,438563
2022-04-26,259.359130859375,261.04998779296875,266.5,255.39999389648438,265.29998779296875,244165
2022-04-27,254.29214477539062,255.9499969482422,260.0,253.25,258.95001220703125,130068
2022-04-28,263.68096923828125,265.3999938964844,268.5,255.14999389648438,257.25,274708
2022-04-29,254.73922729492188,256.3999938964844,266.04998779296875,253.8000030517578,264.6000061035156,295030
2022-05-02,249.9703369140625,251.60000610351562,255.89999389648438,250.0,255.0,141653
2022-05-04,245.79751586914062,247.39999389648438,255.60000610351562,246.10000610351562,255.0,281041
2022-05-05,248.5793914794922,250.1999969482422,251.4499969482422,245.10000610351562,249.60000610351562,175262
2022-05-06,253.5469970703125,255.1999969482422,256.3500061035156,242.0500030517578,245.25,616383
2022-05-09,244.10853576660156,245.6999969482422,251.89999389648438,245.0,250.35000610351562,155679
2022-05-10,240.33314514160156,241.89999389648438,254.0,238.5,245.14999389648438,403568
2022-05-11,235.71327209472656,237.25,245.0500030517578,226.60000610351562,243.0500030517578,159931
2022-05-12,230.6462860107422,232.14999389648438,235.0,229.14999389648438,232.5,121643
2022-05-13,236.80615234375,238.35000610351562,241.75,233.3000030517578,233.3000030517578,166888
2022-05-16,242.02215576171875,243.60000610351562,246.5,239.0500030517578,244.9499969482422,320426
2022-05-17,249.57290649414062,251.1999969482422,252.89999389648438,244.3000030517578,245.5,157201
2022-05-18,244.8536834716797,246.4499969482422,254.85000610351562,245.10000610351562,251.6999969482422,109800
2022-05-19,242.61825561523438,244.1999969482422,249.85000610351562,240.0,240.0,99470
2022-05-20,249.77162170410156,251.39999389648438,253.64999389648438,246.5,248.0,125723
2022-05-23,248.2813262939453,249.89999389648438,254.89999389648438,248.10000610351562,253.39999389648438,109533
2022-05-24,246.5923309326172,248.1999969482422,252.64999389648438,246.25,249.0,78764
2022-05-25,236.70677185058594,238.25,250.9499969482422,233.64999389648438,249.3000030517578,236931
2022-05-26,238.39576721191406,239.9499969482422,248.1999969482422,237.25,238.25,279608
2022-05-27,238.94223022460938,240.5,246.89999389648438,239.25,242.89999389648438,383530
2022-05-30,246.5923309326172,248.1999969482422,252.0,242.0,244.0,412876
2022-05-31,243.4130859375,245.0,260.0,239.4499969482422,249.6999969482422,1187057
2022-06-01,252.50379943847656,254.14999389648438,263.8999938964844,242.64999389648438,243.5,995198
2022-06-02,250.01998901367188,251.64999389648438,257.3999938964844,249.64999389648438,255.10000610351562,276810
2022-06-03,255.08694458007812,256.75,259.75,253.75,255.89999389648438,357366
2022-06-06,260.2532958984375,261.95001220703125,264.5,253.1999969482422,253.1999969482422,441010
2022-06-07,254.4908447265625,256.1499938964844,261.04998779296875,255.0,259.1499938964844,161971
2022-06-08,257.02435302734375,258.70001220703125,261.0,255.10000610351562,257.79998779296875,234414
2022-06-09,252.2554168701172,253.89999389648438,257.6000061035156,252.1999969482422,256.1000061035156,85514
2022-06-10,248.8277587890625,250.4499969482422,252.9499969482422,249.0,250.89999389648438,101469
2022-06-13,243.6117706298828,245.1999969482422,257.0,236.10000610351562,246.39999389648438,224379
2022-06-14,238.1970672607422,239.75,246.5500030517578,237.10000610351562,243.89999389648438,115700
2022-06-15,236.1603546142578,237.6999969482422,241.8000030517578,236.10000610351562,239.9499969482422,1252081
2022-06-16,231.4411163330078,232.9499969482422,244.64999389648438,231.25,240.89999389648438,108728
2022-06-17,226.42384338378906,227.89999389648438,232.4499969482422,219.0,231.5,137731
2022-06-20,221.4562225341797,222.89999389648438,230.60000610351562,219.0500030517578,229.39999389648438,208330
2022-06-21,224.43678283691406,225.89999389648438,230.10000610351562,223.1999969482422,224.64999389648438,83324
2022-06-22,225.77804565429688,227.25,229.35000610351562,224.60000610351562,225.89999389648438,662389
2022-06-23,225.38064575195312,226.85000610351562,230.10000610351562,224.0500030517578,227.89999389648438,59042
2022-06-24,229.0070037841797,230.5,232.14999389648438,227.14999389648438,229.9499969482422,73129
2022-06-27,232.43463134765625,233.9499969482422,238.5,232.35000610351562,234.0,91340
2022-06-28,227.7650909423828,229.25,234.3000030517578,226.60000610351562,233.75,94734
2022-06-29,231.63980102539062,233.14999389648438,235.0500030517578,226.1999969482422,227.0,89502
2022-06-30,240.58154296875,242.14999389648438,245.0,230.75,230.75,398729
2022-07-01,235.5642547607422,237.10000610351562,243.0,236.0500030517578,243.0,90779
2022-07-04,237.4519500732422,239.0,241.14999389648438,237.5,238.6999969482422,51584
2022-07-05,240.2834930419922,241.85000610351562,245.75,238.0,240.60000610351562,349681
2022-07-06,236.80615234375,238.35000610351562,241.64999389648438,234.5500030517578,241.0,356134
2022-07-07,241.9227752685547,243.5,247.0,239.10000610351562,239.5500030517578,126784
2022-07-08,239.8363800048828,241.39999389648438,245.0500030517578,241.0,244.75,45211
2022-07-11,240.97894287109375,242.5500030517578,244.0,239.5,241.89999389648438,55445
2022-07-12,243.16468811035156,244.75,247.0,241.39999389648438,242.4499969482422,66444
2022-07-13,247.48651123046875,249.10000610351562,250.5,244.10000610351562,244.75,161174
2022-07-14,249.8709716796875,251.5,252.5,248.14999389648438,249.10000610351562,234459
2022-07-15,248.2813262939453,249.89999389648438,252.75,248.0,251.5,110003
2022-07-18,252.553466796875,254.1999969482422,259.5,251.60000610351562,251.64999389648438,383064
2022-07-19,250.46710205078125,252.10000610351562,256.0,249.3000030517578,255.39999389648438,179516
2022-07-20,250.66580200195312,252.3000030517578,254.5500030517578,251.0,253.39999389648438,133956
2022-07-21,249.57290649414062,251.1999969482422,259.5,249.25,254.9499969482422,589820
2022-07-22,247.5361785888672,249.14999389648438,254.0,248.3000030517578,253.4499969482422,109903
2022-07-25,246.44332885742188,248.0500030517578,250.64999389648438,247.0500030517578,249.85000610351562,91410
2022-07-26,246.24462890625,247.85000610351562,249.4499969482422,244.5500030517578,245.0,101642
2022-07-27,249.8709716796875,251.5,252.89999389648438,245.14999389648438,246.85000610351562,106567
2022-07-28,250.16903686523438,251.8000030517578,253.4499969482422,250.14999389648438,252.10000610351562,108523
2022-07-29,253.84506225585938,255.5,260.79998779296875,250.3000030517578,252.3000030517578,585779
2022-08-01,254.34182739257812,256.0,259.70001220703125,253.8000030517578,257.20001220703125,147543
2022-08-02,251.80833435058594,253.4499969482422,256.95001220703125,252.0,255.0500030517578,145591
2022-08-03,251.1625518798828,252.8000030517578,255.60000610351562,248.64999389648438,253.5,121979
2022-08-04,250.71546936035156,252.35000610351562,255.89999389648438,248.64999389648438,253.89999389648438,208986
2022-08-05,250.1193389892578,251.75,257.45001220703125,249.5500030517578,254.5,419140
2022-08-08,251.75865173339844,253.39999389648438,258.0,251.6999969482422,253.10000610351562,215123
2022-08-10,257.27276611328125,258.95001220703125,264.0,250.3000030517578,259.0,1541239
2022-08-11,255.18629455566406,256.8500061035156,259.95001220703125,255.0,259.95001220703125,574226
2022-08-12,255.3353729248047,257.0,262.0,256.0,256.8999938964844,533893
2022-08-16,256.6269226074219,258.29998779296875,260.0,257.0,259.3999938964844,262239
2022-08-17,255.385009765625,257.04998779296875,265.0,256.1000061035156,260.1000061035156,517944
2022-08-18,247.28781127929688,248.89999389648438,258.8500061035156,247.39999389648438,257.45001220703125,625673
2022-08-19,248.23167419433594,249.85000610351562,254.4499969482422,249.14999389648438,250.0,314319
2022-08-22,250.56643676757812,252.1999969482422,252.89999389648438,249.85000610351562,249.89999389648438,169571
2022-08-23,248.03294372558594,249.64999389648438,252.89999389648438,247.60000610351562,250.0,137684
2022-08-24,253.2986297607422,254.9499969482422,256.0,249.5,249.89999389648438,166796
2022-08-25,258.31591796875,260.0,261.5,255.60000610351562,256.0,382779
2022-08-26,271.62908935546875,273.3999938964844,277.29998779296875,264.0,264.0,1806789
2022-08-29,284.24688720703125,286.1000061035156,290.95001220703125,264.25,270.0,1393389
2022-08-30,282.95526123046875,284.79998779296875,289.8999938964844,282.0,288.79998779296875,635071
2022-09-01,281.7630310058594,283.6000061035156,290.70001220703125,280.95001220703125,284.0,318168
2022-09-02,284.445556640625,286.29998779296875,295.95001220703125,283.75,286.20001220703125,885332
2022-09-05,282.1108093261719,283.95001220703125,289.0,283.0,286.8999938964844,202242
2022-09-06,280.9185791015625,282.75,288.70001220703125,281.3999938964844,285.6499938964844,152548
2022-09-07,279.925048828125,281.75,285.70001220703125,281.04998779296875,282.5,146524
2022-09-08,285.7371520996094,287.6000061035156,294.20001220703125,284.04998779296875,288.0,427409
2022-09-09,289.41314697265625,291.29998779296875,304.0,289.04998779296875,299.8999938964844,1975522
2022-09-12,292.5924377441406,294.5,305.29998779296875,292.0,295.70001220703125,893751
2022-09-13,289.3634948730469,291.25,299.0,290.0,297.0,271416
2022-09-14,286.68096923828125,288.54998779296875,291.45001220703125,286.1499938964844,286.29998779296875,215570
2022-09-15,285.63775634765625,287.5,293.79998779296875,283.6000061035156,291.0,217731
2022-09-16,280.0243835449219,281.8500061035156,290.54998779296875,275.95001220703125,287.0,283903
2022-09-19,273.51678466796875,275.29998779296875,287.0,272.1000061035156,280.0,194548
2022-09-20,276.1993408203125,278.0,281.95001220703125,277.04998779296875,281.95001220703125,84646
2022-09-21,270.0781555175781,271.3500061035156,283.20001220703125,270.0,279.3999938964844,224558
2022-09-22,267.4405822753906,268.70001220703125,273.25,265.25,270.8999938964844,204781
2022-09-23,261.7673034667969,263.0,270.0,262.0,269.3999938964844,113341
2022-09-26,257.08929443359375,258.29998779296875,263.5,247.6999969482422,261.5,432358
2022-09-27,254.10337829589844,255.3000030517578,265.0,252.0500030517578,261.5,247742
2022-09-28,253.10806274414062,254.3000030517578,259.1000061035156,251.14999389648438,253.10000610351562,129440
2022-09-29,258.9306335449219,260.1499938964844,262.25,255.25,256.20001220703125,387719
2022-09-30,263.90716552734375,265.1499938964844,266.54998779296875,255.5,259.0,113546
2022-10-03,266.694091796875,267.95001220703125,270.0,261.75,265.8999938964844,170603
2022-10-04,270.02838134765625,271.29998779296875,272.79998779296875,266.75,272.70001220703125,136925
2022-10-06,271.8199462890625,273.1000061035156,274.1499938964844,270.3500061035156,273.0,176998
2022-10-07,268.0377502441406,269.29998779296875,275.45001220703125,268.5,273.1000061035156,99214
2022-10-10,268.4358825683594,269.70001220703125,274.45001220703125,266.1499938964844,269.29998779296875,249877
2022-10-11,263.90716552734375,265.1499938964844,272.8999938964844,262.20001220703125,270.8999938964844,259521
2022-10-12,262.9118957519531,264.1499938964844,266.95001220703125,258.54998779296875,265.54998779296875,88581
2022-10-13,262.3147277832031,263.54998779296875,264.3999938964844,259.1000061035156,262.25,178724
2022-10-14,262.8123474121094,264.04998779296875,267.54998779296875,261.6000061035156,265.1000061035156,203373
2022-10-17,261.5682373046875,262.79998779296875,265.3999938964844,260.0,264.8999938964844,101357
2022-10-18,261.3691711425781,262.6000061035156,264.5,260.6000061035156,263.95001220703125,191005
2022-10-19,258.4329833984375,259.6499938964844,268.0,258.5,263.3999938964844,166479
2022-10-20,256.34283447265625,257.54998779296875,261.45001220703125,256.0,258.70001220703125,133300
2022-10-21,256.2433166503906,257.45001220703125,258.79998779296875,254.5,258.79998779296875,146394
2022-10-24,258.68182373046875,259.8999938964844,261.0,256.54998779296875,260.45001220703125,34864
2022-10-25,255.7456512451172,256.95001220703125,259.95001220703125,256.0,259.95001220703125,187286
2022-10-27,256.4921569824219,257.70001220703125,260.3999938964844,255.64999389648438,257.29998779296875,269780
2022-10-28,256.64141845703125,257.8500061035156,262.6499938964844,257.0,259.1000061035156,208309
2022-10-31,256.7907409667969,258.0,259.8999938964844,255.6999969482422,258.0,66069
2022-11-01,268.1372985839844,269.3999938964844,274.6000061035156,256.8999938964844,259.29998779296875,977693
2022-11-02,260.6226806640625,261.8500061035156,270.70001220703125,260.79998779296875,269.0,414541
2022-11-03,261.4189147949219,262.6499938964844,264.70001220703125,261.1000061035156,263.20001220703125,63839
2022-11-04,255.8451690673828,257.04998779296875,263.95001220703125,255.85000610351562,263.95001220703125,252167
2022-11-07,261.2198791503906,262.45001220703125,265.3999938964844,255.0,255.0,155585
2022-11-09,258.4329833984375,259.6499938964844,264.45001220703125,258.8999938964844,264.45001220703125,84999
2022-11-10,259.9757385253906,261.20001220703125,262.5,257.0,259.6499938964844,121510
2022-11-11,259.4283142089844,260.6499938964844,263.45001220703125,259.20001220703125,262.79998779296875,95722
2022-11-14,255.9447021484375,257.1499938964844,261.8999938964844,255.10000610351562,260.6499938964844,184259
2022-11-15,252.70993041992188,253.89999389648438,258.79998779296875,252.0,253.0,265561
2022-11-16,262.6630554199219,263.8999938964844,265.0,252.1999969482422,254.60000610351562,361978
2022-11-17,266.096923828125,267.3500061035156,269.75,263.1499938964844,264.79998779296875,205790
2022-11-18,269.0828552246094,270.3500061035156,273.6000061035156,267.1000061035156,268.70001220703125,233295
2022-11-21,263.3100280761719,264.54998779296875,273.8999938964844,263.20001220703125,271.0,155392
2022-11-22,266.096923828125,267.3500061035156,268.70001220703125,263.6499938964844,265.8999938964844,81329
2022-11-23,274.9552001953125,276.25,277.70001220703125,266.0,266.0,295787
2022-11-24,270.72509765625,272.0,280.0,271.0,277.70001220703125,209098
2022-11-25,269.6302795410156,270.8999938964844,274.75,268.5,273.3999938964844,91469
2022-11-28,271.72039794921875,273.0,275.0,270.75,272.0,227116
2022-11-29,266.6443176269531,267.8999938964844,273.1000061035156,267.1000061035156,271.20001220703125,610309
2022-11-30,274.158935546875,275.45001220703125,277.29998779296875,268.25,268.25,387503
2022-12-01,271.12322998046875,272.3999938964844,276.8500061035156,271.25,276.79998779296875,108892
2022-12-02,277.5429992675781,278.8500061035156,283.70001220703125,271.45001220703125,272.8999938964844,476866
2022-12-05,264.9024963378906,266.1499938964844,285.0,237.0,280.5,290333
2022-12-06,289.78533935546875,291.1499938964844,293.6499938964844,265.1499938964844,265.8999938964844,3365548
2022-12-07,280.62847900390625,281.95001220703125,289.70001220703125,280.04998779296875,287.20001220703125,495055
2022-12-08,282.2209777832031,283.54998779296875,289.75,280.0,280.0,307616
2022-12-09,282.0716552734375,283.3999938964844,293.8999938964844,280.0,284.75,536330
2022-12-12,287.4961242675781,288.8500061035156,290.8999938964844,282.1499938964844,283.3999938964844,219528
2022-12-13,286.1524353027344,287.5,295.0,285.54998779296875,290.25,231939
2022-12-14,287.14776611328125,288.5,291.8500061035156,286.29998779296875,290.0,135562
2022-12-15,296.30462646484375,297.70001220703125,315.0,288.5,288.95001220703125,3320702
2022-12-16,292.3233947753906,293.70001220703125,300.25,290.1499938964844,298.8999938964844,764925
2022-12-19,285.356201171875,286.70001220703125,294.75,281.25,294.75,772869
2022-12-20,282.1214294433594,283.45001220703125,290.1000061035156,282.04998779296875,286.8500061035156,224932
2022-12-21,272.6161804199219,273.8999938964844,287.04998779296875,272.0,285.5,305535
2022-12-22,276.89605712890625,278.20001220703125,284.6499938964844,262.54998779296875,274.3500061035156,612724
2022-12-23,265.2011413574219,266.45001220703125,278.95001220703125,265.0,271.04998779296875,382052
2022-12-26,280.7279968261719,282.04998779296875,283.6000061035156,269.04998779296875,270.0,371312
2022-12-27,284.2115783691406,285.54998779296875,290.79998779296875,281.79998779296875,288.0,837834
2022-12-28,282.51959228515625,283.8500061035156,288.1000061035156,282.1000061035156,287.0,556223
2022-12-29,279.2847900390625,280.6000061035156,285.79998779296875,276.6000061035156,282.0,205260
2022-12-30,286.99847412109375,288.3500061035156,294.79998779296875,281.0,281.0,1445185
2023-01-02,308.1986389160156,309.6499938964844,314.0,289.70001220703125,289.70001220703125,2487832
2023-01-03,306.1582336425781,307.6000061035156,321.5,304.25,311.20001220703125,1835619
2023-01-04,301.13189697265625,302.54998779296875,312.95001220703125,300.04998779296875,308.0,577248
2023-01-05,302.9234924316406,304.3500061035156,313.95001220703125,300.5,303.0,691708
2023-01-06,315.61370849609375,317.1000061035156,321.25,302.0,305.29998779296875,1782102
2023-01-09,312.727294921875,314.20001220703125,332.8500061035156,312.0,322.1000061035156,2608874
2023-01-10,310.3883056640625,311.8500061035156,319.70001220703125,310.20001220703125,314.0,721327
2023-01-11,313.3244934082031,314.79998779296875,318.70001220703125,311.5,312.3999938964844,702969
2023-01-12,325.2682189941406,326.79998779296875,329.0,315.3999938964844,315.3999938964844,2101839
2023-01-13,328.7020568847656,330.25,332.6499938964844,322.1000061035156,326.0,1063953
2023-01-16,328.00537109375,329.54998779296875,335.0,323.6000061035156,329.29998779296875,875248
2023-01-17,320.0428161621094,321.54998779296875,328.0,320.0,326.1000061035156,563424
2023-01-18,324.521728515625,326.04998779296875,327.6000061035156,317.45001220703125,322.3500061035156,943381
2023-01-19,323.1283264160156,324.6499938964844,330.95001220703125,322.79998779296875,323.0,294737
2023-01-20,323.2278747558594,324.75,329.70001220703125,321.8500061035156,326.5,268866
2023-01-23,322.28228759765625,323.79998779296875,328.5,322.3999938964844,326.8999938964844,214002
2023-01-24,317.0569152832031,318.54998779296875,329.29998779296875,316.70001220703125,324.0,243030
2023-01-25,314.5686340332031,316.04998779296875,323.95001220703125,312.75,317.75,249271
2023-01-27,309.59210205078125,311.04998779296875,317.95001220703125,303.29998779296875,317.0,361168
2023-01-30,315.215576171875,316.70001220703125,320.0,308.6499938964844,311.04998779296875,269559
2023-01-31,327.0100402832031,328.54998779296875,330.0,316.95001220703125,318.29998779296875,832951
2023-02-01,332.8326416015625,334.3999938964844,344.0,321.45001220703125,334.8500061035156,1411584
2023-02-02,347.91162109375,349.54998779296875,351.95001220703125,327.6000061035156,335.0,1749346
2023-02-03,335.5199890136719,337.1000061035156,352.0,335.20001220703125,352.0,594885
2023-02-06,337.8589782714844,339.45001220703125,344.20001220703125,335.54998779296875,337.75,253199
2023-02-07,328.65234375,330.20001220703125,342.25,329.0,340.20001220703125,237916
2023-02-08,323.1781005859375,324.70001220703125,333.25,322.1000061035156,330.3500061035156,314531
2023-02-09,329.59783935546875,331.1499938964844,334.79998779296875,322.25,322.25,391269
2023-02-10,332.8824157714844,334.45001220703125,341.8999938964844,331.0,333.5,302742
2023-02-13,331.6880187988281,333.25,341.0,328.1499938964844,335.70001220703125,250053
2023-02-14,326.1640625,327.70001220703125,334.6000061035156,325.0,333.0,306058
2023-02-15,330.3941345214844,331.95001220703125,335.79998779296875,326.6499938964844,334.0,599839
2023-02-16,323.42694091796875,324.95001220703125,334.5,323.20001220703125,332.8999938964844,429410
2023-02-17,313.6728210449219,315.1499938964844,325.8999938964844,311.5,325.0,305888
2023-02-20,311.88128662109375,313.3500061035156,324.0,311.1000061035156,316.45001220703125,432282
2023-02-21,307.25311279296875,308.70001220703125,314.3999938964844,307.0,310.5,443349
2023-02-22,303.0230407714844,304.45001220703125,311.5,302.0,307.0,182714
2023-02-23,304.2173767089844,305.6499938964844,310.20001220703125,301.0,307.5,333462
2023-02-24,292.5722351074219,293.95001220703125,309.0,292.04998779296875,308.70001220703125,383271
2023-02-27,280.5289611816406,281.8500061035156,295.5,273.0,293.0,1241111
2023-02-28,272.4171447753906,273.70001220703125,289.45001220703125,270.29998779296875,287.0,723942
2023-03-01,270.2274475097656,271.5,278.0,270.1000061035156,275.8999938964844,645215
2023-03-02,275.2537536621094,276.54998779296875,279.8999938964844,271.8999938964844,271.8999938964844,728157
2023-03-03,281.3251647949219,282.6499938964844,289.6499938964844,277.95001220703125,278.0,929051
2023-03-06,289.5863037109375,290.95001220703125,295.0,282.0,285.95001220703125,1030672
2023-03-08,283.1665344238281,284.5,291.75,282.45001220703125,290.8500061035156,447384
2023-03-09,285.1073913574219,286.45001220703125,292.0,284.6499938964844,286.1000061035156,349407
2023-03-10,289.38720703125,290.75,298.6000061035156,287.04998779296875,294.5,2661908
2023-03-13,283.1665344238281,284.5,292.20001220703125,278.6000061035156,292.20001220703125,505883
2023-03-14,283.41534423828125,284.75,292.0,281.0,289.29998779296875,514440
2023-03-15,287.2472839355469,288.6000061035156,297.0,285.79998779296875,297.0,1206084
2023-03-16,283.26605224609375,284.6000061035156,289.70001220703125,281.0,287.5,268657
2023-03-17,285.70452880859375,287.04998779296875,291.0,283.75,285.6499938964844,348741
2023-03-20,283.514892578125,284.8500061035156,295.79998779296875,283.0,295.79998779296875,247246
2023-03-21,284.5102233886719,285.8500061035156,292.0,285.0,291.0,339290
2023-03-22,283.0172119140625,284.3500061035156,289.8500061035156,283.6499938964844,289.45001220703125,164381
2023-03-23,282.96746826171875,284.29998779296875,287.3999938964844,281.04998779296875,281.04998779296875,155172
2023-03-24,276.647216796875,277.95001220703125,286.3999938964844,276.0,284.3500061035156,171593
2023-03-27,263.85748291015625,265.1000061035156,279.45001220703125,261.0,277.95001220703125,540524
2023-03-28,280.6782531738281,282.0,289.6000061035156,271.1499938964844,272.0,8770562
2023-03-29,287.89422607421875,289.25,293.5,273.70001220703125,278.29998779296875,1070984
2023-03-31,287.5458984375,288.8999938964844,294.20001220703125,287.25,291.0,518381
2023-04-03,283.6641540527344,285.0,301.0,282.1000061035156,300.25,1257044
2023-04-05,284.9083251953125,286.25,289.0,282.6000061035156,287.0,766185
2023-04-06,286.4510498046875,287.79998779296875,294.6499938964844,286.5,289.3999938964844,562349
2023-04-10,288.8895568847656,290.25,295.6000061035156,287.6499938964844,294.0,673422
2023-04-11,286.6501159667969,288.0,291.8500061035156,286.8999938964844,291.5,265186
2023-04-12,284.2613830566406,285.6000061035156,289.0,284.25,288.1000061035156,303330
2023-04-13,284.2613830566406,285.6000061035156,286.8999938964844,284.0,285.70001220703125,163763
2023-04-17,284.06231689453125,285.3999938964844,288.8500061035156,284.0,284.5,203891
2023-04-18,283.465087890625,284.79998779296875,287.95001220703125,283.79998779296875,286.3999938964844,210889
2023-04-19,278.8368835449219,280.1499938964844,285.8999938964844,279.5,284.8999938964844,274678
2023-04-20,275.70166015625,277.0,281.3500061035156,275.1499938964844,281.0,294638
2023-04-21,281.1261291503906,282.45001220703125,285.0,276.3500061035156,278.3500061035156,662519
2023-04-24,278.28948974609375,279.6000061035156,285.95001220703125,278.3999938964844,283.25,305210
2023-04-25,280.47918701171875,281.79998779296875,284.6499938964844,278.54998779296875,279.75,318384
2023-04-26,280.57867431640625,281.8999938964844,283.79998779296875,279.5,281.75,178140
2023-04-27,281.22564697265625,282.54998779296875,288.3999938964844,281.5,281.95001220703125,345311
2023-04-28,282.0716552734375,283.3999938964844,285.70001220703125,281.75,283.0,304290
2023-05-02,285.0078430175781,286.3500061035156,287.3500061035156,284.0,284.8999938964844,219272
2023-05-03,291.7261962890625,293.1000061035156,294.8999938964844,279.3999938964844,285.75,670791
2023-05-04,305.1131591796875,306.54998779296875,309.6499938964844,295.0,295.0,1640880
2023-05-05,302.6248779296875,304.04998779296875,315.45001220703125,302.29998779296875,308.79998779296875,821184
2023-05-08,312.4287109375,313.8999938964844,320.0,308.25,312.1000061035156,1218450
2023-05-09,306.7056884765625,308.1499938964844,316.5,306.5,313.0,234457
2023-05-10,307.5019226074219,308.95001220703125,310.29998779296875,303.70001220703125,309.6499938964844,216292
2023-05-11,310.78643798828125,312.25,315.3500061035156,308.3500061035156,309.54998779296875,496951
2023-05-12,305.56103515625,307.0,311.5,305.6499938964844,311.5,120362
2023-05-15,309.4427490234375,310.8999938964844,314.20001220703125,305.0,305.0,190993
2023-05-16,317.5545654296875,319.04998779296875,325.5,311.04998779296875,313.54998779296875,1211099
2023-05-17,317.65411376953125,319.1499938964844,327.5,316.0,323.20001220703125,525522
2023-05-18,315.46441650390625,316.95001220703125,323.0,315.20001220703125,320.95001220703125,161264
2023-05-19,321.03814697265625,322.54998779296875,324.25,312.6000061035156,316.0,352705
2023-05-22,317.4052734375,318.8999938964844,323.95001220703125,317.5,323.0,155586
2023-05-23,315.6634521484375,317.1499938964844,322.6000061035156,315.75,319.6000061035156,131937
2023-05-24,311.28411865234375,312.75,318.1499938964844,312.0,315.54998779296875,182158
2023-05-25,310.03997802734375,311.5,313.54998779296875,308.25,313.54998779296875,162510
2023-05-26,313.77239990234375,315.25,316.8999938964844,311.25,312.04998779296875,162079
2023-05-29,305.0633850097656,306.5,314.0,304.8500061035156,305.1499938964844,457230
2023-05-30,306.2578125,307.70001220703125,310.79998779296875,306.0,308.04998779296875,219601
2023-05-31,312.4287109375,313.8999938964844,316.5,308.70001220703125,310.0,263832
2023-06-01,309.59210205078125,311.04998779296875,318.5,304.04998779296875,315.5,214713
2023-06-02,315.0662841796875,316.54998779296875,318.79998779296875,306.0,306.0,304521
2023-06-05,312.5780029296875,314.04998779296875,322.0,312.75,318.0,487186
2023-06-06,316.5592346191406,318.04998779296875,324.95001220703125,315.8500061035156,321.79998779296875,543299
2023-06-07,321.3367919921875,322.8500061035156,324.0,319.25,324.0,260012
2023-06-08,318.5000915527344,320.0,326.29998779296875,318.3999938964844,324.3999938964844,324187
2023-06-09,317.3057556152344,318.79998779296875,321.8999938964844,316.5,320.79998779296875,164584
2023-06-12,315.56396484375,317.04998779296875,320.3500061035156,316.04998779296875,319.95001220703125,155154
2023-06-13,315.1160888671875,316.6000061035156,319.6000061035156,315.45001220703125,316.20001220703125,123577
2023-06-14,317.15643310546875,318.6499938964844,320.6499938964844,313.79998779296875,317.95001220703125,251785
2023-06-15,322.1330261230469,323.6499938964844,339.95001220703125,321.3500061035156,330.0,2778983
2023-06-16,335.1716003417969,336.75,338.0,323.1000061035156,325.75,1053068
2023-06-19,330.195068359375,331.75,341.1000061035156,330.0,338.0,477316
2023-06-20,329.3988037109375,330.95001220703125,334.75,328.04998779296875,332.0,348378
2023-06-21,327.9058532714844,329.45001220703125,334.70001220703125,328.0,331.5,366271
2023-06-22,331.19036865234375,332.75,338.0,330.5,332.8500061035156,1471254
2023-06-23,325.6663818359375,327.20001220703125,332.8999938964844,325.25,332.75,183228
2023-06-26,325.218505859375,326.75,329.95001220703125,322.0,327.1499938964844,171649
2023-06-27,334.77349853515625,336.3500061035156,339.1000061035156,326.0,326.70001220703125,505368
2023-06-28,327.6570129394531,329.20001220703125,339.0,327.70001220703125,338.5,232858
2023-06-30,326.1640625,327.70001220703125,333.45001220703125,326.29998779296875,329.29998779296875,231283
2023-07-03,328.00537109375,329.54998779296875,332.1000061035156,326.6499938964844,329.3999938964844,272505
2023-07-04,326.9602966308594,328.5,331.20001220703125,325.6499938964844,329.54998779296875,136003
2023-07-05,336.2664489746094,337.8500061035156,339.70001220703125,327.6000061035156,328.5,373776
2023-07-06,352.6891174316406,354.3500061035156,368.0,337.8999938964844,337.8999938964844,3717340
2023-07-07,349.7529602050781,351.3999938964844,357.79998779296875,347.29998779296875,354.0,433150
2023-07-10,345.4731140136719,347.1000061035156,353.6499938964844,340.0,351.3999938964844,219035
2023-07-11,346.2693176269531,347.8999938964844,351.0,343.25,348.70001220703125,212701
2023-07-12,344.2787170410156,345.8999938964844,356.70001220703125,344.20001220703125,347.8999938964844,333861
2023-07-13,344.17919921875,345.79998779296875,354.6000061035156,342.79998779296875,346.95001220703125,345108
2023-07-14,343.33319091796875,344.95001220703125,348.75,342.0,346.3500061035156,317507
2023-07-17,347.2646484375,348.8999938964844,363.25,345.20001220703125,345.20001220703125,610302
2023-07-18,341.7406921386719,343.3500061035156,353.70001220703125,340.20001220703125,350.5,279839
2023-07-19,341.6908874511719,343.29998779296875,351.29998779296875,342.1000061035156,346.8999938964844,306625
2023-07-20,349.1059875488281,350.75,368.54998779296875,347.20001220703125,354.29998779296875,2095738
2023-07-21,349.0064697265625,350.6499938964844,355.95001220703125,349.0,351.0,457255
2023-07-24,347.21490478515625,348.8500061035156,355.79998779296875,347.54998779296875,352.95001220703125,214769
2023-07-25,348.210205078125,349.8500061035156,355.75,346.6499938964844,348.20001220703125,327464
2023-07-26,348.55859375,350.20001220703125,354.0,348.0,351.20001220703125,235061
2023-07-27,343.233642578125,344.8500061035156,352.0,342.3500061035156,350.25,231062
2023-07-28,342.08905029296875,343.70001220703125,347.70001220703125,342.0,346.20001220703125,194635
2023-07-31,344.52752685546875,346.1499938964844,349.8500061035156,343.8999938964844,343.8999938964844,228619
2023-08-01,350.5491943359375,352.20001220703125,354.0,345.8999938964844,347.70001220703125,751034
2023-08-02,345.9209899902344,347.54998779296875,357.75,345.0,353.0,535858
2023-08-03,343.5820007324219,345.20001220703125,350.8999938964844,343.20001220703125,347.3999938964844,185021
2023-08-04,350.30035400390625,351.95001220703125,357.54998779296875,346.04998779296875,346.8999938964844,631805
2023-08-07,347.21490478515625,348.8500061035156,356.95001220703125,347.0,353.0,461034
2023-08-08,357.3670654296875,359.04998779296875,363.79998779296875,349.1499938964844,349.95001220703125,966973
2023-08-09,357.51641845703125,359.20001220703125,365.5,357.0,363.0,589812
2023-08-10,356.37176513671875,358.04998779296875,362.6000061035156,356.04998779296875,359.20001220703125,217265
2023-08-11,351.0965881347656,352.75,361.79998779296875,350.1499938964844,359.70001220703125,284518
2023-08-14,333.3800354003906,334.95001220703125,350.0,318.04998779296875,350.0,1709245
2023-08-16,328.5030212402344,330.04998779296875,334.6000061035156,327.1000061035156,332.0,448541
2023-08-17,322.5809020996094,324.1000061035156,332.0,323.45001220703125,331.45001220703125,247904
2023-08-18,320.839111328125,322.3500061035156,331.95001220703125,320.0,325.0,288300
2023-08-21,325.5170593261719,327.04998779296875,329.0,323.95001220703125,324.20001220703125,259176
2023-08-22,328.4532775878906,330.0,331.5,327.5,328.5,267456
2023-08-23,326.6617126464844,328.20001220703125,335.8999938964844,326.5,332.3500061035156,961139
2023-08-24,324.0738525390625,325.6000061035156,332.20001220703125,324.04998779296875,327.0,184162
2023-08-25,316.5094909667969,318.0,326.70001220703125,316.70001220703125,325.8999938964844,506048
2023-08-28,320.3414611816406,321.8500061035156,322.8500061035156,315.04998779296875,318.45001220703125,185127
2023-08-29,322.2325439453125,323.75,326.70001220703125,321.1499938964844,323.6000061035156,330811
2023-08-30,325.3677673339844,326.8999938964844,328.8500061035156,325.0,325.3500061035156,185591
2023-08-31,330.4438781738281,332.0,333.25,327.0,328.0,327266
2023-09-01,329.4983215332031,331.04998779296875,336.95001220703125,329.1499938964844,333.0,170354
2023-09-04,337.9087219238281,339.5,342.29998779296875,333.0,333.0,371378
2023-09-05,342.8355407714844,344.45001220703125,347.6499938964844,341.1499938964844,342.0,377267
2023-09-06,347.06561279296875,348.70001220703125,355.0,344.5,345.8500061035156,704790
2023-09-07,349.1557312011719,350.79998779296875,353.79998779296875,346.0,351.70001220703125,235555
2023-09-08,359.7558288574219,361.45001220703125,364.0,351.04998779296875,352.5,1291832
2023-09-11,362.6919860839844,364.3999938964844,367.3999938964844,360.0,364.25,507422
2023-09-12,357.7652282714844,359.45001220703125,366.25,345.0,365.8999938964844,679243
2023-09-13,352.6891174316406,354.3500061035156,372.29998779296875,351.79998779296875,365.0,858761
2023-09-14,359.3079528808594,361.0,368.70001220703125,356.45001220703125,357.1499938964844,354918
2023-09-15,369.2113342285156,370.95001220703125,373.79998779296875,354.54998779296875,361.54998779296875,589066
2023-09-18,366.82257080078125,368.54998779296875,387.70001220703125,365.1000061035156,374.5,1419630
2023-09-20,362.14459228515625,363.8500061035156,371.45001220703125,362.29998779296875,368.20001220703125,280398
2023-09-21,366.57373046875,368.29998779296875,371.0,360.1499938964844,364.0,209882
2023-09-22,369.3644104003906,370.6000061035156,382.8999938964844,365.79998779296875,378.0,784389
2023-09-25,366.972412109375,368.20001220703125,374.8500061035156,364.29998779296875,373.79998779296875,345764
2023-09-26,368.4674072265625,369.70001220703125,378.8999938964844,368.3500061035156,370.20001220703125,720901
2023-09-27,362.4375915527344,363.6499938964844,374.8500061035156,359.70001220703125,371.0,388882
2023-09-28,363.13525390625,364.3500061035156,371.25,362.6499938964844,366.29998779296875,414639
2023-09-29,364.33123779296875,365.54998779296875,368.25,362.0,366.0,320950
2023-10-03,373.5504150390625,374.79998779296875,376.5,362.3500061035156,367.0,520514
2023-10-04,371.5072326660156,372.75,378.0,366.8999938964844,376.0,309808
2023-10-05,370.1617126464844,371.3999938964844,378.1000061035156,368.1000061035156,378.0,239794
2023-10-06,369.7630615234375,371.0,373.20001220703125,368.0,373.20001220703125,145033
2023-10-09,365.2282409667969,366.45001220703125,370.8999938964844,360.3500061035156,369.79998779296875,271784
2023-10-10,371.3577575683594,372.6000061035156,377.8999938964844,366.5,368.0,334815
2023-10-11,371.3577575683594,372.6000061035156,376.20001220703125,371.04998779296875,375.3999938964844,162687
2023-10-12,366.7232360839844,367.95001220703125,377.5,366.25,374.79998779296875,360951
2023-10-13,366.7730712890625,368.0,370.3999938964844,366.04998779296875,367.95001220703125,183571
2023-10-16,364.33123779296875,365.54998779296875,372.6000061035156,362.95001220703125,365.0,228714
2023-10-17,367.4209289550781,368.6499938964844,370.5,364.3999938964844,366.1000061035156,333256
2023-10-18,366.22491455078125,367.45001220703125,369.5,362.25,368.6000061035156,124781
2023-10-19,363.982421875,365.20001220703125,370.8500061035156,364.1000061035156,367.45001220703125,186810
2023-10-20,364.381103515625,365.6000061035156,377.79998779296875,364.1499938964844,365.20001220703125,580236
2023-10-23,340.162109375,341.29998779296875,367.04998779296875,338.75,365.0,431847
2023-10-25,330.5442810058594,331.6499938964844,346.29998779296875,329.6499938964844,344.0,335899
2023-10-26,329.3482666015625,330.45001220703125,344.0,316.5,328.95001220703125,694601
2023-10-27,338.916259765625,340.04998779296875,343.3999938964844,332.1499938964844,332.1499938964844,199732
2023-10-30,336.7236328125,337.8500061035156,340.45001220703125,335.0,339.70001220703125,107439
2023-10-31,332.9861145019531,334.1000061035156,344.79998779296875,330.54998779296875,339.0,345863
2023-11-01,322.62078857421875,323.70001220703125,333.70001220703125,322.5,333.70001220703125,268935
2023-11-02,328.5011291503906,329.6000061035156,331.95001220703125,324.04998779296875,326.0,189654
2023-11-03,337.6704406738281,338.79998779296875,343.95001220703125,330.1499938964844,331.25,723153
2023-11-06,331.8399353027344,332.95001220703125,341.79998779296875,330.5,341.79998779296875,366753
2023-11-07,323.0194396972656,324.1000061035156,334.0,320.8999938964844,333.0,638689
2023-11-08,316.9895935058594,318.04998779296875,328.95001220703125,316.3500061035156,325.79998779296875,637420
2023-11-09,309.51458740234375,310.54998779296875,322.79998779296875,310.1000061035156,321.0,726437
2023-11-10,314.9962463378906,316.04998779296875,326.0,312.0,312.1499938964844,888351
2023-11-13,317.3883056640625,318.45001220703125,327.8999938964844,317.3500061035156,325.0,454758
2023-11-15,317.0892639160156,318.1499938964844,324.3999938964844,317.1000061035156,321.0,324573
2023-11-16,315.0461120605469,316.1000061035156,320.0,315.1000061035156,319.29998779296875,356784
2023-11-17,321.77362060546875,322.8500061035156,324.3999938964844,314.54998779296875,317.0,422187
2023-11-20,323.06927490234375,324.1499938964844,328.79998779296875,320.29998779296875,324.3999938964844,321343
2023-11-21,325.4612731933594,326.54998779296875,327.6499938964844,324.04998779296875,325.54998779296875,200924
2023-11-22,324.8134460449219,325.8999938964844,329.45001220703125,323.5,326.54998779296875,199359
2023-11-23,321.9729309082031,323.04998779296875,327.95001220703125,321.1499938964844,327.0,162269
2023-11-24,325.7602844238281,326.8500061035156,328.0,323.04998779296875,323.04998779296875,174572
2023-11-28,332.3382873535156,333.45001220703125,335.54998779296875,326.8999938964844,328.0,494500
2023-11-29,334.13226318359375,335.25,340.0,330.79998779296875,335.95001220703125,504371
2023-11-30,337.3714294433594,338.5,339.5,329.0,335.0,562203
2023-12-01,332.9861145019531,334.1000061035156,343.54998779296875,333.3999938964844,340.1499938964844,410884
2023-12-04,342.9029235839844,344.04998779296875,347.0,337.54998779296875,342.0,599640
2023-12-05,349.53076171875,350.70001220703125,354.79998779296875,343.6000061035156,347.79998779296875,1310600
2023-12-06,350.6769104003906,351.8500061035156,358.5,350.25,352.54998779296875,580407
2023-12-07,346.83978271484375,348.0,354.75,347.5,354.75,266423
2023-12-08,338.7667541503906,339.8999938964844,351.75,339.0,348.0,307972
2023-12-11,335.2784118652344,336.3999938964844,345.04998779296875,335.04998779296875,341.8999938964844,434136
2023-12-12,327.3549499511719,328.45001220703125,342.25,327.0,338.29998779296875,979098
2023-12-13,338.2186279296875,339.3500061035156,342.8999938964844,330.0,330.0,729021
2023-12-14,345.4942626953125,346.6499938964844,353.79998779296875,344.45001220703125,345.0,730279
2023-12-15,342.1055908203125,343.25,350.3500061035156,342.0,348.29998779296875,298164
2023-12-18,341.8066101074219,342.95001220703125,349.6499938964844,341.8999938964844,344.1000061035156,321050
2023-12-19,348.18524169921875,349.3500061035156,364.0,347.6000061035156,362.0,2245038
2023-12-20,336.6239318847656,337.75,352.29998779296875,331.5,351.75,530064
2023-12-21,342.304931640625,343.45001220703125,347.54998779296875,328.04998779296875,330.0,403660
2023-12-22,344.1487731933594,345.29998779296875,348.75,342.5,345.6000061035156,178785
2023-12-26,350.3280944824219,351.5,359.0,349.75,359.0,1091702
2023-12-27,349.3812255859375,350.54998779296875,355.70001220703125,349.5,353.45001220703125,274915
2023-12-28,346.49090576171875,347.6499938964844,352.29998779296875,346.3500061035156,352.25,202284
2023-12-29,350.27825927734375,351.45001220703125,355.75,347.6499938964844,348.70001220703125,323509
2024-01-01,348.63372802734375,349.79998779296875,354.70001220703125,348.1000061035156,352.79998779296875,145384
2024-01-02,348.0357666015625,349.20001220703125,352.45001220703125,344.29998779296875,350.79998779296875,221019
2024-01-03,347.73675537109375,348.8999938964844,356.0,347.0,349.8999938964844,344306
2024-01-04,351.1752624511719,352.3500061035156,354.95001220703125,349.75,351.5,275683
2024-01-05,349.7300720214844,350.8999938964844,355.8500061035156,350.04998779296875,354.75,279111
2024-01-08,344.3979187011719,345.54998779296875,352.3999938964844,344.79998779296875,351.95001220703125,203143
2024-01-09,346.24176025390625,347.3999938964844,349.8999938964844,345.54998779296875,345.54998779296875,171664
2024-01-10,366.8229064941406,368.04998779296875,372.3999938964844,348.6000061035156,351.3999938964844,3021543
2024-01-11,375.2945556640625,376.54998779296875,380.75,371.0,373.95001220703125,1608329
2024-01-12,376.73974609375,378.0,386.79998779296875,375.04998779296875,377.0,804849
2024-01-15,385.61004638671875,386.8999938964844,406.0,383.25,388.95001220703125,2996165
2024-01-16,403.7992248535156,405.1499938964844,427.8999938964844,395.54998779296875,419.5,5996270
2024-01-17,412.4702453613281,413.8500061035156,417.95001220703125,409.95001220703125,413.6000061035156,2724913
2024-01-18,409.82904052734375,411.20001220703125,416.0,393.6000061035156,414.0,1363442
2024-01-19,405.7925720214844,407.1499938964844,417.5,405.3500061035156,414.5,541650
2024-01-23,384.4140930175781,385.70001220703125,406.0,381.1499938964844,403.8999938964844,515421
2024-01-24,399.0152282714844,400.3500061035156,402.0,377.95001220703125,386.70001220703125,614759
2024-01-25,413.41705322265625,414.79998779296875,418.25,394.5,398.0,1764680
2024-01-29,432.7025451660156,434.1499938964844,449.79998779296875,416.3999938964844,419.95001220703125,3136466
2024-01-30,448.0013427734375,449.5,458.5,431.04998779296875,438.0,1952607
2024-01-31,456.0743408203125,457.6000061035156,460.95001220703125,437.70001220703125,448.8500061035156,925503
2024-02-01,438.1842041015625,439.6499938964844,462.79998779296875,435.04998779296875,462.04998779296875,826019
2024-02-02,443.8153381347656,445.29998779296875,453.95001220703125,441.3500061035156,441.95001220703125,761382
2024-02-05,438.53302001953125,440.0,448.79998779296875,430.6000061035156,447.79998779296875,547464
2024-02-06,442.8186950683594,444.29998779296875,462.0,441.04998779296875,443.79998779296875,1624688
2024-02-07,437.1875305175781,438.6499938964844,454.8999938964844,433.79998779296875,445.0,541098
2024-02-08,442.4200439453125,443.8999938964844,454.04998779296875,435.1000061035156,442.95001220703125,873001
2024-02-09,426.07470703125,427.5,444.6000061035156,424.3999938964844,443.8999938964844,805871
2024-02-12,393.48370361328125,394.79998779296875,431.3999938964844,391.0,428.79998779296875,624287
2024-02-13,399.1647033691406,400.5,403.3999938964844,381.0,396.75,846799
2024-02-14,412.2210693359375,413.6000061035156,424.0,391.20001220703125,397.0,636568
2024-02-15,411.9718933105469,413.3500061035156,417.20001220703125,408.54998779296875,414.0,247355
2024-02-16,412.17120361328125,413.54998779296875,420.79998779296875,412.20001220703125,413.45001220703125,160666
2024-02-19,410.7758483886719,412.1499938964844,416.6499938964844,410.04998779296875,415.0,185859
2024-02-20,409.18121337890625,410.54998779296875,420.5,407.04998779296875,413.70001220703125,219658
2024-02-21,411.9718933105469,413.3500061035156,428.54998779296875,409.45001220703125,410.1499938964844,481250
2024-02-22,408.1845397949219,409.54998779296875,419.5,405.5,416.0,300043
2024-02-23,422.98504638671875,424.3999938964844,427.0,408.5,412.0,820037
2024-02-26,445.5096740722656,447.0,452.8999938964844,425.3500061035156,425.3500061035156,1950747
2024-02-27,458.815185546875,460.3500061035156,469.0,452.1000061035156,454.0,2519096
2024-02-28,429.2142028808594,430.6499938964844,458.0,427.5,458.0,1139750
2024-02-29,425.9252014160156,427.3500061035156,433.3500061035156,422.79998779296875,430.8999938964844,486031
2024-03-01,425.9252014160156,427.3500061035156,435.95001220703125,423.3500061035156,429.1000061035156,275105
2024-03-04,461.65570068359375,463.20001220703125,467.0,430.5,436.79998779296875,2399332
2024-03-05,464.04766845703125,465.6000061035156,474.95001220703125,460.04998779296875,465.0,1296957
2024-03-06,444.5628356933594,446.04998779296875,464.0,437.6000061035156,464.0,1289977
2024-03-07,436.14105224609375,437.6000061035156,447.54998779296875,435.1000061035156,446.0,304719
2024-03-11,431.3570251464844,432.79998779296875,455.3500061035156,430.0,447.0,746069
2024-03-12,411.8223876953125,413.20001220703125,433.04998779296875,407.3500061035156,432.79998779296875,628684
2024-03-13,389.14825439453125,390.45001220703125,415.70001220703125,382.04998779296875,410.25,1017170
2024-03-14,400.4105529785156,401.75,408.79998779296875,382.0,385.95001220703125,755019
2024-03-15,412.6197204589844,414.0,417.8500061035156,397.45001220703125,401.75,602347
2024-03-18,409.6795349121094,411.04998779296875,423.8500061035156,407.75,418.8999938964844,679332
2024-03-19,400.2112121582031,401.54998779296875,410.6000061035156,400.0,410.0,197016
2024-03-20,410.9752197265625,412.3500061035156,418.0,393.5,404.8999938964844,301455
2024-03-21,422.7857360839844,424.20001220703125,429.79998779296875,412.0,415.3500061035156,431805
2024-03-22,428.4667053222656,429.8999938964844,434.8999938964844,423.5,424.5,390293
2024-03-26,438.33367919921875,439.79998779296875,453.0,436.0,442.75,1091794
2024-03-27,435.2938537597656,436.75,443.45001220703125,434.79998779296875,442.29998779296875,282028
2024-03-28,434.89520263671875,436.3500061035156,440.95001220703125,434.04998779296875,439.0,311524
2024-04-01,432.2041931152344,433.6499938964844,448.70001220703125,432.20001220703125,444.75,457087
2024-04-02,429.6627197265625,431.1000061035156,442.0,430.1000061035156,439.0,975819
2024-04-03,430.8586730957031,432.29998779296875,442.54998779296875,431.0,432.79998779296875,681013
2024-04-04,427.9683532714844,429.3999938964844,437.79998779296875,428.1499938964844,435.70001220703125,413867
2024-04-05,428.26739501953125,429.70001220703125,431.75,426.3999938964844,429.95001220703125,295546
2024-04-08,462.7519836425781,464.29998779296875,468.0,432.0,432.8500061035156,4127857
2024-04-09,450.0943603515625,451.6000061035156,480.0,448.6000061035156,468.1000061035156,1692307
2024-04-10,443.2671813964844,444.75,452.79998779296875,442.5,451.79998779296875,781582
2024-04-12,442.76885986328125,444.25,449.54998779296875,438.6000061035156,444.75,878489
2024-04-15,432.80218505859375,434.25,439.95001220703125,422.0,439.70001220703125,648392
2024-04-16,443.66583251953125,445.1499938964844,446.70001220703125,429.0,430.0,647426
2024-04-18,435.34368896484375,436.79998779296875,448.75,435.1499938964844,447.75,729763
2024-04-19,431.6560363769531,433.1000061035156,436.79998779296875,422.95001220703125,430.1000061035156,356715
2024-04-22,430.3603515625,431.79998779296875,440.70001220703125,430.20001220703125,438.70001220703125,232497
2024-04-23,435.7424011230469,437.20001220703125,443.20001220703125,433.04998779296875,434.6000061035156,290084
2024-04-24,441.37353515625,442.8500061035156,449.0,439.3999938964844,439.3999938964844,263991
2024-04-25,447.1043701171875,448.6000061035156,449.6000061035156,441.1499938964844,443.79998779296875,204583
2024-04-26,450.0445251464844,451.54998779296875,462.5,449.8999938964844,454.0,630666
2024-04-29,444.9615173339844,446.45001220703125,455.20001220703125,444.3500061035156,454.3500061035156,171417
2024-04-30,447.05450439453125,448.54998779296875,455.0,445.0,446.45001220703125,714979
2024-05-02,442.8186950683594,444.29998779296875,454.0,441.6499938964844,450.1000061035156,181701
2024-05-03,438.33367919921875,439.79998779296875,446.8999938964844,436.1000061035156,446.54998779296875,407018
2024-05-06,430.1610412597656,431.6000061035156,443.79998779296875,426.6499938964844,442.79998779296875,404125
2024-05-07,423.134521484375,424.54998779296875,436.95001220703125,416.95001220703125,433.25,499768
2024-05-08,423.6827087402344,425.1000061035156,431.54998779296875,419.54998779296875,423.95001220703125,306707
2024-05-09,426.6726989746094,428.1000061035156,429.54998779296875,421.1000061035156,425.1000061035156,248660
2024-05-10,432.4035339355469,433.8500061035156,439.5,420.25,430.8999938964844,375359
2024-05-13,424.48004150390625,425.8999938964844,434.70001220703125,423.1499938964844,434.0,144083
2024-05-14,423.2840576171875,424.70001220703125,434.75,424.04998779296875,426.0,219365
2024-05-15,423.7325439453125,425.1499938964844,430.20001220703125,423.0,425.8999938964844,1114848
2024-05-16,432.9516906738281,434.3999938964844,439.70001220703125,424.5,427.95001220703125,1399120
2024-05-17,455.2272033691406,456.75,465.0,434.54998779296875,434.54998779296875,1463450
2024-05-21,456.3235168457031,457.8500061035156,469.8999938964844,454.0,457.70001220703125,896877
2024-05-22,515.874267578125,517.5999755859375,535.5,475.0,475.0,21048067
2024-05-23,535.5086059570312,537.2999877929688,556.4500122070312,516.0499877929688,524.2999877929688,8686889
2024-05-24,557.4352416992188,559.2999877929688,573.7999877929688,512.3499755859375,531.0,4271630
2024-05-27,525.990478515625,527.75,574.7999877929688,524.0499877929688,570.0,3290381
2024-05-28,513.282958984375,515.0,532.9500122070312,512.1500244140625,531.9500122070312,1256197
2024-05-29,521.9539794921875,523.7000122070312,531.75,511.70001220703125,517.0499877929688,1092167
2024-05-30,511.9375305175781,513.6500244140625,535.9000244140625,509.95001220703125,523.0,1211740
2024-05-31,516.17333984375,517.9000244140625,532.0,511.04998779296875,516.7000122070312,959797
2024-06-03,544.1796264648438,546.0,556.9500122070312,533.0999755859375,556.5499877929688,1648279
2024-06-04,473.61566162109375,475.20001220703125,546.0,455.0,546.0,1953445
2024-06-05,468.8316650390625,470.3999938964844,499.1499938964844,456.29998779296875,484.3999938964844,2749739
2024-06-06,527.1865234375,528.9500122070312,552.1500244140625,478.0,480.0,5105178
2024-06-07,525.7910766601562,527.5499877929688,539.0999755859375,519.1500244140625,533.9000244140625,2005224
2024-06-10,519.8609619140625,521.5999755859375,536.0,515.1500244140625,529.5,2981072
2024-06-11,477.3033447265625,478.8999938964844,510.0,470.0,510.0,8525362
2024-06-12,480.6919860839844,482.29998779296875,487.95001220703125,479.54998779296875,483.70001220703125,1836924
2024-06-13,478.9976806640625,480.6000061035156,485.79998779296875,476.0,484.0,1733400
2024-06-14,472.8681945800781,474.45001220703125,483.79998779296875,470.6499938964844,482.70001220703125,1194881
2024-06-18,476.0574951171875,477.6499938964844,483.29998779296875,473.1000061035156,477.95001220703125,1047682
2024-06-19,464.04766845703125,465.6000061035156,480.6000061035156,464.0,480.0,1297435
2024-06-20,462.8018493652344,464.3500061035156,471.0,461.0,467.6000061035156,930970
2024-06-21,468.3832092285156,469.95001220703125,481.6000061035156,464.3500061035156,464.3500061035156,1384234
2024-06-24,474.0641784667969,475.6499938964844,481.95001220703125,466.5,472.0,841228
2024-06-25,488.1669921875,489.79998779296875,492.0,476.1499938964844,476.1499938964844,2484449
2024-06-26,486.2235107421875,487.8500061035156,494.25,482.25,491.45001220703125,849676
2024-06-27,482.1869812011719,483.79998779296875,489.79998779296875,480.1000061035156,488.0,657600
2024-06-28,479.8448486328125,481.45001220703125,487.0,477.0,483.0,540415
2024-07-01,478.05084228515625,479.6499938964844,486.3999938964844,476.3999938964844,483.3999938964844,534648
2024-07-02,475.95782470703125,477.54998779296875,483.54998779296875,474.0,482.0,372081
2024-07-03,485.62548828125,487.25,492.0,477.0,477.0,790156
2024-07-04,488.3663330078125,490.0,491.79998779296875,479.20001220703125,490.0,750586
2024-07-05,479.8946533203125,481.5,494.0,480.0,491.5,695008
2024-07-08,503.51568603515625,505.20001220703125,509.79998779296875,484.0,486.5,2052553
2024-07-09,524.9440307617188,526.7000122070312,539.5,514.0499877929688,518.0,6636733
2024-07-10,521.9539794921875,523.7000122070312,539.0,508.0,527.5,1502972
2024-07-11,522.9008178710938,524.6500244140625,530.0,521.7000122070312,528.0999755859375,589751
2024-07-12,521.2562866210938,523.0,538.8499755859375,507.6000061035156,527.5999755859375,1271911
2024-07-15,527.9340209960938,529.7000122070312,534.7999877929688,513.7000122070312,524.25,941876
2024-07-16,524.9937744140625,526.75,534.4000244140625,524.0,532.7000122070312,499760
2024-07-18,519.7114868164062,521.4500122070312,530.9500122070312,514.9500122070312,530.9500122070312,536524
2024-07-19,505.5090026855469,507.20001220703125,521.4500122070312,505.0,521.4500122070312,635070
2024-07-22,507.0538024902344,508.75,515.9500122070312,493.25,500.0,510569
2024-07-23,510.4425048828125,512.1500244140625,527.0,470.6000061035156,515.1500244140625,1424214
2024-07-24,512.6351318359375,514.3499755859375,522.9000244140625,510.0,512.1500244140625,328079
2024-07-25,509.2464904785156,510.95001220703125,518.4000244140625,508.0,510.0,330741
2024-07-26,512.037109375,513.75,517.5499877929688,504.29998779296875,510.95001220703125,298598
2024-07-29,512.9341430664062,514.6500244140625,529.0,512.0999755859375,516.7000122070312,508734
2024-07-30,509.8444519042969,511.54998779296875,514.7000122070312,510.25,514.6500244140625,206939
2024-07-31,504.41265869140625,506.1000061035156,514.0,505.0,512.0,446281
2024-08-01,493.8978271484375,495.54998779296875,508.8999938964844,493.0,508.70001220703125,408434
2024-08-02,483.1338195800781,484.75,494.3999938964844,481.0,481.0,380406
2024-08-05,464.8948669433594,466.45001220703125,485.25,465.0,475.0,627923
2024-08-06,467.1373596191406,468.70001220703125,480.75,464.25,473.75,318789
2024-08-07,466.58917236328125,468.1499938964844,474.8500061035156,464.1499938964844,474.79998779296875,486572
2024-08-08,463.00115966796875,464.54998779296875,472.0,462.1000061035156,469.8999938964844,305155
2024-08-09,464.39654541015625,465.95001220703125,470.45001220703125,464.0,469.75,222637
2024-08-12,482.9843444824219,484.6000061035156,520.0,481.04998779296875,520.0,3591461
2024-08-13,482.78497314453125,484.3999938964844,497.70001220703125,483.04998779296875,487.0,929230
2024-08-14,458.11749267578125,459.6499938964844,486.79998779296875,458.8999938964844,485.1499938964844,848464
2024-08-16,458.26702880859375,459.79998779296875,478.70001220703125,457.0,478.70001220703125,908288
2024-08-19,466.3399963378906,467.8999938964844,470.1000061035156,457.6000061035156,460.04998779296875,440667
2024-08-20,459.2138671875,460.75,471.79998779296875,459.1000061035156,470.29998779296875,457399
2024-08-21,462.6523742675781,464.20001220703125,467.54998779296875,461.0,461.8999938964844,295522
2024-08-22,467.0376892089844,468.6000061035156,474.54998779296875,465.04998779296875,465.79998779296875,404955
2024-08-23,463.9480285644531,465.5,469.8999938964844,462.1499938964844,469.79998779296875,339241
2024-08-26,461.50616455078125,463.04998779296875,471.3500061035156,459.1000061035156,471.3500061035156,471764
2024-08-27,456.9713439941406,458.5,464.79998779296875,458.0,463.3500061035156,411346
2024-08-28,456.0245056152344,457.54998779296875,472.95001220703125,456.0,470.04998779296875,2050699
2024-08-29,454.0810241699219,455.6000061035156,466.0,454.75,457.6000061035156,557152
2024-08-30,448.1508483886719,449.6499938964844,458.79998779296875,448.3999938964844,456.0,637010
2024-09-02,454.0810241699219,455.6000061035156,458.3999938964844,449.04998779296875,450.8999938964844,308239
2024-09-03,445.0113525390625,446.5,455.8999938964844,445.0,455.8999938964844,562740
2024-09-04,442.3702087402344,443.8500061035156,448.3999938964844,440.54998779296875,444.0,391043
2024-09-05,449.09771728515625,450.6000061035156,451.5,443.8999938964844,444.79998779296875,325877
2024-09-06,452.4365234375,453.95001220703125,463.95001220703125,452.0,453.0,1409533
2024-09-09,447.4033508300781,448.8999938964844,456.79998779296875,445.0,456.5,332088
2024-09-10,450.5428466796875,452.04998779296875,453.79998779296875,448.3500061035156,449.8999938964844,243584
2024-09-11,448.74884033203125,450.25,455.0,447.0,451.1000061035156,182099
2024-09-12,457.51953125,459.04998779296875,461.20001220703125,449.1499938964844,451.54998779296875,864938
2024-09-13,457.5693359375,459.1000061035156,461.8999938964844,456.25,459.0,351380
2024-09-16,453.5826721191406,455.1000061035156,460.0,453.45001220703125,460.0,222993
2024-09-17,454.1806945800781,455.70001220703125,457.6000061035156,448.04998779296875,455.0,565495
2024-09-18,446.40667724609375,447.8999938964844,456.3999938964844,446.25,456.3999938964844,298253
2024-09-19,433.3005065917969,434.75,450.8500061035156,430.6000061035156,448.5,563116
2024-09-20,431.65374755859375,432.5,442.1499938964844,431.0,438.0,481437
2024-09-23,432.9512023925781,433.79998779296875,439.8500061035156,432.3500061035156,437.20001220703125,365892
2024-09-24,435.4463195800781,436.29998779296875,437.95001220703125,433.1000061035156,434.8999938964844,389368
2024-09-25,440.6361389160156,441.5,447.8999938964844,435.1000061035156,436.54998779296875,616488
2024-09-26,437.8915100097656,438.75,443.3999938964844,437.8500061035156,442.70001220703125,203855
2024-09-27,432.7016906738281,433.54998779296875,440.1499938964844,432.3999938964844,439.29998779296875,241099
2024-09-30,445.4267272949219,446.29998779296875,447.79998779296875,432.1000061035156,434.45001220703125,500007
2024-10-01,448.5705871582031,449.45001220703125,450.8500061035156,445.54998779296875,450.0,247286
2024-10-03,430.7555236816406,431.6000061035156,444.1499938964844,428.0,442.0,474390
2024-10-04,424.6175537109375,425.45001220703125,434.20001220703125,423.95001220703125,432.04998779296875,333999
2024-10-07,416.8827209472656,417.70001220703125,429.5,412.54998779296875,427.25,435776
2024-10-08,426.064697265625,426.8999938964844,430.0,412.0,416.54998779296875,228238
2024-10-09,427.811279296875,428.6499938964844,434.0,425.6499938964844,427.8999938964844,614712
2024-10-10,442.33282470703125,443.20001220703125,458.8999938964844,440.1499938964844,453.0,3111087
2024-10-11,439.7379150390625,440.6000061035156,446.95001220703125,439.1499938964844,446.0,264905
2024-10-14,450.0177307128906,450.8999938964844,467.6000061035156,449.0,457.95001220703125,3254211
2024-10-15,445.3768615722656,446.25,454.8999938964844,442.20001220703125,450.8999938964844,526930
2024-10-16,465.08819580078125,466.0,469.6499938964844,460.79998779296875,468.95001220703125,4919471
2024-10-17,458.301513671875,459.20001220703125,468.95001220703125,458.0,468.95001220703125,535748
2024-10-18,457.6028747558594,458.5,460.0,445.1499938964844,457.0,381962
2024-10-21,366.0823059082031,366.79998779296875,435.0,366.79998779296875,435.0,5021021
2024-10-22,341.6302185058594,342.29998779296875,348.1499938964844,299.0,325.0,12392517
2024-10-23,331.69970703125,332.3500061035156,345.6000061035156,322.0,342.1000061035156,2558093
2024-10-24,320.7711181640625,321.3999938964844,337.95001220703125,320.0,335.04998779296875,880193
2024-10-25,310.5910949707031,311.20001220703125,330.0,304.0,322.95001220703125,1041173
2024-10-28,317.5774230957031,318.20001220703125,323.5,300.20001220703125,311.1499938964844,589882
2024-10-29,322.1184997558594,322.75,329.0,313.79998779296875,320.8500061035156,431233
2024-10-30,319.22418212890625,319.8500061035156,323.79998779296875,315.75,322.1000061035156,1820613
2024-10-31,317.5274963378906,318.1499938964844,324.8999938964844,315.20001220703125,321.25,786974
2024-11-01,323.4658508300781,324.1000061035156,325.1000061035156,320.0,320.0,129548
2024-11-04,309.1439208984375,309.75,326.6499938964844,307.6499938964844,323.70001220703125,757601
2024-11-05,314.23394775390625,314.8500061035156,318.70001220703125,308.79998779296875,311.1000061035156,687571
2024-11-06,330.70166015625,331.3500061035156,334.45001220703125,314.5,316.0,628798
2024-11-07,319.573486328125,320.20001220703125,332.79998779296875,318.6000061035156,332.6499938964844,717751
2024-11-08,315.6312255859375,316.25,325.0,312.6000061035156,324.0,417552
2024-11-11,321.1204528808594,321.75,324.1000061035156,310.25,315.8500061035156,548125
2024-11-12,317.3279113769531,317.95001220703125,327.79998779296875,316.3500061035156,326.0,260531
2024-11-13,308.59503173828125,309.20001220703125,312.70001220703125,295.54998779296875,303.95001220703125,1193668
2024-11-14,298.46484375,299.04998779296875,312.0,298.0,305.0,463294
2024-11-18,301.8083190917969,302.3999938964844,309.8999938964844,290.04998779296875,291.3500061035156,527698
2024-11-19,299.21337890625,299.79998779296875,306.79998779296875,296.29998779296875,303.0,382000
2024-11-21,290.081298828125,290.6499938964844,303.0,287.04998779296875,300.0,528034
2024-11-22,287.1869812011719,287.75,293.5,286.04998779296875,292.3999938964844,656629
2024-11-25,285.29071044921875,285.8500061035156,302.8500061035156,281.6000061035156,300.0,1047097
2024-11-26,299.71240234375,300.29998779296875,304.79998779296875,286.20001220703125,287.0,1410275
2024-11-27,292.9756164550781,293.54998779296875,300.6499938964844,293.0,300.6499938964844,1763013
2024-11-28,293.5245666503906,294.1000061035156,301.5,291.20001220703125,294.8500061035156,665231
2024-11-29,295.4707336425781,296.04998779296875,297.54998779296875,292.25,295.79998779296875,451131
2024-12-02,293.17523193359375,293.75,298.1499938964844,288.8999938964844,296.04998779296875,888370
2024-12-03,296.7681884765625,297.3500061035156,300.6499938964844,290.54998779296875,294.8999938964844,1195670
2024-12-04,304.10382080078125,304.70001220703125,318.25,297.79998779296875,298.1499938964844,2152690
2024-12-05,308.9942321777344,309.6000061035156,311.79998779296875,300.95001220703125,305.8500061035156,823993
2024-12-06,317.47760009765625,318.1000061035156,319.0,310.3999938964844,311.79998779296875,773234
2024-12-09,314.0343322753906,314.6499938964844,325.0,313.5,319.25,689923
2024-12-10,308.9942321777344,309.6000061035156,318.5,308.1499938964844,316.0,695523
2024-12-11,347.2192687988281,347.8999938964844,357.45001220703125,313.04998779296875,315.0,27043029
2024-12-12,334.1448974609375,334.79998779296875,352.1499938964844,330.95001220703125,348.8999938964844,3819565
2024-12-13,327.6576232910156,328.29998779296875,333.04998779296875,323.5,333.0,1108804
2024-12-16,334.3944091796875,335.04998779296875,336.79998779296875,328.04998779296875,329.75,958154
2024-12-17,327.3083190917969,327.95001220703125,335.45001220703125,326.54998779296875,335.04998779296875,802570
2024-12-18,319.67327880859375,320.29998779296875,329.70001220703125,319.5,327.75,534158
2024-12-19,319.0245666503906,319.6499938964844,321.75,312.29998779296875,314.0,616732
2024-12-20,311.1400146484375,311.75,321.3999938964844,310.1000061035156,319.5,519385
2024-12-23,306.34942626953125,306.95001220703125,313.0,303.25,311.8999938964844,374308
2024-12-24,307.4971618652344,308.1000061035156,310.20001220703125,305.54998779296875,307.95001220703125,254485
2024-12-26,329.4541320800781,330.1000061035156,335.6000061035156,310.1499938964844,315.0,5174594
2024-12-27,327.5578308105469,328.20001220703125,333.3999938964844,323.1000061035156,331.0,1399239
2024-12-30,324.3641052246094,325.0,331.5,322.1499938964844,331.04998779296875,566324
2024-12-31,332.8973388671875,333.54998779296875,335.5,320.1499938964844,323.0,654419
2025-01-01,327.9570617675781,328.6000061035156,338.79998779296875,327.79998779296875,334.54998779296875,763180
2025-01-02,328.10675048828125,328.75,331.79998779296875,325.70001220703125,328.6000061035156,560604
2025-01-03,321.41986083984375,322.04998779296875,326.5,317.3999938964844,321.3500061035156,1374934
2025-01-06,310.1419677734375,310.75,325.29998779296875,309.75,325.29998779296875,697098
2025-01-07,310.4413757324219,311.04998779296875,314.95001220703125,306.70001220703125,314.0,510724
2025-01-08,307.1977233886719,307.79998779296875,312.5,305.54998779296875,312.0,342375
2025-01-09,305.4012756347656,306.0,310.0,303.3500061035156,307.0,260420
2025-01-10,295.2711486816406,295.8500061035156,305.79998779296875,292.45001220703125,303.04998779296875,457959
2025-01-13,280.50006103515625,281.04998779296875,298.95001220703125,279.0,293.95001220703125,565693
2025-01-14,305.1517639160156,305.75,309.6000061035156,280.79998779296875,285.0,748741
2025-01-15,301.70849609375,302.29998779296875,307.95001220703125,297.0,305.5,1010105
2025-01-16,304.30340576171875,304.8999938964844,307.8500061035156,302.1000061035156,304.04998779296875,458628
2025-01-17,308.6947937011719,309.29998779296875,312.1000061035156,302.04998779296875,305.0,262670
2025-01-20,310.9403991699219,311.54998779296875,314.0,305.29998779296875,311.79998779296875,297995
2025-01-21,309.09405517578125,309.70001220703125,316.3500061035156,306.3500061035156,313.0,311745
2025-01-22,310.4913024902344,311.1000061035156,313.6000061035156,298.54998779296875,308.0,357067
2025-01-23,306.6488342285156,307.25,313.45001220703125,305.3500061035156,306.5,198909
2025-01-24,305.10186767578125,305.70001220703125,310.29998779296875,302.0,308.20001220703125,209568
2025-01-27,297.466796875,298.04998779296875,305.70001220703125,295.8999938964844,305.0,280057
2025-01-28,296.5186767578125,297.1000061035156,300.75,292.6499938964844,297.20001220703125,413363
2025-01-29,304.6527404785156,305.25,308.20001220703125,295.1000061035156,295.1000061035156,257133
2025-01-30,306.7486267089844,307.3500061035156,317.0,301.04998779296875,303.6000061035156,294058
2025-01-31,318.3758239746094,319.0,321.0,304.0,306.0,391710
2025-02-01,304.453125,305.04998779296875,330.0,302.20001220703125,323.0,907700
2025-02-03,294.1233825683594,294.70001220703125,309.3999938964844,292.1499938964844,302.0,382121
2025-02-04,292.7261047363281,293.29998779296875,303.8500061035156,292.6499938964844,298.0,568098
2025-02-05,296.8180847167969,297.3999938964844,301.20001220703125,294.0,294.0,390007
2025-02-06,300.0617370605469,300.6499938964844,306.20001220703125,296.70001220703125,297.3999938964844,360091
2025-02-07,293.6243591308594,294.20001220703125,301.5,292.8500061035156,300.70001220703125,286437
2025-02-10,299.6625061035156,300.25,324.75,296.1000061035156,320.0,12447300
2025-02-11,286.48834228515625,287.04998779296875,302.95001220703125,285.1000061035156,297.0,1200110
2025-02-12,277.1067199707031,277.6499938964844,290.0,276.0,287.1499938964844,1131723
2025-02-13,275.4100646972656,275.95001220703125,281.79998779296875,274.1000061035156,278.0,653772
2025-02-14,265.7290344238281,266.25,275.5,262.6499938964844,274.5,513826
2025-02-17,257.2955627441406,257.79998779296875,268.04998779296875,254.8000030517578,264.75,843844
2025-02-18,252.8542938232422,253.35000610351562,263.3500061035156,248.5,257.29998779296875,545159
2025-02-19,254.35134887695312,254.85000610351562,262.0,249.39999389648438,252.0,584541
2025-02-20,260.5392150878906,261.04998779296875,264.6499938964844,251.14999389648438,253.39999389648438,963712
2025-02-21,268.62335205078125,269.1499938964844,272.79998779296875,259.6000061035156,259.6000061035156,1086002
2025-02-24,273.7632751464844,274.29998779296875,276.0,261.5,265.1000061035156,509552
2025-02-25,277.4560546875,278.0,284.75,270.3999938964844,272.79998779296875,570185
2025-02-27,272.66546630859375,273.20001220703125,277.25,268.25,276.45001220703125,273276
2025-02-28,258.4433288574219,258.95001220703125,272.3500061035156,257.54998779296875,270.0,417120
2025-03-03,254.2515411376953,254.75,261.95001220703125,244.0,259.0,550556
2025-03-04,252.9041748046875,253.39999389648438,259.8999938964844,249.0500030517578,252.0,323459
2025-03-05,271.0186767578125,271.54998779296875,274.3999938964844,251.9499969482422,252.0,758086
2025-03-06,267.87481689453125,268.3999938964844,276.25,267.04998779296875,270.79998779296875,337086
2025-03-07,269.8210144042969,270.3500061035156,275.04998779296875,266.0,266.95001220703125,339086
2025-03-10,258.99224853515625,259.5,272.70001220703125,257.0,268.8999938964844,328774
2025-03-11,253.95213317871094,254.4499969482422,259.8500061035156,250.14999389648438,255.0,508149
2025-03-12,259.8904724121094,260.3999938964844,261.3999938964844,254.4499969482422,254.4499969482422,674839
2025-03-13,258.4433288574219,258.95001220703125,262.1000061035156,256.8999938964844,260.20001220703125,444732
2025-03-17,256.74664306640625,257.25,262.5,253.5,257.5,546835
2025-03-18,256.74664306640625,257.25,257.25,257.25,257.25,0
2025-03-19,265.6791687011719,266.20001220703125,269.25,261.5,263.1000061035156,566509
2025-03-20,268.9726867675781,269.5,272.29998779296875,264.20001220703125,270.20001220703125,565298
2025-03-21,273.2642517089844,273.79998779296875,278.0,269.6000061035156,272.0,585159
2025-03-24,273.66351318359375,274.20001220703125,281.0,273.1000061035156,276.1000061035156,489132
2025-03-25,269.0225830078125,269.54998779296875,276.79998779296875,266.1499938964844,275.95001220703125,622419
2025-03-26,260.73883056640625,261.25,270.45001220703125,259.79998779296875,268.20001220703125,432436
2025-03-27,259.3914489746094,259.8999938964844,265.0,257.1499938964844,262.54998779296875,700141
2025-03-28,252.70457458496094,253.1999969482422,266.29998779296875,252.0,260.8999938964844,501829
2025-04-01,261.337646484375,261.8500061035156,262.8999938964844,252.5,252.5,357825
2025-04-02,264.5313720703125,265.04998779296875,265.79998779296875,255.14999389648438,260.54998779296875,243662
2025-04-03,272.61553955078125,273.1499938964844,277.0,261.04998779296875,261.04998779296875,603739
2025-04-04,268.074462890625,268.6000061035156,272.5,261.20001220703125,272.0,516412
2025-04-07,262.0362854003906,262.54998779296875,265.6000061035156,248.60000610351562,249.10000610351562,470717
2025-04-08,260.5891418457031,261.1000061035156,268.79998779296875,254.0500030517578,265.0,760152
2025-04-09,256.447265625,256.95001220703125,260.04998779296875,255.64999389648438,259.95001220703125,184693
2025-04-11,259.6908874511719,260.20001220703125,263.3999938964844,257.0,261.0,290290
2025-04-15,270.8190612792969,271.3500061035156,274.79998779296875,261.54998779296875,262.5,762373
2025-04-16,273.0147399902344,273.54998779296875,276.70001220703125,269.25,273.0,309609
2025-04-17,276.0088806152344,276.54998779296875,279.8500061035156,269.75,272.0,643653
2025-04-21,278.20458984375,278.75,280.8500061035156,274.0,280.0,690171
2025-04-22,278.55389404296875,279.1000061035156,284.8999938964844,278.0,279.45001220703125,402017
2025-04-23,280.30047607421875,280.8500061035156,288.70001220703125,276.29998779296875,286.1000061035156,833193
2025-04-24,280.99908447265625,281.54998779296875,283.8999938964844,279.6000061035156,280.0,255398
2025-04-25,274.2622985839844,274.79998779296875,282.79998779296875,269.8500061035156,282.0,485042
2025-04-28,274.8112487792969,275.3500061035156,276.20001220703125,268.6000061035156,270.3500061035156,220167
2025-04-29,271.5675964355469,272.1000061035156,279.95001220703125,270.1499938964844,276.04998779296875,208150
2025-04-30,264.9306335449219,265.45001220703125,272.6000061035156,264.29998779296875,272.1499938964844,378837
2025-05-02,263.6331481933594,264.1499938964844,271.0,262.04998779296875,264.0,263117
2025-05-05,263.583251953125,264.1000061035156,267.04998779296875,262.79998779296875,263.1000061035156,228943
2025-05-06,253.95213317871094,254.4499969482422,267.20001220703125,253.3000030517578,263.1499938964844,229368
2025-05-07,249.51083374023438,250.0,256.6000061035156,249.25,252.0,679571
2025-05-08,247.3151397705078,247.8000030517578,256.5,246.9499969482422,251.64999389648438,366219
2025-05-09,245.56857299804688,246.0500030517578,247.60000610351562,240.0,240.0,346088
2025-05-12,258.49322509765625,259.0,262.45001220703125,252.25,253.8000030517578,536386
2025-05-13,259.8406066894531,260.3500061035156,265.25,257.70001220703125,259.0,979730
2025-05-14,259.4413757324219,259.95001220703125,265.6499938964844,259.3999938964844,262.0,1011129
2025-05-15,264.581298828125,265.1000061035156,268.79998779296875,260.0,261.8999938964844,818938
2025-05-16,279.6517639160156,280.20001220703125,282.0,265.95001220703125,265.95001220703125,1096187
2025-05-19,292.92572021484375,293.5,298.75,283.79998779296875,286.04998779296875,2256557
2025-05-20,289.1331787109375,289.70001220703125,297.95001220703125,286.3999938964844,296.3999938964844,782710
2025-05-21,294.67230224609375,295.25,296.5,286.1000061035156,289.0,487768
2025-05-22,293.8239440917969,294.3999938964844,297.79998779296875,292.1000061035156,295.1499938964844,348596
2025-05-23,294.3728942871094,294.95001220703125,297.3500061035156,290.54998779296875,297.0,374497
2025-05-26,292.2270812988281,292.79998779296875,298.29998779296875,291.25,295.8999938964844,486348
2025-05-27,293.2750549316406,293.8500061035156,296.04998779296875,290.6000061035156,293.54998779296875,254164
2025-05-28,299.9619140625,300.54998779296875,305.0,293.20001220703125,293.8500061035156,1171669
2025-05-29,302.10772705078125,302.70001220703125,304.45001220703125,299.8500061035156,302.0,416661
2025-05-30,291.3787841796875,291.95001220703125,304.95001220703125,290.04998779296875,302.79998779296875,1450331
2025-06-02,286.4384460449219,287.0,291.95001220703125,282.1000061035156,291.95001220703125,556081
2025-06-03,283.0950012207031,283.6499938964844,290.1499938964844,282.20001220703125,289.6000061035156,251781
2025-06-04,284.6419677734375,285.20001220703125,286.1499938964844,280.79998779296875,284.0,153266
2025-06-05,298.41497802734375,299.0,318.3999938964844,286.20001220703125,286.20001220703125,16539685
2025-06-06,304.55291748046875,305.1499938964844,307.3999938964844,300.5,301.25,1263826
2025-06-09,312.8367004394531,313.45001220703125,319.54998779296875,308.8999938964844,308.8999938964844,1743134
2025-06-10,314.6331787109375,315.25,318.0,311.95001220703125,316.0,578768
2025-06-11,315.98052978515625,316.6000061035156,321.04998779296875,311.0,315.75,722569
2025-06-12,309.29364013671875,309.8999938964844,316.75,306.95001220703125,316.20001220703125,371294
2025-06-13,305.30145263671875,305.8999938964844,310.8500061035156,299.70001220703125,301.0,464000
2025-06-16,302.2574462890625,302.8500061035156,308.0,298.1000061035156,307.25,439379
2025-06-17,298.9638671875,299.54998779296875,306.95001220703125,299.0,304.0,396583
2025-06-18,298.8641052246094,299.45001220703125,305.29998779296875,296.45001220703125,300.0,537669
2025-06-19,293.42474365234375,294.0,301.04998779296875,292.6000061035156,298.29998779296875,341252
2025-06-20,293.324951171875,293.8999938964844,295.6000061035156,290.0,292.0,403035
2025-06-23,295.7202453613281,296.29998779296875,297.5,288.0,288.0,369474
2025-06-24,301.10968017578125,301.70001220703125,308.75,298.8500061035156,301.0,841031
2025-06-25,302.30731201171875,302.8999938964844,304.5,300.8500061035156,302.1000061035156,486535
2025-06-26,302.70654296875,303.29998779296875,309.8500061035156,300.29998779296875,303.8999938964844,521039
2025-06-27,302.4071350097656,303.0,308.70001220703125,302.3999938964844,303.29998779296875,250415
2025-06-30,307.9961853027344,308.6000061035156,313.6499938964844,305.6000061035156,308.0,729506
2025-07-01,306.8983459472656,307.5,309.6000061035156,304.29998779296875,308.8999938964844,226541
2025-07-02,306.4991149902344,307.1000061035156,308.3500061035156,303.20001220703125,308.3500061035156,297718
2025-07-03,306.2496032714844,306.8500061035156,308.0,304.54998779296875,307.1000061035156,210887
2025-07-04,305.4012756347656,306.0,309.3999938964844,304.5,306.20001220703125,206439
2025-07-07,301.35919189453125,301.95001220703125,307.8999938964844,300.1000061035156,305.6000061035156,239033
2025-07-08,303.70458984375,304.29998779296875,307.0,299.29998779296875,301.25,251232
2025-07-09,304.20361328125,304.79998779296875,306.6499938964844,302.5,303.8999938964844,168620
2025-07-10,303.5050048828125,304.1000061035156,305.75,301.20001220703125,305.29998779296875,274374
2025-07-11,302.9560546875,303.54998779296875,304.5,298.6000061035156,302.95001220703125,236631
2025-07-14,304.453125,305.04998779296875,306.0,299.70001220703125,303.54998779296875,252608
2025-07-15,305.60089111328125,306.20001220703125,310.3500061035156,303.0,303.0,276364
2025-07-16,310.6409912109375,311.25,316.20001220703125,306.25,306.29998779296875,846932
2025-07-17,318.47564697265625,319.1000061035156,331.79998779296875,316.0,317.0,7558028
2025-07-18,313.23590087890625,313.8500061035156,318.95001220703125,310.29998779296875,318.95001220703125,1013392
2025-07-21,314.5333557128906,315.1499938964844,316.6000061035156,310.3500061035156,313.79998779296875,267905
2025-07-22,313.8846435546875,314.5,317.45001220703125,311.25,315.95001220703125,301760
2025-07-23,315.73101806640625,316.3500061035156,318.0,312.29998779296875,315.0,246352
2025-07-24,311.6390380859375,312.25,316.79998779296875,310.20001220703125,316.3500061035156,273096
2025-07-25,303.4051818847656,304.0,311.54998779296875,302.70001220703125,310.95001220703125,294862
2025-07-28,298.46484375,299.04998779296875,305.79998779296875,297.1000061035156,301.79998779296875,202163
2025-07-29,318.67523193359375,319.29998779296875,321.95001220703125,304.3500061035156,314.45001220703125,2179460
2025-07-30,315.0323791503906,315.6499938964844,320.8999938964844,314.04998779296875,319.29998779296875,391258
2025-07-31,312.6869812011719,313.29998779296875,317.70001220703125,305.8500061035156,311.04998779296875,314378
2025-08-01,315.5813293457031,316.20001220703125,319.79998779296875,310.8999938964844,313.29998779296875,722519
2025-08-04,316.0304260253906,316.6499938964844,321.20001220703125,311.5,318.0,464971
2025-08-05,311.1400146484375,311.75,318.0,309.54998779296875,316.45001220703125,225098
2025-08-06,304.1537170410156,304.75,311.8500061035156,303.3500061035156,311.04998779296875,195887
2025-08-07,306.84844970703125,307.45001220703125,309.0,299.45001220703125,303.45001220703125,194481
2025-08-08,306.4991149902344,307.1000061035156,313.29998779296875,303.1000061035156,305.0,291471
2025-08-11,304.20361328125,304.79998779296875,311.20001220703125,302.0,307.1000061035156,162297
2025-08-12,306.1498107910156,306.75,308.5,302.75,304.79998779296875,251270
2025-08-13,308.6947937011719,309.29998779296875,316.6000061035156,303.3999938964844,303.3999938964844,814901
2025-08-14,307.7466735839844,308.3500061035156,313.54998779296875,305.6000061035156,309.45001220703125,272157
2025-08-18,308.79461669921875,309.3999938964844,313.79998779296875,307.0,310.95001220703125,267797
2025-08-19,312.4873962402344,313.1000061035156,314.3500061035156,309.3999938964844,312.0,221369
2025-08-20,310.6409912109375,311.25,315.54998779296875,309.5,314.54998779296875,154473
2025-08-21,311.9384460449219,312.54998779296875,315.0,310.04998779296875,312.0,130004
2025-08-22,308.4952087402344,309.1000061035156,315.45001220703125,308.1499938964844,310.1000061035156,187638
2025-08-25,304.35333251953125,304.95001220703125,311.45001220703125,304.0,309.0,234443
2025-08-26,299.6625061035156,300.25,306.29998779296875,298.25,304.3500061035156,335965
2025-08-28,299.71240234375,300.29998779296875,301.95001220703125,295.54998779296875,295.54998779296875,173300
2025-08-29,303.35528564453125,303.95001220703125,309.0,298.0,301.54998779296875,505715
2025-09-01,302.5069580078125,303.1000061035156,306.95001220703125,301.29998779296875,305.0,201171
2025-09-02,303.30535888671875,303.8999938964844,307.95001220703125,303.0,304.0,224360
2025-09-03,305.10186767578125,305.70001220703125,314.8999938964844,303.3500061035156,313.0,1960551
2025-09-04,304.453125,305.04998779296875,312.95001220703125,304.04998779296875,309.3500061035156,302918
2025-09-05,312.4374694824219,313.04998779296875,313.8500061035156,304.3999938964844,305.54998779296875,630218
2025-09-08,309.2437438964844,309.8500061035156,315.0,308.1000061035156,314.5,265817
2025-09-09,304.7525329589844,305.3500061035156,310.95001220703125,304.1000061035156,310.95001220703125,219787
2025-09-10,303.60479736328125,304.20001220703125,308.0,303.6000061035156,306.6000061035156,243892
2025-09-11,303.05584716796875,303.6499938964844,306.20001220703125,303.04998779296875,304.1000061035156,135483
2025-09-12,302.4071350097656,303.0,305.6499938964844,302.45001220703125,303.6499938964844,169166
2025-09-15,303.2554931640625,303.8500061035156,304.95001220703125,302.29998779296875,303.0,110868
2025-09-16,304.0039978027344,304.6000061035156,308.0,303.79998779296875,303.8500061035156,139483
2025-09-17,308.6947937011719,309.29998779296875,325.0,306.04998779296875,306.04998779296875,3789764
2025-09-18,309.8425598144531,310.45001220703125,314.70001220703125,308.04998779296875,311.0,376076
2025-09-19,306.04998779296875,306.6499938964844,310.8999938964844,305.1000061035156,310.45001220703125,441090
2025-09-22,307.8500061035156,307.8500061035156,319.70001220703125,306.6499938964844,317.5,1420128
2025-09-23,305.8999938964844,305.8999938964844,309.8999938964844,304.20001220703125,309.8999938964844,221145
2025-09-24,304.54998779296875,304.54998779296875,306.95001220703125,303.04998779296875,306.3500061035156,189222
2025-09-25,300.5,300.5,304.6499938964844,300.1000061035156,304.0,155937
2025-09-26,296.8500061035156,296.8500061035156,301.5,291.5,300.54998779296875,270193
2025-09-29,292.95001220703125,292.95001220703125,311.0,287.1000061035156,295.0,1508405
2025-09-30,294.0,294.0,297.0,291.20001220703125,295.0,195900
2025-10-01,294.54998779296875,294.54998779296875,295.6499938964844,290.8500061035156,292.95001220703125,250115
2025-10-03,295.25,295.25,295.8999938964844,292.29998779296875,294.5,147404
2025-10-06,291.5,291.5,295.3500061035156,289.1000061035156,295.25,223991
2025-10-07,292.1000061035156,292.1000061035156,293.3999938964844,290.70001220703125,291.25,147565
2025-10-08,286.29998779296875,286.29998779296875,292.6000061035156,285.04998779296875,291.6000061035156,174035
2025-10-09,289.29998779296875,289.29998779296875,290.0,284.29998779296875,287.0,211397
2025-10-10,288.79998779296875,288.79998779296875,291.45001220703125,288.0,288.04998779296875,88729
2025-10-13,283.8500061035156,283.8500061035156,287.54998779296875,283.04998779296875,285.1000061035156,155769
2025-10-14,282.79998779296875,282.79998779296875,285.6000061035156,281.1000061035156,284.45001220703125,120740
2025-10-15,284.0,284.0,286.0,280.70001220703125,282.8999938964844,110490
2025-10-16,287.25,287.25,291.6499938964844,283.6000061035156,285.45001220703125,259650
2025-10-17,288.1499938964844,288.1499938964844,290.0,285.8500061035156,290.0,165728
2025-10-20,286.20001220703125,286.20001220703125,288.45001220703125,282.6000061035156,288.1499938964844,160769
2025-10-21,287.0,287.0,288.54998779296875,285.0,285.0,31211
2025-10-23,285.1499938964844,285.1499938964844,289.8500061035156,283.04998779296875,287.0,112109
2025-10-24,282.8999938964844,282.8999938964844,285.79998779296875,281.8999938964844,285.3999938964844,129034
2025-10-27,281.29998779296875,281.29998779296875,284.3999938964844,280.5,282.95001220703125,112678
2025-10-28,279.95001220703125,279.95001220703125,284.54998779296875,279.04998779296875,284.0,120681
2025-10-29,282.6499938964844,282.6499938964844,284.0,278.3999938964844,279.95001220703125,221273
2025-10-30,284.6499938964844,284.6499938964844,288.25,282.8500061035156,283.1000061035156,139727
2025-10-31,280.45001220703125,280.45001220703125,284.95001220703125,280.04998779296875,284.6499938964844,79710
2025-11-03,284.95001220703125,284.95001220703125,285.79998779296875,280.45001220703125,280.45001220703125,111320
2025-11-04,282.0,282.0,286.6000061035156,281.1000061035156,286.6000061035156,88833
2025-11-06,279.0,279.0,282.0,276.0,281.1000061035156,184596
2025-11-07,277.45001220703125,277.45001220703125,279.04998779296875,272.79998779296875,277.0,107943
2025-11-10,276.79998779296875,276.79998779296875,279.70001220703125,275.1499938964844,276.3999938964844,115486
2025-11-11,274.20001220703125,274.20001220703125,277.1000061035156,273.3999938964844,276.79998779296875,77157
2025-11-12,281.45001220703125,281.45001220703125,283.0,275.1000061035156,277.5,118977
2025-11-13,278.20001220703125,278.20001220703125,291.45001220703125,275.0,286.0,459414
2025-11-14,274.04998779296875,274.04998779296875,278.0,272.1499938964844,278.0,150656
2025-11-17,266.8999938964844,266.8999938964844,273.8500061035156,263.6000061035156,273.8500061035156,402276
2025-11-18,263.3999938964844,263.3999938964844,268.6000061035156,263.0,267.25,141634
2025-11-19,262.0,262.0,269.79998779296875,255.0,263.8999938964844,417538
2025-11-20,262.6499938964844,262.6499938964844,265.20001220703125,261.3999938964844,263.79998779296875,173684
2025-11-21,261.45001220703125,261.45001220703125,264.5,261.0,262.3999938964844,124382
2025-11-24,251.75,251.75,263.70001220703125,247.25,263.5,337457
2025-11-25,248.89999389648438,248.89999389648438,254.9499969482422,247.3000030517578,251.3000030517578,553488
2025-11-26,252.0,252.0,254.8000030517578,248.89999389648438,251.10000610351562,219414
2025-11-27,251.8000030517578,251.8000030517578,256.1000061035156,251.39999389648438,254.14999389648438,168010
2025-11-28,247.39999389648438,247.39999389648438,252.64999389648438,246.3000030517578,251.8000030517578,257510
2025-12-01,246.0399932861328,246.0399932861328,249.77999877929688,245.14999389648438,248.38999938964844,186211
2025-12-02,245.72999572753906,245.72999572753906,248.1699981689453,244.14999389648438,246.0,206930
2025-12-03,241.7899932861328,241.7899932861328,248.0,241.00999450683594,247.99000549316406,208362
2025-12-04,244.1199951171875,244.1199951171875,245.74000549316406,241.5800018310547,242.0,229511
2025-12-05,249.00999450683594,249.00999450683594,249.8000030517578,242.2100067138672,244.49000549316406,180790
2025-12-08,243.77999877929688,243.77999877929688,251.00999450683594,242.10000610351562,249.00999450683594,220875
2025-12-09,254.85000610351562,254.85000610351562,257.44000244140625,242.30999755859375,243.77999877929688,893660
2025-12-10,250.97999572753906,250.97999572753906,256.3299865722656,250.30999755859375,254.83999633789062,174697
2025-12-11,248.66000366210938,248.66000366210938,251.00999450683594,246.3000030517578,251.0,111644
2025-12-12,254.17999267578125,254.17999267578125,254.75,248.74000549316406,248.74000549316406,138941
2025-12-15,258.92999267578125,258.92999267578125,262.2200012207031,252.22000122070312,255.0,391849
2025-12-16,256.8500061035156,256.8500061035156,260.45001220703125,256.0,260.1199951171875,218819
2025-12-17,249.1300048828125,249.1300048828125,257.1300048828125,247.82000732421875,256.8500061035156,224435
2025-12-18,247.64999389648438,247.64999389648438,249.3800048828125,244.30999755859375,249.0,148236
2025-12-19,253.2100067138672,253.2100067138672,253.8000030517578,246.32000732421875,248.60000610351562,148414
2025-12-22,255.7899932861328,255.7899932861328,258.6300048828125,253.50999450683594,253.50999450683594,195115
2025-12-23,255.47000122070312,255.47000122070312,257.8999938964844,254.60000610351562,257.8999938964844,123938
2025-12-24,253.27999877929688,253.27999877929688,259.95001220703125,253.00999450683594,255.5,202567
2025-12-26,251.91000366210938,251.91000366210938,254.66000366210938,251.3000030517578,253.50999450683594,195493
2025-12-29,247.69000244140625,247.69000244140625,252.8000030517578,247.0,252.10000610351562,185585
2025-12-30,245.60000610351562,245.60000610351562,247.69000244140625,243.00999450683594,247.69000244140625,201825
2025-12-31,251.67999267578125,251.67999267578125,255.0,245.5,246.1999969482422,232122
2026-01-01,251.25,251.25,253.10000610351562,250.5500030517578,252.39999389648438,95072
2026-01-02,255.14999389648438,255.14999389648438,255.64999389648438,250.5500030517578,250.60000610351562,206522
2026-01-05,252.85000610351562,252.85000610351562,256.5,251.9499969482422,255.0,100711
2026-01-06,250.5,250.5,253.75,246.6999969482422,252.5,220680
2026-01-07,247.75,247.75,249.85000610351562,246.3000030517578,248.1999969482422,141200
2026-01-08,245.89999389648438,245.89999389648438,248.25,244.0,247.0,125341
2026-01-09,242.39999389648438,242.39999389648438,245.8000030517578,241.0,244.0500030517578,127581
2026-01-12,239.39999389648438,239.39999389648438,242.0,235.14999389648438,242.0,212590
2026-01-13,236.39999389648438,236.39999389648438,241.5500030517578,235.0,239.60000610351562,140071
2026-01-14,240.5,240.5,241.9499969482422,235.35000610351562,236.0,119979
2026-01-15,240.5,240.5,240.5,240.5,240.5,0
2026-01-16,235.60000610351562,235.60000610351562,243.64999389648438,234.5,239.5,237616
2026-01-19,235.75,235.75,237.6999969482422,232.8000030517578,234.5,111956
2026-01-20,227.35000610351562,227.35000610351562,235.0,222.25,233.5,268608
2026-01-21,220.6999969482422,220.6999969482422,226.0,219.5,225.0,426943
2026-01-22,225.14999389648438,225.14999389648438,229.3000030517578,222.39999389648438,222.39999389648438,169434
2026-01-23,216.3000030517578,216.3000030517578,225.60000610351562,215.0500030517578,224.0,368961
2026-01-27,211.60000610351562,211.60000610351562,217.64999389648438,209.0500030517578,216.3000030517578,384139
2026-01-28,213.39999389648438,213.39999389648438,216.3000030517578,207.0,212.39999389648438,492478
2026-01-29,210.64999389648438,210.64999389648438,216.6999969482422,208.5,213.0500030517578,238124
2026-01-30,218.1999969482422,218.1999969482422,221.0,205.4499969482422,209.1999969482422,367734
2026-02-02,218.94000244140625,218.94000244140625,225.33999633789062,216.02000427246094,225.0,366200
2026-02-03,225.7100067138672,225.7100067138672,233.1999969482422,223.1999969482422,225.64999389648438,482879
2026-02-04,226.86000061035156,226.86000061035156,231.5500030517578,223.16000366210938,225.6999969482422,613823
2026-02-05,232.52000427246094,232.52000427246094,240.44000244140625,226.0800018310547,227.00999450683594,534201
2026-02-06,228.9199981689453,228.9199981689453,231.9199981689453,227.63999938964844,231.00999450683594,179234
2026-02-09,234.32000732421875,234.32000732421875,239.7899932861328,230.0,230.0,598658
2026-02-10,231.9600067138672,231.9600067138672,238.1999969482422,230.0,232.0,544361
2026-02-11,223.69000244140625,223.69000244140625,232.69000244140625,221.25,231.9600067138672,317212
2026-02-12,220.16000366210938,220.16000366210938,221.49000549316406,218.0,220.5,194190
2026-02-13,215.08999633789062,215.08999633789062,218.0,214.17999267578125,217.36000061035156,233484
2026-02-16,216.14999389648438,216.14999389648438,217.97000122070312,210.5,210.5,153988
2026-02-17,218.7100067138672,218.7100067138672,219.5500030517578,213.8300018310547,215.1999969482422,167067
2026-02-18,214.8699951171875,214.8699951171875,220.47000122070312,214.39999389648438,218.75999450683594,257096
2026-02-19,215.50999450683594,215.50999450683594,224.72000122070312,212.14999389648438,215.14999389648438,2495573
2026-02-20,219.94000244140625,219.94000244140625,225.0,210.2100067138672,214.0,694556
2026-02-23,217.5,217.5,221.4600067138672,215.5500030517578,220.0,194629
2026-02-24,212.92999267578125,212.92999267578125,216.39999389648438,211.61000061035156,216.0,170981
2026-02-25,212.49000549316406,212.49000549316406,214.57000732421875,211.3000030517578,213.4499969482422,181368
2026-02-26,211.6699981689453,211.6699981689453,218.0399932861328,210.0500030517578,212.5,305698
2026-02-27,206.7899932861328,206.7899932861328,212.99000549316406,205.25999450683594,212.99000549316406,457158
2026-03-02,203.41000366210938,203.41000366210938,205.1300048828125,193.64999389648438,198.0,558384
2026-03-04,197.38999938964844,197.38999938964844,200.0,195.0,198.0,457622
2026-03-05,197.1199951171875,197.1199951171875,200.8000030517578,196.08999633789062,196.5800018310547,538928
2026-03-06,200.63999938964844,200.63999938964844,210.5,195.66000366210938,195.66000366210938,740082
2026-03-09,192.61000061035156,192.61000061035156,199.0,191.22999572753906,199.0,370288
2026-03-10,194.9199981689453,194.9199981689453,196.77000427246094,191.9600067138672,194.0,329565
2026-03-11,202.05999755859375,202.05999755859375,206.3699951171875,195.89999389648438,195.89999389648438,710180
2026-03-12,201.86000061035156,201.86000061035156,205.80999755859375,195.97000122070312,200.75,594534
2026-03-13,193.24000549316406,193.24000549316406,203.39999389648438,192.49000549316406,200.8000030517578,583442
2026-03-16,188.1300048828125,188.1300048828125,192.27999877929688,186.22999572753906,191.89999389648438,571577
2026-03-17,184.72999572753906,184.72999572753906,188.6999969482422,183.0,187.50999450683594,498670
2026-03-18,191.27000427246094,191.27000427246094,194.2899932861328,185.0,185.0,683967
2026-03-19,186.4199981689453,186.4199981689453,192.60000610351562,185.14999389648438,190.0,567714
2026-03-20,186.2100067138672,186.2100067138672,191.6999969482422,185.5,186.66000366210938,304614
2026-03-23,173.6199951171875,173.6199951171875,185.64999389648438,172.8000030517578,185.0,664925
2026-03-24,173.9199981689453,173.9199981689453,180.00999450683594,171.67999267578125,178.0,706621
2026-03-25,178.19000244140625,178.19000244140625,183.99000549316406,174.27999877929688,174.27999877929688,753520
2026-03-27,169.47999572753906,169.47999572753906,183.0,168.57000732421875,178.5,807878
2026-03-30,160.5500030517578,160.5500030517578,171.00999450683594,158.1699981689453,166.80999755859375,1078060
2026-04-01,172.3800048828125,172.3800048828125,173.99000549316406,165.25999450683594,167.0,540119
2026-04-02,173.99000549316406,173.99000549316406,175.38999938964844,164.14999389648438,169.0,400954
2026-04-06,175.00999450683594,175.00999450683594,176.38999938964844,168.6999969482422,173.99000549316406,481622
2026-04-07,171.72999572753906,171.72999572753906,178.49000549316406,170.77000427246094,175.0,584372
2026-04-08,183.49000549316406,183.49000549316406,187.8000030517578,177.3699951171875,180.0,1923998
2026-04-09,179.8699951171875,179.8699951171875,188.7899932861328,179.25999450683594,185.0,559546
2026-04-10,184.9199981689453,184.9199981689453,187.57000732421875,180.5,181.30999755859375,611227
2026-04-13,186.52000427246094,186.52000427246094,188.0399932861328,178.64999389648438,183.89999389648438,278961
2026-04-15,196.9199981689453,196.9199981689453,200.0500030517578,189.38999938964844,189.38999938964844,667708
2026-04-16,202.24000549316406,202.24000549316406,203.99000549316406,195.7100067138672,199.8000030517578,503093
2026-04-17,203.11000061035156,203.11000061035156,207.3800048828125,201.0,204.00999450683594,395100
2026-04-20,201.9600067138672,201.9600067138672,206.50999450683594,200.7100067138672,205.0,426377
2026-04-21,208.58999633789062,208.58999633789062,211.0,202.44000244140625,202.97000122070312,554769
2026-04-22,222.22999572753906,222.22999572753906,234.86000061035156,220.0500030517578,234.86000061035156,10622238
2026-04-23,220.94000244140625,220.94000244140625,223.11000061035156,215.74000549316406,223.11000061035156,812832
2026-04-24,217.25999450683594,217.25999450683594,222.89999389648438,214.6699981689453,220.94000244140625,334903
2026-04-27,217.99000549316406,217.99000549316406,221.0,216.05999755859375,220.52000427246094,416780
