Date,Adj Close,Close,High,Low,Open,Volume
2020-01-01,151.73867797851562,155.85000610351562,159.5,152.39999389648438,153.0500030517578,3114230
2020-01-02,151.5926055908203,155.6999969482422,158.6999969482422,154.0,156.0500030517578,1021302
2020-01-03,147.89285278320312,151.89999389648438,156.0,151.25,156.0,623408
2020-01-06,146.23770141601562,150.1999969482422,153.5,143.0,143.0,1515788
2020-01-07,149.4993133544922,153.5500030517578,155.85000610351562,150.89999389648438,151.75,621807
2020-01-08,149.20724487304688,153.25,154.8000030517578,149.64999389648438,149.6999969482422,519977
2020-01-09,157.62905883789062,161.89999389648438,169.0,153.0500030517578,155.5,3636245
2020-01-10,160.9393768310547,165.3000030517578,166.8000030517578,159.35000610351562,160.85000610351562,1506054
2020-01-13,164.97988891601562,169.4499969482422,174.39999389648438,166.1999969482422,167.0,2035350
2020-01-14,167.12184143066406,171.64999389648438,174.0,169.75,170.0,724613
2020-01-15,165.75877380371094,170.25,172.89999389648438,168.89999389648438,172.10000610351562,293100
2020-01-16,169.60458374023438,174.1999969482422,184.39999389648438,170.5500030517578,171.0,3162996
2020-01-17,165.515380859375,170.0,177.35000610351562,169.0,173.89999389648438,652615
2020-01-20,161.91299438476562,166.3000030517578,172.9499969482422,165.5,170.5,399997
2020-01-21,167.12184143066406,171.64999389648438,172.8000030517578,168.0500030517578,169.0,579708
2020-01-22,168.14414978027344,172.6999969482422,176.0,171.5,172.5,460701
2020-01-23,168.29019165039062,172.85000610351562,175.0,171.3000030517578,173.39999389648438,270044
2020-01-24,167.2678985595703,171.8000030517578,173.6999969482422,170.5500030517578,172.3000030517578,201038
2020-01-27,169.70193481445312,174.3000030517578,177.0,170.25,171.1999969482422,690849
2020-01-28,173.5477294921875,178.25,182.0,174.75,176.0,1383816
2020-01-29,173.15830993652344,177.85000610351562,183.60000610351562,176.5,180.6999969482422,626766
2020-01-30,169.65325927734375,174.25,179.39999389648438,172.5,179.10000610351562,216496
2020-01-31,171.30844116210938,175.9499969482422,178.6999969482422,171.64999389648438,175.0,258299
2020-02-03,162.8379364013672,167.25,171.89999389648438,166.0,168.85000610351562,148029
2020-02-04,166.87844848632812,171.39999389648438,173.5,168.35000610351562,168.35000610351562,157238
2020-02-05,164.24969482421875,168.6999969482422,172.89999389648438,167.6999969482422,172.4499969482422,122567
2020-02-06,163.908935546875,168.35000610351562,171.75,167.4499969482422,169.5,112909
2020-02-07,167.60865783691406,172.14999389648438,173.0,168.1999969482422,168.6999969482422,208837
2020-02-10,174.61871337890625,179.35000610351562,180.89999389648438,171.5,171.5,772255
2020-02-11,172.28201293945312,176.9499969482422,183.39999389648438,175.39999389648438,180.0500030517578,748593
2020-02-12,174.03456115722656,178.75,181.89999389648438,171.0500030517578,180.0,1815590
2020-02-13,180.07098388671875,184.9499969482422,186.89999389648438,178.0500030517578,180.10000610351562,1685166
2020-02-14,185.27989196777344,190.3000030517578,195.6999969482422,183.0,185.0,1984341
2020-02-17,184.50094604492188,189.5,196.64999389648438,186.8000030517578,190.8000030517578,899695
2020-02-18,180.947265625,185.85000610351562,192.0,182.0,189.0,512784
2020-02-19,177.58827209472656,182.39999389648438,188.60000610351562,182.0,186.75,320045
2020-02-20,177.05279541015625,181.85000610351562,185.89999389648438,181.0,182.0,325359
2020-02-24,174.81344604492188,179.5500030517578,181.6999969482422,175.8000030517578,179.9499969482422,331633
2020-02-25,172.81752014160156,177.5,183.6999969482422,175.5,180.6999969482422,226044
2020-02-26,169.70193481445312,174.3000030517578,178.0,173.0,176.0,290315
2020-02-27,169.99404907226562,174.60000610351562,176.0500030517578,173.0,174.0,240793
2020-02-28,159.33287048339844,163.64999389648438,171.39999389648438,162.64999389648438,170.0,308618
2020-03-02,154.22137451171875,158.39999389648438,168.35000610351562,151.5,164.3000030517578,254834
2020-03-03,156.31468200683594,160.5500030517578,164.5,158.14999389648438,158.8000030517578,281616
2020-03-04,153.10174560546875,157.25,162.35000610351562,153.60000610351562,161.10000610351562,215846
2020-03-05,151.300537109375,155.39999389648438,159.89999389648438,154.75,158.3000030517578,279236
2020-03-06,143.80364990234375,147.6999969482422,153.9499969482422,145.5,153.9499969482422,203499
2020-03-09,134.6029510498047,138.25,145.4499969482422,137.0,144.8000030517578,232257
2020-03-11,128.517822265625,132.0,142.14999389648438,130.85000610351562,137.89999389648438,267187
2020-03-12,105.68643951416016,108.55000305175781,125.0,106.0,125.0,263134
2020-03-13,102.37612915039062,105.1500015258789,110.0,89.0,96.19999694824219,523563
2020-03-16,98.33560180664062,101.0,108.0,99.0,105.0,305608
2020-03-17,99.35791778564453,102.05000305175781,105.0,100.94999694824219,101.0,141336
2020-03-18,98.23824310302734,100.9000015258789,105.8499984741211,99.94999694824219,103.94999694824219,377528
2020-03-19,98.82241821289062,101.5,109.80000305175781,92.30000305175781,96.0,298889
2020-03-20,107.00082397460938,109.9000015258789,111.6500015258789,100.6500015258789,103.75,197419
2020-03-23,96.48743438720703,98.19999694824219,103.94999694824219,98.05000305175781,100.0,78079
2020-03-24,94.47318267822266,96.1500015258789,103.5999984741211,93.0,100.0,81615
2020-03-25,96.09440612792969,97.80000305175781,99.94999694824219,91.44999694824219,92.0999984741211,74653
2020-03-26,98.20690155029297,99.94999694824219,102.9000015258789,97.0,100.0,175597
2020-03-27,97.37173461914062,99.0999984741211,103.0,94.0,101.0,172792
2020-03-30,93.0484619140625,94.69999694824219,98.6500015258789,93.5,96.0,105524
2020-03-31,100.85981750488281,102.6500015258789,104.1500015258789,93.0999984741211,97.80000305175781,644861
2020-04-01,100.02465057373047,101.80000305175781,108.9000015258789,98.8499984741211,103.0,91164
2020-04-03,96.97869873046875,98.69999694824219,101.80000305175781,96.0,101.0999984741211,61609
2020-04-07,101.59675598144531,103.4000015258789,107.94999694824219,101.5999984741211,107.94999694824219,80268
2020-04-08,101.8423843383789,103.6500015258789,106.0,101.05000305175781,101.05000305175781,67922
2020-04-09,109.01506042480469,110.94999694824219,114.0,100.0,105.69999694824219,117102
2020-04-13,106.263916015625,108.1500015258789,112.0,104.0999984741211,109.0,45189
2020-04-15,104.00401306152344,105.8499984741211,111.0,105.0,108.30000305175781,103235
2020-04-16,100.02465057373047,101.80000305175781,107.5,101.0,104.05000305175781,214940
2020-04-17,99.14034271240234,100.9000015258789,105.6500015258789,100.0,105.6500015258789,176269
2020-04-20,99.385986328125,101.1500015258789,103.44999694824219,100.0,102.4000015258789,254781
2020-04-21,97.02783203125,98.75,100.5999984741211,98.0,100.5999984741211,87113
2020-04-22,92.21329498291016,93.8499984741211,100.0999984741211,92.4000015258789,97.30000305175781,259889
2020-04-23,96.88044738769531,98.5999984741211,101.0,94.0,94.9000015258789,153086
2020-04-24,92.40980529785156,94.05000305175781,98.3499984741211,92.0,98.3499984741211,215336
2020-04-27,92.65544891357422,94.30000305175781,95.69999694824219,92.5,95.25,176725
2020-04-28,92.50807189941406,94.1500015258789,97.5,93.05000305175781,94.80000305175781,118792
2020-04-29,91.86939239501953,93.5,96.0,93.4000015258789,95.05000305175781,129051
2020-04-30,92.11503601074219,93.75,95.5,93.0,94.9000015258789,287883
2020-05-04,89.26560974121094,90.8499984741211,93.5999984741211,90.19999694824219,93.5999984741211,119080
2020-05-05,88.38130950927734,89.94999694824219,92.6500015258789,89.3499984741211,91.0,264643
2020-05-06,83.95977783203125,85.44999694824219,91.80000305175781,84.9000015258789,90.0,301136
2020-05-07,82.9281005859375,84.4000015258789,85.0,82.5,85.0,162560
2020-05-08,83.41938018798828,84.9000015258789,87.30000305175781,84.3499984741211,85.0,72591
2020-05-11,84.40193939208984,85.9000015258789,87.94999694824219,84.4000015258789,84.4000015258789,580803
2020-05-12,81.69989776611328,83.1500015258789,85.5,80.80000305175781,85.5,128566
2020-05-13,83.46849822998047,84.94999694824219,87.75,83.5999984741211,87.75,156620
2020-05-14,83.17374420166016,84.6500015258789,85.94999694824219,82.69999694824219,84.75,41894
2020-05-15,83.02635192871094,84.5,85.75,83.80000305175781,84.0,91579
2020-05-18,79.63652038574219,81.05000305175781,86.0,80.0,84.5,154142
2020-05-19,77.81877136230469,79.19999694824219,82.9000015258789,79.0,82.9000015258789,87473
2020-05-20,76.73796844482422,78.0999984741211,81.0999984741211,77.9000015258789,81.0999984741211,87108
2020-05-21,76.00104522705078,77.3499984741211,78.94999694824219,77.0,78.94999694824219,268127
2020-05-22,74.37981414794922,75.69999694824219,76.9000015258789,75.30000305175781,76.9000015258789,132770
2020-05-26,78.35919189453125,79.75,82.6500015258789,76.05000305175781,76.69999694824219,324198
2020-05-27,75.75540161132812,77.0999984741211,80.6500015258789,76.94999694824219,80.6500015258789,151448
2020-05-28,76.05017852783203,77.4000015258789,78.5,77.0999984741211,78.1500015258789,108466
2020-05-29,76.63970947265625,78.0,79.44999694824219,77.25,78.5,271692
2020-06-01,83.41938018798828,84.9000015258789,85.80000305175781,80.0,83.9000015258789,568197
2020-06-02,91.72200775146484,93.3499984741211,93.3499984741211,87.19999694824219,89.5,456110
2020-06-03,100.85981750488281,102.6500015258789,102.6500015258789,102.6500015258789,102.6500015258789,287934
2020-06-04,105.87088012695312,107.75,107.75,107.75,107.75,171459
2020-06-05,111.12757873535156,113.0999984741211,113.0999984741211,113.0999984741211,113.0999984741211,63763
2020-06-08,116.67904663085938,118.75,118.75,118.75,118.75,96043
2020-06-09,110.8819351196289,112.8499984741211,124.6500015258789,112.8499984741211,124.6500015258789,345347
2020-06-10,105.37960052490234,107.25,112.0,107.25,107.25,286523
2020-06-11,100.12290954589844,101.9000015258789,101.9000015258789,101.9000015258789,101.9000015258789,62853
2020-06-12,97.96126556396484,99.69999694824219,106.0,96.8499984741211,96.8499984741211,870364
2020-06-15,98.69818878173828,100.44999694824219,103.0,95.0,103.0,246538
2020-06-16,97.51911926269531,99.25,104.5,97.0,104.5,175380
2020-06-17,96.34004974365234,98.05000305175781,100.0,97.55000305175781,100.0,110156
2020-06-18,101.15459442138672,102.94999694824219,102.94999694824219,97.9000015258789,99.0,171425
2020-06-19,106.1656494140625,108.05000305175781,108.05000305175781,104.1500015258789,108.0,449169
2020-06-22,104.64268493652344,106.5,110.4000015258789,105.0999984741211,110.4000015258789,340698
2020-06-23,109.85025024414062,111.80000305175781,111.80000305175781,106.55000305175781,107.5,279425
2020-06-24,110.24327087402344,112.19999694824219,117.3499984741211,111.69999694824219,115.9000015258789,492301
2020-06-25,108.27815246582031,110.19999694824219,111.94999694824219,106.5999984741211,111.0,185976
2020-06-26,113.68223571777344,115.69999694824219,115.69999694824219,113.5999984741211,113.69999694824219,363811
2020-06-29,111.32408142089844,113.30000305175781,116.80000305175781,110.5,116.80000305175781,278403
2020-06-30,106.95169830322266,108.8499984741211,116.5,107.6500015258789,116.5,278558
2020-07-01,108.57292175292969,110.5,110.94999694824219,105.5,110.0,174891
2020-07-02,111.56974029541016,113.55000305175781,114.4000015258789,111.69999694824219,114.4000015258789,237864
2020-07-03,111.22583770751953,113.19999694824219,114.44999694824219,112.0,114.0,123707
2020-07-06,112.11014556884766,114.0999984741211,115.80000305175781,112.5999984741211,114.0,218244
2020-07-07,111.02932739257812,113.0,114.44999694824219,112.5,114.25,104184
2020-07-08,111.66798400878906,113.6500015258789,115.5,113.0,115.5,136276
2020-07-09,110.14501953125,112.0999984741211,114.5,110.55000305175781,114.5,99949
2020-07-10,107.39384460449219,109.30000305175781,112.9000015258789,109.0,112.4000015258789,106175
2020-07-13,104.98657989501953,106.8499984741211,111.0,105.5999984741211,111.0,170567
2020-07-14,102.33367156982422,104.1500015258789,106.0,102.0,105.0,109245
2020-07-15,102.3827896118164,104.19999694824219,107.0,103.6500015258789,104.25,110447
2020-07-16,101.05632781982422,102.8499984741211,105.80000305175781,102.05000305175781,105.80000305175781,60053
2020-07-17,106.0673828125,107.94999694824219,107.94999694824219,102.8499984741211,103.0,179518
2020-07-20,108.13077545166016,110.05000305175781,112.19999694824219,105.0,108.05000305175781,181710
2020-07-21,106.263916015625,108.1500015258789,111.75,107.69999694824219,111.19999694824219,105943
2020-07-22,106.55867004394531,108.44999694824219,109.80000305175781,106.5,108.0,98417
2020-07-23,106.65692901611328,108.55000305175781,109.5,107.1500015258789,107.1500015258789,49787
2020-07-24,104.88832092285156,106.75,108.69999694824219,106.05000305175781,108.0,87422
2020-07-27,105.72349548339844,107.5999984741211,109.6500015258789,106.69999694824219,106.75,89722
2020-07-28,104.49529266357422,106.3499984741211,108.55000305175781,105.0,106.19999694824219,99149
2020-07-29,108.13077545166016,110.05000305175781,111.19999694824219,105.0999984741211,106.3499984741211,771743
2020-07-30,111.12757873535156,113.0999984741211,114.9000015258789,110.55000305175781,110.55000305175781,347081
2020-07-31,110.78369140625,112.75,114.0,109.0,113.0999984741211,140430
2020-08-03,112.01188659667969,114.0,116.5,107.1500015258789,109.5999984741211,335306
2020-08-04,113.7804946899414,115.80000305175781,117.19999694824219,112.5,116.0,245705
2020-08-05,114.56653594970703,116.5999984741211,117.0,114.9000015258789,117.0,120962
2020-08-06,120.26538848876953,122.4000015258789,122.4000015258789,120.0,121.0,286718
2020-08-07,134.85641479492188,137.25,141.89999389648438,126.5,126.9000015258789,1428405
2020-08-10,147.53143310546875,150.14999389648438,154.0,138.39999389648438,138.39999389648438,1210870
2020-08-11,153.3285369873047,156.0500030517578,165.0,143.0,151.6999969482422,1412374
2020-08-12,149.8404541015625,152.5,159.4499969482422,151.0,154.3000030517578,457209
2020-08-13,148.12098693847656,150.75,157.0,150.0,153.89999389648438,201444
2020-08-14,141.14479064941406,143.64999389648438,153.0,142.5,151.85000610351562,245587
2020-08-17,142.66775512695312,145.1999969482422,146.5,140.0,144.0,92989
2020-08-18,146.0576171875,148.64999389648438,149.1999969482422,143.0500030517578,146.0,100360
2020-08-19,149.20181274414062,151.85000610351562,152.85000610351562,149.0,151.5,101955
2020-08-20,148.6122589111328,151.25,154.0,148.0,151.8000030517578,97476
2020-08-21,160.3047332763672,163.14999389648438,167.39999389648438,151.6999969482422,151.6999969482422,930217
2020-08-24,163.44891357421875,166.35000610351562,178.5,164.10000610351562,165.5,1074235
2020-08-25,169.4425506591797,172.4499969482422,178.0,170.85000610351562,172.1999969482422,822421
2020-08-26,181.6262664794922,184.85000610351562,186.0,173.5500030517578,174.39999389648438,1138196
2020-08-27,187.96380615234375,191.3000030517578,202.0,186.5,188.0,1561170
2020-08-28,193.46612548828125,196.89999389648438,201.0,189.8000030517578,195.4499969482422,917029
2020-08-31,187.66905212402344,191.0,206.8000030517578,185.0,197.0,1239605
2020-09-01,181.0367431640625,184.25,190.39999389648438,177.0,190.0,337116
2020-09-02,194.5469512939453,198.0,200.0,181.0500030517578,183.0,657125
2020-09-03,213.11734008789062,216.89999389648438,227.8000030517578,199.60000610351562,200.0,2655506
2020-09-04,204.17605590820312,207.8000030517578,222.8000030517578,205.0,211.0,1304124
2020-09-07,201.6213836669922,205.1999969482422,214.0,202.75,208.0,568498
2020-09-08,193.7117919921875,197.14999389648438,204.5,195.0,204.5,767436
2020-09-09,200.29493713378906,203.85000610351562,211.6999969482422,190.0,194.89999389648438,857485
2020-09-10,205.453369140625,209.10000610351562,213.89999389648438,206.0500030517578,206.0500030517578,672696
2020-09-11,200.68795776367188,204.25,210.9499969482422,203.10000610351562,207.10000610351562,300513
2020-09-14,208.94146728515625,212.64999389648438,218.89999389648438,207.0500030517578,209.0,873423
2020-09-15,203.34088134765625,206.9499969482422,217.4499969482422,205.0500030517578,214.0,391003
2020-09-16,200.93360900878906,204.5,212.8000030517578,201.64999389648438,208.14999389648438,534471
2020-09-17,202.80044555664062,206.39999389648438,209.0,203.4499969482422,203.4499969482422,229899
2020-09-18,222.35340881347656,226.3000030517578,232.0,206.89999389648438,206.89999389648438,2378318
2020-09-21,225.890625,229.89999389648438,243.1999969482422,224.0,224.0,1650740
2020-09-22,218.1775360107422,222.0500030517578,230.0,218.0,227.39999389648438,615288
2020-09-23,225.25196838378906,229.25,232.5500030517578,219.8000030517578,224.9499969482422,715434
2020-09-24,236.40402221679688,240.60000610351562,244.0,221.3000030517578,224.85000610351562,1495977
2020-09-25,240.48167419433594,244.75,260.75,242.0,244.39999389648438,2104467
2020-09-28,236.84616088867188,241.0500030517578,252.0,239.10000610351562,246.9499969482422,825684
2020-09-29,242.69241333007812,247.0,252.0,232.5,241.8000030517578,655011
2020-09-30,245.34532165527344,249.6999969482422,255.0,246.25,249.0,410852
2020-10-01,241.66073608398438,245.9499969482422,255.0,245.0,251.89999389648438,206044
2020-10-05,245.88572692871094,250.25,259.0,247.64999389648438,247.6999969482422,486247
2020-10-06,239.9903564453125,244.25,252.89999389648438,243.0,251.10000610351562,184726
2020-10-07,240.2360076904297,244.5,254.0,241.5,245.8000030517578,287864
2020-10-08,230.06649780273438,234.14999389648438,248.0,232.0,246.4499969482422,266864
2020-10-09,229.96826171875,234.0500030517578,241.0,233.10000610351562,236.3000030517578,136583
2020-10-12,217.3423309326172,221.1999969482422,237.8000030517578,220.0,235.0,289575
2020-10-13,216.01589965820312,219.85000610351562,223.0,210.0,223.0,396324
2020-10-14,230.9016876220703,235.0,236.0,220.0,220.0,368122
2020-10-15,223.1394805908203,227.10000610351562,241.39999389648438,225.5,235.0,229530
2020-10-16,224.90806579589844,228.89999389648438,235.0,223.0,229.89999389648438,137021
2020-10-19,226.08714294433594,230.10000610351562,235.0,227.5500030517578,230.0,92724
2020-10-20,237.1409454345703,241.35000610351562,243.0500030517578,228.3000030517578,230.0,292233
2020-10-21,230.6560516357422,234.75,243.4499969482422,230.9499969482422,242.8000030517578,109871
2020-10-22,225.84152221679688,229.85000610351562,236.64999389648438,227.5500030517578,233.0,81222
2020-10-23,225.93975830078125,229.9499969482422,232.85000610351562,228.89999389648438,231.0,47183
2020-10-26,222.99208068847656,226.9499969482422,232.89999389648438,225.0,229.4499969482422,58358
2020-10-27,222.20602416992188,226.14999389648438,229.35000610351562,225.1999969482422,228.39999389648438,56554
2020-10-28,226.4310302734375,230.4499969482422,235.0,226.9499969482422,227.4499969482422,139777
2020-10-29,225.15370178222656,229.14999389648438,233.0,227.0500030517578,230.0,69732
2020-10-30,226.18539428710938,230.1999969482422,234.64999389648438,228.0,229.0,77655
2020-11-02,220.6830596923828,224.60000610351562,232.9499969482422,220.0,231.0,61999
2020-11-03,230.21389770507812,234.3000030517578,237.89999389648438,223.0,224.60000610351562,179393
2020-11-04,235.22496032714844,239.39999389648438,243.5,231.9499969482422,241.0,254312
2020-11-05,235.61798095703125,239.8000030517578,244.89999389648438,237.5,244.89999389648438,460989
2020-11-06,235.86363220214844,240.0500030517578,242.5,239.8000030517578,239.8000030517578,118244
2020-11-09,236.010986328125,240.1999969482422,245.0,240.0,241.9499969482422,94395
2020-11-10,235.9618682861328,240.14999389648438,242.89999389648438,239.89999389648438,241.0500030517578,67655
2020-11-11,236.89532470703125,241.10000610351562,244.0,239.1999969482422,241.0500030517578,99458
2020-11-12,235.9618682861328,240.14999389648438,245.0,240.0,241.0,64905
2020-11-13,259.8398742675781,262.79998779296875,267.95001220703125,240.0,240.14999389648438,717831
2020-11-14,263.2510070800781,266.25,268.95001220703125,265.0,265.0,85418
2020-11-17,264.6352233886719,267.6499938964844,270.3999938964844,264.20001220703125,267.20001220703125,370921
2020-11-18,271.0125732421875,274.1000061035156,281.04998779296875,257.70001220703125,267.6499938964844,353048
2020-11-19,255.5388641357422,258.45001220703125,281.0,250.0,273.3500061035156,278782
2020-11-20,259.14776611328125,262.1000061035156,271.0,261.04998779296875,261.04998779296875,263034
2020-11-23,260.0376281738281,263.0,266.95001220703125,260.0,266.5,85976
2020-11-24,254.69845581054688,257.6000061035156,266.0,254.1999969482422,264.95001220703125,93584
2020-11-25,250.89178466796875,253.75,260.79998779296875,251.64999389648438,260.79998779296875,120191
2020-11-26,257.3680114746094,260.29998779296875,268.75,252.5500030517578,255.8000030517578,292850
2020-11-27,256.4286804199219,259.3500061035156,267.8999938964844,257.5,262.95001220703125,154164
2020-12-01,261.8173522949219,264.79998779296875,267.0,259.3999938964844,261.3500061035156,115141
2020-12-02,269.62835693359375,272.70001220703125,279.79998779296875,264.75,266.0,184552
2020-12-03,266.5138244628906,269.54998779296875,274.8999938964844,268.1000061035156,273.5,90365
2020-12-04,262.3116455078125,265.29998779296875,271.45001220703125,264.04998779296875,271.45001220703125,89742
2020-12-07,266.4643859863281,269.5,274.0,265.5,265.5,164083
2020-12-08,272.2485046386719,275.3500061035156,283.0,268.54998779296875,271.0,352963
2020-12-09,274.47314453125,277.6000061035156,283.5,271.20001220703125,276.75,295628
2020-12-10,271.259765625,274.3500061035156,278.0,265.04998779296875,272.3500061035156,288093
2020-12-11,266.1677551269531,269.20001220703125,282.0,267.8500061035156,276.3500061035156,247565
2020-12-14,266.5632629394531,269.6000061035156,275.8999938964844,269.04998779296875,271.8999938964844,185412
2020-12-15,262.06451416015625,265.04998779296875,270.95001220703125,262.3999938964844,270.0,97401
2020-12-16,261.27349853515625,264.25,269.79998779296875,263.1000061035156,267.0,73354
2020-12-17,260.9768981933594,263.95001220703125,268.95001220703125,261.1499938964844,267.0,80196
2020-12-18,259.2960510253906,262.25,266.70001220703125,257.0,266.45001220703125,66593
2020-12-21,246.83795166015625,249.64999389648438,267.1499938964844,245.0,251.0500030517578,246491
2020-12-22,253.26473999023438,256.1499938964844,257.5,244.5500030517578,245.0500030517578,146038
2020-12-23,262.2127990722656,265.20001220703125,266.95001220703125,252.25,257.0,181096
2020-12-24,268.63958740234375,271.70001220703125,283.8500061035156,261.95001220703125,266.75,632942
2020-12-28,273.6327209472656,276.75,285.0,273.3999938964844,273.8500061035156,198768
2020-12-29,278.9718933105469,282.1499938964844,283.0,273.0,281.0,372322
2020-12-30,295.5332336425781,298.8999938964844,299.8999938964844,278.1000061035156,284.3999938964844,1679751
2020-12-31,294.84112548828125,298.20001220703125,300.6499938964844,271.0,300.0,646583
2021-01-01,302.00946044921875,305.45001220703125,308.8999938964844,298.79998779296875,300.8999938964844,305103
2021-01-04,300.3780212402344,303.79998779296875,309.29998779296875,299.04998779296875,306.8999938964844,431630
2021-01-05,298.05450439453125,301.45001220703125,303.8999938964844,291.1000061035156,296.0,404992
2021-01-06,291.6277160644531,294.95001220703125,302.79998779296875,291.3500061035156,301.45001220703125,360732
2021-01-07,289.9963073730469,293.29998779296875,302.0,291.54998779296875,295.0,170698
2021-01-08,294.6927795410156,298.04998779296875,299.5,292.1499938964844,292.1499938964844,367751
2021-01-11,289.6996765136719,293.0,304.0,281.1000061035156,304.0,169970
2021-01-12,291.825439453125,295.1499938964844,298.29998779296875,292.3999938964844,298.0,124355
2021-01-13,288.7109375,292.0,297.95001220703125,290.0,295.1499938964844,209506
2021-01-14,286.5851745605469,289.8500061035156,296.45001220703125,288.8999938964844,292.54998779296875,143576
2021-01-15,286.33795166015625,289.6000061035156,292.95001220703125,283.3500061035156,288.20001220703125,217554
2021-01-18,283.9650573730469,287.20001220703125,290.8999938964844,282.29998779296875,286.0,133968
2021-01-19,291.2817077636719,294.6000061035156,300.0,290.0,290.0,173500
2021-01-20,311.1552734375,314.70001220703125,321.5,297.8999938964844,297.8999938964844,1147363
2021-01-21,298.0050964355469,301.3999938964844,320.79998779296875,299.0,318.0,327002
2021-01-22,298.79608154296875,302.20001220703125,305.29998779296875,285.0,303.79998779296875,258681
2021-01-25,296.0770263671875,299.45001220703125,306.3999938964844,291.6499938964844,306.3999938964844,157600
2021-01-27,291.8748779296875,295.20001220703125,300.0,289.0,300.0,157045
2021-01-28,290.3918151855469,293.70001220703125,296.95001220703125,290.5,290.5,67596
2021-01-29,291.6277160644531,294.95001220703125,304.70001220703125,293.5,297.8999938964844,121896
2021-02-01,301.86114501953125,305.29998779296875,308.0,293.8500061035156,304.3999938964844,204907
2021-02-02,320.44940185546875,324.1000061035156,325.0,306.04998779296875,307.75,482686
2021-02-03,330.9794006347656,334.75,346.79998779296875,322.54998779296875,326.0,679325
2021-02-04,393.8135986328125,398.29998779296875,401.70001220703125,353.0,353.0,2483769
2021-02-05,396.878662109375,401.3999938964844,425.0,388.8999938964844,404.3999938964844,1230648
2021-02-08,392.7754211425781,397.25,409.8999938964844,382.0,402.75,332564
2021-02-09,392.57763671875,397.04998779296875,405.0,391.75,399.45001220703125,196992
2021-02-10,412.40185546875,417.1000061035156,423.8999938964844,392.0,398.0,307890
2021-02-11,413.1434020996094,417.8500061035156,434.75,415.0,419.95001220703125,268275
2021-02-12,404.9862976074219,409.6000061035156,420.8999938964844,401.1000061035156,419.79998779296875,142137
2021-02-15,411.4625244140625,416.1499938964844,424.8999938964844,412.8500061035156,413.3500061035156,131031
2021-02-16,404.1458740234375,408.75,422.95001220703125,404.5,418.5,130102
2021-02-17,404.7391357421875,409.3500061035156,416.95001220703125,402.75,414.95001220703125,176630
2021-02-18,409.73223876953125,414.3999938964844,420.0,409.6000061035156,412.29998779296875,155594
2021-02-19,415.4669189453125,420.20001220703125,434.0,412.5,416.3500061035156,262362
2021-02-22,396.38433837890625,400.8999938964844,422.0,396.79998779296875,422.0,222057
2021-02-23,395.98883056640625,400.5,412.8500061035156,397.0,400.0,177106
2021-02-24,402.06951904296875,406.6499938964844,417.0,401.1000061035156,406.0,108052
2021-02-25,401.0313720703125,405.6000061035156,412.3999938964844,404.25,410.8999938964844,88073
2021-02-26,397.2247009277344,401.75,405.54998779296875,396.0,400.0,95287
2021-03-01,396.5325927734375,401.04998779296875,407.0,398.54998779296875,405.6499938964844,93097
2021-03-02,430.7923278808594,435.70001220703125,474.3999938964844,403.0,403.75,1540141
2021-03-03,431.23724365234375,436.1499938964844,448.79998779296875,426.6000061035156,443.79998779296875,348034
2021-03-04,434.64837646484375,439.6000061035156,455.0,436.54998779296875,436.79998779296875,316583
2021-03-05,419.5207214355469,424.29998779296875,445.6000061035156,420.70001220703125,443.0,265753
2021-03-08,440.4819641113281,445.5,480.0,430.0,430.0,982678
2021-03-09,437.9112243652344,442.8999938964844,462.3500061035156,433.29998779296875,451.1000061035156,395771
2021-03-10,445.57391357421875,450.6499938964844,459.0,441.0,446.0,496560
2021-03-12,438.65277099609375,443.6499938964844,479.0,438.5,450.1000061035156,504726
2021-03-15,431.2867126464844,436.20001220703125,448.0,423.0,448.0,356888
2021-03-16,427.1834411621094,432.04998779296875,445.0,427.6000061035156,441.70001220703125,216966
2021-03-17,415.1208801269531,419.8500061035156,439.5,417.29998779296875,434.0,208342
2021-03-18,400.8336181640625,405.3999938964844,435.0,396.1000061035156,435.0,337792
2021-03-19,417.0489196777344,421.79998779296875,429.75,385.0,398.0,395996
2021-03-22,415.4669189453125,420.20001220703125,437.0,415.79998779296875,426.70001220703125,249238
2021-03-23,402.06951904296875,406.6499938964844,425.70001220703125,405.0,425.70001220703125,1381851
2021-03-24,403.0583190917969,407.6499938964844,413.20001220703125,399.0,408.0,225399
2021-03-25,410.1277160644531,414.79998779296875,421.8500061035156,400.0,410.0,212372
2021-03-26,406.07391357421875,410.70001220703125,421.8999938964844,405.0,419.0,104802
2021-03-30,412.94561767578125,417.6499938964844,424.8999938964844,409.0,411.6499938964844,357717
2021-03-31,412.7478942871094,417.45001220703125,424.0,416.0,424.0,112400
2021-04-01,422.6846923828125,427.5,434.8500061035156,420.45001220703125,424.8999938964844,332351
2021-04-05,411.9568786621094,416.6499938964844,435.0,415.54998779296875,427.5,182938
2021-04-06,411.61083984375,416.29998779296875,425.0,415.0,416.0,106424
2021-04-07,444.486328125,449.54998779296875,454.6000061035156,414.5,422.0,647217
2021-04-08,471.0339050292969,476.3999938964844,484.79998779296875,449.79998779296875,454.0,876156
2021-04-09,512.7584838867188,518.5999755859375,548.0,476.5,478.79998779296875,1409318
2021-04-12,469.1553039550781,474.5,509.6499938964844,462.25,505.0,517226
2021-04-13,496.14776611328125,501.79998779296875,518.0,470.0,478.0,487713
2021-04-15,487.100830078125,492.6499938964844,506.8500061035156,481.3500061035156,494.0,254663
2021-04-16,502.6734619140625,508.3999938964844,520.0,491.79998779296875,491.79998779296875,506061
2021-04-19,490.2153625488281,495.79998779296875,507.0,475.1499938964844,498.25,350353
2021-04-20,501.98138427734375,507.70001220703125,524.7999877929688,500.45001220703125,500.45001220703125,429553
2021-04-22,496.49383544921875,502.1499938964844,518.0,499.1499938964844,504.0,255529
2021-04-23,484.5301513671875,490.04998779296875,511.8999938964844,487.0,503.0,300405
2021-04-26,484.3323974609375,489.8500061035156,504.8500061035156,484.3500061035156,496.0,205017
2021-04-27,483.8874816894531,489.3999938964844,503.8999938964844,487.29998779296875,494.0,217330
2021-04-28,488.43560791015625,494.0,505.1000061035156,491.0,494.20001220703125,249150
2021-04-29,487.7929382324219,493.3500061035156,503.8999938964844,490.20001220703125,498.0,195344
2021-04-30,522.4976196289062,528.4500122070312,542.0,492.04998779296875,492.04998779296875,1089885
2021-05-03,535.4005126953125,541.5,569.0,531.0499877929688,534.4000244140625,597574
2021-05-04,537.625244140625,543.75,557.7999877929688,540.1500244140625,548.7000122070312,255445
2021-05-05,566.2491455078125,572.7000122070312,597.0499877929688,545.0,552.4000244140625,1441214
2021-05-06,577.1253051757812,583.7000122070312,591.0,568.0,578.0,411451
2021-05-07,572.82421875,579.3499755859375,598.0499877929688,575.0999755859375,591.0,438728
2021-05-10,566.5951538085938,573.0499877929688,590.2000122070312,570.0,583.4000244140625,334724
2021-05-11,579.0532836914062,585.6500244140625,589.7000122070312,567.6500244140625,570.0,292473
2021-05-12,566.3974609375,572.8499755859375,604.2999877929688,555.5,592.7000122070312,722209
2021-05-14,626.216064453125,633.3499755859375,659.7000122070312,594.2000122070312,615.0,3305509
2021-05-17,610.099609375,617.0499877929688,650.0,612.6500244140625,645.0,988237
2021-05-18,626.1665649414062,633.2999877929688,655.0,621.0,625.5999755859375,1030058
2021-05-19,688.4075317382812,696.25,702.0,633.7999877929688,635.0,2736787
2021-05-20,680.6459350585938,688.4000244140625,702.9500122070312,670.0,702.0499877929688,1193957
2021-05-21,711.74169921875,719.8499755859375,742.7000122070312,677.5499877929688,695.0,1327465
2021-05-24,730.8242797851562,739.1500244140625,794.4000244140625,712.8499755859375,723.7999877929688,1629154
2021-05-25,721.8761596679688,730.0999755859375,759.9500122070312,708.0,746.7999877929688,1016069
2021-05-26,723.5570068359375,731.7999877929688,745.5999755859375,722.0,733.7999877929688,437581
2021-05-27,717.0809326171875,725.25,737.6500244140625,720.0499877929688,736.9000244140625,291248
2021-05-28,721.6785278320312,729.9000244140625,756.0,723.0499877929688,723.0499877929688,587368
2021-05-31,716.8831787109375,725.0499877929688,737.3499755859375,720.5,734.7999877929688,270681
2021-06-01,703.2879028320312,711.2999877929688,730.8499755859375,700.0,726.9000244140625,313658
2021-06-02,708.0834350585938,716.1500244140625,735.0,700.0,711.2999877929688,424983
2021-06-03,697.4544677734375,705.4000244140625,724.25,700.5,720.8499755859375,356960
2021-06-04,700.3712158203125,708.3499755859375,721.0,705.9000244140625,709.7999877929688,269263
2021-06-07,693.2523803710938,701.1500244140625,715.7999877929688,700.0,710.0,334568
2021-06-08,705.2654418945312,713.2999877929688,718.0,690.0999755859375,701.0,402900
2021-06-09,695.427490234375,703.3499755859375,718.4500122070312,700.5999755859375,711.7999877929688,248821
2021-06-10,711.5440673828125,719.6500244140625,734.9500122070312,703.0,703.7999877929688,363699
2021-06-11,703.8812255859375,711.9000244140625,728.75,708.75,725.0499877929688,226795
2021-06-14,703.33740234375,711.3499755859375,719.0,701.0,711.9000244140625,279026
2021-06-15,698.196044921875,706.1500244140625,725.5,701.5999755859375,717.0,259790
2021-06-16,698.2454223632812,706.2000122070312,715.4500122070312,703.0,706.0,150228
2021-06-17,684.007568359375,691.7999877929688,709.0,686.25,703.7999877929688,370866
2021-06-18,687.6165771484375,695.4500122070312,705.9000244140625,646.4000244140625,694.4500122070312,705433
2021-06-21,676.7404174804688,684.4500122070312,701.8499755859375,671.2000122070312,685.0,316256
2021-06-22,676.8392944335938,684.5499877929688,703.2999877929688,680.0,690.8499755859375,287608
2021-06-23,675.7022705078125,683.4000244140625,689.7999877929688,675.25,688.7999877929688,297794
2021-06-24,682.2279052734375,690.0,698.7999877929688,681.7000122070312,687.2999877929688,409885
2021-06-25,687.2210083007812,695.0499877929688,707.5,693.4000244140625,693.7999877929688,377417
2021-06-28,689.890625,697.75,706.8499755859375,695.0499877929688,697.0,318931
2021-06-29,695.1803588867188,703.0999755859375,719.0,698.0,698.0,542384
2021-06-30,710.3079833984375,718.4000244140625,732.0,706.6500244140625,709.9000244140625,596631
2021-07-01,726.473876953125,734.75,750.0,722.7999877929688,722.7999877929688,899657
2021-07-02,731.7635498046875,740.0999755859375,749.75,731.0499877929688,745.7000122070312,342600
2021-07-05,719.4043579101562,727.5999755859375,758.0,718.0,748.0,558906
2021-07-06,706.8968505859375,714.9500122070312,731.9500122070312,711.25,727.5999755859375,272082
2021-07-07,709.0721435546875,717.1500244140625,728.9000244140625,709.2000122070312,717.0,266001
2021-07-08,721.8267822265625,730.0499877929688,733.9000244140625,715.0499877929688,720.0999755859375,368803
2021-07-09,721.480712890625,729.7000122070312,739.9000244140625,723.2999877929688,730.0499877929688,280759
2021-07-12,722.9143676757812,731.1500244140625,740.0,726.0999755859375,731.0,236467
2021-07-13,711.5933227539062,719.7000122070312,738.6500244140625,718.1500244140625,737.0,334151
2021-07-14,697.800537109375,705.75,725.9500122070312,704.1500244140625,725.0,742404
2021-07-15,706.9463500976562,715.0,728.0,711.0,714.9000244140625,351668
2021-07-16,703.33740234375,711.3499755859375,723.5499877929688,708.6500244140625,716.0499877929688,364609
2021-07-19,696.4161987304688,704.3499755859375,711.0,700.0,706.2000122070312,358002
2021-07-20,689.4951171875,697.3499755859375,714.5999755859375,695.0,703.7999877929688,436028
2021-07-22,687.0232543945312,694.8499755859375,710.0,694.0,701.0,329921
2021-07-23,687.369384765625,695.2000122070312,700.9500122070312,685.0499877929688,700.0,342418
2021-07-26,667.8912353515625,675.5,694.0,672.5499877929688,690.0,647289
2021-07-27,657.212890625,664.7000122070312,682.9000244140625,660.0499877929688,678.0,406916
2021-07-28,665.6665649414062,673.25,679.8499755859375,642.5999755859375,650.0,815508
2021-07-29,676.4932250976562,684.2000122070312,696.2000122070312,678.0,678.0,406799
2021-07-30,677.037109375,684.75,693.25,675.3499755859375,690.0,219891
2021-08-02,681.9312744140625,689.7000122070312,695.9500122070312,683.5499877929688,684.9000244140625,269462
2021-08-03,702.002685546875,710.0,722.5,694.25,695.7999877929688,754651
2021-08-04,685.44140625,693.25,724.0,685.6500244140625,717.7999877929688,498066
2021-08-05,693.4995727539062,701.4000244140625,707.9000244140625,690.0999755859375,700.5999755859375,330434
2021-08-06,657.707275390625,665.2000122070312,686.5999755859375,612.0,612.0,1460952
2021-08-09,645.0514526367188,652.4000244140625,681.8499755859375,647.0,680.5,505605
2021-08-10,635.3123779296875,642.5499877929688,664.4000244140625,632.0,660.0,365805
2021-08-11,629.5776977539062,636.75,655.0,622.0,642.5499877929688,384027
2021-08-12,652.0220336914062,659.4500122070312,669.7999877929688,640.0,642.9000244140625,256143
2021-08-13,645.3975219726562,652.75,666.2999877929688,651.0,666.2999877929688,161746
2021-08-16,643.3212280273438,650.6500244140625,654.7999877929688,645.4000244140625,654.0,141015
2021-08-17,643.0244750976562,650.3499755859375,655.0,645.7000122070312,653.7999877929688,144789
2021-08-18,638.8717651367188,646.1500244140625,655.0,638.5,653.0,163710
2021-08-20,631.6046142578125,638.7999877929688,650.0,631.9500122070312,646.0,217539
2021-08-23,614.2523193359375,621.25,648.5499877929688,615.0499877929688,643.0499877929688,273088
2021-08-24,606.0952758789062,613.0,622.0,610.2999877929688,621.5499877929688,259044
2021-08-25,597.4437866210938,604.25,615.9500122070312,603.0,614.0,260737
2021-08-26,596.7022705078125,603.5,612.5,595.25,604.0,321375
2021-08-27,656.0758056640625,663.5499877929688,678.7999877929688,602.4500122070312,604.0999755859375,1891273
2021-08-30,654.493896484375,661.9500122070312,675.0,643.0499877929688,667.0,824378
2021-08-31,654.3455810546875,661.7999877929688,672.7999877929688,655.0499877929688,669.9000244140625,407188
2021-09-01,644.507568359375,651.8499755859375,667.8499755859375,642.1500244140625,666.75,273266
2021-09-02,650.7861938476562,658.2000122070312,664.8499755859375,654.0499877929688,655.9500122070312,173543
2021-09-03,657.6578979492188,665.1500244140625,670.9000244140625,658.0499877929688,662.0,246870
2021-09-06,662.3543701171875,669.9000244140625,676.9000244140625,665.0,669.9500122070312,273378
2021-09-07,663.9409790039062,669.5,678.0,661.1500244140625,676.9000244140625,168415
2021-09-08,690.3201904296875,696.0999755859375,701.7999877929688,664.25,672.9500122070312,733696
2021-09-09,712.7325439453125,718.7000122070312,730.0,699.0,700.9000244140625,1189466
2021-09-13,721.2611083984375,727.2999877929688,739.8499755859375,720.9000244140625,728.0,748374
2021-09-14,709.1128540039062,715.0499877929688,734.0,711.0999755859375,734.0,444939
2021-09-15,702.6171875,708.5,722.0,706.0,720.0,295739
2021-09-16,700.4354858398438,706.2999877929688,715.6500244140625,703.0,708.9500122070312,430026
2021-09-17,702.0718383789062,707.9500122070312,711.9500122070312,686.5499877929688,710.0,406150
2021-09-20,680.1552734375,685.8499755859375,707.9500122070312,680.5,707.9500122070312,270860
2021-09-21,666.9161376953125,672.5,692.9000244140625,665.0,685.0499877929688,282807
2021-09-22,694.2869873046875,700.0999755859375,710.0,678.0,683.0,309924
2021-09-23,695.4274291992188,701.25,715.0,699.0,708.2000122070312,175184
2021-09-24,692.7993774414062,698.5999755859375,709.4500122070312,691.0,707.0,283175
2021-09-27,691.8572998046875,697.6500244140625,706.7999877929688,690.0499877929688,695.0,311697
2021-09-28,690.9647827148438,696.75,711.0,693.0,702.6500244140625,341358
2021-09-29,685.3616943359375,691.0999755859375,704.1500244140625,688.25,696.0,156286
2021-09-30,686.2542114257812,692.0,703.0,690.0,699.0,176332
2021-10-01,685.609619140625,691.3499755859375,701.9500122070312,687.0,691.9000244140625,211656
2021-10-04,714.4679565429688,720.4500122070312,725.4000244140625,695.4000244140625,698.0,627741
2021-10-05,709.8070678710938,715.75,734.5,712.0,723.5999755859375,313769
2021-10-06,698.2537231445312,704.0999755859375,722.9000244140625,702.7999877929688,720.8499755859375,235158
2021-10-07,713.575439453125,719.5499877929688,727.9000244140625,711.1500244140625,712.0,703293
2021-10-08,743.1776123046875,749.4000244140625,767.8499755859375,722.1500244140625,726.9000244140625,1534646
2021-10-11,745.2106323242188,751.4500122070312,784.0,744.0,775.0,976444
2021-10-12,739.1116333007812,745.2999877929688,758.4000244140625,735.5,758.4000244140625,420047
2021-10-13,730.5335083007812,736.6500244140625,759.0,735.0,751.25,321944
2021-10-14,741.1446533203125,747.3499755859375,759.2000122070312,741.0,743.0999755859375,493930
2021-10-18,755.325927734375,761.6500244140625,770.0,750.0,752.0,618877
2021-10-19,724.1370849609375,730.2000122070312,774.0,720.5499877929688,768.2999877929688,564475
2021-10-20,709.7078857421875,715.6500244140625,734.0,693.0999755859375,728.9000244140625,406411
2021-10-21,712.0383911132812,718.0,740.0,713.2000122070312,719.0,422593
2021-10-22,709.1624145507812,715.0999755859375,731.6500244140625,708.5999755859375,722.0,555477
2021-10-25,698.2041625976562,704.0499877929688,719.4000244140625,690.0,716.0,446933
2021-10-26,707.9227294921875,713.8499755859375,725.75,701.7000122070312,704.0499877929688,494458
2021-10-27,715.1622314453125,721.1500244140625,743.2000122070312,713.9000244140625,720.5,257986
2021-10-28,702.121337890625,708.0,724.25,701.0499877929688,722.0,187177
2021-10-29,723.1453247070312,729.2000122070312,736.5499877929688,697.0,702.0,361973
2021-11-01,728.50048828125,734.5999755859375,752.0999755859375,723.0,729.9000244140625,335323
2021-11-02,751.7557983398438,758.0499877929688,767.75,735.5499877929688,740.8499755859375,572616
2021-11-03,747.88818359375,754.1500244140625,777.9500122070312,740.0499877929688,775.0,649526
2021-11-04,754.0863037109375,760.4000244140625,768.9000244140625,758.0,761.0,117940
2021-11-08,836.9425659179688,843.9500122070312,850.0,763.3499755859375,768.0,3175988
2021-11-09,852.0659790039062,859.2000122070312,897.0,849.5,850.0,2681960
2021-11-10,831.537841796875,838.5,855.9500122070312,795.0,838.0,1031381
2021-11-11,828.9098510742188,835.8499755859375,859.5999755859375,830.5999755859375,838.0,811400
2021-11-12,845.8486938476562,851.4000244140625,859.0,829.9000244140625,845.5999755859375,337730
2021-11-15,830.7974853515625,836.25,866.4500122070312,826.25,858.9000244140625,299722
2021-11-16,832.4367065429688,837.9000244140625,843.5499877929688,825.5999755859375,840.5,195908
2021-11-17,847.1898193359375,852.75,860.0,833.0,842.0,409358
2021-11-18,832.7843627929688,838.25,866.2000122070312,805.4000244140625,856.0,295408
2021-11-22,783.8058471679688,788.9500122070312,859.0,737.5499877929688,852.0,644481
2021-11-23,814.752685546875,820.0999755859375,826.0999755859375,757.0,788.0,340808
2021-11-24,792.3497924804688,797.5499877929688,825.0,791.0,824.0,209020
2021-11-25,795.2308349609375,800.4500122070312,812.7999877929688,784.6500244140625,803.4000244140625,185655
2021-11-26,766.3703002929688,771.4000244140625,810.0,765.5999755859375,810.0,195173
2021-11-29,716.8453369140625,721.5499877929688,756.0,709.9500122070312,750.0,436248
2021-11-30,723.75,728.5,775.0,718.3499755859375,725.0,820536
2021-12-01,739.9933471679688,744.8499755859375,754.9000244140625,737.0,737.9000244140625,203219
2021-12-02,738.00634765625,742.8499755859375,750.0,731.0,750.0,170657
2021-12-03,734.6286010742188,739.4500122070312,749.9000244140625,735.9000244140625,749.9000244140625,157589
2021-12-06,720.2727661132812,725.0,744.5999755859375,718.2000122070312,739.0,127483
2021-12-07,728.0715942382812,732.8499755859375,739.0,725.0,732.0,89638
2021-12-08,725.587890625,730.3499755859375,745.7000122070312,723.0,745.7000122070312,219305
2021-12-09,721.9617309570312,726.7000122070312,744.7000122070312,723.0,744.7000122070312,155103
2021-12-10,721.0179443359375,725.75,734.7999877929688,720.0,720.0,125635
2021-12-13,715.9014282226562,720.5999755859375,735.0,719.0,734.0,238056
2021-12-14,714.3119506835938,719.0,730.5999755859375,715.0,718.0,138905
2021-12-15,712.82177734375,717.5,722.0,712.9000244140625,716.0,117849
2021-12-16,716.9943237304688,721.7000122070312,733.0,715.2999877929688,724.0,113295
2021-12-17,704.9234619140625,709.5499877929688,723.0999755859375,701.8499755859375,719.7999877929688,141071
2021-12-20,683.3153686523438,687.7999877929688,701.7999877929688,672.0499877929688,698.0,222407
2021-12-21,691.2135620117188,695.75,705.2999877929688,690.0,690.0,105150
2021-12-22,695.3861694335938,699.9500122070312,707.0,694.9500122070312,695.75,71093
2021-12-23,696.2306518554688,700.7999877929688,710.7000122070312,699.0,704.9500122070312,64505
2021-12-24,691.1638793945312,695.7000122070312,708.4500122070312,692.0,708.4500122070312,67798
2021-12-27,693.945556640625,698.5,703.2999877929688,688.6500244140625,695.7000122070312,92228
2021-12-28,695.634521484375,700.2000122070312,709.0,698.0,709.0,119600
2021-12-29,693.2005004882812,697.75,702.6500244140625,695.1500244140625,701.0,95408
2021-12-30,697.8201904296875,702.4000244140625,724.7999877929688,695.2000122070312,698.0,156447
2021-12-31,695.53515625,700.0999755859375,707.9500122070312,699.0,703.0499877929688,157025
2022-01-03,695.1875,699.75,707.0,698.2999877929688,707.0,310286
2022-01-04,696.6279907226562,701.2000122070312,706.0,697.0999755859375,705.0,195396
2022-01-05,694.2932739257812,698.8499755859375,707.9500122070312,698.25,707.9500122070312,296655
2022-01-06,694.3926391601562,698.9500122070312,701.7000122070312,696.0999755859375,700.0,172327
2022-01-07,685.5010375976562,690.0,704.9500122070312,688.0,704.9500122070312,356563
2022-01-10,687.1402587890625,691.6500244140625,700.0499877929688,690.0999755859375,695.0499877929688,292179
2022-01-11,686.44482421875,690.9500122070312,697.0,690.0499877929688,694.7999877929688,251407
2022-01-12,691.5115966796875,696.0499877929688,700.0,692.0,695.0,233289
2022-01-13,695.833251953125,700.4000244140625,713.2000122070312,678.7000122070312,698.0,2016314
2022-01-14,727.0780639648438,731.8499755859375,743.7999877929688,710.0,710.0,1070128
2022-01-17,731.35009765625,736.1500244140625,739.4000244140625,715.5499877929688,737.0,459573
2022-01-18,716.2988891601562,721.0,743.5499877929688,715.3499755859375,740.0,397204
2022-01-19,718.2858276367188,723.0,731.0,710.6500244140625,714.0,229238
2022-01-20,714.759033203125,719.4500122070312,729.7999877929688,715.0,729.7999877929688,185679
2022-01-21,697.6215209960938,702.2000122070312,720.6500244140625,694.0,719.0,200907
2022-01-24,678.745361328125,683.2000122070312,702.0,667.0499877929688,702.0,614721
2022-01-25,681.1296997070312,685.5999755859375,705.0,660.0999755859375,671.75,340796
2022-01-27,668.61181640625,673.0,684.9000244140625,658.9500122070312,684.9000244140625,269330
2022-01-28,680.9310302734375,685.4000244140625,694.9000244140625,676.5499877929688,677.0,226852
2022-01-31,674.1256713867188,678.5499877929688,707.0,673.7000122070312,707.0,177208
2022-02-01,671.59228515625,676.0,687.7000122070312,672.5999755859375,681.0,315218
2022-02-02,711.778564453125,716.4500122070312,719.7999877929688,679.0,679.0,360035
2022-02-03,710.3876953125,715.0499877929688,742.7000122070312,705.0,723.0,408184
2022-02-04,706.7117919921875,711.3499755859375,721.1500244140625,675.0,675.0499877929688,602725
2022-02-07,697.5220947265625,702.0999755859375,720.75,694.0999755859375,713.0,163020
2022-02-08,690.7664184570312,695.2999877929688,713.8499755859375,692.0,710.0,180895
2022-02-09,685.053955078125,689.5499877929688,706.9000244140625,685.0,700.7999877929688,104791
2022-02-10,685.3023681640625,689.7999877929688,696.3499755859375,678.0999755859375,694.0,83134
2022-02-11,677.8511962890625,682.2999877929688,692.0,680.0,680.0,123186
2022-02-14,655.9946899414062,660.2999877929688,675.0,656.0,670.0,183702
2022-02-15,657.2861328125,661.5999755859375,676.5499877929688,645.0,665.0499877929688,231295
2022-02-16,669.7047119140625,674.0999755859375,679.8499755859375,665.4500122070312,667.4500122070312,150903
2022-02-17,658.2300415039062,662.5499877929688,682.9500122070312,660.0,678.0,115483
2022-02-18,664.7869873046875,669.1500244140625,674.25,655.7000122070312,656.0,93293
2022-02-21,662.2536010742188,666.5999755859375,672.0,655.0999755859375,655.6500244140625,141272
2022-02-22,655.895263671875,660.2000122070312,675.8499755859375,644.0,644.0,171402
2022-02-23,659.9685668945312,664.2999877929688,673.0,660.7999877929688,660.7999877929688,101026
2022-02-24,613.8214111328125,617.8499755859375,659.0,610.0,654.0,339759
2022-02-25,640.04931640625,644.25,650.0,624.0499877929688,626.2000122070312,202410
2022-02-28,639.4035034179688,643.5999755859375,659.1500244140625,617.5499877929688,638.0,245468
2022-03-02,633.1942749023438,637.3499755859375,653.0,633.6500244140625,640.0,108773
2022-03-03,623.3092041015625,627.4000244140625,653.75,626.0,649.0,118981
2022-03-04,617.9443969726562,622.0,632.4000244140625,615.25,624.0,235578
2022-03-07,603.4892578125,607.4500122070312,615.0,602.0,611.7999877929688,192472
2022-03-08,621.2725219726562,625.3499755859375,637.7000122070312,609.4500122070312,610.0,175853
2022-03-09,627.6805419921875,631.7999877929688,639.7000122070312,622.0,630.0,160721
2022-03-10,650.8782958984375,655.1500244140625,661.4500122070312,638.2000122070312,643.7000122070312,235120
2022-03-11,658.5279541015625,662.8499755859375,669.7999877929688,649.0,659.9500122070312,124219
2022-03-14,653.8587646484375,658.1500244140625,668.0,646.5499877929688,668.0,101430
2022-03-15,651.822021484375,656.0999755859375,675.0,653.9000244140625,664.7999877929688,89412
2022-03-16,648.3448486328125,652.5999755859375,674.75,650.0,661.0999755859375,173274
2022-03-17,650.2821655273438,654.5499877929688,669.0,651.5,665.9500122070312,257232
2022-03-21,674.2747192382812,678.7000122070312,691.0,656.4500122070312,674.0,345829
2022-03-22,654.8024291992188,659.0999755859375,698.4000244140625,655.0,683.7999877929688,439276
2022-03-23,655.746337890625,660.0499877929688,673.9500122070312,658.5999755859375,670.0,238248
2022-03-24,646.8546142578125,651.0999755859375,663.9000244140625,650.0,663.0,136965
2022-03-25,642.8807373046875,647.0999755859375,660.0,643.6500244140625,652.0,126749
2022-03-28,622.4647216796875,626.5499877929688,649.7000122070312,623.0999755859375,647.2000122070312,196268
2022-03-29,619.5836181640625,623.6500244140625,635.9500122070312,621.0,628.7000122070312,146784
2022-03-30,627.5811767578125,631.7000122070312,636.0499877929688,624.0,635.0,215054
2022-03-31,630.114501953125,634.25,646.8499755859375,631.2000122070312,636.0,236959
2022-04-01,643.9735717773438,648.2000122070312,664.0,635.0,635.0,335242
2022-04-04,678.9937744140625,683.4500122070312,700.0,652.0999755859375,654.8499755859375,570040
2022-04-05,688.4318237304688,692.9500122070312,709.0,687.25,689.7999877929688,425551
2022-04-06,715.4047241210938,720.0999755859375,724.9000244140625,682.1500244140625,691.0,534295
2022-04-07,695.4854736328125,700.0499877929688,725.0,695.0,723.4000244140625,297905
2022-04-08,706.662109375,711.2999877929688,720.0,702.5999755859375,706.7999877929688,189954
2022-04-11,706.4137573242188,711.0499877929688,730.0,706.5499877929688,716.7000122070312,226626
2022-04-12,701.0986328125,705.7000122070312,718.1500244140625,696.5999755859375,712.7000122070312,180237
2022-04-13,693.9952392578125,698.5499877929688,717.7000122070312,696.0,708.0,144699
2022-04-18,682.5701904296875,687.0499877929688,710.0,680.9500122070312,697.0,116140
2022-04-19,669.9033813476562,674.2999877929688,697.6500244140625,660.6500244140625,693.7999877929688,224364
2022-04-20,676.8577880859375,681.2999877929688,692.9500122070312,676.7999877929688,678.0,126341
2022-04-21,694.7899780273438,699.3499755859375,706.2999877929688,683.5,687.0,367722
2022-04-22,683.5140991210938,688.0,704.8499755859375,682.4500122070312,696.3499755859375,174488
2022-04-25,669.2576293945312,673.6500244140625,687.9500122070312,670.0,680.0,109486
2022-04-26,663.8431396484375,668.2000122070312,684.4000244140625,666.0499877929688,679.0,148200
2022-04-27,652.865234375,657.1500244140625,667.9000244140625,651.7000122070312,666.0,117016
2022-04-28,664.3895874023438,668.75,673.4500122070312,653.5,660.0,119372
2022-04-29,660.11767578125,664.4500122070312,674.7000122070312,660.0,674.7000122070312,89785
2022-05-02,686.8919067382812,691.4000244140625,696.9000244140625,652.3499755859375,659.0,497961
2022-05-04,669.2078857421875,673.5999755859375,708.7000122070312,665.6500244140625,700.0,228659
2022-05-05,667.419677734375,671.7999877929688,697.7999877929688,665.2000122070312,684.0,189154
2022-05-06,645.2153930664062,649.4500122070312,666.1500244140625,646.0,658.75,230965
2022-05-09,643.1290893554688,647.3499755859375,660.0,630.0,647.9500122070312,131350
2022-05-10,641.4898681640625,645.7000122070312,664.9500122070312,641.0499877929688,647.0,126110
2022-05-11,621.5208740234375,625.5999755859375,656.4000244140625,615.25,654.0,203447
2022-05-12,623.70654296875,627.7999877929688,632.0,611.9500122070312,612.0,113855
2022-05-13,626.041259765625,630.1500244140625,654.0,625.2000122070312,640.0,177897
2022-05-16,641.1918334960938,645.4000244140625,648.0,626.0,643.0,133147
2022-05-17,648.2952270507812,652.5499877929688,659.0,647.6500244140625,659.0,86833
2022-05-18,646.6062622070312,650.8499755859375,672.0,647.6500244140625,665.0,147350
2022-05-19,635.3799438476562,639.5499877929688,650.0,620.0,643.4500122070312,112988
2022-05-20,630.76025390625,634.9000244140625,649.0999755859375,625.0,639.0,265469
2022-05-23,630.6112060546875,634.75,650.0,628.5,647.7000122070312,156705
2022-05-24,620.5771484375,624.6500244140625,642.4000244140625,621.9000244140625,637.7999877929688,131294
2022-05-25,618.043701171875,622.0999755859375,633.7999877929688,620.0,625.0,103224
2022-05-26,620.9744873046875,625.0499877929688,640.0,619.0,633.9500122070312,198705
2022-05-27,629.6674194335938,633.7999877929688,638.5,629.0,629.0,51933
2022-05-30,644.5199584960938,648.75,651.5999755859375,638.5,643.25,98210
2022-05-31,625.4451293945312,629.5499877929688,649.0,624.5,645.0,260821
2022-06-01,634.8335571289062,639.0,641.0,629.0999755859375,633.0,115190
2022-06-02,631.4556884765625,635.5999755859375,643.5499877929688,631.0,637.0499877929688,76518
2022-06-03,631.9027709960938,636.0499877929688,644.0,633.0999755859375,644.0,68523
2022-06-06,605.92333984375,609.9000244140625,635.9500122070312,608.4000244140625,631.0,339693
2022-06-07,610.7416381835938,614.75,618.0,603.0,609.9000244140625,223443
2022-06-08,598.3231201171875,602.25,616.9500122070312,597.5499877929688,616.9500122070312,343467
2022-06-09,599.863037109375,603.7999877929688,612.0,597.25,602.25,154748
2022-06-10,602.8931884765625,606.8499755859375,608.7000122070312,598.0,599.0,98294
2022-06-13,592.9086303710938,596.7999877929688,602.5499877929688,593.0,597.7999877929688,172600
2022-06-14,594.5479736328125,598.4500122070312,614.5,594.6500244140625,596.7999877929688,130946
2022-06-15,596.087890625,600.0,607.2999877929688,598.5999755859375,601.0499877929688,367521
2022-06-16,596.1375122070312,600.0499877929688,613.0,597.0,611.0,125035
2022-06-17,581.682373046875,585.5,602.0,582.5999755859375,602.0,134892
2022-06-20,549.1459350585938,552.75,589.75,549.2999877929688,589.75,240029
2022-06-21,559.7761840820312,563.4500122070312,572.9500122070312,559.0,559.0,95569
2022-06-22,563.9984741210938,567.7000122070312,573.0,558.25,565.0,73846
2022-06-23,564.793212890625,568.5,583.75,561.0999755859375,577.75,97788
2022-06-24,571.6482543945312,575.4000244140625,580.7000122070312,571.5999755859375,579.0,52337
2022-06-27,578.1058959960938,581.9000244140625,585.2999877929688,578.5999755859375,582.0999755859375,40361
2022-06-28,610.2946166992188,614.2999877929688,620.0,580.0,583.0,243796
2022-06-29,599.0186157226562,602.9500122070312,614.9500122070312,601.2999877929688,614.2999877929688,81450
2022-06-30,594.2499389648438,598.1500244140625,609.1500244140625,592.7999877929688,603.7999877929688,46383
2022-07-01,589.0838012695312,592.9500122070312,603.0,590.1500244140625,593.1500244140625,51385
2022-07-04,593.4551391601562,597.3499755859375,604.0,593.0,593.0,32036
2022-07-05,588.587158203125,592.4500122070312,602.7999877929688,590.0,602.0,54283
2022-07-06,593.7034912109375,597.5999755859375,599.7999877929688,591.25,594.5999755859375,32915
2022-07-07,595.1439819335938,599.0499877929688,606.5,597.0,599.5999755859375,51526
2022-07-08,591.0211181640625,594.9000244140625,604.7000122070312,593.5,604.7000122070312,66996
2022-07-11,584.6131591796875,588.4500122070312,594.6500244140625,581.6500244140625,594.4000244140625,326672
2022-07-12,586.9478149414062,590.7999877929688,597.5,586.5499877929688,589.5,104181
2022-07-13,588.9844360351562,592.8499755859375,598.0,587.5,594.7999877929688,262332
2022-07-14,589.2825317382812,593.1500244140625,597.5499877929688,588.9000244140625,596.7999877929688,42516
2022-07-15,593.30615234375,597.2000122070312,599.7000122070312,591.9000244140625,595.0,158793
2022-07-18,601.2539672851562,605.2000122070312,620.0,603.0,605.0,148180
2022-07-19,605.0787963867188,609.0499877929688,612.7000122070312,600.0,603.0,70155
2022-07-20,601.8997192382812,605.8499755859375,618.5499877929688,604.9000244140625,612.7999877929688,130132
2022-07-21,608.5560302734375,612.5499877929688,615.0,601.0499877929688,601.0499877929688,62913
2022-07-22,591.1204223632812,595.0,616.0,594.0,616.0,210142
2022-07-25,589.92822265625,593.7999877929688,594.7999877929688,589.0,593.0499877929688,308522
2022-07-26,585.85498046875,589.7000122070312,594.0,586.8499755859375,590.0999755859375,58246
2022-07-27,586.4014282226562,590.25,594.0,585.5,589.7000122070312,144080
2022-07-28,593.4053955078125,597.2999877929688,600.0,592.9500122070312,600.0,65570
2022-07-29,600.6578369140625,604.5999755859375,608.0,596.0,603.75,134596
2022-08-01,608.1089477539062,612.0999755859375,615.0,602.0,610.0,141278
2022-08-02,607.5625,611.5499877929688,618.9000244140625,607.0,614.9000244140625,248278
2022-08-03,604.8304443359375,608.7999877929688,613.1500244140625,605.0,611.0,61520
2022-08-04,601.1546020507812,605.0999755859375,616.75,598.5999755859375,611.9500122070312,109770
2022-08-05,629.3197631835938,633.4500122070312,643.5,607.4000244140625,607.9000244140625,717769
2022-08-08,631.058349609375,635.2000122070312,649.5999755859375,627.0499877929688,638.7000122070312,416884
2022-08-10,604.43310546875,608.4000244140625,611.7999877929688,592.0,603.0,835068
2022-08-11,596.9322509765625,600.8499755859375,624.5499877929688,596.0,624.0,364805
2022-08-12,595.9387817382812,599.8499755859375,605.7000122070312,597.7999877929688,605.0,141714
2022-08-16,593.4053955078125,597.2999877929688,602.4500122070312,595.0999755859375,602.4500122070312,166336
2022-08-17,594.2499389648438,598.1500244140625,601.9500122070312,596.0999755859375,599.9000244140625,120118
2022-08-18,594.3493041992188,598.25,602.4000244140625,595.5999755859375,597.0,155398
2022-08-19,586.3517456054688,590.2000122070312,601.9500122070312,590.0,600.9000244140625,356402
2022-08-22,582.2784423828125,586.0999755859375,592.9000244140625,584.0,588.0,137298
2022-08-23,581.682373046875,585.5,592.2999877929688,578.1500244140625,580.7999877929688,127642
2022-08-24,576.8142700195312,580.5999755859375,592.0,579.7000122070312,588.0,378907
2022-08-25,577.509765625,581.2999877929688,586.0999755859375,580.0,582.0,76993
2022-08-26,576.8142700195312,580.5999755859375,587.8499755859375,578.3499755859375,584.7000122070312,90564
2022-08-29,580.29150390625,584.0999755859375,587.0,560.0,563.0,100233
2022-08-30,583.4210205078125,587.25,594.9000244140625,584.5999755859375,588.0,176512
2022-09-01,585.1099243164062,588.9500122070312,593.5,584.0,584.9500122070312,72230
2022-09-02,589.1831665039062,593.0499877929688,602.0,586.0,586.0,177056
2022-09-05,592.3126220703125,596.2000122070312,601.4000244140625,594.1500244140625,599.0,101061
2022-09-06,592.8093872070312,596.7000122070312,599.7999877929688,594.0,599.7999877929688,63884
2022-09-07,592.6603393554688,596.5499877929688,598.0,592.2000122070312,595.0,67043
2022-09-08,596.3858642578125,600.2999877929688,608.0,599.0,599.9500122070312,120871
2022-09-09,597.428955078125,601.3499755859375,606.4500122070312,598.2000122070312,603.5499877929688,80502
2022-09-12,599.4656982421875,603.4000244140625,612.0,602.0,602.0,222778
2022-09-13,604.4994506835938,606.4500122070312,614.5,602.0999755859375,605.9500122070312,228816
2022-09-14,597.67138671875,599.5999755859375,605.9000244140625,596.0499877929688,597.0,108207
2022-09-15,600.1135864257812,602.0499877929688,606.75,600.0999755859375,600.0999755859375,91614
2022-09-16,593.6344604492188,595.5499877929688,608.0,591.0499877929688,603.0,186785
2022-09-19,582.8194580078125,584.7000122070312,599.7000122070312,584.0,595.0,139693
2022-09-20,585.4608154296875,587.3499755859375,595.75,585.1500244140625,587.2000122070312,83488
2022-09-21,592.0396728515625,593.9500122070312,597.0,587.3499755859375,590.9000244140625,108610
2022-09-22,588.3017578125,590.2000122070312,599.0,588.5,592.7999877929688,102650
2022-09-23,584.21484375,586.0999755859375,594.75,583.8499755859375,592.7999877929688,86501
2022-09-26,575.7421875,577.5999755859375,585.0,571.5,581.5999755859375,116938
2022-09-27,578.084716796875,579.9500122070312,585.0,575.0,580.0,85778
2022-09-28,580.4769287109375,582.3499755859375,591.9500122070312,574.6500244140625,578.5999755859375,94845
2022-09-29,576.34033203125,578.2000122070312,588.9500122070312,576.0,585.7999877929688,47310
2022-09-30,576.34033203125,578.2000122070312,583.5,575.0,575.0,51853
2022-10-03,579.3306884765625,581.2000122070312,585.4000244140625,574.0499877929688,577.5,99178
2022-10-04,584.1151733398438,586.0,593.6500244140625,580.9000244140625,587.2000122070312,92250
2022-10-06,582.8692016601562,584.75,591.0,583.2000122070312,589.0,61623
2022-10-07,579.4801025390625,581.3499755859375,587.9500122070312,579.5,584.75,102494
2022-10-10,577.8853149414062,579.75,582.0,575.0,576.0999755859375,52606
2022-10-11,574.1972045898438,576.0499877929688,582.7999877929688,574.7000122070312,581.7999877929688,86362
2022-10-12,576.2406005859375,578.0999755859375,579.7999877929688,573.0,578.0,63269
2022-10-13,576.041259765625,577.9000244140625,581.8499755859375,575.0,576.0,44245
2022-10-14,575.8917236328125,577.75,585.9000244140625,576.0999755859375,584.4500122070312,99346
2022-10-17,568.3660278320312,570.2000122070312,579.8499755859375,567.0999755859375,577.0,72472
2022-10-18,565.2759399414062,567.0999755859375,573.8499755859375,560.0,572.0,124293
2022-10-19,569.661865234375,571.5,578.0999755859375,559.0499877929688,568.0,193137
2022-10-20,566.5219116210938,568.3499755859375,571.7000122070312,565.0,569.0,78701
2022-10-21,563.68115234375,565.5,571.6500244140625,561.0999755859375,568.5,58824
2022-10-24,562.8339233398438,564.6500244140625,569.7999877929688,563.0,565.0999755859375,53165
2022-10-25,550.32421875,552.0999755859375,565.9500122070312,551.25,565.5,173890
2022-10-27,525.9030151367188,527.5999755859375,556.9000244140625,523.7000122070312,552.0999755859375,323411
2022-10-28,515.337158203125,517.0,527.5999755859375,513.1500244140625,527.5999755859375,198867
2022-10-31,526.5010986328125,528.2000122070312,531.5,517.8499755859375,519.0,262015
2022-11-01,547.0348510742188,548.7999877929688,554.2999877929688,528.7000122070312,528.7000122070312,396122
2022-11-02,552.6168823242188,554.4000244140625,557.4000244140625,546.2000122070312,549.9500122070312,155306
2022-11-03,551.669921875,553.4500122070312,558.4000244140625,551.2999877929688,552.9000244140625,91021
2022-11-04,553.7133178710938,555.5,560.0,551.9500122070312,552.0,67964
2022-11-07,562.4351806640625,564.25,568.0,555.4500122070312,558.2999877929688,121656
2022-11-09,565.7743530273438,567.5999755859375,569.0,560.9500122070312,565.0,123225
2022-11-10,571.2566528320312,573.0999755859375,585.0,510.0,526.0,613898
2022-11-11,570.2598876953125,572.0999755859375,582.75,564.0,580.0,189025
2022-11-14,563.0831298828125,564.9000244140625,569.0,561.75,569.0,86668
2022-11-15,549.1779174804688,550.9500122070312,567.9000244140625,548.5999755859375,564.9500122070312,236333
2022-11-16,563.7310180664062,565.5499877929688,569.9000244140625,551.2999877929688,552.4500122070312,165022
2022-11-17,574.645751953125,576.5,577.9000244140625,559.0499877929688,564.0,145439
2022-11-18,566.870849609375,568.7000122070312,580.5999755859375,560.0,577.0,98944
2022-11-21,550.5236206054688,552.2999877929688,565.6500244140625,550.5,563.0499877929688,67468
2022-11-22,547.0348510742188,548.7999877929688,557.9500122070312,543.3499755859375,553.4500122070312,58556
2022-11-23,547.9818115234375,549.75,553.2999877929688,545.0,549.1500244140625,92759
2022-11-24,548.4303588867188,550.2000122070312,552.8499755859375,547.0499877929688,551.5499877929688,85989
2022-11-25,547.0348510742188,548.7999877929688,553.0,544.3499755859375,553.0,38484
2022-11-28,556.0059204101562,557.7999877929688,562.0,547.0999755859375,550.8499755859375,87258
2022-11-29,554.909423828125,556.7000122070312,565.0,555.8499755859375,556.25,47832
2022-11-30,553.6634521484375,555.4500122070312,562.6500244140625,551.7000122070312,558.7000122070312,44390
2022-12-01,560.89013671875,562.7000122070312,569.5,556.9000244140625,558.4000244140625,92600
2022-12-02,595.9769287109375,597.9000244140625,601.9500122070312,563.5,565.7000122070312,851629
2022-12-05,621.2952270507812,623.2999877929688,629.9000244140625,601.0999755859375,601.0999755859375,1180731
2022-12-06,630.0669555664062,632.0999755859375,640.0,608.5499877929688,624.4500122070312,608132
2022-12-07,617.1087646484375,619.0999755859375,631.0499877929688,615.0,627.9500122070312,291145
2022-12-08,616.7100830078125,618.7000122070312,630.0,603.0,614.0,303685
2022-12-09,613.9689331054688,615.9500122070312,624.8499755859375,613.0,620.0,151859
2022-12-12,613.1216430664062,615.0999755859375,618.3499755859375,603.0,611.0,149568
2022-12-13,618.2052612304688,620.2000122070312,629.0,615.0,618.5,157456
2022-12-14,618.6537475585938,620.6500244140625,624.2000122070312,615.0,620.2000122070312,134901
2022-12-15,617.1585693359375,619.1500244140625,627.8499755859375,612.9500122070312,623.8499755859375,107388
2022-12-16,626.2293090820312,628.25,634.9000244140625,607.0499877929688,618.0,331133
2022-12-19,612.4238891601562,614.4000244140625,630.0,610.25,628.0999755859375,292664
2022-12-20,600.9109497070312,602.8499755859375,616.0,601.5,612.4000244140625,134766
2022-12-21,578.4833374023438,580.3499755859375,607.0,575.0,602.7999877929688,226305
2022-12-22,569.36279296875,571.2000122070312,603.0,553.25,582.0,173765
2022-12-23,550.4238891601562,552.2000122070312,567.0999755859375,545.0,567.0999755859375,157170
2022-12-26,567.1200561523438,568.9500122070312,577.4500122070312,545.0,552.1500244140625,122288
2022-12-27,567.4190673828125,569.25,586.7000122070312,564.0,579.0,254644
2022-12-28,579.7293090820312,581.5999755859375,584.5,567.0999755859375,574.9500122070312,129861
2022-12-29,593.43505859375,595.3499755859375,600.0,574.5999755859375,576.2999877929688,120561
2022-12-30,594.3322143554688,596.25,604.0,584.2000122070312,596.2000122070312,119485
2023-01-02,590.4447631835938,592.3499755859375,601.5499877929688,588.4500122070312,592.0999755859375,92128
2023-01-03,596.0765991210938,598.0,601.1500244140625,587.4000244140625,588.0499877929688,84091
2023-01-04,584.4142456054688,586.2999877929688,599.9500122070312,585.0,598.3499755859375,61195
2023-01-05,588.1521606445312,590.0499877929688,599.0,582.2000122070312,585.9500122070312,92362
2023-01-06,591.2921142578125,593.2000122070312,598.0999755859375,590.4500122070312,590.7999877929688,110297
2023-01-09,594.6312866210938,596.5499877929688,605.1500244140625,591.25,605.1500244140625,67476
2023-01-10,589.2985229492188,591.2000122070312,600.3499755859375,588.1500244140625,596.5499877929688,63938
2023-01-11,580.72607421875,582.5999755859375,593.3499755859375,580.0,588.0,28393
2023-01-12,574.6956176757812,576.5499877929688,585.7999877929688,572.5999755859375,584.0,43939
2023-01-13,589.4479370117188,591.3499755859375,597.2000122070312,576.5499877929688,576.5499877929688,77855
2023-01-16,586.3081665039062,588.2000122070312,593.4000244140625,585.0,592.75,41013
2023-01-17,580.62646484375,582.5,589.0999755859375,580.0,588.0,33746
2023-01-18,589.6971435546875,591.5999755859375,593.5,580.5,585.5999755859375,52872
2023-01-19,588.4013671875,590.2999877929688,598.0,586.25,591.0499877929688,44887
2023-01-20,588.6007080078125,590.5,598.0,586.9500122070312,590.25,48601
2023-01-23,599.8145141601562,601.75,609.5,589.1500244140625,589.1500244140625,253378
2023-01-24,598.0203857421875,599.9500122070312,607.7999877929688,597.6500244140625,603.0,53709
2023-01-25,596.2760009765625,598.2000122070312,601.9500122070312,594.0999755859375,601.9500122070312,66015
2023-01-27,601.75830078125,603.7000122070312,606.0999755859375,590.0999755859375,596.3499755859375,133796
2023-01-30,602.854736328125,604.7999877929688,615.0,600.0499877929688,605.0,87228
2023-01-31,620.6972045898438,622.7000122070312,627.0,599.7999877929688,607.75,165820
2023-02-01,609.0846557617188,611.0499877929688,632.6500244140625,601.7999877929688,624.9000244140625,149349
2023-02-02,612.2743530273438,614.25,627.0,605.5,606.0,87810
2023-02-03,614.4174194335938,616.4000244140625,621.7000122070312,606.25,614.0,91044
2023-02-06,608.9351196289062,610.9000244140625,618.9500122070312,606.0499877929688,610.8499755859375,106093
2023-02-07,609.9319458007812,611.9000244140625,617.0,609.0999755859375,610.0,47521
2023-02-08,611.1280517578125,613.0999755859375,622.25,600.0499877929688,602.0,203350
2023-02-09,593.33544921875,595.25,615.7999877929688,585.1500244140625,610.0,115202
2023-02-10,572.3531494140625,574.2000122070312,599.9500122070312,570.0,596.0,188287
2023-02-13,577.2872924804688,579.1500244140625,584.7999877929688,560.6500244140625,584.7999877929688,125464
2023-02-14,574.8451538085938,576.7000122070312,582.2000122070312,572.0,582.2000122070312,42767
2023-02-15,573.4496459960938,575.2999877929688,581.9000244140625,573.0,578.9500122070312,59935
2023-02-16,578.6827392578125,580.5499877929688,583.5,576.1500244140625,576.5,49461
2023-02-17,571.9544677734375,573.7999877929688,605.0,568.0,580.0,1221644
2023-02-20,573.8483276367188,575.7000122070312,582.4500122070312,572.4500122070312,575.0,94076
2023-02-21,572.3033447265625,574.1500244140625,580.2000122070312,572.3499755859375,576.0,40363
2023-02-22,570.309814453125,572.1500244140625,574.8499755859375,567.25,570.0,146979
2023-02-23,562.4351806640625,564.25,574.4000244140625,562.5,571.4500122070312,159429
2023-02-24,556.7535400390625,558.5499877929688,573.5499877929688,556.5499877929688,564.0,56996
2023-02-27,548.579833984375,550.3499755859375,559.8499755859375,548.0,558.5499877929688,61768
2023-02-28,550.673095703125,552.4500122070312,571.2999877929688,545.0,553.2000122070312,116106
2023-03-01,564.0798950195312,565.9000244140625,568.25,552.4500122070312,552.4500122070312,66895
2023-03-02,585.1119995117188,587.0,598.2000122070312,566.0,566.5999755859375,306072
2023-03-03,574.546142578125,576.4000244140625,589.7000122070312,573.25,587.9000244140625,100068
2023-03-06,573.947998046875,575.7999877929688,583.75,575.0,576.9500122070312,58259
2023-03-08,593.33544921875,595.25,598.3499755859375,573.2000122070312,575.0,194960
2023-03-09,589.2486572265625,591.1500244140625,598.9000244140625,588.0,592.4500122070312,69915
2023-03-10,584.1650390625,586.0499877929688,597.2000122070312,580.0,588.0,58440
2023-03-13,577.78564453125,579.6500244140625,584.5999755859375,575.0,581.0499877929688,45604
2023-03-14,573.8483276367188,575.7000122070312,587.0,572.5,579.5999755859375,59185
2023-03-15,565.6746826171875,567.5,584.3499755859375,564.5,578.7000122070312,42082
2023-03-16,572.9512329101562,574.7999877929688,581.4500122070312,564.0,565.0,90936
2023-03-17,572.8515625,574.7000122070312,579.0,570.0,576.0,39973
2023-03-20,580.5267944335938,582.4000244140625,592.3499755859375,565.0,565.0,125342
2023-03-21,578.9817504882812,580.8499755859375,589.5,577.25,585.5,43300
2023-03-22,576.4400024414062,578.2999877929688,584.0,577.2999877929688,580.7999877929688,24201
2023-03-23,571.9544677734375,573.7999877929688,581.0999755859375,570.0,577.75,50808
2023-03-24,562.0863037109375,563.9000244140625,576.6500244140625,561.0,572.0,37497
2023-03-27,548.4303588867188,550.2000122070312,566.9000244140625,549.0,565.2000122070312,74842
2023-03-28,535.3226318359375,537.0499877929688,551.9500122070312,535.2999877929688,550.2000122070312,59140
2023-03-29,538.6119995117188,540.3499755859375,542.4000244140625,533.0499877929688,537.0499877929688,76687
2023-03-31,540.755126953125,542.5,551.0,541.0,541.9500122070312,59245
2023-04-03,553.1152954101562,554.9000244140625,558.0,546.7000122070312,549.5,42672
2023-04-05,569.1135864257812,570.9500122070312,579.0,559.0,563.2000122070312,146105
2023-04-06,564.4785766601562,566.2999877929688,573.9500122070312,565.0999755859375,570.9500122070312,53708
2023-04-10,560.491455078125,562.2999877929688,568.8499755859375,557.0,566.25,60143
2023-04-11,585.1119995117188,587.0,589.7999877929688,563.25,567.9000244140625,202012
2023-04-12,586.5075073242188,588.4000244140625,625.0,584.3499755859375,594.7000122070312,1678865
2023-04-13,589.5975341796875,591.5,595.6500244140625,585.0,593.0,113127
2023-04-17,591.2921142578125,593.2000122070312,599.5999755859375,581.0,587.0,107806
2023-04-18,590.3450927734375,592.25,598.4500122070312,589.3499755859375,589.3499755859375,61055
2023-04-19,588.7003784179688,590.5999755859375,598.0,587.0,592.25,60814
2023-04-20,588.5509033203125,590.4500122070312,596.4000244140625,587.0999755859375,591.0,85850
2023-04-21,588.7003784179688,590.5999755859375,594.7999877929688,582.6500244140625,585.2999877929688,45888
2023-04-24,592.5380859375,594.4500122070312,598.0,583.75,595.2999877929688,97203
2023-04-25,585.5107421875,587.4000244140625,599.0,585.0999755859375,598.0,44501
2023-04-26,599.415771484375,601.3499755859375,607.2000122070312,584.2000122070312,590.5,119028
2023-04-27,595.6778564453125,597.5999755859375,602.9500122070312,595.25,601.0999755859375,41653
2023-04-28,589.6473388671875,591.5499877929688,603.5499877929688,584.75,603.5499877929688,96126
2023-05-02,602.7550659179688,604.7000122070312,606.0,590.8499755859375,594.7000122070312,127923
2023-05-03,604.3499145507812,606.2999877929688,610.9000244140625,602.0,604.8499755859375,101728
2023-05-04,604.59912109375,606.5499877929688,612.0,603.0,606.2999877929688,72302
2023-05-05,602.9046020507812,604.8499755859375,610.7000122070312,600.1500244140625,606.5499877929688,63567
2023-05-08,607.4898071289062,609.4500122070312,613.25,602.0499877929688,604.9500122070312,111440
2023-05-09,605.3965454101562,607.3499755859375,617.0,603.9000244140625,603.9000244140625,69795
2023-05-10,604.5492553710938,606.5,609.9500122070312,603.2000122070312,607.3499755859375,50941
2023-05-11,603.15380859375,605.0999755859375,611.5499877929688,604.5,608.0,45660
2023-05-12,598.0203857421875,599.9500122070312,607.9500122070312,596.9000244140625,607.9500122070312,101074
2023-05-15,598.0203857421875,599.9500122070312,607.0,593.2999877929688,593.2999877929688,44033
2023-05-16,595.3289794921875,597.25,615.9000244140625,593.3499755859375,600.9500122070312,191498
2023-05-17,586.3081665039062,588.2000122070312,608.5999755859375,583.0,599.5,198444
2023-05-18,578.7325439453125,580.5999755859375,598.9000244140625,579.0,597.0,120984
2023-05-19,570.409423828125,572.25,589.4000244140625,564.5999755859375,583.7000122070312,183886
2023-05-22,592.2888793945312,594.2000122070312,604.8499755859375,571.0499877929688,572.0,321894
2023-05-23,582.6698608398438,584.5499877929688,597.9500122070312,583.0,597.2999877929688,93412
2023-05-24,578.782470703125,580.6500244140625,587.5499877929688,578.6500244140625,585.6500244140625,63056
2023-05-25,583.6666870117188,585.5499877929688,592.0,578.0999755859375,583.9500122070312,99414
2023-05-26,608.3370361328125,610.2999877929688,624.9000244140625,605.0,611.1500244140625,1505510
2023-05-29,635.2501831054688,637.2999877929688,663.4000244140625,612.5,612.5,3253882
2023-05-30,630.9142456054688,632.9500122070312,652.0,630.0,641.0,575938
2023-05-31,628.5219116210938,630.5499877929688,642.5999755859375,617.5499877929688,635.0,285519
2023-06-01,636.8948974609375,638.9500122070312,642.3499755859375,632.0,632.0999755859375,191899
2023-06-02,636.4463500976562,638.5,657.7999877929688,634.0999755859375,645.0,554631
2023-06-05,634.3032836914062,636.3499755859375,655.0,633.0,642.7000122070312,152701
2023-06-06,635.2003784179688,637.25,640.0999755859375,628.7999877929688,636.3499755859375,137281
2023-06-07,648.756591796875,650.8499755859375,656.0,632.7999877929688,637.4000244140625,353847
2023-06-08,643.6730346679688,645.75,658.3499755859375,637.4000244140625,653.0,210847
2023-06-09,646.1151733398438,648.2000122070312,653.7000122070312,644.0,646.0,188831
2023-06-12,652.3948974609375,654.5,675.2999877929688,650.0499877929688,650.0499877929688,771982
2023-06-13,645.0685424804688,647.1500244140625,662.9000244140625,643.0,657.5,176885
2023-06-14,657.9768676757812,660.0999755859375,667.0,649.0999755859375,650.5999755859375,226518
2023-06-15,652.245361328125,654.3499755859375,660.25,652.0,660.0,124495
2023-06-16,658.6248168945312,660.75,669.8499755859375,655.0,655.9500122070312,559997
2023-06-19,669.6392211914062,671.7999877929688,695.7000122070312,663.0499877929688,664.0,781331
2023-06-20,662.3627319335938,664.5,669.9000244140625,661.0,665.0,141619
2023-06-21,661.8145141601562,663.9500122070312,669.75,661.25,665.0,364808
2023-06-22,655.4849243164062,657.5999755859375,674.0499877929688,655.6500244140625,668.0,148383
2023-06-23,638.2405395507812,640.2999877929688,663.0,637.0999755859375,660.5499877929688,125321
2023-06-26,640.6328735351562,642.7000122070312,652.0999755859375,640.0,640.2999877929688,115753
2023-06-27,662.8611450195312,665.0,668.6500244140625,643.9500122070312,644.0,304619
2023-06-28,659.2727661132812,661.4000244140625,671.0,659.5499877929688,669.0,355721
2023-06-30,669.0910034179688,671.25,678.2999877929688,662.1500244140625,664.9000244140625,595811
2023-07-03,661.5155029296875,663.6500244140625,676.9500122070312,661.3499755859375,674.9500122070312,131241
2023-07-04,655.036376953125,657.1500244140625,670.6500244140625,654.9500122070312,666.9000244140625,573431
2023-07-05,647.5604858398438,649.6500244140625,662.0,645.25,660.4500122070312,107916
2023-07-06,645.865966796875,647.9500122070312,658.0,645.5999755859375,652.9000244140625,94301
2023-07-07,640.7823486328125,642.8499755859375,652.0999755859375,633.0,649.5999755859375,213746
2023-07-10,642.0283203125,644.0999755859375,650.7999877929688,636.0999755859375,643.0,131259
2023-07-11,636.3965454101562,638.4500122070312,647.4500122070312,631.0,647.4500122070312,110558
2023-07-12,631.8611450195312,633.9000244140625,643.5499877929688,631.5,641.7999877929688,90866
2023-07-13,631.4624633789062,633.5,641.8499755859375,631.0,637.1500244140625,81655
2023-07-14,626.5283203125,628.5499877929688,638.2999877929688,627.0,635.0,81321
2023-07-17,626.1795043945312,628.2000122070312,641.0,625.0499877929688,632.9500122070312,131114
2023-07-18,621.9431762695312,623.9500122070312,638.0,621.0999755859375,629.5,135597
2023-07-19,628.3724365234375,630.4000244140625,632.0,625.0999755859375,625.0999755859375,77689
2023-07-20,631.9110107421875,633.9500122070312,644.7999877929688,630.9500122070312,637.0,218360
2023-07-21,629.618408203125,631.6500244140625,637.0,625.0,637.0,524104
2023-07-24,627.9736328125,630.0,641.0499877929688,627.7000122070312,631.0999755859375,159204
2023-07-25,643.2244262695312,645.2999877929688,648.2999877929688,629.5499877929688,631.0499877929688,200654
2023-07-26,637.1939697265625,639.25,648.4000244140625,638.0,648.4000244140625,85009
2023-07-27,641.28076171875,643.3499755859375,645.5,638.6500244140625,643.0999755859375,412997
2023-07-28,658.0267333984375,660.1500244140625,661.9500122070312,643.0499877929688,644.9500122070312,240896
2023-07-31,653.0926513671875,655.2000122070312,669.75,651.2000122070312,667.75,170939
2023-08-01,648.1585693359375,650.25,663.7000122070312,648.0,658.5499877929688,691929
2023-08-02,657.0299072265625,659.1500244140625,661.9500122070312,648.0,651.0,186231
2023-08-03,659.3723754882812,661.5,670.0,655.0,659.1500244140625,125123
2023-08-04,659.322509765625,661.4500122070312,667.9500122070312,658.6500244140625,662.0,93925
2023-08-07,675.3209228515625,677.5,683.0,662.0,662.0,312837
2023-08-08,681.9993286132812,684.2000122070312,686.25,675.7999877929688,681.0,185972
2023-08-09,678.8594360351562,681.0499877929688,686.7000122070312,673.0499877929688,686.7000122070312,126435
2023-08-10,704.377197265625,706.6500244140625,723.6500244140625,678.5,680.2999877929688,1414968
2023-08-11,687.6810913085938,689.9000244140625,708.7999877929688,652.0,691.9500122070312,1089288
2023-08-14,674.822509765625,677.0,685.0,661.0,680.0,286930
2023-08-16,680.5042114257812,682.7000122070312,689.4500122070312,670.9500122070312,679.9500122070312,112758
2023-08-17,677.8626708984375,680.0499877929688,690.0,675.0999755859375,687.0,154856
2023-08-18,680.4044799804688,682.5999755859375,686.9000244140625,664.1500244140625,680.0,133605
2023-08-21,687.2823486328125,689.5,694.9500122070312,678.0,678.0,122511
2023-08-22,689.9736328125,692.2000122070312,700.5,688.5499877929688,693.4500122070312,180059
2023-08-23,690.8209228515625,693.0499877929688,700.5,686.0,695.7999877929688,137600
2023-08-24,682.7968139648438,685.0,696.75,680.9000244140625,695.0,92600
2023-08-25,693.6118774414062,695.8499755859375,710.0,675.0499877929688,689.0,459216
2023-08-28,691.3690795898438,693.5999755859375,700.0499877929688,691.1500244140625,697.0,106417
2023-08-29,688.1295776367188,690.3499755859375,696.25,686.2999877929688,693.5999755859375,89243
2023-08-30,709.361083984375,711.6500244140625,714.0,692.2000122070312,693.9500122070312,501692
2023-08-31,714.1456298828125,716.4500122070312,718.9500122070312,708.0,717.9500122070312,207298
2023-09-01,725.0604248046875,727.4000244140625,730.8499755859375,716.9000244140625,718.0,325275
2023-09-04,722.070068359375,724.4000244140625,740.0,715.0,740.0,183182
2023-09-05,720.3257446289062,722.6500244140625,739.0,720.0499877929688,734.9500122070312,204004
2023-09-06,713.4977416992188,715.7999877929688,725.3499755859375,712.1500244140625,722.6500244140625,189548
2023-09-07,712.1520385742188,714.4500122070312,719.5499877929688,710.0999755859375,715.75,98211
2023-09-08,730.4430541992188,732.7999877929688,739.4500122070312,714.4500122070312,714.4500122070312,249782
2023-09-11,739.6632690429688,742.0499877929688,747.0499877929688,724.0999755859375,739.8499755859375,241002
2023-09-12,740.9590454101562,743.3499755859375,748.5499877929688,711.5499877929688,745.0,430303
2023-09-13,749.1825561523438,751.5999755859375,760.0,736.3499755859375,743.0,255863
2023-09-14,735.4269409179688,737.7999877929688,755.0,731.2000122070312,752.0,230191
2023-09-15,718.5813598632812,720.9000244140625,753.8499755859375,712.0,737.7999877929688,188046
2023-09-18,717.0362548828125,719.3499755859375,731.1500244140625,715.5,723.5499877929688,555046
2023-09-20,704.6264038085938,706.9000244140625,723.0499877929688,703.9500122070312,717.5499877929688,83333
2023-09-21,693.0636596679688,695.2999877929688,712.5,692.0,710.5999755859375,66777
2023-09-22,690.4719848632812,692.7000122070312,700.9500122070312,685.2999877929688,695.3499755859375,112184
2023-09-25,697.9977416992188,700.25,704.0499877929688,688.25,692.75,78000
2023-09-26,704.2774658203125,706.5499877929688,724.4500122070312,702.0499877929688,703.9000244140625,178984
2023-09-27,699.1441040039062,701.4000244140625,715.6500244140625,698.0999755859375,712.0,81852
2023-09-28,694.6585693359375,696.9000244140625,709.0,691.1500244140625,705.0999755859375,64416
2023-09-29,696.5025634765625,698.75,709.4500122070312,695.0,700.5999755859375,85215
2023-10-03,691.2196044921875,693.4500122070312,704.5499877929688,690.1500244140625,700.0,94025
2023-10-04,677.1151123046875,679.2999877929688,697.9500122070312,675.7000122070312,687.1500244140625,271875
2023-10-05,668.3434448242188,670.5,688.3499755859375,667.9500122070312,678.0,130624
2023-10-06,666.2003173828125,668.3499755859375,678.8499755859375,667.0499877929688,670.5499877929688,75332
2023-10-09,657.5781860351562,659.7000122070312,666.9500122070312,650.4500122070312,666.9500122070312,64771
2023-10-10,656.9801025390625,659.0999755859375,669.9000244140625,654.0,668.9500122070312,74309
2023-10-11,670.2871704101562,672.4500122070312,674.75,664.2999877929688,665.0,96638
2023-10-12,673.5765380859375,675.75,679.9500122070312,665.0499877929688,674.9500122070312,102349
2023-10-13,666.1006469726562,668.25,679.0,666.0,675.0,51774
2023-10-16,677.8128662109375,680.0,685.0,669.25,671.75,196135
2023-10-17,684.1923217773438,686.4000244140625,691.25,681.0499877929688,682.0,64624
2023-10-18,699.9913330078125,702.25,738.4500122070312,686.8499755859375,690.0,1135678
2023-10-19,695.5057983398438,697.75,712.0,692.8499755859375,703.0,260967
2023-10-20,688.1295776367188,690.3499755859375,706.3499755859375,687.2999877929688,697.0,226340
2023-10-23,648.2083740234375,650.2999877929688,694.4500122070312,645.0,690.3499755859375,205354
2023-10-25,628.272705078125,630.2999877929688,656.6500244140625,628.1500244140625,650.2999877929688,156223
2023-10-26,634.7020263671875,636.75,650.2999877929688,613.2999877929688,625.0,114049
2023-10-27,634.5026245117188,636.5499877929688,645.2000122070312,633.4500122070312,636.2000122070312,68781
2023-10-30,631.6618041992188,633.7000122070312,642.0999755859375,630.5499877929688,636.5499877929688,43328
2023-10-31,628.2228393554688,630.25,655.0,625.2000122070312,637.0,203408
2023-11-01,620.7470092773438,622.75,638.5,618.0,630.25,189923
2023-11-02,621.245361328125,623.25,635.0,620.9000244140625,627.7999877929688,77097
2023-11-03,622.591064453125,624.5999755859375,632.1500244140625,621.6500244140625,629.7999877929688,73936
2023-11-06,616.4110107421875,618.4000244140625,624.5999755859375,614.0499877929688,619.9000244140625,210582
2023-11-07,623.1891479492188,625.2000122070312,633.7000122070312,617.0,617.0,223531
2023-11-08,718.2822265625,720.5999755859375,750.2000122070312,660.0,684.7999877929688,11852020
2023-11-09,708.1151123046875,710.4000244140625,732.0,705.0,729.0,1432005
2023-11-10,710.1585083007812,712.4500122070312,724.6500244140625,694.7000122070312,708.7999877929688,730768
2023-11-13,704.7260131835938,707.0,726.9000244140625,700.0,726.9000244140625,216910
2023-11-15,690.5218505859375,692.75,713.8499755859375,690.0,713.0,255104
2023-11-16,686.6343994140625,688.8499755859375,703.8499755859375,686.0999755859375,696.7999877929688,175422
2023-11-17,692.5653076171875,694.7999877929688,712.0,690.0,690.0,363272
2023-11-20,689.6746215820312,691.9000244140625,709.0,688.4000244140625,699.0,154709
2023-11-21,691.668212890625,693.9000244140625,703.1500244140625,691.5999755859375,693.7000122070312,119860
2023-11-22,682.647216796875,684.8499755859375,698.8499755859375,681.2000122070312,697.0,121480
2023-11-23,674.5234985351562,676.7000122070312,691.4500122070312,674.0,687.0,100240
2023-11-24,672.9285888671875,675.0999755859375,684.7000122070312,673.5499877929688,677.9500122070312,86527
2023-11-28,689.574951171875,691.7999877929688,696.0,675.0999755859375,680.75,172467
2023-11-29,683.8433837890625,686.0499877929688,697.4000244140625,678.0,697.4000244140625,223376
2023-11-30,686.883544921875,689.0999755859375,693.9500122070312,680.3499755859375,688.0,354922
2023-12-01,685.3883666992188,687.5999755859375,695.0,686.0,686.0999755859375,204359
2023-12-04,713.9462890625,716.25,724.5,694.25,694.7000122070312,803950
2023-12-05,711.10546875,713.4000244140625,723.2000122070312,708.5499877929688,718.0,197811
2023-12-06,706.0218505859375,708.2999877929688,716.5,702.5999755859375,713.4000244140625,286781
2023-12-07,699.3433837890625,701.5999755859375,712.1500244140625,698.0,710.7999877929688,170447
2023-12-08,686.7340698242188,688.9500122070312,706.2000122070312,680.0,702.0,269129
2023-12-11,707.8160400390625,710.0999755859375,713.1500244140625,675.5499877929688,675.5499877929688,362144
2023-12-12,707.5668334960938,709.8499755859375,715.9500122070312,702.4000244140625,710.6500244140625,227457
2023-12-13,701.2373046875,703.5,713.25,700.0,711.5999755859375,98581
2023-12-14,700.3900756835938,702.6500244140625,708.2999877929688,700.0,707.0,65213
2023-12-15,702.8820190429688,705.1500244140625,720.9000244140625,702.0,704.5999755859375,211040
2023-12-18,748.3352661132812,750.75,770.0,707.9000244140625,707.9500122070312,1782218
2023-12-19,735.4269409179688,737.7999877929688,760.5999755859375,735.0,753.0999755859375,327469
2023-12-20,696.1038208007812,698.3499755859375,748.2999877929688,688.0,737.7999877929688,382615
2023-12-21,723.7645263671875,726.0999755859375,730.0,695.0,698.6500244140625,350781
2023-12-22,732.2371826171875,734.5999755859375,739.4500122070312,720.1500244140625,720.1500244140625,171589
2023-12-26,736.1246948242188,738.5,745.5,733.1500244140625,736.7999877929688,197626
2023-12-27,729.5958251953125,731.9500122070312,746.9500122070312,728.2999877929688,745.7000122070312,131939
2023-12-28,737.1214599609375,739.5,744.0,728.6500244140625,731.9500122070312,132970
2023-12-29,740.3610229492188,742.75,751.2999877929688,732.25,738.2999877929688,169706
2024-01-01,749.1825561523438,751.5999755859375,758.6500244140625,734.0499877929688,747.0,364598
2024-01-02,747.9864501953125,750.4000244140625,756.2000122070312,740.0,750.0,203936
2024-01-03,734.8289184570312,737.2000122070312,748.0,736.0,748.0,122745
2024-01-04,757.5057373046875,759.9500122070312,767.9000244140625,738.7000122070312,740.8499755859375,365775
2024-01-05,740.9590454101562,743.3499755859375,776.0,740.0,769.9000244140625,336714
2024-01-08,731.2404174804688,733.5999755859375,752.0,718.0499877929688,746.6500244140625,513641
2024-01-09,726.6552734375,729.0,744.25,726.0999755859375,738.0,119770
2024-01-10,726.6552734375,729.0,748.7000122070312,721.5499877929688,730.0,129102
2024-01-11,728.2999877929688,730.6500244140625,737.0,724.0,733.0,89273
2024-01-12,720.1264038085938,722.4500122070312,737.2999877929688,721.0,735.0,211136
2024-01-15,712.7003173828125,715.0,729.2000122070312,712.7000122070312,725.9500122070312,119519
2024-01-16,709.5106201171875,711.7999877929688,721.5999755859375,707.0,714.5,82823
2024-01-17,701.6858520507812,703.9500122070312,714.9000244140625,701.4500122070312,709.9500122070312,178590
2024-01-18,696.6022338867188,698.8499755859375,706.0,682.0,700.0,113306
2024-01-19,693.1134643554688,695.3499755859375,709.5,692.0,701.2000122070312,135075
2024-01-23,675.1215209960938,677.2999877929688,703.0,675.0,698.0,130998
2024-01-24,682.9961547851562,685.2000122070312,688.9000244140625,670.0499877929688,677.0,63889
2024-01-25,686.9832763671875,689.2000122070312,691.9000244140625,681.0,687.2999877929688,131781
2024-01-29,703.4800415039062,705.75,711.3499755859375,686.0499877929688,691.0,132095
2024-01-30,696.6022338867188,698.8499755859375,716.25,692.3499755859375,715.0,100499
2024-01-31,708.3143920898438,710.5999755859375,712.0,694.8499755859375,697.4000244140625,108203
2024-02-01,699.8916625976562,702.1500244140625,710.5499877929688,698.25,710.5499877929688,70292
2024-02-02,698.8948974609375,701.1500244140625,709.6500244140625,699.25,707.0,92095
2024-02-05,721.5717163085938,723.9000244140625,729.8499755859375,698.3499755859375,701.4000244140625,242666
2024-02-06,671.3836059570312,673.5499877929688,689.9500122070312,666.0999755859375,685.0,951137
2024-02-07,644.3707885742188,646.4500122070312,686.0,643.5,679.9500122070312,925088
2024-02-08,654.338623046875,656.4500122070312,660.9500122070312,647.0,647.0,204945
2024-02-09,633.3563232421875,635.4000244140625,660.25,632.7000122070312,660.0,198191
2024-02-12,617.656982421875,619.6500244140625,652.0,617.0,647.0,214184
2024-02-13,593.7840576171875,595.7000122070312,623.0,592.0,623.0,432744
2024-02-14,586.656982421875,588.5499877929688,603.7000122070312,583.5999755859375,585.0,204034
2024-02-15,596.475341796875,598.4000244140625,602.75,587.0,596.1500244140625,182120
2024-02-16,592.5380859375,594.4500122070312,603.9500122070312,592.5999755859375,601.0,138870
2024-02-19,591.9898071289062,593.9000244140625,600.4500122070312,588.0499877929688,600.4500122070312,144781
2024-02-20,588.7503051757812,590.6500244140625,598.2000122070312,589.1500244140625,598.2000122070312,136446
2024-02-21,587.0059204101562,588.9000244140625,596.9000244140625,588.0,590.0499877929688,131733
2024-02-22,583.9158325195312,585.7999877929688,594.0499877929688,584.4000244140625,589.8499755859375,114195
2024-02-23,585.6103515625,587.5,594.3499755859375,585.2999877929688,590.0,119365
2024-02-26,580.7760009765625,582.6500244140625,591.9500122070312,578.5999755859375,590.0,100149
2024-02-27,589.4978637695312,591.4000244140625,595.0,582.7000122070312,584.5,116474
2024-02-28,579.5798950195312,581.4500122070312,596.0,580.0,596.0,199433
2024-02-29,571.6055297851562,573.4500122070312,584.4000244140625,572.0,578.5999755859375,128012
2024-03-01,569.0637817382812,570.9000244140625,579.7999877929688,567.1500244140625,575.3499755859375,167457
2024-03-04,574.94482421875,576.7999877929688,582.0,573.4000244140625,579.9500122070312,82181
2024-03-05,573.250244140625,575.0999755859375,578.9500122070312,570.0499877929688,576.7999877929688,95885
2024-03-06,563.2326049804688,565.0499877929688,574.0,562.0999755859375,574.0,116783
2024-03-07,566.3226318359375,568.1500244140625,576.9500122070312,563.0499877929688,565.0999755859375,89243
2024-03-11,557.052490234375,558.8499755859375,571.9000244140625,557.1500244140625,568.5,118845
2024-03-12,545.8386840820312,547.5999755859375,560.3499755859375,544.6500244140625,557.0999755859375,145699
2024-03-13,528.4946899414062,530.2000122070312,549.0,527.0,548.0,189334
2024-03-14,536.7181396484375,538.4500122070312,555.9000244140625,521.3499755859375,530.2000122070312,240093
2024-03-15,530.3885498046875,532.0999755859375,545.3499755859375,528.25,538.5,175369
2024-03-18,522.86279296875,524.5499877929688,541.9500122070312,522.0,535.0499877929688,221572
2024-03-19,527.6473999023438,529.3499755859375,543.9000244140625,524.0,524.5499877929688,272187
2024-03-20,528.2454833984375,529.9500122070312,538.7000122070312,528.0,530.5,197592
2024-03-21,542.49951171875,544.25,552.3499755859375,535.0,543.7999877929688,351941
2024-03-22,560.9898681640625,562.7999877929688,565.5999755859375,547.1500244140625,549.0,286123
2024-03-26,564.0299682617188,565.8499755859375,572.75,559.0499877929688,562.7999877929688,318718
2024-03-27,554.909423828125,556.7000122070312,573.0,555.0,569.7999877929688,157376
2024-03-28,547.4833984375,549.25,566.4000244140625,544.6500244140625,557.9500122070312,202066
2024-04-01,569.8114013671875,571.6500244140625,573.5999755859375,551.0499877929688,557.9500122070312,112166
2024-04-02,599.0669555664062,601.0,607.0,567.5499877929688,570.0,559837
2024-04-03,605.1473388671875,607.0999755859375,611.9000244140625,595.5,602.0,255877
2024-04-04,610.28076171875,612.25,634.0999755859375,610.0,623.0,397440
2024-04-05,611.62646484375,613.5999755859375,621.2000122070312,610.25,613.4000244140625,197165
2024-04-08,606.6923828125,608.6500244140625,622.2999877929688,605.2000122070312,618.0,117433
2024-04-09,617.9560546875,619.9500122070312,625.7000122070312,605.0499877929688,611.9500122070312,216045
2024-04-10,616.7100830078125,618.7000122070312,626.7000122070312,610.2000122070312,623.0,113175
2024-04-12,609.9319458007812,611.9000244140625,622.7000122070312,610.0,615.0,280457
2024-04-15,598.8676147460938,600.7999877929688,619.7000122070312,577.0,577.0,229905
2024-04-16,603.20361328125,605.1500244140625,616.6500244140625,593.0999755859375,595.7999877929688,192744
2024-04-18,605.0974731445312,607.0499877929688,635.5999755859375,600.0,635.5999755859375,220022
2024-04-19,610.23095703125,612.2000122070312,616.0,593.0,600.5,114034
2024-04-22,618.8530883789062,620.8499755859375,624.9000244140625,612.75,615.0,155356
2024-04-23,619.8499145507812,621.8499755859375,627.0999755859375,615.2000122070312,621.9500122070312,124730
2024-04-24,624.734130859375,626.75,631.0,619.2000122070312,627.75,179964
2024-04-25,621.9929809570312,624.0,633.7000122070312,621.4500122070312,628.2999877929688,94501
2024-04-26,632.6585693359375,634.7000122070312,651.0,624.0,630.0,311976
2024-04-29,640.6328735351562,642.7000122070312,651.0,635.25,639.75,177362
2024-04-30,637.09423828125,639.1500244140625,648.0,635.0999755859375,644.9000244140625,125830
2024-05-02,633.8048706054688,635.8499755859375,646.2999877929688,633.0499877929688,640.0,73670
2024-05-03,629.4688110351562,631.5,640.9500122070312,625.7999877929688,635.0,85818
2024-05-06,621.8434448242188,623.8499755859375,635.9000244140625,616.1500244140625,632.0,93480
2024-05-07,621.145751953125,623.1500244140625,639.4000244140625,617.1500244140625,623.0,121948
2024-05-08,624.1361083984375,626.1500244140625,629.9500122070312,614.2999877929688,620.4000244140625,65988
2024-05-09,625.6312255859375,627.6500244140625,630.0,615.0,629.4000244140625,85294
2024-05-10,636.9945678710938,639.0499877929688,644.0,621.0,630.0,165307
2024-05-13,639.536376953125,641.5999755859375,644.0,633.0,638.75,330149
2024-05-14,641.9287109375,644.0,649.0,633.9000244140625,643.3499755859375,107294
2024-05-15,645.7662353515625,647.8499755859375,655.75,646.0,646.4000244140625,125583
2024-05-16,657.927001953125,660.0499877929688,664.0,647.5999755859375,652.9500122070312,159910
2024-05-17,666.4495239257812,668.5999755859375,683.0,615.0499877929688,622.3499755859375,2276649
2024-05-21,639.2871704101562,641.3499755859375,651.8499755859375,632.25,651.8499755859375,242600
2024-05-22,636.047607421875,638.0999755859375,644.7999877929688,628.5,638.0,226718
2024-05-23,633.6055297851562,635.6500244140625,651.9500122070312,633.0499877929688,637.0,244329
2024-05-24,628.62158203125,630.6500244140625,646.9000244140625,627.3499755859375,635.5,119464
2024-05-27,622.0427856445312,624.0499877929688,633.5,620.0,626.4000244140625,87835
2024-05-28,612.3241577148438,614.2999877929688,625.0,612.0499877929688,623.9000244140625,70897
2024-05-29,612.1248168945312,614.0999755859375,625.0,607.5499877929688,611.2999877929688,106839
2024-05-30,608.486572265625,610.4500122070312,627.4000244140625,608.0,615.0,94559
2024-05-31,608.0878295898438,610.0499877929688,613.0,601.0,610.4000244140625,46976
2024-06-03,612.2245483398438,614.2000122070312,628.9500122070312,611.5,625.0499877929688,97128
2024-06-04,592.9367065429688,594.8499755859375,622.0,581.0,621.5,180486
2024-06-05,596.1762084960938,598.0999755859375,609.0,578.7999877929688,592.2999877929688,168774
2024-06-06,611.9254760742188,613.9000244140625,616.0,605.0499877929688,610.0,57065
2024-06-07,648.3080444335938,650.4000244140625,682.9500122070312,613.0,619.0,371054
2024-06-10,646.2147827148438,648.2999877929688,666.0,644.0999755859375,665.0,186290
2024-06-11,669.3402099609375,671.5,686.4500122070312,642.0999755859375,649.6500244140625,513263
2024-06-12,681.8497924804688,684.0499877929688,689.9500122070312,670.1500244140625,679.9500122070312,336655
2024-06-13,693.7115478515625,695.9500122070312,710.1500244140625,683.8499755859375,683.9000244140625,487443
2024-06-14,685.9367065429688,688.1500244140625,699.9500122070312,684.25,695.9500122070312,177372
2024-06-18,681.1022338867188,683.2999877929688,691.9500122070312,675.0,688.4500122070312,199319
2024-06-19,681.451171875,683.6500244140625,689.9000244140625,671.0499877929688,682.0,129477
2024-06-20,676.9157104492188,679.0999755859375,687.6500244140625,675.0999755859375,683.6500244140625,95149
2024-06-21,689.923828125,692.1500244140625,697.2999877929688,685.9500122070312,686.0,184198
2024-06-24,683.1456298828125,685.3499755859375,699.5499877929688,679.75,698.9500122070312,137702
2024-06-25,668.2935791015625,670.4500122070312,690.4500122070312,663.9000244140625,685.3499755859375,142854
2024-06-26,690.372314453125,692.5999755859375,720.7999877929688,675.0,675.0,1471964
2024-06-27,690.372314453125,692.5999755859375,710.0,687.7999877929688,697.2999877929688,235385
2024-06-28,672.1311645507812,674.2999877929688,692.5499877929688,672.0,690.0,136405
2024-07-01,681.2019653320312,683.4000244140625,692.5,678.75,683.0,190656
2024-07-02,694.608642578125,696.8499755859375,708.0,686.0,692.0,435196
2024-07-03,692.9639892578125,695.2000122070312,710.7999877929688,688.4000244140625,710.0,481155
2024-07-04,691.0701293945312,693.2999877929688,694.5,685.5,691.9500122070312,114600
2024-07-05,691.119873046875,693.3499755859375,699.9000244140625,685.0,699.0,147996
2024-07-08,679.706787109375,681.9000244140625,700.0,678.0,693.3499755859375,109115
2024-07-09,677.1649169921875,679.3499755859375,686.8499755859375,672.1500244140625,682.8499755859375,106124
2024-07-10,674.5234985351562,676.7000122070312,688.25,666.9500122070312,685.0,325299
2024-07-11,677.4141235351562,679.5999755859375,680.9000244140625,674.0,680.0,69370
2024-07-12,665.25341796875,667.4000244140625,681.9000244140625,655.2999877929688,677.5499877929688,172069
2024-07-15,687.5813598632812,689.7999877929688,694.7000122070312,665.2000122070312,672.9500122070312,150933
2024-07-16,697.5989990234375,699.8499755859375,702.7999877929688,687.9500122070312,692.9000244140625,667385
2024-07-18,687.2823486328125,689.5,705.0,679.7000122070312,700.0,174179
2024-07-19,669.190673828125,671.3499755859375,688.9000244140625,668.8499755859375,682.5499877929688,85887
2024-07-22,671.8819580078125,674.0499877929688,679.9000244140625,661.0,667.0,93951
2024-07-23,674.074951171875,676.25,686.0499877929688,661.0,674.0,111906
2024-07-24,675.1215209960938,677.2999877929688,689.0,676.0,678.1500244140625,98018
2024-07-25,668.09423828125,670.25,677.9500122070312,668.7000122070312,668.7000122070312,41838
2024-07-26,669.7389526367188,671.9000244140625,684.9000244140625,670.0999755859375,670.25,84479
2024-07-29,667.3964233398438,669.5499877929688,679.9000244140625,667.2000122070312,675.9500122070312,84257
2024-07-30,667.8948364257812,670.0499877929688,676.2000122070312,664.9500122070312,666.5,71020
2024-07-31,671.3836059570312,673.5499877929688,679.7999877929688,670.0499877929688,670.0499877929688,75630
2024-08-01,643.8225708007812,645.9000244140625,680.2999877929688,641.0499877929688,680.2999877929688,361167
2024-08-02,632.5588989257812,634.5999755859375,651.4500122070312,632.0,635.0499877929688,159698
2024-08-05,602.9544067382812,604.9000244140625,631.1500244140625,598.3499755859375,625.0,216491
2024-08-06,590.195556640625,592.0999755859375,619.4000244140625,590.0,618.0,114674
2024-08-07,580.5267944335938,582.4000244140625,609.9000244140625,577.5,609.9000244140625,306124
2024-08-08,604.0508422851562,606.0,614.9000244140625,589.0499877929688,594.9500122070312,505790
2024-08-09,592.7374267578125,594.6500244140625,617.7999877929688,593.0,617.7999877929688,123727
2024-08-12,594.6312866210938,596.5499877929688,601.9500122070312,589.5,594.6500244140625,73232
2024-08-13,586.4078369140625,588.2999877929688,605.5,585.25,605.5,77780
2024-08-14,580.1779174804688,582.0499877929688,591.2999877929688,580.0,588.5499877929688,74589
2024-08-16,597.2229614257812,599.1500244140625,601.4500122070312,584.0,591.0,129511
2024-08-19,598.2695922851562,600.2000122070312,606.8499755859375,598.0499877929688,601.0,68515
2024-08-20,599.6151733398438,601.5499877929688,605.2000122070312,599.0,600.5499877929688,48517
2024-08-21,606.4930419921875,608.4500122070312,612.0,601.5999755859375,601.5999755859375,93972
2024-08-22,606.6923828125,608.6500244140625,617.5,606.0,611.0,63951
2024-08-23,580.1280517578125,582.0,612.9000244140625,579.7000122070312,608.6500244140625,321172
2024-08-26,586.706787109375,588.5999755859375,595.3499755859375,582.0499877929688,582.0499877929688,322068
2024-08-27,592.1890869140625,594.0999755859375,597.7000122070312,588.0,592.9500122070312,89393
2024-08-28,590.6441650390625,592.5499877929688,597.0,590.2000122070312,594.25,60659
2024-08-29,587.8033447265625,589.7000122070312,596.0,584.0999755859375,592.0,66380
2024-08-30,585.1618041992188,587.0499877929688,595.0,585.0,595.0,61746
2024-09-02,569.5621948242188,571.4000244140625,596.0,569.6500244140625,596.0,262737
2024-09-03,582.5203857421875,584.4000244140625,587.5,574.2000122070312,574.7000122070312,260347
2024-09-04,568.8410034179688,569.7000122070312,586.25,568.2999877929688,578.3499755859375,381698
2024-09-05,564.697265625,565.5499877929688,578.0,564.0,571.0,230832
2024-09-06,557.7078247070312,558.5499877929688,571.9000244140625,556.7999877929688,567.9500122070312,232037
2024-09-09,545.7758178710938,546.5999755859375,563.3499755859375,544.5,561.0,425050
2024-09-10,570.0391845703125,570.9000244140625,575.0,552.0,556.2000122070312,992408
2024-09-11,574.8818969726562,575.75,580.0,563.3499755859375,574.9500122070312,235816
2024-09-12,575.88037109375,576.75,580.9500122070312,567.7000122070312,578.0,144492
2024-09-13,578.426513671875,579.2999877929688,581.9500122070312,576.0,578.0,136264
2024-09-16,579.7245483398438,580.5999755859375,585.0,575.5499877929688,585.0,81893
2024-09-17,574.8818969726562,575.75,584.8499755859375,573.1500244140625,584.8499755859375,81242
2024-09-18,566.1950073242188,567.0499877929688,577.0,563.75,574.0499877929688,147191
2024-09-19,575.6806640625,576.5499877929688,586.0,567.7999877929688,583.1500244140625,246880
2024-09-20,576.9786987304688,577.8499755859375,584.75,574.2000122070312,584.75,89817
2024-09-23,579.3251953125,580.2000122070312,582.25,575.0499877929688,578.0,116994
2024-09-24,581.072509765625,581.9500122070312,584.8499755859375,576.2999877929688,578.0,87113
2024-09-25,573.334228515625,574.2000122070312,584.9500122070312,573.0999755859375,584.9500122070312,86440
2024-09-26,567.243408203125,568.0999755859375,577.0,567.5,575.0,109422
2024-09-27,559.0057983398438,559.8499755859375,570.9000244140625,556.1500244140625,568.0,339432
2024-09-30,559.105712890625,559.9500122070312,566.8499755859375,558.5,563.6500244140625,105677
2024-10-01,558.3069458007812,559.1500244140625,566.9500122070312,557.1500244140625,559.5,189398
2024-10-03,554.8621215820312,555.7000122070312,562.4000244140625,555.0,559.8499755859375,175122
2024-10-04,554.0133666992188,554.8499755859375,563.1500244140625,550.7000122070312,553.0,88225
2024-10-07,543.6790161132812,544.5,558.9500122070312,541.75,558.9500122070312,99268
2024-10-08,546.7742919921875,547.5999755859375,554.4500122070312,542.0999755859375,546.0,98018
2024-10-09,546.0254516601562,546.8499755859375,552.7999877929688,545.2999877929688,549.0,98786
2024-10-10,547.7727661132812,548.5999755859375,552.0,545.5,547.0,79192
2024-10-11,546.1253051757812,546.9500122070312,553.2000122070312,546.4500122070312,552.9000244140625,59322
2024-10-14,543.4293823242188,544.25,554.0,543.0,554.0,129589
2024-10-15,543.5291748046875,544.3499755859375,549.0,540.5,545.9500122070312,94404
2024-10-16,540.4338989257812,541.25,548.0,539.0,548.0,154262
2024-10-17,538.9361572265625,539.75,543.2999877929688,535.0,541.0,114371
2024-10-18,537.987548828125,538.7999877929688,540.0,530.5,538.9000244140625,63797
2024-10-21,535.0919799804688,535.9000244140625,540.7000122070312,535.0,540.0,65758
2024-10-22,522.7106323242188,523.5,537.2999877929688,521.4000244140625,537.0999755859375,132862
2024-10-23,513.474609375,514.25,529.9000244140625,509.25,523.5,175069
2024-10-24,507.883056640625,508.6499938964844,516.0,507.0,515.0,106880
2024-10-25,500.59405517578125,501.3500061035156,510.75,496.8500061035156,509.95001220703125,151502
2024-10-28,485.5168151855469,486.25,505.95001220703125,482.3500061035156,505.95001220703125,269505
2024-10-29,480.97369384765625,481.70001220703125,489.95001220703125,479.79998779296875,488.6000061035156,120290
2024-10-30,484.9676513671875,485.70001220703125,486.54998779296875,482.79998779296875,484.95001220703125,125781
2024-10-31,472.38665771484375,473.1000061035156,496.3500061035156,470.3500061035156,486.0,500331
2024-11-01,481.9222412109375,482.6499938964844,487.3500061035156,477.25,479.79998779296875,66768
2024-11-04,471.6877136230469,472.3999938964844,483.6000061035156,470.70001220703125,482.70001220703125,161354
2024-11-05,473.9342956542969,474.6499938964844,477.25,470.70001220703125,476.0,112110
2024-11-06,479.9751892089844,480.70001220703125,482.5,476.1499938964844,481.95001220703125,168452
2024-11-07,475.8314514160156,476.54998779296875,506.6000061035156,466.04998779296875,487.8999938964844,1330275
2024-11-08,463.8495178222656,464.54998779296875,474.3500061035156,460.5,474.0,394090
2024-11-11,450.2700500488281,450.95001220703125,475.0,450.0,464.0,247951
2024-11-12,453.1656799316406,453.8500061035156,458.0,450.95001220703125,452.0,145927
2024-11-13,441.6330871582031,442.29998779296875,454.20001220703125,440.6499938964844,453.8500061035156,150268
2024-11-14,441.4833068847656,442.1499938964844,448.20001220703125,438.54998779296875,440.6499938964844,89287
2024-11-18,437.0899658203125,437.75,449.0,432.54998779296875,442.1499938964844,103756
2024-11-19,440.83428955078125,441.5,447.1499938964844,438.04998779296875,438.04998779296875,99079
2024-11-21,422.6617431640625,423.29998779296875,448.0,422.0,448.0,214830
2024-11-22,422.1624755859375,422.79998779296875,428.04998779296875,418.6499938964844,423.0,92580
2024-11-25,425.7570495605469,426.3999938964844,431.1499938964844,423.29998779296875,429.1499938964844,204288
2024-11-26,423.76007080078125,424.3999938964844,434.95001220703125,423.1499938964844,434.8999938964844,149927
2024-11-27,427.7540588378906,428.3999938964844,429.8500061035156,421.0,427.8500061035156,153653
2024-11-28,427.2547912597656,427.8999938964844,435.8999938964844,426.79998779296875,430.79998779296875,145262
2024-11-29,426.85540771484375,427.5,430.95001220703125,426.3999938964844,428.20001220703125,230334
2024-12-02,432.49688720703125,433.1499938964844,436.0,427.04998779296875,432.0,288581
2024-12-03,435.29266357421875,435.95001220703125,439.0,432.3999938964844,435.0,271823
2024-12-04,438.43792724609375,439.1000061035156,461.8500061035156,437.54998779296875,439.79998779296875,705160
2024-12-05,436.740478515625,437.3999938964844,443.3999938964844,436.1000061035156,443.3999938964844,181906
2024-12-06,435.59222412109375,436.25,443.0,435.04998779296875,440.0,223929
2024-12-09,433.2457580566406,433.8999938964844,439.3999938964844,432.95001220703125,437.1499938964844,125140
2024-12-10,425.8569030761719,426.5,434.5,425.0,433.04998779296875,186054
2024-12-11,429.25177001953125,429.8999938964844,438.0,427.54998779296875,428.6000061035156,268103
2024-12-12,423.66021728515625,424.29998779296875,439.8500061035156,423.0,430.45001220703125,286064
2024-12-13,422.5618896484375,423.20001220703125,426.1000061035156,419.0,425.04998779296875,203296
2024-12-16,421.5134582519531,422.1499938964844,427.6499938964844,420.1000061035156,424.25,171672
2024-12-17,420.3652038574219,421.0,423.75,419.20001220703125,421.95001220703125,108225
2024-12-18,419.5664367675781,420.20001220703125,421.8500061035156,418.04998779296875,421.0,82313
2024-12-19,417.1201171875,417.75,425.8999938964844,412.75,418.6000061035156,113917
2024-12-20,406.78570556640625,407.3999938964844,422.3999938964844,404.0,419.29998779296875,226567
2024-12-23,404.8885803222656,405.5,416.95001220703125,402.1000061035156,416.95001220703125,162086
2024-12-24,404.4392395019531,405.04998779296875,415.0,403.04998779296875,413.70001220703125,172603
2024-12-26,396.6510314941406,397.25,408.8999938964844,396.0,408.8999938964844,267244
2024-12-27,419.8160400390625,420.45001220703125,423.1000061035156,394.3999938964844,398.45001220703125,665032
2024-12-30,425.8070068359375,426.45001220703125,435.0,419.1000061035156,421.0,272365
2024-12-31,428.6526794433594,429.29998779296875,431.70001220703125,418.45001220703125,423.3500061035156,152638
2025-01-01,429.15191650390625,429.79998779296875,433.0,427.0,429.8999938964844,113596
2025-01-02,429.40155029296875,430.04998779296875,434.70001220703125,427.0,429.79998779296875,88180
2025-01-03,425.7570495605469,426.3999938964844,430.54998779296875,425.3500061035156,430.04998779296875,57415
2025-01-06,407.2849426269531,407.8999938964844,427.0,406.0,426.95001220703125,159696
2025-01-07,404.28948974609375,404.8999938964844,417.5,403.6000061035156,407.04998779296875,151566
2025-01-08,404.9884338378906,405.6000061035156,407.0,401.1000061035156,406.95001220703125,94171
2025-01-09,402.192626953125,402.79998779296875,407.95001220703125,402.04998779296875,405.04998779296875,88653
2025-01-10,397.4497985839844,398.04998779296875,405.04998779296875,393.70001220703125,402.04998779296875,125772
2025-01-13,393.8052978515625,394.3999938964844,404.0,392.29998779296875,399.0,135482
2025-01-14,398.3484802246094,398.95001220703125,402.3500061035156,395.1499938964844,395.1499938964844,94962
2025-01-15,401.34393310546875,401.95001220703125,409.0,399.04998779296875,399.95001220703125,89585
2025-01-16,399.0473937988281,399.6499938964844,411.25,398.04998779296875,404.20001220703125,160755
2025-01-17,397.7992858886719,398.3999938964844,404.20001220703125,396.0,399.5,102840
2025-01-20,397.00048828125,397.6000061035156,402.8999938964844,397.0,402.8999938964844,104377
2025-01-21,392.90667724609375,393.5,405.6000061035156,392.0,398.70001220703125,156935
2025-01-22,392.75689697265625,393.3500061035156,399.3500061035156,384.0,394.0,186337
2025-01-23,389.81134033203125,390.3999938964844,400.04998779296875,388.3999938964844,393.45001220703125,81221
2025-01-24,381.9731750488281,382.54998779296875,393.29998779296875,380.25,392.0,134169
2025-01-27,372.3876647949219,372.95001220703125,382.54998779296875,370.0,382.54998779296875,112753
2025-01-28,357.6099548339844,358.1499938964844,374.8999938964844,352.0,374.8999938964844,256499
2025-01-29,361.8535461425781,362.3999938964844,369.8500061035156,357.79998779296875,358.0,120151
2025-01-30,357.460205078125,358.0,368.3999938964844,357.04998779296875,367.8500061035156,85494
2025-01-31,370.04119873046875,370.6000061035156,373.6000061035156,355.79998779296875,359.8999938964844,132439
2025-02-01,381.0246276855469,381.6000061035156,407.75,369.5,369.5,366861
2025-02-03,367.5948791503906,368.1499938964844,381.45001220703125,366.3500061035156,381.45001220703125,126515
2025-02-04,363.4012451171875,363.95001220703125,372.8999938964844,363.25,370.1000061035156,97155
2025-02-05,366.5964050292969,367.1499938964844,370.0,364.6499938964844,369.20001220703125,106521
2025-02-06,376.8309326171875,377.3999938964844,392.70001220703125,366.29998779296875,367.1499938964844,199898
2025-02-07,375.48297119140625,376.04998779296875,378.95001220703125,372.0,377.3500061035156,48233
2025-02-10,368.2938537597656,368.8500061035156,377.0,367.3999938964844,376.04998779296875,71487
2025-02-11,340.7853698730469,341.29998779296875,369.1000061035156,336.1000061035156,369.1000061035156,300134
2025-02-12,293.2571716308594,293.70001220703125,328.5,290.8999938964844,325.04998779296875,1620770
2025-02-13,286.5672607421875,287.0,308.25,283.3999938964844,290.8500061035156,802695
2025-02-14,278.4295654296875,278.8500061035156,290.5,271.95001220703125,288.04998779296875,438295
2025-02-17,278.0301513671875,278.45001220703125,282.0,272.0,278.8500061035156,235280
2025-02-18,264.7002868652344,265.1000061035156,280.54998779296875,263.1000061035156,279.1499938964844,328939
2025-02-19,264.6004333496094,265.0,276.8999938964844,263.29998779296875,265.1000061035156,352630
2025-02-20,269.8924255371094,270.29998779296875,273.20001220703125,263.29998779296875,266.0,299873
2025-02-21,275.6836853027344,276.1000061035156,287.04998779296875,270.0,270.29998779296875,291204
2025-02-24,272.58837890625,273.0,276.1000061035156,265.3500061035156,276.1000061035156,199805
2025-02-25,273.23736572265625,273.6499938964844,276.45001220703125,269.20001220703125,274.3999938964844,144774
2025-02-27,274.1360168457031,274.54998779296875,275.6000061035156,270.8500061035156,275.6000061035156,151055
2025-02-28,286.2677307128906,286.70001220703125,293.75,268.70001220703125,272.0,618542
2025-03-03,274.4355773925781,274.8500061035156,288.1000061035156,271.25,286.20001220703125,235641
2025-03-04,271.3901672363281,271.79998779296875,278.6499938964844,268.3999938964844,274.0,181214
2025-03-05,271.2403869628906,271.6499938964844,277.20001220703125,270.0,272.29998779296875,314824
2025-03-06,280.0271301269531,280.45001220703125,281.79998779296875,270.8500061035156,275.0,339888
2025-03-07,277.6806945800781,278.1000061035156,284.95001220703125,277.1000061035156,280.0,224421
2025-03-10,267.4461364746094,267.8500061035156,279.95001220703125,267.0,278.0,204810
2025-03-11,258.90899658203125,259.29998779296875,266.29998779296875,258.3999938964844,265.0,327576
2025-03-12,253.2675323486328,253.64999389648438,261.75,252.0,259.29998779296875,202774
2025-03-13,248.3249969482422,248.6999969482422,256.0,248.0,254.9499969482422,188119
2025-03-17,239.68804931640625,240.0500030517578,250.75,237.85000610351562,249.9499969482422,284810
2025-03-18,239.68804931640625,240.0500030517578,240.0500030517578,240.0500030517578,240.0500030517578,0
2025-03-19,249.47328186035156,249.85000610351562,253.5,248.0,248.0,311932
2025-03-20,248.3249969482422,248.6999969482422,258.1499938964844,242.5500030517578,255.0,971036
2025-03-21,256.3129577636719,256.70001220703125,262.54998779296875,248.0,250.3000030517578,561300
2025-03-24,259.6578674316406,260.04998779296875,266.79998779296875,258.25,258.25,424138
2025-03-25,251.57009887695312,251.9499969482422,263.29998779296875,251.0,260.6499938964844,324353
2025-03-26,244.18125915527344,244.5500030517578,253.14999389648438,243.14999389648438,252.0,274884
2025-03-27,253.06784057617188,253.4499969482422,255.60000610351562,240.4499969482422,242.3000030517578,537204
2025-03-28,244.8802032470703,245.25,257.8500061035156,243.0,253.4499969482422,267622
2025-04-01,263.0827331542969,263.4800109863281,265.5,242.0,243.0,832196
2025-04-02,260.6663513183594,261.05999755859375,263.0,253.1199951171875,261.989990234375,299159
2025-04-03,261.31536865234375,261.7099914550781,264.30999755859375,257.010009765625,260.0,149244
2025-04-04,244.5407257080078,244.91000366210938,261.0,242.0,260.9100036621094,375464
2025-04-07,239.4683837890625,239.8300018310547,242.35000610351562,229.0500030517578,238.0,317945
2025-04-08,243.63209533691406,244.0,247.0,239.5500030517578,247.0,174390
2025-04-09,242.74343872070312,243.11000061035156,244.4499969482422,237.8000030517578,244.4499969482422,107176
2025-04-11,247.04693603515625,247.4199981689453,251.5,244.36000061035156,245.60000610351562,124880
2025-04-15,261.0657653808594,261.4599914550781,262.7099914550781,250.00999450683594,253.89999389648438,227462
2025-04-16,258.5895080566406,258.9800109863281,265.3999938964844,257.6199951171875,261.0,193564
2025-04-17,257.87060546875,258.260009765625,260.8800048828125,256.7200012207031,260.8800048828125,113934
2025-04-21,263.1925354003906,263.5899963378906,267.5,254.2100067138672,258.0,276738
2025-04-22,264.63037109375,265.0299987792969,269.0,259.04998779296875,263.5899963378906,357346
2025-04-23,262.59344482421875,262.989990234375,266.79998779296875,259.6499938964844,265.70001220703125,294662
2025-04-24,263.0926818847656,263.489990234375,267.0,260.3299865722656,262.95001220703125,266126
2025-04-25,252.50868225097656,252.88999938964844,263.489990234375,251.4499969482422,263.489990234375,270856
2025-04-28,251.8996124267578,252.27999877929688,257.3999938964844,251.0,253.0,176562
2025-04-29,257.9105224609375,258.29998779296875,259.4200134277344,251.61000061035156,252.8000030517578,252071
2025-04-30,250.8312225341797,251.2100067138672,259.25,250.5,258.6000061035156,171876
2025-05-02,249.12379455566406,249.5,253.60000610351562,244.5,252.5,82843
2025-05-05,253.6669464111328,254.0500030517578,255.6999969482422,248.0,251.6999969482422,94825
2025-05-06,246.32801818847656,246.6999969482422,254.89999389648438,245.89999389648438,254.0500030517578,132521
2025-05-07,246.47779846191406,246.85000610351562,249.0,241.10000610351562,243.0500030517578,120130
2025-05-08,246.07839965820312,246.4499969482422,253.9499969482422,245.0,247.14999389648438,95263
2025-05-09,245.9286346435547,246.3000030517578,248.0,236.5500030517578,236.5500030517578,105105
2025-05-12,262.50360107421875,262.8999938964844,265.0,252.0500030517578,254.0,296164
2025-05-13,268.29486083984375,268.70001220703125,271.20001220703125,262.8999938964844,262.8999938964844,286140
2025-05-14,277.8304443359375,278.25,280.1000061035156,269.6000061035156,270.95001220703125,471483
2025-05-15,283.5218811035156,283.95001220703125,285.0,276.0,279.70001220703125,339705
2025-05-16,284.6701354980469,285.1000061035156,287.75,283.0,287.45001220703125,266814
2025-05-19,288.5642395019531,289.0,293.0,282.20001220703125,285.1000061035156,362446
2025-05-20,284.5702819824219,285.0,294.5,281.29998779296875,289.1000061035156,459100
2025-05-21,295.5037841796875,295.95001220703125,300.29998779296875,282.45001220703125,291.5,700645
2025-05-22,308.3843078613281,308.8500061035156,334.0,293.29998779296875,295.0,5990822
2025-05-23,320.6158447265625,321.1000061035156,326.0,307.45001220703125,311.79998779296875,1167458
2025-05-26,336.2921447753906,336.79998779296875,338.0,319.54998779296875,323.0,2102053
2025-05-27,333.8458557128906,334.3500061035156,339.8500061035156,327.20001220703125,339.8500061035156,918716
2025-05-28,330.35113525390625,330.8500061035156,338.3999938964844,325.1499938964844,334.8999938964844,721127
2025-05-29,327.1060485839844,327.6000061035156,333.8500061035156,325.95001220703125,330.8500061035156,476352
2025-05-30,334.3451232910156,334.8500061035156,338.8999938964844,324.0,327.29998779296875,1801699
2025-06-02,330.2013854980469,330.70001220703125,337.45001220703125,328.1499938964844,334.0,305083
2025-06-03,321.66424560546875,322.1499938964844,332.0,320.25,329.0,297090
2025-06-04,327.85491943359375,328.3500061035156,329.25,319.6499938964844,320.95001220703125,208364
2025-06-05,326.25732421875,326.75,332.8999938964844,325.79998779296875,327.0,296908
2025-06-06,333.7959289550781,334.29998779296875,336.0,324.5,327.8999938964844,445927
2025-06-09,332.8473815917969,333.3500061035156,338.75,332.1499938964844,335.95001220703125,324646
2025-06-10,338.93817138671875,339.45001220703125,345.0,332.04998779296875,333.8500061035156,903205
2025-06-11,360.2060546875,360.75,363.0,340.54998779296875,341.1000061035156,1970590
2025-06-12,349.1227722167969,349.6499938964844,365.0,346.1000061035156,365.0,787804
2025-06-13,363.2015380859375,363.75,367.0,336.20001220703125,338.95001220703125,1282600
2025-06-16,382.8218994140625,383.3999938964844,387.70001220703125,351.70001220703125,361.95001220703125,1551348
2025-06-17,358.60845947265625,359.1499938964844,375.0,357.0,375.0,1655737
2025-06-18,349.8217468261719,350.3500061035156,361.79998779296875,348.1000061035156,361.79998779296875,712194
2025-06-19,332.2482604980469,332.75,354.45001220703125,329.1000061035156,350.5,638663
2025-06-20,339.786865234375,340.29998779296875,346.3999938964844,330.04998779296875,331.8999938964844,641140
2025-06-23,334.6446533203125,335.1499938964844,342.45001220703125,332.95001220703125,337.0,382400
2025-06-24,339.4873352050781,340.0,346.79998779296875,336.3999938964844,339.8999938964844,362992
2025-06-25,342.3829650878906,342.8999938964844,345.8999938964844,338.5,341.8999938964844,177135
2025-06-26,354.7642517089844,355.29998779296875,361.79998779296875,348.0,357.8999938964844,1173066
2025-06-27,357.9095458984375,358.45001220703125,364.54998779296875,356.0,357.3999938964844,826361
2025-06-30,366.94586181640625,367.5,371.0,361.0,361.0,900998
2025-07-01,370.6902160644531,371.25,374.0,364.54998779296875,368.3999938964844,550510
2025-07-02,367.7945861816406,368.3500061035156,372.79998779296875,364.25,370.95001220703125,391005
2025-07-03,365.4481506347656,366.0,371.8999938964844,364.1499938964844,368.3999938964844,236652
2025-07-04,364.20001220703125,364.75,368.8999938964844,361.0,367.0,320022
2025-07-07,363.7007751464844,364.25,375.45001220703125,362.54998779296875,364.79998779296875,380485
2025-07-08,362.2529602050781,362.79998779296875,367.20001220703125,358.0,364.54998779296875,210041
2025-07-09,363.3512878417969,363.8999938964844,368.0,362.20001220703125,363.0,220329
2025-07-10,365.7476806640625,366.29998779296875,367.95001220703125,363.0,364.95001220703125,160319
2025-07-11,366.6463317871094,367.20001220703125,376.20001220703125,365.1000061035156,368.0,343966
2025-07-14,355.3134460449219,355.8500061035156,368.3500061035156,354.5,367.20001220703125,243593
2025-07-15,355.5630798339844,356.1000061035156,359.95001220703125,353.0,356.0,185825
2025-07-16,354.5645751953125,355.1000061035156,359.6000061035156,354.0,357.25,93907
2025-07-17,351.569091796875,352.1000061035156,357.95001220703125,351.04998779296875,356.0,112786
2025-07-18,347.62506103515625,348.1499938964844,353.75,346.1000061035156,353.6000061035156,140974
2025-07-21,345.9276428222656,346.45001220703125,350.0,344.3500061035156,347.0,181098
2025-07-22,345.1288146972656,345.6499938964844,349.1499938964844,344.0,346.45001220703125,90072
2025-07-23,353.3663635253906,353.8999938964844,355.3999938964844,343.20001220703125,347.5,175885
2025-07-24,343.231689453125,343.75,355.0,340.29998779296875,355.0,181719
2025-07-25,328.803466796875,329.29998779296875,344.79998779296875,327.45001220703125,344.79998779296875,204590
2025-07-28,332.0985107421875,332.6000061035156,336.75,325.5,333.0,177725
2025-07-29,339.0379943847656,339.54998779296875,340.95001220703125,330.3500061035156,333.3500061035156,125585
2025-07-30,341.58416748046875,342.1000061035156,346.0,336.45001220703125,336.5,81205
2025-07-31,336.5417785644531,337.04998779296875,338.3500061035156,332.0,338.04998779296875,83004
2025-08-01,335.5932312011719,336.1000061035156,340.54998779296875,332.8999938964844,337.04998779296875,110617
2025-08-04,337.340576171875,337.8500061035156,340.0,334.29998779296875,335.6000061035156,73233
2025-08-05,336.69158935546875,337.20001220703125,339.6000061035156,335.0,337.8500061035156,50859
2025-08-06,325.20892333984375,325.70001220703125,339.0,324.1499938964844,334.1000061035156,100814
2025-08-07,298.1996765136719,298.6499938964844,315.8500061035156,293.0,306.20001220703125,1015640
2025-08-08,290.71099853515625,291.1499938964844,298.29998779296875,290.0,298.29998779296875,264982
2025-08-11,291.609619140625,292.04998779296875,294.5,288.0,292.0,123314
2025-08-12,294.3055725097656,294.75,295.8999938964844,290.25,292.04998779296875,170952
2025-08-13,299.19818115234375,299.6499938964844,301.45001220703125,294.0,295.0,140018
2025-08-14,290.9606018066406,291.3999938964844,299.6499938964844,290.29998779296875,299.6499938964844,93028
2025-08-18,330.45098876953125,330.95001220703125,348.25,292.75,292.75,3419012
2025-08-19,334.3451232910156,334.8500061035156,342.5,322.0,328.0,701772
2025-08-20,327.9048156738281,328.3999938964844,334.29998779296875,327.0,332.1000061035156,110048
2025-08-21,344.92913818359375,345.45001220703125,358.0,336.0,341.79998779296875,1597668
2025-08-22,342.1333312988281,342.6499938964844,349.1499938964844,332.3500061035156,345.45001220703125,310876
2025-08-25,337.739990234375,338.25,350.0,335.75,348.8500061035156,165808
2025-08-26,334.0954895019531,334.6000061035156,338.8500061035156,327.20001220703125,338.1499938964844,97291
2025-08-28,324.31024169921875,324.79998779296875,333.8999938964844,322.5,333.8999938964844,95948
2025-08-29,318.1695251464844,318.6499938964844,329.0,318.0,324.8500061035156,95358
2025-09-01,335.9427185058594,336.45001220703125,338.45001220703125,319.5,320.0,366996
2025-09-02,333.59625244140625,334.1000061035156,338.3500061035156,331.20001220703125,336.54998779296875,267787
2025-09-03,331.1000061035156,331.6000061035156,335.45001220703125,328.79998779296875,332.0,77305
2025-09-04,331.29998779296875,331.29998779296875,337.3500061035156,330.0,333.29998779296875,97753
2025-09-05,325.75,325.75,333.70001220703125,324.54998779296875,333.0,73369
2025-09-08,323.3999938964844,323.3999938964844,330.45001220703125,322.0,326.0,49881
2025-09-09,320.5,320.5,325.79998779296875,319.3999938964844,323.25,73048
2025-09-10,321.0,321.0,326.3999938964844,320.0,322.0,72838
2025-09-11,326.70001220703125,326.70001220703125,328.75,321.5,321.5,95351
2025-09-12,335.79998779296875,335.79998779296875,353.3999938964844,324.95001220703125,328.5,1135911
2025-09-15,333.1499938964844,333.1499938964844,337.45001220703125,332.1000061035156,337.45001220703125,101230
2025-09-16,339.54998779296875,339.54998779296875,342.0,332.29998779296875,333.1499938964844,140422
2025-09-17,336.8999938964844,336.8999938964844,343.0,336.0,339.54998779296875,84571
2025-09-18,337.1499938964844,337.1499938964844,340.0,335.1000061035156,336.8999938964844,65801
2025-09-19,333.25,333.25,342.0,330.75,337.1499938964844,227317
2025-09-22,341.1499938964844,341.1499938964844,345.0,332.04998779296875,333.0,273486
2025-09-23,344.95001220703125,344.95001220703125,351.45001220703125,340.25,342.6000061035156,575030
2025-09-24,337.20001220703125,337.20001220703125,346.1499938964844,335.3500061035156,345.0,169119
2025-09-25,330.3500061035156,330.3500061035156,337.20001220703125,328.3500061035156,337.20001220703125,141737
2025-09-26,329.29998779296875,329.29998779296875,333.79998779296875,325.0,330.0,137780
2025-09-29,323.1499938964844,323.1499938964844,332.0,321.6499938964844,329.70001220703125,98905
2025-09-30,319.70001220703125,319.70001220703125,325.75,318.0,322.0,102218
2025-10-01,325.29998779296875,325.29998779296875,329.8999938964844,317.0,317.0,74289
2025-10-03,340.95001220703125,340.95001220703125,344.3500061035156,323.0,323.0,376140
2025-10-06,338.54998779296875,338.54998779296875,342.0,336.1000061035156,340.95001220703125,98119
2025-10-07,337.6499938964844,337.6499938964844,352.20001220703125,336.1000061035156,337.45001220703125,367247
2025-10-08,331.20001220703125,331.20001220703125,338.5,330.0,338.45001220703125,113725
2025-10-09,332.1499938964844,332.1499938964844,336.0,330.0,332.29998779296875,84059
2025-10-10,332.29998779296875,332.29998779296875,335.5,330.25,332.0,87524
2025-10-13,330.79998779296875,330.79998779296875,334.5,326.70001220703125,330.0,121282
2025-10-14,327.20001220703125,327.20001220703125,332.5,325.0,330.25,64283
2025-10-15,326.54998779296875,326.54998779296875,330.0,325.0,325.0,58755
2025-10-16,327.25,327.25,329.20001220703125,326.0,326.0,59259
2025-10-17,324.1499938964844,324.1499938964844,329.0,323.1499938964844,325.29998779296875,65096
2025-10-20,323.29998779296875,323.29998779296875,327.20001220703125,320.5,324.75,94464
2025-10-21,326.54998779296875,326.54998779296875,328.0,323.79998779296875,323.79998779296875,29970
2025-10-23,321.5,321.5,332.20001220703125,319.70001220703125,330.0,173844
2025-10-24,315.75,315.75,323.0,313.0,321.5,122998
2025-10-27,317.3500061035156,317.3500061035156,319.79998779296875,315.1000061035156,316.3999938964844,74202
2025-10-28,312.3999938964844,312.3999938964844,317.1499938964844,310.5,315.0,111520
2025-10-29,317.0,317.0,319.45001220703125,308.8500061035156,312.3999938964844,124553
2025-10-30,314.75,314.75,317.0,312.1000061035156,317.0,57730
2025-10-31,320.1499938964844,320.1499938964844,322.70001220703125,313.5,314.75,166951
2025-11-03,323.54998779296875,323.54998779296875,327.5,320.95001220703125,320.95001220703125,155749
2025-11-04,323.79998779296875,323.79998779296875,326.45001220703125,320.5,325.75,98833
2025-11-06,313.45001220703125,313.45001220703125,323.1000061035156,313.0,323.04998779296875,97494
2025-11-07,315.25,315.25,324.79998779296875,306.3500061035156,313.0,129994
2025-11-10,313.0,313.0,316.70001220703125,312.0,315.20001220703125,84187
2025-11-11,311.29998779296875,311.29998779296875,312.70001220703125,309.0,312.54998779296875,50317
2025-11-12,318.04998779296875,318.04998779296875,320.95001220703125,310.5,311.29998779296875,99594
2025-11-13,314.29998779296875,314.29998779296875,319.1499938964844,312.1000061035156,317.45001220703125,91061
2025-11-14,313.29998779296875,313.29998779296875,319.8500061035156,311.8999938964844,314.29998779296875,53711
2025-11-17,311.70001220703125,311.70001220703125,313.25,310.04998779296875,313.25,62105
2025-11-18,308.8999938964844,308.8999938964844,312.25,308.0,311.6499938964844,54482
2025-11-19,295.8999938964844,295.8999938964844,308.8500061035156,295.0,308.8500061035156,230596
2025-11-20,297.29998779296875,297.29998779296875,298.95001220703125,291.3999938964844,297.29998779296875,143742
2025-11-21,294.3500061035156,294.3500061035156,297.29998779296875,291.95001220703125,297.29998779296875,83260
2025-11-24,281.8500061035156,281.8500061035156,293.8500061035156,280.04998779296875,291.3999938964844,140718
2025-11-25,277.8500061035156,277.8500061035156,284.95001220703125,276.1000061035156,281.79998779296875,113584
2025-11-26,283.0,283.0,289.0,278.1000061035156,278.1000061035156,163623
2025-11-27,278.75,278.75,285.8500061035156,277.1000061035156,283.70001220703125,95608
2025-11-28,275.75,275.75,281.0,272.04998779296875,278.8500061035156,129489
2025-12-01,271.95001220703125,271.95001220703125,279.75,270.5,275.75,95068
2025-12-02,274.1000061035156,274.1000061035156,277.0,268.1000061035156,276.0,86641
2025-12-03,268.6499938964844,268.6499938964844,275.29998779296875,267.29998779296875,273.1000061035156,72838
2025-12-04,258.8500061035156,258.8500061035156,271.0,258.0,268.6499938964844,243224
2025-12-05,259.25,259.25,265.0,252.10000610351562,258.8500061035156,149559
2025-12-08,252.0,252.0,261.45001220703125,249.89999389648438,259.0,154023
2025-12-09,251.1999969482422,251.1999969482422,254.0,246.75,248.85000610351562,204549
2025-12-10,251.3000030517578,251.3000030517578,257.8999938964844,249.10000610351562,252.14999389648438,104527
2025-12-11,250.10000610351562,250.10000610351562,256.5,248.1999969482422,252.89999389648438,133747
2025-12-12,252.25,252.25,256.3999938964844,250.0,251.25,249042
2025-12-15,250.60000610351562,250.60000610351562,254.75,249.1999969482422,254.75,103259
2025-12-16,253.35000610351562,253.35000610351562,254.9499969482422,249.0500030517578,250.35000610351562,99911
2025-12-17,247.85000610351562,247.85000610351562,253.85000610351562,246.8000030517578,253.8000030517578,109287
2025-12-18,246.64999389648438,246.64999389648438,248.0,243.10000610351562,246.85000610351562,90890
2025-12-19,249.1999969482422,249.1999969482422,251.0,246.14999389648438,246.75,108235
2025-12-22,249.9499969482422,249.9499969482422,256.45001220703125,248.6999969482422,249.1999969482422,146807
2025-12-23,251.35000610351562,251.35000610351562,251.85000610351562,249.0,249.60000610351562,89755
2025-12-24,249.6999969482422,249.6999969482422,256.0,249.14999389648438,250.6999969482422,88721
2025-12-26,251.8000030517578,251.8000030517578,253.0,248.8000030517578,251.5,99014
2025-12-29,248.8000030517578,248.8000030517578,252.3000030517578,247.5,252.10000610351562,101706
2025-12-30,248.89999389648438,248.89999389648438,250.5,246.64999389648438,248.5,82996
2025-12-31,261.1499938964844,261.1499938964844,262.3500061035156,248.6999969482422,248.6999969482422,294098
2026-01-01,267.20001220703125,267.20001220703125,276.5,260.5,264.6499938964844,477032
2026-01-02,262.70001220703125,262.70001220703125,267.75,260.5,267.75,158272
2026-01-05,257.20001220703125,257.20001220703125,263.8999938964844,255.8000030517578,261.20001220703125,151417
2026-01-06,254.8000030517578,254.8000030517578,257.95001220703125,253.39999389648438,257.8999938964844,76767
2026-01-07,252.85000610351562,252.85000610351562,255.89999389648438,251.64999389648438,253.39999389648438,74128
2026-01-08,248.60000610351562,248.60000610351562,259.3500061035156,247.89999389648438,252.85000610351562,168256
2026-01-09,243.3000030517578,243.3000030517578,248.8000030517578,242.0,248.0,102193
2026-01-12,242.8000030517578,242.8000030517578,248.0,235.8000030517578,241.9499969482422,127546
2026-01-13,241.5500030517578,241.5500030517578,245.85000610351562,239.6999969482422,245.14999389648438,67331
2026-01-14,246.6999969482422,246.6999969482422,248.10000610351562,241.5500030517578,241.5500030517578,88965
2026-01-15,246.6999969482422,246.6999969482422,246.6999969482422,246.6999969482422,246.6999969482422,0
2026-01-16,242.6999969482422,242.6999969482422,247.9499969482422,242.0,246.0,55490
2026-01-19,238.89999389648438,238.89999389648438,242.5500030517578,237.10000610351562,240.0500030517578,87629
2026-01-20,239.9499969482422,239.9499969482422,242.0,235.10000610351562,237.85000610351562,144751
2026-01-21,240.35000610351562,240.35000610351562,242.39999389648438,230.1999969482422,237.0,217422
2026-01-22,243.25,243.25,246.5500030517578,239.5500030517578,240.0,67140
2026-01-23,236.14999389648438,236.14999389648438,244.25,232.3000030517578,244.25,77026
2026-01-27,231.0,231.0,237.4499969482422,230.0,237.25,96940
2026-01-28,238.9499969482422,238.9499969482422,239.6999969482422,231.85000610351562,231.85000610351562,52412
2026-01-29,237.14999389648438,237.14999389648438,239.6999969482422,232.1999969482422,238.9499969482422,82630
2026-01-30,239.1999969482422,239.1999969482422,241.9499969482422,232.25,234.60000610351562,60759
2026-02-02,235.3699951171875,235.3699951171875,238.35000610351562,230.0,235.75999450683594,86179
2026-02-03,241.35000610351562,241.35000610351562,243.5399932861328,237.52000427246094,240.0,83863
2026-02-04,250.35000610351562,250.35000610351562,252.50999450683594,238.66000366210938,240.39999389648438,127002
2026-02-05,262.1000061035156,262.1000061035156,264.0,248.0,248.60000610351562,334793
2026-02-06,264.44000244140625,264.44000244140625,267.0,251.0,259.20001220703125,225800
2026-02-09,265.05999755859375,265.05999755859375,271.0,260.0,265.25,159353
2026-02-10,259.30999755859375,259.30999755859375,273.239990234375,255.1199951171875,266.3999938964844,169266
2026-02-11,271.6700134277344,271.6700134277344,282.29998779296875,255.1999969482422,258.9599914550781,1476004
2026-02-12,271.75,271.75,276.6000061035156,266.05999755859375,270.989990234375,224808
2026-02-13,266.07000732421875,266.07000732421875,269.989990234375,265.04998779296875,269.25,109452
2026-02-16,259.3299865722656,259.3299865722656,267.17999267578125,257.3500061035156,266.05999755859375,102514
2026-02-17,269.2300109863281,269.2300109863281,271.25,255.1999969482422,257.45001220703125,157975
2026-02-18,266.54998779296875,266.54998779296875,273.29998779296875,263.0,269.75,99045
2026-02-19,261.57000732421875,261.57000732421875,268.5,260.1300048828125,266.8999938964844,85212
2026-02-20,259.6600036621094,259.6600036621094,267.8500061035156,258.20001220703125,263.8999938964844,93857
2026-02-23,259.3900146484375,259.3900146484375,263.95001220703125,257.1600036621094,263.95001220703125,56355
2026-02-24,250.41000366210938,250.41000366210938,263.6400146484375,247.86000061035156,258.0,108504
2026-02-25,249.61000061035156,249.61000061035156,253.4600067138672,246.5,251.63999938964844,79594
2026-02-26,251.3300018310547,251.3300018310547,254.8000030517578,248.14999389648438,249.89999389648438,129220
2026-02-27,252.3300018310547,252.3300018310547,254.9499969482422,249.0500030517578,251.00999450683594,69717
2026-03-02,244.35000610351562,244.35000610351562,248.8000030517578,240.5,243.0,139032
2026-03-04,236.0,236.0,239.85000610351562,234.5,239.85000610351562,122517
2026-03-05,238.6999969482422,238.6999969482422,240.85000610351562,234.4499969482422,236.0,102022
2026-03-06,239.6999969482422,239.6999969482422,242.3000030517578,237.0,237.0,85094
2026-03-09,235.0500030517578,235.0500030517578,238.25,229.10000610351562,235.0,116977
2026-03-10,248.5500030517578,248.5500030517578,269.0,236.25,236.75,927344
2026-03-11,262.04998779296875,262.04998779296875,271.45001220703125,256.5,265.0,1352104
2026-03-12,255.14999389648438,255.14999389648438,259.8999938964844,250.10000610351562,259.8999938964844,254481
2026-03-13,244.14999389648438,244.14999389648438,252.9499969482422,243.0,250.4499969482422,133812
2026-03-16,241.39999389648438,241.39999389648438,245.4499969482422,236.0500030517578,245.0,141968
2026-03-17,238.89999389648438,238.89999389648438,243.5,238.10000610351562,241.39999389648438,104413
2026-03-18,249.0,249.0,253.0,238.89999389648438,239.0500030517578,173990
2026-03-19,239.25,239.25,246.6999969482422,238.25,246.14999389648438,78046
2026-03-20,238.85000610351562,238.85000610351562,243.89999389648438,237.0,237.0,92020
2026-03-23,223.5,223.5,238.25,216.5500030517578,236.0,320165
2026-03-24,226.10000610351562,226.10000610351562,234.14999389648438,220.14999389648438,226.75,212532
2026-03-25,230.3000030517578,230.3000030517578,237.75,228.25,228.25,211711
2026-03-27,217.64999389648438,217.64999389648438,228.0,216.0,228.0,470558
2026-03-30,206.0500030517578,206.0500030517578,217.6999969482422,205.0,217.64999389648438,317817
2026-04-01,223.27999877929688,223.27999877929688,225.0,210.61000061035156,211.0,234389
2026-04-02,224.8800048828125,224.8800048828125,225.9499969482422,210.0,221.58999633789062,245271
2026-04-06,227.19000244140625,227.19000244140625,240.19000244140625,220.25999450683594,224.8800048828125,579940
2026-04-07,228.39999389648438,228.39999389648438,232.3000030517578,224.64999389648438,227.19000244140625,137630
2026-04-08,241.02000427246094,241.02000427246094,245.6199951171875,232.64999389648438,240.0,228542
2026-04-09,237.1999969482422,237.1999969482422,244.69000244140625,235.4199981689453,241.02000427246094,148117
2026-04-10,239.82000732421875,239.82000732421875,246.0,237.22999572753906,237.27999877929688,199838
2026-04-13,240.3699951171875,240.3699951171875,243.7899932861328,231.0,234.89999389648438,117473
2026-04-15,248.67999267578125,248.67999267578125,253.89999389648438,242.0,242.0,273205
2026-04-16,255.57000732421875,255.57000732421875,257.25,249.61000061035156,250.0,190040
2026-04-17,254.9499969482422,254.9499969482422,258.9599914550781,254.0,258.0,141830
2026-04-20,257.0199890136719,257.0199890136719,262.9100036621094,250.3800048828125,254.9499969482422,171594
2026-04-21,259.2200012207031,259.2200012207031,263.0,255.1699981689453,256.9100036621094,124480
2026-04-22,263.1300048828125,263.1300048828125,264.20001220703125,257.94000244140625,259.010009765625,108502
2026-04-23,257.3299865722656,257.3299865722656,264.489990234375,256.260009765625,263.8999938964844,146209
2026-04-24,262.3299865722656,262.3299865722656,268.6000061035156,252.0399932861328,257.0,111537
2026-04-27,274.17999267578125,274.17999267578125,279.7099914550781,260.2200012207031,261.3999938964844,459568
