Date,Adj Close,Close,High,Low,Open,Volume
,RADICO.NS,RADICO.NS,RADICO.NS,RADICO.NS,RADICO.NS,RADICO.NS
2010-01-04,107.07307434082031,115.75,118.75,115.0,115.0,120744
2010-01-05,106.65680694580078,115.30000305175781,117.69999694824219,114.0999984741211,117.69999694824219,106174
2010-01-06,106.14801788330078,114.75,116.80000305175781,114.0,116.80000305175781,141109
2010-01-07,106.70304107666016,115.3499984741211,119.4000015258789,114.44999694824219,116.30000305175781,154806
2010-01-08,106.1017837524414,114.69999694824219,116.8499984741211,114.4000015258789,116.19999694824219,60702
2010-01-11,105.9630355834961,114.55000305175781,116.5,114.0999984741211,115.0,112643
2010-01-12,106.19429779052734,114.80000305175781,116.5,114.25,116.0,109974
2010-01-13,107.2580795288086,115.94999694824219,116.69999694824219,114.0,114.30000305175781,117830
2010-01-14,107.30432891845703,116.0,118.0,115.5,118.0,150485
2010-01-15,108.69188690185547,117.5,120.44999694824219,115.5,115.6500015258789,796248
2010-01-18,111.05072784423828,120.05000305175781,122.6500015258789,117.0,117.05000305175781,1019178
2010-01-19,110.07943725585938,119.0,123.19999694824219,118.5,120.69999694824219,256230
2010-01-20,110.35694885253906,119.30000305175781,123.5,119.0,120.0,947343
2010-01-21,106.9343032836914,115.5999984741211,120.3499984741211,113.19999694824219,119.0,381442
2010-01-22,106.24052429199219,114.8499984741211,116.9000015258789,111.94999694824219,114.0,238218
2010-01-25,104.85297393798828,113.3499984741211,115.0,112.5,114.8499984741211,126714
2010-01-27,101.33783721923828,109.55000305175781,113.80000305175781,108.0999984741211,113.4000015258789,135341
2010-01-28,102.81790924072266,111.1500015258789,113.4000015258789,109.4000015258789,111.19999694824219,90167
2010-01-29,106.8880615234375,115.55000305175781,117.4000015258789,108.0,111.8499984741211,602599
2010-02-01,105.54676055908203,114.0999984741211,116.0,113.19999694824219,115.9000015258789,74330
2010-02-02,106.70304107666016,115.3499984741211,121.0,114.25,116.30000305175781,217590
2010-02-03,107.11933898925781,115.80000305175781,118.1500015258789,115.19999694824219,115.30000305175781,128367
2010-02-04,104.9454574584961,113.44999694824219,116.5,112.6500015258789,115.0999984741211,93593
2010-02-05,102.03162384033203,110.30000305175781,113.5,109.5,109.5,72618
2010-02-08,104.48295593261719,112.94999694824219,114.0,111.55000305175781,112.9000015258789,33557
2010-02-09,104.29795837402344,112.75,114.4000015258789,112.4000015258789,114.4000015258789,72683
2010-02-10,106.00926971435547,114.5999984741211,118.0,113.0,116.0,110214
2010-02-11,105.87051391601562,114.44999694824219,116.5,113.9000015258789,115.94999694824219,33393
2010-02-15,104.6217269897461,113.0999984741211,115.0,112.5,115.0,13128
2010-02-16,104.25170135498047,112.69999694824219,114.8499984741211,112.0,114.0,37691
2010-02-17,105.40799713134766,113.94999694824219,117.9000015258789,113.3499984741211,114.30000305175781,60200
2010-02-18,105.59300231933594,114.1500015258789,115.8499984741211,113.5,114.9000015258789,72165
2010-02-19,104.34420776367188,112.80000305175781,115.0,111.5,114.0,63560
2010-02-22,104.66797637939453,113.1500015258789,114.0,112.05000305175781,113.05000305175781,92056
2010-02-23,104.48295593261719,112.94999694824219,113.80000305175781,110.25,112.5,130545
2010-02-24,104.6217269897461,113.0999984741211,113.4000015258789,111.0,111.55000305175781,107100
2010-02-25,102.95664978027344,111.30000305175781,116.0,110.80000305175781,116.0,24407
2010-02-26,104.2054443359375,112.6500015258789,113.4000015258789,111.0,112.80000305175781,86359
2010-03-02,105.68550109863281,114.25,115.0,113.0,113.94999694824219,48035
2010-03-03,109.38566589355469,118.25,119.44999694824219,114.30000305175781,114.9000015258789,177506
2010-03-04,110.35694885253906,119.30000305175781,120.5,116.69999694824219,117.0,154499
2010-03-05,108.64562225341797,117.44999694824219,120.0,116.9000015258789,120.0,81828
2010-03-08,109.4781723022461,118.3499984741211,123.0,117.5,117.5,604872
2010-03-09,110.72695922851562,119.69999694824219,120.9000015258789,117.75,119.0,151996
2010-03-10,110.12570190429688,119.05000305175781,122.0,118.25,120.4000015258789,121473
2010-03-11,110.49569702148438,119.44999694824219,120.4000015258789,118.5,119.0,89229
2010-03-12,111.79075622558594,120.8499984741211,123.80000305175781,118.3499984741211,119.9000015258789,436454
2010-03-15,110.54195404052734,119.5,122.5,119.0,121.0,92595
2010-03-16,115.72216796875,125.0999984741211,126.44999694824219,121.0,121.0,857569
2010-03-17,115.76841735839844,125.1500015258789,127.80000305175781,124.6500015258789,127.0,180769
2010-03-18,120.48612976074219,130.25,133.75,123.30000305175781,125.5999984741211,848124
2010-03-19,120.25484466552734,130.0,134.39999389648438,129.0,132.0,284189
2010-03-22,119.00605010986328,128.64999389648438,131.9499969482422,126.55000305175781,129.0,112762
2010-03-23,118.03475952148438,127.5999984741211,130.5500030517578,126.5999984741211,129.25,319702
2010-03-25,118.95979309082031,128.60000610351562,131.4499969482422,127.5,127.5,571925
2010-03-26,118.72853088378906,128.35000610351562,130.3000030517578,127.30000305175781,128.8000030517578,462283
2010-03-29,117.89601135253906,127.44999694824219,128.9499969482422,125.5,128.9499969482422,1066555
2010-03-30,116.78595733642578,126.25,127.94999694824219,125.5,127.94999694824219,557797
2010-03-31,118.58976745605469,128.1999969482422,132.0,125.55000305175781,126.75,354561
2010-04-01,119.97732543945312,129.6999969482422,131.5,127.0,128.4499969482422,99773
2010-04-05,118.7747802734375,128.39999389648438,129.6999969482422,127.5,128.0,45623
2010-04-06,119.51482391357422,129.1999969482422,139.8000030517578,128.25,139.8000030517578,146828
2010-04-07,119.60730743408203,129.3000030517578,130.89999389648438,127.30000305175781,130.89999389648438,94848
2010-04-08,120.25484466552734,130.0,133.0,128.0500030517578,128.0500030517578,607808
2010-04-09,122.10492706298828,132.0,132.89999389648438,130.5500030517578,131.9499969482422,75344
2010-04-12,123.35371398925781,133.35000610351562,136.1999969482422,132.5,133.5,199386
2010-04-13,122.01242065429688,131.89999389648438,134.8000030517578,131.5500030517578,134.8000030517578,95873
2010-04-15,124.32500457763672,134.39999389648438,135.0,132.6999969482422,134.39999389648438,194150
2010-04-16,119.56106567382812,129.25,134.39999389648438,128.0500030517578,134.1999969482422,69928
2010-04-19,118.35852813720703,127.94999694824219,129.5,125.5999984741211,127.5999984741211,41711
2010-04-20,119.23729705810547,128.89999389648438,132.0,128.14999389648438,129.5,106448
2010-04-21,121.50365447998047,131.35000610351562,134.39999389648438,129.85000610351562,129.85000610351562,201751
2010-04-22,121.82740783691406,131.6999969482422,132.8000030517578,130.10000610351562,130.1999969482422,34229
2010-04-23,120.39359283447266,130.14999389648438,132.1999969482422,129.1999969482422,131.35000610351562,21159
2010-04-26,119.93106079101562,129.64999389648438,131.9499969482422,128.60000610351562,129.0,106666
2010-04-27,118.9135513305664,128.5500030517578,131.0,127.1500015258789,129.10000610351562,108899
2010-04-28,120.30111694335938,130.0500030517578,132.64999389648438,126.9000015258789,127.5,414280
2010-04-29,120.57862091064453,130.35000610351562,132.0,129.14999389648438,130.5,101311
2010-04-30,120.02357482910156,129.75,131.4499969482422,129.0,131.0500030517578,166317
2010-05-03,119.6998291015625,129.39999389648438,131.8000030517578,128.64999389648438,131.8000030517578,21110
2010-05-04,118.2660140991211,127.8499984741211,134.4499969482422,126.80000305175781,130.25,293902
2010-05-05,116.41594696044922,125.8499984741211,127.4000015258789,121.5999984741211,125.0,237434
2010-05-06,114.88961029052734,124.19999694824219,125.94999694824219,123.75,125.25,29847
2010-05-07,115.62966918945312,125.0,126.9000015258789,122.4000015258789,123.5,117186
2010-05-10,117.20221710205078,126.69999694824219,132.8000030517578,125.19999694824219,127.0,449591
2010-05-11,119.00605010986328,128.64999389648438,131.0,127.5,128.10000610351562,306347
2010-05-12,118.4047622680664,128.0,130.0,127.0999984741211,129.1999969482422,145816
2010-05-13,119.60730743408203,129.3000030517578,131.0,128.5,128.5,428627
2010-05-14,116.78595733642578,126.25,129.6999969482422,125.0999984741211,129.0,44203
2010-05-17,112.43826293945312,121.55000305175781,125.9000015258789,119.5,125.9000015258789,349284
2010-05-18,113.9183349609375,123.1500015258789,124.0,119.6500015258789,121.0,100385
2010-05-19,116.27719116210938,125.69999694824219,127.69999694824219,122.0,123.0,306111
2010-05-20,113.68707275390625,122.9000015258789,126.5,122.25,125.30000305175781,28054
2010-05-21,113.9183349609375,123.1500015258789,125.5,120.5,121.0,57305
2010-05-24,115.02838134765625,124.3499984741211,125.94999694824219,122.8499984741211,125.0,17084
2010-05-25,112.80828857421875,121.94999694824219,123.5,121.0999984741211,123.0,18040
2010-05-26,113.73331451416016,122.94999694824219,123.9000015258789,122.19999694824219,122.69999694824219,11777
2010-05-27,113.03954315185547,122.19999694824219,124.44999694824219,121.5,123.0,21485
2010-05-28,113.73331451416016,122.94999694824219,124.5999984741211,122.3499984741211,123.19999694824219,102026
2010-05-31,113.27082061767578,122.44999694824219,123.69999694824219,121.5,122.30000305175781,41306
2010-06-01,112.48452758789062,121.5999984741211,123.44999694824219,121.0999984741211,122.0999984741211,39033
2010-06-02,112.16077423095703,121.25,122.80000305175781,120.55000305175781,122.80000305175781,10256
2010-06-03,112.71578979492188,121.8499984741211,122.94999694824219,120.5999984741211,122.0,54490
2010-06-04,111.55950164794922,120.5999984741211,121.8499984741211,120.0,121.25,431768
2010-06-07,110.49569702148438,119.44999694824219,121.30000305175781,118.19999694824219,120.5,54027
2010-06-08,112.34577178955078,121.44999694824219,123.0,119.1500015258789,120.0999984741211,138802
2010-06-09,110.12570190429688,119.05000305175781,121.6500015258789,118.5,121.6500015258789,166676
2010-06-10,110.58821105957031,119.55000305175781,121.5,118.69999694824219,120.69999694824219,172226
2010-06-11,112.62328338623047,121.75,122.94999694824219,119.1500015258789,120.8499984741211,24804
2010-06-14,111.60574340820312,120.6500015258789,124.5,120.19999694824219,122.0,17013
2010-06-15,110.9582290649414,119.94999694824219,121.8499984741211,119.55000305175781,120.5999984741211,16908
2010-06-16,110.91197967529297,119.9000015258789,120.94999694824219,119.5,120.94999694824219,12371
2010-06-17,110.77320861816406,119.75,120.5,119.05000305175781,120.0,20395
2010-06-18,110.35694885253906,119.30000305175781,120.4000015258789,118.9000015258789,120.4000015258789,162399
2010-06-21,110.17194366455078,119.0999984741211,122.0,118.0999984741211,122.0,58667
2010-06-22,110.07943725585938,119.0,122.69999694824219,118.6500015258789,120.80000305175781,135298
2010-06-23,110.77320861816406,119.75,120.9000015258789,119.19999694824219,120.6500015258789,14592
2010-06-24,110.17194366455078,119.0999984741211,122.0,118.5999984741211,122.0,443449
2010-06-25,108.18311309814453,116.94999694824219,120.5,116.05000305175781,118.19999694824219,108769
2010-06-28,107.6743392944336,116.4000015258789,119.0999984741211,116.0,119.0999984741211,388591
2010-06-29,108.50687408447266,117.30000305175781,119.5999984741211,116.6500015258789,117.8499984741211,33371
2010-06-30,109.29315948486328,118.1500015258789,119.25,116.30000305175781,117.94999694824219,421114
2010-07-01,110.49569702148438,119.44999694824219,124.80000305175781,117.5,118.94999694824219,571449
2010-07-02,110.68071746826172,119.6500015258789,122.6500015258789,118.6500015258789,118.6500015258789,83919
2010-07-05,109.01564025878906,117.8499984741211,120.80000305175781,117.25,120.80000305175781,33090
2010-07-06,109.24690246582031,118.0999984741211,119.19999694824219,117.19999694824219,117.19999694824219,27544
2010-07-07,108.78437805175781,117.5999984741211,119.44999694824219,117.05000305175781,118.0,277752
2010-07-08,109.84817504882812,118.75,119.5,118.1500015258789,118.5,18166
2010-07-09,108.59937286376953,117.4000015258789,119.5,116.5999984741211,119.5,33417
2010-07-12,110.86571502685547,119.8499984741211,121.4000015258789,117.25,117.25,288113
2010-07-13,109.75569152832031,118.6500015258789,122.5,117.94999694824219,120.30000305175781,473315
2010-07-14,109.70941925048828,118.5999984741211,120.25,118.1500015258789,119.9000015258789,61281
2010-07-15,112.34577178955078,121.44999694824219,122.0999984741211,118.1500015258789,119.44999694824219,75730
2010-07-16,110.81947326660156,119.80000305175781,121.0,118.05000305175781,121.0,73073
2010-07-19,114.38087463378906,123.6500015258789,125.19999694824219,119.0,119.80000305175781,347149
2010-07-20,117.15596771240234,126.6500015258789,127.80000305175781,124.5,124.75,285421
2010-07-21,117.94224548339844,127.5,128.5,126.0999984741211,128.0,230520
2010-07-22,118.4047622680664,128.0,129.0,126.30000305175781,127.0999984741211,150217
2010-07-23,122.93746185302734,132.89999389648438,136.39999389648438,127.05000305175781,128.0500030517578,747947
2010-07-26,125.75880432128906,135.9499969482422,137.9499969482422,128.3000030517578,133.5,628042
2010-07-27,119.09854125976562,128.75,140.60000610351562,125.0999984741211,136.8000030517578,819426
2010-07-28,121.17987060546875,131.0,132.89999389648438,128.5500030517578,131.5,74513
2010-07-29,120.25484466552734,130.0,132.4499969482422,128.35000610351562,128.35000610351562,44706
2010-07-30,117.4334716796875,126.94999694824219,133.60000610351562,126.25,128.8000030517578,125897
2010-08-02,119.42232513427734,129.10000610351562,129.9499969482422,127.19999694824219,129.0,35923
2010-08-03,117.61849212646484,127.1500015258789,129.9499969482422,125.94999694824219,129.39999389648438,60484
2010-08-04,118.21977996826172,127.80000305175781,129.9499969482422,126.0,127.0,71746
2010-08-05,118.49726867675781,128.10000610351562,131.85000610351562,127.25,130.0,72050
2010-08-06,118.63601684570312,128.25,130.8000030517578,127.0,128.0,71549
2010-08-09,120.11609649658203,129.85000610351562,131.0,128.0,128.0,46432
2010-08-10,120.06983947753906,129.8000030517578,130.5,126.55000305175781,129.5500030517578,107672
2010-08-11,120.25484466552734,130.0,131.5,128.39999389648438,128.39999389648438,70638
2010-08-12,117.94224548339844,127.5,129.9499969482422,126.0999984741211,126.30000305175781,147759
2010-08-13,118.63601684570312,128.25,128.8000030517578,126.55000305175781,127.55000305175781,50897
2010-08-16,120.39359283447266,130.14999389648438,130.5,128.0,128.6999969482422,172406
2010-08-17,121.45738983154297,131.3000030517578,134.0,130.14999389648438,130.14999389648438,113526
2010-08-18,121.27239227294922,131.10000610351562,132.0,130.60000610351562,131.10000610351562,53017
2010-08-19,123.07621765136719,133.0500030517578,135.39999389648438,131.5,132.0,228931
2010-08-20,125.94381713867188,136.14999389648438,139.85000610351562,133.0,133.0,427609
2010-08-23,138.80186462402344,150.0500030517578,156.89999389648438,137.39999389648438,137.89999389648438,1250905
2010-08-24,139.49562072753906,150.8000030517578,155.3000030517578,146.6999969482422,152.5,664507
2010-08-25,139.35684204101562,150.64999389648438,155.0,147.0500030517578,152.10000610351562,395066
2010-08-26,142.03948974609375,153.5500030517578,159.8000030517578,148.1999969482422,150.64999389648438,686394
2010-08-27,139.81936645507812,151.14999389648438,156.89999389648438,149.3000030517578,154.0,230527
2010-08-30,141.4844512939453,152.9499969482422,155.6999969482422,151.5,152.5,189787
2010-08-31,148.12452697753906,159.5,162.5,152.9499969482422,153.9499969482422,2215782
2010-09-01,160.84744262695312,173.1999969482422,174.0,159.0,161.5,2086520
2010-09-02,158.6650390625,170.85000610351562,175.8000030517578,165.60000610351562,175.0,1244735
2010-09-03,156.85409545898438,168.89999389648438,173.39999389648438,166.8000030517578,171.39999389648438,404351
2010-09-06,156.25047302246094,168.25,172.35000610351562,165.60000610351562,170.8000030517578,402539
2010-09-07,159.40798950195312,171.64999389648438,175.35000610351562,168.35000610351562,169.10000610351562,394143
2010-09-08,160.52239990234375,172.85000610351562,175.0,170.0500030517578,171.5,374034
2010-09-09,155.3682098388672,167.3000030517578,174.0,166.35000610351562,174.0,282847
2010-09-13,161.40463256835938,173.8000030517578,176.0,167.10000610351562,169.8000030517578,487803
2010-09-14,156.80767822265625,168.85000610351562,174.60000610351562,167.0,174.0,561284
2010-09-15,159.91876220703125,172.1999969482422,175.5500030517578,168.5,172.0,719941
2010-09-16,158.4792938232422,170.64999389648438,171.85000610351562,169.10000610351562,171.5,120260
2010-09-17,159.50082397460938,171.75,173.5,167.60000610351562,172.0,322662
2010-09-20,164.00497436523438,176.60000610351562,179.0,172.89999389648438,172.89999389648438,573495
2010-09-21,166.1873321533203,178.9499969482422,179.89999389648438,173.1999969482422,178.60000610351562,751807
2010-09-22,168.74119567871094,181.6999969482422,184.0,179.5,179.5,1139767
2010-09-23,162.24044799804688,174.6999969482422,183.5,173.3000030517578,182.10000610351562,185559
2010-09-24,165.58372497558594,178.3000030517578,179.0,174.3000030517578,175.0500030517578,165001
2010-09-27,161.4975128173828,173.89999389648438,181.9499969482422,172.0500030517578,177.0,359450
2010-09-28,160.94029235839844,173.3000030517578,176.8000030517578,172.0500030517578,175.25,70048
2010-09-29,160.89389038085938,173.25,174.6999969482422,172.0,174.5,85657
2010-09-30,161.07958984375,173.4499969482422,174.75,160.35000610351562,174.0,212235
2010-10-01,164.14427185058594,176.75,177.89999389648438,172.4499969482422,174.5,160772
2010-10-04,164.7478790283203,177.39999389648438,179.0,174.10000610351562,176.89999389648438,274612
2010-10-05,166.8838348388672,179.6999969482422,180.0,173.5500030517578,175.0,514217
2010-10-06,169.1591339111328,182.14999389648438,183.0,177.6999969482422,179.39999389648438,589211
2010-10-07,167.8125457763672,180.6999969482422,184.1999969482422,178.5,184.1999969482422,278357
2010-10-08,167.3482208251953,180.1999969482422,181.85000610351562,177.25,181.0,111614
2010-10-11,164.0978240966797,176.6999969482422,183.0,174.3000030517578,180.1999969482422,290888
2010-10-12,163.7263641357422,176.3000030517578,177.39999389648438,173.5,177.0,89243
2010-10-13,167.06961059570312,179.89999389648438,180.75,175.60000610351562,175.60000610351562,851518
2010-10-14,161.31178283691406,173.6999969482422,182.4499969482422,172.14999389648438,182.0,79061
2010-10-15,158.6650390625,170.85000610351562,177.0,168.5,177.0,309047
2010-10-18,160.6616973876953,173.0,174.85000610351562,168.0500030517578,169.4499969482422,439064
2010-10-19,158.6186065673828,170.8000030517578,174.64999389648438,170.1999969482422,173.5,22396
2010-10-20,158.5257568359375,170.6999969482422,172.0,168.3000030517578,169.0,17281
2010-10-21,161.21888732910156,173.60000610351562,174.5,170.0500030517578,170.0500030517578,26721
2010-10-22,158.7114715576172,170.89999389648438,175.5,170.1999969482422,175.5,19482
2010-10-25,159.5472869873047,171.8000030517578,174.89999389648438,170.3000030517578,171.0,23981
2010-10-26,159.36158752441406,171.60000610351562,174.0,170.10000610351562,174.0,193352
2010-10-27,158.7114715576172,170.89999389648438,173.5,170.0,171.0,19368
2010-10-28,164.14427185058594,176.75,179.8000030517578,169.5500030517578,173.85000610351562,190189
2010-10-29,166.04806518554688,178.8000030517578,184.89999389648438,175.14999389648438,178.5500030517578,547974
2010-11-01,156.76126098632812,168.8000030517578,183.4499969482422,152.1999969482422,183.4499969482422,458893
2010-11-02,164.4228515625,177.0500030517578,180.0,174.10000610351562,175.0500030517578,246969
2010-11-03,165.39796447753906,178.10000610351562,179.6999969482422,176.0,178.0,238834
2010-11-04,165.02645874023438,177.6999969482422,186.60000610351562,176.10000610351562,180.25,892395
2010-11-08,163.0762481689453,175.60000610351562,181.10000610351562,173.3000030517578,181.10000610351562,68065
2010-11-09,167.53392028808594,180.39999389648438,182.0,175.0,175.0,248380
2010-11-10,168.7876739501953,181.75,183.0,177.1999969482422,180.0,249562
2010-11-11,165.16580200195312,177.85000610351562,183.89999389648438,176.1999969482422,183.0,289202
2010-11-12,162.75123596191406,175.25,178.9499969482422,174.0,177.60000610351562,68046
2010-11-15,161.82257080078125,174.25,176.75,172.10000610351562,173.10000610351562,58601
2010-11-16,156.76126098632812,168.8000030517578,175.9499969482422,165.1999969482422,173.14999389648438,214731
2010-11-18,155.2289276123047,167.14999389648438,170.9499969482422,165.5500030517578,170.10000610351562,102893
2010-11-19,153.0929718017578,164.85000610351562,172.0,162.3000030517578,170.9499969482422,118073
2010-11-22,154.30026245117188,166.14999389648438,168.8000030517578,162.5,166.0,78827
2010-11-23,152.8143768310547,164.5500030517578,165.89999389648438,152.39999389648438,164.0,72820
2010-11-24,150.2140350341797,161.75,166.9499969482422,160.25,166.9499969482422,104705
2010-11-25,147.33509826660156,158.64999389648438,164.3000030517578,154.5500030517578,162.75,193914
2010-11-26,143.52752685546875,154.5500030517578,162.0,147.0,162.0,268882
2010-11-29,143.9454803466797,155.0,157.8000030517578,152.10000610351562,155.0500030517578,314841
2010-11-30,149.93544006347656,161.4499969482422,163.64999389648438,154.1999969482422,155.0,39068
2010-12-01,152.53573608398438,164.25,165.4499969482422,161.64999389648438,162.9499969482422,52968
2010-12-02,152.7214813232422,164.4499969482422,167.0,163.0,167.0,52067
2010-12-03,147.66021728515625,159.0,165.9499969482422,155.10000610351562,163.0,121058
2010-12-06,145.80282592773438,157.0,163.0,155.35000610351562,161.0,88645
2010-12-07,144.2240753173828,155.3000030517578,159.5,154.10000610351562,159.5,117838
2010-12-08,143.71328735351562,154.75,160.0,151.3000030517578,158.0,96972
2010-12-09,140.1378631591797,150.89999389648438,156.6999969482422,143.35000610351562,156.6999969482422,236172
2010-12-10,140.92726135253906,151.75,155.0,144.1999969482422,155.0,118922
2010-12-13,146.31356811523438,157.5500030517578,159.9499969482422,150.14999389648438,154.8000030517578,55575
2010-12-14,150.6319580078125,162.1999969482422,166.60000610351562,158.10000610351562,159.8000030517578,75128
2010-12-15,152.1178436279297,163.8000030517578,164.9499969482422,156.35000610351562,161.6999969482422,51138
2010-12-16,150.6319580078125,162.1999969482422,165.89999389648438,156.35000610351562,163.8000030517578,218057
2010-12-20,148.49600219726562,159.89999389648438,161.89999389648438,157.5,158.1999969482422,28063
2010-12-21,149.47108459472656,160.9499969482422,163.5,159.85000610351562,163.5,74085
2010-12-22,145.33847045898438,156.5,165.0500030517578,155.0,163.5,130228
2010-12-23,147.8459014892578,159.1999969482422,162.8000030517578,158.39999389648438,159.0,194248
2010-12-24,148.68174743652344,160.10000610351562,161.8000030517578,156.10000610351562,161.8000030517578,148121
2010-12-27,145.8492431640625,157.0500030517578,162.4499969482422,156.35000610351562,160.0,47299
2010-12-28,148.9603271484375,160.39999389648438,162.35000610351562,155.5,158.85000610351562,69534
2010-12-29,147.79946899414062,159.14999389648438,163.3000030517578,158.35000610351562,163.3000030517578,92018
2010-12-30,144.27049255371094,155.35000610351562,161.5,154.25,161.5,196479
2010-12-31,146.17428588867188,157.39999389648438,158.89999389648438,155.0,155.0,101991
2011-01-03,146.7314910888672,158.0,160.0,157.5,160.0,24494
2011-01-04,145.47776794433594,156.64999389648438,159.8000030517578,155.9499969482422,159.8000030517578,45886
2011-01-05,145.61708068847656,156.8000030517578,158.0,155.10000610351562,157.5,29273
2011-01-06,146.6386260986328,157.89999389648438,158.8000030517578,155.6999969482422,158.8000030517578,60623
2011-01-07,143.71328735351562,154.75,160.0,153.0,158.6999969482422,32959
2011-01-10,143.52752685546875,154.5500030517578,157.8000030517578,153.5,156.8000030517578,44123
2011-01-11,140.64866638183594,151.4499969482422,156.0,149.10000610351562,154.0500030517578,156799
2011-01-12,142.78460693359375,153.75,156.0,152.89999389648438,155.6999969482422,74352
2011-01-13,140.60218811035156,151.39999389648438,155.8000030517578,150.10000610351562,155.8000030517578,50298
2011-01-14,140.69503784179688,151.5,153.6999969482422,150.0500030517578,151.5,118497
2011-01-17,139.9056854248047,150.64999389648438,152.9499969482422,147.4499969482422,150.89999389648438,69110
2011-01-18,139.39491271972656,150.10000610351562,152.8000030517578,144.25,151.5,223764
2011-01-19,134.70509338378906,145.0500030517578,151.89999389648438,143.1999969482422,151.89999389648438,320165
2011-01-20,132.98703002929688,143.1999969482422,146.25,141.1999969482422,143.0,191846
2011-01-21,130.75819396972656,140.8000030517578,144.0,136.10000610351562,144.0,801583
2011-01-24,128.71511840820312,138.60000610351562,141.89999389648438,136.25,141.89999389648438,304853
2011-01-25,127.46141052246094,137.25,141.6999969482422,132.6999969482422,140.6999969482422,586504
2011-01-27,126.81130981445312,136.5500030517578,138.85000610351562,134.1999969482422,135.0,772371
2011-01-28,124.0252685546875,133.5500030517578,138.85000610351562,130.8000030517578,138.85000610351562,441908
2011-01-31,124.90750122070312,134.5,135.5,133.0500030517578,134.5,66358
2011-02-01,126.43982696533203,136.14999389648438,138.0,135.0,135.89999389648438,297840
2011-02-02,130.94393920898438,141.0,143.5,137.75,140.89999389648438,202037
2011-02-03,129.50448608398438,139.4499969482422,143.0,137.60000610351562,143.0,144354
2011-02-04,130.4331512451172,140.4499969482422,142.14999389648438,137.9499969482422,138.6999969482422,152841
2011-02-07,127.60067749023438,137.39999389648438,144.0,136.1999969482422,139.75,400220
2011-02-08,128.06503295898438,137.89999389648438,139.5,136.75,138.8000030517578,77622
2011-02-09,126.85774230957031,136.60000610351562,137.85000610351562,134.39999389648438,137.0,131174
2011-02-10,127.0434799194336,136.8000030517578,138.4499969482422,136.3000030517578,136.85000610351562,149316
2011-02-11,129.41162109375,139.35000610351562,144.8000030517578,136.5,137.8000030517578,112447
2011-02-14,134.70509338378906,145.0500030517578,152.0,141.0,142.0,544623
2011-02-15,133.68350219726562,143.9499969482422,148.89999389648438,142.0,145.85000610351562,194183
2011-02-16,133.12635803222656,143.35000610351562,144.8000030517578,138.6999969482422,143.0,198037
2011-02-17,132.33694458007812,142.5,144.0500030517578,140.5,144.0500030517578,131310
2011-02-18,130.38673400878906,140.39999389648438,144.0,136.14999389648438,144.0,176119
2011-02-21,129.41162109375,139.35000610351562,141.85000610351562,137.25,141.85000610351562,82523
2011-02-22,128.34364318847656,138.1999969482422,139.75,136.14999389648438,139.75,91878
2011-02-23,116.36366271972656,125.30000305175781,138.35000610351562,120.5,134.9499969482422,4464013
2011-02-24,116.50296783447266,125.44999694824219,128.9499969482422,121.19999694824219,126.1500015258789,884300
2011-02-25,117.01372528076172,126.0,126.5,124.0999984741211,125.0,135366
2011-02-28,117.57093811035156,126.5999984741211,127.9000015258789,124.19999694824219,125.5,162476
2011-03-01,121.98217010498047,131.35000610351562,131.5,126.5,128.9499969482422,144194
2011-03-03,123.6537857055664,133.14999389648438,138.75,127.94999694824219,129.0,203296
2011-03-04,124.11813354492188,133.64999389648438,137.5,132.5,134.89999389648438,147920
2011-03-07,124.39677429199219,133.9499969482422,134.64999389648438,133.10000610351562,133.9499969482422,48514
2011-03-08,124.39677429199219,133.9499969482422,135.6999969482422,132.14999389648438,135.0,31588
2011-03-09,123.09660339355469,132.5500030517578,134.89999389648438,131.35000610351562,134.89999389648438,50352
2011-03-10,123.00370025634766,132.4499969482422,135.4499969482422,132.10000610351562,133.9499969482422,33395
2011-03-11,123.51446533203125,133.0,133.9499969482422,132.10000610351562,132.4499969482422,153044
2011-03-14,123.93240356445312,133.4499969482422,134.85000610351562,133.0,134.85000610351562,112514
2011-03-15,122.26078033447266,131.64999389648438,134.0,130.14999389648438,130.3000030517578,113218
2011-03-16,123.00370025634766,132.4499969482422,133.6999969482422,130.60000610351562,133.6999969482422,382776
2011-03-17,122.53936004638672,131.9499969482422,133.89999389648438,131.0,131.85000610351562,390246
2011-03-18,122.63227081298828,132.0500030517578,133.5500030517578,131.5500030517578,133.5500030517578,27516
2011-03-21,122.58582305908203,132.0,135.39999389648438,130.3000030517578,135.39999389648438,57840
2011-03-22,122.58582305908203,132.0,133.8000030517578,131.25,133.8000030517578,53971
2011-03-23,122.8179702758789,132.25,132.9499969482422,131.35000610351562,132.9499969482422,50440
2011-03-24,122.4929428100586,131.89999389648438,133.0,131.25,131.25,317074
2011-03-25,122.67868041992188,132.10000610351562,134.1999969482422,130.39999389648438,133.0,497681
2011-03-28,123.51446533203125,133.0,134.0,130.6999969482422,132.75,394230
2011-03-29,121.09991455078125,130.39999389648438,133.6999969482422,127.5,132.64999389648438,236500
2011-03-30,121.19278717041016,130.5,132.89999389648438,129.5,131.8000030517578,304225
2011-03-31,120.96063995361328,130.25,133.0,129.0,131.75,283170
2011-04-01,120.63556671142578,129.89999389648438,131.75,129.10000610351562,130.25,130412
2011-04-04,123.09660339355469,132.5500030517578,133.0,129.60000610351562,129.60000610351562,32245
2011-04-05,123.32875061035156,132.8000030517578,134.0,132.10000610351562,133.0,142623
2011-04-06,126.53270721435547,136.25,139.0,134.0,134.0,150499
2011-04-07,134.56578063964844,144.89999389648438,147.0,139.0,139.0,549249
2011-04-08,132.98703002929688,143.1999969482422,148.10000610351562,142.3000030517578,148.10000610351562,273665
2011-04-11,131.59397888183594,141.6999969482422,146.0,139.14999389648438,144.9499969482422,291349
2011-04-13,132.29051208496094,142.4499969482422,143.8000030517578,140.0,140.6999969482422,388140
2011-04-15,130.89749145507812,140.9499969482422,143.6999969482422,139.6999969482422,143.0,31383
2011-04-18,130.108154296875,140.10000610351562,142.9499969482422,139.4499969482422,142.9499969482422,49148
2011-04-19,132.56910705566406,142.75,143.64999389648438,139.5,142.1999969482422,45052
2011-04-20,133.03343200683594,143.25,145.0,142.0,143.9499969482422,46779
2011-04-21,131.59397888183594,141.6999969482422,144.60000610351562,141.0,141.5500030517578,14886
2011-04-25,131.91905212402344,142.0500030517578,143.5,140.4499969482422,142.0,28691
2011-04-26,132.4298553466797,142.60000610351562,143.6999969482422,141.60000610351562,142.0,21691
2011-04-27,132.56910705566406,142.75,144.0,141.8000030517578,143.0,165659
2011-04-28,134.79794311523438,145.14999389648438,145.75,142.0500030517578,144.8000030517578,37076
2011-04-29,133.72999572753906,144.0,148.89999389648438,142.0500030517578,148.0,178829
2011-05-02,130.618896484375,140.64999389648438,146.5,140.0,146.5,32735
2011-05-03,129.55093383789062,139.5,141.4499969482422,138.1999969482422,139.0,42135
2011-05-04,129.41162109375,139.35000610351562,143.5,138.10000610351562,143.5,10118
2011-05-05,129.27232360839844,139.1999969482422,140.89999389648438,138.8000030517578,139.0,4640
2011-05-06,129.17945861816406,139.10000610351562,141.0,137.0,137.0,4071
2011-05-09,131.3153839111328,141.39999389648438,141.9499969482422,139.25,141.9499969482422,18507
2011-05-10,132.4762420654297,142.64999389648438,142.89999389648438,140.0,140.0,30795
2011-05-11,131.36183166503906,141.4499969482422,142.89999389648438,140.64999389648438,141.25,7406
2011-05-12,130.108154296875,140.10000610351562,142.0,139.10000610351562,142.0,43116
2011-05-13,130.154541015625,140.14999389648438,140.75,139.60000610351562,140.0,6439
2011-05-16,130.24740600585938,140.25,141.0,138.25,138.25,30315
2011-05-17,129.41162109375,139.35000610351562,140.9499969482422,138.5,140.0,17901
2011-05-18,127.9721908569336,137.8000030517578,140.5,136.0500030517578,140.5,155161
2011-05-19,127.55426788330078,137.35000610351562,138.89999389648438,136.5500030517578,138.89999389648438,70659
2011-05-20,127.2756576538086,137.0500030517578,139.0,135.1999969482422,138.85000610351562,53905
2011-05-23,126.16122436523438,135.85000610351562,137.25,135.10000610351562,137.25,56944
2011-05-24,124.861083984375,134.4499969482422,137.0,133.4499969482422,137.0,32188
2011-05-25,125.55757904052734,135.1999969482422,136.9499969482422,133.1999969482422,136.89999389648438,21641
2011-05-26,123.7001953125,133.1999969482422,140.0,132.25,140.0,85512
2011-05-27,123.23590087890625,132.6999969482422,135.0,132.1999969482422,135.0,25936
2011-05-30,123.09660339355469,132.5500030517578,134.5,131.14999389648438,131.14999389648438,74548
2011-05-31,123.37519836425781,132.85000610351562,136.8000030517578,130.1999969482422,135.8000030517578,380211
2011-06-01,122.63227081298828,132.0500030517578,134.25,131.35000610351562,134.25,126749
2011-06-02,121.09991455078125,130.39999389648438,132.4499969482422,128.4499969482422,130.3000030517578,32698
2011-06-03,121.42497253417969,130.75,131.9499969482422,129.14999389648438,130.0,244934
2011-06-06,121.47138977050781,130.8000030517578,131.0,129.3000030517578,131.0,151701
2011-06-07,121.19278717041016,130.5,132.0,129.35000610351562,129.5,220278
2011-06-08,121.42497253417969,130.75,131.4499969482422,130.0500030517578,131.4499969482422,236271
2011-06-09,120.82132720947266,130.10000610351562,131.0,129.5,131.0,138976
2011-06-10,120.68199920654297,129.9499969482422,132.9499969482422,128.3000030517578,129.0,235118
2011-06-13,121.47138977050781,130.8000030517578,131.8000030517578,128.3000030517578,130.8000030517578,448059
2011-06-14,120.54271697998047,129.8000030517578,131.0500030517578,129.1999969482422,131.0,153687
2011-06-15,121.47138977050781,130.8000030517578,132.0,128.3000030517578,129.35000610351562,172373
2011-06-16,120.72844696044922,130.0,130.9499969482422,129.3000030517578,129.3000030517578,190903
2011-06-17,120.07836151123047,129.3000030517578,140.5,127.4000015258789,129.25,449144
2011-06-20,120.03193664550781,129.25,130.0,127.4000015258789,128.0500030517578,182686
2011-06-21,119.93907165527344,129.14999389648438,131.85000610351562,128.14999389648438,128.1999969482422,110988
2011-06-22,119.61404418945312,128.8000030517578,134.6999969482422,127.0999984741211,134.6999969482422,117402
2011-06-23,118.63893127441406,127.75,129.9499969482422,126.4000015258789,128.10000610351562,119960
2011-06-24,118.7782211303711,127.9000015258789,129.0,127.0999984741211,129.0,34490
2011-06-27,119.4747314453125,128.64999389648438,129.0,125.0,125.0,18061
2011-06-28,118.87108612060547,128.0,128.89999389648438,127.75,128.1999969482422,22092
2011-06-29,119.1032485961914,128.25,129.64999389648438,127.0,129.64999389648438,34022
2011-06-30,119.05681610107422,128.1999969482422,130.0,127.0999984741211,130.0,31884
2011-07-01,119.14969635009766,128.3000030517578,133.0,127.30000305175781,133.0,62044
2011-07-04,119.05681610107422,128.1999969482422,129.14999389648438,127.5,129.0,49849
2011-07-05,118.45318603515625,127.55000305175781,128.85000610351562,126.6500015258789,128.85000610351562,80576
2011-07-06,119.56758880615234,128.75,133.0,127.80000305175781,133.0,29600
2011-07-07,118.36032104492188,127.44999694824219,130.0,126.9000015258789,127.5,49629
2011-07-08,119.93907165527344,129.14999389648438,131.4499969482422,128.0,128.75,274316
2011-07-11,119.4747314453125,128.64999389648438,132.5,128.1999969482422,129.14999389648438,34248
2011-07-12,117.71024322509766,126.75,128.75,125.1500015258789,127.25,20479
2011-07-13,120.2176513671875,129.4499969482422,130.75,126.1500015258789,128.4499969482422,60592
2011-07-14,119.61404418945312,128.8000030517578,131.0,128.10000610351562,130.5,22081
2011-07-15,119.61404418945312,128.8000030517578,131.60000610351562,127.0999984741211,128.10000610351562,94267
2011-07-18,117.80308532714844,126.8499984741211,129.3000030517578,126.0,128.35000610351562,21332
2011-07-19,117.66380310058594,126.69999694824219,128.75,125.0999984741211,128.75,37818
2011-07-20,122.4929428100586,131.89999389648438,134.8000030517578,125.75,126.69999694824219,159823
2011-07-21,123.37519836425781,132.85000610351562,134.89999389648438,130.35000610351562,134.89999389648438,90342
2011-07-22,122.44652557373047,131.85000610351562,133.0,129.60000610351562,132.64999389648438,71694
2011-07-25,121.5178451538086,130.85000610351562,133.0,128.6999969482422,131.39999389648438,224163
2011-07-26,123.4680404663086,132.9499969482422,134.25,132.25,132.8000030517578,86776
2011-07-27,124.11813354492188,133.64999389648438,136.0,132.14999389648438,133.0,85039
2011-07-28,123.88594818115234,133.39999389648438,136.89999389648438,132.25,132.25,295560
2011-07-29,123.14300537109375,132.60000610351562,135.89999389648438,131.0,131.0,317650
2011-08-01,124.30388641357422,133.85000610351562,136.0,131.75,134.0,71064
2011-08-02,122.9108657836914,132.35000610351562,137.5,131.10000610351562,135.0,463789
2011-08-03,122.63227081298828,132.0500030517578,134.85000610351562,131.3000030517578,133.60000610351562,39704
2011-08-04,122.63227081298828,132.0500030517578,133.9499969482422,126.80000305175781,132.5500030517578,62814
2011-08-05,121.61070251464844,130.9499969482422,134.1999969482422,127.3499984741211,127.3499984741211,193774
2011-08-08,121.37850952148438,130.6999969482422,131.0,129.6999969482422,130.0,22972
2011-08-09,120.17124938964844,129.39999389648438,130.5,125.55000305175781,130.5,92140
2011-08-10,122.12144470214844,131.5,132.5,129.8000030517578,130.0,149360
2011-08-11,121.75,131.10000610351562,134.85000610351562,129.9499969482422,134.85000610351562,70621
2011-08-12,120.63556671142578,129.89999389648438,131.0500030517578,129.0,130.3000030517578,31545
2011-08-16,121.09991455078125,130.39999389648438,131.5,129.0,129.14999389648438,12341
2011-08-17,120.58914947509766,129.85000610351562,130.75,128.14999389648438,130.75,15789
2011-08-18,120.63556671142578,129.89999389648438,130.4499969482422,128.10000610351562,129.10000610351562,38265
2011-08-19,118.26744842529297,127.3499984741211,130.5500030517578,124.0,128.0,70997
2011-08-22,120.2176513671875,129.4499969482422,130.75,126.0999984741211,126.94999694824219,76621
2011-08-23,119.28900146484375,128.4499969482422,130.5500030517578,127.94999694824219,128.75,36394
2011-08-24,121.28565979003906,130.60000610351562,130.6999969482422,128.0,129.75,106915
2011-08-25,118.82465362548828,127.94999694824219,130.75,126.30000305175781,130.60000610351562,144859
2011-08-26,119.14969635009766,128.3000030517578,129.75,127.75,129.75,21598
2011-08-29,118.82465362548828,127.94999694824219,130.0,126.25,130.0,20376
2011-08-30,121.48595428466797,130.10000610351562,131.75,127.5,129.6999969482422,89348
2011-09-02,120.69223022460938,129.25,129.5,127.3499984741211,128.60000610351562,248536
2011-09-05,119.80513763427734,128.3000030517578,130.89999389648438,126.30000305175781,130.6999969482422,72078
2011-09-06,118.0776138305664,126.44999694824219,129.39999389648438,125.4000015258789,127.0999984741211,94179
2011-09-07,119.71173858642578,128.1999969482422,130.0,125.44999694824219,128.5,282254
2011-09-08,117.93755340576172,126.30000305175781,129.25,125.1500015258789,127.9000015258789,323555
2011-09-09,117.09715270996094,125.4000015258789,126.0,124.19999694824219,125.94999694824219,485657
2011-09-12,115.78984069824219,124.0,125.80000305175781,122.5,125.80000305175781,163638
2011-09-13,115.22955322265625,123.4000015258789,125.4000015258789,121.55000305175781,125.4000015258789,215561
2011-09-14,113.6421127319336,121.69999694824219,124.6500015258789,120.0,122.0999984741211,545942
2011-09-15,112.70832824707031,120.69999694824219,122.1500015258789,119.75,122.0,329969
2011-09-16,114.71598815917969,122.8499984741211,123.5,120.19999694824219,120.19999694824219,65075
2011-09-19,115.64974975585938,123.8499984741211,125.0,122.5,125.0,72945
2011-09-20,115.60308074951172,123.80000305175781,126.0,122.5,126.0,43773
2011-09-21,115.69644927978516,123.9000015258789,125.0,123.4000015258789,125.0,10015
2011-09-22,114.52922058105469,122.6500015258789,124.80000305175781,122.0,124.80000305175781,66844
2011-09-23,115.08948516845703,123.25,124.5,122.0,123.80000305175781,97424
2011-09-26,114.15571594238281,122.25,124.44999694824219,121.05000305175781,124.44999694824219,195225
2011-09-27,117.37727355957031,125.69999694824219,126.25,121.05000305175781,121.05000305175781,59871
2011-09-28,115.556396484375,123.75,125.75,123.0,125.75,38516
2011-09-29,116.0699691772461,124.30000305175781,124.3499984741211,122.0,122.0,35572
2011-09-30,116.21004486083984,124.44999694824219,124.94999694824219,123.0,123.9000015258789,44852
2011-10-03,115.32292938232422,123.5,124.94999694824219,122.0,122.0,88748
2011-10-04,113.78218078613281,121.8499984741211,126.0,120.0,126.0,126865
2011-10-05,114.71598815917969,122.8499984741211,124.0,122.1500015258789,123.75,211360
2011-10-07,113.6421127319336,121.69999694824219,125.80000305175781,121.30000305175781,122.0999984741211,151645
2011-10-10,115.556396484375,123.75,125.94999694824219,122.0,124.25,76091
2011-10-11,116.0699691772461,124.30000305175781,125.69999694824219,123.0999984741211,124.69999694824219,64312
2011-10-12,116.58354949951172,124.8499984741211,126.0,124.1500015258789,126.0,80817
2011-10-13,115.78984069824219,124.0,125.80000305175781,122.30000305175781,125.80000305175781,17959
2011-10-14,113.45535278320312,121.5,124.0,120.0,124.0,115154
2011-10-17,113.08184814453125,121.0999984741211,121.94999694824219,120.19999694824219,121.5,126310
2011-10-18,112.5682601928711,120.55000305175781,124.9000015258789,119.9000015258789,124.9000015258789,77128
2011-10-19,112.05469512939453,120.0,121.0,118.80000305175781,120.8499984741211,181971
2011-10-20,112.05469512939453,120.0,120.94999694824219,119.9000015258789,120.94999694824219,104802
2011-10-21,111.9613037109375,119.9000015258789,121.44999694824219,119.5999984741211,121.44999694824219,73860
2011-10-24,112.14805603027344,120.0999984741211,124.69999694824219,118.8499984741211,124.69999694824219,70393
2011-10-25,112.14805603027344,120.0999984741211,122.0,119.44999694824219,122.0,78230
2011-10-28,115.97659301757812,124.19999694824219,126.19999694824219,122.0999984741211,126.19999694824219,40171
2011-10-31,116.21004486083984,124.44999694824219,127.0,123.5,125.0,40205
2011-11-01,115.32292938232422,123.5,124.55000305175781,123.19999694824219,124.5,120945
2011-11-02,115.83653259277344,124.05000305175781,125.25,123.0,124.0,107281
2011-11-03,115.69644927978516,123.9000015258789,125.19999694824219,122.8499984741211,125.19999694824219,26225
2011-11-04,115.60308074951172,123.80000305175781,127.4000015258789,123.19999694824219,125.94999694824219,144063
2011-11-08,115.41631317138672,123.5999984741211,124.94999694824219,123.25,124.94999694824219,28733
2011-11-09,115.92990112304688,124.1500015258789,125.94999694824219,121.25,124.8499984741211,155906
2011-11-11,114.71598815917969,122.8499984741211,123.94999694824219,122.30000305175781,123.94999694824219,114640
2011-11-14,114.52922058105469,122.6500015258789,123.5,121.9000015258789,123.5,26405
2011-11-15,114.4825210571289,122.5999984741211,125.94999694824219,122.0,125.94999694824219,33484
2011-11-16,113.17520904541016,121.19999694824219,124.80000305175781,118.75,123.05000305175781,196723
2011-11-17,113.96896362304688,122.05000305175781,124.5,120.19999694824219,123.94999694824219,116167
2011-11-18,112.00799560546875,119.94999694824219,123.5,118.05000305175781,123.25,139392
2011-11-21,110.74736785888672,118.5999984741211,122.30000305175781,114.0999984741211,120.0,617581
2011-11-22,112.05469512939453,120.0,122.94999694824219,114.5,122.94999694824219,145696
2011-11-23,112.6616439819336,120.6500015258789,121.4000015258789,112.19999694824219,119.94999694824219,245460
2011-11-24,112.33482360839844,120.30000305175781,123.0,116.5,121.0,137023
2011-11-25,111.4010238647461,119.30000305175781,122.5,117.25,122.5,126084
2011-11-28,110.7940673828125,118.6500015258789,122.44999694824219,117.5,122.44999694824219,141832
2011-11-29,111.44770050048828,119.3499984741211,120.5999984741211,118.0,120.5999984741211,43300
2011-11-30,111.49440002441406,119.4000015258789,120.30000305175781,116.55000305175781,120.0999984741211,142325
2011-12-01,111.54109191894531,119.44999694824219,125.05000305175781,118.25,119.4000015258789,84149
2011-12-02,111.82123565673828,119.75,120.94999694824219,117.1500015258789,120.94999694824219,83400
2011-12-05,113.03514862060547,121.05000305175781,121.5,117.25,120.94999694824219,51366
2011-12-07,112.33482360839844,120.30000305175781,120.9000015258789,118.5999984741211,120.0,101025
2011-12-08,111.12089538574219,119.0,121.9000015258789,117.6500015258789,121.9000015258789,77741
2011-12-09,111.02749633789062,118.9000015258789,119.80000305175781,116.0,116.0,46794
2011-12-12,110.2337875366211,118.05000305175781,119.0,116.80000305175781,118.75,109301
2011-12-13,110.0937271118164,117.9000015258789,118.94999694824219,116.4000015258789,118.0,154037
2011-12-14,110.04704284667969,117.8499984741211,118.4000015258789,116.25,117.05000305175781,50970
2011-12-15,109.95364379882812,117.75,117.9000015258789,116.5999984741211,117.0,64932
2011-12-16,109.67351531982422,117.44999694824219,118.8499984741211,116.0999984741211,118.25,218086
2011-12-19,109.48676300048828,117.25,117.80000305175781,113.0999984741211,116.5,331237
2011-12-20,104.58436584472656,112.0,118.0,111.0,117.5,517940
2011-12-21,102.95024871826172,110.25,113.25,109.3499984741211,113.25,425681
2011-12-22,104.25753784179688,111.6500015258789,112.25,109.4000015258789,111.25,291753
2011-12-23,103.88404083251953,111.25,111.94999694824219,108.5,111.0,405903
2011-12-26,104.21084594726562,111.5999984741211,113.0,110.44999694824219,112.5,96874
2011-12-27,104.4909896850586,111.9000015258789,112.6500015258789,111.0,112.0,92064
2011-12-28,104.72444915771484,112.1500015258789,113.80000305175781,109.80000305175781,112.75,309731
2011-12-29,104.07078552246094,111.44999694824219,112.30000305175781,110.05000305175781,112.30000305175781,96939
2011-12-30,104.16416931152344,111.55000305175781,115.0,109.8499984741211,115.0,241938
2012-01-02,104.25753784179688,111.6500015258789,112.5,110.25,112.19999694824219,139061
2012-01-03,104.02409362792969,111.4000015258789,111.69999694824219,109.69999694824219,111.5,120848
2012-01-04,103.88404083251953,111.25,112.8499984741211,109.69999694824219,110.80000305175781,408634
2012-01-05,103.09029388427734,110.4000015258789,111.69999694824219,109.1500015258789,110.94999694824219,321847
2012-01-06,102.10982513427734,109.3499984741211,110.55000305175781,108.94999694824219,110.55000305175781,952845
2012-01-09,106.87215423583984,114.44999694824219,124.80000305175781,108.3499984741211,109.80000305175781,1592899
2012-01-10,103.697265625,111.05000305175781,115.0999984741211,109.1500015258789,115.0999984741211,233914
2012-01-11,103.1369857788086,110.44999694824219,111.0,109.6500015258789,110.9000015258789,112731
2012-01-12,102.81017303466797,110.0999984741211,111.0,109.75,110.9000015258789,205241
2012-01-13,102.67009735107422,109.94999694824219,110.80000305175781,109.5,110.4000015258789,92219
2012-01-16,102.34327697753906,109.5999984741211,109.94999694824219,109.5,109.94999694824219,13934
2012-01-17,102.530029296875,109.80000305175781,110.6500015258789,109.5,110.5,138966
2012-01-18,102.29657745361328,109.55000305175781,110.5,109.5,110.5,15739
2012-01-19,102.38997650146484,109.6500015258789,111.4000015258789,109.5,111.0,12667
2012-01-20,102.38997650146484,109.6500015258789,110.4000015258789,109.5,110.4000015258789,11666
2012-01-23,104.07078552246094,111.44999694824219,114.9000015258789,109.5,110.3499984741211,40530
2012-01-24,103.83733367919922,111.19999694824219,114.5,109.5,110.4000015258789,65749
2012-01-25,103.79065704345703,111.1500015258789,112.8499984741211,110.0999984741211,110.6500015258789,40656
2012-01-27,102.57673645019531,109.8499984741211,111.69999694824219,109.5,111.0,19302
2012-01-30,102.24989318847656,109.5,110.44999694824219,109.0,109.5,18371
2012-01-31,104.21084594726562,111.5999984741211,113.19999694824219,109.25,110.0,99986
2012-02-01,103.04362487792969,110.3499984741211,114.0,109.55000305175781,114.0,175089
2012-02-02,102.48333740234375,109.75,110.8499984741211,108.9000015258789,110.8499984741211,109841
2012-02-03,103.60389709472656,110.94999694824219,111.4000015258789,109.8499984741211,111.4000015258789,39047
2012-02-06,102.24989318847656,109.5,110.25,109.0,110.0,99148
2012-02-07,104.77112579345703,112.19999694824219,113.55000305175781,109.0,109.5,1825183
2012-02-08,108.41291046142578,116.0999984741211,117.4000015258789,112.55000305175781,113.69999694824219,351926
2012-02-09,106.45196533203125,114.0,117.75,113.25,115.0,197853
2012-02-10,105.9383544921875,113.44999694824219,115.25,112.0999984741211,114.9000015258789,170206
2012-02-13,105.1446533203125,112.5999984741211,114.80000305175781,110.6500015258789,114.80000305175781,52061
2012-02-14,109.67351531982422,117.44999694824219,118.94999694824219,109.05000305175781,113.94999694824219,5629008
2012-02-15,112.61495208740234,120.5999984741211,121.9000015258789,117.05000305175781,119.69999694824219,569076
2012-02-16,111.02749633789062,118.9000015258789,123.69999694824219,118.30000305175781,120.80000305175781,286065
2012-02-17,110.74736785888672,118.5999984741211,121.44999694824219,116.9000015258789,120.9000015258789,260682
2012-02-21,110.887451171875,118.75,119.8499984741211,116.69999694824219,119.8499984741211,191895
2012-02-22,109.72020721435547,117.5,122.0999984741211,114.4000015258789,116.19999694824219,151460
2012-02-23,110.04704284667969,117.8499984741211,119.0,116.80000305175781,119.0,43366
2012-02-24,109.67351531982422,117.44999694824219,119.6500015258789,116.5,119.6500015258789,113531
2012-02-27,108.64634704589844,116.3499984741211,118.5,113.5,118.5,147678
2012-02-28,109.34668731689453,117.0999984741211,118.44999694824219,116.80000305175781,116.80000305175781,93382
2012-02-29,110.04704284667969,117.8499984741211,121.94999694824219,116.3499984741211,118.80000305175781,85014
2012-03-01,109.15994262695312,116.9000015258789,119.44999694824219,116.5,119.44999694824219,17540
2012-03-02,109.25331115722656,117.0,119.80000305175781,116.3499984741211,118.4000015258789,63666
2012-03-05,112.05469512939453,120.0,120.8499984741211,117.0999984741211,117.0999984741211,100082
2012-03-06,112.75502014160156,120.75,125.19999694824219,119.5,120.0999984741211,161207
2012-03-07,111.0741958618164,118.94999694824219,120.9000015258789,118.44999694824219,120.80000305175781,38887
2012-03-09,113.03514862060547,121.05000305175781,122.0,119.30000305175781,119.94999694824219,114218
2012-03-12,112.84840393066406,120.8499984741211,122.0,118.5,121.0,2328798
2012-03-13,114.06232452392578,122.1500015258789,124.4000015258789,120.0,121.0,689058
2012-03-14,114.8093490600586,122.94999694824219,126.4000015258789,120.55000305175781,124.0,148669
2012-03-15,113.78218078613281,121.8499984741211,123.4000015258789,120.3499984741211,122.80000305175781,77332
2012-03-16,114.34246826171875,122.44999694824219,126.0,121.30000305175781,122.4000015258789,101254
2012-03-19,113.17520904541016,121.19999694824219,144.0,120.75,124.69999694824219,31376
2012-03-20,111.91460418701172,119.8499984741211,122.5,118.6500015258789,122.5,31399
2012-03-21,115.08948516845703,123.25,123.94999694824219,119.5,120.1500015258789,68583
2012-03-22,115.36963653564453,123.55000305175781,130.0,121.55000305175781,130.0,76620
2012-03-23,113.73550415039062,121.80000305175781,125.25,120.3499984741211,125.25,65349
2012-03-26,115.13618469238281,123.30000305175781,124.6500015258789,120.3499984741211,124.25,47007
2012-03-27,116.02328491210938,124.25,126.0,122.94999694824219,126.0,328617
2012-03-28,116.53688049316406,124.80000305175781,125.5,121.0,125.4000015258789,350458
2012-03-29,114.15571594238281,122.25,126.0,120.5999984741211,126.0,436868
2012-03-30,123.54029846191406,132.3000030517578,135.0,122.0999984741211,123.19999694824219,380261
2012-04-02,121.48595428466797,130.10000610351562,137.39999389648438,127.9000015258789,137.39999389648438,143404
2012-04-03,121.06571960449219,129.64999389648438,131.0,128.39999389648438,131.0,119096
2012-04-04,118.7779769897461,127.19999694824219,130.39999389648438,126.55000305175781,130.39999389648438,71828
2012-04-09,120.87897491455078,129.4499969482422,131.8000030517578,124.3499984741211,127.0,48914
2012-04-10,117.56403350830078,125.9000015258789,131.0,125.3499984741211,131.0,134806
2012-04-11,116.39679718017578,124.6500015258789,125.5,123.94999694824219,125.0,32933
2012-04-12,116.9103775024414,125.19999694824219,130.3000030517578,123.5,124.4000015258789,51033
2012-04-13,115.78984069824219,124.0,127.0,122.75,125.5,33893
2012-04-16,114.34246826171875,122.44999694824219,125.75,122.25,123.80000305175781,13111
2012-04-17,115.22955322265625,123.4000015258789,125.0,121.25,124.4000015258789,18050
2012-04-18,116.02328491210938,124.25,125.0,123.30000305175781,123.3499984741211,14821
2012-04-19,119.66506958007812,128.14999389648438,131.89999389648438,123.19999694824219,123.19999694824219,52811
2012-04-20,117.56403350830078,125.9000015258789,130.39999389648438,125.55000305175781,130.39999389648438,14548
2012-04-23,115.36963653564453,123.55000305175781,127.4000015258789,122.5,127.4000015258789,47783
2012-04-24,115.22955322265625,123.4000015258789,125.3499984741211,123.19999694824219,123.19999694824219,15037
2012-04-25,119.4316177368164,127.9000015258789,130.39999389648438,120.3499984741211,121.5,64400
2012-04-26,118.2643814086914,126.6500015258789,128.8000030517578,124.19999694824219,128.8000030517578,26699
2012-04-27,117.33057403564453,125.6500015258789,129.60000610351562,123.05000305175781,126.05000305175781,36629
2012-04-30,120.13196563720703,128.64999389648438,130.0,125.0,127.0,17942
2012-05-02,121.06571960449219,129.64999389648438,130.4499969482422,126.0,128.0,17243
2012-05-03,119.99188232421875,128.5,131.75,126.4000015258789,128.0500030517578,72983
2012-05-04,117.61072540283203,125.94999694824219,129.5,123.3499984741211,128.0,17631
2012-05-07,116.67694091796875,124.94999694824219,127.69999694824219,123.25,127.69999694824219,32309
2012-05-08,116.58354949951172,124.8499984741211,126.75,123.5,126.0,16131
2012-05-09,116.49016571044922,124.75,129.0,123.5,124.0999984741211,77416
2012-05-10,120.13196563720703,128.64999389648438,129.89999389648438,124.4000015258789,124.4000015258789,34156
2012-05-11,116.72362518310547,125.0,131.5,124.0,130.0,200836
2012-05-14,117.84417724609375,126.19999694824219,127.44999694824219,122.5,124.0,29729
2012-05-15,115.556396484375,123.75,127.5,123.0,126.5999984741211,23827
2012-05-16,115.41631317138672,123.5999984741211,124.0,121.25,123.0,14974
2012-05-17,115.74314880371094,123.94999694824219,124.94999694824219,122.5,123.0,11410
2012-05-18,116.3501205444336,124.5999984741211,125.0999984741211,121.5,122.0,59697
2012-05-21,115.08948516845703,123.25,124.0999984741211,122.80000305175781,123.19999694824219,3349
2012-05-22,115.64974975585938,123.8499984741211,124.6500015258789,123.0,124.0,86210
2012-05-23,113.78218078613281,121.8499984741211,125.0,121.0999984741211,125.0,175109
2012-05-24,116.25672912597656,124.5,126.55000305175781,121.44999694824219,123.69999694824219,76785
2012-05-25,113.78218078613281,121.8499984741211,123.69999694824219,121.0,123.5,39470
2012-05-28,112.47489166259766,120.44999694824219,122.25,119.25,122.19999694824219,45948
2012-05-29,113.87555694580078,121.94999694824219,122.94999694824219,120.25,121.8499984741211,10812
2012-05-30,116.86369323730469,125.1500015258789,126.69999694824219,119.94999694824219,119.94999694824219,22743
2012-05-31,116.9103775024414,125.19999694824219,128.0,121.8499984741211,124.9000015258789,20840
2012-06-01,116.95706939697266,125.25,127.0,122.3499984741211,127.0,6172
2012-06-04,115.88320922851562,124.0999984741211,125.44999694824219,122.25,124.0,11072
2012-06-05,114.34246826171875,122.44999694824219,125.0,121.5999984741211,125.0,2274
2012-06-06,113.87555694580078,121.94999694824219,123.69999694824219,120.80000305175781,121.30000305175781,76005
2012-06-07,115.13618469238281,123.30000305175781,123.9000015258789,121.5,123.5999984741211,290413
2012-06-08,114.94943237304688,123.0999984741211,124.1500015258789,122.1500015258789,124.1500015258789,4485
2012-06-11,113.40865325927734,121.44999694824219,124.0,121.05000305175781,124.0,3317
2012-06-12,115.556396484375,123.75,125.30000305175781,120.69999694824219,120.69999694824219,20199
2012-06-13,115.08948516845703,123.25,124.4000015258789,122.30000305175781,123.0,23945
2012-06-14,114.4825210571289,122.5999984741211,124.94999694824219,120.30000305175781,124.0,40200
2012-06-15,113.82888793945312,121.9000015258789,123.69999694824219,120.5,123.69999694824219,23563
2012-06-18,112.9417724609375,120.94999694824219,123.44999694824219,120.0,123.19999694824219,28651
2012-06-19,112.61495208740234,120.5999984741211,122.0,120.0999984741211,120.5999984741211,2920
2012-06-20,114.76266479492188,122.9000015258789,124.0,119.55000305175781,121.94999694824219,20479
2012-06-21,113.40865325927734,121.44999694824219,122.69999694824219,120.75,122.69999694824219,4979
2012-06-22,110.04704284667969,117.8499984741211,122.6500015258789,116.55000305175781,122.6500015258789,329905
2012-06-25,107.3857421875,115.0,121.5,112.19999694824219,118.05000305175781,594118
2012-06-26,108.27283477783203,115.94999694824219,119.69999694824219,113.5,115.0,267550
2012-06-27,111.35433197021484,119.25,125.5,115.1500015258789,115.1500015258789,357235
2012-06-28,111.63447570800781,119.55000305175781,121.9000015258789,118.0999984741211,119.5,75236
2012-06-29,110.28047943115234,118.0999984741211,122.0,116.30000305175781,118.5,359263
2012-07-02,109.58015441894531,117.3499984741211,118.75,115.0,118.19999694824219,177153
2012-07-03,109.86029052734375,117.6500015258789,118.9000015258789,116.0,116.0,44177
2012-07-04,109.20663452148438,116.94999694824219,117.9000015258789,115.19999694824219,116.25,111327
2012-07-05,108.87980651855469,116.5999984741211,119.44999694824219,115.19999694824219,115.19999694824219,60071
2012-07-06,109.0665512084961,116.80000305175781,118.0,115.30000305175781,115.30000305175781,41980
2012-07-09,109.11324310302734,116.8499984741211,118.0,115.30000305175781,115.30000305175781,35597
2012-07-10,108.73973846435547,116.44999694824219,117.80000305175781,115.25,116.5,68429
2012-07-11,108.87980651855469,116.5999984741211,116.94999694824219,115.4000015258789,116.0,47728
2012-07-12,108.97318267822266,116.69999694824219,117.0,116.25,116.94999694824219,35075
2012-07-13,108.31951141357422,116.0,117.3499984741211,115.5,116.25,48810
2012-07-16,108.27283477783203,115.94999694824219,117.0,115.5999984741211,116.6500015258789,44953
2012-07-17,108.83312225341797,116.55000305175781,118.0,115.9000015258789,116.8499984741211,153009
2012-07-18,108.64634704589844,116.3499984741211,117.44999694824219,115.8499984741211,117.44999694824219,40878
2012-07-19,107.57250213623047,115.19999694824219,117.05000305175781,114.5,117.05000305175781,156874
2012-07-20,107.05892181396484,114.6500015258789,116.69999694824219,114.0999984741211,116.69999694824219,349285
2012-07-23,106.73209381103516,114.30000305175781,116.0,112.5,115.4000015258789,227473
2012-07-24,108.08607482910156,115.75,117.44999694824219,113.4000015258789,114.30000305175781,131619
2012-07-25,107.33905792236328,114.94999694824219,117.44999694824219,114.25,115.75,48761
2012-07-26,95.9935073852539,102.80000305175781,117.19999694824219,92.0,117.19999694824219,3642947
2012-07-27,102.81017303466797,110.0999984741211,113.44999694824219,104.75,106.0,1708124
2012-07-30,99.30845642089844,106.3499984741211,109.69999694824219,104.5999984741211,104.5999984741211,902825
2012-07-31,100.61576843261719,107.75,109.0,106.30000305175781,106.3499984741211,873073
2012-08-01,101.40949249267578,108.5999984741211,110.0,107.0999984741211,108.5999984741211,760944
2012-08-02,99.9154052734375,107.0,109.80000305175781,106.1500015258789,108.75,1354000
2012-08-03,99.5886001586914,106.6500015258789,108.75,105.5,107.0,592383
2012-08-06,99.30845642089844,106.3499984741211,107.8499984741211,106.30000305175781,107.05000305175781,838975
2012-08-07,99.40182495117188,106.44999694824219,106.94999694824219,106.1500015258789,106.55000305175781,570862
2012-08-08,99.40182495117188,106.44999694824219,109.80000305175781,106.19999694824219,107.4000015258789,623343
2012-08-09,99.07501220703125,106.0999984741211,107.8499984741211,105.5,107.0,533819
2012-08-10,99.02833557128906,106.05000305175781,106.9000015258789,105.9000015258789,106.25,402016
2012-08-13,99.12171173095703,106.1500015258789,108.0,105.80000305175781,106.80000305175781,691757
2012-08-14,98.98162841796875,106.0,108.44999694824219,105.8499984741211,106.0,347991
2012-08-16,99.21508026123047,106.25,109.44999694824219,105.9000015258789,106.8499984741211,150859
2012-08-17,99.02833557128906,106.05000305175781,106.8499984741211,105.80000305175781,106.8499984741211,236582
2012-08-21,98.98162841796875,106.0,107.4000015258789,105.69999694824219,106.75,359187
2012-08-22,99.8220443725586,106.9000015258789,110.0,106.05000305175781,107.3499984741211,424359
2012-08-23,100.38230895996094,107.5,108.0,106.55000305175781,107.1500015258789,329668
2012-08-24,100.24224853515625,107.3499984741211,108.69999694824219,107.0,107.5,359510
2012-08-27,99.9154052734375,107.0,108.19999694824219,106.8499984741211,107.5,251012
2012-08-28,99.21508026123047,106.25,107.5,105.1500015258789,107.1500015258789,138448
2012-08-29,100.38230895996094,107.5,107.8499984741211,106.30000305175781,106.5999984741211,48931
2012-08-30,100.61576843261719,107.75,108.25,106.5,106.5,41899
2012-08-31,100.4757080078125,107.5999984741211,108.4000015258789,107.0999984741211,108.4000015258789,16642
2012-09-03,99.72867584228516,106.80000305175781,109.75,105.9000015258789,107.0999984741211,89764
2012-09-04,100.4757080078125,107.5999984741211,107.94999694824219,107.05000305175781,107.9000015258789,10281
2012-09-05,101.68961334228516,108.9000015258789,109.5,107.19999694824219,107.19999694824219,62115
2012-09-06,106.73209381103516,114.30000305175781,114.30000305175781,109.05000305175781,110.05000305175781,283156
2012-09-07,109.15994262695312,116.9000015258789,120.0,115.0,117.0,286267
2012-09-10,109.9069595336914,117.69999694824219,119.44999694824219,116.30000305175781,119.0,45746
2012-09-11,110.32717895507812,118.1500015258789,119.5,115.5,117.30000305175781,30912
2012-09-12,114.15571594238281,122.25,124.05000305175781,118.25,119.9000015258789,257036
2012-09-13,110.6072998046875,118.44999694824219,123.0,117.30000305175781,120.4000015258789,40971
2012-09-14,110.65400695800781,118.5,121.3499984741211,118.0,119.0,103985
2012-09-17,112.81632232666016,120.0,121.69999694824219,118.25,121.69999694824219,23189
2012-09-18,111.26508331298828,118.3499984741211,120.9000015258789,117.5999984741211,120.9000015258789,40287
2012-09-20,110.7480239868164,117.80000305175781,119.19999694824219,116.5,118.5,25481
2012-09-21,110.60700225830078,117.6500015258789,119.9000015258789,117.0999984741211,118.5,17986
2012-09-24,111.45310974121094,118.55000305175781,123.5,118.0,118.5,80318
2012-09-25,113.99148559570312,121.25,122.44999694824219,118.25,119.5999984741211,39134
2012-09-26,112.29923248291016,119.44999694824219,122.9000015258789,117.0,117.0,54699
2012-09-27,112.15821075439453,119.30000305175781,123.0,117.55000305175781,118.5,66159
2012-09-28,111.40611267089844,118.5,120.8499984741211,117.5999984741211,117.5999984741211,181201
2012-10-01,112.7693099975586,119.94999694824219,121.69999694824219,119.44999694824219,119.5,317094
2012-10-03,113.286376953125,120.5,121.0,117.5999984741211,117.5999984741211,53925
2012-10-04,112.67528533935547,119.8499984741211,121.05000305175781,119.0,120.69999694824219,54153
2012-10-05,111.07706451416016,118.1500015258789,121.0,115.44999694824219,119.5,120663
2012-10-08,110.93602752685547,118.0,119.1500015258789,117.9000015258789,119.05000305175781,371376
2012-10-09,110.93602752685547,118.0,119.5,117.94999694824219,118.55000305175781,27070
2012-10-10,110.98303985595703,118.05000305175781,119.19999694824219,117.94999694824219,119.19999694824219,17039
2012-10-11,111.12407684326172,118.19999694824219,119.0999984741211,117.94999694824219,118.0999984741211,38357
2012-10-12,111.92317962646484,119.05000305175781,124.0999984741211,117.6500015258789,119.5,186172
2012-10-15,111.40611267089844,118.5,119.05000305175781,118.0,119.05000305175781,31624
2012-10-16,110.2779541015625,117.30000305175781,118.80000305175781,116.1500015258789,118.75,1725046
2012-10-17,109.80786895751953,116.80000305175781,120.0,116.5,119.0999984741211,172323
2012-10-18,109.47883605957031,116.44999694824219,118.6500015258789,116.30000305175781,117.6500015258789,38245
2012-10-19,110.04291534423828,117.05000305175781,119.0,116.30000305175781,116.80000305175781,276162
2012-10-22,109.90189361572266,116.9000015258789,117.69999694824219,116.3499984741211,117.0,32377
2012-10-23,109.38481140136719,116.3499984741211,117.5999984741211,116.25,116.75,46669
2012-10-25,111.21807861328125,118.30000305175781,119.0,116.1500015258789,116.1500015258789,52939
2012-10-29,109.90189361572266,116.9000015258789,119.0,116.5,119.0,40556
2012-10-30,109.80786895751953,116.80000305175781,117.5,116.25,116.75,11026
2012-10-31,112.44026184082031,119.5999984741211,120.69999694824219,116.3499984741211,118.6500015258789,36111
2012-11-01,110.93602752685547,118.0,123.44999694824219,117.30000305175781,121.0,155226
2012-11-02,110.41896057128906,117.44999694824219,118.75,117.19999694824219,118.44999694824219,26431
2012-11-05,110.70099639892578,117.75,118.4000015258789,116.5,117.0999984741211,66385
2012-11-06,110.93602752685547,118.0,119.4000015258789,117.19999694824219,119.4000015258789,7313
2012-11-07,110.8890151977539,117.94999694824219,118.80000305175781,117.25,118.0999984741211,33866
2012-11-08,113.7564468383789,121.0,123.80000305175781,120.0999984741211,120.25,261793
2012-11-09,119.44426727294922,127.05000305175781,127.05000305175781,121.25,122.0,904983
2012-11-12,125.41413879394531,133.39999389648438,133.39999389648438,128.10000610351562,131.85000610351562,168443
2012-11-15,128.8456573486328,137.0500030517578,144.5,133.1999969482422,143.6999969482422,404977
2012-11-16,128.9396514892578,137.14999389648438,140.89999389648438,136.25,138.9499969482422,1225145
2012-11-19,126.9183349609375,135.0,139.89999389648438,133.6999969482422,137.0,787234
2012-11-20,126.63629150390625,134.6999969482422,136.4499969482422,132.3000030517578,136.0,89723
2012-11-21,126.77734375,134.85000610351562,138.0,134.10000610351562,137.8000030517578,44735
2012-11-22,125.60218811035156,133.60000610351562,136.9499969482422,132.0500030517578,135.0,25931
2012-11-23,126.30728149414062,134.35000610351562,136.0,132.89999389648438,134.0,35150
2012-11-26,132.60618591308594,141.0500030517578,141.0500030517578,134.10000610351562,134.10000610351562,122299
2012-11-27,135.2855682373047,143.89999389648438,148.10000610351562,142.3000030517578,144.6999969482422,367058
2012-11-29,136.22569274902344,144.89999389648438,151.0500030517578,143.89999389648438,143.89999389648438,220845
2012-11-30,137.2128448486328,145.9499969482422,150.5,144.10000610351562,146.8000030517578,183023
2012-12-03,137.58892822265625,146.35000610351562,149.6999969482422,143.0,146.75,100567
2012-12-04,142.85365295410156,151.9499969482422,153.64999389648438,142.4499969482422,148.0,238256
2012-12-05,140.5973358154297,149.5500030517578,154.8000030517578,148.10000610351562,153.39999389648438,219225
2012-12-06,141.4434356689453,150.4499969482422,152.0,146.3000030517578,149.89999389648438,80642
2012-12-07,142.90065002441406,152.0,154.0,151.1999969482422,152.0,90152
2012-12-10,140.64434814453125,149.60000610351562,152.0,148.5,152.0,31268
2012-12-11,137.82395935058594,146.60000610351562,151.75,145.25,150.0,68675
2012-12-12,134.58045959472656,143.14999389648438,148.5,142.9499969482422,143.0,26756
2012-12-13,134.39242553710938,142.9499969482422,146.0,142.10000610351562,143.14999389648438,353331
2012-12-14,135.33253479003906,143.9499969482422,149.89999389648438,139.5,143.5,59930
2012-12-17,135.99066162109375,144.64999389648438,145.89999389648438,144.0500030517578,144.9499969482422,19055
2012-12-18,135.56759643554688,144.1999969482422,145.9499969482422,143.0,143.0,36928
2012-12-19,134.95652770996094,143.5500030517578,145.9499969482422,143.25,144.1999969482422,43656
2012-12-20,135.9436492919922,144.60000610351562,145.85000610351562,140.5500030517578,140.5500030517578,25881
2012-12-21,136.789794921875,145.5,146.1999969482422,144.9499969482422,145.0,48053
2012-12-24,136.13169860839844,144.8000030517578,147.0,143.14999389648438,145.5,26875
2012-12-26,139.14012145996094,148.0,149.85000610351562,144.10000610351562,146.89999389648438,34681
2012-12-27,140.64434814453125,149.60000610351562,151.60000610351562,146.5,149.5,65399
2012-12-28,143.6527557373047,152.8000030517578,153.9499969482422,149.10000610351562,150.0,102799
2012-12-31,141.2554168701172,150.25,155.5,148.5,152.5500030517578,128743
2013-01-01,139.65721130371094,148.5500030517578,151.0,147.0,150.0,53466
2013-01-02,138.1529541015625,146.9499969482422,149.85000610351562,146.60000610351562,149.0,45137
2013-01-03,136.22569274902344,144.89999389648438,149.0,143.60000610351562,145.0,226905
2013-01-04,135.75563049316406,144.39999389648438,145.4499969482422,143.60000610351562,144.0,45180
2013-01-07,135.23854064941406,143.85000610351562,146.5,141.35000610351562,141.35000610351562,143556
2013-01-08,131.28997802734375,139.64999389648438,144.0500030517578,138.0500030517578,141.39999389648438,95422
2013-01-09,134.72149658203125,143.3000030517578,146.60000610351562,138.10000610351562,139.64999389648438,825128
2013-01-10,134.3454132080078,142.89999389648438,145.8000030517578,141.60000610351562,145.0,617775
2013-01-11,133.92236328125,142.4499969482422,146.64999389648438,141.25,145.0,975323
2013-01-14,137.2128448486328,145.9499969482422,147.4499969482422,142.4499969482422,142.4499969482422,104012
2013-01-15,137.54190063476562,146.3000030517578,147.4499969482422,145.0,146.0,144648
2013-01-16,136.88381958007812,145.60000610351562,147.89999389648438,143.60000610351562,145.9499969482422,265784
2013-01-17,134.90953063964844,143.5,146.6999969482422,142.8000030517578,144.0500030517578,83052
2013-01-18,132.04208374023438,140.4499969482422,144.60000610351562,139.64999389648438,143.5,95291
2013-01-21,135.99066162109375,144.64999389648438,147.4499969482422,138.0,141.0,951531
2013-01-22,135.99066162109375,144.64999389648438,145.5,142.6999969482422,144.60000610351562,239599
2013-01-23,132.18312072753906,140.60000610351562,144.85000610351562,139.1999969482422,143.25,157636
2013-01-24,131.14895629882812,139.5,141.75,139.0,141.0,88782
2013-01-25,131.43101501464844,139.8000030517578,142.10000610351562,138.3000030517578,141.39999389648438,58569
2013-01-28,136.36669921875,145.0500030517578,146.75,139.75,140.35000610351562,482879
2013-01-29,137.68287658691406,146.4499969482422,151.5,145.0,146.75,317226
2013-01-30,137.494873046875,146.25,149.25,146.0,147.0,93114
2013-01-31,139.42214965820312,148.3000030517578,149.89999389648438,145.0500030517578,146.5500030517578,203470
2013-02-01,137.82395935058594,146.60000610351562,149.75,146.10000610351562,149.64999389648438,75970
2013-02-04,137.6359100341797,146.39999389648438,147.9499969482422,145.10000610351562,147.0,67464
2013-02-05,136.13169860839844,144.8000030517578,146.85000610351562,143.5500030517578,146.0500030517578,51962
2013-02-06,137.11883544921875,145.85000610351562,151.39999389648438,144.6999969482422,150.8000030517578,149105
2013-02-07,136.03765869140625,144.6999969482422,145.89999389648438,143.0,145.35000610351562,110075
2013-02-08,136.31968688964844,145.0,145.6999969482422,144.0,144.0,173525
2013-02-11,135.52056884765625,144.14999389648438,146.6999969482422,142.6999969482422,143.10000610351562,79828
2013-02-12,133.2642822265625,141.75,144.5,140.1999969482422,144.0,203371
2013-02-13,131.94805908203125,140.35000610351562,142.64999389648438,138.89999389648438,142.1999969482422,27512
2013-02-14,130.9139404296875,139.25,143.0,138.0,143.0,72533
2013-02-15,130.6789093017578,139.0,140.4499969482422,137.85000610351562,139.8000030517578,522147
2013-02-18,132.04208374023438,140.4499969482422,141.0,139.0,141.0,9267
2013-02-19,132.41815185546875,140.85000610351562,141.8000030517578,140.39999389648438,141.14999389648438,102712
2013-02-20,131.00794982910156,139.35000610351562,140.8000030517578,137.89999389648438,140.1999969482422,84070
2013-02-21,129.87977600097656,138.14999389648438,140.0,137.25,138.0,40725
2013-02-22,129.7857666015625,138.0500030517578,139.25,137.60000610351562,138.0,5540
2013-02-25,130.72589111328125,139.0500030517578,139.75,131.14999389648438,137.89999389648438,96486
2013-02-26,129.3627166748047,137.60000610351562,140.0,136.39999389648438,140.0,97634
2013-02-27,129.55072021484375,137.8000030517578,139.0,136.9499969482422,138.0,120965
2013-02-28,128.04652404785156,136.1999969482422,140.0,135.60000610351562,137.5,104376
2013-03-01,128.09352111816406,136.25,139.89999389648438,135.75,138.0,76629
2013-03-04,127.90547943115234,136.0500030517578,137.5,135.75,137.0,22927
2013-03-05,128.79861450195312,137.0,137.5500030517578,135.9499969482422,136.9499969482422,63916
2013-03-06,128.75161743164062,136.9499969482422,139.5,136.5,139.4499969482422,132980
2013-03-07,127.8584976196289,136.0,141.8000030517578,135.14999389648438,138.9499969482422,97866
2013-03-08,128.75161743164062,136.9499969482422,137.64999389648438,135.9499969482422,137.64999389648438,18371
2013-03-11,127.43541717529297,135.5500030517578,137.9499969482422,133.3000030517578,137.10000610351562,23706
2013-03-12,127.38842010498047,135.5,139.0,135.39999389648438,139.0,25757
2013-03-13,128.32855224609375,136.5,137.4499969482422,135.9499969482422,137.4499969482422,39098
2013-03-14,126.49530792236328,134.5500030517578,137.0,134.4499969482422,136.5,69406
2013-03-15,127.95252990722656,136.10000610351562,137.0,134.5,136.8000030517578,129596
2013-03-18,127.24742126464844,135.35000610351562,136.0,134.5,135.9499969482422,16461
2013-03-19,126.02523040771484,134.0500030517578,136.0,133.64999389648438,136.0,40823
2013-03-20,123.1578140258789,131.0,136.89999389648438,129.5500030517578,136.89999389648438,186324
2013-03-21,122.26470184326172,130.0500030517578,134.0,128.5,134.0,119747
2013-03-22,119.67931365966797,127.30000305175781,130.0,126.0,130.0,179853
2013-03-25,117.65801239013672,125.1500015258789,130.4499969482422,121.55000305175781,128.0,89053
2013-03-26,120.19638061523438,127.8499984741211,129.0,127.0,128.0,112260
2013-03-28,122.1236572265625,129.89999389648438,130.5500030517578,128.5,129.89999389648438,32574
2013-04-01,121.51256561279297,129.25,130.0,128.9499969482422,130.0,2094
2013-04-02,121.46556091308594,129.1999969482422,132.0,128.89999389648438,132.0,95381
2013-04-03,121.18352508544922,128.89999389648438,130.39999389648438,128.39999389648438,129.9499969482422,90128
2013-04-04,119.53827667236328,127.1500015258789,128.85000610351562,127.0,128.0,14567
2013-04-05,119.7733154296875,127.4000015258789,129.4499969482422,126.5,127.55000305175781,24595
2013-04-08,119.53827667236328,127.1500015258789,131.9499969482422,125.0,129.89999389648438,372632
2013-04-09,117.65801239013672,125.1500015258789,127.8499984741211,124.8499984741211,127.0,123921
2013-04-10,118.17507934570312,125.69999694824219,127.44999694824219,125.30000305175781,126.0,22536
2013-04-11,116.76487731933594,124.19999694824219,127.44999694824219,123.75,127.44999694824219,56545
2013-04-12,115.77774810791016,123.1500015258789,125.44999694824219,118.0,125.44999694824219,34263
2013-04-15,116.95289611816406,124.4000015258789,125.0,123.1500015258789,124.44999694824219,44017
2013-04-16,116.85889434814453,124.30000305175781,124.8499984741211,120.4000015258789,124.8499984741211,36512
2013-04-17,120.57242584228516,128.25,130.5,124.25,128.0,70613
2013-04-18,120.2433853149414,127.9000015258789,130.4499969482422,125.19999694824219,129.6999969482422,131826
2013-04-22,120.47842407226562,128.14999389648438,128.5,126.0,128.5,54716
2013-04-23,118.78617858886719,126.3499984741211,128.5,125.94999694824219,128.5,21280
2013-04-25,119.39727020263672,127.0,128.5,125.4000015258789,128.5,46510
2013-04-26,117.987060546875,125.5,128.5,122.5,128.5,62609
2013-04-29,117.61101531982422,125.0999984741211,127.8499984741211,124.80000305175781,127.8499984741211,6703
2013-04-30,117.18794250488281,124.6500015258789,127.5,124.4000015258789,127.5,3005
2013-05-02,117.14094543457031,124.5999984741211,126.9000015258789,124.05000305175781,126.9000015258789,6490
2013-05-03,118.41011810302734,125.94999694824219,126.9000015258789,123.0999984741211,123.0999984741211,4293
2013-05-06,119.53827667236328,127.1500015258789,127.8499984741211,124.69999694824219,127.8499984741211,75314
2013-05-07,119.91433715820312,127.55000305175781,128.0500030517578,125.80000305175781,127.94999694824219,74489
2013-05-08,119.91433715820312,127.55000305175781,129.60000610351562,127.0,127.55000305175781,48010
2013-05-09,117.84603881835938,125.3499984741211,129.0,124.75,129.0,47444
2013-05-10,119.3032455444336,126.9000015258789,128.0,124.94999694824219,126.8499984741211,62982
2013-05-13,119.02120208740234,126.5999984741211,128.5500030517578,126.19999694824219,127.9000015258789,7216
2013-05-14,117.46998596191406,124.94999694824219,126.9000015258789,124.0999984741211,126.25,9368
2013-05-15,120.19638061523438,127.8499984741211,129.64999389648438,124.05000305175781,124.05000305175781,34874
2013-05-16,118.92718505859375,126.5,129.5,125.5,127.30000305175781,14838
2013-05-17,118.22209930419922,125.75,128.4499969482422,125.44999694824219,127.0,7953
2013-05-20,120.99549102783203,128.6999969482422,132.0,125.19999694824219,126.9000015258789,158094
2013-05-21,119.3032455444336,126.9000015258789,131.0,125.0999984741211,131.0,27566
2013-05-22,119.25624084472656,126.8499984741211,128.39999389648438,125.75,128.39999389648438,27464
2013-05-23,119.25624084472656,126.8499984741211,132.1999969482422,124.0,127.0,673059
2013-05-24,120.5254135131836,128.1999969482422,128.9499969482422,125.25,126.0,33785
2013-05-27,122.21766662597656,130.0,134.14999389648438,128.4499969482422,129.5,96126
2013-05-28,119.39727020263672,127.0,131.0,126.5999984741211,131.0,56137
2013-05-29,119.3032455444336,126.9000015258789,132.89999389648438,125.5,131.0,154957
2013-05-30,117.84603881835938,125.3499984741211,126.8499984741211,124.0,126.30000305175781,34422
2013-05-31,116.48283386230469,123.9000015258789,126.30000305175781,121.0999984741211,124.0,41654
2013-06-03,115.96576690673828,123.3499984741211,126.5,122.0999984741211,123.0,37736
2013-06-04,114.83760070800781,122.1500015258789,124.4000015258789,121.44999694824219,123.0,29033
2013-06-05,114.03849029541016,121.30000305175781,122.8499984741211,120.8499984741211,122.8499984741211,14114
2013-06-06,112.95732879638672,120.1500015258789,120.9000015258789,119.5,120.80000305175781,56489
2013-06-07,111.68814086914062,118.80000305175781,121.94999694824219,118.1500015258789,120.3499984741211,47499
2013-06-10,110.84202575683594,117.9000015258789,120.0,117.0,118.1500015258789,45315
2013-06-11,108.82073211669922,115.75,117.69999694824219,114.0,117.5,107137
2013-06-12,108.02163696289062,114.9000015258789,116.0,113.6500015258789,115.0,43775
2013-06-13,104.35508728027344,111.0,114.69999694824219,110.0,112.4000015258789,112415
2013-06-14,104.02604675292969,110.6500015258789,111.9000015258789,107.0999984741211,111.9000015258789,70309
2013-06-17,101.9577407836914,108.44999694824219,114.0,108.0999984741211,112.0,39772
2013-06-18,102.42779541015625,108.94999694824219,109.80000305175781,107.3499984741211,108.80000305175781,85522
2013-06-19,100.12448120117188,106.5,109.94999694824219,105.0,109.94999694824219,138079
2013-06-20,96.8340072631836,103.0,105.5,101.80000305175781,105.5,45319
2013-06-21,93.96659088134766,99.94999694824219,103.0,98.5,102.3499984741211,166161
2013-06-24,93.87256622314453,99.8499984741211,102.80000305175781,99.44999694824219,99.80000305175781,90195
2013-06-25,92.5093765258789,98.4000015258789,102.5999984741211,97.0999984741211,99.8499984741211,40723
2013-06-26,92.79141235351562,98.69999694824219,100.0,97.44999694824219,100.0,265946
2013-06-27,92.97945404052734,98.9000015258789,100.0,97.5999984741211,100.0,14914
2013-06-28,92.55638122558594,98.44999694824219,100.0,97.25,100.0,30158
2013-07-01,92.7444076538086,98.6500015258789,99.44999694824219,97.30000305175781,99.0,45781
2013-07-02,92.60338592529297,98.5,103.4000015258789,98.0,101.0,152994
2013-07-03,89.97100830078125,95.69999694824219,99.9000015258789,94.69999694824219,98.0,270910
2013-07-04,90.06503295898438,95.80000305175781,97.0,94.75,95.0,263921
2013-07-05,91.00515747070312,96.80000305175781,99.0999984741211,94.9000015258789,96.55000305175781,109673
2013-07-08,90.01801300048828,95.75,97.69999694824219,95.0,97.0,26934
2013-07-09,91.28719329833984,97.0999984741211,99.6500015258789,96.5,99.6500015258789,60678
2013-07-10,90.7701187133789,96.55000305175781,99.5,95.5,98.0,65038
2013-07-11,90.15904998779297,95.9000015258789,98.0,95.1500015258789,97.8499984741211,71479
2013-07-12,92.27433013916016,98.1500015258789,98.8499984741211,96.69999694824219,97.94999694824219,54248
2013-07-15,93.59053039550781,99.55000305175781,99.8499984741211,97.0999984741211,97.0999984741211,13655
2013-07-16,91.5692367553711,97.4000015258789,99.6500015258789,96.5,99.0,18582
2013-07-17,90.11203002929688,95.8499984741211,98.55000305175781,94.94999694824219,98.55000305175781,119628
2013-07-18,90.11203002929688,95.8499984741211,97.5,95.5,97.0,67464
2013-07-19,89.1248779296875,94.80000305175781,97.4000015258789,91.80000305175781,97.4000015258789,131128
2013-07-22,87.57366943359375,93.1500015258789,96.5,92.0,96.5,40030
2013-07-23,87.05659484863281,92.5999984741211,95.8499984741211,92.0,95.8499984741211,28916
2013-07-24,88.0437240600586,93.6500015258789,95.8499984741211,92.5999984741211,94.44999694824219,170412
2013-07-25,88.37277221679688,94.0,96.0,92.5,95.0,12672
2013-07-26,88.93685150146484,94.5999984741211,95.44999694824219,93.05000305175781,95.44999694824219,19234
2013-07-29,88.74883270263672,94.4000015258789,97.8499984741211,93.94999694824219,97.8499984741211,14497
2013-07-30,87.71469116210938,93.30000305175781,95.94999694824219,93.0,95.94999694824219,37317
2013-07-31,87.19759368896484,92.75,95.8499984741211,92.5,95.0,17339
2013-08-01,87.05659484863281,92.5999984741211,94.6500015258789,91.0,94.6500015258789,47034
2013-08-02,86.82154846191406,92.3499984741211,93.9000015258789,90.5999984741211,93.5,174775
2013-08-05,86.5865249633789,92.0999984741211,93.94999694824219,90.55000305175781,91.0,50685
2013-08-06,88.41978454589844,94.05000305175781,94.9000015258789,92.05000305175781,94.80000305175781,239138
2013-08-07,88.41978454589844,94.05000305175781,95.0999984741211,92.30000305175781,92.30000305175781,101946
2013-08-08,88.37277221679688,94.0,95.0,93.05000305175781,95.0,51263
2013-08-12,90.25305938720703,96.0,97.80000305175781,95.05000305175781,95.9000015258789,81551
2013-08-13,90.86414337158203,96.6500015258789,99.0,95.0,98.0,26663
2013-08-14,90.48809051513672,96.25,97.6500015258789,95.9000015258789,97.0,15302
2013-08-16,89.17189025878906,94.8499984741211,100.75,94.25,96.0,348904
2013-08-19,91.42821502685547,97.25,98.5,94.55000305175781,94.55000305175781,73196
2013-08-20,95.51779174804688,101.5999984741211,102.0999984741211,95.25,99.0,285602
2013-08-21,93.7315444946289,99.69999694824219,106.6500015258789,98.0,104.44999694824219,148527
2013-08-22,94.06060028076172,100.05000305175781,104.44999694824219,97.69999694824219,99.0,136575
2013-08-23,98.66725158691406,104.94999694824219,105.05000305175781,99.5999984741211,99.5999984741211,179664
2013-08-26,103.55596923828125,110.1500015258789,110.1500015258789,107.1500015258789,107.1500015258789,360326
2013-08-27,108.58570861816406,115.5,115.6500015258789,112.75,113.9000015258789,935487
2013-08-28,110.04291534423828,117.05000305175781,119.44999694824219,109.75,117.69999694824219,486899
2013-08-29,109.99590301513672,117.0,121.4000015258789,116.05000305175781,119.6500015258789,402507
2013-08-30,113.47440338134766,120.69999694824219,122.8499984741211,118.5,122.8499984741211,371570
2013-09-02,112.15821075439453,119.30000305175781,121.69999694824219,116.5,120.0,312202
2013-09-03,117.75202178955078,125.25,125.25,121.8499984741211,125.25,1548398
2013-09-04,114.08548736572266,121.3499984741211,126.0,120.0,124.0,408839
2013-09-05,112.34625244140625,119.5,124.0999984741211,117.30000305175781,124.0999984741211,144504
2013-09-06,109.8548812866211,116.8499984741211,120.0,116.19999694824219,120.0,127890
2013-09-10,111.73514556884766,118.8499984741211,121.5,116.80000305175781,116.80000305175781,237975
2013-09-11,109.7138671875,116.69999694824219,119.94999694824219,116.0,119.0,194070
2013-09-12,109.94890594482422,116.94999694824219,119.4000015258789,115.55000305175781,117.5,228504
2013-09-13,110.84202575683594,117.9000015258789,119.4000015258789,115.5999984741211,116.0,53386
2013-09-16,109.80786895751953,116.80000305175781,119.69999694824219,115.6500015258789,118.0,148000
2013-09-17,107.64556884765625,114.5,119.0,113.94999694824219,117.5999984741211,141534
2013-09-18,107.1755142211914,114.0,115.8499984741211,112.0999984741211,115.8499984741211,185779
2013-09-19,108.20964813232422,115.0999984741211,118.0999984741211,113.4000015258789,115.5,412803
2013-09-20,109.58238983154297,115.75,116.75,113.9000015258789,115.5,68289
2013-09-23,109.58238983154297,115.75,116.8499984741211,113.9000015258789,116.0,391334
2013-09-24,110.00841522216797,116.19999694824219,117.69999694824219,113.55000305175781,115.75,363735
2013-09-25,115.49935913085938,122.0,122.0,115.0,115.0,1341757
2013-09-26,117.29813385009766,123.9000015258789,126.0,123.0,123.9000015258789,415198
2013-09-27,121.46368408203125,128.3000030517578,130.0500030517578,123.55000305175781,127.0,741152
2013-09-30,127.0019760131836,134.14999389648438,134.6999969482422,128.0,130.0,513613
2013-10-01,128.99005126953125,136.25,138.39999389648438,132.25,136.0500030517578,724784
2013-10-03,130.83615112304688,138.1999969482422,141.39999389648438,135.0,137.89999389648438,691693
2013-10-04,137.36851501464844,145.10000610351562,145.10000610351562,137.85000610351562,138.1999969482422,407018
2013-10-07,134.4810333251953,142.0500030517578,150.0,139.64999389648438,150.0,367338
2013-10-08,131.688232421875,139.10000610351562,145.85000610351562,137.64999389648438,143.39999389648438,336321
2013-10-09,131.97219848632812,139.39999389648438,143.0,138.4499969482422,138.89999389648438,163123
2013-10-10,138.5519256591797,146.35000610351562,146.35000610351562,138.75,140.0,390294
2013-10-11,139.64060974121094,147.5,153.0,146.10000610351562,149.0,395419
2013-10-14,136.46910095214844,144.14999389648438,151.60000610351562,142.60000610351562,148.14999389648438,300589
2013-10-15,134.67037963867188,142.25,146.9499969482422,141.64999389648438,146.0,162180
2013-10-17,140.44532775878906,148.35000610351562,149.35000610351562,142.10000610351562,142.5,345934
2013-10-18,141.1080322265625,149.0500030517578,151.85000610351562,146.3000030517578,150.14999389648438,375316
2013-10-21,145.46292114257812,153.64999389648438,154.5500030517578,149.6999969482422,150.0,320951
2013-10-22,150.7645263671875,159.25,161.3000030517578,154.10000610351562,159.5,2070915
2013-10-23,143.23814392089844,151.3000030517578,160.5,151.3000030517578,159.0,209391
2013-10-24,142.81210327148438,150.85000610351562,155.0,143.75,143.75,2703204
2013-10-25,139.30923461914062,147.14999389648438,153.6999969482422,146.0,147.6999969482422,408149
2013-10-28,133.77098083496094,141.3000030517578,150.39999389648438,140.35000610351562,149.0,305084
2013-10-29,136.5637969970703,144.25,147.8000030517578,136.10000610351562,143.0,696083
2013-10-30,136.65847778320312,144.35000610351562,147.39999389648438,143.10000610351562,144.0,137824
2013-10-31,138.36256408691406,146.14999389648438,146.89999389648438,143.0,143.0,167858
2013-11-01,134.52835083007812,142.10000610351562,147.89999389648438,140.25,147.5,145744
2013-11-05,134.3389892578125,141.89999389648438,148.8000030517578,141.0,143.14999389648438,251093
2013-11-06,133.29763793945312,140.8000030517578,143.89999389648438,140.0,143.0,86998
2013-11-07,134.197021484375,141.75,145.0,135.35000610351562,142.0,134135
2013-11-08,128.4220428466797,135.64999389648438,142.75,134.6999969482422,142.75,465509
2013-11-11,123.78314208984375,130.75,139.0,129.60000610351562,137.0,185842
2013-11-12,123.97247314453125,130.9499969482422,133.9499969482422,128.9499969482422,132.3000030517578,173088
2013-11-13,130.03146362304688,137.35000610351562,137.4499969482422,130.75,131.0,266378
2013-11-14,128.37469482421875,135.60000610351562,139.39999389648438,133.9499969482422,139.35000610351562,199975
2013-11-18,128.56402587890625,135.8000030517578,140.25,134.5,136.4499969482422,233214
2013-11-19,127.75933074951172,134.9499969482422,137.0,133.14999389648438,133.1999969482422,84394
2013-11-20,129.13209533691406,136.39999389648438,140.5,135.14999389648438,135.14999389648438,248691
2013-11-21,127.75933074951172,134.9499969482422,137.8000030517578,134.25,135.89999389648438,93684
2013-11-22,127.80667114257812,135.0,136.89999389648438,134.35000610351562,135.6999969482422,48355
2013-11-25,128.4220428466797,135.64999389648438,138.5,134.14999389648438,135.6999969482422,97536
2013-11-26,129.55809020996094,136.85000610351562,137.5,135.5,135.89999389648438,54760
2013-11-27,123.78314208984375,130.75,137.75,130.0500030517578,136.6999969482422,128943
2013-11-28,124.87185668945312,131.89999389648438,133.8000030517578,130.89999389648438,132.39999389648438,48820
2013-11-29,129.0373992919922,136.3000030517578,138.4499969482422,131.25,132.3000030517578,427268
2013-12-02,132.68226623535156,140.14999389648438,141.5,137.0,137.0,114468
2013-12-03,133.4869842529297,141.0,142.0,137.75,141.0,129082
2013-12-04,131.83023071289062,139.25,142.89999389648438,138.5,141.9499969482422,140221
2013-12-05,131.02549743652344,138.39999389648438,142.0,137.5,141.0,89749
2013-12-06,129.6054229736328,136.89999389648438,139.9499969482422,136.10000610351562,139.9499969482422,31271
2013-12-09,129.55809020996094,136.85000610351562,141.4499969482422,136.0,139.3000030517578,147492
2013-12-10,128.75338745117188,136.0,137.75,134.5,136.0500030517578,179447
2013-12-11,134.95437622070312,142.5500030517578,142.8000030517578,135.89999389648438,136.6999969482422,256596
2013-12-12,138.36256408691406,146.14999389648438,149.64999389648438,144.10000610351562,144.5,242182
2013-12-13,137.2265167236328,144.9499969482422,148.75,142.10000610351562,148.75,146046
2013-12-16,133.1556396484375,140.64999389648438,145.9499969482422,139.0,144.9499969482422,101853
2013-12-17,133.25025939941406,140.75,142.89999389648438,140.0,141.6999969482422,56615
2013-12-18,131.21484375,138.60000610351562,142.1999969482422,138.1999969482422,141.5,68177
2013-12-19,131.7355194091797,139.14999389648438,140.39999389648438,136.10000610351562,139.6999969482422,52619
2013-12-20,131.688232421875,139.10000610351562,142.0500030517578,136.3000030517578,140.1999969482422,73575
2013-12-23,130.55215454101562,137.89999389648438,140.9499969482422,137.10000610351562,139.89999389648438,60105
2013-12-24,134.90704345703125,142.5,144.75,138.60000610351562,138.6999969482422,291774
2013-12-26,133.1082763671875,140.60000610351562,145.0,140.3000030517578,144.0500030517578,72743
2013-12-27,136.5637969970703,144.25,145.0,139.3000030517578,141.6999969482422,298168
2013-12-30,132.06689453125,139.5,146.4499969482422,137.10000610351562,146.3000030517578,429300
2013-12-31,135.0490264892578,142.64999389648438,145.0,140.0,140.0,322008
2014-01-01,138.0312042236328,145.8000030517578,148.8000030517578,142.0,143.6999969482422,345977
2014-01-02,133.6289825439453,141.14999389648438,148.4499969482422,140.5,146.8000030517578,247813
2014-01-03,134.57569885253906,142.14999389648438,143.6999969482422,140.4499969482422,140.5,114915
2014-01-06,134.81234741210938,142.39999389648438,145.0,141.75,142.1999969482422,74693
2014-01-07,133.81834411621094,141.35000610351562,144.6999969482422,140.75,142.6999969482422,41399
2014-01-08,134.3863525390625,141.9499969482422,145.0,141.0,142.0,113529
2014-01-09,131.7355194091797,139.14999389648438,143.35000610351562,138.0500030517578,142.6999969482422,107235
2014-01-10,127.56998443603516,134.75,140.0,134.10000610351562,139.39999389648438,121624
2014-01-13,127.6173095703125,134.8000030517578,138.0,133.10000610351562,134.0,54488
2014-01-14,127.9013442993164,135.10000610351562,137.3000030517578,133.0,133.0,63707
2014-01-15,128.99005126953125,136.25,139.5,128.60000610351562,134.5,3882223
2014-01-16,134.90704345703125,142.5,143.0500030517578,138.5500030517578,140.9499969482422,2558671
2014-01-17,132.68226623535156,140.14999389648438,144.35000610351562,137.64999389648438,142.35000610351562,1078049
2014-01-20,137.08447265625,144.8000030517578,145.6999969482422,139.85000610351562,140.6999969482422,1428306
2014-01-21,143.90086364746094,152.0,152.0,143.1999969482422,144.64999389648438,1659586
2014-01-22,151.0959014892578,159.60000610351562,159.60000610351562,155.14999389648438,156.89999389648438,1982999
2014-01-23,155.7347869873047,164.5,167.5500030517578,160.89999389648438,161.5,2603067
2014-01-24,154.40939331054688,163.10000610351562,171.8000030517578,162.10000610351562,169.0,1882422
2014-01-27,148.3504180908203,156.6999969482422,162.60000610351562,155.5,161.9499969482422,668277
2014-01-28,145.13157653808594,153.3000030517578,159.9499969482422,151.0,156.8000030517578,470847
2014-01-29,141.6287384033203,149.60000610351562,157.75,148.25,155.0,566862
2014-01-30,142.52810668945312,150.5500030517578,153.5,147.0,147.10000610351562,500893
2014-01-31,145.36825561523438,153.5500030517578,155.6999969482422,150.0500030517578,151.8000030517578,384364
2014-02-03,143.00146484375,151.0500030517578,157.0,150.25,152.89999389648438,306852
2014-02-04,144.18484497070312,152.3000030517578,155.0,148.5,149.8000030517578,318688
2014-02-05,151.04856872558594,159.5500030517578,159.89999389648438,152.39999389648438,152.39999389648438,1568567
2014-02-06,150.7645263671875,159.25,166.9499969482422,155.8000030517578,161.8000030517578,1256573
2014-02-07,155.3087921142578,164.0500030517578,165.0,158.0,160.89999389648438,850844
2014-02-10,153.4153594970703,162.0500030517578,167.39999389648438,161.0500030517578,165.4499969482422,391062
2014-02-11,153.7467041015625,162.39999389648438,164.75,160.10000610351562,163.5,261699
2014-02-12,151.1905517578125,159.6999969482422,165.5500030517578,158.5,164.1999969482422,235799
2014-02-13,148.4451141357422,156.8000030517578,162.75,156.0,162.0,248755
2014-02-14,144.9895477294922,153.14999389648438,156.89999389648438,149.0,155.75,684362
2014-02-17,143.7588348388672,151.85000610351562,157.8000030517578,151.1999969482422,153.4499969482422,248037
2014-02-18,150.62252807617188,159.10000610351562,159.39999389648438,152.0,152.39999389648438,553693
2014-02-19,153.03663635253906,161.64999389648438,163.0,156.8000030517578,158.60000610351562,497702
2014-02-20,152.7526397705078,161.35000610351562,164.5,158.1999969482422,161.39999389648438,1540680
2014-02-21,152.27926635742188,160.85000610351562,164.0,159.0,160.5,891422
2014-02-24,148.30307006835938,156.64999389648438,160.5,156.0,159.3000030517578,333363
2014-02-25,148.5870819091797,156.9499969482422,158.6999969482422,153.1999969482422,156.5500030517578,346009
2014-02-26,145.6995849609375,153.89999389648438,158.0,152.5500030517578,156.5500030517578,402593
2014-02-28,144.27951049804688,152.39999389648438,155.89999389648438,151.25,154.0,440795
2014-03-03,145.17889404296875,153.35000610351562,159.89999389648438,152.6999969482422,155.0500030517578,842510
2014-03-04,146.40960693359375,154.64999389648438,156.4499969482422,152.5500030517578,154.6999969482422,492279
2014-03-05,145.6995849609375,153.89999389648438,156.0,152.39999389648438,155.39999389648438,264606
2014-03-06,144.8475341796875,153.0,156.5,152.10000610351562,155.35000610351562,591666
2014-03-07,137.60519409179688,145.35000610351562,154.3000030517578,145.35000610351562,153.0,511827
2014-03-10,133.1556396484375,140.64999389648438,143.89999389648438,138.10000610351562,141.14999389648438,1190339
2014-03-11,129.65277099609375,136.9499969482422,142.39999389648438,133.64999389648438,140.5500030517578,760712
2014-03-12,130.36282348632812,137.6999969482422,139.4499969482422,130.5500030517578,137.0500030517578,1382096
2014-03-13,132.44554138183594,139.89999389648438,143.1999969482422,137.85000610351562,138.60000610351562,628649
2014-03-14,133.6289825439453,141.14999389648438,142.4499969482422,138.4499969482422,140.0,398194
2014-03-18,134.76504516601562,142.35000610351562,143.5,139.10000610351562,142.0,378968
2014-03-19,133.58164978027344,141.10000610351562,143.3000030517578,140.64999389648438,143.3000030517578,383827
2014-03-20,134.81234741210938,142.39999389648438,143.0,140.14999389648438,140.14999389648438,219868
2014-03-21,141.29737854003906,149.25,149.5,142.39999389648438,142.39999389648438,674020
2014-03-24,142.19676208496094,150.1999969482422,156.39999389648438,148.6999969482422,154.39999389648438,491535
2014-03-25,140.01931762695312,147.89999389648438,150.6999969482422,145.75,150.0,226881
2014-03-26,137.0371551513672,144.75,150.0,142.85000610351562,148.10000610351562,587817
2014-03-27,141.53404235839844,149.5,150.5,145.5,146.9499969482422,195705
2014-03-28,139.68797302246094,147.5500030517578,151.39999389648438,146.25,149.5,124556
2014-03-31,137.88917541503906,145.64999389648438,149.9499969482422,144.5500030517578,148.39999389648438,152644
2014-04-01,137.69985961914062,145.4499969482422,149.5,144.0500030517578,144.60000610351562,260709
2014-04-02,141.4393768310547,149.39999389648438,151.4499969482422,145.60000610351562,145.89999389648438,332189
2014-04-03,139.0725860595703,146.89999389648438,150.35000610351562,146.0,149.89999389648438,120456
2014-04-04,138.26788330078125,146.0500030517578,148.89999389648438,145.14999389648438,146.35000610351562,117563
2014-04-07,136.32711791992188,144.0,147.39999389648438,143.3000030517578,146.5,115593
2014-04-09,137.74720764160156,145.5,147.0500030517578,144.0,144.0,186706
2014-04-10,134.67037963867188,142.25,145.8000030517578,141.64999389648438,144.5500030517578,298578
2014-04-11,128.7060546875,135.9499969482422,142.35000610351562,135.14999389648438,142.35000610351562,890325
2014-04-15,122.31571960449219,129.1999969482422,132.8000030517578,129.1999969482422,129.1999969482422,581918
2014-04-16,116.20939636230469,122.75,122.75,122.75,122.75,68321
2014-04-17,110.43443298339844,116.6500015258789,116.6500015258789,116.6500015258789,116.6500015258789,83177
2014-04-21,115.92537689208984,122.44999694824219,122.44999694824219,116.5,116.55000305175781,2329299
2014-04-22,110.1504135131836,116.3499984741211,125.69999694824219,116.3499984741211,124.0,727875
2014-04-23,113.65327453613281,120.05000305175781,120.80000305175781,113.25,115.80000305175781,1274219
2014-04-24,113.65327453613281,120.05000305175781,120.05000305175781,120.05000305175781,120.05000305175781,0
2014-04-25,108.06763458251953,114.1500015258789,121.25,114.05000305175781,121.25,496008
2014-04-28,104.09142303466797,109.94999694824219,115.69999694824219,109.0999984741211,113.0999984741211,438676
2014-04-29,101.15660858154297,106.8499984741211,112.55000305175781,105.6500015258789,110.0,552115
2014-04-30,99.97322082519531,105.5999984741211,110.5999984741211,103.0,107.75,633787
2014-05-02,99.40518951416016,105.0,109.4000015258789,104.5,107.5,509675
2014-05-05,95.33431243896484,100.69999694824219,105.0,99.75,105.0,644304
2014-05-06,99.78386688232422,105.4000015258789,105.69999694824219,101.5,101.5,846641
2014-05-07,100.91992950439453,106.5999984741211,109.5999984741211,105.9000015258789,106.19999694824219,493357
2014-05-08,98.55313873291016,104.0999984741211,107.9000015258789,102.1500015258789,106.80000305175781,456427
2014-05-09,98.69514465332031,104.25,107.0,103.80000305175781,105.4000015258789,680030
2014-05-12,97.51176452636719,103.0,105.94999694824219,102.0999984741211,104.9000015258789,534323
2014-05-13,98.26913452148438,103.80000305175781,104.94999694824219,103.0,103.30000305175781,336266
2014-05-14,96.75437927246094,102.19999694824219,104.6500015258789,101.19999694824219,103.8499984741211,262417
2014-05-15,95.33431243896484,100.69999694824219,104.19999694824219,100.0999984741211,102.25,403175
2014-05-16,94.71894073486328,100.05000305175781,103.0,99.5999984741211,102.4000015258789,542679
2014-05-19,95.66565704345703,101.05000305175781,102.0,99.9000015258789,100.9000015258789,506528
2014-05-20,100.44657897949219,106.0999984741211,106.0999984741211,99.80000305175781,101.5999984741211,553221
2014-05-21,101.44062805175781,107.1500015258789,111.3499984741211,106.19999694824219,108.25,974515
2014-05-22,103.94943237304688,109.80000305175781,111.19999694824219,107.8499984741211,108.9000015258789,1287498
2014-05-23,106.22154235839844,112.19999694824219,114.30000305175781,111.0999984741211,111.5,1720364
2014-05-26,104.89613342285156,110.80000305175781,117.80000305175781,107.5,114.94999694824219,1607552
2014-05-27,103.05004119873047,108.8499984741211,111.6500015258789,106.19999694824219,110.25,433704
2014-05-28,102.62401580810547,108.4000015258789,110.9000015258789,107.25,108.8499984741211,595255
2014-05-29,101.5353012084961,107.25,109.30000305175781,107.0,108.9000015258789,432015
2014-05-30,98.17445373535156,103.69999694824219,108.30000305175781,103.25,108.0,352574
2014-06-02,98.03245544433594,103.55000305175781,107.80000305175781,103.0,105.0,890792
2014-06-03,97.98512268066406,103.5,105.80000305175781,102.75,104.69999694824219,466571
2014-06-04,98.22179412841797,103.75,105.3499984741211,103.05000305175781,103.9000015258789,436345
2014-06-05,103.0027084350586,108.80000305175781,108.9000015258789,104.0999984741211,104.0999984741211,1194377
2014-06-06,108.1149673461914,114.19999694824219,114.19999694824219,112.5,113.94999694824219,1227298
2014-06-09,111.33380126953125,117.5999984741211,119.9000015258789,115.0999984741211,117.9000015258789,1173020
2014-06-10,108.63567352294922,114.75,118.9000015258789,112.5,118.5999984741211,455287
2014-06-11,105.8428726196289,111.80000305175781,117.80000305175781,111.0,115.5,481801
2014-06-12,107.8782958984375,113.94999694824219,116.6500015258789,112.0999984741211,112.0999984741211,467651
2014-06-13,103.42874145507812,109.25,116.75,108.5,115.0,496052
2014-06-16,108.58833312988281,114.69999694824219,114.69999694824219,107.5999984741211,109.0,525460
2014-06-17,113.46391296386719,119.8499984741211,120.4000015258789,115.80000305175781,115.8499984741211,962195
2014-06-18,111.71249389648438,118.0,124.4000015258789,116.4000015258789,121.0999984741211,743361
2014-06-19,112.4698715209961,118.80000305175781,119.80000305175781,117.0999984741211,118.0,357761
2014-06-20,112.4698715209961,118.80000305175781,122.25,117.0999984741211,118.80000305175781,1216232
2014-06-23,112.04385375976562,118.3499984741211,119.8499984741211,117.19999694824219,118.19999694824219,283587
2014-06-24,110.623779296875,116.8499984741211,120.6500015258789,116.3499984741211,118.3499984741211,317564
2014-06-25,109.48772430419922,115.6500015258789,118.30000305175781,115.30000305175781,117.0999984741211,145390
2014-06-26,108.68301391601562,114.80000305175781,116.5,114.0,114.5,212950
2014-06-27,108.06763458251953,114.1500015258789,116.3499984741211,114.0,115.0999984741211,150362
2014-06-30,107.45227813720703,113.5,115.94999694824219,113.0,114.05000305175781,158531
2014-07-01,107.16826629638672,113.19999694824219,116.80000305175781,112.9000015258789,114.44999694824219,219411
2014-07-02,107.02625274658203,113.05000305175781,114.75,110.94999694824219,114.1500015258789,362384
2014-07-03,106.69490814208984,112.69999694824219,115.0,112.0,112.6500015258789,314182
2014-07-04,106.31622314453125,112.30000305175781,114.80000305175781,111.94999694824219,113.4000015258789,299370
2014-07-07,103.66541290283203,109.5,113.30000305175781,109.1500015258789,113.0,344741
2014-07-08,99.31051635742188,104.9000015258789,110.55000305175781,104.1500015258789,110.44999694824219,290043
2014-07-09,95.33431243896484,100.69999694824219,106.0999984741211,100.0999984741211,105.0,301947
2014-07-10,99.12116241455078,104.69999694824219,105.69999694824219,101.0,102.75,305416
2014-07-11,96.99105072021484,102.44999694824219,107.5,101.69999694824219,105.69999694824219,324499
2014-07-14,94.86095428466797,100.19999694824219,103.6500015258789,100.0,101.05000305175781,300792
2014-07-15,97.08573150634766,102.55000305175781,103.69999694824219,101.0999984741211,101.19999694824219,194537
2014-07-16,97.36975860595703,102.8499984741211,105.0,102.0999984741211,102.0999984741211,462397
2014-07-17,96.65971374511719,102.0999984741211,103.44999694824219,101.80000305175781,102.0999984741211,181246
2014-07-18,96.5650405883789,102.0,103.4000015258789,100.05000305175781,102.44999694824219,321764
2014-07-21,96.13902282714844,101.55000305175781,103.5999984741211,101.25,101.5999984741211,281981
2014-07-22,95.52364349365234,100.9000015258789,102.4000015258789,100.5999984741211,101.6500015258789,242933
2014-07-23,96.13902282714844,101.55000305175781,103.5,100.75,100.75,319240
2014-07-24,94.90827941894531,100.25,102.19999694824219,100.05000305175781,102.19999694824219,221294
2014-07-25,93.72489929199219,99.0,101.0,98.5,100.5999984741211,229534
2014-07-28,92.02080535888672,97.19999694824219,98.8499984741211,97.05000305175781,98.3499984741211,202291
2014-07-30,91.59478759765625,96.75,97.5,95.5,96.6500015258789,233743
2014-07-31,91.83145141601562,97.0,98.4000015258789,96.0,96.5999984741211,133819
2014-08-01,90.50605010986328,95.5999984741211,97.0,95.25,96.0,156767
2014-08-04,90.64806365966797,95.75,96.44999694824219,95.30000305175781,95.30000305175781,275861
2014-08-05,90.17471313476562,95.25,96.4000015258789,94.69999694824219,96.4000015258789,139445
2014-08-06,91.97347259521484,97.1500015258789,98.5,94.8499984741211,95.05000305175781,293700
2014-08-07,92.21014404296875,97.4000015258789,99.0,96.5,96.5,178852
2014-08-08,89.18065643310547,94.19999694824219,96.75,94.0,96.4000015258789,150564
2014-08-11,91.35809326171875,96.5,97.0,95.0,95.0,118171
2014-08-12,91.92613220214844,97.0999984741211,98.9000015258789,96.6500015258789,97.0999984741211,162392
2014-08-13,87.33456420898438,92.25,97.19999694824219,92.25,97.0999984741211,238124
2014-08-14,87.050537109375,91.94999694824219,93.9000015258789,88.0999984741211,92.25,533110
2014-08-18,89.60665893554688,94.6500015258789,96.0,92.5,92.5,312988
2014-08-19,89.84335327148438,94.9000015258789,97.3499984741211,94.30000305175781,96.9000015258789,294714
2014-08-20,89.93804931640625,95.0,95.94999694824219,93.69999694824219,95.6500015258789,219506
2014-08-21,88.56529235839844,93.55000305175781,95.8499984741211,93.0,95.4000015258789,154152
2014-08-22,88.89663696289062,93.9000015258789,95.4000015258789,93.55000305175781,95.4000015258789,207923
2014-08-25,86.34050750732422,91.19999694824219,94.0,90.80000305175781,93.5999984741211,154068
2014-08-26,82.03295135498047,86.6500015258789,91.44999694824219,86.6500015258789,90.5,509928
2014-08-27,77.9620590209961,82.3499984741211,87.0,82.3499984741211,85.80000305175781,288083
2014-08-28,74.08053588867188,78.25,81.25,78.25,80.0,271973
2014-09-01,77.77272033691406,82.1500015258789,82.1500015258789,77.05000305175781,79.9000015258789,1295714
2014-09-02,81.65426635742188,86.25,86.25,84.0,84.69999694824219,682257
2014-09-03,85.20443725585938,90.0,90.55000305175781,88.0,88.9000015258789,787995
2014-09-04,84.9204330444336,89.69999694824219,92.80000305175781,87.0,91.80000305175781,704520
2014-09-05,84.68375396728516,89.44999694824219,91.5,89.0,90.0,366634
2014-09-08,82.55362701416016,87.19999694824219,90.0,86.30000305175781,90.0,217721
2014-09-09,81.93827056884766,86.55000305175781,87.80000305175781,85.55000305175781,86.3499984741211,201173
2014-09-10,85.29910278320312,90.0999984741211,90.80000305175781,85.69999694824219,86.94999694824219,298518
2014-09-11,89.55934143066406,94.5999984741211,94.5999984741211,91.19999694824219,91.30000305175781,1208230
2014-09-12,89.3226547241211,94.3499984741211,97.5,93.30000305175781,96.0,452858
2014-09-15,85.53579711914062,90.3499984741211,95.44999694824219,89.6500015258789,94.0,359462
2014-09-16,81.55960083007812,86.1500015258789,91.9000015258789,85.8499984741211,91.9000015258789,306870
2014-09-17,81.74893188476562,86.3499984741211,89.30000305175781,84.4000015258789,86.75,269564
2014-09-18,82.08029174804688,86.69999694824219,88.0,86.4000015258789,86.94999694824219,209663
2014-09-19,80.28152465820312,84.80000305175781,87.9000015258789,84.25,87.0,219582
2014-09-22,82.097412109375,85.9000015258789,86.44999694824219,83.5999984741211,84.75,166614
2014-09-23,79.89923095703125,83.5999984741211,86.0,83.0,85.55000305175781,140171
2014-09-24,79.99479675292969,83.69999694824219,86.80000305175781,83.0,83.5999984741211,443480
2014-09-25,77.55769348144531,81.1500015258789,85.69999694824219,80.4000015258789,85.0,134712
2014-09-26,73.68697357177734,77.0999984741211,81.19999694824219,77.0999984741211,81.0,285492
2014-09-29,76.64974212646484,80.19999694824219,80.94999694824219,77.0999984741211,77.5,322793
2014-09-30,74.45154571533203,77.9000015258789,82.3499984741211,77.1500015258789,81.80000305175781,363506
2014-10-01,76.55415344238281,80.0999984741211,80.9000015258789,77.25,77.25,220274
2014-10-07,80.37710571289062,84.0999984741211,84.0999984741211,80.1500015258789,81.5,690846
2014-10-08,81.18946075439453,84.94999694824219,87.0999984741211,83.0999984741211,86.80000305175781,503513
2014-10-09,83.29206848144531,87.1500015258789,88.0999984741211,86.0,87.0,336236
2014-10-10,81.33283996582031,85.0999984741211,88.80000305175781,84.55000305175781,88.80000305175781,212621
2014-10-13,85.34691619873047,89.30000305175781,89.3499984741211,85.05000305175781,85.0999984741211,375331
2014-10-14,84.05667114257812,87.94999694824219,91.0,87.0999984741211,89.55000305175781,210284
2014-10-15,84.05667114257812,87.94999694824219,87.94999694824219,87.94999694824219,87.94999694824219,0
2014-10-16,81.71511840820312,85.5,89.44999694824219,84.5,89.0,211514
2014-10-17,80.71160888671875,84.44999694824219,86.0,84.0999984741211,85.30000305175781,91277
2014-10-20,82.76643371582031,86.5999984741211,86.9000015258789,85.0999984741211,85.4000015258789,143881
2014-10-21,83.57879638671875,87.44999694824219,89.5999984741211,86.55000305175781,88.69999694824219,109138
2014-10-22,83.19651794433594,87.05000305175781,89.44999694824219,86.6500015258789,89.0,82507
2014-10-27,89.31320190429688,93.44999694824219,94.94999694824219,91.0,91.0,504514
2014-10-28,88.45304107666016,92.55000305175781,94.0,90.55000305175781,94.0,142288
2014-10-29,87.44952392578125,91.5,93.94999694824219,91.05000305175781,91.80000305175781,126512
2014-10-30,86.3982162475586,90.4000015258789,93.0,90.25,93.0,99962
2014-10-31,86.92385864257812,90.94999694824219,91.9000015258789,89.75,89.75,146241
2014-11-03,86.35043334960938,90.3499984741211,92.5,89.5,91.0999984741211,272871
2014-11-05,85.53804779052734,89.5,92.5,89.0,91.80000305175781,334166
2014-11-07,84.67788696289062,88.5999984741211,90.75,87.05000305175781,90.75,181400
2014-11-10,84.15223693847656,88.05000305175781,89.55000305175781,85.94999694824219,88.44999694824219,183473
2014-11-11,85.29911041259766,89.25,90.0,88.0,88.0,130849
2014-11-12,81.28504180908203,85.05000305175781,88.80000305175781,84.80000305175781,88.4000015258789,486048
2014-11-13,80.52045440673828,84.25,86.80000305175781,83.5999984741211,85.94999694824219,234380
2014-11-14,77.79662322998047,81.4000015258789,85.30000305175781,80.80000305175781,83.69999694824219,351859
2014-11-17,80.04259490966797,83.75,84.5,81.55000305175781,82.0,170297
2014-11-18,78.32227325439453,81.94999694824219,84.94999694824219,81.80000305175781,83.4000015258789,188754
2014-11-19,78.4178466796875,82.05000305175781,84.44999694824219,81.80000305175781,83.0,180911
2014-11-20,82.33636474609375,86.1500015258789,86.1500015258789,81.94999694824219,82.0999984741211,390992
2014-11-21,81.33283996582031,85.0999984741211,88.3499984741211,84.8499984741211,86.80000305175781,286664
2014-11-24,80.37710571289062,84.0999984741211,86.30000305175781,83.6500015258789,85.0,141716
2014-11-25,76.36302947998047,79.9000015258789,86.0,79.9000015258789,84.19999694824219,424334
2014-11-26,76.64974212646484,80.19999694824219,83.5999984741211,75.94999694824219,80.0999984741211,582744
2014-11-27,77.31875610351562,80.9000015258789,83.19999694824219,80.0999984741211,80.1500015258789,235461
2014-11-28,77.22319793701172,80.80000305175781,83.0,80.25,80.25,217706
2014-12-01,76.55415344238281,80.0999984741211,82.5,78.0999984741211,81.30000305175781,208690
2014-12-02,79.32579040527344,83.0,83.69999694824219,79.30000305175781,79.30000305175781,373461
2014-12-03,83.29206848144531,87.1500015258789,87.1500015258789,83.80000305175781,83.94999694824219,448781
2014-12-04,87.30616760253906,91.3499984741211,91.5,89.0,91.5,1376458
2014-12-05,94.61751556396484,99.0,102.69999694824219,91.69999694824219,93.94999694824219,3648650
2014-12-08,93.70956420898438,98.05000305175781,102.9000015258789,94.3499984741211,100.0,1334415
2014-12-09,89.16985321044922,93.30000305175781,97.9000015258789,92.5,97.0999984741211,408585
2014-12-10,89.31320190429688,93.44999694824219,95.5,91.6500015258789,91.9000015258789,293204
2014-12-11,87.40174102783203,91.44999694824219,93.80000305175781,91.19999694824219,93.5999984741211,215559
2014-12-12,84.91682434082031,88.8499984741211,93.05000305175781,88.5,91.80000305175781,257483
2014-12-15,84.43894958496094,88.3499984741211,91.4000015258789,87.0999984741211,88.69999694824219,244781
2014-12-16,81.33283996582031,85.0999984741211,87.94999694824219,83.5,87.5,206200
2014-12-17,79.46915435791016,83.1500015258789,86.5,81.3499984741211,84.5999984741211,230100
2014-12-18,85.2513198852539,89.19999694824219,90.19999694824219,85.25,86.0,283069
2014-12-19,85.6814193725586,89.6500015258789,93.4000015258789,89.0999984741211,90.9000015258789,1115650
2014-12-22,87.11500549316406,91.1500015258789,94.0,89.1500015258789,91.30000305175781,1082039
2014-12-23,84.15223693847656,88.05000305175781,91.5999984741211,87.30000305175781,91.0,168936
2014-12-24,82.95757293701172,86.80000305175781,89.3499984741211,86.1500015258789,88.0,405511
2014-12-26,82.33636474609375,86.1500015258789,87.94999694824219,85.55000305175781,86.5,128361
2014-12-29,83.53101348876953,87.4000015258789,89.19999694824219,85.94999694824219,86.5,142009
2014-12-30,82.28855895996094,86.0999984741211,89.0999984741211,85.75,87.80000305175781,259167
2014-12-31,83.19651794433594,87.05000305175781,88.0999984741211,86.0999984741211,86.4000015258789,176489
2015-01-01,83.53101348876953,87.4000015258789,88.0,86.3499984741211,86.8499984741211,86438
2015-01-02,84.72567749023438,88.6500015258789,90.0,87.05000305175781,87.05000305175781,229937
2015-01-05,83.62660217285156,87.5,89.0,87.0999984741211,88.8499984741211,110796
2015-01-06,81.71511840820312,85.5,86.9000015258789,84.25,86.9000015258789,195146
2015-01-07,80.66382598876953,84.4000015258789,86.55000305175781,83.80000305175781,86.0,138532
2015-01-08,82.47970581054688,86.30000305175781,87.0,85.30000305175781,85.30000305175781,541297
2015-01-09,80.85496520996094,84.5999984741211,87.94999694824219,84.0,86.25,868542
2015-01-12,81.95406341552734,85.75,86.80000305175781,84.0999984741211,84.5999984741211,460170
2015-01-13,83.67438507080078,87.55000305175781,91.0,86.5,87.69999694824219,540147
2015-01-14,81.33283996582031,85.0999984741211,87.9000015258789,84.69999694824219,87.0999984741211,112881
2015-01-15,80.52045440673828,84.25,86.69999694824219,83.8499984741211,85.0999984741211,294850
2015-01-16,80.95053100585938,84.69999694824219,86.0,84.0,84.05000305175781,539331
2015-01-19,89.36099243164062,93.5,97.4000015258789,84.55000305175781,84.55000305175781,1546922
2015-01-20,87.6884536743164,91.75,96.5,91.25,94.4000015258789,708412
2015-01-21,86.11148071289062,90.0999984741211,93.44999694824219,89.55000305175781,92.0999984741211,290700
2015-01-22,85.20355987548828,89.1500015258789,92.80000305175781,88.55000305175781,90.5,240537
2015-01-23,83.96109771728516,87.8499984741211,92.5999984741211,86.80000305175781,89.94999694824219,454455
2015-01-27,83.81773376464844,87.69999694824219,90.9000015258789,86.9000015258789,88.4000015258789,302955
2015-01-28,86.54155731201172,90.55000305175781,91.0,86.9000015258789,87.69999694824219,636713
2015-01-29,90.17334747314453,94.3499984741211,95.30000305175781,91.0,91.0,906436
2015-01-30,91.4636001586914,95.69999694824219,99.0,94.05000305175781,95.19999694824219,773422
2015-02-02,91.55915832519531,95.80000305175781,98.30000305175781,92.6500015258789,95.5,531190
2015-02-03,91.79810333251953,96.05000305175781,97.30000305175781,95.30000305175781,95.9000015258789,312246
2015-02-04,90.12557220458984,94.30000305175781,96.8499984741211,93.5,95.3499984741211,424270
2015-02-05,90.65121459960938,94.8499984741211,96.19999694824219,94.0,94.05000305175781,727044
2015-02-06,90.50786590576172,94.69999694824219,96.4000015258789,91.55000305175781,94.0,447941
2015-02-09,83.57879638671875,87.44999694824219,93.5999984741211,86.9000015258789,93.5999984741211,741905
2015-02-10,82.097412109375,85.9000015258789,90.69999694824219,85.05000305175781,86.05000305175781,305292
2015-02-11,81.52397155761719,85.30000305175781,89.0,84.4000015258789,86.69999694824219,316053
2015-02-12,82.6230697631836,86.44999694824219,88.30000305175781,85.19999694824219,87.9000015258789,216186
2015-02-13,82.28855895996094,86.0999984741211,87.9000015258789,85.5,87.1500015258789,263284
2015-02-16,81.28504180908203,85.05000305175781,87.0,84.55000305175781,87.0,203075
2015-02-18,82.81421661376953,86.6500015258789,88.94999694824219,84.0999984741211,85.8499984741211,462176
2015-02-19,83.29206848144531,87.1500015258789,88.9000015258789,86.75,87.5,275586
2015-02-20,82.67086791992188,86.5,87.75,86.0,87.5,117398
2015-02-23,83.05315399169922,86.9000015258789,87.9000015258789,85.6500015258789,87.1500015258789,233579
2015-02-24,84.43894958496094,88.3499984741211,89.69999694824219,86.0,86.0,340969
2015-02-25,84.10445404052734,88.0,89.5,87.5,87.5,218691
2015-02-26,83.67438507080078,87.55000305175781,88.5,86.75,88.5,279255
2015-02-27,84.10445404052734,88.0,88.5,86.0999984741211,88.30000305175781,151066
2015-03-02,84.05667114257812,87.94999694824219,89.5999984741211,86.44999694824219,87.4000015258789,357606
2015-03-03,83.53101348876953,87.4000015258789,89.0,87.0,89.0,154838
2015-03-04,89.07425689697266,93.19999694824219,95.94999694824219,86.5999984741211,88.0999984741211,1443224
2015-03-05,91.22465515136719,95.44999694824219,97.9000015258789,93.30000305175781,94.5,879992
2015-03-09,89.16985321044922,93.30000305175781,94.5,90.69999694824219,94.5,476800
2015-03-10,88.21410369873047,92.30000305175781,95.5,90.75,92.0,245009
2015-03-11,88.50082397460938,92.5999984741211,93.5,91.0,92.8499984741211,131177
2015-03-12,90.17334747314453,94.3499984741211,95.19999694824219,92.0,93.4000015258789,173330
2015-03-13,88.73976135253906,92.8499984741211,95.3499984741211,91.5,94.0,274196
2015-03-16,87.25837707519531,91.30000305175781,92.0999984741211,90.3499984741211,92.0999984741211,201035
2015-03-17,85.06018829345703,89.0,92.9000015258789,88.25,91.5,359755
2015-03-18,85.20355987548828,89.1500015258789,90.30000305175781,88.05000305175781,89.4000015258789,225139
2015-03-19,84.05667114257812,87.94999694824219,90.4000015258789,87.6500015258789,89.5,151027
2015-03-20,84.15223693847656,88.05000305175781,90.0,85.0999984741211,88.0,379951
2015-03-23,83.67438507080078,87.55000305175781,90.25,82.5,90.25,220452
2015-03-24,84.82125091552734,88.75,89.19999694824219,87.0,87.0,123772
2015-03-25,82.1929931640625,86.0,89.8499984741211,84.19999694824219,89.6500015258789,373394
2015-03-26,81.380615234375,85.1500015258789,86.0999984741211,84.4000015258789,85.0,197259
2015-03-27,79.18243408203125,82.8499984741211,86.9000015258789,82.5,86.5,300112
2015-03-30,83.1009292602539,86.94999694824219,88.1500015258789,83.0,83.0,280049
2015-03-31,85.5858383178711,89.55000305175781,90.0,87.0,87.05000305175781,182121
2015-04-01,85.87255859375,89.8499984741211,91.25,88.3499984741211,90.0,84369
2015-04-06,85.15574645996094,89.0999984741211,92.0,88.25,92.0,91724
2015-04-07,89.12203979492188,93.25,94.0,89.0,90.3499984741211,302891
2015-04-08,90.36450958251953,94.55000305175781,95.4000015258789,91.94999694824219,93.5,268293
2015-04-09,89.36099243164062,93.5,96.0,93.0999984741211,94.0,210128
2015-04-10,90.50786590576172,94.69999694824219,95.0,92.1500015258789,92.1500015258789,215629
2015-04-13,95.1431655883789,99.55000305175781,102.0999984741211,93.6500015258789,94.69999694824219,643773
2015-04-15,93.04055786132812,97.3499984741211,102.4000015258789,96.25,99.94999694824219,513938
2015-04-16,91.8936767578125,96.1500015258789,98.25,95.0999984741211,97.55000305175781,145546
2015-04-17,93.70956420898438,98.05000305175781,99.30000305175781,95.19999694824219,95.19999694824219,225913
2015-04-20,90.84236907958984,95.05000305175781,98.8499984741211,92.5,98.30000305175781,189416
2015-04-21,90.12557220458984,94.30000305175781,95.55000305175781,92.69999694824219,95.05000305175781,227649
2015-04-22,87.01943969726562,91.05000305175781,94.5,88.0999984741211,92.80000305175781,339193
2015-04-23,89.07425689697266,93.19999694824219,93.8499984741211,91.5,91.5,138859
2015-04-24,85.6814193725586,89.6500015258789,93.1500015258789,88.80000305175781,92.5,252501
2015-04-27,84.58231353759766,88.5,90.30000305175781,86.0,89.5999984741211,201312
2015-04-28,85.01238250732422,88.94999694824219,90.75,85.5999984741211,88.5,206751
2015-04-29,84.67788696289062,88.5999984741211,90.80000305175781,86.19999694824219,89.9000015258789,139586
2015-04-30,86.1592788696289,90.1500015258789,91.5,88.30000305175781,91.5,109216
2015-05-04,87.92738342285156,92.0,92.75,89.8499984741211,91.75,140549
2015-05-05,87.44952392578125,91.5,92.30000305175781,90.80000305175781,92.0,56704
2015-05-06,85.92034912109375,89.9000015258789,91.4000015258789,88.05000305175781,91.4000015258789,121026
2015-05-07,83.19651794433594,87.05000305175781,90.0,86.5,90.0,132329
2015-05-08,84.20003509521484,88.0999984741211,88.80000305175781,87.30000305175781,87.55000305175781,70014
2015-05-11,84.15223693847656,88.05000305175781,89.1500015258789,87.25,88.25,65058
2015-05-12,84.20003509521484,88.0999984741211,89.4000015258789,85.80000305175781,87.94999694824219,106260
2015-05-13,85.15574645996094,89.0999984741211,90.69999694824219,88.5,89.0,67351
2015-05-14,84.34339141845703,88.25,88.8499984741211,87.75,88.05000305175781,39204
2015-05-15,83.96109771728516,87.8499984741211,89.0,87.1500015258789,89.0,34937
2015-05-18,84.63011169433594,88.55000305175781,89.55000305175781,87.05000305175781,87.5,57939
2015-05-19,84.39118194580078,88.30000305175781,89.0,87.55000305175781,87.55000305175781,35664
2015-05-20,83.43543243408203,87.30000305175781,88.94999694824219,87.0999984741211,88.4000015258789,51113
2015-05-21,86.25484466552734,90.25,91.0,87.6500015258789,87.69999694824219,207406
2015-05-22,87.35394287109375,91.4000015258789,94.0,89.4000015258789,89.4000015258789,444350
2015-05-25,85.96813201904297,89.94999694824219,90.9000015258789,87.6500015258789,90.0,148649
2015-05-26,84.77346801757812,88.69999694824219,91.25,88.0,91.25,112724
2015-05-27,83.19651794433594,87.05000305175781,88.05000305175781,86.5,87.9000015258789,64273
2015-05-28,82.76643371582031,86.5999984741211,87.8499984741211,86.19999694824219,87.25,45848
2015-05-29,82.81421661376953,86.6500015258789,88.0,86.25,86.5,63641
2015-06-01,82.14518737792969,85.94999694824219,87.05000305175781,85.5999984741211,86.6500015258789,78891
2015-06-02,81.52397155761719,85.30000305175781,86.5999984741211,83.25,86.0,150685
2015-06-03,81.61956024169922,85.4000015258789,86.3499984741211,83.6500015258789,86.19999694824219,109820
2015-06-04,82.9097900390625,86.75,87.4000015258789,82.5,84.8499984741211,161481
2015-06-05,84.20003509521484,88.0999984741211,88.69999694824219,85.5999984741211,86.5,78677
2015-06-08,82.14518737792969,85.94999694824219,89.5999984741211,85.75,89.5999984741211,78475
2015-06-09,81.380615234375,85.1500015258789,87.94999694824219,85.0,87.94999694824219,31787
2015-06-10,80.3293228149414,84.05000305175781,85.80000305175781,83.75,85.80000305175781,92034
2015-06-11,78.99127960205078,82.6500015258789,85.9000015258789,82.0,85.9000015258789,69382
2015-06-12,76.64974212646484,80.19999694824219,82.94999694824219,80.0,82.3499984741211,101774
2015-06-15,77.46211242675781,81.05000305175781,82.5999984741211,80.05000305175781,81.0,74006
2015-06-16,77.27096557617188,80.8499984741211,81.9000015258789,80.0,81.5,111932
2015-06-17,79.37358856201172,83.05000305175781,83.6500015258789,80.3499984741211,82.3499984741211,80095
2015-06-18,80.18595123291016,83.9000015258789,84.75,83.44999694824219,83.94999694824219,27670
2015-06-19,78.32227325439453,81.94999694824219,84.75,81.55000305175781,83.6500015258789,60725
2015-06-22,79.5647201538086,83.25,84.30000305175781,81.4000015258789,82.05000305175781,137546
2015-06-23,78.32227325439453,81.94999694824219,83.8499984741211,81.75,83.8499984741211,77100
2015-06-24,78.37006378173828,82.0,83.69999694824219,81.6500015258789,82.6500015258789,95033
2015-06-25,76.84088897705078,80.4000015258789,82.75,79.5999984741211,82.75,153183
2015-06-26,77.31875610351562,80.9000015258789,82.5,80.4000015258789,80.4000015258789,59387
2015-06-29,76.74531555175781,80.30000305175781,81.25,78.69999694824219,79.0,76995
2015-06-30,78.13111877441406,81.75,82.69999694824219,80.05000305175781,80.05000305175781,149287
2015-07-01,78.17891693115234,81.80000305175781,83.19999694824219,81.19999694824219,82.30000305175781,105876
2015-07-02,78.03555297851562,81.6500015258789,82.75,81.30000305175781,82.0,61371
2015-07-03,77.65326690673828,81.25,83.0,81.05000305175781,82.3499984741211,103575
2015-07-06,79.32579040527344,83.0,83.6500015258789,80.1500015258789,80.9000015258789,154559
2015-07-07,84.20003509521484,88.0999984741211,89.25,83.25,83.8499984741211,1443206
2015-07-08,83.81773376464844,87.69999694824219,91.69999694824219,86.0,89.9000015258789,975575
2015-07-09,80.71160888671875,84.44999694824219,87.8499984741211,84.0,86.3499984741211,249976
2015-07-10,79.03907775878906,82.69999694824219,85.5999984741211,82.19999694824219,85.5999984741211,141556
2015-07-13,78.99127960205078,82.6500015258789,83.8499984741211,82.0,83.8499984741211,122408
2015-07-14,78.32227325439453,81.94999694824219,83.69999694824219,81.4000015258789,83.69999694824219,203335
2015-07-15,79.08685302734375,82.75,84.30000305175781,81.80000305175781,82.5999984741211,380938
2015-07-16,79.03907775878906,82.69999694824219,84.30000305175781,82.44999694824219,83.5,154172
2015-07-17,79.94701385498047,83.6500015258789,85.19999694824219,83.05000305175781,83.0999984741211,297094
2015-07-20,81.33283996582031,85.0999984741211,85.75,83.69999694824219,84.19999694824219,163954
2015-07-21,81.23726654052734,85.0,86.3499984741211,84.5999984741211,85.9000015258789,223708
2015-07-22,82.38414764404297,86.19999694824219,87.4000015258789,83.6500015258789,85.0,204108
2015-07-23,82.95757293701172,86.80000305175781,87.9000015258789,85.69999694824219,87.0,159278
2015-07-24,87.78401184082031,91.8499984741211,93.9000015258789,87.75,87.75,1012477
2015-07-27,85.10797119140625,89.05000305175781,91.69999694824219,88.44999694824219,91.19999694824219,258948
2015-07-28,83.86551666259766,87.75,90.75,87.1500015258789,89.94999694824219,123029
2015-07-29,87.64067077636719,91.69999694824219,92.5,87.8499984741211,87.8499984741211,406011
2015-07-30,88.73976135253906,92.8499984741211,95.0,90.3499984741211,92.0,497443
2015-07-31,90.02999877929688,94.19999694824219,95.9000015258789,92.0,93.0,478113
2015-08-03,89.07425689697266,93.19999694824219,95.0,92.5,94.25,136860
2015-08-04,90.02999877929688,94.19999694824219,95.4000015258789,92.0,93.19999694824219,246079
2015-08-05,89.8388442993164,94.0,95.80000305175781,93.0,94.0,251541
2015-08-06,93.2317123413086,97.55000305175781,99.5,92.9000015258789,94.0,819986
2015-08-07,94.47415161132812,98.8499984741211,102.9000015258789,95.55000305175781,97.75,1386047
2015-08-10,93.80512237548828,98.1500015258789,105.0,96.3499984741211,99.6500015258789,1304968
2015-08-11,90.84236907958984,95.05000305175781,100.75,94.5999984741211,100.0,511232
2015-08-12,90.79458618164062,95.0,95.9000015258789,92.25,95.5,350648
2015-08-13,87.92738342285156,92.0,96.44999694824219,91.19999694824219,95.9000015258789,573440
2015-08-14,91.08131408691406,95.30000305175781,98.25,90.69999694824219,92.9000015258789,302149
2015-08-17,89.98220825195312,94.1500015258789,96.8499984741211,92.55000305175781,95.3499984741211,174285
2015-08-18,88.26189422607422,92.3499984741211,95.5999984741211,92.0999984741211,94.30000305175781,199057
2015-08-19,88.97869110107422,93.0999984741211,95.0,91.30000305175781,91.30000305175781,212425
2015-08-20,89.98220825195312,94.1500015258789,97.30000305175781,92.0,92.0,390620
2015-08-21,89.07425689697266,93.19999694824219,94.4000015258789,90.75,93.5999984741211,170873
2015-08-24,86.11148071289062,90.0999984741211,91.9000015258789,83.8499984741211,91.0,451342
2015-08-25,85.01238250732422,88.94999694824219,92.3499984741211,83.0,89.1500015258789,223974
2015-08-26,86.30265045166016,90.30000305175781,92.94999694824219,87.4000015258789,89.44999694824219,643287
2015-08-27,89.45655059814453,93.5999984741211,96.5,92.05000305175781,94.0,228795
2015-08-28,87.16280364990234,91.19999694824219,95.5999984741211,91.0,95.0,229408
2015-08-31,85.53804779052734,89.5,91.75,89.0999984741211,91.05000305175781,74565
2015-09-01,82.5274887084961,86.3499984741211,89.4000015258789,85.80000305175781,88.9000015258789,90028
2015-09-02,83.67438507080078,87.55000305175781,90.3499984741211,85.75,85.75,712081
2015-09-03,82.95757293701172,86.80000305175781,89.0,86.4000015258789,89.0,68447
2015-09-04,81.0938949584961,84.8499984741211,87.0,84.0999984741211,86.94999694824219,71518
2015-09-07,79.37358856201172,83.05000305175781,86.19999694824219,81.3499984741211,84.8499984741211,85284
2015-09-08,80.2337417602539,83.94999694824219,84.5,81.0,83.9000015258789,95257
2015-09-09,83.57879638671875,87.44999694824219,88.5,84.5999984741211,84.5999984741211,80073
2015-09-10,81.380615234375,85.1500015258789,86.4000015258789,84.0,86.0999984741211,64415
2015-09-11,81.95406341552734,85.75,87.80000305175781,85.19999694824219,85.8499984741211,69021
2015-09-14,81.380615234375,85.1500015258789,86.69999694824219,84.69999694824219,85.5999984741211,60415
2015-09-15,80.4726791381836,84.19999694824219,85.94999694824219,84.05000305175781,85.94999694824219,35638
2015-09-16,80.37710571289062,84.0999984741211,85.1500015258789,83.5999984741211,85.0,33835
2015-09-18,80.99832153320312,84.75,86.8499984741211,84.55000305175781,85.19999694824219,46325
2015-09-21,82.097412109375,85.9000015258789,86.4000015258789,83.94999694824219,84.0999984741211,193736
2015-09-22,80.61602020263672,84.3499984741211,86.9000015258789,84.0,85.94999694824219,55860
2015-09-23,81.14671325683594,84.0999984741211,84.9000015258789,83.19999694824219,84.19999694824219,58344
2015-09-24,79.89237213134766,82.80000305175781,84.80000305175781,82.5,84.05000305175781,117201
2015-09-28,80.7125244140625,83.6500015258789,84.5,82.4000015258789,82.4000015258789,54779
2015-09-29,80.56778717041016,83.5,84.44999694824219,83.0999984741211,83.6500015258789,181964
2015-09-30,81.3396987915039,84.30000305175781,84.5,82.6500015258789,84.30000305175781,62091
2015-10-01,83.70365142822266,86.75,88.0,83.4000015258789,85.3499984741211,291409
2015-10-05,83.41419219970703,86.44999694824219,88.69999694824219,85.6500015258789,87.75,156934
2015-10-06,82.93174743652344,85.94999694824219,87.55000305175781,85.5,87.0,146444
2015-10-07,83.41419219970703,86.44999694824219,87.4000015258789,85.30000305175781,85.55000305175781,166017
2015-10-08,82.78703308105469,85.80000305175781,87.25,85.55000305175781,86.19999694824219,70512
2015-10-09,82.44930267333984,85.44999694824219,86.8499984741211,85.19999694824219,86.1500015258789,176265
2015-10-12,81.29145050048828,84.25,86.30000305175781,83.8499984741211,86.25,130227
2015-10-13,82.30458068847656,85.30000305175781,86.75,83.19999694824219,83.94999694824219,155455
2015-10-14,85.15099334716797,88.25,90.0,87.4000015258789,87.8499984741211,496965
2015-10-15,85.48869323730469,88.5999984741211,89.0,87.30000305175781,88.05000305175781,78565
2015-10-16,89.92716217041016,93.19999694824219,96.30000305175781,88.6500015258789,88.9000015258789,910556
2015-10-19,91.4227294921875,94.75,95.55000305175781,93.19999694824219,93.19999694824219,191898
2015-10-20,96.1024169921875,99.5999984741211,103.25,93.9000015258789,94.69999694824219,983467
2015-10-21,94.02789306640625,97.44999694824219,101.4000015258789,95.05000305175781,99.8499984741211,362967
2015-10-23,96.2953872680664,99.80000305175781,103.0,97.25,98.69999694824219,482492
2015-10-26,93.20777130126953,96.5999984741211,100.5999984741211,95.0,98.30000305175781,271272
2015-10-27,93.93142700195312,97.3499984741211,99.30000305175781,95.0999984741211,95.0999984741211,148371
2015-10-28,97.4050064086914,100.94999694824219,103.0,95.69999694824219,95.69999694824219,787484
2015-10-29,99.23827362060547,102.8499984741211,105.5999984741211,102.5,103.5,631290
2015-10-30,98.27339935302734,101.8499984741211,105.1500015258789,99.05000305175781,103.3499984741211,423163
2015-11-02,100.05843353271484,103.69999694824219,104.4000015258789,99.55000305175781,102.69999694824219,261010
2015-11-03,104.9793472290039,108.80000305175781,111.0,103.6500015258789,103.6500015258789,2084230
2015-11-04,104.1591796875,107.94999694824219,116.5,107.0999984741211,109.9000015258789,3174118
2015-11-05,101.69874572753906,105.4000015258789,110.80000305175781,104.0,109.0,928193
2015-11-06,99.81721496582031,103.44999694824219,108.5,102.25,105.5999984741211,571518
2015-11-09,105.36528778076172,109.19999694824219,111.69999694824219,99.0999984741211,100.9000015258789,790179
2015-11-10,104.68988037109375,108.5,112.9000015258789,105.0999984741211,109.0,854751
2015-11-13,116.65442657470703,120.9000015258789,124.6500015258789,109.0999984741211,110.0,3015994
2015-11-16,120.32098388671875,124.69999694824219,126.4000015258789,116.80000305175781,121.80000305175781,1684671
2015-11-17,118.05352020263672,122.3499984741211,126.6500015258789,121.1500015258789,125.44999694824219,905359
2015-11-18,113.56680297851562,117.69999694824219,124.0999984741211,117.05000305175781,122.3499984741211,543721
2015-11-19,116.36497497558594,120.5999984741211,123.30000305175781,118.05000305175781,118.5,527713
2015-11-20,118.87364959716797,123.19999694824219,130.6999969482422,118.5,121.4000015258789,1495844
2015-11-23,124.56649017333984,129.10000610351562,130.0,122.19999694824219,123.25,882851
2015-11-24,118.1500015258789,122.44999694824219,130.0,121.30000305175781,129.1999969482422,651724
2015-11-26,110.62391662597656,114.6500015258789,125.0,107.1500015258789,123.1500015258789,2219719
2015-11-27,110.7686538696289,114.80000305175781,119.9000015258789,112.0,115.69999694824219,897917
2015-11-30,109.707275390625,113.69999694824219,117.4000015258789,111.5999984741211,115.19999694824219,406631
2015-12-01,106.04071807861328,109.9000015258789,114.8499984741211,108.9000015258789,114.8499984741211,331547
2015-12-02,108.5494155883789,112.5,115.0,109.30000305175781,110.0,770135
2015-12-03,106.8608627319336,110.75,113.6500015258789,110.0,112.8499984741211,267382
2015-12-04,104.01445770263672,107.80000305175781,112.4000015258789,107.0999984741211,110.69999694824219,572472
2015-12-07,104.786376953125,108.5999984741211,111.80000305175781,108.0999984741211,109.4000015258789,258619
2015-12-08,100.347900390625,104.0,109.9000015258789,102.69999694824219,108.0,304962
2015-12-09,97.79096221923828,101.3499984741211,105.44999694824219,99.19999694824219,105.0,283793
2015-12-10,102.567138671875,106.30000305175781,107.0,101.3499984741211,103.69999694824219,306850
2015-12-11,100.7338638305664,104.4000015258789,107.5,102.0999984741211,106.3499984741211,238855
2015-12-14,105.99247741699219,109.8499984741211,111.3499984741211,104.0,104.0,236848
2015-12-15,104.01445770263672,107.80000305175781,111.94999694824219,107.25,111.0,205479
2015-12-16,106.57139587402344,110.44999694824219,113.4000015258789,108.5,108.5,381126
2015-12-17,108.79063415527344,112.75,113.8499984741211,110.0,111.44999694824219,859020
2015-12-18,111.73353576660156,115.80000305175781,118.80000305175781,113.55000305175781,113.55000305175781,684912
2015-12-21,111.4923095703125,115.55000305175781,118.4000015258789,115.0,116.6500015258789,320444
2015-12-22,109.65904235839844,113.6500015258789,117.05000305175781,113.19999694824219,117.0,257964
2015-12-23,107.77751159667969,111.69999694824219,115.0,111.0999984741211,114.5,190183
2015-12-24,110.67215728759766,114.69999694824219,115.5999984741211,112.5999984741211,113.5,218730
2015-12-28,108.79063415527344,112.75,115.80000305175781,112.0,115.0,141922
2015-12-29,107.72925567626953,111.6500015258789,116.0999984741211,110.5,113.25,425639
2015-12-30,111.00987243652344,115.05000305175781,116.44999694824219,110.05000305175781,112.30000305175781,353108
2015-12-31,115.30360412597656,119.5,120.25,114.0,115.30000305175781,1002545
2016-01-01,111.9747543334961,116.05000305175781,121.0,115.5,119.55000305175781,495418
2016-01-04,110.7686538696289,114.80000305175781,118.05000305175781,113.05000305175781,115.9000015258789,432088
2016-01-05,111.25109100341797,115.30000305175781,118.0,113.0999984741211,115.44999694824219,283638
2016-01-06,107.72925567626953,111.6500015258789,116.5,111.1500015258789,116.0,217009
2016-01-07,107.29505920410156,111.19999694824219,112.80000305175781,108.30000305175781,111.0,631792
2016-01-08,113.37383270263672,117.5,118.19999694824219,112.0999984741211,112.25,607860
2016-01-11,117.08863067626953,121.3499984741211,125.9000015258789,113.69999694824219,115.0,2216758
2016-01-12,110.62391662597656,114.6500015258789,122.9000015258789,113.80000305175781,122.44999694824219,668362
2016-01-13,108.74239349365234,112.69999694824219,119.0,104.5,115.4000015258789,1154697
2016-01-14,107.53628540039062,111.44999694824219,113.0,106.94999694824219,108.0,286687
2016-01-15,100.92681884765625,104.5999984741211,113.9000015258789,101.19999694824219,112.25,495609
2016-01-18,102.3741683959961,106.0999984741211,108.4000015258789,97.5999984741211,105.5999984741211,517709
2016-01-19,104.5933837890625,108.4000015258789,112.0,104.30000305175781,108.0,547581
2016-01-20,103.38729095458984,107.1500015258789,109.0,106.05000305175781,107.1500015258789,550291
2016-01-21,105.55828094482422,109.4000015258789,112.0,107.9000015258789,108.0999984741211,444415
2016-01-22,108.01872253417969,111.94999694824219,112.55000305175781,109.55000305175781,111.19999694824219,277704
2016-01-25,107.82575225830078,111.75,114.69999694824219,111.19999694824219,111.94999694824219,308139
2016-01-27,109.46604919433594,113.44999694824219,114.0,110.75,113.0,494671
2016-01-28,107.68101501464844,111.5999984741211,113.5999984741211,110.44999694824219,112.05000305175781,74283
2016-01-29,109.99674224853516,114.0,115.4000015258789,110.05000305175781,111.19999694824219,153890
2016-02-01,110.81688690185547,114.8499984741211,117.94999694824219,113.19999694824219,113.19999694824219,184551
2016-02-02,110.67215728759766,114.69999694824219,116.80000305175781,113.5,113.5,224538
2016-02-03,108.40467834472656,112.3499984741211,116.5,111.3499984741211,113.55000305175781,167913
2016-02-04,105.26880645751953,109.0999984741211,114.9000015258789,106.25,113.8499984741211,294848
2016-02-05,109.56255340576172,113.55000305175781,115.3499984741211,108.30000305175781,110.44999694824219,519060
2016-02-08,104.73812103271484,108.55000305175781,114.19999694824219,107.5999984741211,113.5999984741211,232257
2016-02-09,103.2907943725586,107.05000305175781,108.19999694824219,105.0,106.0,157153
2016-02-10,102.85659790039062,106.5999984741211,107.9000015258789,105.69999694824219,106.6500015258789,219199
2016-02-11,94.17263793945312,97.5999984741211,110.69999694824219,92.0,106.30000305175781,405687
2016-02-12,93.73844909667969,97.1500015258789,99.44999694824219,90.5999984741211,97.5,324281
2016-02-15,95.909423828125,99.4000015258789,101.94999694824219,98.05000305175781,99.0,162329
2016-02-16,94.5103530883789,97.94999694824219,100.75,96.75,100.75,104135
2016-02-17,95.04104614257812,98.5,98.9000015258789,93.0999984741211,97.0,130474
2016-02-18,94.99280548095703,98.44999694824219,99.9000015258789,96.19999694824219,99.6500015258789,114299
2016-02-19,96.24714660644531,99.75,102.1500015258789,99.19999694824219,99.19999694824219,85895
2016-02-22,98.27339935302734,101.8499984741211,103.1500015258789,99.05000305175781,99.5,180310
2016-02-23,96.44011688232422,99.94999694824219,102.80000305175781,98.75,102.80000305175781,107760
2016-02-24,94.75157165527344,98.19999694824219,99.4000015258789,96.94999694824219,98.25,103470
2016-02-25,93.40074920654297,96.80000305175781,98.19999694824219,95.19999694824219,97.25,107442
2016-02-26,89.15526580810547,92.4000015258789,99.5,91.0,97.0,182360
2016-02-29,91.85691833496094,95.19999694824219,97.5999984741211,90.0999984741211,91.0999984741211,124869
2016-03-01,93.49722290039062,96.9000015258789,97.4000015258789,94.0,94.0,136734
2016-03-02,93.01478576660156,96.4000015258789,99.0999984741211,95.55000305175781,96.69999694824219,186936
2016-03-03,98.7558364868164,102.3499984741211,103.9000015258789,94.0,95.5,417076
2016-03-04,98.128662109375,101.69999694824219,103.30000305175781,99.05000305175781,103.19999694824219,207832
2016-03-08,97.11553955078125,100.6500015258789,102.5,97.69999694824219,100.5999984741211,118643
2016-03-09,98.41813659667969,102.0,103.19999694824219,98.19999694824219,98.6500015258789,112625
2016-03-10,96.87432098388672,100.4000015258789,102.5,98.5,101.5999984741211,145167
2016-03-11,96.44011688232422,99.94999694824219,101.30000305175781,98.5,98.5,97902
2016-03-14,96.1024169921875,99.5999984741211,102.44999694824219,99.0,100.44999694824219,113790
2016-03-15,93.78670501708984,97.19999694824219,101.0,96.80000305175781,101.0,99928
2016-03-16,93.64197540283203,97.05000305175781,98.4000015258789,96.55000305175781,97.05000305175781,63272
2016-03-17,92.5323486328125,95.9000015258789,99.5,95.19999694824219,98.9000015258789,99396
2016-03-18,93.01478576660156,96.4000015258789,97.8499984741211,95.9000015258789,96.05000305175781,83524
2016-03-21,95.909423828125,99.4000015258789,101.44999694824219,96.0999984741211,96.0999984741211,323353
2016-03-22,92.2911148071289,95.6500015258789,99.3499984741211,94.1500015258789,99.3499984741211,224672
2016-03-23,92.09814453125,95.44999694824219,96.5999984741211,94.6500015258789,95.19999694824219,134555
2016-03-28,91.2297592163086,94.55000305175781,96.0999984741211,93.80000305175781,95.44999694824219,585524
2016-03-29,90.36135864257812,93.6500015258789,95.30000305175781,92.75,95.0,610137
2016-03-30,92.24287414550781,95.5999984741211,96.9000015258789,94.25,95.44999694824219,119870
2016-03-31,92.00164794921875,95.3499984741211,96.5,95.05000305175781,95.94999694824219,145989
2016-04-01,93.11128234863281,96.5,97.9000015258789,95.05000305175781,95.5,99436
2016-04-04,93.83494567871094,97.25,97.80000305175781,96.5,97.0,94706
2016-04-05,92.72531127929688,96.0999984741211,97.0,94.5999984741211,97.0,129259
2016-04-06,90.84379577636719,94.1500015258789,96.75,93.30000305175781,95.0,76186
2016-04-07,91.08501434326172,94.4000015258789,95.9000015258789,93.9000015258789,95.5,86049
2016-04-08,91.4709701538086,94.80000305175781,95.80000305175781,93.5999984741211,93.75,78268
2016-04-11,87.70792388916016,90.9000015258789,95.69999694824219,90.19999694824219,95.0,268342
2016-04-12,84.37907409667969,87.44999694824219,91.0999984741211,87.0,91.05000305175781,752619
2016-04-13,84.716796875,87.80000305175781,89.0,87.5999984741211,89.0,133269
2016-04-18,85.34396362304688,88.44999694824219,90.25,87.5,87.80000305175781,192538
2016-04-20,87.75616455078125,90.94999694824219,97.80000305175781,87.5,88.44999694824219,621971
2016-04-21,90.21662902832031,93.5,95.0,91.9000015258789,91.9000015258789,288863
2016-04-22,89.05876159667969,92.30000305175781,94.30000305175781,92.0999984741211,92.1500015258789,117397
2016-04-25,88.28685760498047,91.5,93.44999694824219,90.80000305175781,93.44999694824219,57837
2016-04-26,88.62455749511719,91.8499984741211,92.80000305175781,90.30000305175781,91.9000015258789,105037
2016-04-27,87.70792388916016,90.9000015258789,92.94999694824219,90.5999984741211,92.94999694824219,72560
2016-04-28,85.68167114257812,88.80000305175781,91.3499984741211,88.44999694824219,90.9000015258789,106377
2016-04-29,85.15099334716797,88.25,90.4000015258789,87.5,89.69999694824219,67895
2016-05-02,85.2474594116211,88.3499984741211,89.69999694824219,88.0,89.0,51778
2016-05-03,86.35708618164062,89.5,92.1500015258789,88.0,89.0,464321
2016-05-04,85.15099334716797,88.25,89.30000305175781,88.0,88.94999694824219,147745
2016-05-05,86.16412353515625,89.30000305175781,90.4000015258789,88.05000305175781,88.5,776380
2016-05-06,84.08960723876953,87.1500015258789,89.0,86.8499984741211,88.25,125090
2016-05-09,89.6859359741211,92.94999694824219,94.0,88.69999694824219,89.69999694824219,248708
2016-05-10,88.4798355102539,91.69999694824219,93.4000015258789,90.5,93.4000015258789,133824
2016-05-11,88.33511352539062,91.55000305175781,95.4000015258789,87.55000305175781,90.0999984741211,456131
2016-05-12,86.5018310546875,89.6500015258789,90.9000015258789,89.19999694824219,90.0,132010
2016-05-13,85.34396362304688,88.44999694824219,89.9000015258789,87.94999694824219,89.9000015258789,113748
2016-05-16,84.52381134033203,87.5999984741211,88.55000305175781,87.0,88.44999694824219,85400
2016-05-17,85.53693389892578,88.6500015258789,90.25,87.4000015258789,87.80000305175781,823418
2016-05-18,86.5018310546875,89.6500015258789,91.5999984741211,88.0,88.0,175304
2016-05-19,84.86152648925781,87.94999694824219,90.05000305175781,87.55000305175781,88.55000305175781,82795
2016-05-20,84.0413589477539,87.0999984741211,88.94999694824219,86.75,87.94999694824219,54584
2016-05-23,82.64228820800781,85.6500015258789,88.3499984741211,85.44999694824219,87.5,112056
2016-05-24,81.14671325683594,84.0999984741211,86.4000015258789,83.80000305175781,85.6500015258789,71690
2016-05-25,81.67739868164062,84.6500015258789,87.0,84.3499984741211,87.0,43088
2016-05-26,82.20806884765625,85.19999694824219,86.0,84.0999984741211,84.6500015258789,58080
2016-05-27,81.87037658691406,84.8499984741211,86.75,84.1500015258789,85.4000015258789,76354
2016-05-30,82.35281372070312,85.3499984741211,86.5,84.3499984741211,85.0,761226
2016-05-31,82.49755096435547,85.5,85.9000015258789,84.6500015258789,85.9000015258789,51352
2016-06-01,83.8966293334961,86.94999694824219,89.0999984741211,85.1500015258789,85.19999694824219,835440
2016-06-02,86.88778686523438,90.05000305175781,92.30000305175781,86.9000015258789,87.4000015258789,1147566
2016-06-03,85.68167114257812,88.80000305175781,92.8499984741211,88.25,90.19999694824219,200693
2016-06-06,83.99313354492188,87.05000305175781,89.30000305175781,86.75,89.0,120755
2016-06-07,89.87892150878906,93.1500015258789,94.30000305175781,87.5,87.80000305175781,639768
2016-06-08,89.73419189453125,93.0,94.05000305175781,91.30000305175781,93.9000015258789,402293
2016-06-09,87.85265350341797,91.05000305175781,93.55000305175781,90.5,92.9000015258789,170411
2016-06-10,89.44470977783203,92.69999694824219,97.5,90.55000305175781,92.0,482520
2016-06-13,87.99739837646484,91.19999694824219,92.6500015258789,90.30000305175781,92.44999694824219,151695
2016-06-14,88.72105407714844,91.94999694824219,94.80000305175781,91.3499984741211,91.9000015258789,222412
2016-06-15,87.90091705322266,91.0999984741211,93.5,90.69999694824219,92.9000015258789,164158
2016-06-16,86.4535903930664,89.5999984741211,91.6500015258789,89.0,91.6500015258789,108130
2016-06-17,85.3921890258789,88.5,91.0,87.9000015258789,88.9000015258789,234960
2016-06-20,83.65541076660156,86.69999694824219,89.5999984741211,85.94999694824219,88.69999694824219,231033
2016-06-21,85.0062484741211,88.0999984741211,88.9000015258789,87.19999694824219,87.9000015258789,99062
2016-06-22,89.05876159667969,92.30000305175781,96.0,88.30000305175781,88.5999984741211,977202
2016-06-23,89.39646911621094,92.6500015258789,94.0,90.44999694824219,92.0,159415
2016-06-24,86.98426818847656,90.1500015258789,91.5999984741211,88.0,90.94999694824219,209122
2016-06-27,88.38333892822266,91.5999984741211,93.1500015258789,90.0,90.0,78821
2016-06-28,88.33511352539062,91.55000305175781,93.8499984741211,90.05000305175781,91.69999694824219,152696
2016-06-29,89.6859359741211,92.94999694824219,93.5,92.0999984741211,92.4000015258789,126916
2016-06-30,89.73419189453125,93.0,94.5,92.0,94.0,579469
2016-07-01,89.49296569824219,92.75,95.19999694824219,92.25,93.3499984741211,260588
2016-07-04,91.43950653076172,93.94999694824219,95.44999694824219,92.30000305175781,92.30000305175781,235592
2016-07-05,95.5759506225586,98.19999694824219,99.0,93.5,94.25,647095
2016-07-07,92.46147155761719,95.0,100.0,94.19999694824219,98.94999694824219,235147
2016-07-08,92.2181396484375,94.75,97.69999694824219,94.0,95.69999694824219,246175
2016-07-11,92.26680755615234,94.80000305175781,96.75,94.3499984741211,95.75,100995
2016-07-12,90.51490783691406,93.0,95.5999984741211,92.55000305175781,95.4000015258789,98314
2016-07-13,89.10365295410156,91.55000305175781,93.80000305175781,91.0999984741211,93.05000305175781,104402
2016-07-14,89.6876220703125,92.1500015258789,92.4000015258789,91.25,91.55000305175781,73970
2016-07-15,88.32502746582031,90.75,92.69999694824219,90.5,92.69999694824219,83784
2016-07-18,87.93571472167969,90.3499984741211,91.94999694824219,90.0,90.80000305175781,61317
2016-07-19,87.20577239990234,89.5999984741211,92.9000015258789,89.05000305175781,90.4000015258789,91106
2016-07-20,88.08170318603516,90.5,91.0,89.5,89.5999984741211,115582
2016-07-21,88.71434020996094,91.1500015258789,92.94999694824219,90.5,90.5,131815
2016-07-22,87.25443267822266,89.6500015258789,91.9000015258789,89.5,91.1500015258789,108850
2016-07-25,88.27635955810547,90.69999694824219,91.75,90.0,90.30000305175781,68910
2016-07-26,89.49296569824219,91.94999694824219,95.0999984741211,90.8499984741211,91.5,325463
2016-07-27,90.32025146484375,92.80000305175781,93.30000305175781,91.80000305175781,92.3499984741211,89498
2016-07-28,89.15230560302734,91.5999984741211,93.9000015258789,91.0,92.5999984741211,111659
2016-07-29,87.93571472167969,90.3499984741211,92.6500015258789,90.0999984741211,91.5999984741211,73579
2016-08-01,88.66568756103516,91.0999984741211,92.44999694824219,90.19999694824219,91.4000015258789,50927
2016-08-02,87.78971099853516,90.19999694824219,92.25,90.0999984741211,90.5999984741211,47577
2016-08-03,87.6923828125,90.0999984741211,92.9000015258789,89.75,90.0999984741211,114876
2016-08-04,87.93571472167969,90.3499984741211,91.9000015258789,90.0,91.9000015258789,47767
2016-08-05,87.83838653564453,90.25,91.4000015258789,90.05000305175781,90.25,94865
2016-08-08,88.5196762084961,90.94999694824219,91.69999694824219,90.5999984741211,91.0,68772
2016-08-09,89.00631713867188,91.44999694824219,92.19999694824219,90.30000305175781,90.30000305175781,203973
2016-08-10,89.44429779052734,91.9000015258789,94.4000015258789,91.25,91.25,270715
2016-08-11,87.01109313964844,89.4000015258789,93.9000015258789,83.55000305175781,92.3499984741211,6137091
2016-08-12,89.00631713867188,91.44999694824219,92.0,89.25,91.0,334732
2016-08-16,90.61222839355469,93.0999984741211,95.80000305175781,91.4000015258789,92.0,364639
2016-08-17,98.59310913085938,101.30000305175781,105.0,93.9000015258789,93.9000015258789,3422009
2016-08-18,99.90704345703125,102.6500015258789,106.5,101.75,105.0,1943958
2016-08-19,98.00914001464844,100.69999694824219,104.0,100.0999984741211,102.9000015258789,441540
2016-08-22,95.81928253173828,98.44999694824219,103.0,97.80000305175781,101.5999984741211,260868
2016-08-23,93.48340606689453,96.05000305175781,99.25,95.3499984741211,98.0,226374
2016-08-24,94.21337127685547,96.80000305175781,98.0,95.69999694824219,96.9000015258789,130759
2016-08-25,92.5101318359375,95.05000305175781,98.0,95.0,96.3499984741211,145953
2016-08-26,92.9480972290039,95.5,96.69999694824219,94.0999984741211,96.69999694824219,92659
2016-08-29,93.97003936767578,96.55000305175781,98.3499984741211,94.0999984741211,94.0999984741211,218336
2016-08-30,100.29635620117188,103.05000305175781,103.5,96.5,97.30000305175781,1104961
2016-08-31,101.75627899169922,104.55000305175781,106.0999984741211,101.5999984741211,104.0,1042877
2016-09-01,97.52250671386719,100.19999694824219,104.69999694824219,99.80000305175781,104.55000305175781,303469
2016-09-02,98.05781555175781,100.75,103.3499984741211,99.05000305175781,100.25,345380
2016-09-06,99.85838317871094,102.5999984741211,103.6500015258789,101.0,101.0,418708
2016-09-07,99.12841796875,101.8499984741211,104.4000015258789,101.5,103.5,482573
2016-09-08,102.09691619873047,104.9000015258789,106.0,101.30000305175781,102.0,1013811
2016-09-09,105.55205535888672,108.44999694824219,113.94999694824219,105.75,105.75,4559540
2016-09-12,100.73432922363281,103.5,106.69999694824219,103.0999984741211,105.9000015258789,1065088
2016-09-14,102.77822875976562,105.5999984741211,107.69999694824219,103.19999694824219,103.4000015258789,625629
2016-09-15,102.9728775024414,105.80000305175781,106.9000015258789,104.80000305175781,106.0,598429
2016-09-16,105.45472717285156,108.3499984741211,111.94999694824219,105.69999694824219,106.4000015258789,1721393
2016-09-19,104.4814453125,107.3499984741211,109.5999984741211,106.0,108.19999694824219,685665
2016-09-20,101.26964569091797,104.05000305175781,107.8499984741211,103.75,107.1500015258789,573603
2016-09-21,103.60549926757812,106.44999694824219,108.5,104.4000015258789,104.4000015258789,654304
2016-09-22,104.77344512939453,107.6500015258789,108.1500015258789,105.80000305175781,108.0999984741211,837397
2016-09-23,108.52055358886719,111.5,115.5,107.0,107.6500015258789,2152385
2016-09-26,115.43083953857422,118.5999984741211,120.0,112.0,112.0,2769716
2016-09-27,117.28005981445312,120.5,124.0,116.0999984741211,117.69999694824219,3306151
2016-09-28,122.38978576660156,125.75,127.30000305175781,121.0,121.0,2224095
2016-09-29,109.34783935546875,112.3499984741211,131.10000610351562,107.6500015258789,128.60000610351562,3870178
2016-09-30,116.64743041992188,119.8499984741211,123.80000305175781,112.69999694824219,112.75,2755266
2016-10-03,118.447998046875,121.69999694824219,123.19999694824219,115.8499984741211,121.0,1572800
2016-10-04,123.31438446044922,126.69999694824219,127.19999694824219,121.5999984741211,122.0,1891909
2016-10-05,132.90118408203125,136.5500030517578,139.0,124.0,127.0,4994475
2016-10-06,129.00807189941406,132.5500030517578,138.39999389648438,128.9499969482422,137.1999969482422,2261618
2016-10-07,132.99850463867188,136.64999389648438,139.0,129.1999969482422,133.25,3122284
2016-10-10,140.15208435058594,144.0,147.39999389648438,136.9499969482422,137.5,3562704
2016-10-13,136.3563232421875,140.10000610351562,143.5,134.0,143.5,1911068
2016-10-14,135.48036193847656,139.1999969482422,144.39999389648438,137.4499969482422,141.25,1297683
2016-10-17,135.091064453125,138.8000030517578,141.10000610351562,137.0,140.5,540185
2016-10-18,137.62156677246094,141.39999389648438,144.0,139.0,140.25,932671
2016-10-19,140.0547637939453,143.89999389648438,146.8000030517578,139.6999969482422,142.1999969482422,1405342
2016-10-20,141.4173583984375,145.3000030517578,150.39999389648438,144.6999969482422,148.0,1108220
2016-10-21,139.61679077148438,143.4499969482422,146.39999389648438,142.3000030517578,145.85000610351562,717687
2016-10-24,135.62635803222656,139.35000610351562,143.89999389648438,138.0,143.89999389648438,465431
2016-10-25,134.3124237060547,138.0,141.64999389648438,137.1999969482422,139.8000030517578,243123
2016-10-26,135.28573608398438,139.0,141.64999389648438,136.5,138.0,712448
2016-10-27,132.80386352539062,136.4499969482422,141.0,135.0500030517578,138.89999389648438,554472
2016-10-28,137.03759765625,140.8000030517578,142.0,135.60000610351562,136.0,458333
2016-11-01,141.95266723632812,145.85000610351562,148.8000030517578,141.9499969482422,142.39999389648438,1511337
2016-11-02,135.5777130126953,139.3000030517578,145.39999389648438,138.1999969482422,142.0,722881
2016-11-03,134.945068359375,138.64999389648438,142.64999389648438,137.39999389648438,139.10000610351562,625752
2016-11-04,134.55577087402344,138.25,141.8000030517578,129.0,140.0,1347975
2016-11-07,137.86489868164062,141.64999389648438,146.39999389648438,140.35000610351562,140.89999389648438,1714901
2016-11-08,134.21510314941406,137.89999389648438,142.39999389648438,137.39999389648438,142.25,384829
2016-11-09,125.7962417602539,129.25,131.14999389648438,110.3499984741211,111.30000305175781,2159008
2016-11-10,121.02718353271484,124.3499984741211,136.64999389648438,123.1500015258789,134.0,733532
2016-11-11,121.61114501953125,124.94999694824219,126.69999694824219,117.0,122.9000015258789,1176604
2016-11-15,118.30200958251953,121.55000305175781,128.25,114.0,125.0,1321668
2016-11-16,115.13886260986328,118.30000305175781,124.5,117.0,123.05000305175781,252806
2016-11-17,112.26766967773438,115.3499984741211,120.30000305175781,112.9000015258789,118.80000305175781,357437
2016-11-18,115.09019470214844,118.25,120.8499984741211,113.4000015258789,115.19999694824219,485050
2016-11-21,110.07779693603516,113.0999984741211,119.1500015258789,110.3499984741211,119.1500015258789,359720
2016-11-22,114.79818725585938,117.94999694824219,119.80000305175781,110.94999694824219,113.30000305175781,455060
2016-11-23,116.69609069824219,119.9000015258789,123.80000305175781,116.19999694824219,118.0,332391
2016-11-24,114.26289367675781,117.4000015258789,119.80000305175781,116.80000305175781,119.0,102924
2016-11-25,115.28483581542969,118.44999694824219,120.0,117.44999694824219,117.8499984741211,215928
2016-11-28,114.06824493408203,117.19999694824219,121.94999694824219,116.3499984741211,119.5999984741211,953217
2016-11-29,113.72759246826172,116.8499984741211,119.5,116.25,118.25,266908
2016-11-30,116.25811004638672,119.44999694824219,123.19999694824219,117.0,117.0999984741211,718487
2016-12-01,119.42125701904297,122.69999694824219,126.69999694824219,117.19999694824219,119.94999694824219,1117856
2016-12-02,114.6035385131836,117.75,122.6500015258789,117.25,121.5,308275
2016-12-05,115.91746520996094,119.0999984741211,120.25,116.25,116.25,212132
2016-12-06,115.28483581542969,118.44999694824219,121.30000305175781,118.1500015258789,119.0999984741211,225827
2016-12-07,114.26289367675781,117.4000015258789,119.55000305175781,116.94999694824219,118.75,300575
2016-12-08,116.8907470703125,120.0999984741211,121.25,118.0,118.0999984741211,461498
2016-12-09,115.67415618896484,118.8499984741211,121.44999694824219,118.0,121.44999694824219,215921
2016-12-12,115.96613311767578,119.1500015258789,120.0,118.4000015258789,118.55000305175781,131513
2016-12-13,116.69609069824219,119.9000015258789,122.0,118.5,119.80000305175781,382170
2016-12-14,115.52816772460938,118.69999694824219,125.3499984741211,118.0,121.0,691724
2016-12-15,112.75431823730469,115.8499984741211,119.80000305175781,115.0,117.55000305175781,697853
2016-12-16,110.7104263305664,113.75,116.75,113.25,116.4000015258789,147775
2016-12-19,111.00241088867188,114.05000305175781,115.5,112.30000305175781,114.3499984741211,100586
2016-12-20,105.40606689453125,108.30000305175781,115.0,107.0,114.1500015258789,301015
2016-12-21,106.13602447509766,109.05000305175781,113.30000305175781,105.5,108.0,222196
2016-12-22,105.45472717285156,108.3499984741211,109.3499984741211,107.0999984741211,109.0,157457
2016-12-23,107.69327545166016,110.6500015258789,111.5,108.19999694824219,108.80000305175781,172706
2016-12-26,105.55205535888672,108.44999694824219,110.55000305175781,106.5,109.4000015258789,121115
2016-12-27,108.42322540283203,111.4000015258789,112.0,107.0,108.69999694824219,197570
2016-12-28,107.98526000976562,110.94999694824219,118.5,110.5,110.5999984741211,822681
2016-12-29,107.44994354248047,110.4000015258789,113.30000305175781,110.0,110.75,349378
2016-12-30,109.0072021484375,112.0,114.30000305175781,111.1500015258789,111.1500015258789,560166
2017-01-02,107.69327545166016,110.6500015258789,112.3499984741211,110.0,112.3499984741211,291240
2017-01-03,107.98526000976562,110.94999694824219,112.5,110.19999694824219,111.0999984741211,240029
2017-01-04,113.97090911865234,117.0999984741211,119.4000015258789,110.80000305175781,111.4000015258789,1686825
2017-01-05,118.98330688476562,122.25,125.0999984741211,117.0,120.0,3472027
2017-01-06,118.05868530273438,121.30000305175781,126.44999694824219,119.80000305175781,124.0,952452
2017-01-09,115.62548065185547,118.80000305175781,121.3499984741211,118.19999694824219,121.25,253367
2017-01-10,116.5987548828125,119.80000305175781,122.69999694824219,118.69999694824219,119.5999984741211,294669
2017-01-11,114.84686279296875,118.0,122.44999694824219,116.8499984741211,120.69999694824219,466734
2017-01-12,112.85164642333984,115.94999694824219,118.75,115.5,118.4000015258789,252718
2017-01-13,112.4136734008789,115.5,117.19999694824219,114.25,115.19999694824219,243918
2017-01-16,115.28483581542969,118.44999694824219,119.0,114.05000305175781,115.5,386786
2017-01-17,117.86402893066406,121.0999984741211,122.30000305175781,117.19999694824219,118.05000305175781,1289075
2017-01-18,116.8907470703125,120.0999984741211,122.69999694824219,119.30000305175781,121.30000305175781,564396
2017-01-19,114.6035385131836,117.75,121.0,117.5,120.9000015258789,161961
2017-01-20,113.04629516601562,116.1500015258789,118.94999694824219,115.25,117.0,226220
2017-01-23,113.19230651855469,116.30000305175781,118.0,115.25,116.5,203631
2017-01-24,112.12168884277344,115.19999694824219,117.4000015258789,114.6500015258789,116.9000015258789,445107
2017-01-25,112.36499786376953,115.44999694824219,116.5999984741211,114.25,116.0,210048
2017-01-27,113.9222640991211,117.05000305175781,120.44999694824219,115.25,116.9000015258789,557572
2017-01-30,112.07303619384766,115.1500015258789,117.94999694824219,114.80000305175781,116.69999694824219,182733
2017-01-31,109.8344955444336,112.8499984741211,115.4000015258789,112.5,114.9000015258789,166635
2017-02-01,115.67415618896484,118.8499984741211,120.5,110.5,112.69999694824219,715592
2017-02-02,121.65982055664062,125.0,128.8000030517578,119.19999694824219,119.19999694824219,1805188
2017-02-03,119.17794799804688,122.44999694824219,128.0,120.5,125.0,775951
2017-02-06,124.28767395019531,127.69999694824219,128.5,122.55000305175781,123.3499984741211,1154443
2017-02-07,124.96895599365234,128.39999389648438,131.64999389648438,124.6500015258789,127.25,1353034
2017-02-08,127.59681701660156,131.10000610351562,134.8000030517578,128.10000610351562,128.89999389648438,1771329
2017-02-09,125.7962417602539,129.25,132.8000030517578,125.3499984741211,131.89999389648438,650632
2017-02-10,124.53099060058594,127.94999694824219,133.6999969482422,126.0,130.0500030517578,918322
2017-02-13,119.61593627929688,122.9000015258789,127.0,121.75,126.9000015258789,779802
2017-02-14,121.70848083496094,125.05000305175781,128.39999389648438,123.0,123.80000305175781,1267505
2017-02-15,116.98808288574219,120.19999694824219,125.94999694824219,118.6500015258789,123.80000305175781,881792
2017-02-16,127.20748138427734,130.6999969482422,134.39999389648438,120.44999694824219,121.0,2627526
2017-02-17,125.16362762451172,128.60000610351562,130.5500030517578,128.0500030517578,130.0,405689
2017-02-20,129.73802185058594,133.3000030517578,136.5,128.0,129.39999389648438,1481030
2017-02-21,132.85252380371094,136.5,142.75,130.6999969482422,133.39999389648438,4538476
2017-02-22,129.34872436523438,132.89999389648438,137.8000030517578,132.10000610351562,137.0,464469
2017-02-23,127.84014129638672,131.35000610351562,135.75,130.64999389648438,133.1999969482422,316279
2017-02-27,130.12733459472656,133.6999969482422,135.0,128.89999389648438,130.0,430476
2017-02-28,126.76953125,130.25,134.35000610351562,129.64999389648438,133.6999969482422,294105
2017-03-01,126.42887878417969,129.89999389648438,132.14999389648438,129.0,130.5500030517578,386319
2017-03-02,124.28767395019531,127.69999694824219,135.14999389648438,127.0,131.0,802140
2017-03-03,124.53099060058594,127.94999694824219,129.64999389648438,127.0,127.9000015258789,215192
2017-03-06,124.96895599365234,128.39999389648438,130.89999389648438,127.1500015258789,128.0,327085
2017-03-07,125.35829162597656,128.8000030517578,130.39999389648438,127.3499984741211,128.5,258472
2017-03-08,124.53099060058594,127.94999694824219,130.64999389648438,126.5,128.25,289038
2017-03-09,122.92507934570312,126.30000305175781,128.9499969482422,125.3499984741211,127.55000305175781,194004
2017-03-10,121.61114501953125,124.94999694824219,127.75,124.0,127.1500015258789,152815
2017-03-14,121.56249237060547,124.9000015258789,128.89999389648438,124.19999694824219,127.94999694824219,105786
2017-03-15,125.7962417602539,129.25,132.64999389648438,124.30000305175781,125.05000305175781,1253364
2017-03-16,123.46037292480469,126.8499984741211,130.3000030517578,126.30000305175781,130.0500030517578,345553
2017-03-17,124.14167785644531,127.55000305175781,129.25,125.80000305175781,127.5999984741211,297927
2017-03-20,121.46515655517578,124.80000305175781,129.39999389648438,124.0,128.0,231905
2017-03-21,120.58921813964844,123.9000015258789,125.9000015258789,123.5,124.19999694824219,246234
2017-03-22,120.19988250732422,123.5,125.5,121.5,123.4000015258789,159476
2017-03-23,120.63786315917969,123.94999694824219,124.75,122.55000305175781,124.30000305175781,215611
2017-03-24,121.2705078125,124.5999984741211,125.94999694824219,123.1500015258789,124.55000305175781,370283
2017-03-27,120.2972412109375,123.5999984741211,127.19999694824219,123.19999694824219,124.5999984741211,202628
2017-03-28,123.41170501708984,126.80000305175781,129.0,123.80000305175781,124.30000305175781,397350
2017-03-29,131.14926147460938,134.75,137.0,125.5999984741211,127.0,2235041
2017-03-30,132.12255859375,135.75,137.8000030517578,133.0,135.10000610351562,825011
2017-03-31,134.11778259277344,137.8000030517578,141.10000610351562,136.0,137.0,959989
2017-04-03,129.39735412597656,132.9499969482422,135.8000030517578,128.0500030517578,134.0,1187964
2017-04-05,126.28287506103516,129.75,133.5,129.0,133.0500030517578,541468
2017-04-06,124.53099060058594,127.94999694824219,129.8000030517578,126.0999984741211,129.0,399453
2017-04-07,120.54054260253906,123.8499984741211,128.85000610351562,122.3499984741211,127.6500015258789,334476
2017-04-10,111.63504791259766,114.69999694824219,126.80000305175781,113.0,124.5,1774930
2017-04-11,112.51099395751953,115.5999984741211,119.0,110.1500015258789,114.55000305175781,1422876
2017-04-12,108.52055358886719,111.5,115.4000015258789,111.0,113.19999694824219,1024417
2017-04-13,110.75909423828125,113.80000305175781,115.0,112.05000305175781,112.19999694824219,516406
2017-04-17,111.44039916992188,114.5,117.0,113.0999984741211,114.69999694824219,632814
2017-04-18,106.13602447509766,109.05000305175781,116.4000015258789,108.5,115.5999984741211,1385677
2017-04-19,105.01675415039062,107.9000015258789,110.6500015258789,106.55000305175781,109.94999694824219,696793
2017-04-20,117.08541107177734,120.30000305175781,122.0,108.5,109.94999694824219,4087242
2017-04-21,122.58444213867188,125.94999694824219,132.14999389648438,121.5,128.25,5110322
2017-04-24,123.75236511230469,127.1500015258789,127.94999694824219,124.0,127.05000305175781,786816
2017-04-25,120.34590148925781,123.6500015258789,127.4000015258789,122.9000015258789,127.4000015258789,486470
2017-04-26,118.93463134765625,122.19999694824219,125.4000015258789,120.44999694824219,123.75,395624
2017-04-27,118.447998046875,121.69999694824219,125.05000305175781,119.75,122.5,601115
2017-04-28,119.61593627929688,122.9000015258789,124.0,121.75,122.9000015258789,328790
2017-05-02,119.031982421875,122.30000305175781,125.0999984741211,121.5999984741211,123.0,424320
2017-05-03,119.90790557861328,123.19999694824219,124.5,121.75,121.75,338416
2017-05-04,118.64266204833984,121.9000015258789,124.30000305175781,121.30000305175781,124.0,193175
2017-05-05,117.6207046508789,120.8499984741211,122.25,120.0999984741211,122.25,213570
2017-05-08,117.86402893066406,121.0999984741211,123.0999984741211,119.55000305175781,121.25,326726
2017-05-09,120.24857330322266,123.55000305175781,125.0999984741211,121.1500015258789,121.9000015258789,731473
2017-05-10,121.02718353271484,124.3499984741211,125.4000015258789,123.0999984741211,124.8499984741211,435062
2017-05-11,124.87164306640625,128.3000030517578,129.89999389648438,123.80000305175781,124.55000305175781,1463948
2017-05-12,123.89836883544922,127.30000305175781,131.0,126.30000305175781,129.0,843096
2017-05-15,125.16362762451172,128.60000610351562,129.8000030517578,125.75,128.0,298717
2017-05-16,126.72085571289062,130.1999969482422,132.25,127.75,128.60000610351562,488871
2017-05-17,125.40694427490234,128.85000610351562,130.9499969482422,128.0,130.1999969482422,259271
2017-05-18,125.40694427490234,128.85000610351562,131.39999389648438,125.44999694824219,127.5,450514
2017-05-19,122.29244232177734,125.6500015258789,129.89999389648438,125.0,129.5,313478
2017-05-22,121.41648864746094,124.75,128.60000610351562,124.4000015258789,126.5999984741211,280228
2017-05-23,122.58444213867188,125.94999694824219,128.4499969482422,121.0,126.19999694824219,439468
2017-05-24,117.37738800048828,120.5999984741211,124.94999694824219,118.75,123.0999984741211,560851
2017-05-25,115.43083953857422,118.5999984741211,123.30000305175781,113.1500015258789,123.30000305175781,379204
2017-05-26,117.57205963134766,120.80000305175781,122.19999694824219,118.6500015258789,118.6500015258789,416411
2017-05-29,116.25811004638672,119.44999694824219,121.4000015258789,117.94999694824219,120.94999694824219,200278
2017-05-30,116.35545349121094,119.55000305175781,120.75,118.5999984741211,119.9000015258789,152239
2017-05-31,116.40410614013672,119.5999984741211,122.25,119.05000305175781,119.9000015258789,279365
2017-06-01,121.12451171875,124.44999694824219,126.25,119.75,119.75,482246
2017-06-02,119.85924530029297,123.1500015258789,126.80000305175781,122.1500015258789,125.69999694824219,120111
2017-06-05,120.88118743896484,124.19999694824219,126.6500015258789,121.9000015258789,123.9000015258789,169007
2017-06-06,118.39933776855469,121.6500015258789,124.8499984741211,121.19999694824219,124.8499984741211,84797
2017-06-07,120.19988250732422,123.5,124.9000015258789,121.30000305175781,122.0,118463
2017-06-08,120.05389404296875,123.3499984741211,124.9000015258789,121.94999694824219,123.1500015258789,211779
2017-06-09,124.23900604248047,127.6500015258789,130.0,124.30000305175781,124.30000305175781,858955
2017-06-12,124.6283187866211,128.0500030517578,131.60000610351562,126.1500015258789,126.44999694824219,424228
2017-06-13,123.60636901855469,127.0,130.89999389648438,126.5999984741211,129.0,176202
2017-06-14,119.42125701904297,122.69999694824219,127.55000305175781,121.6500015258789,127.55000305175781,238539
2017-06-15,119.76192474365234,123.05000305175781,124.5,122.0,122.9000015258789,99375
2017-06-16,123.65504455566406,127.05000305175781,127.5,122.30000305175781,122.30000305175781,206043
2017-06-19,121.51380920410156,124.8499984741211,128.25,124.25,127.9000015258789,145959
2017-06-20,126.38021850585938,129.85000610351562,134.9499969482422,125.25,125.6500015258789,1369389
2017-06-21,125.35829162597656,128.8000030517578,131.10000610351562,127.0999984741211,129.14999389648438,175432
2017-06-22,123.3630599975586,126.75,130.10000610351562,126.0,128.64999389648438,118616
2017-06-23,119.56727600097656,122.8499984741211,127.5999984741211,122.19999694824219,127.5999984741211,167514
2017-06-27,117.71803283691406,120.94999694824219,124.69999694824219,120.19999694824219,123.44999694824219,143086
2017-06-28,118.78865051269531,122.05000305175781,123.69999694824219,120.69999694824219,121.0,136907
2017-06-29,119.37260437011719,122.6500015258789,123.69999694824219,122.0999984741211,122.0999984741211,54847
2017-06-30,118.20466613769531,121.44999694824219,122.9000015258789,118.6500015258789,122.9000015258789,181177
2017-07-03,118.0100326538086,121.25,126.4000015258789,119.55000305175781,122.9000015258789,749108
2017-07-04,124.23900604248047,127.6500015258789,129.3000030517578,121.05000305175781,121.9000015258789,491509
2017-07-05,130.51666259765625,134.10000610351562,138.89999389648438,128.4499969482422,128.64999389648438,2626122
2017-07-06,132.12255859375,135.75,140.60000610351562,133.3000030517578,135.3000030517578,1093089
2017-07-07,131.58726501464844,135.1999969482422,138.89999389648438,134.0500030517578,136.10000610351562,480284
2017-07-10,132.21986389160156,135.85000610351562,137.89999389648438,135.0,136.14999389648438,37191
2017-07-11,129.30006408691406,132.85000610351562,137.89999389648438,131.5500030517578,136.85000610351562,400084
2017-07-12,131.53858947753906,135.14999389648438,138.6999969482422,133.3000030517578,136.8000030517578,501900
2017-07-13,128.1321258544922,131.64999389648438,136.39999389648438,130.3000030517578,136.10000610351562,476587
2017-07-14,123.99568176269531,127.4000015258789,132.25,126.4000015258789,132.0,351458
2017-07-17,125.06627655029297,128.5,129.5,125.5999984741211,128.35000610351562,206139
2017-07-18,122.34110260009766,125.69999694824219,128.8000030517578,125.0,128.8000030517578,242240
2017-07-19,129.20272827148438,132.75,133.5,126.0,126.30000305175781,557851
2017-07-20,126.91551971435547,130.39999389648438,134.10000610351562,129.10000610351562,133.0,188535
2017-07-21,124.9203109741211,128.35000610351562,131.10000610351562,127.6500015258789,131.10000610351562,137772
2017-07-24,123.65504455566406,127.05000305175781,129.39999389648438,125.80000305175781,129.0,255712
2017-07-25,125.94225311279297,129.39999389648438,131.5,127.0,127.25,811920
2017-07-26,126.08822631835938,129.5500030517578,133.85000610351562,127.5999984741211,130.39999389648438,886176
2017-07-27,124.43365478515625,127.8499984741211,135.0,126.19999694824219,135.0,1028011
2017-07-28,135.62635803222656,139.35000610351562,140.0,128.0,129.0,2056776
2017-07-31,137.71890258789062,141.5,144.8000030517578,137.1999969482422,140.0,1520546
2017-08-01,137.86489868164062,141.64999389648438,144.39999389648438,138.39999389648438,140.8000030517578,739257
2017-08-02,145.3104705810547,149.3000030517578,150.75,142.0,142.8000030517578,2060555
2017-08-03,141.4173583984375,145.3000030517578,150.60000610351562,143.75,149.0,670380
2017-08-04,141.7093505859375,145.60000610351562,146.75,143.75,145.0,374684
2017-08-07,147.40301513671875,151.4499969482422,154.0,145.5,146.89999389648438,805162
2017-08-08,143.75323486328125,147.6999969482422,155.0,146.89999389648438,154.8000030517578,978200
2017-08-09,142.4879913330078,146.39999389648438,153.0,143.5500030517578,147.5,607934
2017-08-10,135.5777130126953,139.3000030517578,146.5500030517578,133.60000610351562,145.25,640276
2017-08-11,136.01565551757812,139.75,144.6999969482422,134.89999389648438,136.0,443654
2017-08-14,140.44410705566406,144.3000030517578,144.9499969482422,141.0,143.64999389648438,297969
2017-08-16,157.1844940185547,161.5,164.3000030517578,142.75,144.5500030517578,2273167
2017-08-17,164.19207763671875,168.6999969482422,171.64999389648438,160.25,163.10000610351562,2257062
2017-08-18,162.09954833984375,166.5500030517578,167.89999389648438,162.25,165.3000030517578,976920
2017-08-21,156.60049438476562,160.89999389648438,167.14999389648438,159.9499969482422,165.0,406685
2017-08-22,158.3037567138672,162.64999389648438,166.0,157.0,162.35000610351562,910754
2017-08-23,157.3304443359375,161.64999389648438,164.8000030517578,161.0,163.0,473860
2017-08-24,160.59095764160156,165.0,170.5,162.9499969482422,162.9499969482422,1267212
2017-08-28,160.15298461914062,164.5500030517578,168.1999969482422,163.64999389648438,166.39999389648438,458566
2017-08-29,157.1844940185547,161.5,164.5500030517578,160.5,163.8000030517578,621995
2017-08-30,163.75411987304688,168.25,171.9499969482422,163.0,163.25,1413688
2017-08-31,160.78561401367188,165.1999969482422,168.8000030517578,164.25,168.8000030517578,658275
2017-09-01,161.32093811035156,165.75,167.75,164.0,166.39999389648438,417479
2017-09-04,159.2770233154297,163.64999389648438,170.6999969482422,161.3000030517578,167.0,709882
2017-09-05,159.90965270996094,164.3000030517578,167.89999389648438,162.6999969482422,164.0500030517578,335415
2017-09-06,159.1796875,163.5500030517578,165.8000030517578,162.8000030517578,163.6999969482422,234525
2017-09-07,158.7904052734375,163.14999389648438,169.0,162.1999969482422,164.64999389648438,514002
2017-09-08,171.24835205078125,175.9499969482422,178.8000030517578,163.5,163.5,3385396
2017-09-11,173.14625549316406,177.89999389648438,184.5,177.14999389648438,178.89999389648438,2669479
2017-09-12,171.8323211669922,176.5500030517578,182.14999389648438,175.5,178.85000610351562,952716
2017-09-13,170.03173828125,174.6999969482422,180.0,172.0,177.5,802761
2017-09-14,169.98309326171875,174.64999389648438,177.0,174.0,175.25,397157
2017-09-15,164.53271484375,169.0500030517578,173.8000030517578,167.35000610351562,173.0,583150
2017-09-18,164.82470703125,169.35000610351562,174.0,167.9499969482422,170.60000610351562,649091
2017-09-19,164.58140563964844,169.10000610351562,171.85000610351562,168.35000610351562,170.0,627311
2017-09-20,163.85145568847656,168.35000610351562,171.8000030517578,167.0500030517578,170.0500030517578,758554
2017-09-21,161.50439453125,165.14999389648438,169.6999969482422,162.1999969482422,169.1999969482422,761626
2017-09-22,153.4854278564453,156.9499969482422,164.3000030517578,155.0,164.3000030517578,532305
2017-09-25,149.08474731445312,152.4499969482422,157.1999969482422,147.5,156.75,838419
2017-09-26,154.3655548095703,157.85000610351562,161.64999389648438,149.10000610351562,151.0,586940
2017-09-27,150.2582550048828,153.64999389648438,161.9499969482422,151.4499969482422,158.0,442020
2017-09-28,154.3655548095703,157.85000610351562,159.8000030517578,153.39999389648438,155.3000030517578,411891
2017-09-29,163.02020263671875,166.6999969482422,172.64999389648438,158.60000610351562,158.60000610351562,4965615
2017-10-03,163.2157745361328,166.89999389648438,170.6999969482422,164.5,168.39999389648438,905150
2017-10-04,170.69692993164062,174.5500030517578,176.3000030517578,166.5,167.14999389648438,1921642
2017-10-05,168.3498992919922,172.14999389648438,175.5,170.4499969482422,174.0,853218
2017-10-06,168.83885192871094,172.64999389648438,178.60000610351562,171.1999969482422,172.89999389648438,984255
2017-10-09,171.1370086669922,175.0,180.0,171.25,173.0,1473728
2017-10-10,169.8656463623047,173.6999969482422,179.0,172.60000610351562,175.0,950226
2017-10-11,168.0076141357422,171.8000030517578,181.39999389648438,170.5,175.0,1982419
2017-10-12,173.2884063720703,177.1999969482422,178.0,172.5,173.39999389648438,713074
2017-10-13,182.52980041503906,186.64999389648438,189.75,175.85000610351562,178.4499969482422,3736450
2017-10-16,210.009521484375,214.75,223.9499969482422,188.0,189.0,9858460
2017-10-17,210.1072998046875,214.85000610351562,225.8000030517578,210.39999389648438,218.0500030517578,5073135
2017-10-18,207.27133178710938,211.9499969482422,216.85000610351562,208.5500030517578,210.60000610351562,1626572
2017-10-19,210.49850463867188,215.25,220.0,212.0,212.89999389648438,926477
2017-10-23,219.3487091064453,224.3000030517578,229.3000030517578,219.39999389648438,220.0,2868686
2017-10-24,215.87709045410156,220.75,226.3000030517578,212.39999389648438,225.6999969482422,2419764
2017-10-25,205.90225219726562,210.5500030517578,229.0,208.5,225.8000030517578,2127666
2017-10-26,201.9905242919922,206.5500030517578,212.6999969482422,203.89999389648438,210.5500030517578,1433506
2017-10-27,208.88491821289062,213.60000610351562,228.8000030517578,209.0,209.0,5411289
2017-10-30,210.30288696289062,215.0500030517578,217.5,210.5,215.75,2477216
2017-10-31,214.41017150878906,219.25,220.1999969482422,212.3000030517578,216.0,1382124
2017-11-01,209.7161407470703,214.4499969482422,220.6999969482422,213.25,219.25,864523
2017-11-02,207.02685546875,211.6999969482422,216.6999969482422,210.0,215.9499969482422,783083
2017-11-03,207.07574462890625,211.75,215.89999389648438,210.35000610351562,212.0,1167184
2017-11-06,207.6136016845703,212.3000030517578,217.6999969482422,210.10000610351562,211.0,1120419
2017-11-07,200.03468322753906,204.5500030517578,214.25,201.8000030517578,213.3000030517578,749878
2017-11-08,199.88800048828125,204.39999389648438,208.0,200.5,205.39999389648438,688891
2017-11-09,207.8580780029297,212.5500030517578,214.0,204.60000610351562,206.5,2128598
2017-11-10,205.7066650390625,210.35000610351562,214.1999969482422,209.10000610351562,212.5,738097
2017-11-13,210.69407653808594,215.4499969482422,219.25,210.89999389648438,210.89999389648438,1409955
2017-11-14,212.3076629638672,217.10000610351562,219.6999969482422,214.0,214.0,717392
2017-11-15,213.7256622314453,218.5500030517578,219.89999389648438,213.10000610351562,216.39999389648438,891317
2017-11-16,245.80160522460938,251.35000610351562,259.70001220703125,220.0,220.0,10428618
2017-11-17,250.984619140625,256.6499938964844,275.79998779296875,246.0,253.39999389648438,8765241
2017-11-20,268.63616943359375,274.70001220703125,278.0,256.6499938964844,257.20001220703125,4631830
2017-11-21,275.0415954589844,281.25,288.3500061035156,274.1000061035156,276.70001220703125,5164925
2017-11-22,291.0306701660156,297.6000061035156,308.8999938964844,278.70001220703125,281.0,8617509
2017-11-23,277.6819763183594,283.95001220703125,300.8999938964844,280.5,300.0,2791218
2017-11-24,273.57470703125,279.75,287.79998779296875,278.1000061035156,281.0,1745351
2017-11-27,281.0069580078125,287.3500061035156,291.79998779296875,275.20001220703125,277.70001220703125,1992906
2017-11-28,278.70880126953125,285.0,291.5,281.54998779296875,287.8999938964844,1358442
2017-11-29,273.2813415527344,279.45001220703125,286.8500061035156,278.04998779296875,285.1499938964844,736722
2017-11-30,279.19775390625,285.5,288.5,274.0,277.0,1797812
2017-12-01,255.97203063964844,261.75,289.3999938964844,257.04998779296875,287.3999938964844,1867803
2017-12-04,256.607666015625,262.3999938964844,273.29998779296875,258.04998779296875,262.5,1896449
2017-12-05,282.9627685546875,289.3500061035156,294.0,258.0,262.04998779296875,4524678
2017-12-06,267.85382080078125,273.8999938964844,292.8500061035156,270.25,289.0,3161177
2017-12-07,278.7577209472656,285.04998779296875,288.5,275.54998779296875,275.70001220703125,2205571
2017-12-08,281.59368896484375,287.95001220703125,294.8999938964844,284.20001220703125,287.0,2122983
2017-12-11,262.1329650878906,268.04998779296875,288.8500061035156,267.0,286.8999938964844,3085372
2017-12-12,264.822265625,270.79998779296875,278.45001220703125,266.1000061035156,270.0,2003512
2017-12-13,263.8932800292969,269.8500061035156,279.0,268.25,272.5,1839662
2017-12-14,264.77337646484375,270.75,274.0,265.5,271.8999938964844,801560
2017-12-15,262.76861572265625,268.70001220703125,276.0,267.6000061035156,274.0,855851
2017-12-18,263.9910583496094,269.95001220703125,274.5,255.4499969482422,265.0,915179
2017-12-19,273.18353271484375,279.3500061035156,281.45001220703125,270.8500061035156,272.70001220703125,1815620
2017-12-20,273.1346435546875,279.29998779296875,286.5,276.6000061035156,281.45001220703125,1501528
2017-12-21,276.0683898925781,282.29998779296875,284.70001220703125,278.1000061035156,280.0,865458
2017-12-22,273.6724548339844,279.8500061035156,285.70001220703125,276.6000061035156,283.95001220703125,679459
2017-12-26,284.0874328613281,290.5,293.25,276.6499938964844,280.25,2279256
2017-12-27,277.9264831542969,284.20001220703125,297.5,278.20001220703125,290.70001220703125,2280498
2017-12-28,281.9848327636719,288.3500061035156,292.3500061035156,284.5,286.29998779296875,1160844
2017-12-29,287.4123229980469,293.8999938964844,295.5,287.0,291.6000061035156,1351117
2018-01-01,288.34136962890625,294.8500061035156,302.29998779296875,288.5,293.5,1688847
2018-01-02,285.700927734375,292.1499938964844,297.79998779296875,287.6000061035156,297.20001220703125,907948
2018-01-03,291.2262268066406,297.79998779296875,300.5,292.20001220703125,294.79998779296875,1477942
2018-01-04,301.20111083984375,308.0,311.6000061035156,296.25,300.0,3229039
2018-01-05,312.0560607910156,319.1000061035156,324.1000061035156,310.29998779296875,314.0,4396180
2018-01-08,309.8068542480469,316.79998779296875,326.8999938964844,312.20001220703125,312.20001220703125,1959929
2018-01-09,308.2421569824219,315.20001220703125,323.70001220703125,311.0,318.3999938964844,1102069
2018-01-10,304.42828369140625,311.29998779296875,318.5,304.25,313.0,1338589
2018-01-11,310.8336486816406,317.8500061035156,322.0,311.20001220703125,311.25,1299874
2018-01-12,309.1222839355469,316.1000061035156,321.0,306.70001220703125,319.3999938964844,976168
2018-01-15,318.9504089355469,326.1499938964844,329.04998779296875,313.6499938964844,316.79998779296875,2411801
2018-01-16,309.1711730957031,316.1499938964844,329.5,314.3500061035156,328.70001220703125,1948029
2018-01-17,334.30389404296875,341.8500061035156,347.0,310.0,313.8999938964844,6013437
2018-01-18,333.96160888671875,341.5,361.70001220703125,332.25,344.6499938964844,4778364
2018-01-19,357.480712890625,365.54998779296875,369.8500061035156,337.45001220703125,341.0,4861617
2018-01-22,380.99981689453125,389.6000061035156,404.3999938964844,363.5,363.5,6977855
2018-01-23,403.58990478515625,412.70001220703125,418.0,375.5,390.70001220703125,6701704
2018-01-24,372.0028991699219,380.3999938964844,410.3999938964844,372.29998779296875,399.25,8968272
2018-01-25,363.93499755859375,372.1499938964844,395.5,367.70001220703125,379.79998779296875,3801316
2018-01-29,357.7251892089844,365.79998779296875,383.0,361.1000061035156,376.29998779296875,2055812
2018-01-30,355.9648742675781,364.0,372.20001220703125,351.04998779296875,365.0,2124227
2018-01-31,353.5201110839844,361.5,381.3999938964844,358.1499938964844,363.0,2410426
2018-02-01,343.8386535644531,351.6000061035156,370.0,347.0,362.79998779296875,1867164
2018-02-02,317.6302795410156,324.79998779296875,358.3999938964844,320.79998779296875,347.95001220703125,3229590
2018-02-05,346.3812561035156,354.20001220703125,366.0,303.1000061035156,314.1000061035156,3902802
2018-02-06,326.13818359375,333.5,343.20001220703125,316.79998779296875,330.0,2621910
2018-02-07,324.5735168457031,331.8999938964844,347.8999938964844,327.8999938964844,339.8999938964844,1969743
2018-02-08,331.02777099609375,338.5,345.1000061035156,331.8999938964844,333.25,1413582
2018-02-09,328.045166015625,335.45001220703125,347.3500061035156,326.54998779296875,329.5,1596719
2018-02-12,345.7455749511719,353.54998779296875,358.8999938964844,338.45001220703125,338.6499938964844,2696978
2018-02-14,352.6888732910156,360.6499938964844,370.8500061035156,355.1000061035156,356.75,2687794
2018-02-15,349.5595397949219,357.45001220703125,370.0,349.0,363.70001220703125,1615508
2018-02-16,340.17138671875,347.8500061035156,363.6499938964844,342.0,361.70001220703125,1305940
2018-02-19,329.2186584472656,336.6499938964844,350.8999938964844,330.0,350.79998779296875,1197769
2018-02-20,319.7327880859375,326.95001220703125,343.20001220703125,322.0,338.0,1280870
2018-02-21,324.5735168457031,331.8999938964844,336.0,326.1000061035156,330.5,1163058
2018-02-22,323.497802734375,330.79998779296875,333.8999938964844,327.0,328.0,482236
2018-02-23,345.20770263671875,353.0,360.29998779296875,331.3999938964844,332.6499938964844,2842857
2018-02-26,345.06103515625,352.8500061035156,358.8999938964844,350.25,356.29998779296875,905046
2018-02-27,340.8070983886719,348.5,356.6499938964844,345.1499938964844,354.79998779296875,1000188
2018-02-28,339.1446228027344,346.79998779296875,350.0,340.0,343.0,655869
2018-03-01,342.71405029296875,350.45001220703125,357.5,348.0,350.0,1021433
2018-03-05,333.4237365722656,340.95001220703125,349.04998779296875,338.54998779296875,345.0,583830
2018-03-06,312.7406005859375,319.79998779296875,346.3500061035156,316.75,340.29998779296875,1272591
2018-03-07,298.41400146484375,305.1499938964844,319.0,298.04998779296875,319.0,1653299
2018-03-08,312.6428527832031,319.70001220703125,323.6000061035156,301.5,311.79998779296875,1775879
2018-03-09,314.3052978515625,321.3999938964844,329.5,314.20001220703125,321.29998779296875,1355183
2018-03-12,325.5514221191406,332.8999938964844,335.6000061035156,325.20001220703125,326.04998779296875,1381091
2018-03-13,327.3606262207031,334.75,338.3999938964844,330.25,333.0,1053258
2018-03-14,324.5735168457031,331.8999938964844,335.5,327.1000061035156,334.0,709481
2018-03-15,327.75177001953125,335.1499938964844,339.0,332.20001220703125,332.20001220703125,943013
2018-03-16,315.13653564453125,322.25,336.8999938964844,320.0,336.3999938964844,764662
2018-03-19,314.5986633300781,321.70001220703125,326.6499938964844,315.1499938964844,324.0,715248
2018-03-20,314.1097106933594,321.20001220703125,329.70001220703125,316.0,316.5,837362
2018-03-21,335.47735595703125,343.04998779296875,346.29998779296875,322.5,322.5,2499609
2018-03-22,334.3527526855469,341.8999938964844,353.0,339.5,345.1499938964844,2233019
2018-03-23,338.0199890136719,345.6499938964844,350.0,327.04998779296875,328.1000061035156,1648752
2018-03-26,340.1225280761719,347.79998779296875,351.6000061035156,342.5,345.0,1205138
2018-03-27,333.6192932128906,341.1499938964844,352.75,337.95001220703125,350.79998779296875,1199820
2018-03-28,324.9158020019531,332.25,339.0,330.0,338.0,865550
2018-04-02,349.5106506347656,357.3999938964844,361.6000061035156,334.3500061035156,334.75,1528324
2018-04-03,345.06103515625,352.8500061035156,360.70001220703125,350.1000061035156,358.0,1227769
2018-04-04,346.1856384277344,354.0,370.0,352.3500061035156,355.0,1967806
2018-04-05,357.2361755371094,365.29998779296875,369.0,358.6000061035156,358.79998779296875,1289932
2018-04-06,367.0155029296875,375.29998779296875,382.29998779296875,365.0,368.0,3144463
2018-04-09,362.56591796875,370.75,376.29998779296875,366.04998779296875,375.29998779296875,879524
2018-04-10,363.3971862792969,371.6000061035156,376.8999938964844,367.0,373.95001220703125,796447
2018-04-11,363.4949951171875,371.70001220703125,375.5,362.54998779296875,372.5,1154753
2018-04-12,369.7048034667969,378.04998779296875,384.3500061035156,372.54998779296875,373.0,1680275
2018-04-13,374.2032165527344,382.6499938964844,387.0,375.04998779296875,380.20001220703125,1066606
2018-04-16,375.9635314941406,384.45001220703125,386.5,375.04998779296875,378.0,723108
2018-04-17,374.9366760253906,383.3999938964844,394.3999938964844,376.29998779296875,387.0,946547
2018-04-18,373.76318359375,382.20001220703125,386.3500061035156,377.29998779296875,386.0,528937
2018-04-19,411.951171875,421.25,426.70001220703125,382.20001220703125,383.54998779296875,4574435
2018-04-20,426.864501953125,436.5,452.0,424.5,425.0,6205048
2018-04-23,414.24932861328125,423.6000061035156,439.8999938964844,420.20001220703125,438.20001220703125,1263784
2018-04-24,423.5395812988281,433.1000061035156,437.70001220703125,417.5,427.3999938964844,1939786
2018-04-25,407.550537109375,416.75,437.5,411.20001220703125,434.6000061035156,1909106
2018-04-26,407.1593017578125,416.3500061035156,423.70001220703125,411.25,419.0,1023961
2018-04-27,414.54266357421875,423.8999938964844,432.0,418.0,420.0,1351921
2018-04-30,409.6041564941406,418.8500061035156,427.1000061035156,414.0,426.1000061035156,985129
2018-05-02,414.3470764160156,423.70001220703125,430.8999938964844,416.1000061035156,420.0,1927709
2018-05-03,391.5124816894531,400.3500061035156,424.75,339.0,423.70001220703125,5184814
2018-05-04,382.2221984863281,390.8500061035156,402.25,382.3500061035156,399.0,1291885
2018-05-07,394.59295654296875,403.5,408.0,390.0,395.0,1366797
2018-05-08,406.181396484375,415.3500061035156,419.5,405.0,405.70001220703125,1579692
2018-05-09,416.05841064453125,425.45001220703125,428.5,411.6000061035156,416.0,1576494
2018-05-10,398.6025390625,407.6000061035156,429.70001220703125,404.70001220703125,428.5,850866
2018-05-11,387.0629577636719,395.79998779296875,412.3999938964844,392.75,410.0,620686
2018-05-14,391.6103515625,400.45001220703125,405.1000061035156,393.5,399.70001220703125,529786
2018-05-15,393.1261291503906,402.0,409.79998779296875,393.5,403.8999938964844,667576
2018-05-16,394.93524169921875,403.8500061035156,408.6000061035156,394.04998779296875,402.0,470642
2018-05-17,425.5932312011719,435.20001220703125,438.8999938964844,401.0,401.0,3012046
2018-05-18,396.3043212890625,405.25,436.20001220703125,401.75,435.0,1387171
2018-05-21,392.881591796875,401.75,409.0,386.0,407.70001220703125,833768
2018-05-22,413.32025146484375,422.6499938964844,425.0,397.20001220703125,402.0,1592966
2018-05-23,414.88494873046875,424.25,428.8999938964844,419.0,419.0,800099
2018-05-24,417.32977294921875,426.75,431.70001220703125,418.3500061035156,427.8999938964844,655595
2018-05-25,432.5364990234375,442.29998779296875,456.0,428.8500061035156,429.3999938964844,2597089
2018-05-28,430.6295471191406,440.3500061035156,449.0,439.0,445.0,874993
2018-05-29,460.8474426269531,471.25,481.6000061035156,440.45001220703125,442.3500061035156,4909666
2018-05-30,465.7859802246094,476.29998779296875,495.79998779296875,463.1499938964844,463.1499938964844,3004549
2018-05-31,450.2369689941406,460.3999938964844,480.70001220703125,456.1000061035156,479.20001220703125,1034380
2018-06-01,428.1846923828125,437.8500061035156,460.3999938964844,437.3999938964844,455.20001220703125,842746
2018-06-04,406.81707763671875,416.0,429.95001220703125,416.0,426.54998779296875,247716
2018-06-05,386.4761962890625,395.20001220703125,395.20001220703125,395.20001220703125,395.20001220703125,121077
2018-06-06,403.9322204589844,413.04998779296875,414.95001220703125,375.45001220703125,375.45001220703125,2384642
2018-06-07,404.47003173828125,413.6000061035156,424.04998779296875,411.04998779296875,416.8500061035156,840949
2018-06-08,392.9305114746094,401.79998779296875,416.0,393.04998779296875,412.0,557369
2018-06-11,391.17022705078125,400.0,412.8999938964844,398.1000061035156,400.1000061035156,554600
2018-06-12,398.6513977050781,407.6499938964844,412.20001220703125,401.5,402.45001220703125,489857
2018-06-13,395.96209716796875,404.8999938964844,411.8999938964844,402.5,411.8999938964844,241037
2018-06-14,393.1750183105469,402.04998779296875,407.8999938964844,399.1000061035156,404.8999938964844,191819
2018-06-15,383.98248291015625,392.6499938964844,404.8999938964844,388.0,403.3999938964844,311331
2018-06-18,380.31524658203125,388.8999938964844,395.95001220703125,387.0,393.0,205450
2018-06-19,391.5614013671875,400.3999938964844,403.8999938964844,385.45001220703125,388.6000061035156,477187
2018-06-20,385.4005126953125,394.1000061035156,405.70001220703125,392.3999938964844,403.0,189479
2018-06-21,376.64801025390625,385.1499938964844,397.0,381.79998779296875,395.0,249676
2018-06-22,383.64019775390625,392.29998779296875,393.95001220703125,384.95001220703125,385.0,277222
2018-06-25,387.9919738769531,396.75,403.0,384.95001220703125,395.0,360592
2018-06-26,392.1481628417969,401.0,409.8999938964844,397.04998779296875,398.0,589541
2018-06-27,396.1087646484375,405.04998779296875,416.0,397.04998779296875,404.0,950435
2018-06-28,398.3091125488281,407.29998779296875,411.8999938964844,398.75,404.0,417823
2018-06-29,404.7145080566406,413.8500061035156,419.29998779296875,407.5,409.0,373148
2018-07-02,384.5203857421875,393.20001220703125,413.8500061035156,393.20001220703125,413.8500061035156,370523
2018-07-03,376.8436584472656,385.3500061035156,397.95001220703125,375.3500061035156,388.0,298414
2018-07-04,395.4731140136719,404.3999938964844,404.6000061035156,381.54998779296875,385.0,457506
2018-07-05,378.9461669921875,387.5,411.0,385.0,398.5,416868
2018-07-06,378.9950866699219,387.54998779296875,394.6499938964844,382.0,393.70001220703125,308971
2018-07-09,377.8704528808594,386.3999938964844,395.0,383.75,390.8999938964844,172751
2018-07-10,378.01708984375,386.54998779296875,394.20001220703125,384.1499938964844,388.8999938964844,271356
2018-07-11,378.1148986816406,386.6499938964844,391.95001220703125,385.5,386.0,261362
2018-07-12,362.3702697753906,370.54998779296875,391.3999938964844,367.3500061035156,389.95001220703125,469740
2018-07-13,346.9679870605469,354.79998779296875,381.75,352.04998779296875,372.29998779296875,666008
2018-07-16,329.6587219238281,337.1000061035156,355.8999938964844,337.1000061035156,355.0,267226
2018-07-17,320.4173278808594,327.6499938964844,335.75,320.25,327.04998779296875,1165320
2018-07-18,336.4064025878906,344.0,344.0,330.45001220703125,333.6000061035156,700015
2018-07-19,347.84814453125,355.70001220703125,360.5,336.5,351.0,509451
2018-07-20,346.2345275878906,354.04998779296875,361.79998779296875,347.1499938964844,361.79998779296875,301383
2018-07-23,355.1826171875,363.20001220703125,367.3500061035156,352.29998779296875,357.1000061035156,493957
2018-07-24,372.9319763183594,381.3500061035156,381.3500061035156,364.0,364.0,1182546
2018-07-25,379.1907043457031,387.75,400.3999938964844,381.54998779296875,395.0,1200264
2018-07-26,395.8642883300781,404.79998779296875,407.1000061035156,390.1000061035156,392.0,1244346
2018-07-27,415.6183776855469,425.0,425.0,407.6000061035156,409.3999938964844,663519
2018-07-30,409.8974914550781,419.1499938964844,443.1499938964844,415.25,437.0,794218
2018-07-31,427.5980224609375,437.25,440.1000061035156,416.1499938964844,419.0,1003732
2018-08-01,437.377197265625,447.25,454.3999938964844,429.0,438.8500061035156,881799
2018-08-02,419.8234558105469,429.29998779296875,447.3999938964844,426.95001220703125,447.0,498653
2018-08-03,426.6689453125,436.29998779296875,440.0,431.54998779296875,433.95001220703125,497489
2018-08-06,420.60577392578125,430.1000061035156,438.0,422.0,433.1000061035156,356269
2018-08-07,439.0885925292969,449.0,451.6000061035156,428.1499938964844,431.0,1104435
2018-08-08,434.8346252441406,444.6499938964844,450.0,437.0,444.8999938964844,564029
2018-08-09,431.8519287109375,441.6000061035156,448.5,440.25,448.0,318093
2018-08-10,419.7257080078125,429.20001220703125,443.75,425.0,442.04998779296875,401901
2018-08-13,408.08831787109375,417.29998779296875,432.5,413.1000061035156,427.8500061035156,503528
2018-08-14,408.0394287109375,417.25,425.5,407.1000061035156,421.95001220703125,367498
2018-08-16,394.49517822265625,403.3999938964844,416.6499938964844,400.3999938964844,414.0,438723
2018-08-17,395.2286376953125,404.1499938964844,414.8500061035156,393.0,408.5,789164
2018-08-20,394.93524169921875,403.8500061035156,412.29998779296875,399.20001220703125,404.0,282493
2018-08-21,414.6404724121094,424.0,424.0,405.04998779296875,407.8999938964844,286214
2018-08-23,427.3046569824219,436.95001220703125,442.79998779296875,420.1000061035156,433.0,727043
2018-08-24,422.40374755859375,430.95001220703125,443.5,428.8500061035156,439.0,330824
2018-08-27,429.0688781738281,437.75,441.0,429.3500061035156,434.3999938964844,187145
2018-08-28,450.485595703125,459.6000061035156,459.6000061035156,437.04998779296875,440.0,1343619
2018-08-29,462.0025634765625,471.3500061035156,481.79998779296875,450.0,458.3999938964844,923464
2018-08-30,475.1858215332031,484.79998779296875,494.8999938964844,473.8500061035156,477.70001220703125,915051
2018-08-31,483.5662841796875,493.3500061035156,499.0,477.0,486.95001220703125,724093
2018-09-03,459.60113525390625,468.8999938964844,497.70001220703125,468.70001220703125,493.0,425641
2018-09-04,444.60455322265625,453.6000061035156,480.0,447.29998779296875,468.0,438413
2018-09-05,430.3431091308594,439.04998779296875,456.04998779296875,434.1000061035156,455.0,437308
2018-09-06,449.21136474609375,458.29998779296875,461.0,444.0,444.0,585961
2018-09-07,463.03173828125,472.3999938964844,474.95001220703125,451.29998779296875,459.8999938964844,431857
2018-09-10,443.9674987792969,452.95001220703125,474.3999938964844,450.5,474.3999938964844,200825
2018-09-11,432.107421875,440.8500061035156,458.3500061035156,435.6000061035156,455.8999938964844,272572
2018-09-12,410.8377380371094,419.1499938964844,441.95001220703125,418.8500061035156,440.0,848865
2018-09-14,409.0244140625,417.29998779296875,428.0,411.0,426.5,364386
2018-09-17,400.2029113769531,408.29998779296875,417.0,401.0,415.0,294216
2018-09-18,397.60546875,405.6499938964844,426.6000061035156,401.29998779296875,410.0,407949
2018-09-19,402.4082946777344,410.54998779296875,418.79998779296875,404.3999938964844,407.8500061035156,262821
2018-09-21,382.3148193359375,390.04998779296875,416.95001220703125,390.04998779296875,416.0,629216
2018-09-24,363.2015380859375,370.54998779296875,389.79998779296875,370.54998779296875,384.5,464943
2018-09-25,347.7148742675781,354.75,373.29998779296875,352.04998779296875,369.0,660325
2018-09-26,364.96588134765625,372.3500061035156,372.45001220703125,361.3500061035156,364.0,408885
2018-09-27,355.50726318359375,362.70001220703125,383.25,355.0,375.8500061035156,296394
2018-09-28,340.069580078125,346.95001220703125,370.95001220703125,344.6000061035156,365.5,374793
2018-10-01,332.62030029296875,339.3500061035156,342.79998779296875,330.1000061035156,340.20001220703125,403094
2018-10-03,347.51885986328125,354.54998779296875,356.29998779296875,340.25,346.6000061035156,322102
2018-10-04,333.6984558105469,340.45001220703125,347.95001220703125,336.8500061035156,345.0,245712
2018-10-05,317.03564453125,323.45001220703125,338.0,323.45001220703125,338.0,268633
2018-10-08,306.25372314453125,312.45001220703125,323.95001220703125,307.29998779296875,319.0,435007
2018-10-09,293.5605773925781,299.5,317.0,297.0,310.04998779296875,610891
2018-10-10,308.21405029296875,314.45001220703125,314.45001220703125,305.1000061035156,307.0,247287
2018-10-11,323.5046691894531,330.04998779296875,330.1499938964844,299.79998779296875,299.79998779296875,578754
2018-10-12,325.7591247558594,332.3500061035156,346.54998779296875,328.0,341.3500061035156,591948
2018-10-15,338.3542785644531,345.20001220703125,348.95001220703125,333.0,338.8500061035156,410432
2018-10-16,355.2621765136719,362.45001220703125,362.45001220703125,346.0,351.70001220703125,240952
2018-10-17,359.967041015625,367.25,380.54998779296875,356.3500061035156,374.0,768371
2018-10-19,341.9809265136719,348.8999938964844,375.54998779296875,348.8999938964844,361.0,430537
2018-10-22,329.2386779785156,335.8999938964844,359.20001220703125,333.29998779296875,355.0,283199
2018-10-23,332.9633483886719,339.70001220703125,345.8999938964844,329.5,337.0,463638
2018-10-24,347.2248229980469,354.25,356.6499938964844,340.1000061035156,346.0,843876
2018-10-25,348.7931213378906,355.8500061035156,363.95001220703125,350.25,359.95001220703125,485477
2018-10-26,339.87353515625,346.75,355.0,343.1499938964844,355.0,370031
2018-10-29,356.8304443359375,364.04998779296875,364.04998779296875,358.1000061035156,364.04998779296875,286656
2018-10-30,380.15850830078125,387.8500061035156,394.3999938964844,375.0,377.79998779296875,900413
2018-10-31,385.6474609375,393.45001220703125,399.8999938964844,382.1000061035156,390.79998779296875,703760
2018-11-01,400.3009033203125,408.3999938964844,417.79998779296875,396.0,396.3999938964844,854122
2018-11-02,389.5680847167969,397.45001220703125,415.95001220703125,395.0,411.70001220703125,523808
2018-11-05,378.1981201171875,385.8500061035156,398.45001220703125,380.25,398.45001220703125,282277
2018-11-06,393.48876953125,401.45001220703125,407.3999938964844,388.8999938964844,388.8999938964844,472059
2018-11-07,393.3907165527344,401.3500061035156,405.8999938964844,397.1000061035156,403.5,81319
2018-11-09,383.0989685058594,390.8500061035156,402.95001220703125,387.0,402.54998779296875,290082
2018-11-12,401.77117919921875,409.8999938964844,413.3999938964844,391.0,391.0,601668
2018-11-13,433.3326416015625,442.1000061035156,444.3999938964844,404.29998779296875,407.0,1868726
2018-11-14,437.7434387207031,446.6000061035156,454.0,432.0,445.0,895130
2018-11-15,429.7550354003906,438.45001220703125,450.0,433.25,446.0,516273
2018-11-16,428.725830078125,437.3999938964844,447.3999938964844,435.1000061035156,439.0,249909
2018-11-19,430.7841796875,439.5,443.8999938964844,437.0,437.0,147935
2018-11-20,413.6312255859375,422.0,438.3500061035156,420.0,437.0,320832
2018-11-21,395.98822021484375,404.0,422.04998779296875,398.1000061035156,422.0,598822
2018-11-22,390.45025634765625,398.3500061035156,415.5,396.1499938964844,404.20001220703125,515376
2018-11-26,392.8026428222656,400.75,407.3999938964844,382.6000061035156,398.0,886039
2018-11-27,390.45025634765625,398.3500061035156,404.70001220703125,395.1000061035156,398.8999938964844,391134
2018-11-28,382.55987548828125,390.29998779296875,401.95001220703125,388.54998779296875,399.20001220703125,353019
2018-11-29,386.77459716796875,394.6000061035156,404.0,392.0,394.0,319764
2018-11-30,407.0641174316406,415.29998779296875,421.0,394.0,396.95001220703125,1482070
2018-12-03,399.3697814941406,407.45001220703125,420.0,403.6499938964844,419.70001220703125,613395
2018-12-04,387.9998474121094,395.8500061035156,410.3500061035156,394.1000061035156,403.20001220703125,465754
2018-12-05,384.4712219238281,392.25,401.6499938964844,388.25,391.6000061035156,399018
2018-12-06,370.8468933105469,378.3500061035156,389.70001220703125,376.0,389.70001220703125,494733
2018-12-07,377.61004638671875,385.25,391.79998779296875,381.25,385.0,315513
2018-12-10,360.16302490234375,367.45001220703125,381.0,365.0,380.04998779296875,396301
2018-12-11,373.49334716796875,381.04998779296875,385.0,356.0,356.0,476746
2018-12-12,399.5168151855469,407.6000061035156,411.8999938964844,386.25,386.25,818730
2018-12-13,406.57403564453125,414.79998779296875,420.0,411.0,412.3999938964844,666904
2018-12-14,404.3196105957031,412.5,418.79998779296875,407.79998779296875,412.45001220703125,354463
2018-12-17,406.6720275878906,414.8999938964844,421.0,405.0,416.3500061035156,462938
2018-12-18,414.4153747558594,422.79998779296875,426.0,410.25,410.25,689030
2018-12-19,414.46435546875,422.8500061035156,434.0,421.1499938964844,426.79998779296875,624805
2018-12-20,407.6032409667969,415.8500061035156,423.5,412.75,420.0,290701
2018-12-21,392.31256103515625,400.25,418.3999938964844,398.1000061035156,416.79998779296875,330306
2018-12-24,388.8819580078125,396.75,405.3999938964844,393.0,401.0,279715
2018-12-26,386.5295715332031,394.3500061035156,396.6000061035156,380.8999938964844,393.79998779296875,436827
2018-12-27,392.5086364746094,400.45001220703125,407.8999938964844,391.3999938964844,399.79998779296875,654217
2018-12-28,395.20404052734375,403.20001220703125,409.79998779296875,401.3999938964844,407.25,401187
2018-12-31,392.5086364746094,400.45001220703125,408.79998779296875,398.6000061035156,407.70001220703125,350643
2019-01-01,394.5179138183594,402.5,406.0,392.6000061035156,402.0,332521
2019-01-02,392.361572265625,400.29998779296875,406.0,396.0,400.54998779296875,285054
2019-01-03,392.2145690917969,400.1499938964844,404.8999938964844,398.6000061035156,400.25,245031
2019-01-04,386.48052978515625,394.29998779296875,402.20001220703125,387.45001220703125,397.1499938964844,282443
2019-01-07,387.60772705078125,395.45001220703125,405.54998779296875,395.0,399.0,206736
2019-01-08,393.1456604003906,401.1000061035156,403.6000061035156,395.8500061035156,396.0,307744
2019-01-09,401.18310546875,409.29998779296875,419.8500061035156,403.04998779296875,403.04998779296875,845409
2019-01-10,401.9672546386719,410.1000061035156,413.25,406.95001220703125,411.5,266744
2019-01-11,406.7210693359375,414.95001220703125,418.79998779296875,407.0,410.20001220703125,495381
2019-01-14,410.59271240234375,418.8999938964844,424.5,411.0,416.5,593624
2019-01-15,410.2986755371094,418.6000061035156,428.0,415.5,425.0,577202
2019-01-16,406.7210693359375,414.95001220703125,420.3500061035156,411.6499938964844,419.45001220703125,312427
2019-01-17,405.0547790527344,413.25,416.6499938964844,411.1499938964844,415.1000061035156,155250
2019-01-18,399.1737365722656,407.25,415.0,401.75,414.0,228589
2019-01-21,390.3522033691406,398.25,410.0,397.0,407.0,307944
2019-01-22,405.0547790527344,413.25,415.0,400.1000061035156,400.1000061035156,461696
2019-01-23,413.14117431640625,421.5,436.95001220703125,412.0,414.6499938964844,2652760
2019-01-24,419.4632263183594,427.95001220703125,431.79998779296875,417.0,420.0,827349
2019-01-25,412.45501708984375,420.79998779296875,439.5,415.25,427.1000061035156,1045999
2019-01-28,409.3185119628906,417.6000061035156,424.95001220703125,412.04998779296875,415.20001220703125,402779
2019-01-29,398.43865966796875,406.5,414.79998779296875,403.0,414.79998779296875,528952
2019-01-30,408.8283996582031,417.1000061035156,422.0,405.6499938964844,408.0,1047858
2019-01-31,401.5261535644531,409.6499938964844,419.70001220703125,406.54998779296875,416.25,215650
2019-02-01,419.169189453125,427.6499938964844,429.8999938964844,412.0,412.0,647799
2019-02-04,428.52978515625,437.20001220703125,438.8999938964844,423.0,426.95001220703125,500642
2019-02-05,431.1762390136719,439.8999938964844,444.0,431.70001220703125,437.0,428076
2019-02-06,432.98956298828125,441.75,443.54998779296875,432.54998779296875,442.95001220703125,292893
2019-02-07,432.5484924316406,441.29998779296875,445.8500061035156,436.04998779296875,440.0,254852
2019-02-08,429.4119567871094,438.1000061035156,449.0,429.0,439.29998779296875,495253
2019-02-11,409.95556640625,418.25,436.29998779296875,415.3999938964844,430.5,416774
2019-02-12,408.8283996582031,417.1000061035156,426.95001220703125,414.20001220703125,418.5,235232
2019-02-14,397.5074462890625,405.54998779296875,413.20001220703125,401.0,413.04998779296875,351224
2019-02-15,389.51910400390625,397.3999938964844,408.45001220703125,395.8500061035156,405.75,266101
2019-02-18,364.9168395996094,372.29998779296875,401.20001220703125,370.0,399.54998779296875,581755
2019-02-19,362.0253601074219,369.3500061035156,385.0,365.20001220703125,372.0,508279
2019-02-20,360.84912109375,368.1499938964844,377.0,363.20001220703125,371.0,344746
2019-02-21,361.73126220703125,369.04998779296875,373.1499938964844,349.0,365.0,1243774
2019-02-22,363.8876953125,371.25,379.75,369.1000061035156,369.5,624599
2019-02-25,361.9762878417969,369.29998779296875,376.95001220703125,362.04998779296875,373.54998779296875,630812
2019-02-26,360.65313720703125,367.95001220703125,374.45001220703125,363.1000061035156,364.5,532254
2019-02-27,357.0264892578125,364.25,374.3500061035156,360.0,372.3500061035156,630694
2019-02-28,355.3111877441406,362.5,367.79998779296875,361.0,366.0,386004
2019-03-01,374.22845458984375,381.79998779296875,384.0,365.0,365.0,1185220
2019-03-05,391.7734680175781,399.70001220703125,402.79998779296875,384.6000061035156,385.0,1039951
2019-03-06,388.6369323730469,396.5,404.79998779296875,391.6000061035156,404.3500061035156,936136
2019-03-07,383.49102783203125,391.25,398.25,389.0,398.0,338858
2019-03-08,383.0499267578125,390.79998779296875,406.20001220703125,388.20001220703125,398.3999938964844,1120785
2019-03-11,385.3043212890625,393.1000061035156,397.20001220703125,390.70001220703125,393.20001220703125,480957
2019-03-12,394.9100341796875,402.8999938964844,408.75,395.1499938964844,396.8999938964844,993718
2019-03-13,391.62646484375,399.54998779296875,408.0,396.1000061035156,404.5,367354
2019-03-14,389.3720703125,397.25,402.0,393.5,400.6499938964844,251146
2019-03-15,384.5693054199219,392.3500061035156,402.1000061035156,390.0,399.3999938964844,325779
2019-03-18,381.82476806640625,389.54998779296875,398.3999938964844,386.6000061035156,394.29998779296875,291513
2019-03-19,391.8224792480469,399.75,407.3999938964844,390.0,390.6000061035156,1064438
2019-03-20,401.8201904296875,409.95001220703125,413.6000061035156,395.5,401.79998779296875,886385
2019-03-22,396.52728271484375,404.54998779296875,415.0,403.0,412.0,478776
2019-03-25,386.6766052246094,394.5,400.95001220703125,393.29998779296875,400.95001220703125,286259
2019-03-26,387.16668701171875,395.0,399.0,393.0,397.0,383737
2019-03-27,385.40240478515625,393.20001220703125,397.1000061035156,389.5,395.25,391413
2019-03-28,393.24371337890625,401.20001220703125,406.6499938964844,394.0,395.20001220703125,545589
2019-04-01,386.7255859375,394.54998779296875,404.8999938964844,393.0,396.29998779296875,433960
2019-04-02,385.40240478515625,393.20001220703125,398.79998779296875,391.45001220703125,398.04998779296875,318761
2019-04-03,388.8330078125,396.70001220703125,398.75,392.0,394.6499938964844,286971
2019-04-04,384.4222412109375,392.20001220703125,398.0,391.0,398.0,178894
2019-04-05,384.4712219238281,392.25,398.20001220703125,390.04998779296875,392.95001220703125,236030
2019-04-08,380.7955627441406,388.5,397.0,385.1000061035156,393.95001220703125,222583
2019-04-09,374.2774658203125,381.8500061035156,389.25,380.1000061035156,388.45001220703125,272205
2019-04-10,373.0032043457031,380.54998779296875,387.70001220703125,380.0,382.6499938964844,290063
2019-04-11,362.3193664550781,369.6499938964844,382.75,367.0,382.29998779296875,775500
2019-04-12,350.8514099121094,357.95001220703125,374.5,353.79998779296875,371.8500061035156,1161828
2019-04-15,353.1058044433594,360.25,364.70001220703125,355.3500061035156,355.3500061035156,451289
2019-04-16,345.0193786621094,352.0,363.1499938964844,351.1000061035156,362.0,660956
2019-04-18,326.9352722167969,333.54998779296875,354.79998779296875,332.0,353.25,1182423
2019-04-22,333.6004943847656,340.3500061035156,351.8999938964844,333.0,336.70001220703125,994615
2019-04-23,342.2259216308594,349.1499938964844,353.29998779296875,342.70001220703125,344.0,1117414
2019-04-24,363.64263916015625,371.0,372.95001220703125,351.1499938964844,353.3999938964844,1191325
2019-04-25,357.85968017578125,365.1000061035156,380.54998779296875,363.1000061035156,372.95001220703125,902291
2019-04-26,357.4185791015625,364.6499938964844,369.45001220703125,360.6000061035156,364.04998779296875,420137
2019-04-30,346.8327331542969,353.8500061035156,366.25,350.0,365.8999938964844,454504
2019-05-02,348.8420715332031,355.8999938964844,364.8999938964844,352.04998779296875,354.79998779296875,762699
2019-05-03,355.1641845703125,362.3500061035156,364.70001220703125,350.04998779296875,356.0,481299
2019-05-06,346.2936096191406,353.29998779296875,361.8500061035156,352.5,358.0,606776
2019-05-07,340.5596923828125,347.45001220703125,358.75,345.5,356.1499938964844,423543
2019-05-08,332.9633483886719,339.70001220703125,345.0,336.45001220703125,344.79998779296875,492968
2019-05-09,330.905029296875,337.6000061035156,345.0,336.04998779296875,339.0,380354
2019-05-10,338.6483459472656,345.5,348.0,336.04998779296875,339.0,339141
2019-05-13,332.5712585449219,339.29998779296875,349.75,336.29998779296875,346.1000061035156,396672
2019-05-14,333.6984558105469,340.45001220703125,343.3999938964844,335.79998779296875,339.0,290702
2019-05-15,328.8956298828125,335.54998779296875,343.0,335.0,343.0,206799
2019-05-16,334.4825744628906,341.25,343.45001220703125,323.0,339.6499938964844,461642
2019-05-17,343.0591125488281,350.0,352.79998779296875,335.04998779296875,342.79998779296875,568001
2019-05-20,344.9704284667969,351.95001220703125,364.0,350.0,360.1000061035156,488660
2019-05-21,340.0205383300781,346.8999938964844,356.5,345.1499938964844,356.5,325601
2019-05-22,333.89447021484375,340.6499938964844,349.45001220703125,338.1499938964844,349.45001220703125,313233
2019-05-23,334.0415344238281,340.79998779296875,348.6499938964844,338.54998779296875,345.0,289515
2019-05-24,353.350830078125,360.5,364.79998779296875,345.0,345.0,821983
2019-05-27,344.2842712402344,351.25,360.0,348.6499938964844,354.8999938964844,396535
2019-05-28,340.6576232910156,347.54998779296875,355.75,343.1000061035156,350.0,401858
2019-05-29,333.15936279296875,339.8999938964844,350.0,338.70001220703125,349.8500061035156,312383
2019-05-30,333.45343017578125,340.20001220703125,343.0,337.1000061035156,339.8500061035156,228640
2019-05-31,329.8757629394531,336.54998779296875,342.8999938964844,334.0,342.8999938964844,277835
2019-06-03,327.1803283691406,333.79998779296875,338.0,332.54998779296875,336.8999938964844,210272
2019-06-04,322.5736083984375,329.1000061035156,339.5,328.1000061035156,334.5,496943
2019-06-06,302.9701843261719,309.1000061035156,331.8999938964844,307.5,329.0,1256314
2019-06-07,294.4427490234375,300.3999938964844,313.1000061035156,291.1000061035156,310.29998779296875,1371058
2019-06-10,291.3551940917969,297.25,308.0,294.8500061035156,304.20001220703125,445698
2019-06-11,287.7285461425781,293.54998779296875,302.45001220703125,289.54998779296875,295.5,1109100
2019-06-12,279.0540466308594,284.70001220703125,296.20001220703125,282.0,293.5,759388
2019-06-13,274.1532287597656,279.70001220703125,285.0,268.20001220703125,284.0,1202240
2019-06-14,268.3702087402344,273.79998779296875,279.0,270.54998779296875,279.0,509477
2019-06-17,269.9385070800781,275.3999938964844,282.95001220703125,272.45001220703125,275.20001220703125,552630
2019-06-18,267.4390563964844,272.8500061035156,280.5,270.0,277.1000061035156,368680
2019-06-19,263.6164245605469,268.95001220703125,278.8999938964844,263.1000061035156,272.95001220703125,342970
2019-06-20,267.92913818359375,273.3500061035156,274.8999938964844,261.95001220703125,268.79998779296875,431023
2019-06-21,272.6830139160156,278.20001220703125,283.0,271.5,273.3500061035156,472007
2019-06-24,278.02490234375,283.6499938964844,289.79998779296875,278.5,279.79998779296875,722848
2019-06-25,289.5418395996094,295.3999938964844,297.3500061035156,284.0,284.79998779296875,352585
2019-06-26,305.12652587890625,311.29998779296875,314.0,294.5,296.95001220703125,738111
2019-06-27,319.240966796875,325.70001220703125,327.8999938964844,314.04998779296875,314.79998779296875,767206
2019-06-28,309.3412780761719,315.6000061035156,332.5,314.5,328.8999938964844,762304
2019-07-01,300.66680908203125,306.75,319.70001220703125,302.5,317.45001220703125,412877
2019-07-02,298.4613952636719,304.5,310.70001220703125,303.20001220703125,305.20001220703125,268880
2019-07-03,298.2653503417969,304.29998779296875,311.5,302.04998779296875,305.6000061035156,183795
2019-07-04,299.34356689453125,305.3999938964844,308.5,303.5,305.3500061035156,187516
2019-07-05,290.571044921875,296.45001220703125,306.6499938964844,293.04998779296875,304.20001220703125,299817
2019-07-08,277.4367980957031,283.04998779296875,295.79998779296875,276.20001220703125,295.0,406782
2019-07-09,280.818359375,286.5,288.8999938964844,276.20001220703125,277.1000061035156,273690
2019-07-10,280.1322021484375,285.79998779296875,295.75,282.04998779296875,287.0,224474
2019-07-11,281.89654541015625,287.6000061035156,291.5,280.04998779296875,288.5,317153
2019-07-12,279.691162109375,285.3500061035156,290.54998779296875,284.45001220703125,288.70001220703125,215547
2019-07-15,277.2407531738281,282.8500061035156,289.0,281.5,289.0,134209
2019-07-16,277.8288879394531,283.45001220703125,288.6000061035156,280.8500061035156,282.1000061035156,93316
2019-07-17,285.0330505371094,290.79998779296875,298.3999938964844,282.6499938964844,288.0,425275
2019-07-18,277.0447082519531,282.6499938964844,293.8999938964844,281.79998779296875,292.45001220703125,227533
2019-07-19,281.70050048828125,287.3999938964844,291.95001220703125,280.25,284.5,287967
2019-07-22,289.0517883300781,294.8999938964844,298.5,282.1499938964844,285.0,512778
2019-07-23,298.2163391113281,304.25,306.8500061035156,297.45001220703125,299.79998779296875,577678
2019-07-24,299.392578125,305.45001220703125,310.3999938964844,301.6000061035156,308.79998779296875,330120
2019-07-25,297.7262878417969,303.75,309.79998779296875,293.3500061035156,303.0,407959
2019-07-26,297.13818359375,303.1499938964844,307.45001220703125,300.3500061035156,304.5,289576
2019-07-29,299.8826599121094,305.95001220703125,309.3500061035156,297.25,300.25,343973
2019-07-30,293.2174987792969,299.1499938964844,308.0,293.0,302.54998779296875,512786
2019-07-31,292.1392822265625,298.04998779296875,304.79998779296875,292.20001220703125,299.0,300475
2019-08-01,293.6095886230469,299.54998779296875,304.79998779296875,295.04998779296875,295.04998779296875,253085
2019-08-02,291.6982421875,297.6000061035156,302.95001220703125,296.0,297.0,389930
2019-08-05,288.2676696777344,294.1000061035156,299.79998779296875,288.0,295.1000061035156,212268
2019-08-06,298.5594482421875,304.6000061035156,306.0,290.54998779296875,290.54998779296875,237530
2019-08-07,311.6936950683594,318.0,321.79998779296875,306.45001220703125,307.95001220703125,427955
2019-08-08,316.055419921875,322.45001220703125,324.79998779296875,314.0,324.0,588110
2019-08-09,311.8406982421875,318.1499938964844,327.79998779296875,316.1499938964844,323.3500061035156,400767
2019-08-13,309.7823791503906,316.04998779296875,319.8999938964844,310.5,316.75,248497
2019-08-14,315.9084167480469,322.29998779296875,324.6000061035156,312.5,312.5,192554
2019-08-16,324.43585205078125,331.0,339.6000061035156,318.1499938964844,324.8500061035156,464736
2019-08-19,319.04498291015625,325.5,337.5,322.3999938964844,334.79998779296875,219258
2019-08-20,307.67498779296875,313.8999938964844,329.3500061035156,310.20001220703125,321.25,313887
2019-08-21,300.27471923828125,306.3500061035156,320.0,302.70001220703125,318.0,304276
2019-08-22,285.8172302246094,291.6000061035156,306.45001220703125,287.29998779296875,305.29998779296875,406432
2019-08-23,288.4146423339844,294.25,298.0,280.04998779296875,290.8500061035156,297609
2019-08-26,312.4288024902344,318.75,319.95001220703125,287.0,300.0,715451
2019-08-27,309.83135986328125,316.1000061035156,322.8999938964844,313.0,321.79998779296875,382869
2019-08-28,298.70648193359375,304.75,319.0,303.1499938964844,313.6000061035156,206559
2019-08-29,296.89312744140625,302.8999938964844,308.0,292.3500061035156,304.75,490992
2019-08-30,302.8721618652344,309.0,313.0,300.0,303.79998779296875,902364
2019-09-03,290.03192138671875,295.8999938964844,307.5,294.0,306.3999938964844,301420
2019-09-04,293.80560302734375,299.75,302.0,290.5,296.1000061035156,268129
2019-09-05,295.7658996582031,301.75,306.0,300.0,303.04998779296875,110321
2019-09-06,292.5803527832031,298.5,304.70001220703125,296.6000061035156,303.0,146321
2019-09-09,294.4427490234375,300.3999938964844,302.8999938964844,297.5,301.0,100885
2019-09-11,291.3551940917969,297.25,304.0,296.3500061035156,302.8999938964844,643487
2019-09-12,292.87445068359375,298.79998779296875,307.70001220703125,297.25,298.75,335330
2019-09-13,298.80450439453125,304.8500061035156,308.45001220703125,298.1499938964844,301.79998779296875,286524
2019-09-16,312.3307800292969,318.6499938964844,325.3500061035156,302.75,305.0,554477
2019-09-17,295.37384033203125,301.3500061035156,318.5,299.1000061035156,318.25,509846
2019-09-18,294.93280029296875,300.8999938964844,308.70001220703125,299.54998779296875,304.0,349619
2019-09-19,301.0341491699219,305.8999938964844,308.0,300.5,301.04998779296875,362825
2019-09-20,314.7130126953125,319.79998779296875,323.45001220703125,301.6000061035156,307.8999938964844,681127
2019-09-23,323.717529296875,328.95001220703125,333.0,321.8500061035156,323.5,707002
2019-09-24,321.995361328125,327.20001220703125,333.8999938964844,325.1000061035156,329.5,275982
2019-09-25,312.6464538574219,317.70001220703125,328.79998779296875,316.0,328.79998779296875,154698
2019-09-26,316.2876281738281,321.3999938964844,328.0,315.5,319.70001220703125,353517
2019-09-27,317.2225341796875,322.3500061035156,338.0,318.1000061035156,322.8999938964844,1058823
2019-09-30,309.9894104003906,315.0,326.54998779296875,313.29998779296875,324.3500061035156,324652
2019-10-01,297.98345947265625,302.79998779296875,319.0,290.5,315.5,356394
2019-10-03,299.1152038574219,303.95001220703125,310.8999938964844,302.5,303.0,220332
2019-10-04,294.58837890625,299.3500061035156,308.8999938964844,297.0,305.8999938964844,202409
2019-10-07,290.5535888671875,295.25,303.79998779296875,293.8999938964844,301.1000061035156,188334
2019-10-09,288.8313903808594,293.5,297.8999938964844,292.1000061035156,297.0,170144
2019-10-10,290.9471740722656,295.6499938964844,299.70001220703125,292.0,294.29998779296875,90188
2019-10-11,290.30755615234375,295.0,301.79998779296875,293.0,299.0,140292
2019-10-14,291.6852722167969,296.3999938964844,299.25,294.6499938964844,299.25,116452
2019-10-15,288.53619384765625,293.20001220703125,298.20001220703125,290.04998779296875,298.20001220703125,111274
2019-10-16,294.5390930175781,299.29998779296875,302.0,290.8999938964844,294.3999938964844,288111
2019-10-17,299.6564025878906,304.5,305.0,297.3500061035156,299.29998779296875,148972
2019-10-18,311.0227355957031,316.04998779296875,319.20001220703125,304.1000061035156,306.5,374150
2019-10-22,300.8865661621094,305.75,318.5,304.0,318.5,219938
2019-10-23,309.5466003417969,314.54998779296875,315.1000061035156,302.0,307.0,412996
2019-10-24,306.6926574707031,311.6499938964844,317.29998779296875,309.1000061035156,316.5,182756
2019-10-25,309.841796875,314.8500061035156,317.0,306.6000061035156,313.20001220703125,382681
2019-10-27,309.5466003417969,314.54998779296875,316.6000061035156,310.79998779296875,316.0,25723
2019-10-29,314.0733947753906,319.1499938964844,323.0,311.25,311.25,353983
2019-10-30,306.6926574707031,311.6499938964844,323.5,310.3999938964844,323.5,231336
2019-10-31,311.5147399902344,316.54998779296875,320.0,310.0,313.75,244289
2019-11-01,319.6827697753906,324.8500061035156,330.79998779296875,312.0,317.75,437121
2019-11-04,328.7856140136719,334.1000061035156,337.0,325.5,328.20001220703125,565349
2019-11-05,322.4382019042969,327.6499938964844,337.6499938964844,325.25,335.0,271513
2019-11-06,308.75927734375,313.75,332.45001220703125,307.6499938964844,328.0,1174434
2019-11-07,318.74786376953125,323.8999938964844,326.5,314.04998779296875,315.6000061035156,594880
2019-11-08,325.14447021484375,330.3999938964844,338.3999938964844,320.0,323.5,1319733
2019-11-11,319.633544921875,324.79998779296875,336.1000061035156,323.0,330.0,249161
2019-11-13,315.7463684082031,320.8500061035156,331.8500061035156,320.0,324.8999938964844,236362
2019-11-14,309.34979248046875,314.3500061035156,324.0,313.0,321.20001220703125,193493
2019-11-15,301.91986083984375,306.79998779296875,319.70001220703125,303.25,314.8500061035156,362895
2019-11-18,299.21356201171875,304.04998779296875,311.79998779296875,303.5,307.04998779296875,244290
2019-11-19,296.3597412109375,301.1499938964844,309.54998779296875,299.0,305.29998779296875,563836
2019-11-20,301.37860107421875,306.25,309.79998779296875,299.25,301.79998779296875,398991
2019-11-21,302.3135070800781,307.20001220703125,312.0,304.0,309.04998779296875,253667
2019-11-22,303.05157470703125,307.95001220703125,312.0,306.0,310.6000061035156,215198
2019-11-25,304.0356750488281,308.95001220703125,311.3500061035156,306.20001220703125,307.5,141690
2019-11-26,312.94171142578125,318.0,328.0,309.5,310.79998779296875,1422713
2019-11-27,307.72601318359375,312.70001220703125,317.75,311.5,315.0,193956
2019-11-28,312.2528381347656,317.29998779296875,319.3999938964844,309.25,313.0,215025
2019-11-29,307.72601318359375,312.70001220703125,319.5,311.1000061035156,316.8999938964844,166532
2019-12-02,314.7622985839844,319.8500061035156,321.0,310.0,313.54998779296875,260446
2019-12-03,307.578369140625,312.54998779296875,320.8500061035156,311.8999938964844,320.0,153617
2019-12-04,302.2151184082031,307.1000061035156,312.1499938964844,306.0,312.0,156270
2019-12-05,298.57391357421875,303.3999938964844,309.70001220703125,302.20001220703125,308.79998779296875,213175
2019-12-06,297.1470031738281,301.95001220703125,309.8999938964844,300.3999938964844,304.5,194851
2019-12-09,295.03118896484375,299.79998779296875,303.5,298.3999938964844,301.8999938964844,166608
2019-12-10,295.17877197265625,299.95001220703125,303.70001220703125,297.5,299.79998779296875,185474
2019-12-11,298.5247497558594,303.3500061035156,305.8999938964844,299.79998779296875,300.0,237632
2019-12-12,298.7215270996094,303.54998779296875,306.8999938964844,301.0,305.5,136114
2019-12-13,294.6375427246094,299.3999938964844,305.3999938964844,298.0,302.79998779296875,186777
2019-12-16,295.8184509277344,300.6000061035156,301.70001220703125,298.20001220703125,301.0,224933
2019-12-17,293.505859375,298.25,303.0,297.54998779296875,301.95001220703125,145455
2019-12-18,295.8676452636719,300.6499938964844,303.8500061035156,294.5,298.25,260019
2019-12-19,291.2916564941406,296.0,302.1000061035156,295.0,299.0,196276
2019-12-20,294.2931213378906,299.04998779296875,304.20001220703125,295.5,296.8999938964844,267776
2019-12-23,293.9978942871094,298.75,301.0,296.5,300.5,147813
2019-12-24,309.15289306640625,314.1499938964844,318.75,298.0,300.0,1560539
2019-12-26,313.7781982421875,318.8500061035156,321.70001220703125,311.3500061035156,314.8999938964844,741085
2019-12-27,307.7751770019531,312.75,319.8999938964844,311.0,319.8999938964844,227142
2019-12-30,309.300537109375,314.29998779296875,315.20001220703125,309.45001220703125,314.8999938964844,191014
2019-12-31,308.5132751464844,313.5,318.0,310.20001220703125,314.0,332374
2020-01-01,315.7955627441406,320.8999938964844,323.70001220703125,312.25,314.79998779296875,475206
2020-01-02,320.273193359375,325.45001220703125,330.0,319.45001220703125,321.0,469926
2020-01-03,314.467041015625,319.54998779296875,326.5,316.25,325.0,291801
2020-01-06,300.5421447753906,305.3999938964844,322.3999938964844,304.0,312.1000061035156,464096
2020-01-07,310.4322509765625,315.45001220703125,318.3999938964844,307.0,307.0,291653
2020-01-08,310.4322509765625,315.45001220703125,316.75,309.29998779296875,312.95001220703125,171431
2020-01-09,319.2891540527344,324.45001220703125,327.0,313.29998779296875,317.0,753837
2020-01-10,326.1777648925781,331.45001220703125,334.79998779296875,322.8500061035156,324.45001220703125,543828
2020-01-13,344.58026123046875,350.1499938964844,357.8999938964844,331.04998779296875,331.20001220703125,1777679
2020-01-14,350.8293151855469,356.5,364.29998779296875,348.6000061035156,351.8999938964844,736359
2020-01-15,340.0043029785156,345.5,356.8999938964844,342.04998779296875,356.5,392817
2020-01-16,346.4992980957031,352.1000061035156,353.79998779296875,338.1000061035156,347.8999938964844,457843
2020-01-17,350.8293151855469,356.5,361.8500061035156,353.04998779296875,353.04998779296875,571793
2020-01-20,342.8089294433594,348.3500061035156,361.3500061035156,346.6000061035156,358.0,313749
2020-01-21,357.7179260253906,363.5,368.95001220703125,344.54998779296875,349.8999938964844,846320
2020-01-22,358.1607971191406,363.95001220703125,367.8999938964844,356.0,365.0,533905
2020-01-23,351.9609680175781,357.6499938964844,373.0,349.54998779296875,364.8500061035156,1668816
2020-01-24,374.0539245605469,380.1000061035156,382.29998779296875,351.75,355.54998779296875,1508269
2020-01-27,382.3202819824219,388.5,391.0,378.5,378.5,713212
2020-01-28,389.2089538574219,395.5,407.70001220703125,376.6499938964844,390.8500061035156,1840708
2020-01-29,378.4823303222656,384.6000061035156,399.1000061035156,382.79998779296875,395.95001220703125,413536
2020-01-30,394.0802001953125,400.45001220703125,409.70001220703125,380.0,380.0,1825401
2020-01-31,390.04541015625,396.3500061035156,408.8500061035156,390.3500061035156,402.3999938964844,546519
2020-02-03,381.13934326171875,387.29998779296875,395.0,370.1000061035156,377.5,419841
2020-02-04,388.5693054199219,394.8500061035156,403.0,389.3500061035156,390.0,361823
2020-02-05,398.31182861328125,404.75,407.0,392.70001220703125,394.3999938964844,399962
2020-02-06,400.5260009765625,407.0,412.3999938964844,401.29998779296875,407.0,481797
2020-02-07,408.3988037109375,415.0,420.0,405.29998779296875,408.0,520516
2020-02-10,400.0831604003906,406.54998779296875,417.54998779296875,405.0,416.3999938964844,177724
2020-02-11,405.7909240722656,412.3500061035156,421.04998779296875,408.6000061035156,408.6000061035156,356979
2020-02-12,419.81427001953125,426.6000061035156,433.8999938964844,406.6000061035156,414.3999938964844,1443591
2020-02-13,427.9822082519531,434.8999938964844,436.8999938964844,423.3500061035156,427.3999938964844,969679
2020-02-14,415.2381896972656,421.95001220703125,437.1000061035156,418.20001220703125,435.0,364825
2020-02-17,405.8892822265625,412.45001220703125,425.1000061035156,408.04998779296875,423.8999938964844,271589
2020-02-18,412.8763732910156,419.54998779296875,422.79998779296875,401.04998779296875,407.0,567719
2020-02-19,428.86785888671875,435.79998779296875,439.1499938964844,414.0,419.0,816383
2020-02-20,420.10943603515625,426.8999938964844,437.5,423.0,437.0,378585
2020-02-24,412.48272705078125,419.1499938964844,433.6000061035156,415.0,421.0,346753
2020-02-25,404.21636962890625,410.75,427.8999938964844,408.04998779296875,417.0,365753
2020-02-26,422.0776672363281,428.8999938964844,435.6000061035156,405.0,411.25,526799
2020-02-27,420.9951477050781,427.79998779296875,430.3999938964844,415.04998779296875,422.1000061035156,364588
2020-02-28,403.8719482421875,410.3999938964844,415.3999938964844,386.70001220703125,415.0,662818
2020-03-02,394.76904296875,401.1499938964844,425.0,395.0,416.0,400819
2020-03-03,393.3421325683594,399.70001220703125,410.29998779296875,386.25,403.6000061035156,576834
2020-03-04,386.25665283203125,392.5,403.70001220703125,380.0,402.1000061035156,347089
2020-03-05,376.6617431640625,382.75,396.3999938964844,380.0,392.5,291320
2020-03-06,361.9495544433594,367.79998779296875,374.0,352.04998779296875,370.5,902300
2020-03-09,338.57733154296875,344.04998779296875,362.75,336.0,355.0,675320
2020-03-11,334.690185546875,340.1000061035156,356.20001220703125,331.0,337.20001220703125,790523
2020-03-12,309.15289306640625,314.1499938964844,328.8999938964844,275.20001220703125,328.8999938964844,1708894
2020-03-13,337.9376220703125,343.3999938964844,363.0,275.1000061035156,282.0,1349167
2020-03-16,296.65496826171875,301.45001220703125,315.75,280.0,310.0,1729050
2020-03-17,297.0978088378906,301.8999938964844,309.0,291.04998779296875,302.0,528413
2020-03-18,293.30902099609375,298.04998779296875,309.5,290.0,303.75,1030779
2020-03-19,298.67230224609375,303.5,311.1000061035156,266.1000061035156,290.0,1109364
2020-03-20,299.31201171875,304.1499938964844,312.0,292.04998779296875,300.0,663398
2020-03-23,239.6759490966797,243.5500030517578,364.0,243.35000610351562,279.0,502365
2020-03-24,240.1187744140625,244.0,279.0,235.0,253.8000030517578,518726
2020-03-25,259.9482727050781,264.1499938964844,276.0,220.0,235.0,883910
2020-03-26,266.8861389160156,271.20001220703125,285.0,251.0,258.5,1186205
2020-03-27,258.6689147949219,262.8500061035156,285.0,253.25,280.0,626953
2020-03-30,258.029296875,262.20001220703125,287.0,250.0,254.0,833162
2020-03-31,263.933837890625,268.20001220703125,277.5,259.5,268.8999938964844,382221
2020-04-01,264.22906494140625,268.5,274.5,264.0,271.0,198630
2020-04-03,269.001953125,273.3500061035156,279.0,259.0,268.0,524807
2020-04-07,287.15838623046875,291.79998779296875,296.79998779296875,273.04998779296875,284.0,1677685
2020-04-08,286.1251525878906,290.75,297.79998779296875,285.0,292.70001220703125,534535
2020-04-09,307.6275939941406,312.6000061035156,318.70001220703125,294.1000061035156,295.0,2065192
2020-04-13,308.8084716796875,313.79998779296875,319.0,299.29998779296875,319.0,636883
2020-04-15,301.23101806640625,306.1000061035156,317.95001220703125,302.0,317.0,867845
2020-04-16,313.4337158203125,318.5,323.70001220703125,301.3999938964844,303.5,840151
2020-04-17,322.5858154296875,327.79998779296875,329.8999938964844,312.3500061035156,322.75,1016401
2020-04-20,303.8880310058594,308.79998779296875,327.6499938964844,307.20001220703125,327.6499938964844,734529
2020-04-21,291.7837219238281,296.5,314.1000061035156,292.0,311.0,800969
2020-04-22,290.1107177734375,294.79998779296875,299.8500061035156,287.3999938964844,295.0,522860
2020-04-23,292.71856689453125,297.45001220703125,303.45001220703125,295.45001220703125,296.0,603576
2020-04-24,280.90948486328125,285.45001220703125,294.79998779296875,283.1499938964844,294.79998779296875,369066
2020-04-27,291.1932067871094,295.8999938964844,298.5,285.1000061035156,286.45001220703125,588101
2020-04-28,285.2394714355469,289.8500061035156,302.0,287.3500061035156,299.0,404091
2020-04-29,293.9978942871094,298.75,306.29998779296875,291.70001220703125,291.70001220703125,692987
2020-04-30,289.4219055175781,294.1000061035156,305.95001220703125,292.54998779296875,302.0,722062
2020-05-04,311.3179626464844,316.3500061035156,323.6000061035156,303.0,310.0,4922016
2020-05-05,288.8313903808594,293.5,325.0,290.0,316.0,2397812
2020-05-06,292.7677917480469,297.5,302.0,279.95001220703125,290.0,965091
2020-05-07,300.93572998046875,305.79998779296875,312.0,303.1000061035156,306.0,1171995
2020-05-08,299.2628173828125,304.1000061035156,312.0,301.25,307.0,1021737
2020-05-11,299.0167541503906,303.8500061035156,309.29998779296875,302.5,307.5,444366
2020-05-12,293.2598571777344,298.0,300.95001220703125,294.0,299.1000061035156,448455
2020-05-13,301.32940673828125,306.20001220703125,309.0,298.5,309.0,548428
2020-05-14,308.1688537597656,313.1499938964844,318.8999938964844,300.6000061035156,300.6000061035156,2008306
2020-05-15,306.9879455566406,311.95001220703125,318.5,309.04998779296875,313.1499938964844,724188
2020-05-18,298.0818786621094,302.8999938964844,312.8999938964844,296.1499938964844,312.5,731966
2020-05-19,295.6708984375,300.45001220703125,307.8500061035156,298.0,304.8999938964844,259975
2020-05-20,293.3582458496094,298.1000061035156,306.5,294.1499938964844,301.0,679013
2020-05-21,301.2801818847656,306.1499938964844,307.6000061035156,298.5,300.0,465869
2020-05-22,303.10076904296875,308.0,312.70001220703125,304.1000061035156,306.25,491353
2020-05-26,312.2528381347656,317.29998779296875,319.70001220703125,311.0,311.04998779296875,1288447
2020-05-27,312.59722900390625,317.6499938964844,321.79998779296875,310.0,319.3500061035156,737303
2020-05-28,316.3860168457031,321.5,324.0,313.3999938964844,316.8999938964844,2330970
2020-05-29,324.9968566894531,330.25,338.70001220703125,315.6000061035156,318.0,1912152
2020-06-01,334.7393493652344,340.1499938964844,344.79998779296875,332.0,335.0,1452576
2020-06-02,335.1821594238281,340.6000061035156,348.0,336.3500061035156,343.5,1106917
2020-06-03,339.0201416015625,344.5,349.75,341.6000061035156,347.0,730649
2020-06-04,335.0345764160156,340.45001220703125,348.0,335.29998779296875,346.0,709818
2020-06-05,340.2994689941406,345.79998779296875,355.0,339.20001220703125,339.20001220703125,1022824
2020-06-08,345.46600341796875,351.04998779296875,361.0,346.6000061035156,356.04998779296875,861692
2020-06-09,337.9376220703125,343.3999938964844,356.0,341.5,353.70001220703125,633766
2020-06-10,336.80596923828125,342.25,350.1499938964844,341.0,345.54998779296875,213055
2020-06-11,333.4108581542969,338.79998779296875,346.79998779296875,334.0,343.95001220703125,384810
2020-06-12,336.0187072753906,341.45001220703125,345.0,321.95001220703125,323.0,387549
2020-06-15,338.47894287109375,343.95001220703125,353.20001220703125,338.04998779296875,343.3999938964844,957593
2020-06-16,357.37353515625,363.1499938964844,367.45001220703125,343.6000061035156,346.8999938964844,1592225
2020-06-17,354.3720397949219,360.1000061035156,369.45001220703125,355.54998779296875,359.8999938964844,915926
2020-06-18,363.32733154296875,369.20001220703125,373.8999938964844,358.29998779296875,359.8999938964844,823225
2020-06-19,363.4256286621094,369.29998779296875,376.0,366.25,373.0,663598
2020-06-22,358.7512512207031,364.54998779296875,372.5,361.8500061035156,372.5,430539
2020-06-23,379.4171447753906,385.54998779296875,393.70001220703125,364.6499938964844,365.0,936814
2020-06-24,373.0697937011719,379.1000061035156,387.29998779296875,376.25,380.0,516514
2020-06-25,373.0205993652344,379.04998779296875,383.8999938964844,370.6499938964844,370.6499938964844,262584
2020-06-26,373.2174377441406,379.25,387.1499938964844,377.0,380.0,370837
2020-06-29,357.27508544921875,363.04998779296875,380.6000061035156,361.25,380.6000061035156,331101
2020-06-30,367.55889892578125,373.5,376.5,361.1499938964844,367.29998779296875,399065
2020-07-01,365.4922790527344,371.3999938964844,377.0,369.6499938964844,375.5,181284
2020-07-02,366.7716369628906,372.70001220703125,377.8999938964844,370.79998779296875,373.0,209026
2020-07-03,363.7209167480469,369.6000061035156,374.45001220703125,366.1000061035156,373.5,175203
2020-07-06,360.3258056640625,366.1499938964844,373.0,364.0,372.0,287419
2020-07-07,360.7194519042969,366.54998779296875,369.70001220703125,363.54998779296875,369.70001220703125,691739
2020-07-08,364.90179443359375,370.79998779296875,384.3999938964844,365.79998779296875,369.0,1261068
2020-07-09,372.18414306640625,378.20001220703125,381.0,372.79998779296875,372.79998779296875,486968
2020-07-10,374.34912109375,380.3999938964844,382.5,374.1000061035156,380.79998779296875,518994
2020-07-13,374.7919921875,380.8500061035156,390.0,377.04998779296875,382.8999938964844,749003
2020-07-14,373.0697937011719,379.1000061035156,387.45001220703125,375.25,383.0,402402
2020-07-15,375.9728698730469,382.04998779296875,384.29998779296875,379.5,380.04998779296875,276682
2020-07-16,370.90478515625,376.8999938964844,383.0,367.04998779296875,382.0,457110
2020-07-17,384.9280700683594,391.1499938964844,393.70001220703125,377.0,377.54998779296875,558563
2020-07-20,399.8863220214844,406.3500061035156,408.79998779296875,392.5,396.5,1002926
2020-07-21,398.4102478027344,404.8500061035156,410.3999938964844,398.04998779296875,407.8999938964844,448014
2020-07-22,388.47088623046875,394.75,411.6499938964844,389.0,406.25,697780
2020-07-23,390.5374755859375,396.8500061035156,414.0,389.0,398.70001220703125,2024930
2020-07-24,387.5359802246094,393.79998779296875,400.1499938964844,384.0,390.1000061035156,700517
2020-07-27,374.54595947265625,380.6000061035156,397.79998779296875,377.6000061035156,395.0,393692
2020-07-28,376.5633239746094,382.6499938964844,388.3999938964844,375.25,380.0,332897
2020-07-29,369.3302307128906,375.29998779296875,389.0,374.0,382.8999938964844,338908
2020-07-30,361.6051330566406,367.45001220703125,383.0,366.1000061035156,376.0,364464
2020-07-31,362.638427734375,368.5,374.0,363.70001220703125,370.1000061035156,357792
2020-08-03,357.3243103027344,363.1000061035156,368.6499938964844,360.5,366.0,279259
2020-08-04,368.83819580078125,374.79998779296875,376.95001220703125,367.45001220703125,374.0,288602
2020-08-05,378.43310546875,384.54998779296875,390.29998779296875,376.6000061035156,377.95001220703125,578009
2020-08-06,373.6602783203125,379.70001220703125,387.70001220703125,377.1499938964844,387.6000061035156,238351
2020-08-07,380.2536926269531,386.3999938964844,388.5,377.0,377.79998779296875,275429
2020-08-10,378.9251403808594,385.04998779296875,389.70001220703125,382.1000061035156,388.0,210456
2020-08-11,371.79046630859375,377.79998779296875,388.5,375.5,385.8999938964844,211748
2020-08-12,377.0061950683594,383.1000061035156,385.0,376.8999938964844,377.0,223960
2020-08-13,395.3594970703125,401.75,405.45001220703125,384.0,385.0,754290
2020-08-14,391.57073974609375,397.8999938964844,406.8999938964844,389.5,405.0,478459
2020-08-17,384.04248046875,390.25,400.0,384.1499938964844,400.0,219290
2020-08-18,385.7154235839844,391.95001220703125,396.75,387.6499938964844,390.6499938964844,183324
2020-08-19,396.5404968261719,402.95001220703125,405.0,390.0,390.0,280420
2020-08-20,396.29443359375,402.70001220703125,415.0,395.6499938964844,400.0,611961
2020-08-21,399.16253662109375,403.6000061035156,414.5,400.0,414.5,274684
2020-08-24,403.6625061035156,408.1499938964844,411.29998779296875,405.04998779296875,408.25,172777
2020-08-25,405.39324951171875,409.8999938964844,411.3500061035156,401.45001220703125,411.0,315672
2020-08-26,402.6240234375,407.1000061035156,413.8999938964844,404.1000061035156,409.8999938964844,165065
2020-08-27,416.17340087890625,420.79998779296875,423.0,402.8500061035156,409.95001220703125,982213
2020-08-28,408.55804443359375,413.1000061035156,429.8999938964844,410.1000061035156,425.0,527852
2020-08-31,397.3822937011719,401.79998779296875,416.6499938964844,390.1000061035156,411.0,538970
2020-09-01,403.7614440917969,408.25,416.1000061035156,397.8500061035156,399.8999938964844,241284
2020-09-02,397.9757080078125,402.3999938964844,411.0,398.1000061035156,410.0,186812
2020-09-03,396.8877868652344,401.29998779296875,410.0,398.3500061035156,404.20001220703125,137515
2020-09-04,402.27789306640625,406.75,415.0,397.8999938964844,398.0,343897
2020-09-07,393.1790466308594,397.54998779296875,409.8500061035156,395.5,409.29998779296875,110966
2020-09-08,387.5911560058594,391.8999938964844,402.1000061035156,390.1000061035156,398.0,636130
2020-09-09,385.4648132324219,389.75,394.5,376.3999938964844,392.6000061035156,842765
2020-09-10,378.69012451171875,382.8999938964844,400.29998779296875,381.29998779296875,396.5,367777
2020-09-11,389.6680603027344,394.0,397.3500061035156,382.5,386.1000061035156,619071
2020-09-14,409.89324951171875,414.45001220703125,418.79998779296875,400.0,405.25,811593
2020-09-15,439.316162109375,444.20001220703125,447.3999938964844,415.54998779296875,416.5,1762001
2020-09-16,464.0907287597656,469.25,472.0,433.3500061035156,445.8999938964844,1680642
2020-09-17,452.51934814453125,457.54998779296875,462.95001220703125,445.0,460.0,516735
2020-09-18,447.1787414550781,452.1499938964844,463.0,451.0,461.70001220703125,646274
2020-09-21,416.3712463378906,421.0,455.95001220703125,415.5,451.0,404884
2020-09-22,414.6405029296875,419.25,438.0,399.20001220703125,421.6000061035156,542289
2020-09-23,409.4976501464844,414.04998779296875,428.0,405.6000061035156,422.6000061035156,224281
2020-09-24,393.4263000488281,397.79998779296875,413.5,393.0,413.5,393168
2020-09-25,400.2999267578125,404.75,408.0,393.54998779296875,404.75,414544
2020-09-28,410.3382568359375,414.8999938964844,417.45001220703125,404.54998779296875,407.3500061035156,389159
2020-09-29,395.7504577636719,400.1499938964844,417.79998779296875,398.0,417.0,379989
2020-09-30,401.8328552246094,406.29998779296875,414.95001220703125,402.0,402.0,336156
2020-10-01,399.55816650390625,404.0,413.79998779296875,402.0,410.25,231584
2020-10-05,402.1789855957031,406.6499938964844,409.0,402.1499938964844,406.6000061035156,148720
2020-10-06,422.1074523925781,426.79998779296875,433.6000061035156,404.1000061035156,406.95001220703125,818373
2020-10-07,417.26129150390625,421.8999938964844,431.79998779296875,419.45001220703125,430.0,375426
2020-10-08,410.0910339355469,414.6499938964844,434.0,411.0,420.04998779296875,336935
2020-10-09,408.2613525390625,412.79998779296875,418.45001220703125,410.20001220703125,414.1000061035156,125538
2020-10-12,410.88226318359375,415.45001220703125,420.5,405.29998779296875,410.0,275190
2020-10-13,411.37677001953125,415.95001220703125,419.3999938964844,406.79998779296875,411.0,455213
2020-10-14,413.255859375,417.8500061035156,422.0,412.1000061035156,417.54998779296875,103787
2020-10-15,412.95916748046875,417.54998779296875,428.54998779296875,402.6499938964844,421.0,491649
2020-10-16,419.23931884765625,423.8999938964844,426.70001220703125,414.5,421.8999938964844,141591
2020-10-19,420.7723083496094,425.45001220703125,428.1499938964844,420.1000061035156,420.1000061035156,154266
2020-10-20,420.8217468261719,425.5,429.0,384.0,425.95001220703125,146785
2020-10-21,431.9974670410156,436.79998779296875,442.3999938964844,421.04998779296875,429.5,282270
2020-10-22,444.5084533691406,449.45001220703125,455.70001220703125,430.79998779296875,438.0,820070
2020-10-23,442.9754943847656,447.8999938964844,457.0,443.5,453.95001220703125,347949
2020-10-26,435.3601379394531,440.20001220703125,449.8999938964844,437.0,447.8999938964844,193868
2020-10-27,440.55242919921875,445.45001220703125,448.3999938964844,434.5,442.0,285672
2020-10-28,448.9095153808594,453.8999938964844,460.0,442.1499938964844,444.70001220703125,632043
2020-10-29,440.7996520996094,445.70001220703125,453.8999938964844,438.0,453.8999938964844,255032
2020-10-30,432.1952819824219,437.0,454.25,432.25,447.79998779296875,161669
2020-11-02,417.2118835449219,421.8500061035156,443.04998779296875,418.5,433.0,331293
2020-11-03,415.6789245605469,420.29998779296875,430.6000061035156,418.45001220703125,426.0,188732
2020-11-04,434.9645080566406,439.79998779296875,442.0,426.1000061035156,427.5,313286
2020-11-05,431.84918212890625,436.6499938964844,446.6499938964844,434.0,446.0,193360
2020-11-06,430.46453857421875,435.25,439.8999938964844,433.0,436.0,209857
2020-11-09,442.283203125,447.20001220703125,449.0,437.0,437.0,233549
2020-11-10,453.7061462402344,458.75,471.75,444.5,450.0,1141863
2020-11-11,457.61279296875,462.70001220703125,470.0,443.6000061035156,458.75,299834
2020-11-12,453.7061462402344,458.75,465.5,456.20001220703125,465.5,207511
2020-11-13,446.33807373046875,451.29998779296875,458.70001220703125,449.0,455.0,203356
2020-11-14,459.2940368652344,464.3999938964844,465.5,452.0,454.8500061035156,137831
2020-11-17,448.4644470214844,453.45001220703125,466.04998779296875,451.6499938964844,464.3999938964844,302260
2020-11-18,448.21722412109375,453.20001220703125,456.0,452.3999938964844,453.6499938964844,118772
2020-11-19,441.294189453125,446.20001220703125,456.0,445.0,453.20001220703125,196396
2020-11-20,444.5084533691406,449.45001220703125,455.95001220703125,444.3500061035156,450.04998779296875,142798
2020-11-23,441.294189453125,446.20001220703125,454.45001220703125,443.0,449.45001220703125,197433
2020-11-24,444.85455322265625,449.79998779296875,451.54998779296875,446.0,446.0,159092
2020-11-25,437.9809875488281,442.8500061035156,452.04998779296875,441.0,450.0,164585
2020-11-26,440.0084533691406,444.8999938964844,451.1000061035156,440.1000061035156,445.8999938964844,179587
2020-11-27,449.5028991699219,454.5,455.0,444.79998779296875,445.95001220703125,649303
2020-12-01,448.1677551269531,453.1499938964844,465.0,450.6499938964844,459.0,260624
2020-12-02,447.1293029785156,452.1000061035156,465.5,449.6000061035156,455.0,295894
2020-12-03,459.2940368652344,464.3999938964844,469.8999938964844,453.1000061035156,457.6000061035156,642080
2020-12-04,468.4423522949219,473.6499938964844,485.0,466.6499938964844,468.8999938964844,933327
2020-12-07,466.0193176269531,471.20001220703125,479.45001220703125,469.04998779296875,475.8999938964844,238079
2020-12-08,455.8324890136719,460.8999938964844,475.70001220703125,457.1000061035156,473.3999938964844,337449
2020-12-09,456.7720947265625,461.8500061035156,467.6499938964844,459.04998779296875,464.54998779296875,156329
2020-12-10,453.80511474609375,458.8500061035156,464.8500061035156,452.75,460.79998779296875,177451
2020-12-11,450.2446594238281,455.25,466.0,454.0,459.79998779296875,195651
2020-12-14,454.9918518066406,460.04998779296875,465.45001220703125,457.79998779296875,457.79998779296875,167982
2020-12-15,458.99737548828125,464.1000061035156,465.0,458.1000061035156,459.8999938964844,184280
2020-12-16,455.4369201660156,460.5,468.6000061035156,458.6000061035156,466.79998779296875,109284
2020-12-17,452.8160705566406,457.8500061035156,466.0,455.3999938964844,461.0,116755
2020-12-18,453.7061462402344,458.75,475.79998779296875,453.20001220703125,460.0,686112
2020-12-21,442.3820495605469,447.29998779296875,464.5,422.0,456.5,258411
2020-12-22,438.03045654296875,442.8999938964844,451.79998779296875,427.5,441.95001220703125,221944
2020-12-23,444.3600769042969,449.29998779296875,464.8500061035156,445.0,445.0,155135
2020-12-24,443.8161315917969,448.75,455.5,446.25,454.29998779296875,214489
2020-12-28,443.3216247558594,448.25,454.1499938964844,445.0,450.1000061035156,151081
2020-12-29,442.0853576660156,447.0,452.3999938964844,443.0,448.25,178932
2020-12-30,446.6842041015625,451.6499938964844,462.0,446.0,452.0,695349
2020-12-31,452.2720947265625,457.29998779296875,461.0,450.8999938964844,453.45001220703125,350084
2021-01-01,451.4809265136719,456.5,459.6000061035156,452.75,459.0,173649
2021-01-04,457.06878662109375,462.1499938964844,465.95001220703125,453.1000061035156,459.0,395542
2021-01-05,459.1457214355469,464.25,466.3999938964844,454.6000061035156,461.1000061035156,370475
2021-01-06,475.9093933105469,481.20001220703125,484.25,461.95001220703125,466.0,1466153
2021-01-07,482.68402099609375,488.04998779296875,496.3500061035156,478.3999938964844,485.0,1241560
2021-01-08,503.0575256347656,508.6499938964844,515.0,493.0,493.70001220703125,1917277
2021-01-11,499.4476623535156,505.0,514.0,500.5,514.0,621852
2021-01-12,501.47515869140625,507.04998779296875,522.5499877929688,503.04998779296875,507.54998779296875,918013
2021-01-13,501.9695739746094,507.54998779296875,517.5999755859375,505.25,508.95001220703125,433606
2021-01-14,503.1564636230469,508.75,519.9500122070312,506.29998779296875,508.6000061035156,406968
2021-01-15,500.288330078125,505.8500061035156,510.8999938964844,502.8500061035156,510.5,191201
2021-01-18,489.75543212890625,495.20001220703125,504.8999938964844,485.0,503.1499938964844,339365
2021-01-19,511.859619140625,517.5499877929688,522.3499755859375,496.0,497.70001220703125,500571
2021-01-20,503.7498474121094,509.3500061035156,529.8499755859375,504.04998779296875,524.7000122070312,538600
2021-01-21,501.7718505859375,507.3500061035156,519.0,503.3500061035156,503.3500061035156,262383
2021-01-22,509.18939208984375,514.8499755859375,521.9000244140625,505.70001220703125,510.3999938964844,570677
2021-01-25,493.6125793457031,499.1000061035156,520.75,496.25,518.0,209924
2021-01-27,492.8212890625,498.29998779296875,504.79998779296875,480.8500061035156,500.5,211866
2021-01-28,490.0520935058594,495.5,512.7999877929688,485.8999938964844,492.0,686353
2021-01-29,484.0686340332031,489.45001220703125,507.95001220703125,485.5,497.1000061035156,340348
2021-02-01,507.0630187988281,512.7000122070312,515.0999755859375,490.6000061035156,495.0,452817
2021-02-02,515.1729125976562,520.9000244140625,541.9000244140625,507.6499938964844,517.0,930012
2021-02-03,531.9365234375,537.8499755859375,548.7999877929688,517.0,522.9500122070312,762143
2021-02-04,519.6728515625,525.4500122070312,543.0,522.0999755859375,543.0,744605
2021-02-05,507.4585876464844,513.0999755859375,536.9000244140625,507.0,525.2000122070312,387769
2021-02-08,514.4805908203125,520.2000122070312,523.4500122070312,505.54998779296875,513.5499877929688,361982
2021-02-09,510.5245361328125,516.2000122070312,522.75,515.0,520.0499877929688,218849
2021-02-10,515.5189819335938,521.25,527.5999755859375,516.2000122070312,519.8499755859375,491493
2021-02-11,520.365234375,526.1500244140625,527.7000122070312,517.25,523.5,178204
2021-02-12,537.3265380859375,543.2999877929688,548.4000244140625,520.0499877929688,527.9500122070312,568368
2021-02-15,562.9912719726562,569.25,574.0,547.0499877929688,549.8499755859375,893256
2021-02-16,557.0078125,563.2000122070312,580.7000122070312,558.0,571.5,496907
2021-02-17,557.0572509765625,563.25,568.0,559.7999877929688,564.0,164941
2021-02-18,556.11767578125,562.2999877929688,573.9500122070312,558.5499877929688,562.0,312050
2021-02-19,549.0957641601562,555.2000122070312,565.8499755859375,551.2000122070312,564.75,416840
2021-02-22,554.7330322265625,560.9000244140625,568.25,543.2999877929688,556.9000244140625,266538
2021-02-23,548.3045043945312,554.4000244140625,565.4500122070312,551.75,562.0,160643
2021-02-24,551.6176147460938,557.75,576.7999877929688,541.0,555.0999755859375,113072
2021-02-25,561.9033203125,568.1500244140625,569.5,558.25,558.2999877929688,229577
2021-02-26,563.3869018554688,569.6500244140625,576.4000244140625,555.5499877929688,564.0,235162
2021-03-01,588.1119995117188,594.6500244140625,599.8499755859375,560.0,579.9500122070312,441246
2021-03-02,607.3480834960938,614.0999755859375,618.0,592.5,606.0,481321
2021-03-03,597.95263671875,604.5999755859375,627.7999877929688,597.0,618.0,471415
2021-03-04,610.1668090820312,616.9500122070312,623.75,596.0,601.0,384840
2021-03-05,581.7823486328125,588.25,616.0,580.9500122070312,616.0,385060
2021-03-08,573.0791015625,579.4500122070312,650.0,571.0,586.5,402718
2021-03-09,567.9363403320312,574.25,595.9500122070312,569.75,577.0499877929688,399475
2021-03-10,561.4088745117188,567.6500244140625,584.9500122070312,565.0,581.0,315123
2021-03-12,565.9583129882812,572.25,587.6500244140625,568.0,571.8499755859375,434321
2021-03-15,546.6232299804688,552.7000122070312,579.9000244140625,538.0499877929688,574.7999877929688,434867
2021-03-16,553.2990112304688,559.4500122070312,564.75,544.6500244140625,557.5499877929688,357770
2021-03-17,537.821044921875,543.7999877929688,562.0,537.25,560.0,138799
2021-03-18,532.9254150390625,538.8499755859375,559.9500122070312,533.5,559.9500122070312,299487
2021-03-19,526.2496948242188,532.0999755859375,544.8499755859375,516.0,535.0,322611
2021-03-22,524.91455078125,530.75,540.0,527.1500244140625,534.9000244140625,155423
2021-03-23,559.3319091796875,565.5499877929688,577.3499755859375,530.0,536.0,747016
2021-03-24,547.9583740234375,554.0499877929688,577.1500244140625,545.0999755859375,563.0,375089
2021-03-25,536.8320922851562,542.7999877929688,555.2000122070312,536.4000244140625,555.0,258312
2021-03-26,554.3375244140625,560.5,565.0,547.1500244140625,549.0,253012
2021-03-30,557.650634765625,563.8499755859375,577.0,559.25,565.0,329951
2021-03-31,553.8923950195312,560.0499877929688,569.0,552.0999755859375,566.9500122070312,204073
2021-04-01,558.8867797851562,565.0999755859375,569.0,560.0,561.0,139383
2021-04-05,542.3705444335938,548.4000244140625,565.0,544.0499877929688,565.0,154023
2021-04-06,542.1727294921875,548.2000122070312,560.0,545.0499877929688,553.7999877929688,167169
2021-04-07,536.2387084960938,542.2000122070312,553.7000122070312,540.0,548.5999755859375,235581
2021-04-08,538.9584350585938,544.9500122070312,555.0,543.0,544.9000244140625,164954
2021-04-09,537.17822265625,543.1500244140625,551.7999877929688,541.0,542.0,104712
2021-04-12,505.43115234375,511.04998779296875,539.9000244140625,495.6499938964844,539.9000244140625,293666
2021-04-13,512.6014404296875,518.2999877929688,527.6500244140625,508.0,508.6000061035156,244988
2021-04-15,503.40374755859375,509.0,518.9500122070312,505.0,516.0999755859375,124606
2021-04-16,510.5245361328125,516.2000122070312,520.2000122070312,505.0,509.70001220703125,128391
2021-04-19,494.7498779296875,500.25,515.0,494.0,515.0,194564
2021-04-20,507.9036560058594,513.5499877929688,523.9500122070312,501.0,501.0,172906
2021-04-22,505.5794982910156,511.20001220703125,515.2999877929688,506.04998779296875,508.20001220703125,75144
2021-04-23,510.2773132324219,515.9500122070312,520.8499755859375,507.04998779296875,510.04998779296875,99866
2021-04-26,513.244384765625,518.9500122070312,527.4000244140625,511.04998779296875,519.0499877929688,135368
2021-04-27,540.4419555664062,546.4500122070312,550.0,522.0,531.0,349261
2021-04-28,560.716552734375,566.9500122070312,570.9000244140625,545.0,550.0,506814
2021-04-29,568.2329711914062,574.5499877929688,576.0499877929688,567.6500244140625,574.0,379714
2021-04-30,561.1121215820312,567.3499755859375,582.9500122070312,563.2000122070312,574.5,166675
2021-05-03,555.9692993164062,562.1500244140625,568.5999755859375,550.0,565.5,136059
2021-05-04,555.9692993164062,562.1500244140625,575.5499877929688,557.9000244140625,568.9500122070312,224390
2021-05-05,548.9473876953125,555.0499877929688,566.0,551.5499877929688,562.1500244140625,105169
2021-05-06,554.1396484375,560.2999877929688,564.0,556.0,557.8499755859375,92325
2021-05-07,548.4034423828125,554.5,567.5499877929688,545.9500122070312,563.1500244140625,113646
2021-05-10,549.343017578125,555.4500122070312,575.25,545.0499877929688,545.25,140986
2021-05-11,563.1890869140625,569.4500122070312,573.0999755859375,550.2999877929688,555.0999755859375,156294
2021-05-12,564.0296630859375,570.2999877929688,579.0,564.9000244140625,574.9000244140625,143062
2021-05-14,540.2440795898438,546.25,574.9500122070312,545.0,570.2999877929688,256437
2021-05-17,537.9200439453125,543.9000244140625,553.7999877929688,537.0999755859375,548.8499755859375,231730
2021-05-18,549.343017578125,555.4500122070312,567.0,545.0999755859375,545.0999755859375,250898
2021-05-19,552.6067504882812,558.75,570.5,551.2999877929688,561.5999755859375,258482
2021-05-20,593.2053833007812,599.7999877929688,606.9000244140625,555.5,555.5,2076956
2021-05-21,582.7713623046875,589.25,620.0,584.0,609.0,1008026
2021-05-24,579.7548828125,586.2000122070312,597.6500244140625,580.0,597.0,325701
2021-05-25,579.7548828125,586.2000122070312,596.5499877929688,585.0,586.2000122070312,271417
2021-05-26,581.4856567382812,587.9500122070312,591.2999877929688,575.5499877929688,588.7999877929688,340152
2021-05-27,619.6613159179688,626.5499877929688,639.0999755859375,591.2999877929688,599.0,1268484
2021-05-28,603.7877197265625,610.5,643.0,605.0499877929688,643.0,756188
2021-05-31,603.5404663085938,610.25,631.6500244140625,608.0,611.5999755859375,528981
2021-06-01,610.06787109375,616.8499755859375,634.0,607.0,616.0,2792922
2021-06-02,621.490966796875,628.4000244140625,630.0,609.1500244140625,616.0,737820
2021-06-03,638.3041381835938,645.4000244140625,666.9500122070312,627.0,632.5,1815610
2021-06-04,641.4193725585938,648.5499877929688,663.7999877929688,642.2000122070312,649.0,1211406
2021-06-07,697.49609375,705.25,742.2999877929688,651.5,652.0999755859375,4287619
2021-06-08,700.6113891601562,708.4000244140625,717.4000244140625,688.0,708.5,1375303
2021-06-09,675.34228515625,682.8499755859375,712.7000122070312,673.0499877929688,709.0,616604
2021-06-10,703.6278686523438,711.4500122070312,716.4500122070312,689.9000244140625,689.9000244140625,705151
2021-06-11,703.0838623046875,710.9000244140625,718.0,707.25,712.0999755859375,366747
2021-06-14,705.1608276367188,713.0,731.9500122070312,701.9500122070312,710.9000244140625,588818
2021-06-15,730.7265014648438,738.8499755859375,746.2999877929688,706.5,706.5,897816
2021-06-16,724.79248046875,732.8499755859375,739.7000122070312,721.6500244140625,727.0,327231
2021-06-17,773.4021606445312,782.0,803.8499755859375,728.4500122070312,734.0,4116517
2021-06-18,780.1272583007812,788.7999877929688,794.9000244140625,745.2999877929688,788.0,2642584
2021-06-21,763.0176391601562,771.5,786.8499755859375,761.4500122070312,770.0,547819
2021-06-22,785.8141479492188,794.5499877929688,800.0,777.6500244140625,800.0,925120
2021-06-23,794.6657104492188,803.5,825.0,781.9500122070312,797.0,1050718
2021-06-24,771.2757568359375,779.8499755859375,815.9000244140625,771.5499877929688,803.5,435756
2021-06-25,759.0121459960938,767.4500122070312,791.9500122070312,765.0,782.0999755859375,268696
2021-06-28,769.0010375976562,777.5499877929688,783.2999877929688,767.5,767.5,1059533
2021-06-29,757.5779418945312,766.0,781.3499755859375,762.0999755859375,778.0,346928
2021-06-30,750.7538452148438,759.0999755859375,774.6500244140625,753.0999755859375,772.0999755859375,192882
2021-07-01,743.88037109375,752.1500244140625,764.25,746.4500122070312,755.2999877929688,318712
2021-07-02,753.1275634765625,761.5,780.0,751.3499755859375,755.9500122070312,1230577
2021-07-05,750.7538452148438,759.0999755859375,770.0,755.0,768.2000122070312,189716
2021-07-06,734.9298095703125,743.0999755859375,767.0,736.5,759.0,689560
2021-07-07,743.73193359375,752.0,760.0,740.0999755859375,743.0999755859375,166112
2021-07-08,752.4352416992188,760.7999877929688,764.9500122070312,752.0,755.7999877929688,163637
2021-07-09,769.6439208984375,778.2000122070312,785.0,754.0499877929688,764.4000244140625,468299
2021-07-12,772.1163940429688,780.7000122070312,788.4500122070312,771.4000244140625,781.0,202493
2021-07-13,762.8692016601562,771.3499755859375,787.7000122070312,766.0499877929688,782.7999877929688,151133
2021-07-14,765.292236328125,773.7999877929688,780.0,756.1500244140625,765.5,204295
2021-07-15,749.46826171875,757.7999877929688,773.9000244140625,751.1500244140625,772.5999755859375,167689
2021-07-16,782.0559692382812,790.75,799.4000244140625,761.5999755859375,761.5999755859375,639982
2021-07-19,818.8964233398438,828.0,846.8499755859375,781.7000122070312,790.0,1994126
2021-07-20,802.627197265625,811.5499877929688,835.0,802.0999755859375,834.8499755859375,490210
2021-07-22,834.1271362304688,843.4000244140625,855.8499755859375,815.8499755859375,818.5,914925
2021-07-23,852.2258911132812,861.7000122070312,874.7999877929688,842.4000244140625,847.0,935817
2021-07-26,836.8963012695312,846.2000122070312,878.75,841.0999755859375,862.0,401600
2021-07-27,817.3634033203125,826.4500122070312,857.9500122070312,820.0999755859375,846.0,327969
2021-07-28,822.2095336914062,831.3499755859375,857.8499755859375,820.0,832.7000122070312,1326217
2021-07-29,870.7697143554688,880.4500122070312,893.0499877929688,835.5499877929688,835.5499877929688,1623581
2021-07-30,893.1707153320312,903.0999755859375,917.9000244140625,865.2999877929688,878.1500244140625,1269785
2021-08-02,883.7750854492188,893.5999755859375,913.5,885.0,910.0999755859375,560704
2021-08-03,876.9510498046875,886.7000122070312,897.9500122070312,882.2000122070312,894.4000244140625,319157
2021-08-04,875.2696533203125,885.0,898.3499755859375,868.0,894.4500122070312,453216
2021-08-05,879.275146484375,889.0499877929688,894.9000244140625,872.8499755859375,885.0,275020
2021-08-06,865.1817626953125,874.7999877929688,893.7999877929688,870.0,891.5,135667
2021-08-09,845.5006103515625,854.9000244140625,878.9500122070312,850.0,871.7000122070312,224102
2021-08-10,840.6050415039062,849.9500122070312,860.0,840.0,850.7999877929688,233278
2021-08-11,882.2421264648438,892.0499877929688,903.0,851.0,855.0999755859375,1539013
2021-08-12,924.9672241210938,935.25,945.0,905.0,905.0,1921038
2021-08-13,910.4288330078125,920.5499877929688,944.0,915.0,939.4000244140625,657090
2021-08-16,893.714599609375,903.6500244140625,923.5,900.3499755859375,916.5,248589
2021-08-17,909.7860107421875,919.9000244140625,932.7000122070312,897.0,900.0,689765
2021-08-18,894.2586059570312,904.2000122070312,925.5,890.0,922.4000244140625,817652
2021-08-20,874.6267700195312,884.3499755859375,901.0999755859375,880.0,890.0,224072
2021-08-23,848.4676513671875,857.9000244140625,898.0,848.0,891.0,250820
2021-08-24,859.0499267578125,868.5999755859375,882.7000122070312,833.0,851.1500244140625,619112
2021-08-25,869.63232421875,879.2999877929688,888.0,868.25,869.7999877929688,163323
2021-08-26,875.3685302734375,885.0999755859375,908.9000244140625,871.25,872.4000244140625,694907
2021-08-27,855.88525390625,865.4000244140625,885.0,860.0,885.0,287234
2021-08-30,872.9949340820312,882.7000122070312,891.8499755859375,867.4500122070312,870.0,175659
2021-08-31,864.5390014648438,874.1500244140625,892.0,871.0999755859375,882.0,167601
2021-09-01,870.86865234375,880.5499877929688,886.5999755859375,859.75,878.0,192836
2021-09-02,888.0773315429688,897.9500122070312,923.9000244140625,888.0,888.0,935715
2021-09-03,884.863037109375,894.7000122070312,911.7999877929688,889.0999755859375,900.0,390231
2021-09-06,893.714599609375,903.6500244140625,912.5,894.7000122070312,895.0,244098
2021-09-07,886.59375,896.4500122070312,927.7999877929688,890.25,906.0,468231
2021-09-08,883.330078125,893.1500244140625,909.5999755859375,886.0,897.7000122070312,287870
2021-09-09,899.1541748046875,909.1500244140625,914.0499877929688,886.7000122070312,886.7000122070312,321527
2021-09-13,887.7310791015625,897.5999755859375,908.9500122070312,895.0,908.9500122070312,178203
2021-09-14,885.2091674804688,895.0499877929688,925.0,890.0999755859375,900.75,575101
2021-09-15,892.9234008789062,902.8499755859375,905.0,895.0,901.5999755859375,181515
2021-09-16,897.2255859375,907.2000122070312,918.8499755859375,898.2000122070312,903.4000244140625,388406
2021-09-17,914.6815185546875,924.8499755859375,958.0,906.5499877929688,915.0,1901858
2021-09-20,923.2090454101562,931.0499877929688,965.0,903.6500244140625,917.0,1082144
2021-09-21,879.8275146484375,887.2999877929688,929.0,882.25,923.0999755859375,1384369
2021-09-22,880.819091796875,888.2999877929688,919.75,884.2000122070312,895.0,2018678
2021-09-23,892.8668212890625,900.4500122070312,917.9000244140625,894.8499755859375,900.0,998824
2021-09-24,885.7274780273438,893.25,911.5,885.0999755859375,904.25,406215
2021-09-27,893.0651245117188,900.6500244140625,911.0,893.25,896.0,257946
2021-09-28,897.6759033203125,905.2999877929688,913.9000244140625,897.6500244140625,905.0,407847
2021-09-29,878.2905883789062,885.75,903.5,882.5,903.5,247573
2021-09-30,873.58056640625,881.0,907.0,876.0,893.6500244140625,472213
2021-10-01,889.0491943359375,896.5999755859375,902.4000244140625,864.0499877929688,879.9000244140625,530082
2021-10-04,902.7825927734375,910.4500122070312,915.0,898.1500244140625,902.5,410173
2021-10-05,897.3784790039062,905.0,939.7000122070312,899.25,909.7000122070312,869891
2021-10-06,940.4130249023438,948.4000244140625,959.0,907.0,907.0,1878239
2021-10-07,960.6411743164062,968.7999877929688,988.9000244140625,954.9500122070312,961.4500122070312,1582833
2021-10-08,962.8722534179688,971.0499877929688,978.5,949.7999877929688,974.0,605225
2021-10-11,1013.3931884765625,1022.0,1030.0,970.0,974.7999877929688,1356982
2021-10-12,1163.1214599609375,1173.0,1214.800048828125,1022.5499877929688,1036.0,6592141
2021-10-13,1117.9056396484375,1127.4000244140625,1184.699951171875,1120.3499755859375,1175.0,1178176
2021-10-14,1086.0760498046875,1095.300048828125,1139.0,1063.5999755859375,1137.550048828125,515836
2021-10-18,1109.4771728515625,1118.9000244140625,1148.0,1106.6500244140625,1132.0,423026
2021-10-19,1105.0150146484375,1114.4000244140625,1174.0,1090.0,1127.949951171875,532143
2021-10-20,1105.362060546875,1114.75,1159.699951171875,1088.0,1124.0,372980
2021-10-21,1088.654052734375,1097.9000244140625,1121.5999755859375,1080.1500244140625,1115.800048828125,190368
2021-10-22,1114.9307861328125,1124.4000244140625,1145.0,1096.050048828125,1099.9000244140625,319393
2021-10-25,1106.552001953125,1115.949951171875,1128.5999755859375,1046.699951171875,1107.0,376026
2021-10-26,1100.3546142578125,1109.699951171875,1144.5,1105.0,1116.949951171875,273111
2021-10-27,1131.440673828125,1141.050048828125,1172.0,1103.199951171875,1119.5999755859375,518703
2021-10-28,1122.962646484375,1132.5,1159.800048828125,1107.050048828125,1151.0999755859375,419232
2021-10-29,1109.82421875,1119.25,1137.800048828125,1096.1500244140625,1117.0,400846
2021-11-01,1082.6053466796875,1091.800048828125,1134.0,1079.0,1124.0,379797
2021-11-02,1061.3359375,1070.3499755859375,1109.0,1055.0,1100.0,711953
2021-11-03,1012.2032470703125,1020.7999877929688,1067.5999755859375,1010.0499877929688,1051.199951171875,547069
2021-11-04,1042.7440185546875,1051.5999755859375,1059.949951171875,1020.0,1025.0,119434
2021-11-08,1063.17041015625,1072.199951171875,1090.050048828125,1032.199951171875,1052.0,475780
2021-11-09,1097.87548828125,1107.199951171875,1114.9000244140625,1072.199951171875,1077.0,724467
2021-11-10,1086.62109375,1095.8499755859375,1119.800048828125,1090.0,1100.0,251365
2021-11-11,1069.7149658203125,1078.800048828125,1104.6500244140625,1070.0,1099.9000244140625,136021
2021-11-12,1058.2620849609375,1067.25,1088.550048828125,1055.699951171875,1079.800048828125,174381
2021-11-15,1084.39013671875,1093.5999755859375,1103.0,1044.0,1072.5999755859375,293631
2021-11-16,1104.8167724609375,1114.199951171875,1144.5,1080.0,1080.0,617958
2021-11-17,1110.4190673828125,1119.8499755859375,1131.9000244140625,1106.949951171875,1117.5,346394
2021-11-18,1118.054443359375,1127.550048828125,1158.0,1115.3499755859375,1125.0,730512
2021-11-22,1095.5950927734375,1104.9000244140625,1153.949951171875,1090.0999755859375,1152.0,349962
2021-11-23,1073.532470703125,1082.6500244140625,1114.5,1073.449951171875,1090.0,336008
2021-11-24,1090.736328125,1100.0,1123.4000244140625,1087.1500244140625,1089.9000244140625,283874
2021-11-25,1100.8009033203125,1110.1500244140625,1120.0,1072.25,1097.1500244140625,296641
2021-11-26,1050.1805419921875,1059.0999755859375,1106.3499755859375,1051.050048828125,1100.0,267018
2021-11-29,1044.3798828125,1053.25,1074.5999755859375,990.2000122070312,1020.0,341245
2021-11-30,1112.8486328125,1122.300048828125,1126.9000244140625,1036.0999755859375,1036.0999755859375,487409
2021-12-01,1088.951416015625,1098.199951171875,1166.0,1091.25,1129.699951171875,371211
2021-12-02,1078.19287109375,1087.3499755859375,1110.800048828125,1077.4000244140625,1098.0,233378
2021-12-03,1067.6324462890625,1076.699951171875,1114.5999755859375,1071.25,1091.0,186523
2021-12-06,1045.817626953125,1054.699951171875,1086.050048828125,1050.0,1080.0,149327
2021-12-07,1070.4586181640625,1079.550048828125,1090.0,1055.0,1055.0,322434
2021-12-08,1100.2554931640625,1109.5999755859375,1117.5,1091.0,1091.0,316219
2021-12-09,1108.7333984375,1118.1500244140625,1129.5,1095.0999755859375,1115.25,412881
2021-12-10,1092.372314453125,1101.6500244140625,1120.3499755859375,1091.949951171875,1120.0,142823
2021-12-13,1063.864501953125,1072.9000244140625,1123.449951171875,1069.0,1106.5999755859375,274391
2021-12-14,1061.831787109375,1070.8499755859375,1087.0,1060.050048828125,1075.0,176686
2021-12-15,1088.3070068359375,1097.550048828125,1105.0999755859375,1070.8499755859375,1070.8499755859375,250074
2021-12-16,1091.5792236328125,1100.8499755859375,1109.0,1083.0,1099.0,198403
2021-12-17,1083.249755859375,1092.449951171875,1109.0999755859375,1086.0,1107.5999755859375,221259
2021-12-20,1035.9515380859375,1044.75,1092.449951171875,1020.0,1092.449951171875,276354
2021-12-21,1051.7176513671875,1060.6500244140625,1088.0,1053.800048828125,1060.0,145629
2021-12-22,1109.82421875,1119.25,1135.699951171875,1065.0,1066.0,1069293
2021-12-23,1169.715576171875,1179.6500244140625,1197.9000244140625,1120.25,1132.0,1985098
2021-12-24,1188.8529052734375,1198.949951171875,1234.0,1138.5999755859375,1181.1500244140625,2141094
2021-12-27,1144.6285400390625,1154.3499755859375,1198.949951171875,1145.0,1198.949951171875,581263
2021-12-28,1176.061767578125,1186.050048828125,1199.3499755859375,1155.0,1155.0,528540
2021-12-29,1231.986572265625,1242.449951171875,1252.0,1171.3499755859375,1186.050048828125,1321979
2021-12-30,1221.178466796875,1231.550048828125,1285.0,1222.0,1260.0,1180704
2021-12-31,1225.7396240234375,1236.1500244140625,1245.0,1213.75,1233.800048828125,851310
2022-01-03,1210.07275390625,1220.3499755859375,1251.1500244140625,1208.1500244140625,1226.0,392781
2022-01-04,1219.244873046875,1229.5999755859375,1247.449951171875,1212.25,1229.0,434450
2022-01-05,1256.08203125,1266.75,1294.0,1225.800048828125,1232.0,1415943
2022-01-06,1247.8023681640625,1258.4000244140625,1293.0,1245.300048828125,1265.0,589605
2022-01-07,1236.1512451171875,1246.6500244140625,1276.5999755859375,1236.300048828125,1258.5,430419
2022-01-10,1231.986572265625,1242.449951171875,1258.550048828125,1237.0,1255.949951171875,204122
2022-01-11,1189.844482421875,1199.949951171875,1250.4000244140625,1190.5,1250.0,268555
2022-01-12,1191.7286376953125,1201.8499755859375,1221.6500244140625,1185.0,1204.199951171875,238591
2022-01-13,1181.7633056640625,1191.800048828125,1213.3499755859375,1188.4000244140625,1208.25,197507
2022-01-14,1177.4498291015625,1187.449951171875,1215.0,1183.699951171875,1189.0,187017
2022-01-17,1161.237548828125,1171.0999755859375,1202.0,1166.5,1194.449951171875,239691
2022-01-18,1134.613525390625,1144.25,1186.5999755859375,1140.0,1179.0,231287
2022-01-19,1126.0364990234375,1135.5999755859375,1141.699951171875,1120.8499755859375,1135.0,175450
2022-01-20,1138.8280029296875,1148.5,1184.5999755859375,1140.050048828125,1143.699951171875,393403
2022-01-21,1105.3125,1114.699951171875,1175.0,1105.0,1148.5,220145
2022-01-24,1039.0750732421875,1047.9000244140625,1118.6500244140625,1040.0,1114.699951171875,454606
2022-01-25,1089.2984619140625,1098.550048828125,1135.0,1027.0999755859375,1039.699951171875,409886
2022-01-27,1060.542724609375,1069.550048828125,1116.5999755859375,1063.0,1098.550048828125,341535
2022-01-28,1057.5679931640625,1066.550048828125,1115.0,1041.0,1042.0,478548
2022-01-31,1066.7896728515625,1075.8499755859375,1094.949951171875,1066.550048828125,1066.550048828125,173188
2022-02-01,1052.610107421875,1061.550048828125,1095.0,1045.699951171875,1076.0,363332
2022-02-02,1066.1947021484375,1075.25,1083.050048828125,1064.449951171875,1074.25,182348
2022-02-03,1040.7607421875,1049.5999755859375,1104.9000244140625,1040.0,1080.0,647206
2022-02-04,969.3670654296875,977.5999755859375,1050.5999755859375,970.2000122070312,1040.0,2257150
2022-02-07,939.7684936523438,947.75,978.0,901.6500244140625,978.0,2374028
2022-02-08,882.9014892578125,890.4000244140625,970.9500122070312,881.0999755859375,945.0,1310097
2022-02-09,901.741455078125,909.4000244140625,919.9000244140625,886.6500244140625,908.4000244140625,721538
2022-02-10,950.0808715820312,958.1500244140625,962.0,898.4500122070312,915.9000244140625,1104663
2022-02-11,952.0640869140625,960.1500244140625,969.3499755859375,921.5,953.0,564583
2022-02-14,913.5907592773438,921.3499755859375,950.5,905.5499877929688,922.9000244140625,575871
2022-02-15,966.9873046875,975.2000122070312,978.8499755859375,905.0499877929688,911.4000244140625,630690
2022-02-16,990.68603515625,999.0999755859375,1005.0,956.4500122070312,998.0,740265
2022-02-17,961.4840698242188,969.6500244140625,1013.2999877929688,963.0499877929688,1000.0,506514
2022-02-18,964.5579223632812,972.75,986.0,953.7000122070312,960.0,275756
2022-02-21,926.8779296875,934.75,970.0,928.0,970.0,238258
2022-02-22,913.640380859375,921.4000244140625,925.0,905.0,917.0,283487
2022-02-23,903.080078125,910.75,949.0,905.0,949.0,207857
2022-02-24,853.4515991210938,860.7000122070312,894.5,840.0,875.0,743636
2022-02-25,920.9779663085938,928.7999877929688,936.2000122070312,878.0,897.9000244140625,502668
2022-02-28,886.2727661132812,893.7999877929688,919.0,877.25,918.2999877929688,884633
2022-03-02,860.0455322265625,867.3499755859375,893.1500244140625,861.0,880.0,675431
2022-03-03,843.2879028320312,850.4500122070312,880.0,822.0999755859375,873.9500122070312,982342
2022-03-04,841.3543090820312,848.5,862.5499877929688,828.1500244140625,850.0,408978
2022-03-07,843.5853881835938,850.75,854.5,809.6500244140625,845.0,646741
2022-03-08,848.1962890625,855.4000244140625,861.4000244140625,831.4500122070312,850.0,338364
2022-03-09,856.4263305664062,863.7000122070312,878.75,853.0,859.7000122070312,265748
2022-03-10,918.0528564453125,925.8499755859375,929.0,887.0,892.0,785408
2022-03-11,903.62548828125,911.2999877929688,937.7000122070312,905.5,919.0,260783
2022-03-14,887.95849609375,895.5,921.0,890.0499877929688,911.2999877929688,191948
2022-03-15,872.3907470703125,879.7999877929688,908.3499755859375,875.0,905.0,202401
2022-03-16,891.6768798828125,899.25,902.0,885.0,894.0,210848
2022-03-17,955.3362426757812,963.4500122070312,970.0,904.2999877929688,905.0,1301442
2022-03-21,948.593505859375,956.6500244140625,983.9500122070312,950.2000122070312,963.4500122070312,412352
2022-03-22,926.1342163085938,934.0,959.7999877929688,931.3499755859375,959.7999877929688,303265
2022-03-23,902.1380615234375,909.7999877929688,946.0999755859375,905.0,940.9000244140625,393239
2022-03-24,897.923828125,905.5499877929688,930.25,902.0,909.0,382228
2022-03-25,889.842529296875,897.4000244140625,918.9500122070312,893.0,910.0,182080
2022-03-28,875.51416015625,882.9500122070312,907.2999877929688,875.0,897.4000244140625,283143
2022-03-29,874.02685546875,881.4500122070312,898.9000244140625,877.9000244140625,891.0,233706
2022-03-30,871.3495483398438,878.75,923.5499877929688,870.0,891.9500122070312,698649
2022-03-31,880.4721069335938,887.9500122070312,897.0,877.5,886.4500122070312,372766
2022-04-01,886.1736450195312,893.7000122070312,899.0,880.8499755859375,891.7999877929688,325501
2022-04-04,893.5113525390625,901.0999755859375,910.0,895.0,905.0,277897
2022-04-05,912.2025756835938,919.9500122070312,925.0,902.0,909.0,417088
2022-04-06,911.11181640625,918.8499755859375,929.0,907.0499877929688,919.0,685553
2022-04-07,894.9986572265625,902.5999755859375,926.9500122070312,898.0999755859375,923.4500122070312,243277
2022-04-08,902.5347290039062,910.2000122070312,918.0,904.0,904.0,136580
2022-04-11,909.9714965820312,917.7000122070312,922.7999877929688,906.9000244140625,912.0,562905
2022-04-12,912.5991821289062,920.3499755859375,936.0,901.0499877929688,926.0,533204
2022-04-13,914.6319580078125,922.4000244140625,930.0,917.2000122070312,930.0,151637
2022-04-18,898.6676025390625,906.2999877929688,923.0499877929688,901.4500122070312,917.0,199602
2022-04-19,898.1221923828125,905.75,933.8499755859375,896.6500244140625,905.5,419111
2022-04-20,879.3317260742188,886.7999877929688,918.75,882.0,905.75,232443
2022-04-21,888.7021484375,896.25,906.4000244140625,889.2999877929688,892.0,157209
2022-04-22,884.041748046875,891.5499877929688,903.0,889.5,896.75,143154
2022-04-25,843.0400390625,850.2000122070312,891.0,843.2000122070312,890.0,285685
2022-04-26,859.6488647460938,866.9500122070312,886.0,861.0999755859375,866.7000122070312,266469
2022-04-27,888.0081176757812,895.5499877929688,906.4500122070312,856.4500122070312,866.9500122070312,269311
2022-04-28,898.568359375,906.2000122070312,910.0,890.0,898.0,217256
2022-04-29,892.2718505859375,899.8499755859375,915.9500122070312,889.2999877929688,910.0,273189
2022-05-02,869.9613647460938,877.3499755859375,898.7999877929688,875.0,898.7999877929688,167347
2022-05-04,844.4778442382812,851.6500244140625,889.2999877929688,848.0,886.0,170610
2022-05-05,842.8416748046875,850.0,869.0,847.0,867.4500122070312,115983
2022-05-06,823.40673828125,830.4000244140625,847.0,805.0,847.0,455737
2022-05-09,801.9390869140625,808.75,828.5999755859375,802.2000122070312,820.0,141659
2022-05-10,797.7744140625,804.5499877929688,823.4500122070312,799.2000122070312,808.5999755859375,139702
2022-05-11,771.7950439453125,778.3499755859375,817.0,755.0999755859375,805.0,368934
2022-05-12,733.5697021484375,739.7999877929688,769.9500122070312,723.2000122070312,763.0,348583
2022-05-13,754.194580078125,760.5999755859375,790.9000244140625,745.25,754.5,239876
2022-05-16,822.167236328125,829.1500244140625,840.5,760.9500122070312,769.0,536770
2022-05-17,823.1588134765625,830.1500244140625,840.25,820.0,830.0,149158
2022-05-18,818.2505493164062,825.2000122070312,843.0,820.0,837.9000244140625,247056
2022-05-19,813.8380126953125,820.75,840.5499877929688,790.0,819.0,216163
2022-05-20,832.4301147460938,839.5,843.0499877929688,823.5,828.0,192962
2022-05-23,817.5564575195312,824.5,877.0,821.0,842.0,141458
2022-05-24,818.05224609375,825.0,834.9000244140625,819.25,831.5,125024
2022-05-25,781.859619140625,788.5,828.0,776.0999755859375,825.0,161554
2022-05-26,779.6781005859375,786.2999877929688,805.7999877929688,765.25,778.0,152607
2022-05-27,808.5331420898438,815.4000244140625,818.2000122070312,791.0999755859375,799.0,111657
2022-05-30,808.880126953125,815.75,827.7000122070312,812.25,826.0,178505
2022-05-31,797.625732421875,804.4000244140625,813.1500244140625,760.5999755859375,769.5,904773
2022-06-01,788.2056884765625,794.9000244140625,819.8499755859375,790.7000122070312,804.5,90303
2022-06-02,779.926025390625,786.5499877929688,799.7999877929688,778.5,799.0999755859375,130941
2022-06-03,778.438720703125,785.0499877929688,811.9500122070312,777.0,797.25,146794
2022-06-06,777.9428100585938,784.5499877929688,792.0,773.0,789.0,65406
2022-06-07,777.29833984375,783.9000244140625,788.5,778.2999877929688,784.0,38877
2022-06-08,806.1533203125,813.0,820.2000122070312,787.8499755859375,790.0,368500
2022-06-09,820.9277954101562,827.9000244140625,834.7999877929688,813.0,832.5,447661
2022-06-10,802.83154296875,809.6500244140625,828.0999755859375,801.0,825.0,110618
2022-06-13,785.2310180664062,791.9000244140625,798.0,772.2999877929688,795.0,165969
2022-06-14,780.4217529296875,787.0499877929688,803.7999877929688,778.25,795.9000244140625,95550
2022-06-15,808.9296875,815.7999877929688,827.0,784.9000244140625,793.0,217289
2022-06-16,813.3917846679688,820.2999877929688,834.0,812.5999755859375,814.9000244140625,313474
2022-06-17,800.0550537109375,806.8499755859375,822.5999755859375,794.5499877929688,820.2999877929688,367119
2022-06-20,792.6182250976562,799.3499755859375,827.9500122070312,791.0999755859375,814.0,697609
2022-06-21,800.0550537109375,806.8499755859375,816.25,796.5499877929688,803.0,148313
2022-06-22,785.6771240234375,792.3499755859375,809.0999755859375,786.0,809.0999755859375,131006
2022-06-23,799.3113403320312,806.0999755859375,810.7999877929688,794.2000122070312,796.3499755859375,88879
2022-06-24,818.8455200195312,825.7999877929688,831.4500122070312,810.0499877929688,813.0,171056
2022-06-27,815.6228637695312,822.5499877929688,840.0,816.5499877929688,835.0,114076
2022-06-28,827.3731079101562,834.4000244140625,846.5,811.0499877929688,822.0,189270
2022-06-29,853.4020385742188,860.6500244140625,867.0,818.4000244140625,830.0,262439
2022-06-30,865.1521606445312,872.5,875.0,842.5,860.0,174448
2022-07-01,866.2428588867188,873.5999755859375,898.9000244140625,860.25,872.0,257073
2022-07-04,882.108154296875,889.5999755859375,909.0,865.2000122070312,865.2000122070312,541847
2022-07-05,886.1736450195312,893.7000122070312,905.0,888.0499877929688,895.0,267021
2022-07-06,883.7938232421875,891.2999877929688,904.7999877929688,880.2999877929688,895.9000244140625,147314
2022-07-07,894.9490966796875,902.5499877929688,905.0,895.4500122070312,899.9000244140625,190898
2022-07-08,878.09228515625,885.5499877929688,912.7000122070312,880.1500244140625,907.9500122070312,214166
2022-07-11,906.8976440429688,914.5999755859375,917.9000244140625,885.8499755859375,891.9000244140625,265805
2022-07-12,898.3700561523438,906.0,917.5,887.2999877929688,906.0,116706
2022-07-13,897.3289184570312,904.9500122070312,920.0,901.9500122070312,905.0,146703
2022-07-14,891.3298950195312,898.9000244140625,916.75,893.25,909.4000244140625,124164
2022-07-15,905.2615356445312,912.9500122070312,924.0,901.2999877929688,906.0499877929688,147163
2022-07-18,924.84521484375,932.7000122070312,939.2000122070312,913.0,915.5,244655
2022-07-19,939.1239013671875,947.0999755859375,957.0,938.2000122070312,957.0,276927
2022-07-20,934.5131225585938,942.4500122070312,956.2999877929688,940.0,955.0,96808
2022-07-21,926.97705078125,934.8499755859375,948.4000244140625,920.0999755859375,948.4000244140625,148858
2022-07-22,935.5046997070312,943.4500122070312,948.4000244140625,932.4500122070312,935.9000244140625,88154
2022-07-25,963.169677734375,971.3499755859375,976.0,940.1500244140625,943.4500122070312,378462
2022-07-26,969.2678833007812,977.5,983.0,962.0,971.3499755859375,187328
2022-07-27,960.6411743164062,968.7999877929688,979.0,957.0,977.5,300369
2022-07-28,954.295166015625,962.4000244140625,984.0,955.0999755859375,967.0,826427
2022-07-29,932.8274536132812,940.75,977.9500122070312,939.0,968.2999877929688,247423
2022-08-01,931.9845581054688,939.9000244140625,954.9000244140625,931.8499755859375,940.0,173602
2022-08-02,926.4812622070312,934.3499755859375,941.0,926.0,939.9000244140625,122573
2022-08-03,921.2755126953125,929.0999755859375,934.3499755859375,912.6500244140625,927.5,125568
2022-08-04,913.3428344726562,921.0999755859375,939.9500122070312,915.0999755859375,933.25,166439
2022-08-05,913.7395629882812,921.5,932.5999755859375,918.0,929.2000122070312,71606
2022-08-08,908.5833740234375,916.2999877929688,928.75,911.4500122070312,926.0,136790
2022-08-10,906.253173828125,913.9500122070312,928.0,908.25,920.0,181183
2022-08-11,938.8760375976562,946.8499755859375,956.9000244140625,913.5,913.5,534430
2022-08-12,929.1090087890625,937.0,961.0,928.4500122070312,946.6500244140625,270132
2022-08-16,945.0238037109375,953.0499877929688,957.9000244140625,930.0,935.0,225012
2022-08-17,937.28955078125,945.25,967.7999877929688,942.5499877929688,959.9500122070312,195522
2022-08-18,952.3615112304688,960.4500122070312,969.7000122070312,941.0,946.0,255319
2022-08-19,948.7422485351562,956.7999877929688,971.0,951.0,963.4000244140625,140313
2022-08-22,954.8900756835938,963.0,974.4000244140625,942.6500244140625,950.0,204760
2022-08-23,983.7449951171875,992.0999755859375,998.0,957.1500244140625,963.5,429023
2022-08-24,1020.9291381835938,1029.5999755859375,1039.75,1000.0,1000.0,852612
2022-08-25,1028.4649658203125,1037.199951171875,1069.1500244140625,1031.25,1047.0,736066
2022-08-26,1028.812255859375,1037.550048828125,1051.550048828125,1026.0,1045.0,319608
2022-08-29,1046.9581298828125,1055.8499755859375,1065.0,996.0999755859375,996.0999755859375,483822
2022-08-30,1038.08349609375,1046.9000244140625,1067.6500244140625,1044.0,1067.6500244140625,238215
2022-09-01,1029.357421875,1038.0999755859375,1061.5999755859375,1024.699951171875,1045.0,234820
2022-09-02,1017.9544067382812,1026.5999755859375,1050.0,1021.2999877929688,1043.9000244140625,99223
2022-09-05,1029.109619140625,1037.8499755859375,1052.0,1021.25,1032.0,154021
2022-09-06,1022.8628540039062,1031.550048828125,1045.550048828125,1027.0,1038.0,72812
2022-09-07,1023.2098999023438,1031.9000244140625,1053.800048828125,1023.2000122070312,1032.5999755859375,128447
2022-09-08,1012.0049438476562,1020.5999755859375,1048.1500244140625,1018.0,1032.25,271669
2022-09-09,1057.6175537109375,1066.5999755859375,1083.5,1022.0,1024.0,767947
2022-09-12,1125.689453125,1135.25,1143.800048828125,1072.0,1084.800048828125,1284252
2022-09-13,1102.5855712890625,1111.949951171875,1138.3499755859375,1107.4000244140625,1135.25,834919
2022-09-14,1087.017822265625,1096.25,1125.0,1087.0,1100.0,268883
2022-09-15,1082.3575439453125,1091.550048828125,1108.9000244140625,1075.0,1106.0,112229
2022-09-16,1071.7474365234375,1080.8499755859375,1105.699951171875,1067.0,1097.050048828125,278906
2022-09-19,1041.30615234375,1050.1500244140625,1086.0,1043.25,1086.0,151394
2022-09-20,1071.6484375,1080.75,1084.699951171875,1057.0,1064.4000244140625,142007
2022-09-21,1106.599365234375,1112.9000244140625,1134.0,1071.25,1079.800048828125,750180
2022-09-22,1092.0323486328125,1098.25,1112.9000244140625,1076.25,1112.9000244140625,240692
2022-09-23,1084.8233642578125,1091.0,1112.699951171875,1080.6500244140625,1101.0,190835
2022-09-26,1062.1524658203125,1068.199951171875,1088.800048828125,1042.25,1076.0,171228
2022-09-27,1046.242919921875,1052.199951171875,1093.5999755859375,1028.0,1066.9000244140625,261077
2022-09-28,1029.2896728515625,1035.1500244140625,1066.4000244140625,1025.199951171875,1050.699951171875,119451
2022-09-29,1033.2171630859375,1039.0999755859375,1064.449951171875,1033.300048828125,1045.449951171875,156666
2022-09-30,1038.885009765625,1044.800048828125,1055.25,1025.0999755859375,1040.0,136458
2022-10-03,1072.3941650390625,1078.5,1085.9000244140625,1042.25,1044.0,352257
2022-10-04,1073.736572265625,1079.8499755859375,1095.0,1075.0,1093.5999755859375,149788
2022-10-06,1067.2733154296875,1073.3499755859375,1100.0,1066.0,1086.300048828125,115408
2022-10-07,1057.926513671875,1063.949951171875,1094.0,1057.949951171875,1060.0,214869
2022-10-10,1049.673583984375,1055.6500244140625,1073.25,1050.050048828125,1060.0,73494
2022-10-11,1027.798095703125,1033.6500244140625,1063.5,1026.0999755859375,1060.949951171875,102017
2022-10-12,1039.3822021484375,1045.300048828125,1050.0,1022.0,1025.050048828125,70507
2022-10-13,1056.832763671875,1062.8499755859375,1066.800048828125,1045.75,1050.550048828125,170935
2022-10-14,1029.0906982421875,1034.949951171875,1085.0,1030.050048828125,1065.0,252307
2022-10-17,1027.1517333984375,1033.0,1044.0,1024.0,1034.0,62605
2022-10-18,1047.3367919921875,1053.300048828125,1060.0,1030.5999755859375,1040.0,141560
2022-10-19,1056.2860107421875,1062.300048828125,1090.0,1053.0,1058.5999755859375,157021
2022-10-20,1047.48583984375,1053.449951171875,1072.75,1047.0999755859375,1058.5999755859375,77412
2022-10-21,1030.2838134765625,1036.1500244140625,1065.8499755859375,1031.199951171875,1058.75,86654
2022-10-24,1040.6748046875,1046.5999755859375,1051.0,1043.0,1046.699951171875,17336
2022-10-25,1055.58984375,1061.5999755859375,1069.0,1042.050048828125,1051.8499755859375,162229
2022-10-27,1049.7232666015625,1055.699951171875,1078.5999755859375,1046.5,1063.050048828125,78044
2022-10-28,1030.2838134765625,1036.1500244140625,1065.699951171875,1032.25,1065.0,104074
2022-10-31,1035.95166015625,1041.8499755859375,1058.050048828125,1026.050048828125,1041.3499755859375,167439
2022-11-01,1044.055419921875,1050.0,1054.25,1037.25,1044.0,80864
2022-11-02,1062.5999755859375,1068.6500244140625,1085.0,1047.050048828125,1054.949951171875,273265
2022-11-03,1060.31298828125,1066.3499755859375,1083.9000244140625,1060.550048828125,1068.0,172900
2022-11-04,1031.874755859375,1037.75,1071.949951171875,1026.300048828125,1071.699951171875,389518
2022-11-07,1019.1472778320312,1024.949951171875,1057.75,1005.0,1045.9000244140625,227681
2022-11-09,1035.6533203125,1041.550048828125,1047.9000244140625,1025.0,1025.4000244140625,130755
2022-11-10,1002.4424438476562,1008.1500244140625,1055.050048828125,1001.0,1044.9000244140625,278595
2022-11-11,995.3826293945312,1001.0499877929688,1035.699951171875,995.0,1019.0,266668
2022-11-14,978.1806030273438,983.75,1007.8499755859375,977.2000122070312,1004.9000244140625,139536
2022-11-15,972.8111572265625,978.3499755859375,984.7999877929688,930.0,969.9000244140625,792169
2022-11-16,945.5662841796875,950.9500122070312,985.0,940.7000122070312,985.0,632706
2022-11-17,952.9243774414062,958.3499755859375,961.9500122070312,929.2999877929688,950.9500122070312,249946
2022-11-18,978.0811157226562,983.6500244140625,989.9000244140625,930.2999877929688,930.2999877929688,393462
2022-11-21,1013.3801879882812,1019.1500244140625,1022.2000122070312,966.0,980.3499755859375,516235
2022-11-22,1014.92138671875,1020.7000122070312,1029.800048828125,997.0999755859375,1024.6500244140625,264601
2022-11-23,1025.6602783203125,1031.5,1037.0,1015.0,1025.0,137787
2022-11-24,1042.0172119140625,1047.949951171875,1057.1500244140625,1031.0,1031.5,203063
2022-11-25,1045.1492919921875,1051.0999755859375,1064.449951171875,1042.5,1051.0,137522
2022-11-28,1059.9649658203125,1066.0,1070.699951171875,1047.050048828125,1051.0999755859375,140224
2022-11-29,1056.98193359375,1063.0,1074.0,1055.75,1066.0,113213
2022-11-30,1053.3526611328125,1059.3499755859375,1080.449951171875,1049.6500244140625,1063.0,188340
2022-12-01,1053.40234375,1059.4000244140625,1068.699951171875,1056.25,1064.5999755859375,143677
2022-12-02,1127.729248046875,1134.1500244140625,1150.0,1058.0,1064.3499755859375,1531794
2022-12-05,1104.1630859375,1110.449951171875,1130.0,1096.0,1130.0,304637
2022-12-06,1089.4967041015625,1095.699951171875,1118.5999755859375,1090.0,1111.0,244998
2022-12-07,1062.3016357421875,1068.3499755859375,1106.050048828125,1061.0999755859375,1100.0,170945
2022-12-08,1078.5589599609375,1084.699951171875,1094.0,1068.0,1068.0,226887
2022-12-09,1083.2821044921875,1089.449951171875,1096.449951171875,1077.199951171875,1083.9000244140625,245928
2022-12-12,1083.5804443359375,1089.75,1094.9000244140625,1060.0,1089.449951171875,182294
2022-12-13,1066.0802001953125,1072.1500244140625,1097.9000244140625,1069.0,1097.6500244140625,153761
2022-12-14,1061.3570556640625,1067.4000244140625,1089.0,1063.0,1073.1500244140625,131953
2022-12-15,1064.73779296875,1070.800048828125,1092.0,1067.050048828125,1071.0,139298
2022-12-16,1047.833984375,1053.800048828125,1072.949951171875,1050.0,1070.800048828125,119975
2022-12-19,1040.8736572265625,1046.800048828125,1058.75,1040.0999755859375,1054.949951171875,92898
2022-12-20,1049.22607421875,1055.199951171875,1060.0,1042.4000244140625,1049.699951171875,82936
2022-12-21,1030.8306884765625,1036.699951171875,1064.949951171875,1016.3499755859375,1058.0,150233
2022-12-22,1015.8162841796875,1021.5999755859375,1041.0,979.0499877929688,1028.050048828125,446479
2022-12-23,972.3139038085938,977.8499755859375,1018.0,968.7000122070312,1000.0,173623
2022-12-26,1005.375732421875,1011.0999755859375,1018.0,965.0,977.0499877929688,106351
2022-12-27,992.8967895507812,998.5499877929688,1019.9000244140625,991.0,1019.9000244140625,139145
2022-12-28,979.3240966796875,984.9000244140625,998.5499877929688,982.0,998.0,129144
2022-12-29,978.5783081054688,984.1500244140625,1009.5,982.0,985.0,141658
2022-12-30,1006.6683959960938,1012.4000244140625,1025.0,994.1500244140625,996.6500244140625,483005
2023-01-02,1019.4954223632812,1025.300048828125,1034.0,1017.0,1024.0,132512
2023-01-03,1037.59228515625,1043.5,1047.75,1021.0499877929688,1030.449951171875,225048
2023-01-04,1042.6136474609375,1048.550048828125,1052.6500244140625,1022.75,1040.050048828125,171488
2023-01-05,1007.861572265625,1013.5999755859375,1055.699951171875,1008.1500244140625,1050.0,144103
2023-01-06,1066.1795654296875,1072.25,1084.800048828125,1014.8499755859375,1014.9000244140625,811865
2023-01-09,1060.0146484375,1066.050048828125,1070.0999755859375,1050.0,1065.0,153354
2023-01-10,1068.3173828125,1074.4000244140625,1079.75,1052.0,1065.0,144829
2023-01-11,1065.83154296875,1071.9000244140625,1079.0,1065.0,1079.0,83723
2023-01-12,1060.3626708984375,1066.4000244140625,1075.0,1055.449951171875,1075.0,135258
2023-01-13,1063.7930908203125,1069.8499755859375,1087.0,1060.0,1060.0,100710
2023-01-16,1063.5943603515625,1069.6500244140625,1082.449951171875,1065.0,1070.0,595546
2023-01-17,1093.4244384765625,1099.6500244140625,1115.949951171875,1068.449951171875,1070.4000244140625,470998
2023-01-18,1062.9976806640625,1069.050048828125,1117.800048828125,1065.0,1093.0,466047
2023-01-19,1060.5615234375,1066.5999755859375,1077.949951171875,1042.0,1068.0,138041
2023-01-20,1045.0498046875,1051.0,1061.9000244140625,1045.0,1061.9000244140625,92183
2023-01-23,1035.8521728515625,1041.75,1059.949951171875,1025.5,1059.949951171875,129802
2023-01-24,1023.1744384765625,1029.0,1041.75,1027.0,1041.75,97150
2023-01-25,1043.856689453125,1049.800048828125,1055.0,1027.0,1030.949951171875,195860
2023-01-27,1058.12548828125,1064.1500244140625,1071.0,1038.0,1051.949951171875,268372
2023-01-30,1092.8775634765625,1099.0999755859375,1101.5999755859375,1056.300048828125,1064.1500244140625,621055
2023-01-31,1120.967529296875,1127.3499755859375,1131.0,1070.0,1070.0,402447
2023-02-01,1110.3282470703125,1116.6500244140625,1159.5999755859375,1072.050048828125,1132.75,413888
2023-02-02,1134.838623046875,1141.300048828125,1154.0,1085.9000244140625,1086.0,212952
2023-02-03,1143.9368896484375,1150.449951171875,1174.0,1115.75,1141.300048828125,362554
2023-02-06,1172.5240478515625,1179.199951171875,1230.0,1130.0,1134.800048828125,653000
2023-02-07,1156.962646484375,1163.550048828125,1190.1500244140625,1150.25,1187.050048828125,347924
2023-02-08,1147.864501953125,1154.4000244140625,1180.0,1150.300048828125,1164.050048828125,153123
2023-02-09,1108.3394775390625,1114.6500244140625,1159.6500244140625,1110.0,1154.4000244140625,145367
2023-02-10,1130.7618408203125,1137.199951171875,1142.0,1090.8499755859375,1100.0,108444
2023-02-13,1135.3358154296875,1141.800048828125,1156.0,1135.3499755859375,1143.6500244140625,67857
2023-02-14,1111.4219970703125,1117.75,1151.5,1115.0,1147.550048828125,73343
2023-02-15,1111.819580078125,1118.1500244140625,1128.0,1071.1500244140625,1082.449951171875,127851
2023-02-16,1095.2142333984375,1101.449951171875,1124.75,1090.5,1104.25,163326
2023-02-17,1117.686279296875,1124.050048828125,1134.0,1091.5,1101.449951171875,174614
2023-02-20,1102.6717529296875,1108.949951171875,1132.949951171875,1105.0,1126.949951171875,71216
2023-02-21,1086.8121337890625,1093.0,1115.6500244140625,1089.0,1107.9000244140625,73261
2023-02-22,1094.2696533203125,1100.5,1105.0,1081.25,1090.0,137824
2023-02-23,1126.9833984375,1133.4000244140625,1135.0,1100.449951171875,1100.5,163174
2023-02-24,1165.5635986328125,1172.199951171875,1176.0,1126.199951171875,1138.0,267771
2023-02-27,1170.8834228515625,1177.550048828125,1180.0999755859375,1131.0,1162.9000244140625,191064
2023-02-28,1154.5264892578125,1161.0999755859375,1218.0,1150.0,1180.0,338056
2023-03-01,1172.02685546875,1178.699951171875,1198.949951171875,1154.0999755859375,1155.0,245527
2023-03-02,1184.9036865234375,1191.6500244140625,1197.0999755859375,1172.050048828125,1174.949951171875,104373
2023-03-03,1187.7374267578125,1194.5,1215.0,1187.949951171875,1199.0,242929
2023-03-06,1205.0389404296875,1211.9000244140625,1215.0,1188.0,1199.0,204407
2023-03-08,1211.6015625,1218.5,1225.0,1200.0,1207.949951171875,180699
2023-03-09,1200.3656005859375,1207.199951171875,1220.949951171875,1201.75,1218.5,152457
2023-03-10,1193.10693359375,1199.9000244140625,1207.449951171875,1190.0,1200.0,157618
2023-03-13,1147.615966796875,1154.1500244140625,1200.0,1145.550048828125,1199.9000244140625,122907
2023-03-14,1136.4295654296875,1142.9000244140625,1160.800048828125,1125.0,1154.1500244140625,81575
2023-03-15,1172.9715576171875,1179.6500244140625,1187.0,1153.0,1153.0,245581
2023-03-16,1172.8721923828125,1179.550048828125,1185.050048828125,1143.0,1179.5999755859375,112123
2023-03-17,1182.21875,1188.949951171875,1197.5999755859375,1170.25,1185.0,172354
2023-03-20,1170.38623046875,1177.050048828125,1209.0,1169.800048828125,1194.9000244140625,119082
2023-03-21,1184.2572021484375,1191.0,1199.0,1162.800048828125,1175.0,119052
2023-03-22,1183.2628173828125,1190.0,1201.0,1183.199951171875,1197.0,206633
2023-03-23,1190.1239013671875,1196.9000244140625,1205.0,1179.25,1185.0,158022
2023-03-24,1186.4447021484375,1193.199951171875,1222.0,1185.0,1199.75,115096
2023-03-27,1177.04833984375,1183.75,1214.0,1175.0,1193.050048828125,125517
2023-03-28,1169.2923583984375,1175.949951171875,1189.699951171875,1163.300048828125,1189.0,62655
2023-03-29,1173.766845703125,1180.449951171875,1203.949951171875,1170.050048828125,1175.949951171875,101862
2023-03-31,1187.8369140625,1194.5999755859375,1225.0,1179.0999755859375,1180.449951171875,578423
2023-04-03,1171.330810546875,1178.0,1204.949951171875,1147.449951171875,1200.0,204491
2023-04-05,1159.05078125,1165.6500244140625,1206.4000244140625,1160.0,1178.449951171875,227384
2023-04-06,1146.0745849609375,1152.5999755859375,1196.949951171875,1149.8499755859375,1166.0,170483
2023-04-10,1104.8592529296875,1111.1500244140625,1170.449951171875,1105.25,1154.0,382524
2023-04-11,1073.2393798828125,1079.3499755859375,1125.449951171875,1075.0,1115.9000244140625,949898
2023-04-12,1082.1387939453125,1088.300048828125,1104.9000244140625,1068.550048828125,1086.050048828125,441593
2023-04-13,1096.854736328125,1103.0999755859375,1113.0,1077.0,1080.0,160520
2023-04-17,1104.1630859375,1110.449951171875,1119.0999755859375,1100.949951171875,1105.0,150958
2023-04-18,1104.56103515625,1110.8499755859375,1117.0,1102.0,1115.449951171875,92764
2023-04-19,1091.5848388671875,1097.800048828125,1118.0,1090.050048828125,1117.550048828125,86483
2023-04-20,1108.4886474609375,1114.800048828125,1120.0,1086.0,1096.0,145101
2023-04-21,1116.990234375,1123.3499755859375,1133.0999755859375,1099.800048828125,1113.0,136663
2023-04-24,1131.4578857421875,1137.9000244140625,1142.5999755859375,1120.550048828125,1123.4000244140625,152938
2023-04-25,1121.6636962890625,1128.050048828125,1151.949951171875,1126.0,1132.800048828125,116654
2023-04-26,1116.5924072265625,1122.949951171875,1142.0999755859375,1118.0999755859375,1129.0,45427
2023-04-27,1133.79443359375,1140.25,1147.0,1118.550048828125,1122.949951171875,103136
2023-04-28,1120.8680419921875,1127.25,1148.300048828125,1114.25,1140.949951171875,127941
2023-05-02,1092.38037109375,1098.5999755859375,1142.300048828125,1092.25,1130.9000244140625,212900
2023-05-03,1094.916015625,1101.1500244140625,1115.949951171875,1095.0999755859375,1098.0,172136
2023-05-04,1083.232421875,1089.4000244140625,1115.0,1083.0,1103.0,138664
2023-05-05,1113.1619873046875,1119.5,1131.9000244140625,1090.3499755859375,1090.3499755859375,328946
2023-05-08,1103.7655029296875,1110.050048828125,1134.050048828125,1105.0,1123.0,157804
2023-05-09,1117.7359619140625,1124.0999755859375,1129.699951171875,1107.0,1113.0,123545
2023-05-10,1114.653564453125,1121.0,1132.0,1115.0,1120.0999755859375,54441
2023-05-11,1103.318115234375,1109.5999755859375,1129.9000244140625,1105.5,1122.0,50410
2023-05-12,1103.1689453125,1109.449951171875,1116.0999755859375,1100.0,1116.0999755859375,76138
2023-05-15,1100.036865234375,1106.300048828125,1117.5,1097.550048828125,1109.449951171875,63844
2023-05-16,1098.893310546875,1105.1500244140625,1114.9000244140625,1096.050048828125,1105.0,66187
2023-05-17,1116.34375,1122.699951171875,1129.300048828125,1102.3499755859375,1107.0,141917
2023-05-18,1114.4049072265625,1120.75,1130.0,1118.5,1130.0,151218
2023-05-19,1149.35595703125,1155.9000244140625,1162.0,1121.949951171875,1121.949951171875,378488
2023-05-22,1160.3931884765625,1167.0,1174.0,1147.699951171875,1161.0,169033
2023-05-23,1151.394287109375,1157.949951171875,1178.6500244140625,1150.199951171875,1170.0,58157
2023-05-24,1131.955078125,1138.4000244140625,1163.949951171875,1136.0,1159.0,57080
2023-05-25,1132.8001708984375,1139.25,1149.3499755859375,1130.0999755859375,1144.5,66640
2023-05-26,1154.8743896484375,1161.449951171875,1174.8499755859375,1096.4000244140625,1102.25,280645
2023-05-29,1152.8857421875,1159.449951171875,1174.5,1143.800048828125,1161.4000244140625,108246
2023-05-30,1165.265380859375,1171.9000244140625,1178.0,1142.25,1155.5999755859375,151276
2023-05-31,1161.9840087890625,1168.5999755859375,1192.0,1160.0,1174.0,207476
2023-06-01,1166.45849609375,1173.0999755859375,1186.449951171875,1165.0,1166.25,99534
2023-06-02,1190.81982421875,1197.5999755859375,1200.0,1174.199951171875,1178.949951171875,135864
2023-06-05,1204.293212890625,1211.1500244140625,1216.800048828125,1190.0,1203.800048828125,156579
2023-06-06,1199.9677734375,1206.800048828125,1218.0,1193.800048828125,1218.0,135750
2023-06-07,1187.787109375,1194.550048828125,1225.0,1189.050048828125,1210.0,246297
2023-06-08,1200.4649658203125,1207.300048828125,1225.0,1194.949951171875,1194.949951171875,304112
2023-06-09,1184.4560546875,1191.199951171875,1219.9000244140625,1187.4000244140625,1215.0,57617
2023-06-12,1184.655029296875,1191.4000244140625,1197.199951171875,1170.25,1185.0,142442
2023-06-13,1196.63671875,1203.449951171875,1210.0,1194.0999755859375,1198.800048828125,293140
2023-06-14,1179.28564453125,1186.0,1215.449951171875,1180.0999755859375,1213.4000244140625,126649
2023-06-15,1180.1307373046875,1186.8499755859375,1195.550048828125,1181.0,1191.0,87820
2023-06-16,1192.907958984375,1199.699951171875,1205.0,1181.0999755859375,1187.949951171875,136877
2023-06-19,1190.62109375,1197.4000244140625,1203.0999755859375,1187.25,1194.0,90105
2023-06-20,1204.8399658203125,1211.699951171875,1240.0,1193.0,1193.0,351673
2023-06-21,1219.158447265625,1226.0999755859375,1238.550048828125,1187.550048828125,1210.949951171875,530867
2023-06-22,1210.70654296875,1217.5999755859375,1236.0,1210.0,1235.0,189613
2023-06-23,1189.0301513671875,1195.800048828125,1226.0,1193.0999755859375,1220.0,187674
2023-06-26,1196.0401611328125,1202.8499755859375,1211.0,1178.0999755859375,1191.0,99902
2023-06-27,1218.363037109375,1225.300048828125,1231.449951171875,1199.550048828125,1202.8499755859375,299271
2023-06-28,1205.386962890625,1212.25,1235.1500244140625,1205.5,1235.0999755859375,76115
2023-06-30,1201.7576904296875,1208.5999755859375,1230.199951171875,1196.0,1213.0,146610
2023-07-03,1270.8641357421875,1278.0999755859375,1288.9000244140625,1210.5999755859375,1215.0,611955
2023-07-04,1322.1719970703125,1329.699951171875,1395.0,1261.0,1288.050048828125,2054017
2023-07-05,1350.858642578125,1358.550048828125,1378.0,1312.3499755859375,1322.75,571993
2023-07-06,1372.5352783203125,1380.3499755859375,1448.8499755859375,1356.300048828125,1362.0,957995
2023-07-07,1347.47802734375,1355.1500244140625,1376.6500244140625,1342.0999755859375,1373.800048828125,310049
2023-07-10,1340.26904296875,1347.9000244140625,1360.0,1335.050048828125,1335.050048828125,126514
2023-07-11,1325.25439453125,1332.800048828125,1366.6500244140625,1310.0,1355.0,406029
2023-07-12,1385.511474609375,1393.4000244140625,1400.0,1338.9000244140625,1342.0,467226
2023-07-13,1346.3343505859375,1354.0,1418.949951171875,1346.0,1418.949951171875,436431
2023-07-14,1373.3804931640625,1381.199951171875,1391.8499755859375,1359.449951171875,1365.1500244140625,384765
2023-07-17,1369.900146484375,1377.699951171875,1399.0,1372.9000244140625,1386.0,155029
2023-07-18,1383.0255126953125,1390.9000244140625,1407.0,1361.0,1378.8499755859375,304372
2023-07-19,1368.8065185546875,1376.5999755859375,1395.8499755859375,1373.0,1390.9000244140625,177805
2023-07-20,1328.7843017578125,1336.3499755859375,1390.0,1330.050048828125,1384.0,272641
2023-07-21,1392.3724365234375,1400.300048828125,1409.0,1326.0,1336.300048828125,593974
2023-07-24,1395.802734375,1403.75,1418.949951171875,1393.3499755859375,1410.0,241180
2023-07-25,1379.1475830078125,1387.0,1414.5999755859375,1370.0,1404.0,177470
2023-07-26,1354.09033203125,1361.800048828125,1403.949951171875,1356.800048828125,1390.0,216144
2023-07-27,1373.6290283203125,1381.449951171875,1389.800048828125,1361.8499755859375,1361.8499755859375,101289
2023-07-28,1381.633544921875,1389.5,1394.75,1378.8499755859375,1382.0,91968
2023-07-31,1442.5865478515625,1450.800048828125,1470.0,1389.5,1394.0,488770
2023-08-01,1439.653076171875,1447.8499755859375,1478.0,1429.0,1451.949951171875,439169
2023-08-02,1429.958251953125,1438.0999755859375,1469.9000244140625,1412.199951171875,1469.9000244140625,1040799
2023-08-03,1439.2056884765625,1447.4000244140625,1450.5,1401.050048828125,1403.0,211933
2023-08-04,1376.5623779296875,1384.4000244140625,1473.0,1366.0,1473.0,510051
2023-08-07,1331.817138671875,1339.4000244140625,1403.949951171875,1325.949951171875,1378.8499755859375,337560
2023-08-08,1386.3067626953125,1394.199951171875,1400.0,1346.0999755859375,1346.0999755859375,259564
2023-08-09,1357.023681640625,1364.75,1393.699951171875,1350.199951171875,1384.75,143983
2023-08-10,1346.682373046875,1354.3499755859375,1394.75,1347.300048828125,1371.0,150434
2023-08-11,1331.66796875,1339.25,1366.75,1336.0,1359.6500244140625,98508
2023-08-14,1328.8836669921875,1336.449951171875,1357.5,1294.0,1310.0,208433
2023-08-16,1290.0548095703125,1297.4000244140625,1336.449951171875,1285.949951171875,1333.0,389421
2023-08-17,1280.45947265625,1287.75,1307.6500244140625,1243.75,1301.949951171875,325444
2023-08-18,1273.2506103515625,1280.5,1304.4000244140625,1256.050048828125,1280.0,175491
2023-08-21,1252.7672119140625,1259.9000244140625,1318.949951171875,1248.6500244140625,1284.0,134878
2023-08-22,1248.2427978515625,1255.3499755859375,1280.0999755859375,1247.0,1265.0,220348
2023-08-23,1213.142822265625,1220.050048828125,1275.0,1214.449951171875,1245.0,363287
2023-08-24,1216.623046875,1223.550048828125,1239.8499755859375,1203.550048828125,1220.050048828125,293523
2023-08-25,1235.8135986328125,1242.8499755859375,1262.0,1223.0999755859375,1227.0,382483
2023-08-28,1251.822509765625,1258.949951171875,1270.0,1242.0,1255.0,120745
2023-08-29,1243.1219482421875,1250.199951171875,1269.0,1242.0,1269.0,123538
2023-08-30,1250.6790771484375,1257.800048828125,1288.0,1254.0,1263.8499755859375,234209
2023-08-31,1254.5570068359375,1261.699951171875,1269.8499755859375,1235.050048828125,1265.0,176985
2023-09-01,1250.380859375,1257.5,1274.300048828125,1238.0,1271.9000244140625,166615
2023-09-04,1240.63623046875,1247.699951171875,1265.0,1240.0,1265.0,199087
2023-09-05,1242.3763427734375,1249.449951171875,1260.300048828125,1243.1500244140625,1253.949951171875,196177
2023-09-06,1283.0447998046875,1290.3499755859375,1305.0,1250.0,1250.0,442071
2023-09-07,1267.5330810546875,1274.75,1303.1500244140625,1267.0,1294.8499755859375,198041
2023-09-08,1248.789794921875,1255.9000244140625,1282.0,1249.0,1282.0,204224
2023-09-11,1226.168701171875,1233.1500244140625,1267.800048828125,1228.199951171875,1265.0,215226
2023-09-12,1206.033203125,1212.9000244140625,1248.949951171875,1202.0,1248.949951171875,275764
2023-09-13,1203.3485107421875,1210.199951171875,1227.25,1200.0999755859375,1205.0,103691
2023-09-14,1213.167236328125,1217.050048828125,1228.0,1204.199951171875,1224.0,162248
2023-09-15,1222.9857177734375,1226.9000244140625,1242.0,1200.199951171875,1227.0,575528
2023-09-18,1237.4892578125,1241.449951171875,1248.0,1204.0,1225.0,307687
2023-09-20,1204.5946044921875,1208.449951171875,1239.050048828125,1193.050048828125,1239.050048828125,230062
2023-09-21,1182.26611328125,1186.050048828125,1213.949951171875,1178.5,1200.0,107024
2023-09-22,1178.577880859375,1182.3499755859375,1213.0,1157.949951171875,1195.0,196164
2023-09-25,1154.6544189453125,1158.3499755859375,1191.75,1155.0,1185.0,150079
2023-09-26,1166.11767578125,1169.8499755859375,1182.0,1161.0999755859375,1165.0,126487
2023-09-27,1194.62646484375,1198.449951171875,1207.449951171875,1162.0999755859375,1175.699951171875,181928
2023-09-28,1169.805908203125,1173.550048828125,1218.0,1167.300048828125,1200.0,186716
2023-09-29,1200.0091552734375,1203.8499755859375,1210.0,1178.4000244140625,1184.699951171875,120157
2023-10-03,1196.6201171875,1200.449951171875,1216.1500244140625,1188.550048828125,1205.0,201533
2023-10-04,1189.642333984375,1193.449951171875,1204.300048828125,1167.0,1204.300048828125,218678
2023-10-05,1202.2520751953125,1206.0999755859375,1209.8499755859375,1187.1500244140625,1187.1500244140625,80698
2023-10-06,1216.2572021484375,1220.1500244140625,1223.699951171875,1195.050048828125,1207.050048828125,376994
2023-10-09,1212.1204833984375,1216.0,1244.0,1209.050048828125,1220.1500244140625,311393
2023-10-10,1209.279541015625,1213.1500244140625,1231.449951171875,1210.0,1224.0,105923
2023-10-11,1221.490478515625,1225.4000244140625,1256.5999755859375,1220.699951171875,1220.949951171875,287660
2023-10-12,1253.338623046875,1257.3499755859375,1262.9000244140625,1228.0,1231.550048828125,257383
2023-10-13,1250.098876953125,1254.0999755859375,1265.300048828125,1248.050048828125,1255.949951171875,106626
2023-10-16,1249.899658203125,1253.9000244140625,1266.9000244140625,1243.550048828125,1255.050048828125,322370
2023-10-17,1241.6260986328125,1245.5999755859375,1263.4000244140625,1233.050048828125,1259.0,226211
2023-10-18,1252.8900146484375,1256.9000244140625,1261.0,1245.9000244140625,1251.8499755859375,96725
2023-10-19,1246.859375,1250.8499755859375,1259.3499755859375,1239.0,1239.0,154977
2023-10-20,1231.9071044921875,1235.8499755859375,1258.0,1230.1500244140625,1245.050048828125,153066
2023-10-23,1183.5618896484375,1187.3499755859375,1244.5999755859375,1170.0,1243.949951171875,177938
2023-10-25,1187.4495849609375,1191.25,1217.949951171875,1184.0999755859375,1192.9000244140625,185963
2023-10-26,1221.291015625,1225.199951171875,1229.3499755859375,1141.25,1190.0,283419
2023-10-27,1236.2930908203125,1240.25,1242.0,1205.0999755859375,1225.0,171660
2023-10-30,1248.4542236328125,1252.449951171875,1253.550048828125,1226.0,1243.0,128080
2023-10-31,1213.0177001953125,1216.9000244140625,1259.0,1207.949951171875,1256.0,136147
2023-11-01,1219.4969482421875,1223.4000244140625,1248.550048828125,1218.050048828125,1228.5,141751
2023-11-02,1275.168701171875,1279.25,1284.9000244140625,1219.449951171875,1230.0,578874
2023-11-03,1315.9879150390625,1320.199951171875,1344.0,1292.050048828125,1292.050048828125,1148619
2023-11-06,1298.6435546875,1302.800048828125,1333.6500244140625,1293.449951171875,1320.199951171875,266846
2023-11-07,1361.492431640625,1365.8499755859375,1373.949951171875,1303.0,1320.0,1142111
2023-11-08,1387.9078369140625,1392.3499755859375,1409.9000244140625,1368.4000244140625,1375.050048828125,515202
2023-11-09,1378.0394287109375,1382.449951171875,1414.5,1364.0999755859375,1388.0,306092
2023-11-10,1389.751953125,1394.199951171875,1397.0,1372.25,1375.0,214799
2023-11-13,1401.3150634765625,1405.800048828125,1409.5,1377.1500244140625,1391.0,144436
2023-11-15,1402.9595947265625,1407.449951171875,1446.0,1379.0999755859375,1405.800048828125,340115
2023-11-16,1429.2257080078125,1433.800048828125,1459.3499755859375,1390.0,1404.449951171875,319277
2023-11-17,1435.7049560546875,1440.300048828125,1450.0,1401.25,1434.9000244140625,190445
2023-11-20,1427.08251953125,1431.6500244140625,1455.0,1417.0,1445.050048828125,155951
2023-11-21,1417.961669921875,1422.5,1440.25,1385.0,1431.949951171875,208266
2023-11-22,1426.883056640625,1431.449951171875,1440.0,1412.5,1422.5,82676
2023-11-23,1431.3189697265625,1435.9000244140625,1455.0,1417.5999755859375,1434.0,219407
2023-11-24,1425.437744140625,1430.0,1477.1500244140625,1420.0,1460.0,276009
2023-11-28,1475.029052734375,1479.75,1515.949951171875,1422.550048828125,1439.9000244140625,615705
2023-11-29,1511.262939453125,1516.0999755859375,1525.5,1465.8499755859375,1479.800048828125,306883
2023-11-30,1501.4945068359375,1506.300048828125,1537.8499755859375,1486.5,1519.800048828125,413139
2023-12-01,1567.33349609375,1572.3499755859375,1592.0,1510.050048828125,1533.949951171875,393779
2023-12-04,1644.237548828125,1649.5,1663.0,1547.8499755859375,1596.3499755859375,428521
2023-12-05,1715.35986328125,1720.8499755859375,1885.0999755859375,1646.0,1646.4000244140625,2719845
2023-12-06,1668.4100341796875,1673.75,1729.0,1666.300048828125,1729.0,294945
2023-12-07,1602.52099609375,1607.6500244140625,1690.0,1603.0,1675.0,349388
2023-12-08,1563.8447265625,1568.8499755859375,1626.949951171875,1562.0,1617.800048828125,220478
2023-12-11,1658.541748046875,1663.8499755859375,1674.0,1573.0,1587.449951171875,682082
2023-12-12,1609.8475341796875,1615.0,1683.8499755859375,1605.0,1663.0999755859375,236944
2023-12-13,1688.9444580078125,1694.3499755859375,1710.0,1616.0,1641.0,483756
2023-12-14,1639.4527587890625,1644.699951171875,1715.0,1630.0,1715.0,220129
2023-12-15,1606.259033203125,1611.4000244140625,1670.0,1596.0,1670.0,214900
2023-12-18,1558.711181640625,1563.699951171875,1629.949951171875,1554.0,1622.0,295882
2023-12-19,1536.7315673828125,1541.6500244140625,1580.0,1513.449951171875,1580.0,669395
2023-12-20,1581.2889404296875,1586.3499755859375,1609.0,1541.6500244140625,1545.0,880019
2023-12-21,1576.1553955078125,1581.199951171875,1595.0,1552.25,1580.0,217271
2023-12-22,1597.387451171875,1602.5,1618.949951171875,1578.050048828125,1595.5999755859375,337713
2023-12-26,1609.9970703125,1615.1500244140625,1637.949951171875,1606.3499755859375,1620.0,175938
2023-12-27,1646.1812744140625,1651.449951171875,1669.949951171875,1615.0,1615.199951171875,443473
2023-12-28,1646.779296875,1652.050048828125,1668.800048828125,1633.3499755859375,1658.800048828125,204766
2023-12-29,1652.9595947265625,1658.25,1684.0,1648.050048828125,1665.0,331261
2024-01-01,1680.6708984375,1686.050048828125,1692.550048828125,1660.050048828125,1669.300048828125,432273
2024-01-02,1650.8162841796875,1656.0999755859375,1703.0,1652.949951171875,1690.0,130216
2024-01-03,1651.065673828125,1656.3499755859375,1669.4000244140625,1645.0999755859375,1660.0,72925
2024-01-04,1669.1077880859375,1674.449951171875,1695.0,1650.0,1650.0,252580
2024-01-05,1672.247802734375,1677.5999755859375,1685.0,1651.0999755859375,1676.0,75523
2024-01-08,1652.76025390625,1658.050048828125,1691.0,1646.75,1686.0,150380
2024-01-09,1675.6868896484375,1681.050048828125,1685.699951171875,1660.5999755859375,1665.0,162153
2024-01-10,1679.6741943359375,1685.050048828125,1700.0,1675.0999755859375,1697.0,190052
2024-01-11,1654.8536376953125,1660.1500244140625,1694.949951171875,1637.050048828125,1686.949951171875,164129
2024-01-12,1650.8663330078125,1656.1500244140625,1673.949951171875,1648.0,1673.949951171875,52407
2024-01-15,1643.689208984375,1648.949951171875,1684.949951171875,1642.0,1675.6500244140625,75437
2024-01-16,1652.6107177734375,1657.9000244140625,1669.0,1637.25,1653.300048828125,70877
2024-01-17,1605.710693359375,1610.8499755859375,1655.0,1590.699951171875,1640.0,117408
2024-01-18,1606.857177734375,1612.0,1624.0,1573.25,1620.0,48396
2024-01-19,1620.7625732421875,1625.949951171875,1635.0,1600.0,1612.0,77799
2024-01-23,1607.5548095703125,1612.699951171875,1627.1500244140625,1576.0999755859375,1620.0,118657
2024-01-24,1663.0272216796875,1668.3499755859375,1676.5,1604.050048828125,1604.050048828125,303752
2024-01-25,1647.8758544921875,1653.1500244140625,1670.0,1645.0,1668.0,66535
2024-01-29,1606.3587646484375,1611.5,1660.3499755859375,1605.75,1653.1500244140625,93572
2024-01-30,1621.260986328125,1626.449951171875,1653.0,1620.0,1621.9000244140625,131921
2024-01-31,1658.591552734375,1663.9000244140625,1667.0,1628.0,1628.0,88314
2024-02-01,1670.40380859375,1675.75,1680.0,1650.0,1669.949951171875,74858
2024-02-02,1678.976318359375,1684.3499755859375,1692.0,1658.3499755859375,1687.25,85912
2024-02-05,1731.1591796875,1736.699951171875,1820.0,1640.0,1669.0,786550
2024-02-06,1720.34375,1725.8499755859375,1797.0,1710.0,1768.0,294893
2024-02-07,1739.3828125,1744.949951171875,1797.0,1730.699951171875,1791.199951171875,427694
2024-02-08,1737.09033203125,1742.6500244140625,1762.0,1720.0,1725.0,150004
2024-02-09,1719.745849609375,1725.25,1741.699951171875,1692.0,1741.699951171875,184314
2024-02-12,1723.6832275390625,1729.199951171875,1740.0,1670.050048828125,1723.800048828125,84136
2024-02-13,1694.1776123046875,1699.5999755859375,1737.800048828125,1694.0,1729.199951171875,246039
2024-02-14,1704.54443359375,1710.0,1730.0,1692.199951171875,1699.800048828125,91250
2024-02-15,1719.845458984375,1725.3499755859375,1735.949951171875,1707.300048828125,1722.0,102188
2024-02-16,1710.973876953125,1716.449951171875,1774.5,1708.0999755859375,1739.0,162624
2024-02-19,1715.40966796875,1720.9000244140625,1727.6500244140625,1700.0,1723.0,54618
2024-02-20,1697.865966796875,1703.300048828125,1725.0,1700.0,1725.0,48378
2024-02-21,1655.4515380859375,1660.75,1715.0,1653.0,1707.0,98168
2024-02-22,1614.9312744140625,1620.0999755859375,1667.0,1614.1500244140625,1661.0,121237
2024-02-23,1619.56640625,1624.75,1630.0,1620.0,1625.0,47476
2024-02-26,1619.4169921875,1624.5999755859375,1632.550048828125,1606.8499755859375,1630.0,73853
2024-02-27,1612.239990234375,1617.4000244140625,1629.699951171875,1592.0,1626.0,123062
2024-02-28,1594.1976318359375,1599.300048828125,1637.800048828125,1588.0,1623.0,81183
2024-02-29,1564.7918701171875,1569.800048828125,1609.25,1558.6500244140625,1591.0,187305
2024-03-01,1589.961181640625,1595.050048828125,1603.6500244140625,1565.050048828125,1592.0,157988
2024-03-04,1564.741943359375,1569.75,1616.0,1564.0,1616.0,151406
2024-03-05,1521.5799560546875,1526.449951171875,1590.0,1508.0,1590.0,511793
2024-03-06,1506.02978515625,1510.8499755859375,1535.949951171875,1480.300048828125,1520.0,498841
2024-03-07,1559.0601806640625,1564.050048828125,1582.0,1491.1500244140625,1511.050048828125,440075
2024-03-11,1552.23193359375,1557.199951171875,1581.3499755859375,1543.0,1573.0,130913
2024-03-12,1537.22998046875,1542.1500244140625,1550.0,1527.3499755859375,1550.0,114405
2024-03-13,1519.53662109375,1524.4000244140625,1547.75,1486.0,1547.75,244977
2024-03-14,1559.9571533203125,1564.949951171875,1570.800048828125,1473.3499755859375,1502.0,162805
2024-03-15,1585.2264404296875,1590.300048828125,1599.0,1539.1500244140625,1549.949951171875,88450
2024-03-18,1569.676025390625,1574.699951171875,1598.0,1545.75,1598.0,97029
2024-03-19,1621.51025390625,1626.699951171875,1635.199951171875,1568.199951171875,1585.0,993834
2024-03-20,1639.502685546875,1644.75,1675.0,1601.050048828125,1623.0,269660
2024-03-21,1605.511474609375,1610.6500244140625,1647.050048828125,1600.0,1633.25,152006
2024-03-22,1638.0572509765625,1643.300048828125,1666.5999755859375,1600.75,1619.0,120504
2024-03-26,1668.659423828125,1674.0,1705.0,1623.949951171875,1655.449951171875,197200
2024-03-27,1665.12060546875,1670.449951171875,1699.0,1660.0,1675.0,109290
2024-03-28,1722.23779296875,1727.75,1742.0,1656.300048828125,1670.5,222442
2024-04-01,1726.623779296875,1732.1500244140625,1751.949951171875,1708.1500244140625,1742.0,118328
2024-04-02,1702.00244140625,1707.449951171875,1747.0,1701.0,1734.0,95981
2024-04-03,1677.28173828125,1682.6500244140625,1725.0,1675.1500244140625,1714.949951171875,83536
2024-04-04,1677.28173828125,1682.6500244140625,1699.949951171875,1651.0,1688.0,88303
2024-04-05,1695.4735107421875,1700.9000244140625,1717.0,1680.5999755859375,1688.0,235050
2024-04-08,1661.8809814453125,1667.199951171875,1715.0,1660.0,1706.949951171875,74266
2024-04-09,1661.78125,1667.0999755859375,1679.949951171875,1657.050048828125,1675.550048828125,46318
2024-04-10,1708.4320068359375,1713.9000244140625,1729.949951171875,1670.050048828125,1674.949951171875,118905
2024-04-12,1763.0074462890625,1768.6500244140625,1800.0,1696.0999755859375,1718.8499755859375,775922
2024-04-15,1718.9482421875,1724.449951171875,1764.0,1665.199951171875,1760.0,307685
2024-04-16,1750.6468505859375,1756.25,1772.9000244140625,1696.550048828125,1724.949951171875,387795
2024-04-18,1736.3924560546875,1741.949951171875,1815.0,1726.0,1784.949951171875,452613
2024-04-19,1773.8726806640625,1779.550048828125,1798.699951171875,1702.0,1720.0,189798
2024-04-22,1734.4986572265625,1740.050048828125,1794.0999755859375,1731.1500244140625,1767.0,147436
2024-04-23,1715.1107177734375,1720.5999755859375,1755.0,1706.25,1745.0999755859375,80803
2024-04-24,1726.5738525390625,1732.0999755859375,1744.4000244140625,1715.199951171875,1728.0,64820
2024-04-25,1728.717041015625,1734.25,1779.949951171875,1716.0,1716.0,99110
2024-04-26,1723.1348876953125,1728.6500244140625,1776.0,1725.0,1741.0,65770
2024-04-29,1766.4962158203125,1772.1500244140625,1787.0,1732.0,1748.0,203031
2024-04-30,1751.494140625,1757.0999755859375,1789.0,1748.5,1771.9000244140625,116793
2024-05-02,1758.2725830078125,1763.9000244140625,1782.0,1753.0,1764.949951171875,163993
2024-05-03,1770.0347900390625,1775.699951171875,1845.0,1735.0,1769.8499755859375,614372
2024-05-06,1745.36376953125,1750.949951171875,1795.0,1742.0,1772.0,83300
2024-05-07,1695.2740478515625,1700.699951171875,1761.949951171875,1674.949951171875,1752.699951171875,167926
2024-05-08,1664.8216552734375,1670.1500244140625,1721.0,1654.800048828125,1704.25,151826
2024-05-09,1600.8262939453125,1605.949951171875,1690.0,1599.5999755859375,1674.699951171875,141510
2024-05-10,1634.3192138671875,1639.550048828125,1650.199951171875,1595.0,1625.0,788541
2024-05-13,1611.99072265625,1617.1500244140625,1640.5,1605.0,1626.0,192238
2024-05-14,1605.3619384765625,1610.5,1632.0,1593.0999755859375,1626.0,478570
2024-05-15,1612.439208984375,1617.5999755859375,1670.800048828125,1610.0,1639.6500244140625,508737
2024-05-16,1718.449951171875,1723.949951171875,1738.0,1617.25,1633.800048828125,891030
2024-05-17,1725.2781982421875,1730.800048828125,1757.550048828125,1701.199951171875,1723.949951171875,172200
2024-05-21,1690.040771484375,1695.449951171875,1726.050048828125,1687.0,1722.6500244140625,96017
2024-05-22,1695.7227783203125,1701.1500244140625,1710.0,1674.0,1694.050048828125,104609
2024-05-23,1682.1163330078125,1687.5,1702.75,1675.050048828125,1702.0,81274
2024-05-24,1639.502685546875,1644.75,1688.5999755859375,1630.199951171875,1679.050048828125,224487
2024-05-27,1628.6373291015625,1633.8499755859375,1663.949951171875,1617.0999755859375,1640.0,131786
2024-05-28,1617.4232177734375,1622.5999755859375,1645.050048828125,1614.0,1635.0,71689
2024-05-29,1604.564453125,1609.699951171875,1625.0,1605.050048828125,1622.0,73605
2024-05-30,1574.959228515625,1580.0,1616.800048828125,1572.0,1609.699951171875,117707
2024-05-31,1571.4703369140625,1576.5,1592.9000244140625,1552.0,1580.0,281571
2024-06-03,1611.592041015625,1616.75,1621.0,1583.3499755859375,1593.0,148487
2024-06-04,1567.0843505859375,1572.0999755859375,1630.0,1429.8499755859375,1627.949951171875,275620
2024-06-05,1704.6441650390625,1710.0999755859375,1725.0,1572.0999755859375,1572.0999755859375,1013525
2024-06-06,1689.891357421875,1695.300048828125,1727.0,1687.8499755859375,1727.0,360580
2024-06-07,1712.6185302734375,1718.0999755859375,1734.949951171875,1699.550048828125,1708.0,320098
2024-06-10,1705.69091796875,1711.1500244140625,1737.949951171875,1692.0,1728.800048828125,124328
2024-06-11,1681.7674560546875,1687.1500244140625,1718.9000244140625,1682.3499755859375,1714.0999755859375,137067
2024-06-12,1715.4595947265625,1720.949951171875,1728.0999755859375,1680.050048828125,1698.8499755859375,176356
2024-06-13,1720.493408203125,1726.0,1747.8499755859375,1715.0,1728.0,171015
2024-06-14,1716.9547119140625,1722.449951171875,1734.8499755859375,1700.050048828125,1730.0,96202
2024-06-18,1775.31787109375,1781.0,1792.0,1704.3499755859375,1722.0,530260
2024-06-19,1766.99462890625,1772.6500244140625,1795.050048828125,1745.0,1795.050048828125,381711
2024-06-20,1780.75048828125,1786.449951171875,1806.449951171875,1762.0999755859375,1790.0,170205
2024-06-21,1776.4144287109375,1782.0999755859375,1820.949951171875,1760.0,1786.449951171875,329340
2024-06-24,1827.1021728515625,1832.949951171875,1842.5,1767.5,1782.1500244140625,542841
2024-06-25,1813.047119140625,1818.8499755859375,1868.0,1802.6500244140625,1845.0,348007
2024-06-26,1794.25732421875,1800.0,1834.9000244140625,1783.0,1834.9000244140625,175171
2024-06-27,1809.20947265625,1815.0,1849.949951171875,1781.5,1782.050048828125,559778
2024-06-28,1780.75048828125,1786.449951171875,1821.0,1775.0,1820.0999755859375,159239
2024-07-01,1774.37109375,1780.050048828125,1791.800048828125,1756.949951171875,1786.0999755859375,84613
2024-07-02,1742.8717041015625,1748.449951171875,1807.9000244140625,1730.0,1786.0999755859375,275605
2024-07-03,1718.6494140625,1724.1500244140625,1766.949951171875,1715.4000244140625,1760.0,296300
2024-07-04,1719.0977783203125,1724.5999755859375,1739.0,1718.75,1732.0,97667
2024-07-05,1710.7745361328125,1716.25,1736.0,1706.0,1731.0,208314
2024-07-08,1633.77099609375,1639.0,1718.0,1636.0,1718.0,353371
2024-07-09,1664.8714599609375,1670.199951171875,1687.0,1639.050048828125,1639.050048828125,195945
2024-07-10,1660.8343505859375,1666.1500244140625,1685.0,1650.0,1681.9000244140625,105790
2024-07-11,1660.3359375,1665.6500244140625,1680.0,1651.050048828125,1675.0,73875
2024-07-12,1663.326416015625,1668.6500244140625,1684.449951171875,1660.0999755859375,1670.0,353543
2024-07-15,1674.0421142578125,1679.4000244140625,1684.0,1647.0,1684.0,101255
2024-07-16,1698.3643798828125,1703.800048828125,1708.8499755859375,1675.4000244140625,1684.0,139576
2024-07-18,1682.2158203125,1687.5999755859375,1726.550048828125,1681.25,1712.0,173430
2024-07-19,1683.113037109375,1688.5,1697.0,1645.800048828125,1688.0,161131
2024-07-22,1713.9642333984375,1719.449951171875,1725.0,1664.8499755859375,1679.449951171875,132082
2024-07-23,1699.560302734375,1705.0,1725.0,1651.050048828125,1719.449951171875,107279
2024-07-24,1713.9642333984375,1719.449951171875,1757.75,1705.0,1711.949951171875,205454
2024-07-25,1737.080810546875,1739.5999755859375,1786.199951171875,1701.4000244140625,1715.25,516030
2024-07-26,1729.4918212890625,1732.0,1762.3499755859375,1710.0,1762.300048828125,279970
2024-07-29,1717.259521484375,1719.75,1769.0,1706.6500244140625,1734.9000244140625,129924
2024-07-30,1726.2965087890625,1728.800048828125,1745.5,1715.0,1719.75,81915
2024-07-31,1721.004150390625,1723.5,1773.949951171875,1720.0,1730.0,236017
2024-08-01,1707.8232421875,1710.300048828125,1744.6500244140625,1692.0999755859375,1744.6500244140625,91396
2024-08-02,1703.5794677734375,1706.050048828125,1729.0,1674.949951171875,1710.0,107512
2024-08-05,1669.12939453125,1671.550048828125,1689.9000244140625,1628.6500244140625,1677.0,197372
2024-08-06,1667.0323486328125,1669.449951171875,1704.0,1663.0,1679.9000244140625,103915
2024-08-07,1667.3819580078125,1669.800048828125,1694.0999755859375,1660.0,1673.0,112357
2024-08-08,1701.0330810546875,1703.5,1760.0,1675.0,1757.949951171875,734155
2024-08-09,1692.046142578125,1694.5,1708.9000244140625,1668.0,1708.9000244140625,208392
2024-08-12,1663.3876953125,1665.800048828125,1688.0,1660.050048828125,1670.0,81914
2024-08-13,1653.0526123046875,1655.449951171875,1689.800048828125,1650.0,1675.0,183194
2024-08-14,1645.962890625,1648.3499755859375,1663.75,1628.0,1660.0,140571
2024-08-16,1663.4376220703125,1665.8499755859375,1670.0,1635.050048828125,1651.0,245038
2024-08-19,1696.3399658203125,1698.800048828125,1715.800048828125,1665.0,1693.199951171875,221501
2024-08-20,1710.2197265625,1712.699951171875,1741.199951171875,1691.0,1700.0,200380
2024-08-21,1722.501953125,1725.0,1731.0999755859375,1700.050048828125,1710.0,120497
2024-08-22,1762.693603515625,1765.25,1796.0,1723.5999755859375,1725.199951171875,319553
2024-08-23,1841.7789306640625,1844.449951171875,1857.0,1765.5999755859375,1780.0,686094
2024-08-26,1829.99609375,1832.6500244140625,1910.0,1823.050048828125,1880.0,567254
2024-08-27,1805.2818603515625,1807.9000244140625,1867.3499755859375,1800.0,1842.0,232156
2024-08-28,1832.2926025390625,1834.949951171875,1855.4000244140625,1805.0,1824.0,221059
2024-08-29,1814.9677734375,1817.5999755859375,1849.0,1807.5999755859375,1849.0,73076
2024-08-30,1939.2376708984375,1942.050048828125,1975.75,1812.5,1818.5,3272326
2024-09-02,2007.5885009765625,2010.5,2050.0,1960.800048828125,1982.0,1958399
2024-09-03,1991.5616455078125,1994.449951171875,2022.800048828125,1987.050048828125,2020.0,313334
2024-09-04,1999.3004150390625,2002.199951171875,2039.6500244140625,1974.949951171875,1981.8499755859375,329925
2024-09-05,1996.554443359375,1999.449951171875,2042.0,1991.0999755859375,2020.800048828125,256850
2024-09-06,1996.0052490234375,1998.9000244140625,2069.0,1994.0,2036.949951171875,517606
2024-09-09,1974.736083984375,1977.5999755859375,2014.949951171875,1940.199951171875,2008.9000244140625,236307
2024-09-10,2016.1260986328125,2019.050048828125,2051.89990234375,1981.0,1981.0,601001
2024-09-11,2016.5255126953125,2019.449951171875,2039.9000244140625,2001.050048828125,2039.9000244140625,158635
2024-09-12,2020.8193359375,2023.75,2065.0,2010.3499755859375,2035.0,202802
2024-09-13,2031.8533935546875,2034.800048828125,2044.300048828125,2015.050048828125,2034.9000244140625,76611
2024-09-16,2120.574462890625,2123.64990234375,2174.0,2061.39990234375,2063.0,1459401
2024-09-17,2172.14990234375,2175.300048828125,2189.0,2137.14990234375,2140.64990234375,568002
2024-09-18,2252.033935546875,2255.300048828125,2288.699951171875,2180.0,2180.0,1217312
2024-09-19,2112.8857421875,2115.949951171875,2332.699951171875,2091.64990234375,2299.0,900598
2024-09-20,2126.7158203125,2129.800048828125,2151.550048828125,2101.949951171875,2132.64990234375,259725
2024-09-23,2144.440185546875,2147.550048828125,2160.0,2116.800048828125,2130.0,202461
2024-09-24,2146.237548828125,2149.35009765625,2174.0,2130.0,2150.050048828125,128907
2024-09-25,2106.794677734375,2109.85009765625,2166.0,2074.0,2155.0,243905
2024-09-26,2130.859619140625,2133.949951171875,2157.949951171875,2115.5,2118.699951171875,207670
2024-09-27,2062.408935546875,2065.39990234375,2137.800048828125,2045.4000244140625,2134.0,465729
2024-09-30,2042.48779296875,2045.449951171875,2120.0,2021.0,2075.0,321886
2024-10-01,2075.34033203125,2078.35009765625,2084.89990234375,2005.550048828125,2030.0,191616
2024-10-03,2043.486328125,2046.449951171875,2070.0,2015.300048828125,2070.0,169280
2024-10-04,2027.6094970703125,2030.550048828125,2046.449951171875,1972.699951171875,2046.449951171875,162822
2024-10-07,2004.243408203125,2007.1500244140625,2050.0,1927.75,2035.0,222709
2024-10-08,1989.9141845703125,1992.800048828125,2007.1500244140625,1950.0,2000.0,88655
2024-10-09,2113.2353515625,2116.300048828125,2170.0,1995.0999755859375,1995.0999755859375,460871
2024-10-10,2111.43798828125,2114.5,2140.0,2089.0,2140.0,214838
2024-10-11,2147.58544921875,2150.699951171875,2161.300048828125,2093.050048828125,2120.0,107539
2024-10-14,2180.13818359375,2183.300048828125,2193.949951171875,2123.39990234375,2150.699951171875,204896
2024-10-15,2211.193115234375,2214.39990234375,2274.0,2166.35009765625,2173.0,583296
2024-10-16,2216.635498046875,2219.85009765625,2280.0,2148.050048828125,2216.050048828125,249842
2024-10-17,2189.724365234375,2192.89990234375,2241.39990234375,2177.0,2238.0,98056
2024-10-18,2238.853271484375,2242.10009765625,2263.699951171875,2102.5,2193.0,220716
2024-10-21,2191.072265625,2194.25,2238.199951171875,2180.14990234375,2208.0,104164
2024-10-22,2177.242431640625,2180.39990234375,2194.449951171875,2083.10009765625,2162.0,171283
2024-10-23,2231.763427734375,2235.0,2247.0,2131.050048828125,2205.85009765625,225709
2024-10-24,2292.77490234375,2296.10009765625,2389.0,2231.35009765625,2240.699951171875,1016005
2024-10-25,2265.21484375,2268.5,2524.0,2200.550048828125,2350.0,3052806
2024-10-28,2294.472412109375,2297.800048828125,2313.949951171875,2237.85009765625,2260.0,500520
2024-10-29,2232.81201171875,2236.050048828125,2308.449951171875,2206.0,2295.64990234375,267162
2024-10-30,2408.55712890625,2412.050048828125,2463.699951171875,2232.10009765625,2249.39990234375,546789
2024-10-31,2375.554931640625,2379.0,2431.0,2353.699951171875,2390.0,280060
2024-11-01,2398.9208984375,2402.39990234375,2425.0,2390.0,2405.60009765625,29747
2024-11-04,2396.025146484375,2399.5,2425.35009765625,2354.10009765625,2392.699951171875,385226
2024-11-05,2390.083740234375,2393.550048828125,2403.5,2363.64990234375,2374.0,107401
2024-11-06,2410.8037109375,2414.300048828125,2449.199951171875,2370.050048828125,2393.550048828125,223887
2024-11-07,2376.253662109375,2379.699951171875,2437.449951171875,2362.199951171875,2409.949951171875,131401
2024-11-08,2336.611328125,2340.0,2385.0,2323.0,2385.0,104067
2024-11-11,2286.384033203125,2289.699951171875,2339.800048828125,2256.39990234375,2306.14990234375,215343
2024-11-12,2292.77490234375,2296.10009765625,2324.64990234375,2279.5,2284.800048828125,91735
2024-11-13,2254.230712890625,2257.5,2284.199951171875,2215.39990234375,2261.699951171875,158274
2024-11-14,2245.892822265625,2249.14990234375,2283.60009765625,2228.050048828125,2250.0,111556
2024-11-18,2220.0302734375,2223.25,2274.85009765625,2186.10009765625,2274.85009765625,137735
2024-11-19,2252.9326171875,2256.199951171875,2295.39990234375,2217.64990234375,2229.699951171875,228088
2024-11-21,2308.152587890625,2311.5,2335.14990234375,2203.550048828125,2256.199951171875,174769
2024-11-22,2281.840576171875,2285.14990234375,2331.0,2267.800048828125,2281.300048828125,114570
2024-11-25,2338.308837890625,2341.699951171875,2418.949951171875,2280.0,2280.0,435116
2024-11-26,2354.8349609375,2358.25,2408.0,2341.89990234375,2356.050048828125,278439
2024-11-27,2385.490478515625,2388.949951171875,2396.0,2341.35009765625,2361.64990234375,83016
2024-11-28,2396.72412109375,2400.199951171875,2426.949951171875,2380.050048828125,2412.10009765625,209392
2024-11-29,2454.290771484375,2457.85009765625,2479.89990234375,2365.0,2409.64990234375,223806
2024-12-02,2415.9462890625,2419.449951171875,2473.699951171875,2408.14990234375,2448.050048828125,275123
2024-12-03,2381.096923828125,2384.550048828125,2430.35009765625,2350.0,2425.0,423902
2024-12-04,2342.6025390625,2346.0,2404.199951171875,2340.0,2395.0,255690
2024-12-05,2359.42822265625,2362.85009765625,2374.5,2321.0,2369.89990234375,140817
2024-12-06,2335.96240234375,2339.35009765625,2372.35009765625,2318.89990234375,2372.35009765625,75169
2024-12-09,2395.97509765625,2399.449951171875,2409.0,2320.0,2340.0,248521
2024-12-10,2422.337158203125,2425.85009765625,2468.0,2376.800048828125,2399.60009765625,1059742
2024-12-11,2429.02734375,2432.550048828125,2455.0,2400.0,2430.0,169959
2024-12-12,2429.22705078125,2432.75,2506.800048828125,2415.0,2415.0,486195
2024-12-13,2436.41650390625,2439.949951171875,2451.199951171875,2381.0,2440.0,155372
2024-12-16,2429.126953125,2432.64990234375,2468.10009765625,2422.0,2450.0,140269
2024-12-17,2451.744384765625,2455.300048828125,2466.0,2426.449951171875,2452.35009765625,100634
2024-12-18,2549.50244140625,2553.199951171875,2608.949951171875,2450.0,2484.0,2309928
2024-12-19,2516.89990234375,2520.550048828125,2559.89990234375,2501.5,2538.0,442129
2024-12-20,2485.19580078125,2488.800048828125,2554.39990234375,2455.0,2538.89990234375,336713
2024-12-23,2465.125,2468.699951171875,2524.050048828125,2425.550048828125,2500.10009765625,258755
2024-12-24,2530.6298828125,2534.300048828125,2545.0,2416.050048828125,2459.89990234375,277711
2024-12-26,2538.268798828125,2541.949951171875,2552.699951171875,2487.0,2540.699951171875,152295
2024-12-27,2547.85498046875,2551.550048828125,2579.800048828125,2528.25,2545.0,303352
2024-12-30,2576.36376953125,2580.10009765625,2604.0,2535.0,2570.0,454946
2024-12-31,2602.126220703125,2605.89990234375,2629.800048828125,2506.60009765625,2580.050048828125,263835
2025-01-01,2578.36083984375,2582.10009765625,2637.699951171875,2564.5,2605.89990234375,152523
2025-01-02,2583.253662109375,2587.0,2617.0,2577.0,2599.949951171875,119622
2025-01-03,2586.798583984375,2590.550048828125,2637.0,2579.0,2595.0,216863
2025-01-06,2511.307861328125,2514.949951171875,2597.949951171875,2475.050048828125,2586.050048828125,166885
2025-01-07,2492.4853515625,2496.10009765625,2566.14990234375,2491.0,2514.85009765625,100180
2025-01-08,2407.6083984375,2411.10009765625,2520.0,2392.199951171875,2496.199951171875,184040
2025-01-09,2384.84130859375,2388.300048828125,2429.949951171875,2371.300048828125,2425.14990234375,296578
2025-01-10,2277.596923828125,2280.89990234375,2389.699951171875,2269.949951171875,2380.0,157884
2025-01-13,2157.7705078125,2160.89990234375,2253.550048828125,2147.85009765625,2235.300048828125,262724
2025-01-14,2148.683837890625,2151.800048828125,2208.550048828125,2113.64990234375,2160.0,413212
2025-01-15,2202.65576171875,2205.85009765625,2230.0,2152.10009765625,2166.800048828125,246212
2025-01-16,2195.515869140625,2198.699951171875,2256.0,2192.199951171875,2250.0,197605
2025-01-17,2279.4443359375,2282.75,2309.0,2187.050048828125,2213.39990234375,193945
2025-01-20,2345.94775390625,2349.35009765625,2365.0,2265.14990234375,2283.5,182943
2025-01-21,2280.991943359375,2284.300048828125,2358.10009765625,2275.64990234375,2354.60009765625,155354
2025-01-22,2207.94775390625,2211.14990234375,2289.35009765625,2162.25,2284.75,233782
2025-01-23,2228.11865234375,2231.35009765625,2249.449951171875,2176.550048828125,2197.0,98583
2025-01-24,2208.347412109375,2211.550048828125,2257.0,2195.0,2250.39990234375,126730
2025-01-27,2141.19482421875,2144.300048828125,2187.39990234375,2090.0,2167.300048828125,288714
2025-01-28,2108.142578125,2111.199951171875,2152.39990234375,2065.64990234375,2138.35009765625,210103
2025-01-29,2151.18017578125,2154.300048828125,2212.35009765625,2107.449951171875,2115.10009765625,398774
2025-01-30,2195.615966796875,2198.800048828125,2243.25,2154.35009765625,2154.35009765625,242621
2025-01-31,2175.245361328125,2178.39990234375,2222.0,2167.25,2203.35009765625,102629
2025-02-01,2376.753173828125,2380.199951171875,2402.39990234375,2130.60009765625,2178.10009765625,559663
2025-02-03,2338.05908203125,2341.449951171875,2370.0,2271.60009765625,2370.0,260942
2025-02-04,2301.56201171875,2304.89990234375,2407.89990234375,2291.0,2353.25,179946
2025-02-05,2301.012939453125,2304.35009765625,2323.25,2273.300048828125,2300.0,128647
2025-02-06,2256.72705078125,2260.0,2332.300048828125,2240.0,2304.35009765625,140467
2025-02-07,2243.74609375,2247.0,2265.60009765625,2220.0,2260.0,77864
2025-02-10,2207.6982421875,2210.89990234375,2257.39990234375,2165.550048828125,2240.10009765625,83582
2025-02-11,2205.052001953125,2208.25,2228.75,2093.89990234375,2209.050048828125,198496
2025-02-12,2233.91015625,2237.14990234375,2264.449951171875,2125.0,2219.89990234375,247347
2025-02-13,2122.122314453125,2125.199951171875,2194.699951171875,2115.0,2188.0,230415
2025-02-14,2039.941650390625,2042.9000244140625,2139.85009765625,2030.0,2124.050048828125,143612
2025-02-17,1947.6253662109375,1950.449951171875,2040.949951171875,1902.199951171875,2005.5,706694
2025-02-18,1888.011962890625,1890.75,1950.4000244140625,1865.0999755859375,1925.0,540664
2025-02-19,2013.8294677734375,2016.75,2026.5999755859375,1845.5,1869.699951171875,599779
2025-02-20,2192.520263671875,2195.699951171875,2219.39990234375,1991.199951171875,2013.0,1202774
2025-02-21,2095.910400390625,2098.949951171875,2159.39990234375,2076.39990234375,2151.800048828125,441330
2025-02-24,2032.4024658203125,2035.3499755859375,2097.0,2020.25,2097.0,173163
2025-02-25,2045.0841064453125,2048.050048828125,2075.0,2022.0,2022.0,126427
2025-02-27,2082.08056640625,2085.10009765625,2110.0,2032.5999755859375,2055.85009765625,177343
2025-02-28,2070.0478515625,2073.050048828125,2110.0,1996.0,2054.050048828125,215011
2025-03-03,2062.359130859375,2065.35009765625,2081.5,1987.4000244140625,2073.050048828125,138721
2025-03-04,2048.2294921875,2051.199951171875,2081.14990234375,2003.050048828125,2044.699951171875,172994
2025-03-05,2102.101318359375,2105.14990234375,2112.0,2030.25,2035.0,155405
2025-03-06,2206.05078125,2209.25,2240.449951171875,2105.0,2121.85009765625,315827
2025-03-07,2191.721435546875,2194.89990234375,2260.0,2180.0,2209.25,267114
2025-03-10,2189.0751953125,2192.25,2215.0,2175.85009765625,2194.800048828125,86049
2025-03-11,2178.390869140625,2181.550048828125,2194.0,2144.89990234375,2150.0,95291
2025-03-12,2170.552001953125,2173.699951171875,2200.0,2147.60009765625,2194.14990234375,84588
2025-03-13,2187.876953125,2191.050048828125,2226.949951171875,2151.60009765625,2163.050048828125,164602
2025-03-17,2211.143310546875,2214.35009765625,2251.449951171875,2182.0,2190.0,125995
2025-03-18,2211.143310546875,2214.35009765625,2214.35009765625,2214.35009765625,2214.35009765625,0
2025-03-19,2269.009521484375,2272.300048828125,2285.0,2232.199951171875,2260.0,162765
2025-03-20,2283.138916015625,2286.449951171875,2305.85009765625,2238.0,2285.0,94542
2025-03-21,2304.358154296875,2307.699951171875,2331.0,2251.64990234375,2285.0,139318
2025-03-24,2298.26708984375,2301.60009765625,2342.0,2285.14990234375,2307.699951171875,261482
2025-03-25,2328.922607421875,2332.300048828125,2370.60009765625,2290.0,2290.0,307193
2025-03-26,2347.54541015625,2350.949951171875,2369.0,2295.14990234375,2332.0,185936
2025-03-27,2371.8603515625,2375.300048828125,2395.0,2322.0,2334.0,132532
2025-03-28,2425.432373046875,2428.949951171875,2450.0,2331.14990234375,2375.35009765625,207212
2025-04-01,2323.8798828125,2327.25,2461.10009765625,2305.050048828125,2429.050048828125,654911
2025-04-02,2367.1669921875,2370.60009765625,2401.0,2311.35009765625,2330.0,125992
2025-04-03,2363.37255859375,2366.800048828125,2389.64990234375,2321.0,2340.0,86320
2025-04-04,2337.110595703125,2340.5,2372.800048828125,2300.0,2353.85009765625,160695
2025-04-07,2244.74462890625,2248.0,2271.699951171875,2200.0,2200.0,180520
2025-04-08,2319.935546875,2323.300048828125,2349.0,2248.14990234375,2248.14990234375,211830
2025-04-09,2317.439208984375,2320.800048828125,2347.75,2307.550048828125,2323.300048828125,68624
2025-04-11,2356.28271484375,2359.699951171875,2382.0,2338.39990234375,2367.25,146153
2025-04-15,2408.906494140625,2412.39990234375,2429.300048828125,2351.10009765625,2371.300048828125,452127
2025-04-16,2434.469482421875,2438.0,2460.0,2403.300048828125,2410.0,194649
2025-04-17,2456.737060546875,2460.300048828125,2496.0,2420.0,2428.0,157061
2025-04-21,2432.77197265625,2436.300048828125,2506.0,2410.199951171875,2460.300048828125,150688
2025-04-22,2508.3623046875,2512.0,2520.0,2440.60009765625,2460.800048828125,368689
2025-04-23,2487.292724609375,2490.89990234375,2521.199951171875,2466.699951171875,2520.0,130948
2025-04-24,2466.322998046875,2469.89990234375,2504.0,2460.5,2490.89990234375,121066
2025-04-25,2438.263916015625,2441.800048828125,2465.0,2350.199951171875,2465.0,186189
2025-04-28,2465.624267578125,2469.199951171875,2479.0,2418.199951171875,2441.800048828125,86854
2025-04-29,2486.1943359375,2489.800048828125,2505.5,2457.60009765625,2489.0,182234
2025-04-30,2452.143798828125,2455.699951171875,2482.0,2437.60009765625,2475.800048828125,126879
2025-05-02,2445.453369140625,2449.0,2469.800048828125,2406.89990234375,2455.699951171875,70542
2025-05-05,2528.9326171875,2532.60009765625,2545.0,2464.5,2475.0,272979
2025-05-06,2533.525634765625,2537.199951171875,2567.5,2504.199951171875,2523.0,251771
2025-05-07,2442.35791015625,2445.89990234375,2665.0,2425.0,2539.89990234375,985972
2025-05-08,2471.1162109375,2474.699951171875,2507.0,2436.0,2443.0,253880
2025-05-09,2445.25390625,2448.800048828125,2460.0,2372.5,2375.0,178962
2025-05-12,2526.236328125,2529.89990234375,2537.0,2466.699951171875,2477.0,211564
2025-05-13,2586.1494140625,2589.89990234375,2605.0,2516.199951171875,2526.0,269619
2025-05-14,2568.974365234375,2572.699951171875,2618.800048828125,2549.10009765625,2592.10009765625,175702
2025-05-15,2586.34912109375,2590.10009765625,2615.800048828125,2562.10009765625,2598.60009765625,270034
2025-05-16,2567.8759765625,2571.60009765625,2615.0,2566.0,2615.0,116453
2025-05-19,2585.051025390625,2588.800048828125,2611.699951171875,2561.199951171875,2584.60009765625,118851
2025-05-20,2556.99169921875,2560.699951171875,2608.800048828125,2507.10009765625,2608.800048828125,176428
2025-05-21,2435.8671875,2439.39990234375,2575.89990234375,2435.5,2541.10009765625,387954
2025-05-22,2470.816650390625,2474.39990234375,2478.199951171875,2441.10009765625,2445.0,172358
2025-05-23,2449.04833984375,2452.60009765625,2496.60009765625,2437.0,2495.0,113277
2025-05-26,2436.466552734375,2440.0,2518.0,2436.300048828125,2461.5,222874
2025-05-27,2443.95556640625,2447.5,2480.0,2438.199951171875,2463.60009765625,175831
2025-05-28,2452.143798828125,2455.699951171875,2482.0,2449.10009765625,2460.60009765625,131491
2025-05-29,2493.084228515625,2496.699951171875,2505.5,2455.5,2456.0,260576
2025-05-30,2529.132080078125,2532.800048828125,2549.89990234375,2504.5,2514.89990234375,309061
2025-06-02,2545.208740234375,2548.89990234375,2579.0,2519.800048828125,2552.89990234375,111456
2025-06-03,2666.932373046875,2670.800048828125,2703.199951171875,2574.300048828125,2577.89990234375,1198819
2025-06-04,2719.4560546875,2723.39990234375,2786.89990234375,2635.10009765625,2700.0,880428
2025-06-05,2699.185546875,2703.10009765625,2740.89990234375,2690.0,2725.89990234375,230716
2025-06-06,2626.590576171875,2630.39990234375,2727.89990234375,2606.5,2727.89990234375,243911
2025-06-09,2646.162353515625,2650.0,2655.89990234375,2621.0,2653.60009765625,90517
2025-06-10,2651.05517578125,2654.89990234375,2678.0,2635.0,2650.0,142119
2025-06-11,2551.39990234375,2555.10009765625,2654.89990234375,2533.0,2576.10009765625,473663
2025-06-12,2585.650146484375,2589.39990234375,2652.10009765625,2569.10009765625,2569.800048828125,559502
2025-06-13,2604.22314453125,2608.0,2619.0,2555.89990234375,2570.0,216599
2025-06-16,2612.7109375,2616.5,2637.800048828125,2587.60009765625,2607.89990234375,203317
2025-06-17,2600.22900390625,2604.0,2659.89990234375,2592.10009765625,2630.0,248410
2025-06-18,2651.85400390625,2655.699951171875,2664.89990234375,2612.800048828125,2615.0,211485
2025-06-19,2651.05517578125,2654.89990234375,2710.0,2641.39990234375,2655.0,312112
2025-06-20,2629.087158203125,2632.89990234375,2688.39990234375,2620.800048828125,2656.0,491400
2025-06-23,2646.861328125,2650.699951171875,2665.5,2627.10009765625,2636.300048828125,150117
2025-06-24,2679.414306640625,2683.300048828125,2695.89990234375,2638.699951171875,2669.0,203233
2025-06-25,2686.30419921875,2690.199951171875,2735.0,2679.0,2683.300048828125,225813
2025-06-26,2669.328857421875,2673.199951171875,2705.60009765625,2658.300048828125,2694.199951171875,103357
2025-06-27,2585.051025390625,2588.800048828125,2685.0,2556.10009765625,2685.0,362063
2025-06-30,2613.409912109375,2617.199951171875,2630.0,2580.0,2592.0,178537
2025-07-01,2565.479248046875,2569.199951171875,2649.0,2563.0,2640.0,145781
2025-07-02,2515.35205078125,2519.0,2597.199951171875,2508.0,2579.89990234375,152001
2025-07-03,2577.66162109375,2581.39990234375,2588.0,2502.0,2536.39990234375,176621
2025-07-04,2627.08984375,2630.89990234375,2673.0,2587.0,2587.0,271805
2025-07-07,2630.485107421875,2634.300048828125,2650.0,2593.10009765625,2620.0,87049
2025-07-08,2633.58056640625,2637.39990234375,2648.89990234375,2604.89990234375,2622.0,157771
2025-07-09,2672.02490234375,2675.89990234375,2680.5,2635.0,2640.0,150341
2025-07-10,2694.4921875,2698.39990234375,2747.0,2668.0,2694.39990234375,382895
2025-07-11,2714.363525390625,2718.300048828125,2754.0,2692.0,2711.39990234375,353928
2025-07-14,2744.22021484375,2748.199951171875,2780.0,2722.60009765625,2734.89990234375,425929
2025-07-15,2742.22314453125,2746.199951171875,2759.89990234375,2728.5,2748.199951171875,239012
2025-07-16,2736.031982421875,2740.0,2756.699951171875,2733.300048828125,2749.10009765625,118211
2025-07-17,2733.93505859375,2737.89990234375,2749.0,2727.10009765625,2742.0,66940
2025-07-18,2714.363525390625,2718.300048828125,2778.0,2701.5,2742.0,276188
2025-07-21,2723.949462890625,2727.89990234375,2740.0,2674.300048828125,2720.0,132632
2025-07-22,2754.20556640625,2758.199951171875,2769.0,2726.199951171875,2742.5,161886
2025-07-23,2758.10009765625,2762.10009765625,2785.89990234375,2740.0,2778.89990234375,157234
2025-07-24,2726.300048828125,2726.300048828125,2781.0,2700.60009765625,2757.0,184179
2025-07-25,2702.10009765625,2702.10009765625,2725.0,2680.10009765625,2725.0,80138
2025-07-28,2679.5,2679.5,2740.0,2651.0,2710.89990234375,197624
2025-07-29,2687.10009765625,2687.10009765625,2731.0,2674.699951171875,2707.60009765625,250733
2025-07-30,2711.60009765625,2711.60009765625,2725.0,2690.0,2700.89990234375,107869
2025-07-31,2734.5,2734.5,2772.0,2672.89990234375,2707.0,1115600
2025-08-01,2838.800048828125,2838.800048828125,2940.0,2750.0,2768.0,2609065
2025-08-04,2798.300048828125,2798.300048828125,2935.60009765625,2780.5,2865.0,661531
2025-08-05,2887.10009765625,2887.10009765625,2924.10009765625,2805.300048828125,2815.0,629435
2025-08-06,2837.60009765625,2837.60009765625,2918.0,2570.699951171875,2899.0,509089
2025-08-07,2837.0,2837.0,2868.5,2805.60009765625,2840.60009765625,234142
2025-08-08,2824.10009765625,2824.10009765625,2861.39990234375,2808.0,2849.0,158615
2025-08-11,2856.300048828125,2856.300048828125,2884.0,2822.10009765625,2824.10009765625,209442
2025-08-12,2895.5,2895.5,2915.0,2845.60009765625,2867.0,211968
2025-08-13,2823.89990234375,2823.89990234375,2915.5,2791.0,2915.0,233643
2025-08-14,2857.60009765625,2857.60009765625,2871.0,2777.300048828125,2847.60009765625,185108
2025-08-18,2851.300048828125,2851.300048828125,2894.699951171875,2842.0,2871.300048828125,226303
2025-08-19,2821.800048828125,2821.800048828125,2861.89990234375,2815.10009765625,2852.89990234375,125396
2025-08-20,2833.5,2833.5,2845.0,2796.5,2825.10009765625,283667
2025-08-21,2894.800048828125,2894.800048828125,2905.0,2822.199951171875,2844.0,220793
2025-08-22,2890.39990234375,2890.39990234375,2921.5,2867.199951171875,2904.89990234375,172629
2025-08-25,2912.699951171875,2912.699951171875,2924.800048828125,2884.10009765625,2905.0,228332
2025-08-26,2904.5,2904.5,2914.0,2850.0,2909.0,227390
2025-08-28,2840.0,2840.0,2905.0,2830.0,2905.0,78575
2025-08-29,2852.5,2852.5,2883.5,2818.39990234375,2845.60009765625,124344
2025-09-01,2856.699951171875,2856.699951171875,2876.39990234375,2817.0,2852.5,145580
2025-09-02,2896.699951171875,2896.699951171875,2915.800048828125,2850.0,2865.0,186740
2025-09-03,2902.10009765625,2902.10009765625,2949.0,2860.0,2896.699951171875,246083
2025-09-04,2840.39990234375,2840.39990234375,2914.800048828125,2819.10009765625,2909.0,170830
2025-09-05,2787.199951171875,2787.199951171875,2860.0,2764.10009765625,2847.0,160970
2025-09-08,2759.89990234375,2759.89990234375,2835.0,2750.10009765625,2785.0,148659
2025-09-09,2757.699951171875,2757.699951171875,2786.5,2724.60009765625,2755.0,138558
2025-09-10,2810.0,2810.0,2832.800048828125,2711.0,2757.699951171875,578859
2025-09-11,2877.0,2877.0,2892.0,2805.699951171875,2810.5,189549
2025-09-12,2870.89990234375,2870.89990234375,2903.39990234375,2848.0,2862.0,353904
2025-09-15,2980.60009765625,2980.60009765625,2986.800048828125,2904.0,2904.0,703289
2025-09-16,2994.39990234375,2994.39990234375,3021.0,2966.60009765625,2986.60009765625,445388
2025-09-17,3010.89990234375,3010.89990234375,3016.89990234375,2980.60009765625,3000.89990234375,213655
2025-09-18,3010.5,3010.5,3035.699951171875,2978.300048828125,3014.10009765625,338157
2025-09-19,3052.5,3052.5,3067.0,3003.0,3016.89990234375,539820
2025-09-22,3027.60009765625,3027.60009765625,3062.0,3010.0,3060.699951171875,94151
2025-09-23,2957.60009765625,2957.60009765625,3034.0,2946.800048828125,3030.699951171875,125042
2025-09-24,2969.300048828125,2969.300048828125,2985.0,2925.0,2979.89990234375,127858
2025-09-25,2962.800048828125,2962.800048828125,3037.800048828125,2950.0,2969.39990234375,327244
2025-09-26,2882.800048828125,2882.800048828125,2971.0,2872.89990234375,2965.0,131442
2025-09-29,2886.60009765625,2886.60009765625,2925.5,2861.699951171875,2894.300048828125,143795
2025-09-30,2887.89990234375,2887.89990234375,2902.800048828125,2859.699951171875,2880.0,131698
2025-10-01,2914.199951171875,2914.199951171875,2922.0,2854.199951171875,2884.800048828125,100145
2025-10-03,2957.60009765625,2957.60009765625,2968.89990234375,2897.0,2940.0,183044
2025-10-06,2951.199951171875,2951.199951171875,2973.0,2919.0,2973.0,121532
2025-10-07,2997.39990234375,2997.39990234375,3014.5,2950.0,2950.0,264311
2025-10-08,2982.699951171875,2982.699951171875,3005.60009765625,2966.0,3000.0,67344
2025-10-09,2987.800048828125,2987.800048828125,2997.0,2952.0,2982.0,100710
2025-10-10,2988.39990234375,2988.39990234375,3010.0,2975.0,2985.0,87885
2025-10-13,2996.5,2996.5,3040.0,2972.199951171875,2988.0,121570
2025-10-14,2911.300048828125,2911.300048828125,2998.0,2887.10009765625,2998.0,144673
2025-10-15,2951.699951171875,2951.699951171875,2965.0,2909.60009765625,2914.89990234375,88009
2025-10-16,2997.89990234375,2997.89990234375,3017.0,2951.800048828125,2953.10009765625,142577
2025-10-17,3108.5,3108.5,3130.0,2996.5,2997.39990234375,701637
2025-10-20,3254.699951171875,3254.699951171875,3281.89990234375,3130.0,3130.0,1496122
2025-10-21,3302.10009765625,3302.10009765625,3314.39990234375,3276.5,3280.0,75031
2025-10-23,3283.300048828125,3283.300048828125,3423.0,3250.39990234375,3302.10009765625,670210
2025-10-24,3220.0,3220.0,3326.89990234375,3208.10009765625,3290.89990234375,287492
2025-10-27,3214.0,3214.0,3242.39990234375,3188.10009765625,3228.800048828125,128685
2025-10-28,3188.300048828125,3188.300048828125,3288.800048828125,3177.0,3230.10009765625,194331
2025-10-29,3164.10009765625,3164.10009765625,3233.0,3145.10009765625,3209.0,634434
2025-10-30,3144.699951171875,3144.699951171875,3187.0,3128.10009765625,3187.0,352004
2025-10-31,3131.5,3131.5,3176.199951171875,3112.10009765625,3149.0,754095
2025-11-03,3193.60009765625,3193.60009765625,3203.39990234375,3120.5,3149.89990234375,348002
2025-11-04,3199.60009765625,3199.60009765625,3216.10009765625,3185.10009765625,3210.0,264233
2025-11-06,3185.89990234375,3185.89990234375,3258.0,3169.0,3207.0,316849
2025-11-07,3310.89990234375,3310.89990234375,3329.0,3163.5,3175.0,596731
2025-11-10,3259.60009765625,3259.60009765625,3319.0,3247.0,3315.89990234375,188149
2025-11-11,3275.60009765625,3275.60009765625,3304.0,3249.60009765625,3259.60009765625,222817
2025-11-12,3302.699951171875,3302.699951171875,3357.0,3273.0,3288.0,357217
2025-11-13,3187.10009765625,3187.10009765625,3319.0,3179.0,3319.0,239572
2025-11-14,3259.89990234375,3259.89990234375,3265.699951171875,3180.0,3186.0,163688
2025-11-17,3285.39990234375,3285.39990234375,3315.0,3273.60009765625,3279.5,234414
2025-11-18,3290.800048828125,3290.800048828125,3311.89990234375,3276.60009765625,3299.0,268061
2025-11-19,3229.5,3229.5,3301.0,3225.199951171875,3299.0,214939
2025-11-20,3368.0,3368.0,3591.89990234375,3261.699951171875,3262.0,5902795
2025-11-21,3273.10009765625,3273.10009765625,3447.199951171875,3253.60009765625,3395.0,1111713
2025-11-24,3256.10009765625,3256.10009765625,3332.10009765625,3237.0,3289.39990234375,445431
2025-11-25,3284.5,3284.5,3316.800048828125,3270.0,3280.0,271029
2025-11-26,3294.0,3294.0,3313.0,3268.0,3301.0,259136
2025-11-27,3160.199951171875,3160.199951171875,3308.0,3145.0,3307.5,324504
2025-11-28,3208.10009765625,3208.10009765625,3245.0,3165.800048828125,3183.0,405458
2025-12-01,3217.0,3217.0,3242.199951171875,3186.300048828125,3190.0,116018
2025-12-02,3211.60009765625,3211.60009765625,3249.0,3196.89990234375,3229.0,198692
2025-12-03,3260.699951171875,3260.699951171875,3273.60009765625,3213.89990234375,3214.0,309614
2025-12-04,3216.0,3216.0,3265.699951171875,3207.300048828125,3260.699951171875,143040
2025-12-05,3201.89990234375,3201.89990234375,3222.800048828125,3180.0,3217.300048828125,138176
2025-12-08,3148.10009765625,3148.10009765625,3260.0,3139.0,3201.89990234375,233498
2025-12-09,3209.199951171875,3209.199951171875,3218.300048828125,3092.89990234375,3140.0,238790
2025-12-10,3232.5,3232.5,3289.39990234375,3204.60009765625,3215.0,210573
2025-12-11,3199.699951171875,3199.699951171875,3235.699951171875,3172.800048828125,3235.699951171875,160219
2025-12-12,3224.10009765625,3224.10009765625,3257.89990234375,3204.60009765625,3212.5,198068
2025-12-15,3222.199951171875,3222.199951171875,3270.0,3180.0,3218.5,146630
2025-12-16,3169.300048828125,3169.300048828125,3215.0,3130.0,3215.0,122863
2025-12-17,3068.699951171875,3068.699951171875,3198.0,3062.0,3177.89990234375,245981
2025-12-18,3163.39990234375,3163.39990234375,3190.0,3082.10009765625,3089.800048828125,416210
2025-12-19,3194.89990234375,3194.89990234375,3248.0,3125.0,3150.0,389886
2025-12-22,3270.89990234375,3270.89990234375,3275.89990234375,3150.10009765625,3194.89990234375,297980
2025-12-23,3267.300048828125,3267.300048828125,3323.39990234375,3240.0,3270.0,306249
2025-12-24,3301.89990234375,3301.89990234375,3335.0,3246.0,3267.300048828125,363315
2025-12-26,3305.300048828125,3305.300048828125,3325.39990234375,3265.10009765625,3301.89990234375,303155
2025-12-29,3249.699951171875,3249.699951171875,3288.60009765625,3219.5,3263.0,209239
2025-12-30,3376.0,3376.0,3398.89990234375,3151.0,3250.0,672965
2025-12-31,3298.39990234375,3298.39990234375,3390.0,3254.5,3384.89990234375,331304
2026-01-01,3253.89990234375,3253.89990234375,3307.800048828125,3246.0,3282.0,168345
2026-01-02,3094.199951171875,3094.199951171875,3254.0,3086.0,3253.89990234375,592140
2026-01-05,3104.60009765625,3104.60009765625,3123.89990234375,3015.0,3099.0,469055
2026-01-06,3128.60009765625,3128.60009765625,3163.39990234375,3074.0,3112.39990234375,229834
2026-01-07,3207.300048828125,3207.300048828125,3239.0,3115.0,3139.0,442543
2026-01-08,3079.39990234375,3079.39990234375,3214.89990234375,3057.699951171875,3209.0,249814
2026-01-09,2945.800048828125,2945.800048828125,3091.199951171875,2919.0,3091.199951171875,435632
2026-01-12,2831.800048828125,2831.800048828125,2962.0,2781.300048828125,2962.0,963017
2026-01-13,2927.89990234375,2927.89990234375,2966.0,2845.89990234375,2855.5,718456
2026-01-14,2907.39990234375,2907.39990234375,2949.800048828125,2889.5,2927.89990234375,296806
2026-01-16,2891.10009765625,2891.10009765625,2947.89990234375,2870.60009765625,2922.60009765625,363997
2026-01-19,2837.5,2837.5,2927.800048828125,2828.5,2891.0,278320
2026-01-20,2753.5,2753.5,2852.89990234375,2722.0,2852.89990234375,397891
2026-01-21,2832.39990234375,2832.39990234375,2852.0,2700.0,2759.800048828125,654467
2026-01-22,2986.800048828125,2986.800048828125,3000.699951171875,2700.0,2849.199951171875,1014149
2026-01-23,2962.0,2962.0,3049.0,2889.0,2991.5,882356
2026-01-27,2924.0,2924.0,2976.699951171875,2874.89990234375,2901.39990234375,654595
2026-01-28,2746.800048828125,2746.800048828125,2920.0,2732.39990234375,2920.0,960964
2026-01-29,2701.300048828125,2701.300048828125,2761.0,2677.800048828125,2746.800048828125,709175
2026-01-30,2828.10009765625,2828.10009765625,2849.0,2694.89990234375,2700.0,626081
2026-02-02,2753.199951171875,2753.199951171875,2779.0,2690.0,2727.699951171875,306607
2026-02-03,2767.800048828125,2767.800048828125,2920.0,2745.0,2910.0,775731
2026-02-04,2753.5,2753.5,2846.0,2739.89990234375,2769.89990234375,292451
2026-02-05,2767.199951171875,2767.199951171875,2798.39990234375,2710.60009765625,2759.0,329810
2026-02-06,2727.199951171875,2727.199951171875,2768.699951171875,2695.0,2768.699951171875,308315
2026-02-09,2830.89990234375,2830.89990234375,2840.0,2721.89990234375,2727.199951171875,301864
2026-02-10,2763.60009765625,2763.60009765625,2840.5,2752.60009765625,2805.0,399620
2026-02-11,2814.89990234375,2814.89990234375,2833.5,2743.60009765625,2779.0,241404
2026-02-12,2831.199951171875,2831.199951171875,2840.0,2770.0,2800.0,342863
2026-02-13,2789.39990234375,2789.39990234375,2831.0,2767.800048828125,2831.0,201146
2026-02-16,2791.300048828125,2791.300048828125,2857.699951171875,2780.10009765625,2790.89990234375,323065
2026-02-17,2822.300048828125,2822.300048828125,2849.89990234375,2786.0,2809.800048828125,447241
2026-02-18,2787.800048828125,2787.800048828125,2840.0,2783.300048828125,2840.0,235770
2026-02-19,2725.39990234375,2725.39990234375,2809.89990234375,2711.0,2809.89990234375,292015
2026-02-20,2706.199951171875,2706.199951171875,2731.699951171875,2694.0,2725.39990234375,184503
2026-02-23,2716.0,2716.0,2754.699951171875,2696.300048828125,2723.199951171875,214157
2026-02-24,2720.10009765625,2720.10009765625,2734.89990234375,2698.39990234375,2718.0,171103
2026-02-25,2721.10009765625,2721.10009765625,2746.0,2704.10009765625,2730.0,134818
2026-02-26,2700.800048828125,2700.800048828125,2725.0,2672.5,2721.10009765625,190238
2026-02-27,2649.5,2649.5,2695.5,2629.800048828125,2695.5,294688
2026-03-02,2609.0,2609.0,2640.199951171875,2500.0,2500.0,278720
2026-03-04,2541.199951171875,2541.199951171875,2579.89990234375,2505.0,2562.0,299602
2026-03-05,2566.39990234375,2566.39990234375,2600.0,2529.699951171875,2574.89990234375,253867
2026-03-06,2766.89990234375,2766.89990234375,2793.89990234375,2540.10009765625,2552.5,2100819
2026-03-09,2751.60009765625,2751.60009765625,2760.0,2655.0,2736.0,373124
2026-03-10,2762.5,2762.5,2794.699951171875,2713.300048828125,2764.89990234375,381745
2026-03-11,2894.0,2894.0,2921.0,2732.89990234375,2770.0,699402
2026-03-12,2857.5,2857.5,2880.0,2781.199951171875,2880.0,549459
2026-03-13,2800.10009765625,2800.10009765625,2880.10009765625,2785.0,2850.0,445608
2026-03-16,2827.39990234375,2827.39990234375,2856.0,2757.10009765625,2788.0,283160
2026-03-17,2739.10009765625,2739.10009765625,2839.300048828125,2710.10009765625,2839.300048828125,453538
2026-03-18,2709.699951171875,2709.699951171875,2788.60009765625,2690.0,2739.0,360017
2026-03-19,2594.0,2594.0,2696.199951171875,2582.0,2696.199951171875,409085
2026-03-20,2660.5,2660.5,2706.0,2588.89990234375,2620.199951171875,407415
2026-03-23,2606.60009765625,2606.60009765625,2650.10009765625,2552.39990234375,2650.0,399468
2026-03-24,2637.300048828125,2637.300048828125,2669.800048828125,2561.0,2655.0,358955
2026-03-25,2747.0,2747.0,2761.0,2637.300048828125,2653.699951171875,494679
2026-03-27,2640.199951171875,2640.199951171875,2730.0,2611.0,2703.0,1304758
2026-03-30,2629.300048828125,2629.300048828125,2657.89990234375,2568.10009765625,2621.0,432760
2026-04-01,2684.0,2684.0,2705.0,2619.5,2679.89990234375,342760
2026-04-02,2623.199951171875,2623.199951171875,2664.5,2587.199951171875,2642.5,322074
2026-04-06,2684.699951171875,2684.699951171875,2695.0,2601.10009765625,2643.0,178418
2026-04-07,2629.0,2629.0,2684.699951171875,2617.300048828125,2684.699951171875,508369
2026-04-08,2762.300048828125,2762.300048828125,2775.5,2657.0,2670.0,449022
2026-04-09,2717.10009765625,2717.10009765625,2781.800048828125,2698.0,2760.0,362108
2026-04-10,2792.699951171875,2792.699951171875,2811.0,2722.199951171875,2737.10009765625,425148
2026-04-13,2807.699951171875,2807.699951171875,2822.699951171875,2710.0,2760.0,289424
2026-04-15,2906.699951171875,2906.699951171875,2915.0,2830.699951171875,2835.0,573925
2026-04-16,3036.39990234375,3036.39990234375,3054.800048828125,2918.0,2920.10009765625,1034273
2026-04-17,3186.89990234375,3186.89990234375,3227.0,3014.199951171875,3040.10009765625,1189319
2026-04-20,3340.10009765625,3340.10009765625,3365.0,3191.10009765625,3220.89990234375,1253847
2026-04-21,3249.199951171875,3249.199951171875,3436.0,3170.199951171875,3356.800048828125,1099710
2026-04-22,3243.0,3243.0,3307.5,3209.60009765625,3250.0,401276
2026-04-23,3199.199951171875,3199.199951171875,3257.60009765625,3190.0,3243.0,196159
2026-04-24,3187.199951171875,3187.199951171875,3239.89990234375,3162.5,3212.199951171875,237218
2026-04-27,3315.39990234375,3315.39990234375,3339.0,3218.10009765625,3225.0,592198
