Date,Adj Close,Close,High,Low,Open,Volume
,SONATSOFTW.NS,SONATSOFTW.NS,SONATSOFTW.NS,SONATSOFTW.NS,SONATSOFTW.NS,SONATSOFTW.NS
2010-01-04,8.864869117736816,16.668750762939453,17.137500762939453,15.956250190734863,16.049999237060547,1991037
2010-01-05,9.014443397521973,16.950000762939453,17.25,16.649999618530273,16.875,1532053
2010-01-06,8.984529495239258,16.893749237060547,17.174999237060547,16.837499618530273,17.081249237060547,957847
2010-01-07,8.924702644348145,16.78125,17.25,16.59375,17.043750762939453,868005
2010-01-08,9.263737678527832,17.418750762939453,18.1875,16.518749237060547,16.875,2325807
2010-01-11,9.373427391052246,17.625,17.850000381469727,17.287500381469727,17.4375,931781
2010-01-12,9.592806816101074,18.037500381469727,18.506250381469727,17.625,17.793750762939453,2065039
2010-01-13,11.357803344726562,21.356250762939453,21.65625,17.737499237060547,18.0,17359591
2010-01-14,11.696839332580566,21.993749618530273,23.174999237060547,20.850000381469727,22.049999237060547,25563111
2010-01-15,12.005967140197754,22.575000762939453,23.15625,21.412500381469727,22.256250381469727,9616055
2010-01-18,12.205399513244629,22.950000762939453,23.362499237060547,22.03125,22.462499618530273,5192495
2010-01-19,11.457520484924316,21.543750762939453,23.212499618530273,21.262500762939453,23.212499618530273,2845082
2010-01-20,12.634184837341309,23.756250381469727,24.318750381469727,21.524999618530273,21.75,9323501
2010-01-21,11.666923522949219,21.9375,23.625,21.581249237060547,23.625,4633485
2010-01-22,11.78658676147461,22.162500381469727,22.6875,20.662500381469727,21.674999237060547,3776831
2010-01-25,11.427602767944336,21.487499237060547,22.293750762939453,21.337499618530273,22.293750762939453,1764482
2010-01-27,10.580009460449219,19.893749237060547,21.9375,19.6875,21.375,1755895
2010-01-28,10.560064315795898,19.856250762939453,20.887500762939453,19.5,20.081249237060547,1414450
2010-01-29,11.676899909973145,21.956249237060547,22.125,19.5,19.5,3334154
2010-02-01,11.417634963989258,21.46875,22.5,21.225000381469727,21.412500381469727,2769735
2010-02-02,11.158370971679688,20.981250762939453,22.462499618530273,20.8125,21.712499618530273,1315285
2010-02-03,11.307944297790527,21.262500762939453,21.600000381469727,21.0,21.299999237060547,995810
2010-02-04,11.278029441833496,21.206249237060547,22.012500762939453,20.831249237060547,21.712499618530273,949167
2010-02-05,10.789414405822754,20.287500381469727,20.700000762939453,19.96875,20.625,981503
2010-02-08,11.008793830871582,20.700000762939453,21.431249618530273,20.4375,21.037500381469727,803765
2010-02-09,11.2481107711792,21.149999618530273,21.524999618530273,20.625,20.625,1280599
2010-02-10,11.517349243164062,21.65625,21.84375,21.0,21.487499237060547,1610666
2010-02-11,11.557236671447754,21.731250762939453,22.462499618530273,21.450000762939453,21.75,1825519
2010-02-15,11.357803344726562,21.356250762939453,21.918750762939453,21.225000381469727,21.75,470410
2010-02-16,11.128456115722656,20.924999237060547,21.600000381469727,20.662500381469727,21.46875,485757
2010-02-17,11.138423919677734,20.943750381469727,21.524999618530273,20.774999618530273,21.206249237060547,685999
2010-02-18,10.679723739624023,20.081249237060547,21.637500762939453,19.912500381469727,21.299999237060547,1237061
2010-02-19,10.560064315795898,19.856250762939453,20.231250762939453,19.706249237060547,20.081249237060547,748509
2010-02-22,10.490262031555176,19.725000381469727,20.606250762939453,19.537500381469727,20.606250762939453,537063
2010-02-23,10.380573272705078,19.518749237060547,19.931249618530273,19.368749618530273,19.649999618530273,383101
2010-02-24,10.101364135742188,18.993749618530273,19.706249237060547,18.787500381469727,19.649999618530273,402866
2010-02-25,10.031562805175781,18.862499237060547,19.631250381469727,18.768749237060547,19.387500762939453,455258
2010-02-26,10.450376510620117,19.649999618530273,19.96875,18.375,19.125,1129471
2010-03-02,10.609926223754883,19.950000762939453,20.174999237060547,18.787500381469727,19.893749237060547,413354
2010-03-03,10.889132499694824,20.475000381469727,20.756250381469727,19.799999237060547,20.15625,842277
2010-03-04,10.799384117126465,20.306249618530273,20.493749618530273,20.0625,20.100000381469727,376581
2010-03-05,11.148397445678711,20.962499618530273,21.65625,20.325000762939453,20.512500762939453,1487847
2010-03-08,11.646981239318848,21.899999618530273,22.274999618530273,21.487499237060547,21.899999618530273,2063858
2010-03-09,11.477463722229004,21.581249237060547,21.899999618530273,21.206249237060547,21.899999618530273,821237
2010-03-10,11.527325630187988,21.674999237060547,22.3125,21.393749237060547,21.600000381469727,970647
2010-03-11,11.347832679748535,21.337499618530273,21.84375,21.09375,21.75,596285
2010-03-12,11.317919731140137,21.28125,22.012500762939453,21.149999618530273,22.012500762939453,562586
2010-03-15,11.288002967834473,21.225000381469727,21.450000762939453,20.71875,21.037500381469727,390709
2010-03-16,11.617067337036133,21.84375,22.612499237060547,21.431249618530273,21.637500762939453,1775378
2010-03-17,11.995989799499512,22.556249618530273,22.875,22.049999237060547,22.049999237060547,2551757
2010-03-18,11.716787338256836,22.03125,22.6875,21.787500381469727,22.518749237060547,579562
2010-03-19,11.646981239318848,21.899999618530273,22.5,21.806249618530273,22.049999237060547,337802
2010-03-22,11.597123146057129,21.806249618530273,22.068750381469727,20.71875,21.0,451927
2010-03-23,12.335033416748047,23.193750381469727,24.112499237060547,21.75,22.012500762939453,8231391
2010-03-25,11.726757049560547,22.049999237060547,23.174999237060547,21.75,21.75,959658
2010-03-26,11.716787338256836,22.03125,23.325000762939453,21.9375,22.237499237060547,1942767
2010-03-29,11.477463722229004,21.581249237060547,22.837499618530273,21.225000381469727,22.125,857762
2010-03-30,11.268056869506836,21.1875,21.956249237060547,21.075000762939453,21.731250762939453,711997
2010-03-31,11.258085250854492,21.168750762939453,21.75,20.662500381469727,21.225000381469727,684578
2010-04-01,11.776613235473633,22.143749237060547,22.462499618530273,21.262500762939453,21.693750381469727,944751
2010-04-05,12.245285987854004,23.024999618530273,23.362499237060547,21.993749618530273,22.256250381469727,1716178
2010-04-06,12.374920845031738,23.268749237060547,23.868749618530273,22.875,23.362499237060547,1918149
2010-04-07,12.564380645751953,23.625,24.337499618530273,22.96875,23.100000381469727,2827341
2010-04-08,12.155543327331543,22.856250762939453,23.943750381469727,22.649999618530273,23.587499618530273,1354053
2010-04-09,12.135599136352539,22.818750381469727,23.493749618530273,22.556249618530273,23.0625,708530
2010-04-12,12.394864082336426,23.306249618530273,23.512500762939453,22.912500381469727,23.081249237060547,708557
2010-04-13,12.664098739624023,23.8125,24.1875,23.118749618530273,23.625,2390759
2010-04-15,12.843591690063477,24.149999618530273,24.65625,23.4375,23.943750381469727,5982685
2010-04-16,13.092883110046387,24.618749618530273,25.012500762939453,23.850000381469727,23.962499618530273,3546879
2010-04-19,12.295143127441406,23.118749618530273,26.25,22.649999618530273,26.25,2415045
2010-04-20,11.97604751586914,22.518749237060547,23.962499618530273,21.862499237060547,23.4375,3226010
2010-04-21,12.035881996154785,22.631250381469727,23.34375,22.087499618530273,22.5,1500306
2010-04-22,12.175480842590332,22.893749237060547,23.212499618530273,22.143749237060547,22.668750762939453,1180442
2010-04-23,12.444721221923828,23.399999618530273,23.587499618530273,22.743749618530273,22.931249618530273,1386578
2010-04-26,12.364944458007812,23.25,23.71875,23.0625,23.625,766703
2010-04-27,11.995989799499512,22.556249618530273,23.587499618530273,22.5,23.512500762939453,916597
2010-04-28,11.577179908752441,21.768749237060547,25.556249618530273,21.674999237060547,22.556249618530273,1292962
2010-04-29,11.916220664978027,22.40625,22.612499237060547,22.125,22.3125,823999
2010-04-30,12.115655899047852,22.78125,23.287500381469727,22.556249618530273,22.837499618530273,678157
2010-05-03,11.696839332580566,21.993749618530273,22.837499618530273,21.825000762939453,22.59375,521485
2010-05-04,11.637012481689453,21.881250381469727,22.893749237060547,21.787500381469727,22.200000762939453,1269687
2010-05-05,11.537293434143066,21.693750381469727,22.537500381469727,21.1875,21.5625,1253266
2010-05-06,11.477463722229004,21.581249237060547,22.049999237060547,21.375,21.9375,552330
2010-05-07,10.988847732543945,20.662500381469727,21.487499237060547,20.475000381469727,21.075000762939453,495879
2010-05-10,11.347832679748535,21.337499618530273,21.637500762939453,20.90625,20.90625,615834
2010-05-11,11.028733253479004,20.737499237060547,21.524999618530273,20.643749237060547,21.037500381469727,402151
2010-05-12,11.078594207763672,20.831249237060547,21.09375,20.549999237060547,20.90625,338965
2010-05-13,10.988847732543945,20.662500381469727,21.225000381469727,20.625,21.056249618530273,508845
2010-05-14,10.779440879821777,20.268749237060547,20.8125,20.100000381469727,20.625,193687
2010-05-17,10.560064315795898,19.856250762939453,20.25,19.424999237060547,20.043750762939453,438319
2010-05-18,10.3207426071167,19.40625,20.137500762939453,19.256250381469727,19.912500381469727,332823
2010-05-19,10.071449279785156,18.9375,19.6875,18.825000762939453,19.21875,272501
2010-05-20,9.822155952453613,18.46875,19.6875,18.375,19.6875,352306
2010-05-21,9.523002624511719,17.90625,18.168750762939453,17.362499237060547,18.018749237060547,588055
2010-05-24,9.114164352416992,17.137500762939453,18.375,16.987499237060547,18.375,448383
2010-05-25,8.565719604492188,16.106250762939453,17.53125,15.75,16.612499237060547,1027613
2010-05-26,8.924702644348145,16.78125,17.25,15.918749809265137,16.743749618530273,1194023
2010-05-27,8.994502067565918,16.912500381469727,17.137500762939453,16.631250381469727,17.0625,1132930
2010-05-28,9.253765106201172,17.399999618530273,17.793750762939453,17.137500762939453,17.625,415426
2010-05-31,9.493086814880371,17.850000381469727,18.112499237060547,17.362499237060547,17.587499618530273,853735
2010-06-01,8.904754638671875,16.743749618530273,17.793750762939453,16.59375,17.325000762939453,823183
2010-06-02,8.974559783935547,16.875,17.0625,16.575000762939453,16.762500762939453,421607
2010-06-03,8.894783973693848,16.725000381469727,17.212499618530273,16.649999618530273,17.118749618530273,1817831
2010-06-04,9.74238109588623,18.318750381469727,18.543750762939453,16.518749237060547,16.518749237060547,4220210
2010-06-07,9.463172912597656,17.793750762939453,18.0,17.306249618530273,17.625,1067978
2010-06-08,9.351602554321289,17.287500381469727,18.149999618530273,17.024999618530273,17.662500381469727,587813
2010-06-09,9.635599136352539,17.8125,17.981250762939453,17.456249237060547,17.493749618530273,766853
2010-06-10,10.487590789794922,19.387500762939453,19.799999237060547,17.662500381469727,17.850000381469727,1748239
2010-06-11,10.416590690612793,19.256250381469727,20.024999618530273,18.975000381469727,19.537500381469727,1113887
2010-06-14,10.660015106201172,19.706249237060547,20.0625,19.59375,19.743749618530273,582447
2010-06-15,10.639730453491211,19.668750762939453,20.25,19.3125,19.668750762939453,812453
2010-06-16,10.99472713470459,20.325000762939453,20.793750762939453,19.837499618530273,19.950000762939453,1973434
2010-06-17,11.2990083694458,20.887500762939453,21.450000762939453,20.25,20.268749237060547,1921813
2010-06-18,11.015013694763184,20.362499237060547,21.112499237060547,20.25,20.887500762939453,597263
2010-06-21,10.944013595581055,20.231250762939453,20.793750762939453,20.081249237060547,20.625,419370
2010-06-22,10.720873832702637,19.818750381469727,20.231250762939453,19.6875,20.231250762939453,388690
2010-06-23,10.609302520751953,19.612499237060547,19.875,19.462499618530273,19.78125,449399
2010-06-24,10.507875442504883,19.424999237060547,20.15625,19.256250381469727,19.837499618530273,614997
2010-06-25,10.487590789794922,19.387500762939453,20.024999618530273,19.3125,19.481250762939453,580925
2010-06-28,10.518016815185547,19.443750381469727,19.875,19.3125,19.424999237060547,460695
2010-06-29,10.69044303894043,19.762500762939453,20.625,19.424999237060547,19.424999237060547,1855071
2010-06-30,10.761444091796875,19.893749237060547,20.043750762939453,19.575000762939453,19.575000762939453,454909
2010-07-01,11.106297492980957,20.53125,23.625,19.649999618530273,19.6875,3823975
2010-07-02,10.741158485412598,19.856250762939453,20.90625,19.556249618530273,20.90625,657501
2010-07-05,10.69044303894043,19.762500762939453,20.0625,19.668750762939453,20.0625,250327
2010-07-06,11.065723419189453,20.456249237060547,20.681249618530273,19.837499618530273,19.837499618530273,1019247
2010-07-07,10.933870315551758,20.212499618530273,20.850000381469727,20.081249237060547,20.850000381469727,1260959
2010-07-08,11.167155265808105,20.643749237060547,20.962499618530273,19.987499237060547,20.662500381469727,1567725
2010-07-09,11.035296440124512,20.399999618530273,21.131250381469727,20.306249618530273,21.037500381469727,995935
2010-07-12,11.50186538696289,21.262500762939453,21.75,20.475000381469727,20.737499237060547,4446626
2010-07-13,11.2990083694458,20.887500762939453,21.375,20.831249237060547,21.375,633770
2010-07-14,11.380149841308594,21.037500381469727,21.787500381469727,20.831249237060547,21.0,1897127
2010-07-15,11.0758695602417,20.475000381469727,21.450000762939453,20.287500381469727,21.1875,997029
2010-07-16,11.035296440124512,20.399999618530273,20.850000381469727,20.306249618530273,20.475000381469727,625877
2010-07-19,10.954154968261719,20.25,20.587499618530273,20.100000381469727,20.325000762939453,490125
2010-07-20,10.771586418151855,19.912500381469727,20.681249618530273,19.706249237060547,20.606250762939453,646770
2010-07-21,10.528160095214844,19.462499618530273,20.325000762939453,19.200000762939453,20.212499618530273,599487
2010-07-22,10.487590789794922,19.387500762939453,19.649999618530273,19.331249237060547,19.649999618530273,359530
2010-07-23,10.365878105163574,19.162500381469727,19.799999237060547,18.956249237060547,19.799999237060547,465543
2010-07-26,10.112311363220215,18.693750381469727,19.424999237060547,18.581249237060547,19.424999237060547,435429
2010-07-27,10.203593254089355,18.862499237060547,19.237499237060547,18.5625,18.787500381469727,557293
2010-07-28,10.152875900268555,18.768749237060547,19.125,18.674999237060547,18.787500381469727,207791
2010-07-29,10.021024703979492,18.524999618530273,18.918750762939453,18.412500381469727,18.75,338647
2010-07-30,9.950023651123047,18.393749237060547,18.65625,18.318750381469727,18.600000381469727,222269
2010-08-02,10.203593254089355,18.862499237060547,19.125,18.412500381469727,18.637500762939453,541639
2010-08-03,10.223876953125,18.899999618530273,21.5625,18.412500381469727,19.125,664277
2010-08-04,10.406448364257812,19.237499237060547,20.100000381469727,18.9375,18.9375,2752023
2010-08-05,10.06159496307373,18.600000381469727,19.612499237060547,18.431249618530273,19.5,1195493
2010-08-06,9.990596771240234,18.46875,18.956249237060547,18.337499618530273,18.956249237060547,865047
2010-08-09,9.990596771240234,18.46875,18.899999618530273,18.337499618530273,18.337499618530273,911271
2010-08-10,9.899312019348145,18.299999237060547,18.825000762939453,18.1875,18.712499618530273,1073573
2010-08-11,9.564600944519043,17.681249618530273,18.46875,17.53125,18.375,967226
2010-08-12,9.341461181640625,17.268749237060547,17.625,17.193750381469727,17.625,830687
2010-08-13,9.463172912597656,17.493749618530273,17.831249237060547,17.212499618530273,17.34375,493634
2010-08-16,9.280604362487793,17.15625,17.774999618530273,16.893749237060547,17.662500381469727,450778
2010-08-17,9.290746688842773,17.174999237060547,17.625,17.100000381469727,17.418750762939453,376597
2010-08-18,9.18932056427002,16.987499237060547,17.53125,16.875,17.25,521639
2010-08-19,9.311030387878418,17.212499618530273,17.418750762939453,17.100000381469727,17.15625,429573
2010-08-20,9.341461181640625,17.268749237060547,17.756250381469727,17.174999237060547,17.25,644503
2010-08-23,9.473316192626953,17.512500762939453,17.71875,17.212499618530273,17.287500381469727,567298
2010-08-24,9.432744979858398,17.4375,17.737499237060547,17.306249618530273,17.681249618530273,379962
2010-08-25,9.138606071472168,16.893749237060547,17.568750381469727,16.799999237060547,17.549999237060547,334722
2010-08-26,9.047321319580078,16.725000381469727,17.15625,16.5,17.043750762939453,555026
2010-08-27,8.976323127746582,16.59375,17.043750762939453,16.518749237060547,16.762500762939453,460853
2010-08-30,8.8038969039917,16.274999618530273,16.875,16.200000762939453,16.837499618530273,244237
2010-08-31,8.672039031982422,16.03125,16.3125,15.975000381469727,16.125,286293
2010-09-01,8.864752769470215,16.387500762939453,16.6875,16.087499618530273,16.200000762939453,514845
2010-09-02,8.966180801391602,16.575000762939453,16.875,16.5,16.875,260165
2010-09-03,9.016891479492188,16.668750762939453,16.837499618530273,16.537500381469727,16.6875,262879
2010-09-06,9.311030387878418,17.212499618530273,17.4375,16.649999618530273,16.743749618530273,1610357
2010-09-07,9.747170448303223,18.018749237060547,18.28125,17.174999237060547,17.174999237060547,1596895
2010-09-08,10.152875900268555,18.768749237060547,19.387500762939453,18.09375,18.1875,5740047
2010-09-09,10.710728645324707,19.799999237060547,20.0625,18.712499618530273,18.956249237060547,3911938
2010-09-13,11.410576820373535,21.09375,22.274999618530273,19.96875,20.137500762939453,11103237
2010-09-14,11.258437156677246,20.8125,22.350000381469727,20.381250381469727,21.75,10096866
2010-09-15,11.015013694763184,20.362499237060547,21.1875,20.25,20.737499237060547,2400642
2010-09-16,10.497732162475586,19.40625,20.850000381469727,19.125,20.399999618530273,2371999
2010-09-17,10.842582702636719,20.043750762939453,20.4375,19.5,19.5,4042815
2010-09-20,10.69044303894043,19.762500762939453,20.34375,19.518749237060547,20.024999618530273,1843210
2010-09-21,10.507875442504883,19.424999237060547,20.137500762939453,19.274999618530273,20.081249237060547,1589615
2010-09-22,10.335447311401367,19.106250762939453,19.649999618530273,19.012500762939453,19.162500381469727,1174165
2010-09-23,10.122453689575195,18.712499618530273,19.237499237060547,18.618749618530273,19.162500381469727,1172349
2010-09-24,10.477449417114258,19.368749618530273,19.762500762939453,18.393749237060547,18.993749618530273,2070791
2010-09-27,9.970309257507324,18.431249618530273,19.837499618530273,18.299999237060547,19.649999618530273,2431429
2010-09-28,9.81816577911377,18.149999618530273,18.65625,18.056249618530273,18.5625,1704053
2010-09-29,10.244163513183594,18.9375,19.518749237060547,18.1875,18.1875,4232954
2010-09-30,10.092020988464355,18.65625,19.125,18.506250381469727,19.125,1203853
2010-10-01,10.254307746887207,18.956249237060547,19.256250381469727,18.75,18.9375,1178791
2010-10-04,10.092020988464355,18.65625,19.21875,18.487499237060547,18.975000381469727,774591
2010-10-05,10.081879615783691,18.637500762939453,18.825000762939453,18.487499237060547,18.75,804178
2010-10-06,10.731014251708984,19.837499618530273,20.418750762939453,18.581249237060547,18.899999618530273,8434255
2010-10-07,10.355732917785645,19.143749237060547,20.325000762939453,19.012500762939453,20.043750762939453,3083314
2010-10-08,10.274592399597168,18.993749618530273,19.462499618530273,18.787500381469727,19.21875,999106
2010-10-11,10.234024047851562,18.918750762939453,19.368749618530273,18.75,19.200000762939453,719943
2010-10-12,10.619447708129883,19.631250381469727,21.75,19.106250762939453,20.625,3945919
2010-10-13,10.497732162475586,19.40625,19.837499618530273,19.3125,19.537500381469727,1204173
2010-10-14,10.325305938720703,19.087499618530273,20.0625,18.9375,20.0625,1004431
2010-10-15,10.122453689575195,18.712499618530273,19.5,18.600000381469727,18.9375,1317781
2010-10-18,10.335447311401367,19.106250762939453,19.3125,18.375,18.862499237060547,1350690
2010-10-19,10.43687629699707,19.293750762939453,19.799999237060547,19.162500381469727,19.799999237060547,2528365
2010-10-20,10.213733673095703,18.881250381469727,19.481250762939453,18.75,19.125,666293
2010-10-21,10.294875144958496,19.03125,19.162500381469727,18.75,19.068750381469727,422295
2010-10-22,10.34559154510498,19.125,19.40625,18.881250381469727,19.200000762939453,846493
2010-10-25,10.244163513183594,18.9375,19.462499618530273,18.618749618530273,19.237499237060547,1469202
2010-10-26,10.416590690612793,19.256250381469727,19.537500381469727,18.899999618530273,19.012500762939453,1615021
2010-10-27,11.146867752075195,20.606250762939453,21.075000762939453,19.237499237060547,19.3125,8912469
2010-10-28,11.278722763061523,20.850000381469727,21.431249618530273,20.625,20.924999237060547,7354295
2010-10-29,12.049575805664062,22.274999618530273,22.649999618530273,20.325000762939453,21.131250381469727,15918890
2010-11-01,12.424849510192871,22.96875,23.231250762939453,22.59375,22.837499618530273,13580341
2010-11-02,12.009000778198242,22.200000762939453,23.418750762939453,21.9375,23.418750762939453,6146997
2010-11-03,11.866997718811035,21.9375,22.462499618530273,21.787500381469727,22.387500762939453,2246458
2010-11-04,12.455278396606445,23.024999618530273,23.193750381469727,21.1875,22.087499618530273,7005002
2010-11-08,12.658136367797852,23.399999618530273,23.850000381469727,22.537500381469727,23.212499618530273,3192439
2010-11-09,12.211857795715332,22.575000762939453,24.112499237060547,22.125,24.056249618530273,13491306
2010-11-10,12.090140342712402,22.350000381469727,23.15625,22.181249618530273,22.818750381469727,3661618
2010-11-11,12.009000778198242,22.200000762939453,23.0625,21.993749618530273,22.575000762939453,2606871
2010-11-12,11.522149085998535,21.299999237060547,22.40625,21.09375,22.200000762939453,2162293
2010-11-15,11.735145568847656,21.693750381469727,22.162500381469727,20.362499237060547,21.375,2268754
2010-11-16,11.48744010925293,20.868749618530273,22.293750762939453,20.71875,21.524999618530273,2801845
2010-11-18,11.146842002868652,20.25,21.28125,19.59375,20.90625,1860751
2010-11-19,10.651424407958984,19.350000381469727,20.456249237060547,19.125,20.456249237060547,1439797
2010-11-22,10.641105651855469,19.331249237060547,19.799999237060547,18.674999237060547,19.518749237060547,1223599
2010-11-23,10.506929397583008,19.087499618530273,19.612499237060547,18.0,19.200000762939453,1474906
2010-11-24,10.238580703735352,18.600000381469727,19.5,18.375,19.162500381469727,935919
2010-11-25,9.877340316772461,17.943750381469727,19.087499618530273,17.737499237060547,18.75,1143679
2010-11-26,9.31999683380127,16.931249618530273,18.112499237060547,16.125,17.737499237060547,1309775
2010-11-29,9.959907531738281,18.09375,18.28125,16.987499237060547,17.25,1352146
2010-11-30,10.259224891662598,18.637500762939453,19.21875,18.46875,18.674999237060547,2297349
2010-12-01,10.414040565490723,18.918750762939453,19.03125,18.450000762939453,18.450000762939453,866994
2010-12-02,10.506929397583008,19.087499618530273,19.59375,18.9375,19.049999237060547,1186911
2010-12-03,10.207616806030273,18.543750762939453,19.21875,18.46875,19.143749237060547,682087
2010-12-06,10.10440731048584,18.356250762939453,18.993749618530273,18.075000762939453,18.375,667951
2010-12-07,10.238580703735352,18.600000381469727,18.9375,17.90625,18.412500381469727,1026162
2010-12-08,9.805088996887207,17.8125,18.75,17.625,18.375,1213810
2010-12-09,9.020682334899902,16.387500762939453,17.981250762939453,15.9375,17.943750381469727,1191922
2010-12-10,9.4335298538208,17.137500762939453,17.193750381469727,15.975000381469727,16.200000762939453,929181
2010-12-13,9.691559791564941,17.606250762939453,17.737499237060547,16.912500381469727,16.912500381469727,618498
2010-12-14,9.78444766998291,17.774999618530273,18.337499618530273,17.325000762939453,17.625,1193335
2010-12-15,9.681235313415527,17.587499618530273,17.868749618530273,17.212499618530273,17.625,638191
2010-12-16,9.743165016174316,17.700000762939453,18.0,17.174999237060547,17.549999237060547,1035050
2010-12-20,9.774129867553711,17.756250381469727,18.112499237060547,17.287500381469727,17.399999618530273,1732765
2010-12-21,9.774129867553711,17.756250381469727,17.943750381469727,17.587499618530273,17.625,495946
2010-12-22,9.670918464660645,17.568750381469727,17.924999237060547,17.399999618530273,17.71875,395677
2010-12-23,9.691559791564941,17.606250762939453,17.962499618530273,17.362499237060547,17.625,455183
2010-12-24,9.691559791564941,17.606250762939453,17.793750762939453,17.456249237060547,17.456249237060547,481829
2010-12-27,9.805088996887207,17.8125,17.887500762939453,17.625,17.700000762939453,429109
2010-12-28,10.186975479125977,18.506250381469727,18.899999618530273,18.1875,18.262500762939453,1947735
2010-12-29,10.156011581420898,18.450000762939453,18.712499618530273,18.337499618530273,18.5625,413517
2010-12-30,10.135370254516602,18.412500381469727,18.693750381469727,18.262500762939453,18.543750762939453,519119
2010-12-31,10.217937469482422,18.5625,18.674999237060547,18.375,18.543750762939453,524351
2011-01-03,10.630782127380371,19.3125,19.462499618530273,18.768749237060547,18.9375,1534242
2011-01-04,10.837203979492188,19.6875,19.856250762939453,19.106250762939453,19.5,2101498
2011-01-05,10.455322265625,18.993749618530273,19.762500762939453,18.862499237060547,19.6875,788589
2011-01-06,10.2489013671875,18.618749618530273,19.143749237060547,18.412500381469727,19.143749237060547,474543
2011-01-07,9.815410614013672,17.831249237060547,18.75,17.662500381469727,18.75,591047
2011-01-10,9.48513412475586,17.231250762939453,18.0,17.081249237060547,18.0,553943
2011-01-11,9.52641773223877,17.306249618530273,17.625,17.174999237060547,17.4375,450111
2011-01-12,9.681235313415527,17.587499618530273,17.962499618530273,17.024999618530273,17.418750762939453,588215
2011-01-13,9.4335298538208,17.137500762939453,17.774999618530273,17.043750762939453,17.625,541023
2011-01-14,9.289034843444824,16.875,17.4375,16.725000381469727,17.4375,520967
2011-01-17,9.144537925720215,16.612499237060547,17.137500762939453,16.462499618530273,16.875,331050
2011-01-18,9.31999683380127,16.931249618530273,17.043750762939453,16.6875,16.837499618530273,251597
2011-01-19,9.134218215942383,16.59375,17.568750381469727,16.424999237060547,17.25,1061879
2011-01-20,9.041326522827148,16.424999237060547,16.762500762939453,16.3125,16.481250762939453,407895
2011-01-21,8.948437690734863,16.256250381469727,16.649999618530273,16.21875,16.424999237060547,552554
2011-01-24,8.938114166259766,16.237499237060547,16.424999237060547,16.181249618530273,16.200000762939453,266519
2011-01-25,9.000041007995605,16.350000381469727,16.6875,16.237499237060547,16.424999237060547,493871
2011-01-27,8.855545043945312,16.087499618530273,16.40625,15.975000381469727,16.387500762939453,257517
2011-01-28,8.432378768920898,15.318750381469727,16.181249618530273,15.037500381469727,16.106250762939453,497917
2011-01-31,8.287881851196289,15.056249618530273,15.262499809265137,14.662500381469727,15.262499809265137,361005
2011-02-01,8.184670448303223,14.868749618530273,15.262499809265137,14.71875,15.243749618530273,340026
2011-02-02,8.256919860839844,15.0,15.168749809265137,14.8125,15.168749809265137,220325
2011-02-03,8.40141487121582,15.262499809265137,15.543749809265137,14.831250190734863,15.0,433805
2011-02-04,8.236275672912598,14.962499618530273,15.543749809265137,14.71875,15.46875,378119
2011-02-07,8.194993019104004,14.887499809265137,15.149999618530273,14.8125,14.868749618530273,213077
2011-02-08,7.885356903076172,14.324999809265137,14.981249809265137,14.268750190734863,14.962499618530273,334746
2011-02-09,7.379620552062988,13.40625,14.25,12.975000381469727,14.25,406071
2011-02-10,7.2867279052734375,13.237500190734863,13.875,12.824999809265137,13.574999809265137,449047
2011-02-11,7.813111305236816,14.193750381469727,14.4375,12.637499809265137,13.125,496805
2011-02-14,8.246598243713379,14.981249809265137,15.1875,14.4375,14.475000381469727,448186
2011-02-15,8.349808692932129,15.168749809265137,15.712499618530273,14.850000381469727,15.262499809265137,1826503
2011-02-16,8.205313682556152,14.90625,15.262499809265137,14.625,15.168749809265137,602343
2011-02-17,8.060816764831543,14.643750190734863,14.925000190734863,14.550000190734863,14.925000190734863,525693
2011-02-18,7.813111305236816,14.193750381469727,14.90625,14.081250190734863,14.8125,420538
2011-02-21,7.647970199584961,13.893750190734863,14.306249618530273,13.725000381469727,14.306249618530273,317098
2011-02-22,7.513796806335449,13.649999618530273,13.912500381469727,13.537500381469727,13.912500381469727,342338
2011-02-23,7.544760704040527,13.706250190734863,13.875,13.462499618530273,13.59375,1193234
2011-02-24,7.121592998504639,12.9375,13.800000190734863,12.693750381469727,13.800000190734863,596869
2011-02-25,7.1525559425354,12.993749618530273,13.3125,12.75,13.125,396087
2011-02-28,7.059663772583008,12.824999809265137,13.59375,12.75,13.125,587589
2011-03-01,7.224803924560547,13.125,13.387499809265137,12.862500190734863,12.9375,716594
2011-03-03,6.9254913330078125,12.581250190734863,13.350000381469727,12.524999618530273,13.125,662927
2011-03-04,7.008059501647949,12.731249809265137,13.125,12.65625,12.731249809265137,609037
2011-03-07,6.791316032409668,12.337499618530273,12.65625,12.225000381469727,12.65625,451989
2011-03-08,6.987417221069336,12.693750381469727,12.787500381469727,12.375,12.487500190734863,420487
2011-03-09,6.997737407684326,12.712499618530273,12.899999618530273,12.618749618530273,12.824999809265137,486114
2011-03-10,6.956456184387207,12.637499809265137,12.84375,12.600000381469727,12.693750381469727,261682
2011-03-11,6.915167808532715,12.5625,12.84375,12.46875,12.65625,425247
2011-03-14,6.9254913330078125,12.581250190734863,12.787500381469727,12.487500190734863,12.543749809265137,229701
2011-03-15,6.71906852722168,12.206250190734863,12.487500190734863,12.037500381469727,12.09375,487437
2011-03-16,6.708747386932373,12.1875,12.600000381469727,12.149999618530273,12.356249809265137,324509
2011-03-17,6.657140254974365,12.09375,12.262499809265137,12.0,12.112500190734863,260855
2011-03-18,6.657140254974365,12.09375,12.225000381469727,11.887499809265137,12.074999809265137,290037
2011-03-21,6.750030994415283,12.262499809265137,12.487500190734863,12.0,12.112500190734863,1060797
2011-03-22,7.069986820220947,12.84375,12.9375,12.375,12.375,1006370
2011-03-23,7.379620552062988,13.40625,13.518750190734863,12.824999809265137,12.9375,981989
2011-03-24,7.255765914916992,13.181249618530273,13.6875,13.087499618530273,13.649999618530273,870325
2011-03-25,7.193840980529785,13.068750381469727,13.40625,13.03125,13.125,438442
2011-03-28,7.472513198852539,13.574999809265137,14.006250381469727,13.237500190734863,13.237500190734863,2653581
2011-03-29,7.730541229248047,14.043749809265137,15.0,13.912500381469727,14.925000190734863,2312679
2011-03-30,8.793617248535156,15.975000381469727,16.481250762939453,13.912500381469727,14.137499809265137,6059327
2011-03-31,8.88650894165039,16.143749237060547,17.024999618530273,15.993749618530273,16.350000381469727,3116591
2011-04-01,8.731689453125,15.862500190734863,16.274999618530273,15.449999809265137,16.162500381469727,1102751
2011-04-04,8.607840538024902,15.637499809265137,16.200000762939453,15.581250190734863,15.9375,1367559
2011-04-05,8.494304656982422,15.431249618530273,15.975000381469727,15.28125,15.787500381469727,1903898
2011-04-06,8.628482818603516,15.675000190734863,16.049999237060547,15.487500190734863,15.543749809265137,1443906
2011-04-07,8.81425952911377,16.012500762939453,16.274999618530273,15.712499618530273,15.712499618530273,1151007
2011-04-08,8.618159294128418,15.65625,16.143749237060547,15.524999618530273,16.012500762939453,588421
2011-04-11,8.907151222229004,16.181249618530273,16.668750762939453,15.337499618530273,15.637499809265137,2241314
2011-04-13,8.81425952911377,16.012500762939453,16.125,15.675000190734863,16.125,723458
2011-04-15,9.588345527648926,17.418750762939453,17.625,16.125,16.125,5651063
2011-04-18,9.35096263885498,16.987499237060547,18.0,16.799999237060547,17.625,3338706
2011-04-19,9.443849563598633,17.15625,17.418750762939453,16.725000381469727,17.137500762939453,1770866
2011-04-20,9.774129867553711,17.756250381469727,18.5625,16.799999237060547,17.549999237060547,5615106
2011-04-21,9.35096263885498,16.987499237060547,18.131250381469727,16.912500381469727,18.131250381469727,1894053
2011-04-25,9.144537925720215,16.612499237060547,17.118749618530273,16.556249618530273,17.118749618530273,677813
2011-04-26,9.061969757080078,16.462499618530273,16.78125,16.293750762939453,16.5,798063
2011-04-27,8.9277925491333,16.21875,16.668750762939453,16.106250762939453,16.59375,659882
2011-04-28,8.50462818145752,15.449999809265137,16.256250381469727,15.225000381469727,16.256250381469727,1290127
2011-04-29,8.597517967224121,15.618749618530273,16.237499237060547,15.375,15.393750190734863,1008917
2011-05-02,8.576874732971191,15.581250190734863,16.087499618530273,15.46875,15.637499809265137,469986
2011-05-03,8.48398494720459,15.412500381469727,15.862500190734863,15.318750381469727,15.487500190734863,512714
2011-05-04,8.380772590637207,15.225000381469727,15.5625,15.074999809265137,15.375,469829
2011-05-05,8.091780662536621,14.699999809265137,15.337499618530273,14.625,15.09375,418399
2011-05-06,8.287881851196289,15.056249618530273,15.318750381469727,14.71875,14.981249809265137,560658
2011-05-09,8.194993019104004,14.887499809265137,15.206250190734863,14.381250381469727,14.662500381469727,217525
2011-05-10,8.432378768920898,15.318750381469727,15.824999809265137,14.699999809265137,15.0,1078911
2011-05-11,8.432378768920898,15.318750381469727,15.524999618530273,15.149999618530273,15.225000381469727,375805
2011-05-12,8.308524131774902,15.09375,15.618749618530273,15.037500381469727,15.28125,309583
2011-05-13,8.308524131774902,15.09375,15.262499809265137,14.418749809265137,14.418749809265137,241221
2011-05-16,8.205313682556152,14.90625,15.337499618530273,14.4375,14.4375,284002
2011-05-17,8.009210586547852,14.550000190734863,15.0,14.456250190734863,14.90625,630151
2011-05-18,7.854394435882568,14.268750190734863,14.681249618530273,14.193750381469727,14.568750381469727,261031
2011-05-19,7.782146453857422,14.137499809265137,14.399999618530273,14.081250190734863,14.362500190734863,190119
2011-05-20,7.709899425506592,14.006250381469727,14.306249618530273,13.912500381469727,14.0625,482845
2011-05-23,7.740860462188721,14.0625,14.212499618530273,13.78125,13.949999809265137,234413
2011-05-24,7.658292293548584,13.912500381469727,14.306249618530273,13.875,13.931249618530273,251663
2011-05-25,7.94728422164917,14.4375,14.550000190734863,13.837499618530273,14.006250381469727,557887
2011-05-26,7.885356903076172,14.324999809265137,14.71875,14.25,14.4375,259839
2011-05-27,7.936962127685547,14.418749809265137,14.625,14.175000190734863,14.4375,301221
2011-05-30,8.1227445602417,14.756250381469727,14.925000190734863,14.100000381469727,14.475000381469727,400802
2011-05-31,8.27756118774414,15.037500381469727,15.112500190734863,14.643750190734863,14.756250381469727,317746
2011-06-01,8.566553115844727,15.5625,15.65625,14.981249809265137,15.074999809265137,493735
2011-06-02,8.5252685546875,15.487500190734863,15.693750381469727,15.112500190734863,15.243749618530273,468127
2011-06-03,9.072290420532227,16.481250762939453,16.649999618530273,15.65625,15.975000381469727,5758853
2011-06-06,9.299354553222656,16.893749237060547,17.024999618530273,16.21875,16.293750762939453,2688770
2011-06-07,9.061969757080078,16.462499618530273,17.043750762939453,16.256250381469727,16.893749237060547,1218813
2011-06-08,10.033644676208496,17.8125,18.318750381469727,15.46875,16.3125,15906514
2011-06-09,9.748479843139648,17.306249618530273,18.487499237060547,17.174999237060547,18.1875,9076031
2011-06-10,9.663986206054688,17.15625,17.587499618530273,16.912500381469727,17.381250381469727,1745607
2011-06-13,9.590056419372559,17.024999618530273,17.25,16.818750381469727,16.950000762939453,1116482
2011-06-14,9.473875999450684,16.818750381469727,17.137500762939453,16.612499237060547,17.100000381469727,565378
2011-06-15,9.104215621948242,16.162500381469727,16.875,16.125,16.875,738039
2011-06-16,9.199274063110352,16.331249237060547,16.631250381469727,15.581250190734863,16.125,992322
2011-06-17,8.7556791305542,15.543749809265137,16.481250762939453,15.318750381469727,16.462499618530273,804175
2011-06-20,8.111410140991211,14.399999618530273,15.731249809265137,13.875,15.675000190734863,1309599
2011-06-21,8.364892959594727,14.850000381469727,15.056249618530273,14.587499618530273,14.587499618530273,654893
2011-06-22,8.206467628479004,14.568750381469727,15.225000381469727,14.362500190734863,15.225000381469727,389639
2011-06-23,8.037480354309082,14.268750190734863,14.737500190734863,13.987500190734863,14.362500190734863,548634
2011-06-24,8.364892959594727,14.850000381469727,14.925000190734863,14.34375,14.587499618530273,437807
2011-06-27,8.470511436462402,15.037500381469727,15.28125,14.625,14.962499618530273,508658
2011-06-28,8.618374824523926,15.300000190734863,15.5625,15.0,15.0,578743
2011-06-29,8.660623550415039,15.375,15.637499809265137,15.1875,15.449999809265137,856450
2011-06-30,8.555004119873047,15.1875,15.5625,15.0,15.375,281831
2011-07-01,9.019720077514648,16.012500762939453,16.387500762939453,15.243749618530273,15.243749618530273,1806687
2011-07-04,9.135900497436523,16.21875,16.3125,15.9375,16.125,912525
2011-07-05,8.988038063049316,15.956250190734863,16.274999618530273,15.881250381469727,16.256250381469727,381055
2011-07-06,9.030281066894531,16.03125,16.143749237060547,15.787500381469727,16.049999237060547,314402
2011-07-07,9.25207805633545,16.424999237060547,16.799999237060547,16.125,16.200000762939453,1393493
2011-07-08,9.061968803405762,16.087499618530273,16.725000381469727,16.03125,16.59375,556858
2011-07-11,8.808485984802246,15.637499809265137,16.21875,15.5625,16.012500762939453,381695
2011-07-12,8.533882141113281,15.149999618530273,15.693750381469727,14.962499618530273,15.5625,608311
2011-07-13,9.072531700134277,16.106250762939453,16.350000381469727,15.375,15.375,2408210
2011-07-14,8.586690902709961,15.243749618530273,16.256250381469727,15.074999809265137,16.200000762939453,3330607
2011-07-15,8.364892959594727,14.850000381469727,15.375,14.643750190734863,15.168749809265137,1390285
2011-07-18,8.301523208618164,14.737500190734863,15.375,14.681249618530273,15.300000190734863,551061
2011-07-19,8.417702674865723,14.943750381469727,15.206250190734863,14.625,14.887499809265137,1116311
2011-07-20,8.185345649719238,14.53125,15.09375,14.381250381469727,15.0,953930
2011-07-21,8.048043251037598,14.287500381469727,14.71875,14.25,14.71875,572173
2011-07-22,8.111410140991211,14.399999618530273,14.568750381469727,14.324999809265137,14.324999809265137,453071
2011-07-25,7.9635491371154785,14.137499809265137,14.475000381469727,14.0625,14.306249618530273,505421
2011-07-26,7.9635491371154785,14.137499809265137,14.512499809265137,14.0625,14.306249618530273,547631
2011-07-27,7.910739898681641,14.043749809265137,14.587499618530273,13.949999809265137,14.25,553111
2011-07-28,7.773437976837158,13.800000190734863,14.0625,13.6875,14.0625,506783
2011-07-29,7.646695613861084,13.574999809265137,13.912500381469727,13.5,13.893750190734863,532594
2011-08-01,7.625574588775635,13.537500381469727,13.912500381469727,11.568750381469727,11.568750381469727,567213
2011-08-02,7.47770881652832,13.274999618530273,13.537500381469727,13.162500381469727,13.537500381469727,348738
2011-08-03,7.435460567474365,13.199999809265137,13.3125,12.75,13.143750190734863,543717
2011-08-04,7.266476154327393,12.899999618530273,13.425000190734863,12.787500381469727,12.9375,395679
2011-08-05,7.044677734375,12.506250381469727,12.918749809265137,12.037500381469727,12.75,867479
2011-08-08,6.812319278717041,12.09375,12.337499618530273,11.662500381469727,12.337499618530273,533658
2011-08-09,6.6750168800354,11.850000381469727,11.981249809265137,11.287500381469727,11.625,904327
2011-08-10,7.076362609863281,12.5625,12.712499618530273,12.131250381469727,12.206250190734863,379975
2011-08-11,6.907372951507568,12.262499809265137,12.506250381469727,11.831250190734863,12.46875,219602
2011-08-12,6.696138858795166,11.887499809265137,12.5625,11.850000381469727,12.375,333349
2011-08-16,7.055239677429199,12.524999618530273,12.899999618530273,12.037500381469727,12.037500381469727,1194735
2011-08-17,6.696138858795166,11.887499809265137,12.731249809265137,11.287500381469727,12.543749809265137,819519
2011-08-18,6.537714958190918,11.606249809265137,12.412500381469727,11.53125,11.925000190734863,479287
2011-08-19,6.337040424346924,11.25,11.512499809265137,10.875,11.25,517026
2011-08-22,6.42153263092041,11.399999618530273,11.493749618530273,10.931249618530273,11.15625,288119
2011-08-23,6.579959869384766,11.681249618530273,11.737500190734863,11.287500381469727,11.399999618530273,218711
2011-08-24,6.4743428230285645,11.493749618530273,12.018750190734863,11.287500381469727,11.475000381469727,244234
2011-08-25,6.400410175323486,11.362500190734863,11.8125,11.212499618530273,11.8125,232426
2011-08-26,6.168052673339844,10.949999809265137,11.53125,10.893750190734863,11.34375,340093
2011-08-29,6.305356502532959,11.193750381469727,11.324999809265137,11.0625,11.25,481938
2011-08-30,6.579959869384766,11.681249618530273,11.774999618530273,11.306249618530273,11.324999809265137,333698
2011-09-02,6.537714958190918,11.606249809265137,11.71875,11.324999809265137,11.324999809265137,125245
2011-09-05,6.400410175323486,11.362500190734863,11.550000190734863,10.912500381469727,10.912500381469727,144071
2011-09-06,6.696138858795166,11.887499809265137,12.018750190734863,11.231249809265137,11.34375,675546
2011-09-07,6.717264175415039,11.925000190734863,12.28125,11.681249618530273,11.943750381469727,424015
2011-09-08,6.706702709197998,11.90625,12.375,11.850000381469727,12.0,371570
2011-09-09,6.548274517059326,11.625,12.225000381469727,11.493749618530273,12.206250190734863,260541
2011-09-12,6.389849662780762,11.34375,11.550000190734863,11.15625,11.324999809265137,258186
2011-09-13,6.337040424346924,11.25,11.587499618530273,11.212499618530273,11.362500190734863,208594
2011-09-14,6.4954657554626465,11.53125,11.737500190734863,11.25,11.381250381469727,285599
2011-09-15,6.506027698516846,11.550000190734863,12.243749618530273,11.475000381469727,11.962499618530273,273727
2011-09-16,6.4320969581604,11.418749809265137,11.71875,11.25,11.625,182981
2011-09-19,6.337040424346924,11.25,11.53125,11.212499618530273,11.381250381469727,242506
2011-09-20,6.4743428230285645,11.493749618530273,11.568750381469727,11.287500381469727,11.362500190734863,160853
2011-09-21,6.506027698516846,11.550000190734863,11.699999809265137,11.4375,11.4375,200890
2011-09-22,6.220861911773682,11.043749809265137,11.456250190734863,10.912500381469727,11.418749809265137,304709
2011-09-23,6.157491207122803,10.931249618530273,11.231249809265137,10.6875,10.875,323493
2011-09-26,6.0413126945495605,10.725000381469727,11.193750381469727,10.59375,11.193750381469727,278277
2011-09-27,6.094120979309082,10.818750381469727,11.399999618530273,10.725000381469727,11.043749809265137,315202
2011-09-28,5.735022068023682,10.181249618530273,11.043749809265137,10.162500381469727,10.875,640079
2011-09-29,5.808953285217285,10.3125,10.387499809265137,10.125,10.293749809265137,285226
2011-09-30,5.830076217651367,10.350000381469727,10.631250381469727,10.274999618530273,10.274999618530273,264114
2011-10-03,5.7561469078063965,10.21875,10.3125,9.75,10.199999809265137,171205
2011-10-04,5.861762046813965,10.40625,10.800000190734863,10.21875,10.368749618530273,515629
2011-10-05,5.872325420379639,10.425000190734863,10.59375,10.350000381469727,10.5,186234
2011-10-07,6.146931171417236,10.912500381469727,11.024999618530273,10.5,10.649999618530273,1325935
2011-10-10,6.146931171417236,10.912500381469727,11.15625,10.6875,10.875,332423
2011-10-11,6.062435626983643,10.762499809265137,11.231249809265137,10.706250190734863,11.100000381469727,320815
2011-10-12,6.083559513092041,10.800000190734863,11.118749618530273,10.649999618530273,10.875,625391
2011-10-13,6.030749320983887,10.706250190734863,11.231249809265137,10.6875,11.231249809265137,783269
2011-10-14,5.988503456115723,10.631250381469727,10.837499618530273,10.537500381469727,10.762499809265137,330386
2011-10-17,5.893446922302246,10.462499618530273,10.762499809265137,10.40625,10.6875,482719
2011-10-18,5.830076217651367,10.350000381469727,10.425000190734863,10.3125,10.40625,275250
2011-10-19,5.882887363433838,10.443750381469727,10.537500381469727,10.368749618530273,10.462499618530273,330954
2011-10-20,5.935695648193359,10.537500381469727,10.818750381469727,10.462499618530273,10.612500190734863,573487
2011-10-21,5.893446922302246,10.462499618530273,10.612500190734863,10.162500381469727,10.181249618530273,185250
2011-10-24,5.882887363433838,10.443750381469727,10.762499809265137,10.368749618530273,10.762499809265137,298106
2011-10-25,5.851200580596924,10.387499809265137,10.518750190734863,10.293749809265137,10.5,207567
2011-10-28,5.956817626953125,10.574999809265137,10.875,10.556249618530273,10.762499809265137,530202
2011-10-31,6.009627819061279,10.668749809265137,10.725000381469727,10.5,10.574999809265137,244685
2011-11-01,6.094120979309082,10.818750381469727,12.75,10.668749809265137,11.175000190734863,395615
2011-11-02,6.030749320983887,10.706250190734863,11.006250381469727,10.59375,11.006250381469727,490746
2011-11-03,6.072997570037842,10.78125,11.287500381469727,10.706250190734863,11.100000381469727,1128586
2011-11-04,5.7878313064575195,10.274999618530273,10.818750381469727,10.21875,10.612500190734863,1426287
2011-11-08,5.629405498504639,9.993749618530273,10.387499809265137,9.75,10.21875,1077759
2011-11-09,5.8123860359191895,10.125,10.21875,9.918749809265137,10.068750381469727,441365
2011-11-11,5.823151111602783,10.143750190734863,10.237500190734863,10.087499618530273,10.087499618530273,387463
2011-11-14,5.478713035583496,9.543749809265137,10.274999618530273,9.46875,10.199999809265137,964709
2011-11-15,5.295731544494629,9.225000381469727,9.75,9.168749809265137,9.75,426309
2011-11-16,5.101983070373535,8.887499809265137,9.318750381469727,8.756250381469727,9.262499809265137,411759
2011-11-17,4.9405293464660645,8.606249809265137,9.037500381469727,8.53125,8.8125,371199
2011-11-18,4.886710166931152,8.512499809265137,8.662500381469727,8.4375,8.662500381469727,622423
2011-11-21,4.8651838302612305,8.475000381469727,8.71875,8.4375,8.550000190734863,572650
2011-11-22,5.037402153015137,8.774999618530273,8.887499809265137,8.550000190734863,8.625,247149
2011-11-23,4.951292991638184,8.625,8.793749809265137,8.625,8.774999618530273,255413
2011-11-24,5.069692611694336,8.831250190734863,9.018750190734863,8.625,8.625,255882
2011-11-25,5.0481672286987305,8.793749809265137,8.887499809265137,8.662500381469727,8.756250381469727,117226
2011-11-28,5.328022480010986,9.28125,9.375,8.643750190734863,9.018750190734863,331815
2011-11-29,5.467948913574219,9.524999618530273,9.675000190734863,9.018750190734863,9.675000190734863,372165
2011-11-30,5.40336799621582,9.412500381469727,9.65625,9.28125,9.393750190734863,216893
2011-12-01,5.467948913574219,9.524999618530273,9.975000381469727,9.412500381469727,9.637499809265137,1165205
2011-12-02,5.4356584548950195,9.46875,9.693750381469727,9.243749618530273,9.618749618530273,268770
2011-12-05,5.4356584548950195,9.46875,9.618749618530273,9.46875,9.46875,139261
2011-12-07,5.30649471282959,9.243749618530273,9.543749809265137,9.112500190734863,9.449999809265137,185741
2011-12-08,5.080458164215088,8.850000381469727,9.1875,8.4375,9.149999618530273,246082
2011-12-09,5.037402153015137,8.774999618530273,8.925000190734863,8.568750381469727,8.774999618530273,155258
2011-12-12,4.951292991638184,8.625,8.981249809265137,8.625,8.774999618530273,149133
2011-12-13,4.962055683135986,8.643750190734863,8.756250381469727,8.625,8.662500381469727,236277
2011-12-14,4.951292991638184,8.625,8.850000381469727,8.625,8.737500190734863,281909
2011-12-15,5.0481672286987305,8.793749809265137,9.46875,8.625,8.625,1508117
2011-12-16,4.962055683135986,8.643750190734863,9.037500381469727,8.625,8.774999618530273,394087
2011-12-19,4.875946044921875,8.493749618530273,8.699999809265137,8.324999809265137,8.4375,307194
2011-12-20,4.553037643432617,7.931250095367432,8.662500381469727,7.78125,8.512499809265137,249717
2011-12-21,4.692965030670166,8.175000190734863,8.418749809265137,7.912499904632568,8.25,280866
2011-12-22,4.725255489349365,8.231249809265137,8.25,7.875,8.175000190734863,224554
2011-12-23,4.660672664642334,8.118749618530273,8.34375,8.0625,8.175000190734863,170018
2011-12-26,4.6499104499816895,8.100000381469727,8.399999618530273,7.893750190734863,8.0625,175762
2011-12-27,4.660672664642334,8.118749618530273,8.231249809265137,7.931250095367432,8.100000381469727,95541
2011-12-28,4.5960917472839355,8.006250381469727,8.175000190734863,7.931250095367432,8.137499809265137,82951
2011-12-29,4.574563980102539,7.96875,8.024999618530273,7.875,8.006250381469727,126647
2011-12-30,4.553037643432617,7.931250095367432,8.100000381469727,7.875,7.987500190734863,131970
2012-01-02,4.434637069702148,7.724999904632568,8.024999618530273,7.518750190734863,7.987500190734863,304887
2012-01-03,4.5853271484375,7.987500190734863,8.0625,7.6875,7.800000190734863,496669
2012-01-04,4.617618560791016,8.043749809265137,8.175000190734863,7.931250095367432,7.931250095367432,149602
2012-01-05,4.617618560791016,8.043749809265137,8.137499809265137,7.987500190734863,8.137499809265137,95941
2012-01-06,4.639145851135254,8.081250190734863,8.175000190734863,7.912499904632568,8.024999618530273,92199
2012-01-09,4.8221282958984375,8.399999618530273,8.456250190734863,8.006250381469727,8.006250381469727,338962
2012-01-10,5.19885778427124,9.056249618530273,9.149999618530273,8.4375,8.793749809265137,1319130
2012-01-11,5.295731544494629,9.225000381469727,9.46875,9.074999809265137,9.375,766554
2012-01-12,5.091221332550049,8.868749618530273,9.1875,8.8125,9.1875,333477
2012-01-13,5.19885778427124,9.056249618530273,9.168749809265137,8.90625,8.943750381469727,262298
2012-01-16,5.166566848754883,9.0,9.131250381469727,8.831250190734863,9.074999809265137,175050
2012-01-17,5.1558027267456055,8.981249809265137,9.1875,8.962499618530273,9.1875,194301
2012-01-18,5.058929443359375,8.8125,9.168749809265137,8.71875,9.018750190734863,114613
2012-01-19,5.080458164215088,8.850000381469727,9.074999809265137,8.662500381469727,9.0,187269
2012-01-20,5.145038604736328,8.962499618530273,9.131250381469727,8.850000381469727,8.850000381469727,262119
2012-01-23,4.983582973480225,8.681249618530273,9.0,7.5,8.962499618530273,512711
2012-01-24,5.015873908996582,8.737500190734863,8.887499809265137,8.625,8.793749809265137,240538
2012-01-25,5.015873908996582,8.737500190734863,8.850000381469727,8.699999809265137,8.699999809265137,230010
2012-01-27,4.994348049163818,8.699999809265137,8.943750381469727,8.625,8.793749809265137,532685
2012-01-30,4.983582973480225,8.681249618530273,8.90625,8.643750190734863,8.699999809265137,188994
2012-01-31,5.026638984680176,8.756250381469727,8.831250190734863,8.662500381469727,8.699999809265137,159669
2012-02-01,5.058929443359375,8.8125,9.037500381469727,8.793749809265137,8.793749809265137,420743
2012-02-02,5.17733097076416,9.018750190734863,9.1875,8.90625,8.962499618530273,734653
2012-02-03,5.274203777313232,9.1875,9.506250381469727,9.018750190734863,9.018750190734863,1199095
2012-02-06,5.489477157592773,9.5625,9.600000381469727,9.1875,9.375,2662218
2012-02-07,5.274203777313232,9.1875,9.712499618530273,9.112500190734863,9.712499618530273,1159586
2012-02-08,5.554059028625488,9.675000190734863,10.125,9.206250190734863,9.225000381469727,4709679
2012-02-09,5.543295860290527,9.65625,9.9375,9.524999618530273,9.75,1069378
2012-02-10,5.424896240234375,9.449999809265137,9.84375,9.225000381469727,9.637499809265137,842866
2012-02-13,5.1880950927734375,9.037500381469727,9.5625,9.0,9.5625,811770
2012-02-14,5.091221332550049,8.868749618530273,9.1875,8.53125,9.0,1370578
2012-02-15,5.080458164215088,8.850000381469727,8.981249809265137,8.643750190734863,8.8125,1416050
2012-02-16,5.220385551452637,9.09375,9.262499809265137,8.850000381469727,8.868749618530273,931322
2012-02-17,5.112748622894287,8.90625,9.431249618530273,8.793749809265137,9.1875,1630071
2012-02-21,5.414131164550781,9.431249618530273,9.675000190734863,8.850000381469727,9.0,2180855
2012-02-22,5.274203777313232,9.1875,9.975000381469727,9.09375,9.46875,2597882
2012-02-23,5.19885778427124,9.056249618530273,9.243749618530273,8.868749618530273,9.243749618530273,593599
2012-02-24,5.101983070373535,8.887499809265137,9.300000190734863,8.8125,9.09375,547157
2012-02-27,4.875946044921875,8.493749618530273,9.149999618530273,8.418749809265137,9.149999618530273,496802
2012-02-28,4.951292991638184,8.625,8.962499618530273,8.512499809265137,8.568750381469727,938037
2012-02-29,4.8328938484191895,8.418749809265137,8.887499809265137,8.381250381469727,8.8125,974847
2012-03-01,4.682200908660889,8.15625,8.606249809265137,8.137499809265137,8.53125,890245
2012-03-02,4.477691173553467,7.800000190734863,8.34375,7.762499809265137,8.287500381469727,2157207
2012-03-05,4.434637069702148,7.724999904632568,8.15625,7.6875,8.0625,603471
2012-03-06,4.413108825683594,7.6875,7.818749904632568,7.574999809265137,7.650000095367432,412482
2012-03-07,4.326999664306641,7.537499904632568,7.724999904632568,7.462500095367432,7.724999904632568,584773
2012-03-09,4.348526954650879,7.574999809265137,7.800000190734863,7.5,7.743750095367432,571973
2012-03-12,4.466926574707031,7.78125,7.931250095367432,7.59375,7.724999904632568,633167
2012-03-13,4.520746231079102,7.875,8.081250190734863,7.762499809265137,7.949999809265137,305071
2012-03-14,4.434637069702148,7.724999904632568,8.0625,7.6875,8.0625,440277
2012-03-15,4.33776330947876,7.556250095367432,7.800000190734863,7.5,7.800000190734863,448245
2012-03-16,4.31623649597168,7.518750190734863,7.6875,7.425000190734863,7.518750190734863,441997
2012-03-19,4.251653671264648,7.40625,7.556250095367432,7.3125,7.5,364285
2012-03-20,4.2085981369018555,7.331250190734863,7.462500095367432,7.275000095367432,7.443749904632568,403170
2012-03-21,4.176307678222656,7.275000095367432,7.40625,7.162499904632568,7.40625,900621
2012-03-22,4.2408905029296875,7.387499809265137,8.324999809265137,7.275000095367432,7.387499809265137,760423
2012-03-23,4.2408905029296875,7.387499809265137,7.800000190734863,7.368750095367432,7.537499904632568,323543
2012-03-26,3.993325710296631,6.956250190734863,7.5,6.862500190734863,7.40625,528698
2012-03-27,4.02561616897583,7.012499809265137,7.162499904632568,6.974999904632568,7.162499904632568,406749
2012-03-28,3.864161729812622,6.731249809265137,7.125,6.65625,6.993750095367432,808034
2012-03-29,3.799578905105591,6.618750095367432,6.806250095367432,6.5625,6.599999904632568,350442
2012-03-30,3.896451950073242,6.787499904632568,6.900000095367432,6.412499904632568,6.712500095367432,491959
2012-04-02,4.165544509887695,7.256249904632568,7.425000190734863,6.787499904632568,6.900000095367432,497949
2012-04-03,4.262417316436768,7.425000190734863,7.5,7.256249904632568,7.3125,432623
2012-04-04,4.2408905029296875,7.387499809265137,7.518750190734863,7.237500190734863,7.387499809265137,189474
2012-04-09,4.326999664306641,7.537499904632568,7.612500190734863,7.125,7.368750095367432,325602
2012-04-10,4.2731804847717285,7.443749904632568,7.612500190734863,7.331250190734863,7.537499904632568,234114
2012-04-11,4.251653671264648,7.40625,7.481249809265137,7.125,7.293749809265137,291215
2012-04-12,4.305471897125244,7.5,7.631249904632568,7.349999904632568,7.368750095367432,226319
2012-04-13,4.154780864715576,7.237500190734863,7.59375,7.199999809265137,7.5,211709
2012-04-16,4.1978349685668945,7.3125,7.574999809265137,7.125,7.443749904632568,340213
2012-04-17,4.262417316436768,7.425000190734863,7.59375,7.331250190734863,7.425000190734863,344194
2012-04-18,4.33776330947876,7.556250095367432,7.800000190734863,7.518750190734863,7.556250095367432,562271
2012-04-19,4.466926574707031,7.78125,8.0625,7.556250095367432,7.724999904632568,1247058
2012-04-20,4.294708251953125,7.481249809265137,7.856249809265137,7.349999904632568,7.78125,541517
2012-04-23,4.100962162017822,7.143750190734863,7.537499904632568,7.068749904632568,7.387499809265137,366557
2012-04-24,4.057907581329346,7.068749904632568,7.256249904632568,6.9375,7.256249904632568,273170
2012-04-25,3.9825620651245117,6.9375,7.125,6.918749809265137,6.993750095367432,226909
2012-04-26,3.9502713680267334,6.881249904632568,7.03125,6.806250095367432,6.862500190734863,106525
2012-04-27,3.917978048324585,6.824999809265137,7.425000190734863,6.675000190734863,7.068749904632568,280837
2012-04-30,4.057907581329346,7.068749904632568,7.425000190734863,6.9375,7.125,568503
2012-05-02,4.359291076660156,7.59375,8.006250381469727,6.993750095367432,7.087500095367432,2584255
2012-05-03,4.757547855377197,8.287500381469727,8.475000381469727,7.537499904632568,7.556250095367432,4963714
2012-05-04,4.682200908660889,8.15625,8.587499618530273,8.0625,8.456250190734863,4894178
2012-05-07,4.477691173553467,7.800000190734863,8.043749809265137,7.368750095367432,7.96875,1208442
2012-05-08,4.563800811767578,7.949999809265137,8.943750381469727,7.893750190734863,8.943750381469727,1878759
2012-05-09,4.499217510223389,7.837500095367432,8.100000381469727,7.612500190734863,8.043749809265137,744295
2012-05-10,4.509981155395508,7.856249809265137,8.212499618530273,7.800000190734863,8.100000381469727,841869
2012-05-11,4.33776330947876,7.556250095367432,8.0625,7.462500095367432,8.0625,1017941
2012-05-14,4.176307678222656,7.275000095367432,7.6875,7.199999809265137,7.6875,453426
2012-05-15,4.187070846557617,7.293749809265137,7.387499809265137,7.162499904632568,7.368750095367432,296629
2012-05-16,4.154780864715576,7.237500190734863,7.349999904632568,7.050000190734863,7.162499904632568,563186
2012-05-17,4.111724376678467,7.162499904632568,7.425000190734863,7.125,7.3125,311309
2012-05-18,4.144017219543457,7.21875,7.293749809265137,6.9375,7.087500095367432,494098
2012-05-21,4.1978349685668945,7.3125,7.462500095367432,6.806250095367432,7.143750190734863,257554
2012-05-22,4.154780864715576,7.237500190734863,7.537499904632568,7.181250095367432,7.387499809265137,233287
2012-05-23,4.176307678222656,7.275000095367432,7.349999904632568,7.143750190734863,7.237500190734863,278362
2012-05-24,4.13325309753418,7.199999809265137,7.443749904632568,7.087500095367432,7.3125,612346
2012-05-25,3.993325710296631,6.956250190734863,7.199999809265137,6.918749809265137,7.199999809265137,852362
2012-05-28,4.004088401794434,6.974999904632568,7.106249809265137,6.9375,6.956250190734863,448551
2012-05-29,4.036380767822266,7.03125,7.181250095367432,7.012499809265137,7.012499809265137,199559
2012-05-30,3.9502713680267334,6.881249904632568,7.068749904632568,6.862500190734863,7.068749904632568,193621
2012-05-31,4.004088401794434,6.974999904632568,7.03125,6.787499904632568,6.862500190734863,385613
2012-06-01,3.9072153568267822,6.806250095367432,7.050000190734863,6.693749904632568,7.03125,235207
2012-06-04,3.821105480194092,6.65625,6.806250095367432,6.46875,6.806250095367432,389602
2012-06-05,3.896451950073242,6.787499904632568,6.84375,6.431250095367432,6.431250095367432,255741
2012-06-06,3.928743839263916,6.84375,7.012499809265137,6.75,6.787499904632568,361991
2012-06-07,3.9717977046966553,6.918749809265137,7.012499809265137,6.712500095367432,6.84375,403255
2012-06-08,3.928743839263916,6.84375,6.993750095367432,6.675000190734863,6.824999809265137,320845
2012-06-11,4.004088401794434,6.974999904632568,7.050000190734863,6.900000095367432,7.03125,318066
2012-06-12,4.004088401794434,6.974999904632568,7.068749904632568,6.824999809265137,6.974999904632568,144461
2012-06-13,3.939507007598877,6.862500190734863,7.087500095367432,6.824999809265137,7.012499809265137,177765
2012-06-14,4.13325309753418,7.199999809265137,7.387499809265137,6.824999809265137,6.9375,571626
2012-06-15,4.068671226501465,7.087500095367432,7.481249809265137,6.824999809265137,7.481249809265137,1146261
2012-06-18,3.961033821105957,6.900000095367432,7.199999809265137,6.787499904632568,7.068749904632568,295981
2012-06-19,3.993325710296631,6.956250190734863,7.03125,6.881249904632568,7.03125,164722
2012-06-20,3.993325710296631,6.956250190734863,7.087500095367432,6.881249904632568,7.087500095367432,187970
2012-06-21,3.993325710296631,6.956250190734863,7.050000190734863,6.900000095367432,7.050000190734863,153583
2012-06-22,4.057907581329346,7.068749904632568,7.237500190734863,6.824999809265137,6.974999904632568,477495
2012-06-25,4.004088401794434,6.974999904632568,7.162499904632568,6.9375,7.087500095367432,256250
2012-06-26,4.004088401794434,6.974999904632568,7.106249809265137,6.9375,6.974999904632568,225834
2012-06-27,3.9502713680267334,6.881249904632568,7.106249809265137,6.824999809265137,6.974999904632568,303453
2012-06-28,4.004832744598389,6.881249904632568,6.9375,6.824999809265137,6.862500190734863,287338
2012-06-29,4.113956928253174,7.068749904632568,7.199999809265137,6.824999809265137,6.881249904632568,819530
2012-07-02,4.146692276000977,7.125,7.237500190734863,7.012499809265137,7.068749904632568,269061
2012-07-03,4.146692276000977,7.125,7.275000095367432,7.087500095367432,7.125,325319
2012-07-04,4.201254844665527,7.21875,7.368750095367432,7.143750190734863,7.237500190734863,424375
2012-07-05,4.484975337982178,7.706250190734863,7.856249809265137,7.21875,7.293749809265137,1743373
2012-07-06,4.430414199829102,7.612500190734863,7.949999809265137,7.556250095367432,7.800000190734863,1414095
2012-07-09,4.299466609954834,7.387499809265137,7.724999904632568,7.3125,7.59375,460341
2012-07-10,4.375852108001709,7.518750190734863,7.537499904632568,7.3125,7.462500095367432,375181
2012-07-11,4.354026794433594,7.481249809265137,7.574999809265137,7.387499809265137,7.462500095367432,247733
2012-07-12,4.233992099761963,7.275000095367432,7.481249809265137,7.237500190734863,7.481249809265137,236989
2012-07-13,4.146692276000977,7.125,7.462500095367432,7.068749904632568,7.462500095367432,404074
2012-07-16,4.081218242645264,7.012499809265137,7.368750095367432,6.993750095367432,7.162499904632568,441794
2012-07-17,4.048481464385986,6.956250190734863,7.143750190734863,6.9375,7.125,259202
2012-07-18,4.026658058166504,6.918749809265137,7.012499809265137,6.75,6.84375,170538
2012-07-19,4.048481464385986,6.956250190734863,7.068749904632568,6.900000095367432,6.9375,165231
2012-07-20,4.059392929077148,6.974999904632568,7.087500095367432,6.581250190734863,6.9375,275695
2012-07-23,4.004832744598389,6.881249904632568,6.974999904632568,6.768750190734863,6.9375,232877
2012-07-24,4.015744209289551,6.900000095367432,6.956250190734863,6.84375,6.84375,253250
2012-07-25,3.8957083225250244,6.693749904632568,6.918749809265137,6.412499904632568,6.900000095367432,239453
2012-07-26,3.873884677886963,6.65625,6.824999809265137,6.506249904632568,6.824999809265137,265477
2012-07-27,3.808411121368408,6.543749809265137,6.75,6.506249904632568,6.75,346669
2012-07-30,3.8847975730895996,6.675000190734863,6.712500095367432,6.412499904632568,6.46875,190378
2012-07-31,3.8520596027374268,6.618750095367432,6.731249809265137,6.5625,6.731249809265137,254559
2012-08-01,3.928445816040039,6.75,6.806250095367432,6.506249904632568,6.506249904632568,115695
2012-08-02,3.928445816040039,6.75,6.787499904632568,6.637499809265137,6.75,126071
2012-08-03,3.873884677886963,6.65625,6.806250095367432,6.618750095367432,6.806250095367432,251743
2012-08-06,3.8847975730895996,6.675000190734863,6.768750190734863,6.599999904632568,6.75,396023
2012-08-07,3.8847975730895996,6.675000190734863,6.731249809265137,6.599999904632568,6.675000190734863,313970
2012-08-08,3.862971544265747,6.637499809265137,6.75,6.618750095367432,6.75,195653
2012-08-09,3.797496795654297,6.525000095367432,6.65625,6.487500190734863,6.65625,233343
2012-08-10,3.797496795654297,6.525000095367432,6.75,6.487500190734863,6.599999904632568,517106
2012-08-13,3.7756736278533936,6.487500190734863,6.675000190734863,6.412499904632568,6.487500190734863,74530
2012-08-14,3.9830079078674316,6.84375,7.087500095367432,6.412499904632568,6.46875,939165
2012-08-16,4.048481464385986,6.956250190734863,7.087500095367432,6.806250095367432,6.9375,366527
2012-08-17,4.605011463165283,7.912499904632568,8.193750381469727,6.974999904632568,7.012499809265137,4749434
2012-08-21,4.812348365783691,8.268750190734863,8.587499618530273,7.96875,7.987500190734863,2454053
2012-08-22,4.605011463165283,7.912499904632568,8.381250381469727,7.875,8.324999809265137,862647
2012-08-23,4.61592435836792,7.931250095367432,8.756250381469727,7.78125,8.212499618530273,791479
2012-08-24,4.605011463165283,7.912499904632568,8.15625,7.800000190734863,7.96875,776687
2012-08-27,4.506800651550293,7.743750095367432,8.193750381469727,7.706250190734863,7.931250095367432,532661
2012-08-28,4.321291446685791,7.425000190734863,7.78125,7.21875,7.78125,621759
2012-08-29,4.135780334472656,7.106249809265137,7.481249809265137,7.03125,7.331250190734863,171517
2012-08-30,4.397677898406982,7.556250095367432,7.6875,6.881249904632568,7.068749904632568,485935
2012-08-31,4.277640342712402,7.349999904632568,7.5,7.181250095367432,7.368750095367432,200410
2012-09-03,4.1794304847717285,7.181250095367432,7.462500095367432,7.03125,7.462500095367432,64885
2012-09-04,4.168517589569092,7.162499904632568,7.293749809265137,7.050000190734863,7.068749904632568,132898
2012-09-05,4.135780334472656,7.106249809265137,7.275000095367432,6.956250190734863,7.275000095367432,179477
2012-09-06,4.146692276000977,7.125,7.256249904632568,6.900000095367432,7.256249904632568,114087
2012-09-07,4.168517589569092,7.162499904632568,7.3125,6.974999904632568,7.3125,121759
2012-09-10,4.212167263031006,7.237500190734863,7.387499809265137,7.125,7.125,90391
2012-09-11,4.4195027351379395,7.59375,7.59375,7.199999809265137,7.3125,204175
2012-09-12,4.6377482414245605,7.96875,7.96875,7.537499904632568,7.537499904632568,378021
2012-09-13,4.757783889770508,8.175000190734863,8.34375,7.96875,7.96875,361687
2012-09-14,4.7468719482421875,8.15625,8.4375,7.949999809265137,8.231249809265137,267341
2012-09-17,4.528625011444092,7.78125,8.287500381469727,7.762499809265137,7.912499904632568,189447
2012-09-18,4.53953742980957,7.800000190734863,8.024999618530273,7.612500190734863,7.949999809265137,93706
2012-09-20,4.4958882331848145,7.724999904632568,7.875,7.612500190734863,7.631249904632568,44605
2012-09-21,4.474063396453857,7.6875,7.987500190734863,7.537499904632568,7.856249809265137,166287
2012-09-24,4.484975337982178,7.706250190734863,8.0625,7.5,7.650000095367432,107922
2012-09-25,4.463151931762695,7.668749809265137,7.96875,7.612500190734863,7.875,76946
2012-09-26,4.452238082885742,7.650000095367432,7.78125,7.537499904632568,7.612500190734863,123282
2012-09-27,4.53953742980957,7.800000190734863,7.818749904632568,7.462500095367432,7.462500095367432,201042
2012-09-28,4.463151931762695,7.668749809265137,7.800000190734863,7.612500190734863,7.650000095367432,95789
2012-10-01,4.681397438049316,8.043749809265137,8.043749809265137,8.024999618530273,8.024999618530273,147967
2012-10-03,4.910556793212891,8.4375,8.4375,8.4375,8.4375,237274
2012-10-04,5.15062952041626,8.850000381469727,8.850000381469727,8.850000381469727,8.850000381469727,296151
2012-10-05,5.390700340270996,9.262499809265137,9.28125,8.850000381469727,9.28125,1918245
2012-10-08,5.325225830078125,9.149999618530273,9.618749618530273,8.925000190734863,9.5625,530599
2012-10-09,5.587125301361084,9.600000381469727,9.600000381469727,9.037500381469727,9.262499809265137,609351
2012-10-10,5.412524223327637,9.300000190734863,9.899999618530273,9.1875,9.899999618530273,303487
2012-10-11,5.3361382484436035,9.168749809265137,9.375,9.074999809265137,9.375,201103
2012-10-12,5.303402423858643,9.112500190734863,9.262499809265137,9.0,9.074999809265137,225021
2012-10-15,5.216102123260498,8.962499618530273,9.112500190734863,8.925000190734863,9.09375,286815
2012-10-16,5.1615424156188965,8.868749618530273,9.0,8.8125,8.887499809265137,131807
2012-10-17,5.237928867340088,9.0,9.074999809265137,8.737500190734863,8.737500190734863,192821
2012-10-18,5.390700340270996,9.262499809265137,9.375,9.0,9.0,474218
2012-10-19,5.445262432098389,9.356249809265137,9.412500381469727,9.149999618530273,9.337499618530273,199501
2012-10-22,5.467087745666504,9.393750190734863,9.412500381469727,9.149999618530273,9.1875,329781
2012-10-23,5.194277763366699,8.925000190734863,9.449999809265137,8.925000190734863,9.449999809265137,499042
2012-10-25,4.976031303405762,8.550000190734863,9.149999618530273,8.493749618530273,8.925000190734863,147575
2012-10-29,4.834170341491699,8.306249618530273,8.4375,8.118749618530273,8.4375,133437
2012-10-30,4.812348365783691,8.268750190734863,8.475000381469727,8.25,8.287500381469727,176863
2012-10-31,4.855997085571289,8.34375,8.550000190734863,8.25,8.4375,100330
2012-11-01,4.8996453285217285,8.418749809265137,8.681249618530273,8.399999618530273,8.53125,140389
2012-11-02,5.019680023193359,8.625,8.662500381469727,8.34375,8.4375,123618
2012-11-05,5.2815775871276855,9.074999809265137,9.074999809265137,8.71875,8.71875,284258
2012-11-06,5.368875503540039,9.225000381469727,9.524999618530273,9.149999618530273,9.524999618530273,448010
2012-11-07,5.368875503540039,9.225000381469727,9.412500381469727,9.0,9.112500190734863,137805
2012-11-08,5.456175327301025,9.375,9.449999809265137,9.037500381469727,9.131250381469727,287890
2012-11-09,5.401613235473633,9.28125,9.46875,9.243749618530273,9.300000190734863,235530
2012-11-12,5.663509368896484,9.731249809265137,9.731249809265137,9.0,9.206250190734863,504981
2012-11-15,5.641683578491211,9.693750381469727,10.706250190734863,9.693750381469727,10.706250190734863,458567
2012-11-16,5.412524223327637,9.300000190734863,9.506250381469727,9.225000381469727,9.243749618530273,251639
2012-11-19,5.379114151000977,9.056249618530273,9.375,9.0,9.074999809265137,90634
2012-11-20,5.278882026672363,8.887499809265137,9.300000190734863,8.8125,9.300000190734863,145970
2012-11-21,5.200925827026367,8.756250381469727,8.962499618530273,8.681249618530273,8.681249618530273,109554
2012-11-22,5.145240306854248,8.662500381469727,8.943750381469727,8.625,8.774999618530273,65218
2012-11-23,5.401389122009277,9.09375,9.09375,8.53125,8.53125,226466
2012-11-26,5.590715408325195,9.412500381469727,9.543749809265137,8.868749618530273,9.09375,323565
2012-11-27,5.635263442993164,9.487500190734863,9.881250381469727,9.318750381469727,9.412500381469727,432461
2012-11-29,5.601851463317871,9.431249618530273,9.693750381469727,9.243749618530273,9.449999809265137,241517
2012-11-30,5.7800421714782715,9.731249809265137,9.787500381469727,9.206250190734863,9.375,425103
2012-12-03,5.835727214813232,9.824999809265137,9.899999618530273,9.5625,9.675000190734863,416885
2012-12-04,5.7243571281433105,9.637499809265137,9.84375,9.5625,9.600000381469727,146685
2012-12-05,5.991642951965332,10.087499618530273,10.106249809265137,9.5625,9.5625,921981
2012-12-06,6.025052547454834,10.143750190734863,10.293749809265137,9.768750190734863,10.125,468858
2012-12-07,6.013916492462158,10.125,10.350000381469727,9.956250190734863,10.125,370623
2012-12-10,5.880274772644043,9.899999618530273,10.293749809265137,9.806249618530273,10.087499618530273,210434
2012-12-11,5.869136810302734,9.881250381469727,10.162500381469727,9.5625,10.106249809265137,280013
2012-12-12,5.7354960441589355,9.65625,9.862500190734863,9.600000381469727,9.862500190734863,122885
2012-12-13,5.590715408325195,9.412500381469727,9.75,9.393750190734863,9.712499618530273,108922
2012-12-14,5.65753698348999,9.524999618530273,9.75,9.375,9.5625,164442
2012-12-17,5.579578876495361,9.393750190734863,9.581250190734863,9.375,9.506250381469727,145639
2012-12-18,5.546168327331543,9.337499618530273,9.637499809265137,9.262499809265137,9.375,92242
2012-12-19,5.557304382324219,9.356249809265137,9.5625,9.206250190734863,9.375,114687
2012-12-20,5.557304382324219,9.356249809265137,9.543749809265137,9.300000190734863,9.524999618530273,362047
2012-12-21,5.490482807159424,9.243749618530273,9.46875,9.1875,9.318750381469727,95898
2012-12-24,5.412524223327637,9.112500190734863,9.412500381469727,9.0,9.225000381469727,144477
2012-12-26,5.401389122009277,9.09375,9.337499618530273,9.037500381469727,9.1875,68850
2012-12-27,5.345704078674316,9.0,9.225000381469727,8.925000190734863,9.09375,185797
2012-12-28,5.434798717498779,9.149999618530273,9.300000190734863,8.868749618530273,9.131250381469727,148885
2012-12-31,5.445937156677246,9.168749809265137,9.375,9.112500190734863,9.112500190734863,451085
2013-01-01,5.390252113342285,9.074999809265137,9.375,9.0,9.318750381469727,164223
2013-01-02,5.334567546844482,8.981249809265137,9.243749618530273,8.962499618530273,9.112500190734863,262754
2013-01-03,5.35684061050415,9.018750190734863,9.149999618530273,8.962499618530273,9.149999618530273,172610
2013-01-04,5.445937156677246,9.168749809265137,9.449999809265137,9.0,9.0,179658
2013-01-07,5.334567546844482,8.981249809265137,9.1875,8.925000190734863,9.168749809265137,197282
2013-01-08,5.379114151000977,9.056249618530273,9.1875,8.90625,9.131250381469727,208599
2013-01-09,5.334567546844482,8.981249809265137,9.168749809265137,8.8125,8.8125,107287
2013-01-10,5.301156044006348,8.925000190734863,9.112500190734863,8.850000381469727,9.018750190734863,184642
2013-01-11,5.323428630828857,8.962499618530273,9.1875,8.90625,9.112500190734863,154021
2013-01-14,5.345704078674316,9.0,9.149999618530273,8.962499618530273,8.962499618530273,119509
2013-01-15,5.523895740509033,9.300000190734863,9.506250381469727,8.90625,9.149999618530273,1132141
2013-01-16,5.401389122009277,9.09375,9.449999809265137,9.056249618530273,9.337499618530273,242501
2013-01-17,5.468210697174072,9.206250190734863,9.375,9.074999809265137,9.09375,316071
2013-01-18,5.590715408325195,9.412500381469727,9.46875,9.0,9.28125,569810
2013-01-21,5.5684404373168945,9.375,9.46875,9.356249809265137,9.356249809265137,177386
2013-01-22,5.5684404373168945,9.375,9.46875,9.28125,9.393750190734863,238954
2013-01-23,5.590715408325195,9.412500381469727,9.506250381469727,9.337499618530273,9.375,165925
2013-01-24,5.5684404373168945,9.375,9.449999809265137,9.28125,9.375,361874
2013-01-25,5.5684404373168945,9.375,9.449999809265137,9.28125,9.337499618530273,113599
2013-01-28,5.5684404373168945,9.375,9.506250381469727,9.262499809265137,9.506250381469727,214122
2013-01-29,5.5684404373168945,9.375,9.412500381469727,9.318750381469727,9.375,115391
2013-01-30,5.579578876495361,9.393750190734863,9.46875,9.28125,9.28125,159815
2013-01-31,5.5684404373168945,9.375,9.412500381469727,9.318750381469727,9.412500381469727,83458
2013-02-01,5.579578876495361,9.393750190734863,9.412500381469727,9.28125,9.356249809265137,116970
2013-02-04,5.5684404373168945,9.375,9.768750190734863,9.318750381469727,9.356249809265137,123677
2013-02-05,5.5684404373168945,9.375,9.412500381469727,9.28125,9.300000190734863,87221
2013-02-06,5.379114151000977,9.056249618530273,9.393750190734863,8.962499618530273,9.375,268991
2013-02-07,5.189786911010742,8.737500190734863,9.168749809265137,8.681249618530273,9.168749809265137,83610
2013-02-08,5.145240306854248,8.662500381469727,8.925000190734863,8.550000190734863,8.925000190734863,51570
2013-02-11,5.022734642028809,8.456250190734863,9.0,8.287500381469727,8.662500381469727,71383
2013-02-12,5.189786911010742,8.737500190734863,9.037500381469727,8.081250190734863,8.625,352367
2013-02-13,5.401389122009277,9.09375,9.131250381469727,8.774999618530273,8.8125,367194
2013-02-14,5.434798717498779,9.149999618530273,9.225000381469727,9.056249618530273,9.09375,298906
2013-02-15,5.401389122009277,9.09375,9.131250381469727,9.037500381469727,9.09375,166213
2013-02-18,5.401389122009277,9.09375,9.168749809265137,9.09375,9.09375,55405
2013-02-19,5.490482807159424,9.243749618530273,9.337499618530273,9.09375,9.09375,184405
2013-02-20,6.036190509796143,10.162500381469727,10.162500381469727,9.375,9.375,2330002
2013-02-21,5.7243571281433105,9.637499809265137,10.40625,9.449999809265137,10.162500381469727,1173090
2013-02-22,5.880274772644043,9.899999618530273,9.9375,9.65625,9.899999618530273,433541
2013-02-25,5.869136810302734,9.881250381469727,10.03125,9.75,9.75,323389
2013-02-26,5.523895740509033,9.300000190734863,9.881250381469727,9.225000381469727,9.84375,530973
2013-02-27,5.869136810302734,9.881250381469727,10.068750381469727,9.168749809265137,9.375,633997
2013-02-28,5.679810047149658,9.5625,10.125,9.524999618530273,9.9375,374061
2013-03-01,5.5684404373168945,9.375,9.693750381469727,9.318750381469727,9.581250190734863,325509
2013-03-04,5.601851463317871,9.431249618530273,9.543749809265137,8.4375,9.524999618530273,851874
2013-03-05,5.557304382324219,9.356249809265137,9.637499809265137,9.149999618530273,9.375,155047
2013-03-06,5.65753698348999,9.524999618530273,9.65625,9.206250190734863,9.375,211090
2013-03-07,5.702085971832275,9.600000381469727,9.75,9.487500190734863,9.487500190734863,67218
2013-03-08,5.802316188812256,9.768750190734863,9.862500190734863,9.5625,9.5625,213351
2013-03-11,5.791179180145264,9.75,9.899999618530273,9.731249809265137,9.75,125063
2013-03-12,5.802316188812256,9.768750190734863,9.881250381469727,9.731249809265137,9.787500381469727,68565
2013-03-13,5.824591159820557,9.806249618530273,9.9375,9.712499618530273,9.75,313101
2013-03-14,5.791179180145264,9.75,9.862500190734863,9.75,9.75,67805
2013-03-15,5.7800421714782715,9.731249809265137,9.787500381469727,9.712499618530273,9.75,236090
2013-03-18,5.590715408325195,9.412500381469727,9.712499618530273,9.393750190734863,9.5625,63893
2013-03-19,5.601851463317871,9.431249618530273,9.637499809265137,9.375,9.637499809265137,244901
2013-03-20,5.379114151000977,9.056249618530273,9.375,8.90625,9.300000190734863,136941
2013-03-21,5.234335899353027,8.8125,9.262499809265137,8.737500190734863,9.018750190734863,213762
2013-03-22,5.0895562171936035,8.568750381469727,8.8125,8.475000381469727,8.8125,104887
2013-03-25,5.145240306854248,8.662500381469727,8.962499618530273,8.625,8.756250381469727,63509
2013-03-26,5.122964859008789,8.625,9.112500190734863,8.493749618530273,8.493749618530273,87002
2013-03-28,5.200925827026367,8.756250381469727,8.887499809265137,8.643750190734863,8.643750190734863,46927
2013-04-01,5.367979526519775,9.037500381469727,9.375,8.793749809265137,8.831250190734863,91767
2013-04-02,5.45707368850708,9.1875,9.1875,8.887499809265137,9.0,100157
2013-04-03,5.379114151000977,9.056249618530273,9.337499618530273,9.0,9.149999618530273,43701
2013-04-04,5.301156044006348,8.925000190734863,9.09375,8.831250190734863,9.0,80151
2013-04-05,5.31229305267334,8.943750381469727,9.037500381469727,8.662500381469727,8.887499809265137,43762
2013-04-08,5.212061405181885,8.774999618530273,8.925000190734863,8.662500381469727,8.8125,33357
2013-04-09,5.367979526519775,9.037500381469727,9.09375,8.699999809265137,8.8125,80917
2013-04-10,5.35684061050415,9.018750190734863,9.168749809265137,8.774999618530273,8.8125,167405
2013-04-11,5.345704078674316,9.0,9.149999618530273,8.868749618530273,9.0,71631
2013-04-12,5.345704078674316,9.0,9.037500381469727,8.71875,8.8125,204327
2013-04-15,5.345704078674316,9.0,9.09375,8.962499618530273,9.0,111050
2013-04-16,5.345704078674316,9.0,9.09375,8.850000381469727,9.0,180698
2013-04-17,5.345704078674316,9.0,9.09375,9.0,9.018750190734863,86143
2013-04-18,5.45707368850708,9.1875,9.300000190734863,9.0,9.09375,153333
2013-04-22,5.501621246337891,9.262499809265137,9.300000190734863,9.018750190734863,9.018750190734863,103671
2013-04-23,5.635263442993164,9.487500190734863,9.768750190734863,9.056249618530273,9.074999809265137,252471
2013-04-25,5.512757301330566,9.28125,9.506250381469727,9.206250190734863,9.262499809265137,53703
2013-04-26,5.490482807159424,9.243749618530273,9.412500381469727,9.1875,9.318750381469727,30541
2013-04-29,5.5684404373168945,9.375,9.487500190734863,9.1875,9.375,54279
2013-04-30,5.5684404373168945,9.375,9.600000381469727,9.375,9.393750190734863,92015
2013-05-02,5.579578876495361,9.393750190734863,9.46875,9.375,9.375,158663
2013-05-03,5.5684404373168945,9.375,9.524999618530273,9.206250190734863,9.206250190734863,261586
2013-05-06,5.768903732299805,9.712499618530273,9.787500381469727,9.318750381469727,9.337499618530273,123463
2013-05-07,5.590715408325195,9.412500381469727,9.65625,9.337499618530273,9.375,229431
2013-05-08,5.5684404373168945,9.375,9.543749809265137,9.375,9.375,124058
2013-05-09,5.679810047149658,9.5625,9.84375,9.393750190734863,9.393750190734863,251674
2013-05-10,5.5684404373168945,9.375,9.65625,9.375,9.5625,58215
2013-05-13,5.5684404373168945,9.375,9.600000381469727,8.8125,9.581250190734863,133986
2013-05-14,6.437119960784912,10.837499618530273,11.25,9.375,9.412500381469727,1143877
2013-05-15,6.325750350952148,10.649999618530273,11.512499809265137,10.3125,11.25,2315394
2013-05-16,6.225518703460693,10.481249809265137,10.837499618530273,10.3125,10.649999618530273,463197
2013-05-17,6.158696174621582,10.368749618530273,10.574999809265137,10.274999618530273,10.5,288877
2013-05-20,6.158696174621582,10.368749618530273,10.6875,10.21875,10.350000381469727,200391
2013-05-21,6.1475605964660645,10.350000381469727,10.949999809265137,10.199999809265137,10.256250381469727,248485
2013-05-22,6.013916492462158,10.125,10.5,10.012499809265137,10.5,492389
2013-05-23,5.969369888305664,10.050000190734863,10.574999809265137,9.84375,10.574999809265137,389037
2013-05-24,5.924821853637695,9.975000381469727,10.199999809265137,9.881250381469727,10.125,91610
2013-05-27,5.9359588623046875,9.993749618530273,10.087499618530273,9.9375,10.012499809265137,101367
2013-05-28,5.880274772644043,9.899999618530273,10.050000190734863,9.787500381469727,9.993749618530273,134327
2013-05-29,5.924821853637695,9.975000381469727,10.125,9.712499618530273,9.787500381469727,172045
2013-05-30,5.835727214813232,9.824999809265137,10.181249618530273,9.637499809265137,10.181249618530273,178943
2013-05-31,5.869136810302734,9.881250381469727,10.443750381469727,9.806249618530273,10.274999618530273,223426
2013-06-03,5.902548789978027,9.9375,10.03125,9.5625,9.862500190734863,131437
2013-06-04,6.002780437469482,10.106249809265137,10.21875,10.012499809265137,10.199999809265137,78111
2013-06-05,5.980506420135498,10.068750381469727,10.199999809265137,10.03125,10.181249618530273,63295
2013-06-06,5.980506420135498,10.068750381469727,10.162500381469727,10.03125,10.106249809265137,62434
2013-06-07,6.036190509796143,10.162500381469727,10.3125,10.03125,10.03125,110101
2013-06-10,6.069602012634277,10.21875,10.949999809265137,10.125,10.125,384362
2013-06-11,6.013916492462158,10.125,10.443750381469727,10.125,10.443750381469727,81090
2013-06-12,6.058465957641602,10.199999809265137,10.368749618530273,10.125,10.125,67045
2013-06-13,6.013916492462158,10.125,10.21875,10.03125,10.125,56933
2013-06-14,5.746631622314453,9.675000190734863,10.443750381469727,9.65625,10.21875,233981
2013-06-17,5.65753698348999,9.524999618530273,10.087499618530273,9.375,10.087499618530273,100090
2013-06-18,5.8134541511535645,9.787500381469727,9.862500190734863,9.206250190734863,9.412500381469727,243775
2013-06-19,5.824591159820557,9.806249618530273,10.068750381469727,9.65625,9.768750190734863,97106
2013-06-20,5.791179180145264,9.75,10.012499809265137,9.675000190734863,10.012499809265137,78655
2013-06-21,5.8134541511535645,9.787500381469727,10.087499618530273,9.75,9.84375,240645
2013-06-24,5.713222026824951,9.618749618530273,9.881250381469727,9.506250381469727,9.787500381469727,116674
2013-06-25,5.690946578979492,9.581250190734863,9.956250190734863,9.431249618530273,9.431249618530273,74530
2013-06-26,5.612990379333496,9.449999809265137,10.03125,9.412500381469727,9.600000381469727,217346
2013-06-27,5.802316188812256,9.768750190734863,9.862500190734863,9.46875,9.618749618530273,92087
2013-06-28,5.8134541511535645,9.787500381469727,10.03125,9.75,9.824999809265137,109978
2013-07-01,5.880274772644043,9.899999618530273,10.237500190734863,9.543749809265137,9.543749809265137,109413
2013-07-02,6.169832229614258,10.387499809265137,10.481249809265137,9.806249618530273,9.9375,347935
2013-07-03,6.013916492462158,10.125,10.368749618530273,10.068750381469727,10.368749618530273,71498
2013-07-04,6.036190509796143,10.162500381469727,10.443750381469727,10.125,10.143750190734863,43741
2013-07-05,6.013916492462158,10.125,10.293749809265137,9.787500381469727,10.293749809265137,95879
2013-07-08,6.013916492462158,10.125,10.21875,10.050000190734863,10.125,42391
2013-07-09,6.548487663269043,11.024999618530273,11.231249809265137,10.125,10.125,604071
2013-07-10,6.403707504272461,10.78125,11.568750381469727,10.6875,11.287500381469727,1841685
2013-07-11,6.359161376953125,10.706250190734863,11.53125,10.612500190734863,10.78125,208695
2013-07-12,6.281201362609863,10.574999809265137,10.931249618530273,10.40625,10.856249809265137,289687
2013-07-15,6.448256015777588,10.856249809265137,10.949999809265137,10.462499618530273,10.875,162847
2013-07-16,6.270064830780029,10.556249618530273,10.875,10.518750190734863,10.743749618530273,84367
2013-07-17,6.136422634124756,10.331250190734863,10.6875,10.199999809265137,10.5,156394
2013-07-18,6.091876029968262,10.256250381469727,10.574999809265137,10.143750190734863,10.574999809265137,116666
2013-07-19,6.013916492462158,10.125,10.5,10.068750381469727,10.293749809265137,127746
2013-07-22,5.757767677307129,9.693750381469727,10.125,9.581250190734863,10.050000190734863,225781
2013-07-23,5.824591159820557,9.806249618530273,9.881250381469727,9.712499618530273,9.712499618530273,118671
2013-07-24,5.969369888305664,10.050000190734863,10.293749809265137,9.412500381469727,9.899999618530273,184959
2013-07-25,6.069602012634277,10.21875,10.293749809265137,9.862500190734863,10.199999809265137,339047
2013-07-26,6.081275463104248,9.768750190734863,10.012499809265137,9.65625,10.012499809265137,400445
2013-07-29,6.092947006225586,9.787500381469727,10.050000190734863,9.449999809265137,10.050000190734863,118343
2013-07-30,5.78946590423584,9.300000190734863,9.824999809265137,9.074999809265137,9.824999809265137,148909
2013-07-31,5.766120910644531,9.262499809265137,9.600000381469727,8.699999809265137,9.262499809265137,195997
2013-08-01,5.614382266998291,9.018750190734863,9.524999618530273,8.887499809265137,9.28125,107989
2013-08-02,5.614382266998291,9.018750190734863,9.149999618530273,8.699999809265137,9.018750190734863,128767
2013-08-05,5.485986232757568,8.8125,9.0,8.4375,8.943750381469727,436989
2013-08-06,5.334246635437012,8.568750381469727,8.887499809265137,8.493749618530273,8.737500190734863,80823
2013-08-07,5.415952205657959,8.699999809265137,8.774999618530273,8.4375,8.774999618530273,84821
2013-08-08,5.509331226348877,8.850000381469727,9.1875,8.662500381469727,8.850000381469727,275266
2013-08-12,5.6027092933654785,9.0,9.168749809265137,8.850000381469727,9.09375,123631
2013-08-13,5.906189918518066,9.487500190734863,9.862500190734863,8.925000190734863,9.037500381469727,289647
2013-08-14,6.046255111694336,9.712499618530273,10.256250381469727,9.5625,9.956250190734863,1458613
2013-08-16,5.719432830810547,9.1875,9.75,9.018750190734863,9.75,220519
2013-08-19,5.567691802978516,8.943750381469727,9.28125,8.699999809265137,9.1875,109567
2013-08-20,5.6027092933654785,9.0,9.337499618530273,8.681249618530273,8.925000190734863,84087
2013-08-21,5.4976582527160645,8.831250190734863,9.318750381469727,8.737500190734863,9.262499809265137,62413
2013-08-22,5.626054286956787,9.037500381469727,9.225000381469727,8.587499618530273,8.625,79082
2013-08-23,5.614382266998291,9.018750190734863,9.375,9.0,9.375,88077
2013-08-26,5.754448890686035,9.243749618530273,9.412500381469727,8.90625,9.0,131210
2013-08-27,5.567691802978516,8.943750381469727,9.206250190734863,8.925000190734863,9.112500190734863,54978
2013-08-28,5.532674789428711,8.887499809265137,9.037500381469727,8.71875,8.887499809265137,121261
2013-08-29,5.614382266998291,9.018750190734863,9.1875,8.850000381469727,9.1875,116530
2013-08-30,5.824483394622803,9.356249809265137,9.5625,8.8125,9.0,1257045
2013-09-02,6.1746506690979,9.918749809265137,10.068750381469727,9.1875,9.1875,411415
2013-09-03,5.906189918518066,9.487500190734863,10.274999618530273,9.393750190734863,9.862500190734863,351274
2013-09-04,5.824483394622803,9.356249809265137,9.899999618530273,9.300000190734863,9.431249618530273,186682
2013-09-05,5.929533958435059,9.524999618530273,9.712499618530273,9.056249618530273,9.375,100709
2013-09-06,5.952877044677734,9.5625,9.712499618530273,9.412500381469727,9.637499809265137,68719
2013-09-10,5.976223945617676,9.600000381469727,9.75,9.506250381469727,9.731249809265137,449967
2013-09-11,5.8478264808654785,9.393750190734863,9.65625,9.262499809265137,9.431249618530273,83709
2013-09-12,5.929533958435059,9.524999618530273,9.712499618530273,9.393750190734863,9.712499618530273,114829
2013-09-13,6.151307106018066,9.881250381469727,10.387499809265137,9.449999809265137,9.449999809265137,607338
2013-09-16,5.987895965576172,9.618749618530273,10.106249809265137,9.506250381469727,9.993749618530273,106594
2013-09-17,6.081275463104248,9.768750190734863,9.918749809265137,9.375,9.375,47887
2013-09-18,6.641544818878174,10.668749809265137,10.837499618530273,9.5625,9.75,877733
2013-09-19,6.326393127441406,10.162500381469727,11.0625,9.9375,10.912500381469727,1738327
2013-09-20,6.408096790313721,10.293749809265137,10.425000190734863,9.84375,10.050000190734863,793029
2013-09-23,6.303047180175781,10.125,10.387499809265137,10.012499809265137,10.331250190734863,166994
2013-09-24,6.314718246459961,10.143750190734863,10.3125,9.993749618530273,10.087499618530273,140746
2013-09-25,6.303047180175781,10.125,10.256250381469727,10.125,10.143750190734863,264845
2013-09-26,6.338064193725586,10.181249618530273,10.631250381469727,10.068750381469727,10.293749809265137,323757
2013-09-27,6.326393127441406,10.162500381469727,10.350000381469727,10.106249809265137,10.162500381469727,85727
2013-09-30,6.314718246459961,10.143750190734863,10.274999618530273,10.087499618530273,10.087499618530273,121903
2013-10-01,6.3847551345825195,10.256250381469727,10.368749618530273,10.125,10.125,126597
2013-10-03,6.594854354858398,10.59375,10.649999618530273,10.162500381469727,10.162500381469727,371666
2013-10-04,6.419771194458008,10.3125,10.556249618530273,10.199999809265137,10.5,108770
2013-10-07,6.886662483215332,11.0625,11.550000190734863,10.125,10.125,1517301
2013-10-08,6.991713047027588,11.231249809265137,11.475000381469727,10.893750190734863,10.96875,482754
2013-10-09,6.991713047027588,11.231249809265137,11.324999809265137,10.96875,11.193750381469727,190682
2013-10-10,7.166799545288086,11.512499809265137,11.850000381469727,11.024999618530273,11.024999618530273,677519
2013-10-11,7.026732921600342,11.287500381469727,11.925000190734863,11.118749618530273,11.793749809265137,553695
2013-10-14,7.038403034210205,11.306249618530273,11.625,11.043749809265137,11.625,176898
2013-10-15,7.026732921600342,11.287500381469727,11.475000381469727,10.931249618530273,11.324999809265137,253613
2013-10-17,7.003388404846191,11.25,11.34375,10.987500190734863,11.100000381469727,194858
2013-10-18,7.026732921600342,11.287500381469727,11.4375,11.137499809265137,11.25,281290
2013-10-21,7.026732921600342,11.287500381469727,11.4375,11.193750381469727,11.287500381469727,121293
2013-10-22,7.07342004776001,11.362500190734863,11.71875,11.100000381469727,11.306249618530273,273501
2013-10-23,7.050076484680176,11.324999809265137,11.53125,11.25,11.25,218562
2013-10-24,7.003388404846191,11.25,11.512499809265137,11.25,11.287500381469727,204986
2013-10-25,7.015058517456055,11.268750190734863,11.4375,11.100000381469727,11.212499618530273,125882
2013-10-28,7.015058517456055,11.268750190734863,11.4375,11.25,11.287500381469727,51498
2013-10-29,7.015058517456055,11.268750190734863,11.324999809265137,11.081250190734863,11.268750190734863,63746
2013-10-30,7.015058517456055,11.268750190734863,11.399999618530273,11.25,11.25,99034
2013-10-31,7.190143585205078,11.550000190734863,11.8125,11.268750190734863,11.34375,224397
2013-11-01,7.190143585205078,11.550000190734863,11.887499809265137,11.100000381469727,11.100000381469727,149903
2013-11-05,7.692052364349365,12.356249809265137,12.637499809265137,11.699999809265137,11.699999809265137,666861
2013-11-06,7.516968727111816,12.074999809265137,12.637499809265137,12.018750190734863,12.375,174802
2013-11-07,7.9721879959106445,12.806249618530273,13.125,12.037500381469727,12.037500381469727,794847
2013-11-08,8.065567970275879,12.956250190734863,13.293749809265137,12.65625,13.293749809265137,790839
2013-11-11,7.948843955993652,12.768750190734863,13.125,12.46875,13.087499618530273,355845
2013-11-12,8.018877029418945,12.881250381469727,13.5,12.75,12.787500381469727,957751
2013-11-13,7.925497531890869,12.731249809265137,13.574999809265137,12.5625,13.5,818714
2013-11-14,8.093871116638184,12.618749618530273,12.9375,12.524999618530273,12.5625,281351
2013-11-18,7.937525749206543,12.375,12.712499618530273,12.206250190734863,12.412500381469727,215866
2013-11-19,7.9615797996521,12.412500381469727,12.618749618530273,12.09375,12.375,205002
2013-11-20,7.9615797996521,12.412500381469727,12.693750381469727,12.375,12.412500381469727,268319
2013-11-21,7.937525749206543,12.375,12.524999618530273,12.09375,12.393750190734863,235242
2013-11-22,7.937525749206543,12.375,12.524999618530273,12.28125,12.28125,133149
2013-11-25,7.9615797996521,12.412500381469727,12.600000381469727,12.300000190734863,12.300000190734863,126762
2013-11-26,8.009686470031738,12.487500190734863,12.675000190734863,12.28125,12.28125,115210
2013-11-27,8.238188743591309,12.84375,13.012499809265137,12.712499618530273,12.84375,721199
2013-11-28,8.262239456176758,12.881250381469727,13.21875,12.824999809265137,12.899999618530273,230042
2013-11-29,8.190082550048828,12.768750190734863,13.106249809265137,12.675000190734863,13.087499618530273,185013
2013-12-02,8.081844329833984,12.600000381469727,12.899999618530273,12.5625,12.84375,98301
2013-12-03,7.9615797996521,12.412500381469727,12.731249809265137,12.243749618530273,12.731249809265137,151570
2013-12-04,8.310348510742188,12.956250190734863,13.199999809265137,12.112500190734863,12.393750190734863,485722
2013-12-05,8.105896949768066,12.637499809265137,13.199999809265137,12.5625,12.637499809265137,299410
2013-12-06,8.093871116638184,12.618749618530273,12.862500190734863,12.318750381469727,12.600000381469727,194586
2013-12-09,8.178055763244629,12.75,12.881250381469727,12.318750381469727,12.5625,205690
2013-12-10,8.250215530395508,12.862500190734863,12.9375,12.431249618530273,12.431249618530273,106021
2013-12-11,8.190082550048828,12.768750190734863,12.9375,12.5625,12.84375,71943
2013-12-12,8.178055763244629,12.75,12.881250381469727,12.431249618530273,12.75,111562
2013-12-13,8.178055763244629,12.75,12.9375,12.693750381469727,12.84375,68322
2013-12-16,7.913471221923828,12.337499618530273,12.881250381469727,12.206250190734863,12.712499618530273,70743
2013-12-17,8.190082550048828,12.768750190734863,12.881250381469727,12.449999809265137,12.449999809265137,114141
2013-12-18,8.430615425109863,13.143750190734863,13.181249618530273,12.75,12.75,303237
2013-12-19,8.82749080657959,13.762499809265137,14.324999809265137,12.84375,13.125,2293479
2013-12-20,9.476922035217285,14.774999618530273,15.28125,13.987500190734863,13.987500190734863,3383463
2013-12-23,9.970013618469238,15.543749809265137,15.9375,14.90625,14.925000190734863,2338421
2013-12-24,9.861773490905762,15.375,15.918749809265137,15.1875,15.712499618530273,982527
2013-12-26,10.258652687072754,15.993749618530273,16.162500381469727,15.018750190734863,15.487500190734863,1683085
2013-12-27,10.138383865356445,15.806249618530273,16.256250381469727,15.412500381469727,16.21875,2213541
2013-12-30,9.897852897644043,15.431249618530273,15.975000381469727,15.300000190734863,15.787500381469727,884797
2013-12-31,9.849746704101562,15.356249809265137,15.65625,15.225000381469727,15.524999618530273,456695
2014-01-01,10.234597206115723,15.956250190734863,16.125,15.393750190734863,15.524999618530273,1014578
2014-01-02,9.970013618469238,15.543749809265137,16.21875,15.412500381469727,16.125,1227205
2014-01-03,11.28091049194336,17.587499618530273,18.075000762939453,15.412500381469727,15.431249618530273,3875077
2014-01-06,11.00429630279541,17.15625,18.149999618530273,17.0625,17.8125,2782434
2014-01-07,10.763766288757324,16.78125,17.512500762939453,16.518749237060547,17.231250762939453,1387346
2014-01-08,11.016321182250977,17.174999237060547,17.868749618530273,16.6875,16.893749237060547,1793477
2014-01-09,10.739713668823242,16.743749618530273,17.549999237060547,16.59375,17.174999237060547,795194
2014-01-10,10.89605712890625,16.987499237060547,17.981250762939453,16.837499618530273,16.987499237060547,2856309
2014-01-13,10.799848556518555,16.837499618530273,17.625,16.743749618530273,17.137500762939453,1190359
2014-01-14,10.366891860961914,16.162500381469727,17.024999618530273,16.087499618530273,16.875,620853
2014-01-15,10.330811500549316,16.106250762939453,16.612499237060547,15.862500190734863,16.237499237060547,580701
2014-01-16,10.258652687072754,15.993749618530273,16.368749618530273,15.9375,16.21875,294127
2014-01-17,9.500975608825684,14.8125,16.049999237060547,14.681249618530273,16.012500762939453,791402
2014-01-20,10.607419967651367,16.537500381469727,17.024999618530273,14.681249618530273,15.0,2659535
2014-01-21,10.667552947998047,16.631250381469727,17.137500762939453,16.3125,16.612499237060547,1260151
2014-01-22,10.366891860961914,16.162500381469727,16.6875,15.993749618530273,16.631250381469727,477029
2014-01-23,10.246624946594238,15.975000381469727,16.40625,15.9375,16.181249618530273,366837
2014-01-24,9.957986831665039,15.524999618530273,16.068750381469727,15.431249618530273,15.975000381469727,359567
2014-01-27,9.152206420898438,14.268750190734863,15.9375,13.987500190734863,15.375,1231389
2014-01-28,9.428817749023438,14.699999809265137,14.981249809265137,14.287500381469727,14.287500381469727,473090
2014-01-29,9.44084358215332,14.71875,15.300000190734863,14.625,14.8125,341301
2014-01-30,9.152206420898438,14.268750190734863,14.625,14.137499809265137,14.625,322455
2014-01-31,9.392736434936523,14.643750190734863,14.962499618530273,14.34375,14.34375,319031
2014-02-03,9.428817749023438,14.699999809265137,15.1875,14.606249809265137,14.625,373717
2014-02-04,9.392736434936523,14.643750190734863,14.737500190734863,14.25,14.4375,262967
2014-02-05,9.705428123474121,15.131250381469727,15.618749618530273,14.587499618530273,14.606249809265137,775205
2014-02-06,9.94596004486084,15.506250381469727,15.806249618530273,14.962499618530273,15.0,645050
2014-02-07,9.909879684448242,15.449999809265137,16.012500762939453,15.225000381469727,15.581250190734863,629095
2014-02-10,10.330811500549316,16.106250762939453,16.837499618530273,15.975000381469727,16.424999237060547,1404450
2014-02-11,10.0421724319458,15.65625,16.274999618530273,15.600000381469727,16.143749237060547,381191
2014-02-12,9.970013618469238,15.543749809265137,16.087499618530273,15.487500190734863,15.768750190734863,278375
2014-02-13,9.849746704101562,15.356249809265137,15.824999809265137,15.112500190734863,15.412500381469727,327026
2014-02-14,9.741507530212402,15.1875,15.637499809265137,15.037500381469727,15.225000381469727,375005
2014-02-17,10.258652687072754,15.993749618530273,16.3125,15.056249618530273,15.356249809265137,796333
2014-02-18,11.148614883422852,17.381250381469727,18.0,16.181249618530273,16.181249618530273,5224965
2014-02-19,10.88403034210205,16.96875,17.587499618530273,16.706249237060547,17.25,1440375
2014-02-20,11.136588096618652,17.362499237060547,18.0,16.875,16.96875,3183810
2014-02-21,11.088481903076172,17.287500381469727,17.662500381469727,16.987499237060547,17.34375,1577346
2014-02-24,11.95439338684082,18.637500762939453,18.918750762939453,17.25,17.325000762939453,4288429
2014-02-25,12.303166389465332,19.181249618530273,19.462499618530273,18.581249237060547,18.956249237060547,5151671
2014-02-26,12.351271629333496,19.256250381469727,19.875,19.181249618530273,19.181249618530273,3033122
2014-02-28,12.327219009399414,19.21875,19.78125,18.600000381469727,19.3125,1857298
2014-03-03,12.074662208557129,18.825000762939453,19.6875,18.693750381469727,19.274999618530273,1008263
2014-03-04,12.170873641967773,18.975000381469727,19.274999618530273,18.393749237060547,18.75,1417730
2014-03-05,12.194925308227539,19.012500762939453,19.462499618530273,18.899999618530273,19.3125,719773
2014-03-06,12.110738754272461,18.881250381469727,19.40625,18.806249618530273,19.012500762939453,1003479
2014-03-07,11.413200378417969,17.793750762939453,19.087499618530273,17.625,18.881250381469727,1393394
2014-03-10,11.196720123291016,17.456249237060547,18.131250381469727,16.931249618530273,17.71875,792690
2014-03-11,11.256853103637695,17.549999237060547,18.075000762939453,17.306249618530273,17.306249618530273,828663
2014-03-12,10.980242729187012,17.118749618530273,17.887500762939453,16.950000762939453,17.287500381469727,686047
2014-03-13,10.89605712890625,16.987499237060547,17.475000381469727,16.912500381469727,17.118749618530273,589725
2014-03-14,10.655526161193848,16.612499237060547,17.137500762939453,16.5,16.893749237060547,451263
2014-03-18,10.847951889038086,16.912500381469727,17.287500381469727,16.424999237060547,16.424999237060547,725327
2014-03-19,11.040376663208008,17.212499618530273,17.418750762939453,16.612499237060547,17.15625,998167
2014-03-20,11.076456069946289,17.268749237060547,17.587499618530273,17.15625,17.212499618530273,720042
2014-03-21,11.040376663208008,17.212499618530273,17.418750762939453,16.950000762939453,17.399999618530273,435093
2014-03-24,10.89605712890625,16.987499237060547,17.231250762939453,16.706249237060547,16.96875,402637
2014-03-25,10.89605712890625,16.987499237060547,17.212499618530273,16.612499237060547,16.987499237060547,428285
2014-03-26,10.67957878112793,16.649999618530273,17.193750381469727,16.387500762939453,16.987499237060547,624175
2014-03-27,10.511208534240723,16.387500762939453,16.875,16.3125,16.518749237060547,363821
2014-03-28,10.643499374389648,16.59375,16.78125,16.368749618530273,16.368749618530273,359711
2014-03-31,10.559313774108887,16.462499618530273,16.706249237060547,16.387500762939453,16.6875,379802
2014-04-01,11.100506782531738,17.306249618530273,17.625,16.331249237060547,16.387500762939453,1025501
2014-04-02,11.485359191894531,17.90625,18.225000381469727,17.306249618530273,17.549999237060547,1057914
2014-04-03,11.713861465454102,18.262500762939453,18.674999237060547,17.643749237060547,17.643749237060547,1774146
2014-04-04,11.701833724975586,18.243749618530273,18.674999237060547,18.056249618530273,18.375,719159
2014-04-07,11.822103500366211,18.431249618530273,18.637500762939453,17.587499618530273,18.299999237060547,722762
2014-04-09,11.521438598632812,17.962499618530273,18.524999618530273,17.831249237060547,18.09375,456981
2014-04-10,11.365095138549805,17.71875,18.112499237060547,17.643749237060547,18.112499237060547,378735
2014-04-11,11.533465385437012,17.981250762939453,18.206249237060547,17.625,17.981250762939453,516338
2014-04-15,12.038580894470215,18.768749237060547,18.899999618530273,17.850000381469727,18.075000762939453,2312042
2014-04-16,12.218976974487305,19.049999237060547,20.212499618530273,18.862499237060547,19.706249237060547,5746519
2014-04-17,12.387351989746094,19.3125,19.875,18.84375,19.350000381469727,1116717
2014-04-21,12.375322341918945,19.293750762939453,19.556249618530273,19.049999237060547,19.556249618530273,704170
2014-04-22,11.978446006774902,18.674999237060547,19.6875,18.5625,19.200000762939453,1063213
2014-04-23,11.918313980102539,18.581249237060547,18.975000381469727,18.112499237060547,18.75,967895
2014-04-24,11.918313980102539,18.581249237060547,18.581249237060547,18.581249237060547,18.581249237060547,0
2014-04-25,11.78602409362793,18.375,18.524999618530273,18.149999618530273,18.28125,376789
2014-04-28,11.918313980102539,18.581249237060547,18.9375,18.112499237060547,18.375,413621
2014-04-29,11.918313980102539,18.581249237060547,18.9375,18.375,18.375,504375
2014-04-30,11.713861465454102,18.262500762939453,18.75,18.1875,18.412500381469727,843434
2014-05-02,11.437253952026367,17.831249237060547,18.450000762939453,17.8125,18.112499237060547,304167
2014-05-05,11.557518005371094,18.018749237060547,18.337499618530273,17.737499237060547,18.075000762939453,476701
2014-05-06,11.437253952026367,17.831249237060547,18.225000381469727,17.268749237060547,18.056249618530273,200165
2014-05-07,11.365095138549805,17.71875,18.0,17.643749237060547,18.0,242661
2014-05-08,11.473332405090332,17.887500762939453,18.075000762939453,17.287500381469727,17.774999618530273,270581
2014-05-09,11.461302757263184,17.868749618530273,18.543750762939453,17.700000762939453,17.700000762939453,521538
2014-05-12,10.956191062927246,17.081249237060547,18.09375,16.912500381469727,17.8125,625093
2014-05-13,11.016321182250977,17.174999237060547,17.549999237060547,17.081249237060547,17.118749618530273,453839
2014-05-14,11.016321182250977,17.17499542236328,17.549999237060547,17.006250381469727,17.25,277031
2014-05-15,10.956191062927246,17.081249237060547,17.475000381469727,16.893749237060547,17.174999237060547,338101
2014-05-16,10.34283447265625,16.125,17.868749618530273,15.618749618530273,17.006250381469727,608807
2014-05-19,10.126359939575195,15.787500381469727,16.481250762939453,15.300000190734863,16.481250762939453,1066293
2014-05-20,10.378915786743164,16.181249618530273,16.424999237060547,15.46875,15.46875,1241989
2014-05-21,10.859977722167969,16.931249618530273,17.212499618530273,16.331249237060547,16.331249237060547,1291602
2014-05-22,10.859977722167969,16.931249618530273,17.549999237060547,16.837499618530273,17.25,846045
2014-05-23,11.17266845703125,17.418750762939453,18.075000762939453,16.96875,17.25,1991047
2014-05-26,10.691609382629395,16.668750762939453,18.149999618530273,15.149999618530273,17.643749237060547,1287114
2014-05-27,12.820307731628418,19.987499237060547,19.987499237060547,18.075000762939453,18.075000762939453,7709890
2014-05-28,14.431865692138672,22.5,23.625,21.487499237060547,21.674999237060547,11696559
2014-05-29,15.141430854797363,23.606250762939453,24.450000762939453,21.787500381469727,22.875,6948458
2014-05-30,15.117376327514648,23.568750381469727,23.924999237060547,22.6875,23.381250381469727,3211389
2014-06-02,14.720498085021973,22.950000762939453,23.606250762939453,22.6875,23.606250762939453,1184759
2014-06-03,14.92495346069336,23.268749237060547,23.625,22.518749237060547,22.837499618530273,1170079
2014-06-04,14.888872146606445,23.212499618530273,23.4375,22.725000381469727,23.25,814191
2014-06-05,14.949004173278809,23.306249618530273,23.793750762939453,22.875,23.25,1357413
2014-06-06,15.814920425415039,24.65625,25.40625,24.149999618530273,24.375,4982722
2014-06-09,15.550334930419922,24.243749618530273,24.881250381469727,23.8125,24.674999237060547,1387151
2014-06-10,16.849199295043945,26.268749237060547,26.625,23.34375,24.337499618530273,5765503
2014-06-11,17.10175895690918,26.662500381469727,28.087499618530273,26.25,26.549999237060547,6469941
2014-06-12,17.486604690551758,27.262500762939453,27.618749618530273,26.475000381469727,26.962499618530273,2063722
2014-06-13,16.139631271362305,25.162500381469727,27.674999237060547,24.375,27.075000762939453,1951893
2014-06-16,16.9935245513916,26.493749618530273,26.90625,24.975000381469727,25.256250381469727,2352295
2014-06-17,16.789072036743164,26.174999237060547,27.28125,26.100000381469727,26.662500381469727,1794359
2014-06-18,16.596647262573242,25.875,27.28125,25.575000762939453,26.212499618530273,1644669
2014-06-19,17.943614959716797,27.975000381469727,28.743749618530273,25.931249618530273,26.137500762939453,4007693
2014-06-20,17.90753746032715,27.918750762939453,29.493749618530273,27.618749618530273,29.006250381469727,5575797
2014-06-23,17.967670440673828,28.012500762939453,28.3125,27.600000381469727,27.75,1098215
2014-06-24,19.001951217651367,29.625,30.168750762939453,28.162500381469727,28.162500381469727,5277789
2014-06-25,18.556970596313477,28.931249618530273,29.756250381469727,28.59375,29.700000762939453,1473271
2014-06-26,17.979694366455078,28.03125,29.325000762939453,27.600000381469727,29.325000762939453,1735717
2014-06-27,19.194379806518555,29.924999237060547,31.274999618530273,27.75,27.75,5719290
2014-06-30,20.09636878967285,31.331249237060547,31.40625,30.037500381469727,30.131250381469727,1473765
2014-07-01,19.5311222076416,30.450000762939453,31.818750381469727,30.1875,31.537500381469727,675474
2014-07-02,19.940027236938477,31.087499618530273,31.462499618530273,30.524999618530273,30.524999618530273,670754
2014-07-03,19.675443649291992,30.674999237060547,31.6875,30.0,30.768749237060547,505365
2014-07-04,19.12221908569336,29.8125,31.049999237060547,29.287500381469727,29.287500381469727,509085
2014-07-07,19.001951217651367,29.625,30.431249618530273,29.25,29.287500381469727,660727
2014-07-08,18.124019622802734,28.256250381469727,29.981250762939453,28.143749237060547,29.287500381469727,648290
2014-07-09,18.11199188232422,28.237499237060547,29.0625,27.037500381469727,27.037500381469727,502679
2014-07-10,18.400623321533203,28.6875,29.34375,26.887500762939453,27.393749237060547,415842
2014-07-11,17.90753746032715,27.918750762939453,29.212499618530273,27.356250762939453,27.46875,281445
2014-07-14,17.270132064819336,26.924999237060547,28.106250762939453,26.662500381469727,27.037500381469727,199357
2014-07-15,18.124019622802734,28.256250381469727,28.256250381469727,26.8125,26.8125,216245
2014-07-16,18.172122955322266,28.331249237060547,28.856250762939453,27.581249237060547,27.581249237060547,123098
2014-07-17,18.53291893005371,28.893749237060547,29.399999618530273,27.731250762939453,27.731250762939453,210778
2014-07-18,19.458965301513672,30.337499618530273,30.337499618530273,28.40625,28.537500381469727,413535
2014-07-21,18.785472869873047,29.287500381469727,31.462499618530273,29.024999618530273,30.450000762939453,474399
2014-07-22,18.641157150268555,29.0625,29.924999237060547,28.837499618530273,29.25,186357
2014-07-23,18.38860321044922,28.668750762939453,29.625,27.993749618530273,27.993749618530273,115365
2014-07-24,18.941818237304688,29.53125,29.662500381469727,28.125,28.631250381469727,181711
2014-07-25,18.617107391357422,29.024999618530273,29.568750381469727,28.293750762939453,29.381250381469727,134285
2014-07-28,18.18415069580078,28.350000381469727,29.549999237060547,28.162500381469727,28.162500381469727,111191
2014-07-30,18.605079650878906,29.006250381469727,29.25,27.862499237060547,27.862499237060547,168394
2014-07-31,18.44873046875,28.762500762939453,29.549999237060547,28.5,28.518749237060547,253930
2014-08-01,17.96225357055664,27.0,28.293750762939453,26.924999237060547,27.75,292071
2014-08-04,17.18888282775879,25.837499618530273,27.65625,25.649999618530273,27.018749237060547,640039
2014-08-05,18.03710174560547,27.112499237060547,27.112499237060547,25.237499237060547,25.237499237060547,244669
2014-08-06,18.935211181640625,28.462499618530273,28.462499618530273,27.5625,27.5625,560517
2014-08-07,18.735631942749023,28.162500381469727,29.606250762939453,27.299999237060547,29.587499618530273,457338
2014-08-08,18.698213577270508,28.106250762939453,28.350000381469727,27.412500381469727,27.9375,284703
2014-08-11,18.673261642456055,28.068750381469727,29.212499618530273,27.9375,28.649999618530273,290242
2014-08-12,19.596323013305664,29.456249237060547,29.456249237060547,29.456249237060547,29.456249237060547,143490
2014-08-13,20.569278717041016,30.918750762939453,30.918750762939453,30.918750762939453,30.918750762939453,377927
2014-08-14,20.99338722229004,31.556249618530273,32.45624923706055,30.75,32.45624923706055,5252431
2014-08-18,22.041181564331055,33.131248474121094,33.131248474121094,31.96875,32.025001525878906,824325
2014-08-19,22.128498077392578,33.26250076293945,34.61249923706055,32.474998474121094,34.29375076293945,1805543
2014-08-20,23.101455688476562,34.724998474121094,34.912498474121094,32.70000076293945,33.5625,1809666
2014-08-21,24.249048233032227,36.45000076293945,36.45000076293945,34.29375076293945,34.85625076293945,2519069
2014-08-22,24.48604965209961,36.806251525878906,37.875,36.599998474121094,36.63750076293945,1439047
2014-08-25,24.835308074951172,37.33124923706055,38.41875076293945,35.662498474121094,37.087501525878906,2030674
2014-08-26,25.970426559448242,39.037498474121094,39.1875,38.0625,38.625,1680338
2014-08-27,27.267698287963867,40.98749923706055,40.98749923706055,39.63750076293945,39.75,3778719
2014-08-28,28.627344131469727,43.03125,43.03125,41.625,42.0,2248922
2014-09-01,28.02860450744629,42.131248474121094,45.16875076293945,40.89374923706055,44.775001525878906,3473431
2014-09-02,28.40281105041504,42.693748474121094,43.181251525878906,40.5,42.01874923706055,2149085
2014-09-03,29.50050926208496,44.34375,44.8125,42.45000076293945,43.20000076293945,2909559
2014-09-04,30.086776733398438,45.224998474121094,46.256248474121094,43.89374923706055,44.54999923706055,1938661
2014-09-05,29.512981414794922,44.36249923706055,46.125,43.51874923706055,44.4375,1494253
2014-09-08,30.37367820739746,45.65625,46.5,44.625,44.8125,1961373
2014-09-09,29.113821029663086,43.76250076293945,45.91875076293945,43.38750076293945,45.91875076293945,651445
2014-09-10,29.400714874267578,44.193748474121094,44.71875,42.09375,43.5,459458
2014-09-11,30.23646354675293,45.45000076293945,46.125,43.59375,43.59375,566021
2014-09-12,30.363027572631836,44.98125076293945,46.275001525878906,44.625,45.150001525878906,342191
2014-09-15,31.869155883789062,47.212501525878906,47.212501525878906,44.625,45.75,710231
2014-09-16,30.90726089477539,45.787498474121094,49.556251525878906,44.868751525878906,48.26250076293945,1102287
2014-09-17,30.780691146850586,45.599998474121094,47.625,44.4375,46.04999923706055,363013
2014-09-18,32.312137603759766,47.868751525878906,47.868751525878906,45.5625,46.38750076293945,541885
2014-09-19,33.919525146484375,50.25,50.25,48.037498474121094,48.375,747119
2014-09-22,33.5018424987793,49.631248474121094,51.712501525878906,48.75,50.962501525878906,503373
2014-09-23,32.35010528564453,47.92499923706055,50.212501525878906,47.287498474121094,49.631248474121094,352991
2014-09-24,30.843971252441406,45.693748474121094,48.900001525878906,45.54375076293945,47.8125,401351
2014-09-25,30.249120712280273,44.8125,46.837501525878906,43.42499923706055,45.375,352247
2014-09-26,31.641342163085938,46.875,47.04375076293945,43.875,44.36249923706055,531719
2014-09-29,32.16025924682617,47.64374923706055,49.125,45.95624923706055,47.25,345658
2014-09-30,31.957761764526367,47.34375,48.787498474121094,46.875,47.4375,181735
2014-10-01,32.185569763183594,47.681251525878906,48.35625076293945,46.3125,46.875,202909
2014-10-07,33.7802848815918,50.04375076293945,50.0625,49.875,50.0625,1013434
2014-10-08,33.48918914794922,49.61249923706055,50.8125,48.375,50.625,666202
2014-10-09,33.97014236450195,50.32500076293945,50.625,49.125,49.875,491426
2014-10-10,33.17277526855469,49.14374923706055,50.625,48.75,49.875,437655
2014-10-13,33.375282287597656,49.443748474121094,50.212501525878906,48.787498474121094,49.70624923706055,473735
2014-10-14,32.641197204589844,48.35625076293945,50.25,48.01874923706055,49.537498474121094,307898
2014-10-15,32.641197204589844,48.35625076293945,48.35625076293945,48.35625076293945,48.35625076293945,0
2014-10-16,31.10976791381836,46.087501525878906,48.67499923706055,45.95624923706055,48.67499923706055,565431
2014-10-17,29.93270492553711,44.34375,46.875,44.0625,46.837501525878906,525615
2014-10-20,30.919912338256836,45.806251525878906,46.462501525878906,44.0625,44.625,370698
2014-10-21,30.47694206237793,45.150001525878906,46.57500076293945,44.60625076293945,46.57500076293945,248005
2014-10-22,30.919912338256836,45.806251525878906,46.10625076293945,45.0,45.150001525878906,214847
2014-10-27,30.666791915893555,45.431251525878906,46.837501525878906,45.375,46.837501525878906,163754
2014-10-28,31.122417449951172,46.10625076293945,46.6875,45.037498474121094,45.037498474121094,278741
2014-10-29,32.66651153564453,48.39374923706055,48.39374923706055,46.087501525878906,46.087501525878906,708607
2014-10-30,34.29921340942383,50.8125,50.8125,47.775001525878906,48.599998474121094,1442037
2014-10-31,35.37501907348633,52.40625,53.34375,51.618751525878906,51.900001525878906,2754586
2014-11-03,35.24845504760742,52.21875,53.8125,51.412498474121094,52.5,618202
2014-11-05,35.33705139160156,52.349998474121094,53.41875076293945,52.162498474121094,52.162498474121094,536423
2014-11-07,36.425506591796875,53.962501525878906,54.95624923706055,52.349998474121094,52.349998474121094,2213391
2014-11-10,37.956947326660156,56.23125076293945,56.64374923706055,53.83124923706055,54.900001525878906,3034125
2014-11-11,36.767234802246094,54.46875,56.88750076293945,54.1875,56.88750076293945,836127
2014-11-12,36.48878860473633,54.056251525878906,56.0625,53.625,54.46875,621533
2014-11-13,37.674068450927734,55.42499923706055,57.45000076293945,53.962501525878906,54.056251525878906,1585490
2014-11-14,36.80742263793945,54.150001525878906,56.0625,53.90625,55.76250076293945,689157
2014-11-17,36.59075164794922,53.83124923706055,54.525001525878906,52.631248474121094,53.006248474121094,575522
2014-11-18,37.02407455444336,54.46875,55.125,52.5,53.45624923706055,779882
2014-11-19,35.88977813720703,52.79999923706055,56.400001525878906,52.349998474121094,54.86249923706055,1358087
2014-11-20,36.55250930786133,53.775001525878906,54.5625,52.162498474121094,52.51874923706055,754239
2014-11-21,35.94075012207031,52.875,54.243751525878906,52.5,53.25,382373
2014-11-24,36.02997589111328,53.006248474121094,54.1875,52.70624923706055,53.25,310557
2014-11-25,34.47508239746094,50.71875,53.53125,50.04375076293945,53.53125,587981
2014-11-26,35.41822052001953,52.10625076293945,52.724998474121094,50.568748474121094,50.625,360237
2014-11-27,35.252525329589844,51.86249923706055,52.724998474121094,51.58124923706055,52.6875,172423
2014-11-28,34.75547790527344,51.131248474121094,52.5,50.625,50.625,274610
2014-12-01,34.092735290527344,50.15625,51.5625,49.875,51.5625,178722
2014-12-02,34.2584228515625,50.400001525878906,52.068748474121094,50.025001525878906,50.25,378263
2014-12-03,34.37312698364258,50.568748474121094,51.95624923706055,50.32500076293945,50.54999923706055,427141
2014-12-04,33.990779876708984,50.006248474121094,51.29999923706055,49.875,50.92499923706055,425127
2014-12-05,34.14372253417969,50.23125076293945,51.337501525878906,49.5,50.0625,424967
2014-12-08,33.417259216308594,49.162498474121094,51.0,48.67499923706055,50.962501525878906,650565
2014-12-09,33.48097229003906,49.256248474121094,49.6875,48.693748474121094,49.162498474121094,370397
2014-12-10,34.3476448059082,50.53125,50.625,48.82500076293945,49.5,647055
2014-12-11,33.633914947509766,49.48125076293945,50.625,48.75,50.625,235677
2014-12-12,33.608428955078125,49.443748474121094,51.67499923706055,48.974998474121094,49.48125076293945,897602
2014-12-15,32.0025749206543,47.08124923706055,49.275001525878906,46.087501525878906,48.73125076293945,730775
2014-12-16,32.4996223449707,47.8125,48.26250076293945,46.162498474121094,47.08124923706055,552586
2014-12-17,33.28981018066406,48.974998474121094,49.3125,45.84375,47.32500076293945,602549
2014-12-18,33.213340759277344,48.86249923706055,50.25,48.599998474121094,49.42499923706055,479959
2014-12-19,33.136871337890625,48.75,49.875,47.662498474121094,49.125,412162
2014-12-22,33.36627960205078,49.087501525878906,49.537498474121094,48.16875076293945,49.462501525878906,294951
2014-12-23,32.805503845214844,48.26250076293945,49.14374923706055,47.8125,48.9375,217671
2014-12-24,32.94568634033203,48.46875,49.04999923706055,47.51250076293945,47.51250076293945,140751
2014-12-26,32.55059814453125,47.88750076293945,48.91875076293945,47.287498474121094,48.91875076293945,146810
2014-12-29,32.104522705078125,47.23125076293945,48.693748474121094,47.0625,48.224998474121094,174415
2014-12-30,31.760412216186523,46.724998474121094,47.73749923706055,46.5,47.4375,126781
2014-12-31,32.19373321533203,47.36249923706055,47.625,46.10625076293945,46.10625076293945,279399
2015-01-01,32.86921691894531,48.35625076293945,48.75,46.724998474121094,46.724998474121094,235727
2015-01-02,33.68490219116211,49.556251525878906,49.818748474121094,49.04999923706055,49.125,423573
2015-01-05,33.00941848754883,48.5625,50.32500076293945,48.037498474121094,50.306251525878906,408527
2015-01-06,32.83098602294922,48.29999923706055,48.9375,46.875,47.71875,378869
2015-01-07,32.56334686279297,47.90625,49.21875,47.193748474121094,49.21875,218877
2015-01-08,33.175106048583984,48.806251525878906,49.20000076293945,48.243751525878906,48.65625,239823
2015-01-09,31.87511444091797,46.89374923706055,49.85625076293945,45.993751525878906,49.650001525878906,489506
2015-01-12,32.23198699951172,47.41875076293945,48.0,45.993751525878906,47.625,441647
2015-01-13,31.913358688354492,46.95000076293945,47.8125,46.5,47.474998474121094,200170
2015-01-14,32.23198699951172,47.41875076293945,48.131248474121094,46.875,47.625,181501
2015-01-15,31.913358688354492,46.95000076293945,47.98125076293945,45.84375,47.45624923706055,196141
2015-01-16,31.97708511352539,47.04375076293945,47.60625076293945,46.61249923706055,47.60625076293945,109509
2015-01-19,33.04765319824219,48.618751525878906,50.23125076293945,47.25,47.25,814757
2015-01-20,32.61432647705078,47.98125076293945,49.875,47.756248474121094,48.91875076293945,324061
2015-01-21,32.130008697509766,47.26874923706055,48.26250076293945,46.912498474121094,47.98125076293945,200885
2015-01-22,32.0917854309082,47.212501525878906,48.26250076293945,46.912498474121094,47.4375,240213
2015-01-23,31.696685791015625,46.631248474121094,47.98125076293945,46.125,47.587501525878906,240994
2015-01-27,32.15550231933594,47.306251525878906,47.45624923706055,46.01250076293945,46.875,286069
2015-01-28,31.454540252685547,46.275001525878906,47.23125076293945,45.974998474121094,46.6875,255463
2015-01-29,30.97022247314453,45.5625,47.0625,45.224998474121094,45.95624923706055,258197
2015-01-30,30.97022247314453,45.5625,46.10625076293945,45.0,45.09375,187506
2015-02-02,32.06629180908203,47.17499923706055,48.1875,45.75,45.9375,587498
2015-02-03,31.836883544921875,46.837501525878906,48.16875076293945,46.556251525878906,47.587501525878906,379461
2015-02-04,31.760412216186523,46.724998474121094,47.868751525878906,46.20000076293945,46.837501525878906,525373
2015-02-05,31.87511444091797,46.89374923706055,47.8125,46.5,47.625,320733
2015-02-06,36.28487014770508,53.381248474121094,54.375,46.931251525878906,47.54999923706055,8254965
2015-02-09,36.55250930786133,53.775001525878906,56.0625,52.912498474121094,53.8125,3876239
2015-02-10,38.923072814941406,57.26250076293945,58.3125,45.28125,54.0,3549917
2015-02-11,38.87208938598633,57.1875,58.875,56.662498474121094,58.04999923706055,1756301
2015-02-12,37.865234375,55.70624923706055,57.506248474121094,55.03125,57.375,705229
2015-02-13,37.17702102661133,54.693748474121094,55.875,53.36249923706055,55.875,618370
2015-02-16,36.11918640136719,53.13750076293945,55.5,52.6875,54.900001525878906,594781
2015-02-18,36.52701950073242,53.73749923706055,54.5625,53.15625,53.54999923706055,559290
2015-02-19,38.362300872802734,56.4375,57.75,54.09375,54.29999923706055,1947938
2015-02-20,39.01228713989258,57.39374923706055,60.0,56.25,57.91875076293945,2329869
2015-02-23,38.60445022583008,56.79375076293945,58.650001525878906,56.25,57.58124923706055,788607
2015-02-24,37.40641784667969,55.03125,57.5625,54.375,57.29999923706055,684666
2015-02-25,36.84565353393555,54.20624923706055,55.5,53.118751525878906,54.82500076293945,692962
2015-02-26,36.46329879760742,53.64374923706055,54.58124923706055,53.32500076293945,54.28125,387266
2015-02-27,37.3936767578125,55.01250076293945,55.5,54.0,54.224998474121094,513074
2015-03-02,37.53388214111328,55.21875,56.099998474121094,54.1875,54.45000076293945,395970
2015-03-03,37.64857864379883,55.38750076293945,58.462501525878906,54.993751525878906,55.3125,1483466
2015-03-04,37.87798309326172,55.724998474121094,57.056251525878906,55.125,55.78125,517533
2015-03-05,39.68777084350586,58.38750076293945,59.25,55.23749923706055,56.0625,1129373
2015-03-09,37.85249328613281,55.6875,57.881248474121094,55.5,57.375,589669
2015-03-10,40.541683197021484,59.64374923706055,60.0,55.57500076293945,55.98749923706055,1915130
2015-03-11,40.4652214050293,59.53125,62.25,59.099998474121094,60.0,2567466
2015-03-12,42.92499542236328,63.150001525878906,63.54375076293945,59.662498474121094,59.8125,2671109
2015-03-13,41.523040771484375,61.087501525878906,65.4375,60.1875,64.6500015258789,1857901
2015-03-16,43.74066162109375,64.3499984741211,64.7437515258789,60.75,60.75,2521279
2015-03-17,42.09657287597656,61.931251525878906,66.30000305175781,60.75,64.5374984741211,11664333
2015-03-18,43.85537338256836,64.51875305175781,64.875,62.662498474121094,63.375,2003173
2015-03-19,41.65049743652344,61.275001525878906,65.4000015258789,60.037498474121094,64.66874694824219,1333333
2015-03-20,40.019142150878906,58.875,62.13750076293945,58.125,61.349998474121094,732135
2015-03-23,41.076969146728516,60.431251525878906,62.36249923706055,58.51874923706055,59.54999923706055,903506
2015-03-24,41.064231872558594,60.412498474121094,61.6875,60.07500076293945,60.82500076293945,422735
2015-03-25,40.68187713623047,59.849998474121094,61.42499923706055,59.287498474121094,60.0,402234
2015-03-26,41.37009811401367,60.86249923706055,61.6875,59.17499923706055,59.625,520877
2015-03-27,42.338722229003906,62.287498474121094,63.16875076293945,60.67499923706055,61.14374923706055,644447
2015-03-30,44.021053314208984,64.76249694824219,65.625,63.0,63.75,1044602
2015-03-31,45.48672866821289,66.91874694824219,67.33125305175781,64.6312484741211,65.0062484741211,1576282
2015-04-01,44.59457778930664,65.60624694824219,67.78125,65.3812484741211,67.2562484741211,771042
2015-04-06,44.33967971801758,65.23124694824219,66.3375015258789,64.42500305175781,65.90625,586383
2015-04-07,44.86221694946289,66.0,66.375,64.59375,65.25,541263
2015-04-08,45.792606353759766,67.3687515258789,68.4749984741211,65.625,66.1875,1165698
2015-04-09,45.33378982543945,66.6937484741211,67.42500305175781,65.25,66.44999694824219,775671
2015-04-10,44.81123733520508,65.92500305175781,67.23750305175781,65.5875015258789,66.6937484741211,659109
2015-04-13,45.42300033569336,66.82499694824219,67.6312484741211,66.0374984741211,66.0374984741211,524466
2015-04-15,45.35926818847656,66.73124694824219,67.3125,66.3187484741211,66.82499694824219,486882
2015-04-16,43.84262466430664,64.5,66.9749984741211,63.75,66.0,1408829
2015-04-17,43.89360809326172,64.57499694824219,65.0625,63.787498474121094,63.787498474121094,534970
2015-04-20,41.93088912963867,61.6875,65.2125015258789,61.275001525878906,64.7249984741211,525381
2015-04-21,41.81617736816406,61.51874923706055,62.25,59.25,61.125,690383
2015-04-22,42.0583381652832,61.875,63.525001525878906,60.75,62.287498474121094,907301
2015-04-23,41.53578567504883,61.10625076293945,61.875,60.375,61.875,385157
2015-04-24,39.07601547241211,57.48749923706055,60.974998474121094,56.64374923706055,60.974998474121094,410826
2015-04-27,39.45836639404297,58.04999923706055,59.17499923706055,53.73749923706055,57.48749923706055,688517
2015-04-28,38.20935821533203,56.212501525878906,58.38750076293945,55.537498474121094,58.38750076293945,365306
2015-04-29,40.38875198364258,59.41875076293945,59.92499923706055,55.5,56.212501525878906,1745037
2015-04-30,39.44561767578125,58.03125,59.25,57.375,58.875,297037
2015-05-04,40.6563835144043,59.8125,60.65625,58.724998474121094,59.625,316613
2015-05-05,39.84071731567383,58.61249923706055,60.48749923706055,57.01874923706055,59.4375,264719
2015-05-06,39.98090744018555,58.818748474121094,59.625,55.04999923706055,58.912498474121094,666490
2015-05-07,37.83975601196289,55.66875076293945,58.837501525878906,55.349998474121094,58.837501525878906,506479
2015-05-08,38.87208938598633,57.1875,58.125,56.25,56.962501525878906,274749
2015-05-11,37.9289665222168,55.79999923706055,58.275001525878906,55.48125076293945,57.318748474121094,512229
2015-05-12,37.546627044677734,55.23749923706055,56.25,54.48749923706055,56.25,315170
2015-05-13,37.9289665222168,55.79999923706055,56.90625,54.9375,55.51874923706055,266706
2015-05-14,38.31131362915039,56.36249923706055,57.375,54.787498474121094,55.837501525878906,389237
2015-05-15,38.98680114746094,57.35625076293945,58.181251525878906,56.625,56.92499923706055,409901
2015-05-18,41.115203857421875,60.48749923706055,60.9375,57.07500076293945,57.5625,536807
2015-05-19,42.24951171875,62.15625,63.806251525878906,60.974998474121094,61.087501525878906,927749
2015-05-20,40.69462203979492,59.868751525878906,63.900001525878906,58.95000076293945,63.67499923706055,2086741
2015-05-21,39.827964782714844,58.59375,59.92499923706055,57.45000076293945,59.92499923706055,664789
2015-05-22,38.71915054321289,56.962501525878906,59.775001525878906,55.743751525878906,58.89374923706055,515093
2015-05-25,38.83385467529297,57.131248474121094,58.04999923706055,56.26874923706055,56.962501525878906,514111
2015-05-26,38.15837478637695,56.13750076293945,57.63750076293945,55.76250076293945,57.131248474121094,291303
2015-05-27,36.7054557800293,54.0,55.95000076293945,48.337501525878906,55.6875,690562
2015-05-28,36.476043701171875,53.662498474121094,54.76874923706055,50.474998474121094,54.75,1286125
2015-05-29,37.1387825012207,54.63750076293945,55.650001525878906,53.32500076293945,54.0,438498
2015-06-01,36.947601318359375,54.35625076293945,55.087501525878906,52.5,54.75,576426
2015-06-02,37.03682327270508,54.48749923706055,54.9375,53.4375,54.375,428426
2015-06-03,35.532920837402344,52.275001525878906,54.67499923706055,50.662498474121094,53.70000076293945,406674
2015-06-04,36.56525802612305,53.79375076293945,53.943748474121094,52.5,53.625,473061
2015-06-05,35.7623291015625,52.61249923706055,53.71875,52.38750076293945,53.26874923706055,234442
2015-06-08,35.68585968017578,52.5,53.8125,52.162498474121094,53.25,142309
2015-06-09,35.16331481933594,51.73125076293945,52.42499923706055,51.243751525878906,51.243751525878906,201181
2015-06-10,35.87703323364258,52.78125,53.71875,51.01874923706055,51.01874923706055,340802
2015-06-11,34.296661376953125,50.45624923706055,53.400001525878906,50.025001525878906,52.95000076293945,463535
2015-06-12,33.31529998779297,49.01250076293945,51.11249923706055,48.1875,50.45624923706055,444405
2015-06-15,32.98393249511719,48.525001525878906,50.4375,47.8125,49.10625076293945,489978
2015-06-16,33.442745208740234,49.20000076293945,49.79999923706055,48.375,48.75,287322
2015-06-17,34.704498291015625,51.056251525878906,51.337501525878906,48.787498474121094,49.068748474121094,504277
2015-06-18,35.73683547973633,52.57500076293945,53.306251525878906,50.662498474121094,50.662498474121094,644786
2015-06-19,35.18879699707031,51.76874923706055,53.23125076293945,51.16875076293945,52.6875,371490
2015-06-22,35.54566192626953,52.29375076293945,52.59375,51.75,52.57500076293945,541199
2015-06-23,35.2015495300293,51.787498474121094,53.23125076293945,51.58124923706055,52.03125,374791
2015-06-24,35.6348762512207,52.42499923706055,53.54999923706055,52.125,52.21875,440359
2015-06-25,34.691749572753906,51.037498474121094,52.631248474121094,50.92499923706055,51.75,297767
2015-06-26,34.00352096557617,50.025001525878906,51.5625,49.724998474121094,51.5625,380389
2015-06-29,32.86921691894531,48.35625076293945,50.212501525878906,47.625,50.212501525878906,439551
2015-06-30,32.74177551269531,48.16875076293945,49.275001525878906,47.868751525878906,48.412498474121094,324522
2015-07-01,33.251583099365234,48.91875076293945,49.5,48.243751525878906,48.375,405826
2015-07-02,34.30940628051758,50.474998474121094,50.98125076293945,49.349998474121094,49.349998474121094,674682
2015-07-03,34.640769958496094,50.962501525878906,51.29999923706055,49.6875,50.625,416357
2015-07-06,34.24568176269531,50.381248474121094,50.88750076293945,49.6875,49.6875,270799
2015-07-07,34.895668029785156,51.337501525878906,51.67499923706055,50.4375,50.4375,411573
2015-07-08,34.24568176269531,50.381248474121094,51.0,49.98749923706055,50.962501525878906,456767
2015-07-09,33.506473541259766,49.29375076293945,50.88750076293945,49.04999923706055,50.88750076293945,493930
2015-07-10,34.067256927490234,50.118751525878906,50.54999923706055,49.087501525878906,49.743751525878906,341498
2015-07-13,35.04861068725586,51.5625,52.3125,49.78125,50.625,736399
2015-07-14,35.31625747680664,51.95624923706055,52.875,51.28125,51.375,795567
2015-07-15,38.15837478637695,56.13750076293945,56.8125,52.125,52.125,1581127
2015-07-16,37.91623306274414,55.78125,57.48749923706055,55.349998474121094,56.962501525878906,973261
2015-07-17,37.9289665222168,55.79999923706055,56.51250076293945,54.76874923706055,55.875,548253
2015-07-20,38.668174743652344,56.88750076293945,57.787498474121094,56.32500076293945,57.0,1093061
2015-07-21,37.99269485473633,55.89374923706055,57.73125076293945,55.59375,57.16875076293945,505074
2015-07-22,37.848388671875,54.09375,54.75,53.625,54.45000076293945,434727
2015-07-23,37.8221435546875,54.056251525878906,55.98749923706055,52.57500076293945,53.962501525878906,701031
2015-07-24,37.79590606689453,54.01874923706055,55.125,53.568748474121094,54.20624923706055,425090
2015-07-27,38.1238899230957,54.48749923706055,55.162498474121094,53.493751525878906,54.0,562181
2015-07-28,38.189483642578125,54.58124923706055,55.5,54.20624923706055,54.712501525878906,407991
2015-07-29,38.17635726928711,54.5625,55.162498474121094,54.28125,55.01250076293945,311023
2015-07-30,39.16028594970703,55.96875,56.4375,54.5625,55.631248474121094,427501
2015-07-31,40.655853271484375,58.10625076293945,60.48749923706055,55.78125,55.78125,2696319
2015-08-03,41.154380798339844,58.818748474121094,60.375,58.42499923706055,58.650001525878906,1028922
2015-08-04,41.31180953979492,59.04375076293945,59.53125,57.58124923706055,59.118751525878906,800135
2015-08-05,45.181922912597656,64.57499694824219,67.1624984741211,59.36249923706055,59.51250076293945,6763589
2015-08-06,41.08877944946289,58.724998474121094,66.375,57.974998474121094,64.57499694824219,4827447
2015-08-07,40.209808349609375,57.46875,59.625,55.875,58.76250076293945,1614226
2015-08-10,38.635536193847656,55.21875,57.900001525878906,54.75,56.849998474121094,772421
2015-08-11,38.79295349121094,55.443748474121094,58.10625076293945,55.068748474121094,55.650001525878906,1122234
2015-08-12,40.28852462768555,57.58124923706055,58.04999923706055,53.92499923706055,55.275001525878906,1325218
2015-08-13,41.57419204711914,59.41875076293945,60.75,58.462501525878906,59.625,2075570
2015-08-14,42.138301849365234,60.224998474121094,60.9375,57.58124923706055,59.25,758335
2015-08-17,41.023193359375,58.631248474121094,60.375,58.275001525878906,59.8125,391266
2015-08-18,41.79720687866211,59.73749923706055,61.04999923706055,58.875,58.875,580698
2015-08-19,42.138301849365234,60.224998474121094,61.875,58.57500076293945,59.287498474121094,1277586
2015-08-20,40.787052154541016,58.29375076293945,60.45000076293945,58.162498474121094,60.09375,570245
2015-08-21,40.0523796081543,57.243751525878906,58.087501525878906,55.125,55.125,546415
2015-08-24,36.94316864013672,52.79999923706055,55.6875,52.162498474121094,54.75,1165546
2015-08-25,37.533531188964844,53.64374923706055,54.0,48.16875076293945,52.70624923706055,948191
2015-08-26,37.33674240112305,53.36249923706055,55.087501525878906,50.662498474121094,53.26874923706055,480946
2015-08-27,38.50433349609375,55.03125,55.931251525878906,53.474998474121094,54.525001525878906,490055
2015-08-28,37.3498649597168,53.381248474121094,56.25,53.099998474121094,56.13750076293945,417919
2015-08-31,37.10060119628906,53.025001525878906,54.412498474121094,51.95624923706055,53.662498474121094,259050
2015-09-01,35.70998764038086,51.037498474121094,52.98749923706055,50.662498474121094,52.98749923706055,603717
2015-09-02,35.7886962890625,51.150001525878906,52.70624923706055,50.70000076293945,52.42499923706055,563223
2015-09-03,38.39937973022461,54.881248474121094,55.48125076293945,51.506248474121094,51.506248474121094,1264895
2015-09-04,36.156036376953125,51.67499923706055,55.087501525878906,51.09375,54.787498474121094,935709
2015-09-07,36.27410125732422,51.84375,53.625,51.1875,52.04999923706055,583431
2015-09-08,36.33969497680664,51.9375,53.25,50.70000076293945,51.84375,571271
2015-09-09,37.4023323059082,53.45624923706055,54.131248474121094,52.537498474121094,53.25,527589
2015-09-10,36.78573989868164,52.57500076293945,53.04375076293945,51.618751525878906,52.087501525878906,359327
2015-09-11,37.00876998901367,52.89374923706055,54.11249923706055,52.537498474121094,53.54999923706055,480570
2015-09-14,36.707027435302734,52.462501525878906,53.474998474121094,51.95624923706055,53.474998474121094,377871
2015-09-15,36.7595100402832,52.537498474121094,53.025001525878906,51.9375,52.85625076293945,159231
2015-09-16,36.31346130371094,51.900001525878906,53.32500076293945,51.412498474121094,52.875,351517
2015-09-18,38.0713996887207,54.412498474121094,54.712501525878906,52.5,52.6875,785845
2015-09-21,38.215721130371094,54.618751525878906,55.256248474121094,53.625,54.35625076293945,372434
2015-09-22,39.134056091308594,55.931251525878906,58.79999923706055,54.67499923706055,55.256248474121094,852151
2015-09-23,38.71424102783203,55.33124923706055,56.099998474121094,54.86249923706055,55.5,430039
2015-09-24,39.081573486328125,55.85625076293945,57.0,55.256248474121094,55.256248474121094,369319
2015-09-28,38.77982711791992,55.42499923706055,56.8125,55.181251525878906,56.099998474121094,251298
2015-09-29,38.64864730834961,55.23749923706055,56.099998474121094,54.16875076293945,54.75,299482
2015-09-30,39.750640869140625,56.8125,57.525001525878906,55.537498474121094,56.006248474121094,334607
2015-10-01,40.07862091064453,57.28125,57.9375,56.70000076293945,57.29999923706055,318527
2015-10-05,39.540740966796875,56.51250076293945,57.84375,55.79999923706055,56.64374923706055,478143
2015-10-06,39.26524353027344,56.118751525878906,57.26250076293945,55.837501525878906,56.90625,369253
2015-10-07,39.055328369140625,55.818748474121094,57.224998474121094,55.57500076293945,56.493751525878906,265285
2015-10-08,39.291473388671875,56.15625,57.618751525878906,55.818748474121094,55.818748474121094,336722
2015-10-09,39.04221725463867,55.79999923706055,57.131248474121094,55.59375,56.26874923706055,231639
2015-10-12,40.28852462768555,57.58124923706055,58.5,56.25,56.54999923706055,810879
2015-10-13,41.128143310546875,58.78125,59.23125076293945,57.375,57.375,670306
2015-10-14,40.222930908203125,57.48749923706055,59.625,56.83124923706055,58.5,589690
2015-10-15,40.59026336669922,58.01250076293945,58.95000076293945,57.525001525878906,57.75,470338
2015-10-16,40.03926086425781,57.224998474121094,58.59375,57.0,58.462501525878906,235405
2015-10-19,39.84247970581055,56.943748474121094,57.712501525878906,56.4375,57.63750076293945,328719
2015-10-20,39.30459976196289,56.17499923706055,57.26250076293945,55.875,56.71875,323935
2015-10-21,39.514503479003906,56.474998474121094,57.506248474121094,56.0625,56.64374923706055,234837
2015-10-23,39.80311584472656,56.88750076293945,57.82500076293945,56.625,56.98125076293945,338311
2015-10-26,40.73456954956055,58.21875,58.5,56.92499923706055,57.07500076293945,314146
2015-10-27,40.419708251953125,57.76874923706055,58.5,57.243751525878906,58.5,284647
2015-10-28,40.577144622802734,57.993751525878906,58.5,57.412498474121094,57.75,349325
2015-10-29,41.062538146972656,58.6875,60.375,57.76874923706055,58.10625076293945,631050
2015-10-30,40.83952331542969,58.368751525878906,59.962501525878906,57.86249923706055,59.587501525878906,568549
2015-11-02,39.60633087158203,56.60625076293945,59.60625076293945,56.17499923706055,58.837501525878906,678759
2015-11-03,40.642738342285156,58.087501525878906,58.5,55.59375,56.60625076293945,778223
2015-11-04,40.2754020690918,57.5625,58.724998474121094,57.1875,57.9375,308781
2015-11-05,40.1048583984375,57.318748474121094,58.837501525878906,56.8125,57.75,366015
2015-11-06,39.8818359375,57.0,58.125,56.4375,56.4375,184706
2015-11-09,41.023193359375,58.631248474121094,59.08124923706055,54.431251525878906,56.4375,710789
2015-11-10,42.87506866455078,59.90625,61.125,57.506248474121094,57.974998474121094,1113853
2015-11-13,41.90886306762695,58.556251525878906,60.0,57.63750076293945,58.95000076293945,357925
2015-11-16,41.78809356689453,58.38750076293945,59.849998474121094,58.20000076293945,58.556251525878906,238991
2015-11-17,42.13700485229492,58.875,59.25,58.162498474121094,58.875,263565
2015-11-18,42.72746276855469,59.70000076293945,60.73125076293945,58.875,58.89374923706055,889975
2015-11-19,43.385009765625,60.618751525878906,60.9375,60.0,60.0,386682
2015-11-20,45.42476272583008,63.46875,64.5,60.131248474121094,60.618751525878906,1669874
2015-11-23,44.64643478393555,62.381248474121094,65.4000015258789,61.95000076293945,63.75,1733805
2015-11-24,43.93520736694336,61.38750076293945,63.525001525878906,60.95624923706055,62.25,796877
2015-11-26,43.55945587158203,60.86249923706055,61.96875,60.29999923706055,61.5,683706
2015-11-27,43.17029571533203,60.318748474121094,61.59375,59.88750076293945,60.993751525878906,307343
2015-11-30,44.230438232421875,61.79999923706055,62.54999923706055,60.318748474121094,60.318748474121094,926261
2015-12-01,44.5793342590332,62.287498474121094,62.92499923706055,61.57500076293945,61.57500076293945,840511
2015-12-02,44.00230407714844,61.48125076293945,63.0,61.125,62.287498474121094,425087
2015-12-03,45.37107467651367,63.39374923706055,65.8125,60.82500076293945,61.59375,2677479
2015-12-04,45.53211975097656,63.618751525878906,65.13749694824219,62.681251525878906,63.29999923706055,1292215
2015-12-07,46.05546951293945,64.3499984741211,65.4375,63.974998474121094,64.4437484741211,568935
2015-12-08,46.927734375,65.5687484741211,67.42500305175781,64.48124694824219,64.51875305175781,2628415
2015-12-09,44.44513702392578,62.099998474121094,66.5625,60.900001525878906,66.0,737666
2015-12-10,46.04205322265625,64.33125305175781,64.66874694824219,62.4375,62.4375,583903
2015-12-11,45.82733917236328,64.03125,65.2125015258789,63.412498474121094,64.98750305175781,637845
2015-12-14,47.263221740722656,66.0374984741211,68.41874694824219,63.28125,63.54375076293945,1726642
2015-12-15,46.61908721923828,65.13749694824219,66.3375015258789,64.7249984741211,66.0374984741211,312810
2015-12-16,46.55199432373047,65.04374694824219,66.375,64.6875,65.25,377810
2015-12-17,48.56489944458008,67.85624694824219,68.25,65.4375,65.5687484741211,1011765
2015-12-18,48.67226028442383,68.0062484741211,69.75,67.5374984741211,67.6875,1137978
2015-12-21,48.53807067871094,67.8187484741211,68.625,67.1624984741211,68.625,409354
2015-12-22,46.927734375,65.5687484741211,68.1937484741211,65.25,67.8187484741211,454119
2015-12-23,46.96799850463867,65.625,66.26249694824219,64.42500305175781,66.2437515258789,461503
2015-12-24,47.1156120300293,65.83125305175781,66.5062484741211,65.04374694824219,66.2249984741211,174805
2015-12-28,46.83380126953125,65.4375,66.75,64.875,64.875,252237
2015-12-29,47.04850769042969,65.73750305175781,67.05000305175781,64.9124984741211,65.8125,397631
2015-12-30,47.02167510986328,65.69999694824219,67.5,65.32499694824219,66.5250015258789,231949
2015-12-31,46.954566955566406,65.60624694824219,66.5250015258789,65.25,66.35624694824219,228231
2016-01-01,46.632503509521484,65.15625,66.11250305175781,64.9124984741211,65.625,111685
2016-01-04,44.84772491455078,62.662498474121094,65.0625,61.66875076293945,65.0625,523541
2016-01-05,44.71353530883789,62.474998474121094,64.19999694824219,61.95000076293945,62.849998474121094,277871
2016-01-06,46.927734375,65.5687484741211,65.8125,61.912498474121094,63.375,3717255
2016-01-07,45.599205017089844,63.712501525878906,64.3687515258789,62.64374923706055,64.3687515258789,993338
2016-01-08,47.276641845703125,66.0562515258789,67.38749694824219,63.9375,63.9375,767207
2016-01-11,47.66580581665039,66.5999984741211,67.0875015258789,64.6875,65.23124694824219,509186
2016-01-12,47.330322265625,66.1312484741211,68.1187515258789,65.2874984741211,66.82499694824219,632061
2016-01-13,45.76025390625,63.9375,67.125,58.931251525878906,66.9000015258789,1261178
2016-01-14,46.02863311767578,64.3125,65.9625015258789,61.125,62.92499923706055,923133
2016-01-15,43.599727630615234,60.91875076293945,65.0999984741211,60.375,64.5,335026
2016-01-18,41.86861038208008,58.5,61.837501525878906,57.9375,61.837501525878906,477639
2016-01-19,41.613643646240234,58.14374923706055,59.8125,56.681251525878906,58.89374923706055,564759
2016-01-20,41.53312301635742,58.03125,58.818748474121094,56.17499923706055,58.14374923706055,426559
2016-01-21,40.71453857421875,56.88750076293945,59.17499923706055,56.287498474121094,58.5,282535
2016-01-22,43.733909606933594,61.10625076293945,61.631248474121094,57.787498474121094,58.10625076293945,783551
2016-01-25,42.8079719543457,59.8125,62.60625076293945,59.45624923706055,61.462501525878906,194813
2016-01-27,44.19017791748047,61.743751525878906,62.41875076293945,60.39374923706055,60.9375,312434
2016-01-28,44.02912902832031,61.51874923706055,62.25,61.125,62.25,94991
2016-01-29,43.69364929199219,61.04999923706055,62.23125076293945,60.63750076293945,61.14374923706055,201994
2016-02-01,43.46553039550781,60.73125076293945,63.1875,58.48125076293945,63.1875,104215
2016-02-02,42.539581298828125,59.4375,61.79999923706055,58.20000076293945,61.087501525878906,272658
2016-02-03,41.425777435302734,57.881248474121094,60.0,57.506248474121094,57.787498474121094,228871
2016-02-04,41.92228317260742,58.57500076293945,59.775001525878906,58.125,58.20000076293945,225946
2016-02-05,43.47894287109375,60.75,61.66875076293945,58.650001525878906,59.006248474121094,377322
2016-02-08,41.93571090698242,58.59375,61.04999923706055,58.01250076293945,61.01250076293945,459967
2016-02-09,42.90190124511719,59.943748474121094,61.068748474121094,58.125,58.5,1131325
2016-02-10,41.73442077636719,58.3125,60.39374923706055,57.712501525878906,59.8125,225090
2016-02-11,38.513763427734375,53.8125,58.3125,52.912498474121094,58.3125,568154
2016-02-12,39.31892013549805,54.9375,56.98125076293945,51.86249923706055,53.625,632746
2016-02-15,40.030155181884766,55.931251525878906,57.45000076293945,55.556251525878906,57.375,130690
2016-02-16,38.54058837890625,53.849998474121094,56.88750076293945,53.4375,56.88750076293945,191093
2016-02-17,37.73542022705078,52.724998474121094,55.125,51.48749923706055,54.0,319661
2016-02-18,36.39348602294922,50.849998474121094,54.54375076293945,50.41875076293945,53.625,497261
2016-02-19,36.635040283203125,51.1875,52.256248474121094,50.4375,51.693748474121094,711941
2016-02-22,37.8427848815918,52.875,53.13750076293945,51.131248474121094,52.368751525878906,300674
2016-02-23,36.62162399291992,51.16875076293945,53.025001525878906,50.625,51.46875,354901
2016-02-24,35.91038513183594,50.17499923706055,51.73125076293945,49.85625076293945,50.73749923706055,164010
2016-02-25,35.93722152709961,50.212501525878906,50.962501525878906,49.125,49.95000076293945,215701
2016-02-26,35.185733795166016,49.162498474121094,50.4375,48.26250076293945,49.912498474121094,203845
2016-02-29,34.259803771972656,47.868751525878906,49.85625076293945,47.118751525878906,49.85625076293945,383674
2016-03-01,36.62162399291992,51.16875076293945,51.525001525878906,48.0,48.63750076293945,597146
2016-03-02,37.856204986572266,52.89374923706055,53.60625076293945,51.375,51.67499923706055,324026
2016-03-03,40.2448616027832,56.23125076293945,57.375,52.89374923706055,52.89374923706055,624189
2016-03-04,42.12358474731445,58.85625076293945,59.193748474121094,55.875,56.943748474121094,584117
2016-03-08,43.10319900512695,60.224998474121094,60.75,58.85625076293945,58.85625076293945,350399
2016-03-09,44.25727462768555,61.837501525878906,62.587501525878906,58.875,60.07500076293945,574213
2016-03-10,44.700103759765625,62.45624923706055,63.0,60.412498474121094,61.875,372775
2016-03-11,43.814430236816406,61.21875,62.98125076293945,60.9375,61.181251525878906,231514
2016-03-14,44.12308120727539,61.650001525878906,62.25,60.9375,61.875,245815
2016-03-15,45.30397415161133,63.29999923706055,64.4625015258789,61.875,62.45624923706055,809839
2016-03-16,44.34685516357422,59.943748474121094,61.875,59.25,61.875,522357
2016-03-17,42.5435791015625,57.506248474121094,60.9375,56.681251525878906,59.099998474121094,631359
2016-03-18,42.2384033203125,57.09375,58.3125,56.662498474121094,57.75,214258
2016-03-21,41.58645248413086,56.212501525878906,58.125,55.98749923706055,57.11249923706055,456887
2016-03-22,40.74029541015625,55.068748474121094,57.375,54.76874923706055,56.400001525878906,308978
2016-03-23,40.80964660644531,55.162498474121094,56.60625076293945,54.82500076293945,55.068748474121094,561775
2016-03-28,39.477989196777344,53.36249923706055,55.875,53.193748474121094,55.818748474121094,458247
2016-03-29,38.548614501953125,52.10625076293945,54.09375,51.806251525878906,53.756248474121094,1245706
2016-03-30,40.44898986816406,54.67499923706055,55.10625076293945,52.087501525878906,52.087501525878906,415503
2016-03-31,40.43512725830078,54.65625,55.912498474121094,53.287498474121094,54.375,577215
2016-04-01,40.90675735473633,55.29375076293945,55.61249923706055,54.0,55.125,224341
2016-04-04,41.6280632019043,56.26874923706055,57.1875,55.42499923706055,55.443748474121094,316463
2016-04-05,40.4906120300293,54.73125076293945,56.8125,54.11249923706055,56.8125,299005
2016-04-06,41.14257049560547,55.61249923706055,56.25,54.1875,54.1875,173285
2016-04-07,40.55996322631836,54.82500076293945,56.92499923706055,54.58124923706055,56.92499923706055,198157
2016-04-08,40.407386779785156,54.618751525878906,56.400001525878906,54.45000076293945,56.400001525878906,236330
2016-04-11,40.102210998535156,54.20624923706055,55.10625076293945,53.8125,54.375,176474
2016-04-12,42.8071403503418,57.86249923706055,58.21875,54.375,54.431251525878906,768615
2016-04-13,42.68229293823242,57.693748474121094,58.61249923706055,57.131248474121094,58.462501525878906,418890
2016-04-18,42.41873550415039,57.337501525878906,58.21875,57.150001525878906,57.375,219266
2016-04-20,42.668426513671875,57.67499923706055,58.85625076293945,57.224998474121094,58.10625076293945,377247
2016-04-21,42.307762145996094,57.1875,58.79999923706055,57.0,58.5,202047
2016-04-22,42.2384033203125,57.09375,57.75,56.625,57.45000076293945,217869
2016-04-25,43.14004898071289,58.3125,59.25,57.07500076293945,58.48125076293945,229085
2016-04-26,42.21065902709961,57.056251525878906,58.3125,56.849998474121094,58.3125,183861
2016-04-27,42.21065902709961,57.056251525878906,58.125,56.83124923706055,57.48749923706055,120655
2016-04-28,41.905487060546875,56.64374923706055,58.349998474121094,56.34375,57.150001525878906,202103
2016-04-29,41.57258224487305,56.193748474121094,57.54375076293945,55.875,57.01874923706055,161962
2016-05-02,41.37837600708008,55.931251525878906,56.587501525878906,55.38750076293945,56.32500076293945,145826
2016-05-03,40.712547302246094,55.03125,56.943748474121094,54.63750076293945,55.98749923706055,185293
2016-05-04,40.51835632324219,54.76874923706055,55.78125,54.39374923706055,55.59375,205010
2016-05-05,41.198055267333984,55.6875,56.381248474121094,54.75,54.75,153074
2016-05-06,40.89288330078125,55.275001525878906,56.212501525878906,54.86249923706055,56.193748474121094,94223
2016-05-09,41.35063171386719,55.89374923706055,56.193748474121094,55.20000076293945,55.57500076293945,63789
2016-05-10,41.184181213378906,55.66875076293945,56.400001525878906,55.162498474121094,55.85625076293945,98061
2016-05-11,41.184181213378906,55.66875076293945,55.98749923706055,54.26250076293945,55.125,72071
2016-05-12,40.69868469238281,55.01250076293945,56.4375,54.693748474121094,55.875,226970
2016-05-13,41.08708190917969,55.537498474121094,56.0625,55.125,55.29375076293945,112426
2016-05-16,41.045467376708984,55.48125076293945,56.4375,54.881248474121094,56.4375,128402
2016-05-17,40.989990234375,55.40625,55.98749923706055,55.3125,55.78125,98466
2016-05-18,41.960975646972656,56.71875,57.28125,55.125,55.14374923706055,430653
2016-05-19,42.155181884765625,56.98125076293945,57.693748474121094,56.625,57.0,258101
2016-05-20,41.64193344116211,56.287498474121094,57.63750076293945,55.931251525878906,57.63750076293945,106933
2016-05-23,41.61419677734375,56.25,58.087501525878906,55.10625076293945,57.26250076293945,392631
2016-05-24,40.5322265625,54.787498474121094,55.837501525878906,53.625,55.125,752335
2016-05-25,40.76803970336914,55.10625076293945,55.48125076293945,54.5625,54.76874923706055,153898
2016-05-26,40.67094039916992,54.974998474121094,55.818748474121094,54.75,55.6875,170623
2016-05-27,40.93449783325195,55.33124923706055,56.04375076293945,54.712501525878906,54.787498474121094,329437
2016-05-30,40.79578399658203,55.14374923706055,55.78125,54.75,55.40625,177839
2016-05-31,39.75542068481445,53.73749923706055,56.0625,51.712501525878906,54.75,338927
2016-06-01,41.739036560058594,56.41875076293945,57.1875,53.34375,54.337501525878906,483759
2016-06-02,41.91936111450195,56.662498474121094,57.131248474121094,56.25,56.587501525878906,264343
2016-06-03,42.155181884765625,56.98125076293945,57.75,56.34375,56.64374923706055,287775
2016-06-06,41.933231353759766,56.681251525878906,57.974998474121094,56.381248474121094,57.599998474121094,171967
2016-06-07,41.6280632019043,56.26874923706055,57.26250076293945,55.5,57.26250076293945,225063
2016-06-08,42.62681198120117,57.618751525878906,57.900001525878906,55.443748474121094,55.5,337906
2016-06-09,42.12743377685547,56.943748474121094,57.91875076293945,56.53125,56.625,218127
2016-06-10,42.21065902709961,57.056251525878906,58.912498474121094,56.775001525878906,56.8125,466466
2016-06-13,42.00259017944336,56.775001525878906,57.48749923706055,56.25,57.48749923706055,116031
2016-06-14,44.457828521728516,60.09375,60.9375,56.34375,56.625,956655
2016-06-15,44.22201919555664,59.775001525878906,60.58124923706055,59.025001525878906,59.83124923706055,478885
2016-06-16,45.359466552734375,61.3125,61.95000076293945,60.0,61.931251525878906,819045
2016-06-17,44.77687072753906,60.525001525878906,62.13750076293945,60.375,62.13750076293945,318178
2016-06-20,46.053043365478516,62.25,63.712501525878906,60.29999923706055,60.75,1058479
2016-06-21,46.48304748535156,62.83124923706055,65.0999984741211,61.875,61.875,1005317
2016-06-22,45.81722640991211,61.931251525878906,63.525001525878906,60.787498474121094,63.150001525878906,460642
2016-06-23,45.595279693603516,61.631248474121094,62.25,60.787498474121094,61.125,573666
2016-06-24,44.5133171081543,60.16875076293945,61.10625076293945,58.349998474121094,61.10625076293945,590458
2016-06-27,44.20813751220703,59.756248474121094,61.875,59.625,59.98125076293945,273378
2016-06-28,44.5133171081543,60.16875076293945,61.23749923706055,59.34375,59.756248474121094,283335
2016-06-29,45.678524017333984,61.743751525878906,62.400001525878906,60.39374923706055,60.65625,413346
2016-06-30,46.177886962890625,62.41875076293945,63.46875,61.556251525878906,61.875,630533
2016-07-01,46.1917610168457,62.4375,63.712501525878906,62.0625,62.568748474121094,556399
2016-07-04,46.663387298583984,63.07500076293945,63.73125076293945,62.26874923706055,63.73125076293945,353698
2016-07-05,47.41244125366211,64.0875015258789,65.15625,63.618751525878906,64.1624984741211,773613
2016-07-07,47.89794158935547,64.7437515258789,65.625,63.881248474121094,64.5,527757
2016-07-08,47.440185546875,64.125,65.55000305175781,63.39374923706055,64.875,336285
2016-07-11,47.57890319824219,64.3125,65.625,63.974998474121094,64.96875,753949
2016-07-12,48.549888610839844,65.625,66.67500305175781,64.125,65.0625,782541
2016-07-13,47.745361328125,64.5374984741211,66.1875,64.125,65.88749694824219,404791
2016-07-14,47.27372741699219,63.900001525878906,64.8375015258789,63.75,64.57499694824219,287029
2016-07-15,46.7882194519043,63.243751525878906,65.25,63.0,63.599998474121094,412445
2016-07-18,46.63563919067383,63.037498474121094,64.8375015258789,62.756248474121094,64.33125305175781,530391
2016-07-19,45.72013473510742,61.79999923706055,63.82500076293945,61.51874923706055,63.618751525878906,348719
2016-07-20,45.484310150146484,61.48125076293945,64.5,61.125,62.849998474121094,610127
2016-07-21,44.638160705566406,60.337501525878906,62.0625,60.01874923706055,61.631248474121094,358495
2016-07-22,44.95719909667969,60.76874923706055,61.29375076293945,60.375,60.48749923706055,361823
2016-07-25,45.137535095214844,61.01250076293945,61.79999923706055,60.65625,60.65625,232797
2016-07-26,44.638160705566406,60.337501525878906,61.743751525878906,60.131248474121094,61.14374923706055,256077
2016-07-27,44.54106903076172,60.20624923706055,61.04999923706055,59.45624923706055,60.150001525878906,293221
2016-07-28,44.624290466308594,60.318748474121094,61.125,60.037498474121094,60.63750076293945,214695
2016-07-29,44.138790130615234,59.662498474121094,61.01250076293945,59.4375,61.01250076293945,260045
2016-08-01,44.20813751220703,59.756248474121094,60.84375,59.54999923706055,59.681251525878906,142186
2016-08-02,43.00133514404297,58.125,60.0,57.86249923706055,59.568748474121094,318986
2016-08-03,43.00133514404297,58.125,59.25,57.86249923706055,58.125,187293
2016-08-04,42.030338287353516,56.8125,58.875,56.45624923706055,58.5,229039
2016-08-05,42.84874725341797,57.91875076293945,58.443748474121094,56.868751525878906,57.9375,176170
2016-08-08,41.933231353759766,56.681251525878906,58.125,54.09375,58.125,1643949
2016-08-09,42.390987396240234,57.29999923706055,58.5,56.17499923706055,56.25,433197
2016-08-10,42.00259017944336,56.775001525878906,57.787498474121094,56.08124923706055,57.46875,254362
2016-08-11,41.669673919677734,56.32500076293945,56.943748474121094,56.15625,56.625,282583
2016-08-12,41.669673919677734,56.32500076293945,57.5625,56.25,56.306251525878906,175709
2016-08-16,41.974853515625,56.73749923706055,56.98125076293945,56.25,56.4375,181327
2016-08-17,41.6280632019043,56.26874923706055,57.65625,56.15625,56.54999923706055,370986
2016-08-18,41.794525146484375,56.493751525878906,57.07500076293945,56.25,56.868751525878906,252634
2016-08-19,41.94710159301758,56.70000076293945,57.1875,56.493751525878906,56.64374923706055,128770
2016-08-22,42.252281188964844,57.11249923706055,57.9375,56.474998474121094,56.60625076293945,184858
2016-08-23,41.8638801574707,56.587501525878906,58.125,56.287498474121094,58.125,142605
2016-08-24,42.446475982666016,57.375,57.599998474121094,56.625,57.01874923706055,276605
2016-08-25,41.78065490722656,56.474998474121094,57.67499923706055,56.25,57.375,322327
2016-08-26,41.933231353759766,56.681251525878906,57.375,56.474998474121094,57.375,78949
2016-08-29,42.030338287353516,56.8125,57.131248474121094,56.4375,56.681251525878906,121066
2016-08-30,42.52970886230469,57.48749923706055,58.79999923706055,56.54999923706055,56.662498474121094,915117
2016-08-31,42.72391128540039,57.75,58.3125,57.506248474121094,58.3125,177839
2016-09-01,42.5019645690918,57.45000076293945,57.95624923706055,57.056251525878906,57.75,222271
2016-09-02,42.19678497314453,57.037498474121094,57.712501525878906,56.287498474121094,57.375,299239
2016-09-06,42.390987396240234,57.29999923706055,57.974998474121094,57.0,57.01874923706055,195845
2016-09-07,41.739036560058594,56.41875076293945,57.63750076293945,56.26874923706055,57.29999923706055,304946
2016-09-08,41.76677322387695,56.45624923706055,56.92499923706055,55.79999923706055,56.306251525878906,684053
2016-09-09,41.6280632019043,56.26874923706055,57.0,56.15625,56.306251525878906,618365
2016-09-12,41.76677322387695,56.45624923706055,57.337501525878906,55.40625,56.25,275431
2016-09-14,41.669673919677734,56.32500076293945,56.92499923706055,56.23125076293945,56.45624923706055,170311
2016-09-15,41.697418212890625,56.36249923706055,56.88750076293945,56.212501525878906,56.381248474121094,70594
2016-09-16,41.61419677734375,56.25,57.337501525878906,55.98749923706055,57.337501525878906,977037
2016-09-19,41.89162063598633,56.625,57.0,56.32500076293945,56.775001525878906,172250
2016-09-20,41.61419677734375,56.25,56.88750076293945,56.13750076293945,56.4375,1295034
2016-09-21,43.542320251464844,58.85625076293945,60.375,56.287498474121094,56.287498474121094,1478655
2016-09-22,45.026554107666016,60.86249923706055,62.400001525878906,59.306251525878906,59.306251525878906,1179802
2016-09-23,43.7226448059082,59.099998474121094,60.86249923706055,58.724998474121094,60.86249923706055,544957
2016-09-26,43.76426315307617,59.15625,59.53125,58.20000076293945,58.875,197311
2016-09-27,43.51457595825195,58.818748474121094,59.36249923706055,58.57500076293945,58.6875,183658
2016-09-28,45.6507682800293,61.70624923706055,62.04375076293945,58.23749923706055,58.23749923706055,2043597
2016-09-29,44.388465881347656,60.0,63.375,57.9375,61.875,1785607
2016-09-30,43.29262924194336,58.51874923706055,60.01874923706055,58.14374923706055,58.51874923706055,388879
2016-10-03,44.27750015258789,59.849998474121094,60.75,59.099998474121094,59.400001525878906,223821
2016-10-04,44.04169464111328,59.53125,60.29999923706055,59.25,60.150001525878906,104437
2016-10-05,43.62554931640625,58.96875,60.337501525878906,58.76250076293945,59.64374923706055,195690
2016-10-06,43.62554931640625,58.96875,59.943748474121094,58.6875,58.96875,195930
2016-10-07,43.6394157409668,58.98749923706055,60.0,58.162498474121094,59.23125076293945,172194
2016-10-10,43.902976989746094,59.34375,59.88750076293945,59.25,59.8125,319989
2016-10-13,42.59906005859375,57.58124923706055,59.625,56.0625,59.34375,1137039
2016-10-14,43.29262924194336,58.51874923706055,59.0625,57.39374923706055,58.42499923706055,154031
2016-10-17,42.71004867553711,57.73125076293945,58.89374923706055,57.48749923706055,58.79999923706055,322213
2016-10-18,43.36199188232422,58.61249923706055,59.25,57.76874923706055,58.256248474121094,119234
2016-10-19,42.72391128540039,57.75,59.17499923706055,57.45000076293945,59.17499923706055,275855
2016-10-20,42.83488082885742,57.900001525878906,58.6875,57.787498474121094,58.40625,329237
2016-10-21,43.29262924194336,58.51874923706055,58.837501525878906,57.900001525878906,58.125,131103
2016-10-24,43.05681610107422,58.20000076293945,58.875,57.9375,58.631248474121094,197391
2016-10-25,42.76552200317383,57.806251525878906,58.5,57.375,58.125,113485
2016-10-26,42.83488082885742,57.900001525878906,58.48125076293945,57.46875,57.9375,170525
2016-10-27,42.55744934082031,57.525001525878906,59.212501525878906,57.45000076293945,59.212501525878906,129279
2016-10-28,42.52970886230469,57.48749923706055,58.5,56.756248474121094,57.67499923706055,371186
2016-11-01,43.209407806396484,58.40625,59.32500076293945,57.01874923706055,59.17499923706055,180295
2016-11-02,42.82100296020508,57.881248474121094,58.96875,57.599998474121094,58.42499923706055,301642
2016-11-03,45.16527557373047,61.04999923706055,65.51249694824219,57.224998474121094,58.23749923706055,3801858
2016-11-04,44.430084228515625,60.056251525878906,61.837501525878906,58.537498474121094,60.5625,521959
2016-11-07,45.33172607421875,61.275001525878906,62.4375,60.20624923706055,62.4375,598114
2016-11-08,44.67977523803711,60.39374923706055,61.837501525878906,60.07500076293945,61.5,392591
2016-11-09,44.5379753112793,58.89374923706055,60.0,55.96875,57.506248474121094,759453
2016-11-10,44.693946838378906,59.099998474121094,60.63750076293945,58.66875076293945,60.375,180191
2016-11-11,42.921504974365234,56.756248474121094,58.03125,56.4375,56.8125,204205
2016-11-15,42.581199645996094,56.306251525878906,57.375,56.08124923706055,56.8125,305925
2016-11-16,43.346893310546875,57.318748474121094,58.556251525878906,56.212501525878906,57.525001525878906,827530
2016-11-17,43.460330963134766,57.46875,58.3125,56.662498474121094,58.01250076293945,301154
2016-11-18,43.20509338378906,57.131248474121094,57.84375,56.943748474121094,57.84375,60471
2016-11-21,42.609561920166016,56.34375,58.462501525878906,56.025001525878906,58.01250076293945,202189
2016-11-22,41.82968521118164,55.3125,57.63750076293945,54.0,57.63750076293945,240458
2016-11-23,41.517730712890625,54.900001525878906,56.60625076293945,54.599998474121094,55.256248474121094,208735
2016-11-24,42.01401901245117,55.556251525878906,56.88750076293945,54.75,54.900001525878906,101082
2016-11-25,44.8782844543457,59.34375,59.568748474121094,55.70624923706055,56.23125076293945,561994
2016-11-28,44.892459869384766,59.36249923706055,60.16875076293945,58.125,59.32500076293945,184909
2016-11-29,44.38199996948242,58.6875,59.962501525878906,58.51874923706055,59.625,120994
2016-11-30,44.353641510009766,58.650001525878906,59.400001525878906,58.33124923706055,59.400001525878906,52706
2016-12-01,43.48869323730469,57.506248474121094,59.51250076293945,57.243751525878906,59.51250076293945,198154
2016-12-02,43.914066314697266,58.068748474121094,61.04999923706055,57.26250076293945,58.087501525878906,732231
2016-12-05,43.84318161010742,57.974998474121094,59.025001525878906,57.375,58.875,156274
2016-12-06,44.892459869384766,59.36249923706055,62.36249923706055,58.10625076293945,59.025001525878906,984551
2016-12-07,44.7081298828125,59.118751525878906,60.67499923706055,58.743751525878906,60.67499923706055,101175
2016-12-08,45.2469482421875,59.83124923706055,60.82500076293945,59.0625,59.287498474121094,297242
2016-12-09,46.42386245727539,61.38750076293945,62.25,58.931251525878906,59.962501525878906,1579349
2016-12-12,47.14701843261719,62.34375,63.224998474121094,60.0,61.6875,915151
2016-12-13,49.075435638427734,64.89375305175781,67.03125,61.556251525878906,62.34375,4435463
2016-12-14,48.45153045654297,64.0687484741211,66.5625,63.86249923706055,65.23124694824219,808162
2016-12-15,51.95388412475586,68.69999694824219,70.6500015258789,64.0875015258789,64.0875015258789,7638186
2016-12-16,52.0247688293457,68.79374694824219,70.3125,67.85624694824219,69.1500015258789,2750725
2016-12-19,55.61220169067383,73.5374984741211,74.5875015258789,69.0374984741211,69.5250015258789,7247781
2016-12-20,55.10173797607422,72.86250305175781,75.5250015258789,72.2437515258789,74.17500305175781,3550557
2016-12-21,52.762123107910156,69.76875305175781,73.5,69.0562515258789,73.5,1666890
2016-12-22,51.145652770996094,67.6312484741211,70.78125,66.9000015258789,70.01249694824219,1608231
2016-12-23,53.57035827636719,70.8375015258789,71.41874694824219,67.125,67.5,2743549
2016-12-26,51.415069580078125,67.98750305175781,71.15625,67.4625015258789,70.8375015258789,1199463
2016-12-27,53.726314544677734,71.04374694824219,72.1875,67.80000305175781,67.875,2590031
2016-12-28,52.71958923339844,69.7125015258789,73.3499984741211,69.0,72.0,1954789
2016-12-29,54.1800651550293,71.64375305175781,72.375,69.8812484741211,69.8812484741211,1447874
2016-12-30,54.84651184082031,72.5250015258789,74.2125015258789,71.83125305175781,72.3375015258789,2167482
2017-01-02,55.88162612915039,73.89375305175781,74.51249694824219,71.8125,73.125,1042581
2017-01-03,57.11524200439453,75.5250015258789,76.61250305175781,74.0625,74.4749984741211,2386178
2017-01-04,56.973453521728516,75.3375015258789,77.04374694824219,74.4937515258789,76.125,1253639
2017-01-05,59.00113296508789,78.01875305175781,78.3375015258789,75.11250305175781,76.01249694824219,2589482
2017-01-06,55.92414855957031,73.94999694824219,78.63749694824219,73.38749694824219,78.63749694824219,1475221
2017-01-09,55.2435302734375,73.05000305175781,74.4749984741211,71.51249694824219,74.4749984741211,854394
2017-01-10,56.165218353271484,74.26875305175781,74.88749694824219,73.14375305175781,73.57499694824219,734351
2017-01-11,56.633140563964844,74.88749694824219,76.125,74.04374694824219,74.71875,598183
2017-01-12,56.09431076049805,74.17500305175781,76.3499984741211,73.5374984741211,75.48750305175781,527173
2017-01-13,56.37789535522461,74.55000305175781,75.8062515258789,74.13749694824219,74.8499984741211,504951
2017-01-16,55.82490539550781,73.8187484741211,74.88749694824219,73.42500305175781,74.88749694824219,274738
2017-01-17,58.23543167114258,77.0062484741211,78.0,73.98750305175781,74.45625305175781,2183325
2017-01-18,60.589229583740234,80.1187515258789,80.53125,77.26875305175781,77.73750305175781,2956365
2017-01-19,63.212440490722656,83.5875015258789,84.0,79.875,79.875,3054773
2017-01-20,61.38328170776367,81.16874694824219,83.51249694824219,80.34375,83.1937484741211,827935
2017-01-23,59.51158142089844,78.6937484741211,81.1500015258789,78.3187484741211,80.6812515258789,555695
2017-01-24,59.270538330078125,78.375,80.5875015258789,78.0,79.4437484741211,524306
2017-01-25,59.12873840332031,78.1875,79.3499984741211,77.41874694824219,79.125,621279
2017-01-27,59.24217987060547,78.3375015258789,79.4625015258789,77.32499694824219,77.8125,303085
2017-01-30,56.5905876159668,74.83125305175781,78.35624694824219,74.2874984741211,78.35624694824219,418282
2017-01-31,54.392765045166016,71.92500305175781,74.98124694824219,71.73750305175781,74.625,491007
2017-02-01,54.44948196411133,72.0,72.1875,69.0374984741211,71.3812484741211,744741
2017-02-02,56.037593841552734,74.0999984741211,74.7750015258789,70.29374694824219,72.2249984741211,716194
2017-02-03,56.54804229736328,74.7750015258789,76.8375015258789,74.25,75.2249984741211,509021
2017-02-06,54.903228759765625,72.5999984741211,75.39375305175781,71.90625,74.71875,431418
2017-02-07,53.20169448852539,70.3499984741211,73.2562484741211,69.9937515258789,72.5999984741211,345730
2017-02-08,52.59196472167969,69.54374694824219,71.5875015258789,69.1875,71.17500305175781,434397
2017-02-09,53.9957389831543,71.4000015258789,72.0,68.8687515258789,69.46875,672295
2017-02-10,55.82490539550781,73.8187484741211,74.55000305175781,71.8125,72.0,1064005
2017-02-13,55.01666259765625,72.75,74.4937515258789,72.28125,73.9124984741211,364063
2017-02-14,53.88230514526367,71.25,73.4625015258789,70.59375,73.01249694824219,281517
2017-02-15,52.66286087036133,69.63749694824219,71.60624694824219,69.0374984741211,71.60624694824219,272570
2017-02-16,53.66960906982422,70.96875,71.625,69.58125305175781,69.58125305175781,446402
2017-02-17,53.69797134399414,71.0062484741211,72.5250015258789,70.5374984741211,71.60624694824219,343495
2017-02-20,54.2651481628418,71.7562484741211,72.375,71.2125015258789,71.2125015258789,257399
2017-02-21,54.53456115722656,72.11250305175781,73.66874694824219,71.625,71.64375305175781,354983
2017-02-22,54.803985595703125,72.46875,73.3125,72.0,72.07499694824219,286911
2017-02-23,55.56966018676758,73.48124694824219,74.8125,72.20625305175781,72.9000015258789,580837
2017-02-27,54.492034912109375,72.0562515258789,74.25,70.875,74.25,224037
2017-02-28,54.29350280761719,71.79374694824219,72.9937515258789,71.5687484741211,72.0374984741211,145583
2017-03-01,54.77562713623047,72.4312515258789,73.1812515258789,71.8125,72.3375015258789,382837
2017-03-02,53.059879302978516,70.1624984741211,72.8812484741211,69.75,72.375,238215
2017-03-03,54.2509651184082,71.73750305175781,72.375,69.75,70.10624694824219,284869
2017-03-06,54.09498596191406,71.53125,72.375,70.875,71.625,411501
2017-03-07,53.69797134399414,71.0062484741211,72.9000015258789,70.7437515258789,71.53125,431375
2017-03-08,53.01734924316406,70.10624694824219,71.51249694824219,69.9375,70.875,140861
2017-03-09,52.35090255737305,69.2249984741211,70.8375015258789,69.07499694824219,70.125,165871
2017-03-10,52.46434783935547,69.375,70.80000305175781,69.1875,69.5250015258789,165226
2017-03-14,51.8404541015625,68.55000305175781,70.875,68.0062484741211,70.875,235122
2017-03-15,50.86205291748047,67.2562484741211,69.1312484741211,66.9375,68.8125,277818
2017-03-16,51.287445068359375,67.8187484741211,68.92500305175781,66.82499694824219,67.78125,604189
2017-03-17,51.287445068359375,67.8187484741211,68.41874694824219,66.9937515258789,68.0625,110797
2017-03-20,48.87692642211914,64.6312484741211,68.625,64.1624984741211,67.8375015258789,581090
2017-03-21,49.25975799560547,65.13749694824219,65.7750015258789,63.993751525878906,64.8375015258789,679205
2017-03-22,47.58657455444336,62.92499923706055,64.875,62.53125,64.875,484730
2017-03-23,48.338096618652344,63.91875076293945,64.3687515258789,63.0,63.0,628951
2017-03-24,47.95524597167969,63.412498474121094,64.96875,58.349998474121094,64.5,487575
2017-03-27,46.9343147277832,62.0625,64.4625015258789,61.875,63.35625076293945,315298
2017-03-28,47.3029899597168,62.54999923706055,64.0687484741211,62.25,62.53125,397231
2017-03-29,48.16794204711914,63.693748474121094,64.125,61.79999923706055,62.587501525878906,498031
2017-03-30,47.87016296386719,63.29999923706055,64.42500305175781,63.01874923706055,63.75,309178
2017-03-31,47.827632904052734,63.243751525878906,64.875,62.118751525878906,63.29999923706055,388837
2017-04-03,49.89784240722656,65.98124694824219,66.26249694824219,63.412498474121094,63.412498474121094,793311
2017-04-05,49.359031677246094,65.26875305175781,66.3375015258789,64.94999694824219,65.45625305175781,444706
2017-04-06,49.03289794921875,64.8375015258789,65.71875,64.1812515258789,64.875,570623
2017-04-07,48.494075775146484,64.125,66.5250015258789,63.63750076293945,64.5,981898
2017-04-10,48.678409576416016,64.3687515258789,65.51249694824219,64.125,65.51249694824219,250610
2017-04-11,49.10379409790039,64.9312515258789,65.5687484741211,64.5562515258789,65.15625,282202
2017-04-12,47.770912170410156,63.16875076293945,65.3812484741211,62.962501525878906,65.04374694824219,283205
2017-04-13,48.70676040649414,64.40625,65.4000015258789,62.212501525878906,62.212501525878906,703701
2017-04-17,47.7425537109375,63.131248474121094,65.15625,62.625,65.15625,283487
2017-04-18,46.99103927612305,62.13750076293945,63.75,61.96875,63.75,340829
2017-04-19,46.62237548828125,61.650001525878906,62.92499923706055,61.368751525878906,62.51250076293945,305597
2017-04-20,46.23952865600586,61.14374923706055,62.25,60.712501525878906,61.537498474121094,760538
2017-04-21,47.70002365112305,63.07500076293945,65.23124694824219,61.3125,61.3125,1008693
2017-04-24,46.721641540527344,61.78125,63.63750076293945,61.349998474121094,63.0,365711
2017-04-25,47.756744384765625,63.150001525878906,63.54375076293945,61.537498474121094,61.78125,474471
2017-04-26,47.07611846923828,62.25,64.6312484741211,61.89374923706055,63.375,900957
2017-04-27,46.7641716003418,61.837501525878906,63.375,61.57500076293945,62.625,519813
2017-04-28,47.756744384765625,63.150001525878906,63.9375,61.89374923706055,62.381248474121094,455562
2017-05-02,47.07611846923828,62.25,63.63750076293945,61.931251525878906,62.287498474121094,144783
2017-05-03,46.86342239379883,61.96875,62.88750076293945,61.6875,62.25,552909
2017-05-04,46.338783264160156,61.275001525878906,62.25,61.04999923706055,61.96875,358527
2017-05-05,45.856685638427734,60.63750076293945,61.57500076293945,60.46875,61.57500076293945,288165
2017-05-08,46.111900329589844,60.974998474121094,61.875,60.75,60.974998474121094,357063
2017-05-09,46.29624557495117,61.21875,61.537498474121094,60.76874923706055,60.993751525878906,301143
2017-05-10,46.35296630859375,61.29375076293945,62.08124923706055,61.10625076293945,61.40625,302202
2017-05-11,46.721641540527344,61.78125,62.962501525878906,61.162498474121094,61.70624923706055,382189
2017-05-12,46.39550018310547,61.349998474121094,61.875,60.9375,61.743751525878906,334826
2017-05-15,46.12609100341797,60.993751525878906,61.875,60.787498474121094,61.837501525878906,142354
2017-05-16,44.97754669189453,59.474998474121094,61.48125076293945,59.25,61.125,721693
2017-05-17,44.8782844543457,59.34375,59.943748474121094,59.08124923706055,59.4375,151879
2017-05-18,44.637229919433594,59.025001525878906,60.65625,58.70624923706055,59.34375,451575
2017-05-19,43.077484130859375,56.962501525878906,59.625,56.36249923706055,58.724998474121094,446810
2017-05-22,42.66627883911133,56.41875076293945,57.525001525878906,56.25,57.525001525878906,297399
2017-05-23,41.41847610473633,54.76874923706055,56.34375,54.20624923706055,56.25,588765
2017-05-24,41.40430450439453,54.75,55.5,53.943748474121094,55.125,382775
2017-05-25,42.43940353393555,56.118751525878906,56.41875076293945,53.625,54.0,407410
2017-05-26,42.43940353393555,56.118751525878906,57.375,54.974998474121094,56.25,443234
2017-05-29,42.141624450683594,55.724998474121094,57.26250076293945,55.5,56.849998474121094,259765
2017-05-30,42.4819450378418,56.17499923706055,57.337501525878906,55.78125,57.337501525878906,310093
2017-05-31,42.24089050292969,55.85625076293945,57.01874923706055,55.349998474121094,56.13750076293945,369802
2017-06-01,43.40361785888672,57.39374923706055,58.96875,55.3125,55.3125,2594517
2017-06-02,45.19022750854492,59.756248474121094,61.38750076293945,57.412498474121094,58.14374923706055,1262093
2017-06-05,46.19698715209961,61.087501525878906,62.54999923706055,59.98125076293945,60.037498474121094,552498
2017-06-06,46.537296295166016,61.537498474121094,63.1875,60.375,61.462501525878906,729778
2017-06-07,45.5872688293457,60.28125,63.26250076293945,59.625,61.85625076293945,1046010
2017-06-08,44.93500900268555,59.41875076293945,60.86249923706055,58.96875,60.86249923706055,230053
2017-06-09,45.48801040649414,60.150001525878906,60.75,59.118751525878906,60.11249923706055,348615
2017-06-12,44.325286865234375,58.61249923706055,60.375,58.5,59.625,335426
2017-06-13,43.71556091308594,57.806251525878906,59.04375076293945,57.506248474121094,58.61249923706055,342655
2017-06-14,43.30435562133789,57.26250076293945,58.03125,55.875,57.412498474121094,656853
2017-06-15,42.68045425415039,56.4375,57.375,56.0625,57.0,341346
2017-06-16,44.82156753540039,59.26874923706055,61.443748474121094,56.474998474121094,57.0,1494751
2017-06-19,43.65885543823242,57.73125076293945,59.381248474121094,57.412498474121094,59.26874923706055,479055
2017-06-20,43.65885543823242,57.73125076293945,58.23749923706055,57.224998474121094,57.46875,369194
2017-06-21,43.346893310546875,57.318748474121094,58.20000076293945,57.056251525878906,57.67499923706055,373559
2017-06-22,43.176734924316406,57.09375,58.21875,56.8125,57.73125076293945,306133
2017-06-23,42.90732955932617,56.73749923706055,57.318748474121094,56.099998474121094,57.224998474121094,365311
2017-06-27,42.49612045288086,56.193748474121094,57.337501525878906,55.912498474121094,56.83124923706055,158306
2017-06-28,42.836429595947266,56.64374923706055,57.0,55.76250076293945,56.25,224325
2017-06-29,44.5238037109375,58.875,59.25,56.287498474121094,56.98125076293945,1068405
2017-06-30,43.3610725402832,57.337501525878906,58.76250076293945,57.0,58.5,526061
2017-07-03,44.1551399230957,58.38750076293945,58.931251525878906,57.39374923706055,57.712501525878906,621437
2017-07-04,43.21928024291992,57.150001525878906,58.5,56.962501525878906,58.5,453490
2017-07-05,46.225345611572266,61.125,61.462501525878906,57.1875,57.525001525878906,3185010
2017-07-06,46.32460021972656,61.256248474121094,62.4375,60.84375,61.5,1189319
2017-07-07,46.069374084472656,60.91875076293945,61.76250076293945,60.75,61.01250076293945,342962
2017-07-10,46.480567932128906,61.462501525878906,61.875,58.125,61.85625076293945,130245
2017-07-11,46.267887115478516,61.181251525878906,63.45000076293945,60.58124923706055,61.275001525878906,1272679
2017-07-12,47.01940155029297,62.17499923706055,62.775001525878906,61.537498474121094,61.650001525878906,523887
2017-07-13,46.49475860595703,61.48125076293945,62.849998474121094,61.3125,62.25,356175
2017-07-14,45.573089599609375,60.26250076293945,62.0625,59.73749923706055,61.79999923706055,441015
2017-07-17,46.608184814453125,61.631248474121094,62.17499923706055,60.20624923706055,60.73125076293945,401138
2017-07-18,45.729061126708984,60.46875,61.875,60.224998474121094,61.875,392818
2017-07-19,45.672340393066406,60.39374923706055,61.04999923706055,60.11249923706055,61.04999923706055,393829
2017-07-20,45.61561965942383,60.318748474121094,61.068748474121094,60.0,60.46875,270530
2017-07-21,45.81414031982422,60.58124923706055,61.068748474121094,60.09375,60.431251525878906,337554
2017-07-24,46.16862487792969,61.04999923706055,62.13750076293945,60.45000076293945,61.10625076293945,408357
2017-07-25,46.267887115478516,61.181251525878906,61.48125076293945,60.599998474121094,60.787498474121094,300277
2017-07-26,46.19698715209961,61.087501525878906,61.724998474121094,60.82500076293945,61.556251525878906,191053
2017-07-27,47.629119873046875,62.98125076293945,65.25,61.66875076293945,62.13750076293945,2870749
2017-07-28,47.21791458129883,62.4375,64.0875015258789,62.193748474121094,63.48749923706055,431373
2017-07-31,47.2888069152832,62.53125,63.375,62.306251525878906,62.90625,294127
2017-08-01,47.629119873046875,62.98125076293945,63.35625076293945,62.64374923706055,62.943748474121094,296205
2017-08-02,47.756744384765625,63.150001525878906,63.46875,62.53125,63.07500076293945,597202
2017-08-03,47.463565826416016,60.712501525878906,62.400001525878906,60.11249923706055,60.974998474121094,1198727
2017-08-04,46.92121505737305,60.01874923706055,61.78125,59.775001525878906,60.712501525878906,362591
2017-08-07,45.953765869140625,58.78125,60.75,58.5,60.26250076293945,659631
2017-08-08,45.821842193603516,58.61249923706055,59.36249923706055,57.63750076293945,58.537498474121094,421085
2017-08-09,45.015628814697266,57.58124923706055,59.17499923706055,57.28125,58.51874923706055,219399
2017-08-10,43.82830810546875,56.0625,57.48749923706055,55.6875,57.20624923706055,431906
2017-08-11,43.97489547729492,56.25,57.07500076293945,54.412498474121094,55.875,363338
2017-08-14,44.942344665527344,57.48749923706055,58.3125,56.64374923706055,57.16875076293945,511167
2017-08-16,46.935874938964844,60.037498474121094,60.48749923706055,57.787498474121094,57.95624923706055,756783
2017-08-17,47.47822952270508,60.73125076293945,62.36249923706055,59.625,60.974998474121094,712810
2017-08-18,46.188289642333984,59.08124923706055,60.375,58.6875,60.375,355263
2017-08-21,45.338130950927734,57.993751525878906,59.381248474121094,57.881248474121094,59.08124923706055,246346
2017-08-22,45.51401901245117,58.21875,60.0,57.9375,58.368751525878906,147357
2017-08-23,45.338130950927734,57.993751525878906,59.212501525878906,57.9375,59.212501525878906,159047
2017-08-24,46.012393951416016,58.85625076293945,59.474998474121094,57.95624923706055,58.837501525878906,308090
2017-08-28,46.540096282958984,59.53125,60.07500076293945,58.20000076293945,58.85625076293945,396773
2017-08-29,46.276241302490234,59.193748474121094,59.662498474121094,58.76250076293945,59.625,215578
2017-08-30,46.70134735107422,59.73749923706055,60.525001525878906,58.98749923706055,59.625,282690
2017-08-31,46.39352035522461,59.34375,60.5625,58.875,59.625,264599
2017-09-01,46.774620056152344,59.83124923706055,60.9375,59.212501525878906,59.962501525878906,343501
2017-09-04,46.37885284423828,59.32500076293945,60.037498474121094,58.125,59.83124923706055,471253
2017-09-05,46.32022476196289,59.25,59.587501525878906,58.04999923706055,59.587501525878906,324498
2017-09-06,45.48469161987305,58.181251525878906,59.4375,57.9375,58.51874923706055,465573
2017-09-07,45.16221618652344,57.76874923706055,59.17499923706055,57.0,58.3125,522927
2017-09-08,45.030296325683594,57.599998474121094,59.13750076293945,57.412498474121094,58.21875,299426
2017-09-11,45.308799743652344,57.95624923706055,59.381248474121094,57.375,58.125,366794
2017-09-12,45.88046646118164,58.6875,59.26874923706055,58.125,58.5,203437
2017-09-13,45.11823654174805,57.712501525878906,59.193748474121094,57.375,59.0625,241370
2017-09-14,44.60520553588867,57.056251525878906,58.462501525878906,56.625,58.087501525878906,265613
2017-09-15,45.953765869140625,58.78125,59.13750076293945,56.73749923706055,56.73749923706055,497447
2017-09-18,45.587310791015625,58.3125,59.41875076293945,57.75,58.70624923706055,267666
2017-09-19,45.499359130859375,58.20000076293945,58.875,57.900001525878906,58.818748474121094,187002
2017-09-20,45.308799743652344,57.95624923706055,59.212501525878906,57.375,59.212501525878906,250639
2017-09-21,45.191532135009766,57.806251525878906,58.5,57.26250076293945,57.787498474121094,359951
2017-09-22,44.854400634765625,57.375,58.3125,57.1875,57.806251525878906,234605
2017-09-25,43.59376907348633,55.76250076293945,58.01250076293945,54.9375,58.01250076293945,393333
2017-09-26,43.25663375854492,55.33124923706055,57.131248474121094,55.125,56.25,337429
2017-09-27,42.597007751464844,54.48749923706055,56.13750076293945,54.35625076293945,56.13750076293945,331367
2017-09-28,43.1980094909668,55.256248474121094,55.79999923706055,54.29999923706055,55.087501525878906,265042
2017-09-29,43.21266555786133,55.275001525878906,56.0625,55.125,55.40625,176973
2017-10-03,44.04818344116211,56.34375,56.587501525878906,55.5,55.5,125767
2017-10-04,43.711036682128906,55.912498474121094,57.63750076293945,55.5,56.60625076293945,402759
2017-10-05,43.637752532958984,55.818748474121094,56.45624923706055,55.556251525878906,55.556251525878906,330186
2017-10-06,44.23875045776367,56.587501525878906,57.375,55.89374923706055,57.375,148938
2017-10-09,44.942344665527344,57.48749923706055,57.712501525878906,56.25,56.34375,358093
2017-10-10,45.23550796508789,57.86249923706055,58.33124923706055,57.150001525878906,57.375,290621
2017-10-11,44.707801818847656,57.1875,58.875,57.037498474121094,58.125,450122
2017-10-12,44.61985778808594,57.07500076293945,57.693748474121094,56.88750076293945,57.693748474121094,196895
2017-10-13,45.015628814697266,57.58124923706055,58.10625076293945,57.1875,57.375,239570
2017-10-16,44.95699691772461,57.506248474121094,58.125,57.39374923706055,57.712501525878906,135991
2017-10-17,45.3820915222168,58.04999923706055,59.25,57.11249923706055,57.75,945797
2017-10-18,46.100345611572266,58.96875,59.25,56.60625076293945,58.349998474121094,346239
2017-10-19,46.027061462402344,58.875,59.775001525878906,58.443748474121094,59.587501525878906,97327
2017-10-23,47.463565826416016,60.712501525878906,61.125,58.85625076293945,58.875,950906
2017-10-24,50.58579635620117,64.70625305175781,66.1500015258789,60.375,60.900001525878906,3561922
2017-10-25,50.219329833984375,64.23750305175781,65.5875015258789,63.0,65.25,1495322
2017-10-26,50.52716064453125,64.6312484741211,65.92500305175781,63.375,63.375,1614837
2017-10-27,52.66727066040039,67.3687515258789,68.1187515258789,64.70625305175781,64.70625305175781,2400442
2017-10-30,53.32688903808594,68.2125015258789,68.90625,66.73124694824219,67.7249984741211,1048522
2017-10-31,52.901790618896484,67.66874694824219,68.7750015258789,67.2562484741211,68.7750015258789,622741
2017-11-01,54.51422119140625,69.73124694824219,70.125,67.66874694824219,67.66874694824219,1063063
2017-11-02,56.21455764770508,71.90625,72.63749694824219,69.16874694824219,70.125,1593221
2017-11-03,54.528865814208984,69.75,71.8499984741211,69.3375015258789,71.625,748965
2017-11-06,54.4555778503418,69.65625,72.5625,68.98124694824219,69.7125015258789,973690
2017-11-07,54.572845458984375,69.8062515258789,73.125,68.45625305175781,70.125,1596370
2017-11-08,55.437686920166016,70.9124984741211,72.0,69.84375,70.29374694824219,891375
2017-11-09,55.54027557373047,71.04374694824219,72.75,70.3687515258789,71.4749984741211,532669
2017-11-10,56.2732048034668,71.98124694824219,73.48124694824219,70.5,71.17500305175781,1076599
2017-11-13,54.74874496459961,70.03125,73.0875015258789,68.25,72.9000015258789,662351
2017-11-14,55.789485931396484,71.36250305175781,73.01249694824219,70.8375015258789,71.0250015258789,778250
2017-11-15,56.39047622680664,72.1312484741211,74.625,71.41874694824219,72.0,1701919
2017-11-16,60.348201751708984,77.1937484741211,77.625,72.1875,72.1875,2380919
2017-11-17,61.38895034790039,78.5250015258789,79.70625305175781,77.0250015258789,78.75,4029570
2017-11-20,64.53826141357422,81.07499694824219,83.34375,76.2562484741211,76.6875,3024525
2017-11-21,66.43379211425781,83.45625305175781,85.6875,79.78125,80.98124694824219,3766794
2017-11-22,65.55318450927734,82.3499984741211,84.09375,80.83125305175781,83.625,1491973
2017-11-23,68.46367645263672,86.0062484741211,87.9000015258789,81.0,82.5374984741211,3659453
2017-11-24,68.71741485595703,86.32499694824219,90.375,85.76249694824219,86.7750015258789,3253682
2017-11-27,67.58308410644531,84.9000015258789,88.2750015258789,84.4124984741211,86.9625015258789,1066431
2017-11-28,70.73236846923828,88.85624694824219,89.88749694824219,83.92500305175781,84.82499694824219,1765586
2017-11-29,72.31448364257812,90.84375,91.85624694824219,88.61250305175781,89.45625305175781,1914069
2017-11-30,72.06075286865234,90.5250015258789,91.42500305175781,88.51875305175781,90.48750305175781,1004285
2017-12-01,71.22490692138672,89.4749984741211,92.92500305175781,88.94999694824219,90.75,1266402
2017-12-04,68.83683013916016,86.4749984741211,90.3187484741211,85.5,90.3187484741211,555853
2017-12-05,65.38902282714844,82.14375305175781,86.5875015258789,81.5999984741211,86.5875015258789,757874
2017-12-06,67.32935333251953,84.58125305175781,86.3812484741211,80.25,80.25,1404845
2017-12-07,67.85174560546875,85.23750305175781,85.875,83.64375305175781,85.5,503909
2017-12-08,71.2099838256836,89.45625305175781,90.0,85.875,85.9124984741211,1178898
2017-12-11,71.49356842041016,89.8125,91.8375015258789,88.98750305175781,90.35624694824219,1041565
2017-12-12,70.56819152832031,88.6500015258789,90.11250305175781,87.9000015258789,89.79374694824219,399015
2017-12-13,69.9413070678711,87.86250305175781,90.0,87.0374984741211,87.9375,430154
2017-12-14,68.98609161376953,86.6624984741211,89.4000015258789,84.54374694824219,87.375,458290
2017-12-15,69.03086853027344,86.71875,88.23750305175781,85.5562515258789,88.125,639157
2017-12-18,68.98609161376953,86.6624984741211,87.8812484741211,83.4375,87.1875,441045
2017-12-19,74.52346801757812,93.6187515258789,96.375,86.25,86.25,2379813
2017-12-20,75.03094482421875,94.2562484741211,95.4375,93.58125305175781,94.4625015258789,928399
2017-12-21,74.64287567138672,93.76875305175781,95.1937484741211,92.7750015258789,95.1187515258789,1119717
2017-12-22,79.28473663330078,99.5999984741211,100.80000305175781,93.84375,93.84375,2623077
2017-12-26,83.56836700439453,104.98124694824219,106.40625,99.01875305175781,99.9375,2839181
2017-12-27,80.06085205078125,100.57499694824219,106.6875,99.4124984741211,106.1624984741211,1067183
2017-12-28,81.77729797363281,102.73124694824219,103.125,100.3125,100.875,736938
2017-12-29,83.12060546875,104.41874694824219,105.1875,101.7562484741211,102.86250305175781,711053
2018-01-01,83.09075927734375,104.3812484741211,106.80000305175781,103.6875,105.0,741141
2018-01-02,81.7474594116211,102.6937484741211,105.1312484741211,100.0687484741211,105.1312484741211,480509
2018-01-03,79.7922134399414,100.23750305175781,103.19999694824219,99.84375,103.19999694824219,429591
2018-01-04,80.09073638916016,100.61250305175781,101.41874694824219,98.73750305175781,100.23750305175781,553207
2018-01-05,82.91165161132812,104.15625,107.0625,100.125,100.125,904770
2018-01-08,81.18029022216797,101.98124694824219,105.1500015258789,101.64375305175781,104.92500305175781,478394
2018-01-09,84.65794372558594,106.3499984741211,109.38749694824219,101.53125,102.16874694824219,2024890
2018-01-10,83.80718994140625,105.28125,107.5687484741211,103.3125,106.51875305175781,1288978
2018-01-11,87.55351257324219,109.98750305175781,117.0,105.375,105.375,4577445
2018-01-12,89.37443542480469,112.2750015258789,113.25,106.59375,110.23124694824219,1709175
2018-01-15,88.70277404785156,111.4312515258789,114.16874694824219,110.625,113.2125015258789,755282
2018-01-16,90.52369689941406,113.71875,116.9625015258789,110.0625,110.6812515258789,1863007
2018-01-17,90.3595199584961,113.51249694824219,117.76875305175781,112.5,115.125,1760714
2018-01-18,86.9117202758789,109.1812515258789,117.54374694824219,106.9312515258789,114.75,1922218
2018-01-19,90.68789672851562,113.92500305175781,115.5,108.20625305175781,109.33125305175781,1649026
2018-01-22,92.9267349243164,116.73750305175781,118.125,111.73124694824219,114.30000305175781,1521605
2018-01-23,92.91180419921875,116.71875,119.8125,115.9124984741211,117.67500305175781,1202645
2018-01-24,93.46405029296875,117.4124984741211,120.4124984741211,113.25,116.25,2585575
2018-01-25,89.31474304199219,112.19999694824219,118.40625,111.1875,118.40625,947791
2018-01-29,90.49385070800781,113.6812515258789,115.66874694824219,110.26875305175781,112.5,912693
2018-01-30,91.01624298095703,114.3375015258789,116.7750015258789,110.8499984741211,113.0625,1231045
2018-01-31,89.98639678955078,113.04374694824219,115.5,111.46875,111.5999984741211,412791
2018-02-01,88.65800476074219,111.375,113.625,105.46875,113.25,760229
2018-02-02,82.31462860107422,103.40625,111.7874984741211,102.0374984741211,108.75,989253
2018-02-05,81.52356719970703,102.4124984741211,103.10624694824219,98.71875,99.76875305175781,404754
2018-02-06,81.55341339111328,102.44999694824219,105.9375,95.6812515258789,98.60624694824219,1232802
2018-02-07,84.67288208007812,106.3687515258789,110.9625015258789,103.76249694824219,103.76249694824219,1139255
2018-02-08,86.79232025146484,109.03125,111.0,104.71875,104.71875,1476973
2018-02-09,85.35945129394531,107.23124694824219,108.7125015258789,105.46875,105.46875,613138
2018-02-12,87.94158172607422,110.4749984741211,111.16874694824219,108.2249984741211,108.63749694824219,525349
2018-02-14,101.73281860351562,127.80000305175781,132.5625,110.25,110.25,7536607
2018-02-15,100.94175720214844,126.8062515258789,137.39999389648438,123.1500015258789,129.1687469482422,5427229
2018-02-16,100.16563415527344,125.83125305175781,130.875,122.2874984741211,127.8375015258789,1730410
2018-02-19,96.82231140136719,121.6312484741211,127.125,120.4124984741211,126.75,990199
2018-02-20,94.47898864746094,118.6875,123.5625,117.2249984741211,120.4124984741211,1034562
2018-02-21,97.29991149902344,122.23124694824219,127.2750015258789,117.44999694824219,119.73750305175781,3289197
2018-02-22,97.6282958984375,122.64375305175781,127.125,120.6187515258789,120.7874984741211,2615493
2018-02-23,98.46410369873047,123.6937484741211,125.2874984741211,122.36250305175781,123.5625,1306695
2018-02-26,94.5535888671875,118.78125,124.5374984741211,118.125,124.1624984741211,1286557
2018-02-27,96.59841918945312,121.3499984741211,122.4375,117.58125305175781,119.5875015258789,1200823
2018-02-28,95.8819808959961,120.44999694824219,121.6875,118.23750305175781,119.25,1091346
2018-03-01,95.24018096923828,119.64375305175781,121.4625015258789,118.70625305175781,120.44999694824219,735218
2018-03-05,95.80735778808594,120.35624694824219,122.25,117.76875305175781,119.32499694824219,1193954
2018-03-06,91.92671203613281,115.48124694824219,121.4437484741211,114.0,121.10624694824219,579205
2018-03-07,92.18045806884766,115.80000305175781,117.9000015258789,113.17500305175781,115.14375305175781,1289362
2018-03-08,94.70287322998047,118.96875,119.8499984741211,116.3062515258789,117.3375015258789,854762
2018-03-09,95.38945007324219,119.83125305175781,122.4375,118.875,120.16874694824219,1136727
2018-03-12,93.95658874511719,118.03125,121.875,117.0562515258789,121.03125,692167
2018-03-13,92.2699966430664,115.9124984741211,119.34375,115.125,118.23750305175781,849997
2018-03-14,93.24017333984375,117.1312484741211,117.9375,114.9000015258789,114.9000015258789,314250
2018-03-15,93.95658874511719,118.03125,120.0,117.1875,117.63749694824219,568658
2018-03-16,92.61327362060547,116.34375,120.1875,115.5374984741211,118.4625015258789,535813
2018-03-19,92.941650390625,116.7562484741211,118.125,115.125,116.25,838717
2018-03-20,91.68789672851562,115.1812515258789,116.625,114.375,116.0062484741211,235821
2018-03-21,94.29988861083984,118.4625015258789,119.98124694824219,115.51875305175781,116.1187515258789,878943
2018-03-22,89.71773529052734,112.70625305175781,122.15625,110.6812515258789,118.875,1827461
2018-03-23,89.19532775878906,112.05000305175781,113.41874694824219,106.6875,110.625,1005242
2018-03-26,93.09089660644531,116.9437484741211,117.82499694824219,110.15625,111.375,1051911
2018-03-27,96.00140380859375,120.5999984741211,121.8375015258789,117.44999694824219,118.03125,860181
2018-03-28,93.40434265136719,117.3375015258789,123.75,106.125,119.4375,1455957
2018-04-02,94.03121185302734,118.125,120.3375015258789,116.64375305175781,120.3375015258789,473730
2018-04-03,95.34468078613281,119.7750015258789,120.73124694824219,117.20625305175781,117.375,487469
2018-04-04,95.35960388183594,119.79374694824219,125.5875015258789,117.5062484741211,121.05000305175781,1222946
2018-04-05,96.97154998779297,121.8187484741211,123.375,121.125,121.125,427042
2018-04-06,96.4790267944336,121.19999694824219,122.51249694824219,118.3687515258789,121.125,582901
2018-04-09,100.70297241210938,126.5062484741211,127.4625015258789,121.51875305175781,122.1187515258789,1337093
2018-04-10,100.28504180908203,125.98124694824219,129.33749389648438,125.2874984741211,129.33749389648438,738290
2018-04-11,99.27010345458984,124.70625305175781,127.8187484741211,124.125,125.625,323927
2018-04-12,97.89694213867188,122.98124694824219,133.0500030517578,121.61250305175781,125.0250015258789,2284805
2018-04-13,97.6282958984375,122.64375305175781,124.6500015258789,121.98750305175781,122.8687515258789,380565
2018-04-16,99.38948822021484,124.85624694824219,125.625,120.11250305175781,121.5,388074
2018-04-17,99.9417495727539,125.55000305175781,127.3125,123.26249694824219,125.625,810450
2018-04-18,100.4044418334961,126.1312484741211,127.5,124.23750305175781,126.375,718066
2018-04-19,99.37458038330078,124.8375015258789,127.5,124.1624984741211,126.7125015258789,293693
2018-04-20,103.32984161376953,129.80624389648438,131.1374969482422,124.96875,124.96875,1659191
2018-04-23,106.94184112548828,134.34375,135.9375,129.75,130.44375610351562,2372154
2018-04-24,111.68819427490234,140.30624389648438,142.125,134.30624389648438,135.2624969482422,2517834
2018-04-25,109.12100982666016,137.0812530517578,145.0124969482422,135.75,141.75,1570693
2018-04-26,107.2403564453125,134.71875,140.5124969482422,131.28750610351562,137.25,792930
2018-04-27,106.89707946777344,134.28750610351562,137.8312530517578,133.3125,135.69375610351562,470602
2018-04-30,107.0761947631836,134.5124969482422,139.125,133.9875030517578,135.5625,525815
2018-05-02,105.7030258178711,132.78750610351562,137.94375610351562,131.28750610351562,136.1437530517578,659178
2018-05-03,103.34477996826172,129.8249969482422,135.0187530517578,126.48750305175781,132.75,541309
2018-05-04,100.5089111328125,126.26249694824219,129.5812530517578,125.625,128.53125,337733
2018-05-07,101.01641082763672,126.9000015258789,127.875,125.08125305175781,126.5250015258789,328597
2018-05-08,107.04633331298828,134.47500610351562,136.5749969482422,127.125,127.98750305175781,1395383
2018-05-09,108.89710998535156,136.8000030517578,137.625,134.6437530517578,135.0,745351
2018-05-10,106.04631805419922,133.21875,139.4250030517578,132.46875,136.5749969482422,508266
2018-05-11,105.56868743896484,132.61874389648438,137.68124389648438,130.93124389648438,134.21249389648438,379522
2018-05-14,103.85225677490234,130.46249389648438,134.625,128.625,133.91250610351562,288234
2018-05-15,104.0462875366211,130.7062530517578,136.5,127.5,130.06875610351562,553207
2018-05-16,104.10598754882812,130.78125,133.875,128.58749389648438,130.6875,550058
2018-05-17,103.44927215576172,129.9562530517578,132.375,128.625,130.96875,254266
2018-05-18,101.9865493774414,128.11874389648438,131.7937469482422,126.01875305175781,129.9562530517578,230277
2018-05-21,101.77758026123047,127.85624694824219,131.0437469482422,127.125,129.71249389648438,260487
2018-05-22,103.47911071777344,129.99374389648438,132.0,127.51875305175781,127.875,346349
2018-05-23,100.8223648071289,126.65625,128.625,124.14375305175781,127.875,626391
2018-05-24,103.10597229003906,129.52499389648438,130.5,127.5,127.96875,334490
2018-05-25,104.16569519042969,130.8562469482422,132.60000610351562,129.375,130.81875610351562,320917
2018-05-28,111.3001480102539,139.81875610351562,142.4250030517578,130.9875030517578,132.1125030517578,1499623
2018-05-29,111.01654815673828,139.46249389648438,143.77499389648438,137.10000610351562,140.625,1017711
2018-05-30,109.97173309326172,138.14999389648438,140.8125,135.1875,140.0625,412141
2018-05-31,111.24040985107422,139.74374389648438,142.125,135.0187530517578,139.46249389648438,1715746
2018-06-01,108.79264831542969,136.6687469482422,141.75,135.0,141.50625610351562,341258
2018-06-04,105.2403335571289,132.2062530517578,139.44375610351562,131.25,137.94375610351562,309522
2018-06-05,94.37451171875,118.5562515258789,133.0500030517578,114.91874694824219,133.0500030517578,829111
2018-06-06,92.2699966430664,115.9124984741211,119.4375,111.375,119.23124694824219,1119063
2018-06-07,97.71784210205078,122.7562484741211,124.38749694824219,117.0,117.0,808847
2018-06-08,99.76263427734375,125.32499694824219,126.75,120.75,121.875,645085
2018-06-11,99.19547271728516,124.61250305175781,125.98124694824219,124.0687484741211,125.98124694824219,273879
2018-06-12,100.32981872558594,126.0374984741211,127.3125,124.3125,125.15625,360055
2018-06-13,97.98648071289062,123.09375,126.75,121.9124984741211,126.63749694824219,288965
2018-06-14,96.38947296142578,121.0875015258789,123.09375,119.88749694824219,123.0,302533
2018-06-15,96.53873443603516,121.2750015258789,124.76249694824219,120.5625,121.1812515258789,367159
2018-06-18,95.06108856201172,119.41874694824219,121.7437515258789,118.38749694824219,121.7437515258789,221143
2018-06-19,93.5386734008789,117.5062484741211,119.17500305175781,116.51249694824219,119.17500305175781,310138
2018-06-20,95.22527313232422,119.625,120.7125015258789,117.76875305175781,117.76875305175781,228535
2018-06-21,94.35958862304688,118.5374984741211,121.76249694824219,118.23750305175781,120.3187484741211,236730
2018-06-22,94.44912719726562,118.6500015258789,121.8187484741211,117.9937515258789,118.98750305175781,373223
2018-06-25,96.18051147460938,120.82499694824219,121.66874694824219,118.4625015258789,118.6500015258789,431325
2018-06-26,94.82228088378906,119.1187515258789,120.63749694824219,118.21875,119.9625015258789,415917
2018-06-27,91.64313507080078,115.125,120.91874694824219,112.5,119.4000015258789,699997
2018-06-28,90.8072738647461,114.07499694824219,118.10624694824219,113.15625,116.0625,292351
2018-06-29,93.44914245605469,117.39375305175781,118.125,114.1500015258789,114.76875305175781,411933
2018-07-02,91.44908905029297,114.8812484741211,118.42500305175781,114.5062484741211,117.375,215330
2018-07-03,89.65802764892578,112.6312484741211,115.48124694824219,110.79374694824219,115.42500305175781,275613
2018-07-04,88.61322021484375,111.3187484741211,113.98124694824219,110.25,112.8187484741211,193661
2018-07-05,85.52363586425781,107.4375,112.5,106.9124984741211,112.0687484741211,325575
2018-07-06,84.64302825927734,106.33125305175781,109.38749694824219,105.375,107.2125015258789,399447
2018-07-09,84.21016693115234,105.7874984741211,108.76875305175781,105.0,106.6875,456226
2018-07-10,82.35941314697266,103.4625015258789,106.4625015258789,102.39375305175781,106.38749694824219,1218925
2018-07-11,82.70268249511719,103.89375305175781,106.7249984741211,102.1500015258789,104.0250015258789,1239034
2018-07-12,94.32972717285156,118.5,121.38749694824219,104.25,105.6937484741211,5816159
2018-07-13,101.35967254638672,127.33125305175781,128.625,116.6624984741211,118.59375,9703053
2018-07-16,95.67303466796875,120.1875,125.51249694824219,118.875,124.5,2127351
2018-07-17,99.25516510009766,124.6875,127.0875015258789,114.86250305175781,119.25,2589826
2018-07-18,97.82231140136719,122.88749694824219,129.0,120.0,124.6875,1216706
2018-07-19,98.88204956054688,124.21875,125.625,120.0374984741211,124.5,649597
2018-07-20,99.1656265258789,124.57499694824219,126.75,121.125,123.7125015258789,662157
2018-07-23,100.41938018798828,126.1500015258789,127.4625015258789,122.26875305175781,124.6875,875645
2018-07-24,103.82241821289062,130.4250030517578,132.75,126.75,126.82499694824219,1488733
2018-07-25,104.6283950805664,131.4375,134.8874969482422,129.52499389648438,131.625,1276530
2018-07-26,104.46419525146484,131.2312469482422,132.84375,130.1999969482422,131.25,283026
2018-07-27,105.25525665283203,132.22500610351562,133.125,131.25,131.5500030517578,399231
2018-07-30,103.64330291748047,130.1999969482422,133.125,129.3937530517578,132.375,350306
2018-07-31,102.95671844482422,129.33749389648438,131.1374969482422,128.9812469482422,130.46249389648438,208261
2018-08-01,105.8970718383789,133.03125,133.91250610351562,128.47500610351562,129.33749389648438,703575
2018-08-02,102.76274108886719,126.63749694824219,134.625,126.0,133.5,644317
2018-08-03,100.41962432861328,123.75,129.0,122.17500305175781,127.42500305175781,406247
2018-08-06,98.56338500976562,121.4625015258789,126.0,121.125,124.125,309402
2018-08-07,96.63106536865234,119.08125305175781,123.26249694824219,118.125,120.9375,471570
2018-08-08,95.67252349853516,117.9000015258789,121.38749694824219,117.11250305175781,119.73750305175781,483306
2018-08-09,98.06129455566406,120.84375,123.65625,118.14375305175781,118.5,521434
2018-08-10,98.6090316772461,121.51875305175781,122.8687515258789,120.75,121.875,326322
2018-08-13,101.5911865234375,125.1937484741211,127.2562484741211,118.98750305175781,121.01249694824219,1269450
2018-08-14,99.44586181640625,122.55000305175781,127.59375,121.125,126.75,1186298
2018-08-16,108.62055969238281,133.8562469482422,137.71875,122.79374694824219,122.79374694824219,4559815
2018-08-17,111.00933074951172,136.8000030517578,138.75,131.8874969482422,133.0124969482422,1462407
2018-08-20,109.04656982421875,134.38125610351562,136.8000030517578,131.4375,135.8249969482422,662829
2018-08-21,109.88343048095703,135.41250610351562,137.6062469482422,133.6875,134.21249389648438,532122
2018-08-23,108.9552993774414,134.2687530517578,136.5,132.0187530517578,134.75625610351562,457378
2018-08-24,106.77952575683594,131.58749389648438,135.0,130.72500610351562,134.625,245111
2018-08-27,107.79893493652344,132.84375,133.875,131.3249969482422,132.33749389648438,238122
2018-08-28,106.6882553100586,131.47500610351562,133.875,130.875,133.125,188791
2018-08-29,106.29264068603516,130.9875030517578,132.41250610351562,129.4499969482422,130.36874389648438,265106
2018-08-30,106.03398895263672,130.6687469482422,131.2312469482422,129.03750610351562,130.83749389648438,158727
2018-08-31,107.60116577148438,132.60000610351562,135.375,125.64375305175781,131.25,1131957
2018-09-03,105.21238708496094,129.65625,133.83749389648438,129.375,133.5,259770
2018-09-04,107.49464416503906,132.46875,135.1875,129.5625,130.64999389648438,1655253
2018-09-05,109.59432220458984,135.05624389648438,138.1687469482422,133.5187530517578,133.78125,1256303
2018-09-06,113.44376373291016,139.8000030517578,140.25,134.625,136.63125610351562,1257599
2018-09-07,111.75487518310547,137.71875,140.625,135.75,140.6062469482422,1015389
2018-09-10,110.09642791748047,135.6750030517578,139.0500030517578,133.5,139.0500030517578,847061
2018-09-11,111.96788787841797,137.9812469482422,142.40625,134.10000610351562,136.3874969482422,1910186
2018-09-12,113.24597930908203,139.55624389648438,140.625,135.78750610351562,138.75,876823
2018-09-14,120.01664733886719,147.89999389648438,148.5,136.83749389648438,139.3125,3649570
2018-09-17,124.70294189453125,153.6750030517578,156.1875,148.125,148.125,4175773
2018-09-18,123.39441680908203,152.0625,157.125,150.78750610351562,154.8937530517578,1036511
2018-09-19,125.79839324951172,155.02499389648438,160.72500610351562,152.25,153.3000030517578,2105149
2018-09-21,118.2213134765625,145.6875,157.9875030517578,125.8499984741211,157.125,3037762
2018-09-24,115.66515350341797,142.53750610351562,146.625,138.3562469482422,145.7062530517578,835141
2018-09-25,116.31939697265625,143.34375,148.03125,140.6999969482422,140.6999969482422,951458
2018-09-26,116.44113159179688,143.49374389648438,146.25,136.03125,142.91250610351562,1414605
2018-09-27,112.92643737792969,139.16250610351562,145.875,138.375,145.125,1040450
2018-09-28,112.45479583740234,138.5812530517578,144.1687469482422,137.4187469482422,139.5,1263642
2018-10-01,109.39652252197266,134.8125,136.91250610351562,132.46875,135.14999389648438,571165
2018-10-03,107.67723846435547,132.69375610351562,137.7937469482422,131.6437530517578,134.625,303453
2018-10-04,100.35877990722656,123.67500305175781,131.21249389648438,121.875,130.46249389648438,876266
2018-10-05,96.17461395263672,118.51875305175781,131.9250030517578,115.125,121.9312515258789,943746
2018-10-08,97.07229614257812,119.625,123.07499694824219,116.25,117.5999984741211,1114789
2018-10-09,97.05709838867188,119.60624694824219,121.5,117.09375,119.25,335741
2018-10-10,101.77375793457031,125.41874694824219,127.2750015258789,120.5625,121.125,434530
2018-10-11,97.93958282470703,120.6937484741211,123.67500305175781,118.875,121.94999694824219,318031
2018-10-12,97.71133422851562,120.4124984741211,125.4375,118.59375,121.875,311775
2018-10-15,102.82362365722656,126.7125015258789,127.5,120.375,120.375,744431
2018-10-16,104.23860931396484,128.4562530517578,131.21249389648438,126.375,127.6500015258789,346530
2018-10-17,104.74073028564453,129.0749969482422,130.2375030517578,127.2750015258789,128.625,214445
2018-10-19,96.22026824951172,118.57499694824219,127.8375015258789,117.54374694824219,127.48124694824219,856231
2018-10-22,93.25333404541016,114.91874694824219,121.76249694824219,114.01875305175781,119.53125,419645
2018-10-23,88.09539794921875,108.5625,116.08125305175781,107.2125015258789,113.26875305175781,444498
2018-10-24,83.7743148803711,103.23750305175781,110.71875,101.4000015258789,110.625,807109
2018-10-25,82.05501556396484,101.1187515258789,104.625,99.375,103.875,369002
2018-10-26,83.57652282714844,102.9937515258789,107.15625,101.1187515258789,103.125,659773
2018-10-29,86.0413589477539,106.03125,108.3375015258789,103.21875,103.875,459341
2018-10-30,87.1824951171875,107.4375,110.2125015258789,106.125,106.125,284642
2018-10-31,93.89234161376953,115.70625305175781,117.375,107.625,109.125,887173
2018-11-01,94.56182098388672,116.53125,118.10624694824219,114.65625,116.25,290469
2018-11-02,93.9075698852539,115.7249984741211,117.5062484741211,113.64375305175781,117.5062484741211,271861
2018-11-05,95.09434509277344,117.1875,120.75,116.0062484741211,117.375,545466
2018-11-06,97.49832916259766,120.1500015258789,122.25,117.16874694824219,117.30000305175781,430063
2018-11-07,100.34355163574219,123.65625,124.2750015258789,121.125,121.19999694824219,302607
2018-11-09,101.94113159179688,125.625,127.0687484741211,123.7874984741211,124.875,272805
2018-11-12,102.88446807861328,126.7874984741211,128.9250030517578,123.09375,126.375,284751
2018-11-13,103.4091567993164,125.64375305175781,126.5625,123.4124984741211,125.15625,195986
2018-11-14,103.47088623046875,125.71875,127.8187484741211,125.4375,125.64375305175781,350834
2018-11-15,103.44001770019531,125.6812515258789,128.25,123.4124984741211,124.19999694824219,389709
2018-11-16,102.29805755615234,124.29374694824219,129.0,123.375,124.29374694824219,268589
2018-11-19,100.19932556152344,121.7437515258789,125.4937515258789,120.82499694824219,124.61250305175781,224498
2018-11-20,98.40923309326172,119.5687484741211,121.875,118.125,121.7437515258789,161223
2018-11-21,95.26111602783203,115.7437515258789,120.8062515258789,113.6812515258789,119.5687484741211,273869
2018-11-22,97.31354522705078,118.23750305175781,119.8125,115.875,115.875,288687
2018-11-26,98.08515930175781,119.17500305175781,120.75,115.94999694824219,118.5,726994
2018-11-27,95.94010925292969,116.5687484741211,120.0,116.1187515258789,119.25,187183
2018-11-28,94.67469787597656,115.03125,118.01249694824219,114.07499694824219,117.5062484741211,164093
2018-11-29,94.42777252197266,114.73124694824219,119.25,114.0,116.04374694824219,1211333
2018-11-30,94.56668853759766,114.9000015258789,117.0,114.54374694824219,115.6500015258789,183437
2018-12-03,93.0543441772461,113.0625,116.15625,112.85624694824219,114.9375,247693
2018-12-04,93.48643493652344,113.5875015258789,115.7249984741211,112.875,114.2437515258789,337053
2018-12-05,92.12843322753906,111.9375,113.4000015258789,110.625,113.4000015258789,332495
2018-12-06,96.12529754638672,116.79374694824219,118.0875015258789,112.5,112.5,1255354
2018-12-07,96.325927734375,117.0374984741211,119.23124694824219,115.21875,116.8125,361909
2018-12-10,94.16544342041016,114.4124984741211,115.125,110.625,112.5,303271
2018-12-11,97.34442901611328,118.2750015258789,118.6500015258789,111.6187515258789,111.63749694824219,485602
2018-12-12,98.14688873291016,119.25,120.30000305175781,117.5250015258789,118.3125,351962
2018-12-13,98.16230773925781,119.26875305175781,120.7125015258789,118.19999694824219,120.0,360458
2018-12-14,98.1005859375,119.1937484741211,120.75,118.19999694824219,119.26875305175781,348626
2018-12-17,97.31354522705078,118.23750305175781,120.73124694824219,117.7874984741211,119.3062515258789,175906
2018-12-18,96.14073181152344,116.8125,118.6312484741211,116.51249694824219,118.3125,213834
2018-12-19,95.35370635986328,115.85624694824219,118.5,114.75,117.375,264567
2018-12-20,94.28889465332031,114.5625,117.20625305175781,114.375,115.875,188135
2018-12-21,93.08521270751953,113.0999984741211,115.7437515258789,112.875,115.0875015258789,178957
2018-12-24,93.13151550292969,113.15625,114.16874694824219,112.51875305175781,113.32499694824219,152205
2018-12-26,92.02041625976562,111.8062515258789,112.6500015258789,110.98124694824219,112.0687484741211,117914
2018-12-27,92.93089294433594,112.9124984741211,114.86250305175781,112.5,113.25,262770
2018-12-28,92.62226104736328,112.5374984741211,114.16874694824219,112.14375305175781,112.9124984741211,242154
2018-12-31,93.40928649902344,113.4937515258789,114.375,112.89375305175781,113.25,114391
2019-01-01,93.34754180908203,113.41874694824219,114.0,112.57499694824219,113.73750305175781,96615
2019-01-02,93.06980895996094,113.08125305175781,115.42500305175781,112.6312484741211,113.5687484741211,199295
2019-01-03,91.12537384033203,110.71875,113.625,110.625,113.08125305175781,297090
2019-01-04,91.21797180175781,110.83125305175781,112.125,110.25,111.0,214202
2019-01-07,91.27969360351562,110.90625,113.0250015258789,110.625,112.125,95757
2019-01-08,95.16853332519531,115.6312484741211,116.4375,110.36250305175781,110.625,699109
2019-01-09,94.16544342041016,114.4124984741211,116.8125,112.94999694824219,116.25,247735
2019-01-10,92.02041625976562,111.8062515258789,115.01249694824219,111.09375,115.01249694824219,206423
2019-01-11,91.8352279663086,111.58125305175781,113.625,110.8125,112.125,281535
2019-01-14,91.7271957397461,111.44999694824219,112.5,110.6624984741211,111.0374984741211,167717
2019-01-15,94.1500244140625,114.39375305175781,114.91874694824219,111.375,111.375,282730
2019-01-16,94.72099304199219,115.0875015258789,116.1937484741211,113.98124694824219,114.67500305175781,205693
2019-01-17,96.41851043701172,117.1500015258789,124.5,115.125,115.125,3118343
2019-01-18,94.4895248413086,114.8062515258789,118.0875015258789,114.0,117.3375015258789,365237
2019-01-21,96.63455200195312,117.4124984741211,119.0250015258789,112.875,114.75,582021
2019-01-22,97.79194641113281,118.8187484741211,120.86250305175781,116.25,117.4124984741211,357237
2019-01-23,99.18082427978516,120.5062484741211,122.0625,118.3125,118.3125,506981
2019-01-24,99.07278442382812,120.375,121.8375015258789,118.7437515258789,121.8375015258789,184181
2019-01-25,98.23947143554688,119.36250305175781,121.875,117.2249984741211,120.65625,311314
2019-01-28,97.59134674072266,118.57499694824219,120.75,115.9312515258789,119.8125,351543
2019-01-29,97.82279968261719,118.85624694824219,119.4749984741211,117.07499694824219,118.125,107906
2019-01-30,101.125244140625,122.8687515258789,130.5,117.9000015258789,117.9000015258789,165317
2019-01-31,99.08822631835938,120.39375305175781,122.6812515258789,119.5875015258789,120.9749984741211,119823
2019-02-01,100.80116271972656,122.4749984741211,123.75,119.4937515258789,120.0374984741211,392847
2019-02-04,100.30733489990234,121.875,123.375,121.125,121.8375015258789,130823
2019-02-05,100.41536712646484,122.0062484741211,122.98124694824219,121.29374694824219,121.5,70965
2019-02-06,100.78572845458984,122.45625305175781,124.6500015258789,118.9124984741211,124.125,703869
2019-02-07,101.49560546875,123.3187484741211,124.6500015258789,122.3062515258789,122.45625305175781,425717
2019-02-08,102.94619750976562,125.08125305175781,126.54374694824219,121.7249984741211,123.09375,375050
2019-02-11,100.60054779052734,122.23124694824219,125.08125305175781,120.9000015258789,124.51875305175781,335583
2019-02-12,101.9431381225586,123.86250305175781,125.41874694824219,121.875,122.23124694824219,189055
2019-02-14,102.65299224853516,124.7249984741211,126.4124984741211,122.08125305175781,126.0,161973
2019-02-15,101.80424499511719,123.6937484741211,126.375,121.9124984741211,124.6500015258789,470381
2019-02-18,100.7239990234375,122.3812484741211,123.75,121.14375305175781,123.6937484741211,129698
2019-02-19,103.36286163330078,125.5875015258789,126.375,121.98750305175781,123.75,361573
2019-02-20,106.3720703125,129.24374389648438,132.375,125.5687484741211,125.60624694824219,1309314
2019-02-21,104.45852661132812,126.91874694824219,131.625,126.01875305175781,130.125,1235053
2019-02-22,103.98013305664062,126.3375015258789,128.8312530517578,125.6812515258789,126.0,148813
2019-02-25,105.41531372070312,128.0812530517578,129.375,126.46875,127.2562484741211,820693
2019-02-26,105.86282348632812,128.625,129.9375,125.5687484741211,127.125,1314335
2019-02-27,103.99556732177734,126.35624694824219,130.6875,125.36250305175781,128.6999969482422,1064282
2019-02-28,104.35049438476562,126.7874984741211,128.38125610351562,125.6624984741211,126.75,238610
2019-03-01,104.9214859008789,127.48124694824219,129.33749389648438,126.5625,127.6875,868823
2019-03-05,105.01409149169922,127.59375,130.125,127.0687484741211,127.0875015258789,298810
2019-03-06,103.82583618164062,126.1500015258789,129.0,125.69999694824219,127.875,258575
2019-03-07,104.61285400390625,127.10624694824219,128.5500030517578,126.11250305175781,127.33125305175781,171765
2019-03-08,102.17460632324219,124.14375305175781,127.5,123.75,127.5,171989
2019-03-11,102.60669708251953,124.66874694824219,125.13749694824219,123.75,123.75,621477
2019-03-12,102.3752212524414,124.38749694824219,127.03125,123.75,125.55000305175781,204383
2019-03-13,101.48017883300781,123.30000305175781,125.8125,121.875,125.13749694824219,518210
2019-03-14,101.92769622802734,123.84375,125.25,122.83125305175781,123.46875,194850
2019-03-15,99.52032470703125,120.91874694824219,124.875,119.25,124.80000305175781,208447
2019-03-18,99.05735778808594,120.35624694824219,122.04374694824219,120.0,121.4437484741211,137538
2019-03-19,99.38143920898438,120.75,122.8687515258789,119.4375,120.375,292535
2019-03-20,101.88140106201172,123.7874984741211,125.41874694824219,121.125,121.4625015258789,602005
2019-03-22,102.59129333496094,124.6500015258789,127.875,123.84375,124.9312515258789,312871
2019-03-25,101.03263854980469,122.7562484741211,124.5,121.96875,123.75,247730
2019-03-26,102.0511474609375,123.9937515258789,125.15625,122.26875305175781,122.4000015258789,217967
2019-03-27,104.27334594726562,126.6937484741211,127.125,124.3125,124.3125,256791
2019-03-28,103.44001770019531,125.6812515258789,129.97500610351562,125.0625,127.5,492639
2019-04-01,105.36898803710938,128.02499389648438,129.0749969482422,127.48124694824219,127.5,162389
2019-04-02,107.49861145019531,130.6125030517578,131.2312469482422,127.70625305175781,128.19375610351562,575794
2019-04-03,108.73318481445312,132.1125030517578,136.53750610351562,130.6875,133.125,1011965
2019-04-04,106.74246215820312,129.69375610351562,131.94375610351562,127.875,130.7624969482422,327239
2019-04-05,106.92764282226562,129.9187469482422,131.25,129.375,129.97500610351562,137471
2019-04-08,107.00479125976562,130.0124969482422,130.9875030517578,128.56875610351562,130.875,327229
2019-04-09,104.79802703857422,127.33125305175781,130.63125610351562,124.98750305175781,129.7687530517578,359957
2019-04-10,104.5511245727539,127.03125,128.4375,125.8125,126.7874984741211,161799
2019-04-11,102.9616470336914,125.0999984741211,127.875,123.91874694824219,126.75,125751
2019-04-12,103.34742736816406,125.5687484741211,126.3375015258789,124.0687484741211,125.15625,93634
2019-04-15,104.45852661132812,126.91874694824219,128.00625610351562,125.41874694824219,126.3187484741211,77229
2019-04-16,104.64370727539062,127.14375305175781,128.94375610351562,126.75,127.875,81167
2019-04-18,102.83818817138672,124.94999694824219,127.98750305175781,124.125,126.375,134357
2019-04-22,102.00484466552734,123.9375,125.71875,122.6624984741211,125.625,182922
2019-04-23,101.00177001953125,122.71875,124.40625,122.25,122.6624984741211,178727
2019-04-24,102.02030944824219,123.95625305175781,124.9312515258789,122.6624984741211,123.54374694824219,123386
2019-04-25,102.51411437988281,124.5562515258789,125.23124694824219,123.75,123.9749984741211,79322
2019-04-26,101.88140106201172,123.7874984741211,126.0,122.625,125.17500305175781,70941
2019-04-30,102.26720428466797,124.2562484741211,125.625,122.0062484741211,122.6624984741211,146343
2019-05-02,102.22089385986328,124.19999694824219,125.25,123.75,123.75,74098
2019-05-03,101.24869537353516,123.01875305175781,125.4000015258789,121.1812515258789,125.4000015258789,187477
2019-05-06,101.80424499511719,123.6937484741211,125.55000305175781,120.58125305175781,121.875,317367
2019-05-07,105.09123992919922,127.6875,129.5812530517578,123.75,124.19999694824219,472626
2019-05-08,104.35049438476562,126.7874984741211,130.125,124.9124984741211,130.125,184066
2019-05-09,102.76100158691406,124.85624694824219,126.375,124.3687515258789,126.375,97101
2019-05-10,102.73014068603516,124.8187484741211,125.625,123.76875305175781,123.76875305175781,94199
2019-05-13,104.87519836425781,127.42500305175781,128.25,124.5,125.4749984741211,264690
2019-05-14,104.95235443115234,127.51875305175781,128.2312469482422,124.5,127.125,91733
2019-05-15,103.56349182128906,125.83125305175781,128.1374969482422,125.25,127.875,73119
2019-05-16,102.74559020996094,124.8375015258789,129.75,123.5250015258789,125.71875,320293
2019-05-17,102.60669708251953,124.66874694824219,125.8125,124.1624984741211,124.875,154874
2019-05-20,103.68692016601562,125.98124694824219,129.0,124.6875,129.0,107098
2019-05-21,102.14375305175781,124.10624694824219,126.0562515258789,123.75,126.0,109714
2019-05-22,103.4245834350586,125.6624984741211,127.125,123.48750305175781,125.5875015258789,167893
2019-05-23,103.37828826904297,125.60624694824219,127.875,124.21875,127.875,97879
2019-05-24,103.87213134765625,126.20625305175781,127.8187484741211,125.13749694824219,127.8187484741211,65642
2019-05-27,105.09123992919922,127.6875,129.3000030517578,126.2437515258789,126.375,114325
2019-05-28,108.37823486328125,131.68124389648438,133.125,127.2562484741211,128.625,592426
2019-05-29,109.27327728271484,132.7687530517578,134.4187469482422,132.24374389648438,132.375,249594
2019-05-30,109.41217041015625,132.9375,133.16250610351562,131.625,132.375,107247
2019-05-31,110.0911636352539,133.7624969482422,135.0,131.8125,133.125,309101
2019-06-03,107.05110931396484,130.06875610351562,135.0,129.375,135.0,190610
2019-06-04,107.82269287109375,131.00625610351562,132.75,129.8249969482422,130.06875610351562,159413
2019-06-06,108.70230102539062,132.0749969482422,132.9375,130.21875,132.0,161965
2019-06-07,109.78253936767578,133.3874969482422,134.47500610351562,131.96249389648438,134.47500610351562,261618
2019-06-10,109.25782775878906,132.75,134.85000610351562,132.1875,133.16250610351562,156445
2019-06-11,109.52020263671875,133.06875610351562,133.5,131.71875,132.75,187914
2019-06-12,109.19612121582031,132.6750030517578,134.2687530517578,130.875,134.25,176935
2019-06-13,110.33808135986328,134.0625,134.58749389648438,131.5124969482422,132.6750030517578,187487
2019-06-14,110.16831970214844,133.8562469482422,135.0,132.84375,132.84375,150210
2019-06-17,108.60969543457031,131.96249389648438,134.0812530517578,130.875,132.5437469482422,179938
2019-06-18,107.66836547851562,130.81875610351562,132.65625,130.46249389648438,131.96249389648438,131503
2019-06-19,106.85047912597656,129.8249969482422,131.25,128.3249969482422,130.63125610351562,107778
2019-06-20,108.1313247680664,131.38125610351562,132.50625610351562,127.875,127.875,212858
2019-06-21,107.20540618896484,130.25625610351562,133.875,128.96249389648438,131.7375030517578,330189
2019-06-24,107.74552154541016,130.91250610351562,133.1062469482422,129.69375610351562,130.4812469482422,146959
2019-06-25,108.40910339355469,131.71875,133.1062469482422,130.63125610351562,131.2312469482422,174775
2019-06-26,107.28257751464844,130.35000610351562,131.66250610351562,129.3937530517578,130.8562469482422,139450
2019-06-27,107.97700500488281,131.19375610351562,131.8874969482422,129.4875030517578,131.02499389648438,160170
2019-06-28,107.83810424804688,131.02499389648438,132.0,130.1437530517578,131.25,120591
2019-07-01,108.2238998413086,131.49374389648438,132.75,130.125,130.875,96813
2019-07-02,109.0726547241211,132.52499389648438,132.75,130.1999969482422,132.75,161026
2019-07-03,108.99549865722656,132.43124389648438,133.125,131.02499389648438,132.75,90607
2019-07-04,108.59427642822266,131.94375610351562,132.75,131.25,132.1875,80362
2019-07-05,108.67143249511719,132.03750610351562,133.46249389648438,131.15625,133.08749389648438,126765
2019-07-08,110.06031036376953,133.72500610351562,135.75,132.84375,133.125,561413
2019-07-09,110.78559112548828,134.6062469482422,135.14999389648438,132.4875030517578,133.64999389648438,402557
2019-07-10,108.33193969726562,131.625,135.6750030517578,131.15625,135.6750030517578,198007
2019-07-11,106.78874206542969,129.75,132.9562530517578,128.86874389648438,132.375,214042
2019-07-12,108.84117889404297,132.24374389648438,132.9375,129.75,129.75,208125
2019-07-15,107.05110931396484,130.06875610351562,133.125,129.0,133.125,150135
2019-07-16,106.31037139892578,129.1687469482422,131.0625,128.625,130.1062469482422,114533
2019-07-17,108.60969543457031,131.96249389648438,134.10000610351562,129.28125,129.28125,309621
2019-07-18,108.36280822753906,131.66250610351562,132.33749389648438,129.8249969482422,131.25,108519
2019-07-19,105.6004867553711,128.30624389648438,131.6999969482422,127.5374984741211,131.6437530517578,134509
2019-07-22,103.96471405029297,126.3187484741211,128.90625,122.3812484741211,128.30624389648438,244247
2019-07-23,104.13445281982422,126.5250015258789,127.3687515258789,124.125,127.3687515258789,129183
2019-07-24,101.0943832397461,122.83125305175781,126.6937484741211,122.2874984741211,126.6937484741211,191431
2019-07-25,101.64991760253906,123.5062484741211,123.91874694824219,121.66874694824219,122.83125305175781,161525
2019-07-26,101.98941802978516,123.91874694824219,124.8375015258789,121.7437515258789,122.83125305175781,160466
2019-07-29,102.40608978271484,124.42500305175781,124.61250305175781,122.4375,124.125,190170
2019-07-30,101.22010040283203,120.01875305175781,121.61250305175781,119.625,120.75,185730
2019-07-31,101.5363540649414,120.39375305175781,121.40625,115.19999694824219,120.73124694824219,264066
2019-08-01,98.54766845703125,116.8499984741211,121.125,115.89375305175781,121.125,203871
2019-08-02,100.06573486328125,118.6500015258789,119.13749694824219,113.73750305175781,114.82499694824219,169066
2019-08-05,98.51603698730469,116.8125,119.13749694824219,113.625,118.3499984741211,142349
2019-08-06,99.81272888183594,118.3499984741211,119.0625,115.96875,117.20625305175781,106338
2019-08-07,99.70204162597656,118.21875,119.625,116.51249694824219,116.51249694824219,307029
2019-08-08,102.86466217041016,121.96875,123.01875305175781,118.4437484741211,118.875,213837
2019-08-09,106.88121795654297,126.73124694824219,129.375,122.0062484741211,122.0062484741211,492493
2019-08-13,105.31571197509766,124.875,127.48124694824219,122.45625305175781,127.38749694824219,520357
2019-08-14,101.14102935791016,119.92500305175781,124.875,119.3062515258789,123.75,198090
2019-08-16,100.72989654541016,119.4375,120.73124694824219,116.625,120.0,305725
2019-08-19,102.15306854248047,121.125,121.8375015258789,117.86250305175781,121.6875,171997
2019-08-20,101.4256591796875,120.26249694824219,121.8375015258789,118.125,119.08125305175781,236445
2019-08-21,99.55973052978516,118.05000305175781,121.61250305175781,117.0,120.75,140397
2019-08-22,99.63877868652344,118.14375305175781,118.78125,115.66874694824219,117.20625305175781,285093
2019-08-23,99.86016845703125,118.40625,119.3062515258789,117.0,118.7249984741211,182090
2019-08-26,99.90760040283203,118.4625015258789,118.875,117.1875,118.875,990485
2019-08-27,100.0499267578125,118.6312484741211,119.60624694824219,117.01875305175781,118.125,418053
2019-08-28,100.49269104003906,119.15625,120.11250305175781,117.9375,118.5,777378
2019-08-29,99.65458679199219,118.1624984741211,119.88749694824219,117.75,118.875,89965
2019-08-30,97.37751007080078,115.4625015258789,118.19999694824219,114.75,117.7874984741211,381773
2019-09-03,99.0062484741211,117.39375305175781,118.125,115.4625015258789,118.125,142991
2019-09-04,96.34965515136719,114.2437515258789,117.375,113.0999984741211,116.25,288962
2019-09-05,94.57857513427734,112.14375305175781,116.15625,110.71875,114.20625305175781,484541
2019-09-06,93.0130615234375,110.2874984741211,113.9437484741211,109.89375305175781,113.9437484741211,269037
2019-09-09,96.42870330810547,114.3375015258789,114.75,108.7874984741211,111.0562515258789,382810
2019-09-11,96.77660369873047,114.75,116.3812484741211,113.71875,114.75,197770
2019-09-12,98.0416488647461,116.25,116.88749694824219,114.1875,115.4625015258789,291010
2019-09-13,98.9429931640625,117.3187484741211,117.75,114.0,116.25,186037
2019-09-16,98.6741714477539,117.0,117.375,114.82499694824219,116.36250305175781,185797
2019-09-17,98.15235137939453,116.3812484741211,117.375,115.5562515258789,117.3375015258789,160282
2019-09-18,101.23590850830078,120.0374984741211,120.75,115.6500015258789,117.375,655623
2019-09-19,98.6741714477539,117.0,120.375,114.75,120.3375015258789,227221
2019-09-20,99.93923950195312,118.5,119.5875015258789,115.1624984741211,115.3125,275429
2019-09-23,102.02656555175781,120.9749984741211,121.875,116.36250305175781,119.25,360807
2019-09-24,101.78936767578125,120.6937484741211,121.4625015258789,118.96875,121.4625015258789,384634
2019-09-25,100.96709442138672,119.71875,121.5,119.1937484741211,121.5,125525
2019-09-26,101.1093978881836,119.88749694824219,121.2750015258789,117.86250305175781,119.8125,106218
2019-09-27,96.31800842285156,114.20625305175781,121.2562484741211,114.0374984741211,119.88749694824219,302234
2019-09-30,104.66737365722656,124.10624694824219,127.125,114.75,116.6624984741211,1832743
2019-10-01,98.97462463378906,117.35624694824219,123.9749984741211,116.90625,123.9749984741211,417109
2019-10-03,98.99044036865234,117.375,118.1812515258789,114.375,117.0,199485
2019-10-04,96.1756820678711,114.0374984741211,117.9000015258789,113.3062515258789,117.9000015258789,191157
2019-10-07,93.02886962890625,110.3062515258789,114.75,108.75,114.5250015258789,475882
2019-10-09,92.68099212646484,109.89375305175781,112.5,106.875,110.6624984741211,579701
2019-10-10,92.96561431884766,110.23124694824219,111.3187484741211,108.09375,109.5374984741211,173997
2019-10-11,95.78035736083984,113.5687484741211,114.9375,110.4937515258789,111.375,384114
2019-10-14,95.41665649414062,113.13749694824219,115.23750305175781,111.4312515258789,112.57499694824219,111431
2019-10-15,94.45205688476562,111.9937515258789,113.92500305175781,111.0,113.79374694824219,140271
2019-10-16,93.96186065673828,111.4124984741211,113.60624694824219,111.07499694824219,112.5,177637
2019-10-17,93.45584106445312,110.8125,112.48124694824219,109.96875,111.4124984741211,185967
2019-10-18,98.62672424316406,116.9437484741211,117.9375,111.0,111.75,333986
2019-10-22,100.68242645263672,119.3812484741211,122.0625,115.33125305175781,115.51875305175781,452237
2019-10-23,98.72162628173828,117.0562515258789,120.30000305175781,116.25,119.3812484741211,239469
2019-10-24,98.45279693603516,116.73750305175781,118.5,115.9124984741211,115.98750305175781,235882
2019-10-25,98.84813690185547,117.20625305175781,119.17500305175781,116.4937515258789,117.0,125338
2019-10-27,100.3661880493164,119.0062484741211,119.625,118.125,118.40625,40906
2019-10-29,100.38199615478516,119.0250015258789,120.30000305175781,117.44999694824219,117.84375,177303
2019-10-30,99.9866714477539,118.5562515258789,120.75,118.125,120.09375,221677
2019-10-31,98.99044036865234,117.375,123.5625,116.0062484741211,123.0,692157
2019-11-01,98.51603698730469,116.8125,119.0250015258789,116.2874984741211,117.5999984741211,239487
2019-11-04,99.46483612060547,117.9375,119.32499694824219,117.01875305175781,117.01875305175781,282775
2019-11-05,99.27507019042969,117.7125015258789,119.4375,117.0374984741211,118.23750305175781,222458
2019-11-06,98.97462463378906,117.35624694824219,118.42500305175781,116.4375,118.42500305175781,340853
2019-11-07,99.11962127685547,115.3687515258789,117.3187484741211,114.75,116.92500305175781,225693
2019-11-08,98.136962890625,114.2249984741211,116.25,113.625,114.4124984741211,215749
2019-11-11,100.50499725341797,116.98124694824219,117.375,113.26875305175781,115.4625015258789,355253
2019-11-13,98.76522064208984,114.95625305175781,117.5625,114.6187515258789,117.5625,236469
2019-11-14,98.62023162841797,114.7874984741211,116.625,114.39375305175781,115.4625015258789,203055
2019-11-15,98.16917419433594,114.26249694824219,115.4625015258789,113.4749984741211,115.4625015258789,197402
2019-11-18,97.58924865722656,113.5875015258789,115.0687484741211,112.76249694824219,115.05000305175781,181071
2019-11-19,97.0576400756836,112.96875,114.28125,111.8812484741211,112.9312515258789,161895
2019-11-20,97.10595703125,113.0250015258789,113.7750015258789,111.5625,111.5625,166663
2019-11-21,97.52481842041016,113.51249694824219,113.83125305175781,112.10624694824219,113.73750305175781,166631
2019-11-22,96.38105010986328,112.1812515258789,114.2249984741211,111.75,113.53125,150055
2019-11-25,97.89531707763672,113.9437484741211,114.375,111.01875305175781,112.51875305175781,179615
2019-11-26,98.76522064208984,114.95625305175781,115.5,113.0625,114.375,263999
2019-11-27,97.65367889404297,113.6624984741211,115.05000305175781,112.875,114.86250305175781,72255
2019-11-28,98.84575653076172,115.05000305175781,115.8375015258789,113.6812515258789,114.9000015258789,72658
2019-11-29,100.1022720336914,116.51249694824219,117.0,115.05000305175781,115.05000305175781,397543
2019-12-02,98.16917419433594,114.26249694824219,116.98124694824219,114.0,116.625,80751
2019-12-03,97.33149719238281,113.2874984741211,114.9000015258789,111.86250305175781,114.6187515258789,251079
2019-12-04,96.7515640258789,112.61250305175781,114.63749694824219,111.75,114.63749694824219,91855
2019-12-05,96.71934509277344,112.57499694824219,113.3812484741211,112.14375305175781,112.14375305175781,101199
2019-12-06,96.2844009399414,112.0687484741211,113.25,111.82499694824219,112.59375,81775
2019-12-09,95.25341033935547,110.8687515258789,113.2125015258789,110.26875305175781,113.2125015258789,314906
2019-12-10,96.23606872558594,112.01249694824219,112.29374694824219,109.7437515258789,111.07499694824219,235482
2019-12-11,95.73668670654297,111.4312515258789,112.875,110.53125,112.875,349895
2019-12-12,95.15675354003906,110.7562484741211,112.1624984741211,110.625,111.07499694824219,89146
2019-12-13,95.97832489013672,111.7125015258789,112.10624694824219,110.15625,110.25,116103
2019-12-16,96.5904769897461,112.42500305175781,115.125,111.5625,111.5625,256074
2019-12-17,97.21875,113.15625,114.26249694824219,112.3687515258789,112.5,69895
2019-12-18,97.39594268798828,113.36250305175781,115.5,112.3125,113.5687484741211,531621
2019-12-19,97.0415267944336,112.94999694824219,114.16874694824219,111.76875305175781,112.5,127114
2019-12-20,99.02295684814453,115.2562484741211,117.0,113.90625,114.375,418933
2019-12-23,98.20140075683594,114.30000305175781,116.25,113.625,116.25,179482
2019-12-24,99.16792297363281,115.42500305175781,117.0,113.625,114.30000305175781,177021
2019-12-26,98.84575653076172,115.05000305175781,116.92500305175781,114.5625,114.7874984741211,101301
2019-12-27,98.24971008300781,114.35624694824219,115.6312484741211,113.2874984741211,115.5,69861
2019-12-30,97.78255462646484,113.8125,115.48124694824219,113.64375305175781,115.4625015258789,171255
2019-12-31,99.61898803710938,115.94999694824219,116.625,114.20625305175781,114.3187484741211,134271
2020-01-01,100.77886962890625,117.30000305175781,118.125,115.66874694824219,116.4375,189922
2020-01-02,101.10104370117188,117.67500305175781,118.76249694824219,117.09375,117.75,167631
2020-01-03,100.79497528076172,117.3187484741211,120.6937484741211,116.6812515258789,118.38749694824219,406391
2020-01-06,100.19892883300781,116.625,118.125,116.25,117.9375,168130
2020-01-07,100.6016616821289,117.09375,118.4437484741211,116.625,117.7125015258789,114994
2020-01-08,98.76522064208984,114.95625305175781,116.5875015258789,114.375,116.25,137746
2020-01-09,101.26214599609375,117.86250305175781,118.3125,115.3499984741211,116.9625015258789,143242
2020-01-10,101.13323974609375,117.7125015258789,119.6812515258789,116.32499694824219,116.32499694824219,160994
2020-01-13,101.922607421875,118.6312484741211,119.625,117.75,118.4625015258789,134727
2020-01-14,102.18035888671875,118.9312515258789,120.375,118.4625015258789,119.4375,111821
2020-01-15,103.13079833984375,120.0374984741211,120.75,118.875,118.9312515258789,200661
2020-01-16,104.90278625488281,122.0999984741211,123.3375015258789,119.625,120.75,348290
2020-01-17,103.90403747558594,120.9375,123.6187515258789,120.375,122.71875,110538
2020-01-20,106.67481231689453,124.1624984741211,126.375,120.0,120.9749984741211,821306
2020-01-21,107.06143188476562,124.61250305175781,125.08125305175781,121.5,123.2249984741211,222477
2020-01-22,107.12586975097656,124.6875,125.8125,123.5250015258789,125.51249694824219,115783
2020-01-23,107.09364318847656,124.6500015258789,126.0,123.7874984741211,125.17500305175781,144357
2020-01-24,110.26714324951172,128.34375,130.4250030517578,124.14375305175781,125.25,919549
2020-01-27,111.9263687133789,130.27499389648438,131.625,126.75,128.25,642642
2020-01-28,112.9573745727539,131.47500610351562,132.89999389648438,129.33749389648438,130.27499389648438,371210
2020-01-29,112.8284912109375,131.3249969482422,132.75,129.78750610351562,131.47500610351562,228866
2020-01-30,111.12093353271484,129.33749389648438,132.05624389648438,128.6062469482422,130.5749969482422,136831
2020-01-31,108.09239959716797,125.8125,130.125,123.84375,129.28125,116237
2020-02-03,108.36626434326172,126.1312484741211,128.19375610351562,124.94999694824219,128.1374969482422,103610
2020-02-04,110.63765716552734,128.77499389648438,130.18124389648438,124.05000305175781,126.1312484741211,185983
2020-02-05,108.6723403930664,126.48750305175781,129.41250610351562,126.0,129.375,96911
2020-02-06,110.55711364746094,128.68124389648438,129.375,125.51249694824219,125.51249694824219,123973
2020-02-07,111.08870697021484,129.3000030517578,130.5,126.84375,129.3000030517578,184501
2020-02-10,110.25104522705078,128.3249969482422,130.5,127.51875305175781,129.3000030517578,101847
2020-02-11,107.99575805664062,125.69999694824219,130.46249389648438,124.70625305175781,128.3249969482422,391818
2020-02-12,110.23492431640625,128.30624389648438,128.625,124.89375305175781,125.32499694824219,296517
2020-02-13,108.591796875,126.39375305175781,128.6999969482422,126.1875,128.625,99757
2020-02-14,108.23738098144531,125.98124694824219,127.8375015258789,125.625,125.625,125573
2020-02-17,108.97842407226562,126.84375,128.86874389648438,125.1187515258789,126.0,279418
2020-02-18,108.51126098632812,126.30000305175781,127.7437515258789,124.5374984741211,126.0,275242
2020-02-19,107.49636840820312,125.1187515258789,128.1750030517578,124.3499984741211,127.85624694824219,214853
2020-02-20,109.36503601074219,127.29374694824219,128.625,121.875,124.78125,348509
2020-02-24,108.23738098144531,125.98124694824219,128.625,124.3125,126.75,203626
2020-02-25,108.33404541015625,126.09375,128.25,125.3812484741211,127.5,218303
2020-02-26,110.49266815185547,128.6062469482422,131.21249389648438,123.7874984741211,126.0,1200807
2020-02-27,111.04037475585938,129.24374389648438,133.1062469482422,127.5562515258789,130.08749389648438,327706
2020-02-28,107.91521453857422,125.60624694824219,128.625,123.9749984741211,128.625,375013
2020-03-02,107.41582489013672,125.0250015258789,128.71875,123.75,126.2437515258789,327069
2020-03-03,109.9610824584961,127.98750305175781,128.4375,125.7750015258789,125.7750015258789,516519
2020-03-04,108.75287628173828,126.58125305175781,128.625,125.625,128.625,319674
2020-03-05,109.4455795288086,127.38749694824219,128.625,125.625,128.625,312415
2020-03-06,110.00088500976562,122.5687484741211,122.8125,116.25,121.875,282578
2020-03-09,104.71707153320312,116.6812515258789,120.0,110.64375305175781,119.4000015258789,353402
2020-03-11,99.09669494628906,110.41874694824219,117.0,109.3125,116.8125,521085
2020-03-12,88.12522888183594,98.1937484741211,106.875,93.46875,105.375,530991
2020-03-13,83.63231658935547,93.1875,101.60624694824219,78.5625,86.625,435143
2020-03-16,76.88451385498047,85.66874694824219,95.60624694824219,84.75,90.0,439805
2020-03-17,75.48783111572266,84.11250305175781,89.26875305175781,83.55000305175781,87.75,327261
2020-03-18,68.72321319580078,76.57499694824219,86.51249694824219,75.375,84.375,466877
2020-03-19,62.98506164550781,70.1812515258789,75.0,69.01875305175781,74.98124694824219,526018
2020-03-20,61.16769790649414,68.15625,74.13749694824219,65.625,70.1624984741211,689813
2020-03-23,55.0593376159668,61.349998474121094,66.9937515258789,61.349998474121094,66.9937515258789,222266
2020-03-24,53.20832061767578,59.287498474121094,60.01874923706055,55.21875,55.21875,1388207
2020-03-25,58.307029724121094,64.96875,65.2125015258789,59.64374923706055,59.64374923706055,327282
2020-03-26,59.350337982177734,66.1312484741211,71.45625305175781,63.01874923706055,68.15625,440485
2020-03-27,57.970481872558594,64.59375,70.5,63.75,70.42500305175781,287677
2020-03-30,54.79008865356445,61.04999923706055,63.75,60.01874923706055,61.875,326810
2020-03-31,55.261268615722656,61.57500076293945,63.73125076293945,60.037498474121094,60.037498474121094,750311
2020-04-01,56.472843170166016,62.92499923706055,67.03125,61.125,63.712501525878906,936279
2020-04-03,54.77327346801758,61.03125,65.625,60.0,65.625,290181
2020-04-07,57.785377502441406,64.38749694824219,65.2125015258789,60.037498474121094,60.037498474121094,233399
2020-04-08,58.49213790893555,65.17500305175781,68.71875,64.1812515258789,65.25,267669
2020-04-09,60.427284240722656,67.33125305175781,70.6875,66.44999694824219,67.42500305175781,529751
2020-04-13,59.82149887084961,66.65625,70.48124694824219,66.20625305175781,70.48124694824219,315535
2020-04-15,59.50178527832031,66.30000305175781,70.10624694824219,64.9124984741211,68.3812484741211,586749
2020-04-16,59.55225372314453,66.35624694824219,67.48124694824219,64.875,65.51249694824219,487394
2020-04-17,60.93211364746094,67.89375305175781,69.375,66.375,69.375,417757
2020-04-20,66.16543579101562,73.7249984741211,77.17500305175781,68.25,69.7125015258789,1996173
2020-04-21,63.45623016357422,70.70625305175781,72.67500305175781,69.1875,72.67500305175781,651759
2020-04-22,64.24710845947266,71.5875015258789,73.125,66.76875305175781,68.6624984741211,1117829
2020-04-23,69.3290023803711,77.25,77.7562484741211,69.75,71.25,2120399
2020-04-24,75.89168548583984,84.5625,87.86250305175781,76.125,77.25,2950621
2020-04-27,73.09834289550781,81.44999694824219,86.13749694824219,78.9749984741211,85.8375015258789,826173
2020-04-28,73.8555679321289,82.29374694824219,84.67500305175781,79.5,81.75,1067421
2020-04-29,72.74496459960938,81.0562515258789,83.6812515258789,80.45625305175781,82.3125,476287
2020-04-30,71.2809829711914,79.42500305175781,82.875,78.9375,82.2750015258789,734890
2020-05-04,68.6895523071289,76.5374984741211,78.7125015258789,75.86250305175781,78.67500305175781,419181
2020-05-05,68.554931640625,76.38749694824219,81.11250305175781,76.23750305175781,81.0,498279
2020-05-06,71.028564453125,79.14375305175781,82.5,74.2874984741211,75.48750305175781,1494058
2020-05-07,72.96372985839844,81.30000305175781,83.8687515258789,79.3499984741211,79.59375,1284514
2020-05-08,70.75933074951172,78.84375,82.875,78.20625305175781,81.75,520415
2020-05-11,69.85065460205078,77.83125305175781,80.55000305175781,76.9124984741211,79.76249694824219,725194
2020-05-12,66.45150756835938,74.04374694824219,76.4625015258789,73.38749694824219,74.5875015258789,1030202
2020-05-13,66.7207260131836,74.34375,76.5,73.875,76.5,647746
2020-05-14,64.34808349609375,71.69999694824219,74.8687515258789,71.2874984741211,74.8687515258789,591583
2020-05-15,62.429752349853516,69.5625,73.0687484741211,69.375,72.30000305175781,676885
2020-05-18,63.439395904541016,70.6875,71.98124694824219,69.375,70.48124694824219,554631
2020-05-19,67.22555541992188,74.90625,76.4625015258789,70.6875,70.9312515258789,2401962
2020-05-20,66.85537719726562,74.4937515258789,77.4937515258789,73.78125,75.20625305175781,829895
2020-05-21,67.54528045654297,75.26249694824219,78.1500015258789,73.3687515258789,74.2125015258789,1349191
2020-05-22,66.50198364257812,74.0999984741211,76.8375015258789,73.57499694824219,75.26249694824219,581085
2020-05-26,65.64379119873047,73.14375305175781,75.5250015258789,72.75,74.60624694824219,390269
2020-05-27,66.19908905029297,73.76249694824219,74.4375,73.33125305175781,73.66874694824219,269741
2020-05-28,69.3458251953125,77.26875305175781,78.0,73.89375305175781,74.25,768485
2020-05-29,68.28569793701172,76.0875015258789,82.4625015258789,75.2249984741211,77.04374694824219,2423866
2020-06-01,69.00926971435547,76.89375305175781,79.125,76.125,76.42500305175781,1148386
2020-06-02,70.67518615722656,78.75,80.1937484741211,76.89375305175781,77.25,1192005
2020-06-03,71.24732971191406,79.38749694824219,81.09375,78.58125305175781,79.42500305175781,802295
2020-06-04,73.93970489501953,82.38749694824219,83.32499694824219,79.6875,80.1187515258789,1895778
2020-06-05,74.93252563476562,83.4937515258789,84.65625,82.5,82.76249694824219,1277583
2020-06-08,75.11763000488281,83.69999694824219,85.6875,82.5374984741211,84.30000305175781,1250303
2020-06-09,74.42769622802734,82.9312515258789,86.45625305175781,82.42500305175781,83.98124694824219,1381538
2020-06-10,76.68257141113281,85.4437484741211,87.0,82.9124984741211,83.625,1310085
2020-06-11,76.83403015136719,85.61250305175781,87.5625,84.9375,86.04374694824219,968143
2020-06-12,74.9830093383789,83.55000305175781,84.0562515258789,80.6624984741211,82.5374984741211,595455
2020-06-15,73.36756896972656,81.75,84.375,80.0062484741211,84.1875,592165
2020-06-16,77.50713348388672,86.36250305175781,90.75,81.44999694824219,82.5374984741211,3349431
2020-06-17,77.70905303955078,86.5875015258789,88.6312484741211,84.75,86.25,1665119
2020-06-18,76.19457244873047,84.9000015258789,87.30000305175781,84.11250305175781,87.01875305175781,2178973
2020-06-19,76.05996704101562,84.75,86.92500305175781,84.375,85.6500015258789,2466605
2020-06-22,76.1104507446289,84.8062515258789,85.8187484741211,83.6812515258789,84.76875305175781,505242
2020-06-23,75.99266052246094,84.67500305175781,86.25,84.11250305175781,84.375,675421
2020-06-24,74.02384185791016,82.48124694824219,85.29374694824219,81.8062515258789,84.84375,926586
2020-06-25,73.95652770996094,82.40625,83.5875015258789,81.44999694824219,81.9375,639143
2020-06-26,76.27873229980469,84.9937515258789,88.5,82.14375305175781,82.78125,3541573
2020-06-29,78.51676940917969,87.48750305175781,88.19999694824219,84.39375305175781,85.42500305175781,2209010
2020-06-30,80.30048370361328,89.4749984741211,93.26249694824219,87.0,87.8812484741211,5566047
2020-07-01,80.26680755615234,89.4375,90.73124694824219,87.76875305175781,89.625,934450
2020-07-02,79.6947021484375,88.80000305175781,93.1312484741211,88.01249694824219,89.625,1896239
2020-07-03,80.18267822265625,89.34375,91.01249694824219,88.4625015258789,88.4625015258789,573298
2020-07-06,80.8221206665039,90.0562515258789,91.61250305175781,88.89375305175781,90.0,890530
2020-07-07,80.14904022216797,89.3062515258789,91.42500305175781,88.33125305175781,90.63749694824219,690191
2020-07-08,77.27153015136719,86.0999984741211,89.7562484741211,85.5,89.7562484741211,634693
2020-07-09,79.30764770507812,88.3687515258789,88.9312515258789,86.26875305175781,86.26875305175781,662858
2020-07-10,78.49993133544922,87.46875,89.8687515258789,87.20625305175781,88.48124694824219,459402
2020-07-13,79.1057357788086,88.14375305175781,89.625,87.5999984741211,87.91874694824219,526927
2020-07-14,77.03595733642578,85.8375015258789,88.05000305175781,85.5,87.5250015258789,379863
2020-07-15,78.90380096435547,87.91874694824219,90.6187515258789,85.89375305175781,85.89375305175781,1398413
2020-07-16,82.00006103515625,91.3687515258789,94.5,89.25,90.2249984741211,4063466
2020-07-17,81.07453155517578,90.3375015258789,92.32499694824219,90.0,91.875,763519
2020-07-20,81.74764251708984,91.0875015258789,92.41874694824219,90.375,90.375,1074845
2020-07-21,81.59619903564453,90.91874694824219,93.16874694824219,90.5250015258789,93.16874694824219,629535
2020-07-22,80.40143585205078,89.5875015258789,91.3687515258789,89.25,91.3687515258789,335954
2020-07-23,80.23316955566406,89.4000015258789,91.0687484741211,88.8187484741211,89.8125,636101
2020-07-24,82.9255599975586,92.4000015258789,94.05000305175781,88.57499694824219,88.875,2612125
2020-07-27,80.8221206665039,90.0562515258789,92.79374694824219,89.69999694824219,92.79374694824219,779543
2020-07-28,83.63231658935547,93.1875,93.75,90.375,90.5062484741211,1687874
2020-07-29,87.13240051269531,97.0875015258789,99.0,93.76875305175781,94.03125,3466506
2020-07-30,88.71417999267578,98.8499984741211,101.92500305175781,98.08125305175781,99.375,2698301
2020-07-31,88.81515502929688,98.9625015258789,100.4625015258789,97.875,99.1500015258789,976653
2020-08-03,90.58203887939453,100.9312515258789,103.03125,99.0,100.38749694824219,1417879
2020-08-04,90.59886169433594,100.94999694824219,103.125,99.75,101.7750015258789,2045495
2020-08-05,96.0845947265625,107.0625,108.9749984741211,100.59375,101.45625305175781,3251338
2020-08-06,97.61590576171875,108.76875305175781,109.4625015258789,105.4312515258789,107.88749694824219,2473429
2020-08-07,96.57259368896484,107.60624694824219,110.25,106.7249984741211,109.40625,1719722
2020-08-10,97.78418731689453,108.95625305175781,109.4625015258789,107.25,109.4625015258789,1213855
2020-08-11,95.24324798583984,106.125,109.5,101.04374694824219,108.75,1630949
2020-08-12,99.90442657470703,111.3187484741211,112.125,104.8499984741211,105.0,2848295
2020-08-13,104.54878234863281,116.4937515258789,117.375,112.5,112.5,2194994
2020-08-14,102.91654205322266,114.67500305175781,118.0875015258789,112.57499694824219,117.65625,1464837
2020-08-17,104.14492797851562,116.04374694824219,117.26249694824219,114.76875305175781,117.26249694824219,634863
2020-08-18,105.2892074584961,117.3187484741211,118.2750015258789,115.5,117.1500015258789,657231
2020-08-19,105.54161834716797,117.5999984741211,118.2750015258789,116.71875,117.3187484741211,494493
2020-08-20,105.8445053100586,117.9375,120.375,116.4375,116.4375,726687
2020-08-21,105.22190856933594,117.2437515258789,119.1187515258789,116.625,118.23750305175781,523538
2020-08-24,109.46240997314453,121.96875,124.125,116.625,118.125,1904015
2020-08-25,107.77967071533203,120.09375,123.54374694824219,119.53125,123.28125,809093
2020-08-26,108.13304138183594,120.48750305175781,122.4375,119.3062515258789,120.07499694824219,758863
2020-08-27,108.40227508544922,120.7874984741211,122.3062515258789,120.375,121.0875015258789,741637
2020-08-28,107.05608367919922,119.2874984741211,122.45625305175781,118.125,121.70625305175781,421981
2020-08-31,102.51268005371094,114.2249984741211,120.75,108.75,120.35624694824219,847447
2020-09-01,103.52232360839844,115.3499984741211,117.9749984741211,112.94999694824219,114.39375305175781,475023
2020-09-02,103.00067901611328,114.76875305175781,116.08125305175781,113.3062515258789,115.80000305175781,365863
2020-09-03,106.71954345703125,118.9124984741211,119.9625015258789,114.75,114.75,573341
2020-09-04,105.03679656982422,117.0374984741211,118.10624694824219,114.8812484741211,117.75,378687
2020-09-07,103.25308227539062,115.05000305175781,117.73124694824219,114.16874694824219,117.0,226135
2020-09-08,107.2411880493164,119.4937515258789,120.91874694824219,115.05000305175781,115.05000305175781,1655501
2020-09-09,103.79156494140625,115.6500015258789,120.73124694824219,114.9375,119.17500305175781,747698
2020-09-10,106.4334716796875,118.59375,119.41874694824219,116.60624694824219,116.7750015258789,368541
2020-09-11,104.93582916259766,116.92500305175781,119.1937484741211,115.38749694824219,119.1937484741211,767599
2020-09-14,109.1595230102539,121.6312484741211,123.1875,117.73124694824219,117.73124694824219,1119879
2020-09-15,109.24365234375,121.7249984741211,123.5250015258789,120.75,122.60624694824219,514557
2020-09-16,107.66188049316406,119.9625015258789,123.0,119.45625305175781,121.875,514045
2020-09-17,113.29906463623047,126.2437515258789,126.9375,118.2750015258789,119.23124694824219,4494367
2020-09-18,112.97933959960938,125.88749694824219,128.25,122.2125015258789,127.85624694824219,2217039
2020-09-21,110.99370574951172,123.67500305175781,129.75,120.375,126.75,2109293
2020-09-22,112.23894500732422,125.0625,126.75,114.375,123.67500305175781,1908429
2020-09-23,111.68362426757812,124.4437484741211,128.96249389648438,122.1187515258789,128.5124969482422,830658
2020-09-24,106.82050323486328,119.0250015258789,125.32499694824219,118.2562484741211,123.4124984741211,818453
2020-09-25,110.8086166381836,123.46875,125.17500305175781,119.36250305175781,119.36250305175781,789101
2020-09-28,108.3181381225586,120.6937484741211,124.5,120.0,123.8062515258789,837279
2020-09-29,106.33248901367188,118.48124694824219,123.30000305175781,118.125,120.75,1132533
2020-09-30,105.72672271728516,117.8062515258789,119.4375,117.0374984741211,118.875,674309
2020-10-01,104.68340301513672,116.64375305175781,119.25,116.32499694824219,119.17500305175781,761282
2020-10-05,106.33248901367188,118.48124694824219,119.4375,117.75,117.75,1157210
2020-10-06,106.6353988647461,118.8187484741211,120.86250305175781,118.125,119.41874694824219,932402
2020-10-07,107.2411880493164,119.4937515258789,121.5,118.66874694824219,119.625,974173
2020-10-08,109.20999908447266,121.6875,126.73124694824219,120.76875305175781,121.14375305175781,2590698
2020-10-09,110.21964263916016,122.8125,123.35624694824219,120.48750305175781,122.25,1203746
2020-10-12,112.4745101928711,125.32499694824219,127.57499694824219,124.14375305175781,124.5,1222575
2020-10-13,120.14781188964844,133.875,135.1875,123.9937515258789,125.625,6698575
2020-10-14,120.248779296875,133.9875030517578,136.5,132.03750610351562,135.375,3077413
2020-10-15,114.64524841308594,127.7437515258789,134.77499389648438,126.1875,133.9875030517578,964655
2020-10-16,120.51802062988281,134.28750610351562,135.0,127.51875305175781,128.625,1495141
2020-10-19,120.88824462890625,134.6999969482422,135.1875,131.90625,135.0,1393581
2020-10-20,117.60688018798828,131.0437469482422,134.53125,130.125,133.875,742162
2020-10-21,115.89048767089844,129.13125610351562,133.2375030517578,126.1875,131.8312530517578,784466
2020-10-22,121.47718811035156,135.3562469482422,136.81875610351562,128.38125610351562,128.77499389648438,3404917
2020-10-23,124.23688507080078,138.43124389648438,142.0124969482422,135.75,135.75,3424786
2020-10-26,119.3401107788086,132.97500610351562,139.6875,131.47500610351562,139.4250030517578,1025538
2020-10-27,116.79916381835938,130.1437530517578,134.58749389648438,129.50625610351562,133.18124389648438,791898
2020-10-28,117.15254211425781,130.53750610351562,133.3874969482422,129.46875,130.8000030517578,503466
2020-10-29,110.01771545410156,122.5875015258789,129.41250610351562,121.19999694824219,129.41250610351562,1436365
2020-10-30,106.66905975341797,118.85624694824219,124.875,118.125,121.85624694824219,1103125
2020-11-02,107.2411880493164,119.4937515258789,121.6875,112.40625,118.875,1441042
2020-11-03,107.86380004882812,120.1875,124.5,117.39375305175781,117.39375305175781,1201770
2020-11-04,110.64033508300781,123.28125,123.7125015258789,119.34375,120.1500015258789,797447
2020-11-05,114.27505493164062,127.33125305175781,129.0,123.2437515258789,124.8375015258789,901269
2020-11-06,111.59950256347656,124.3499984741211,129.1687469482422,123.0,128.39999389648438,744773
2020-11-09,112.55866241455078,125.41874694824219,127.125,123.1875,123.1875,594221
2020-11-10,110.6066665649414,123.2437515258789,126.7125015258789,121.66874694824219,126.3375015258789,520399
2020-11-11,112.67644500732422,125.55000305175781,126.1875,123.5250015258789,124.0875015258789,508175
2020-11-12,114.34236145019531,127.40625,128.21249389648438,124.33125305175781,125.5687484741211,416618
2020-11-13,116.61405944824219,129.9375,131.9250030517578,126.20625305175781,126.91874694824219,1251695
2020-11-14,116.96744537353516,130.3312530517578,131.25,129.0,130.875,141975
2020-11-17,116.24385070800781,129.52499389648438,132.375,129.0,132.0187530517578,584346
2020-11-18,115.15428161621094,126.82499694824219,129.1687469482422,125.7750015258789,128.2687530517578,625746
2020-11-19,115.90337371826172,127.6500015258789,130.6687469482422,126.375,126.73124694824219,566543
2020-11-20,117.58882141113281,129.50625610351562,130.35000610351562,127.66874694824219,128.19375610351562,677253
2020-11-23,115.30751037597656,126.9937515258789,129.8249969482422,125.625,126.4312515258789,853418
2020-11-24,119.52962493896484,131.6437530517578,133.08749389648438,127.125,127.125,1519253
2020-11-25,116.15873718261719,127.9312515258789,132.60000610351562,127.5,132.60000610351562,770317
2020-11-26,115.81824493408203,127.5562515258789,128.8125,126.46875,128.75625610351562,422029
2020-11-27,116.26087188720703,128.0437469482422,131.25,125.88749694824219,127.9124984741211,3276247
2020-12-01,117.48664855957031,129.3937530517578,130.03125,128.0625,128.0625,439527
2020-12-02,117.21424865722656,129.09375,130.875,128.7375030517578,128.7375030517578,435301
2020-12-03,117.60581970214844,129.52499389648438,130.78125,128.625,130.64999389648438,743853
2020-12-04,117.07804870605469,128.94375610351562,130.5,127.5374984741211,129.0187530517578,543909
2020-12-07,118.15061950683594,130.125,131.0625,128.4375,128.4375,762869
2020-12-08,117.50369262695312,129.41250610351562,131.58749389648438,129.0,130.9875030517578,498071
2020-12-09,120.46595764160156,132.6750030517578,133.5,128.6437530517578,130.64999389648438,3101701
2020-12-10,119.37638854980469,131.47500610351562,133.125,128.625,133.125,1126618
2020-12-11,120.8575210571289,133.1062469482422,135.33749389648438,132.1125030517578,132.1125030517578,3306114
2020-12-14,119.6317367553711,131.75625610351562,134.5124969482422,131.0625,133.5,1669447
2020-12-15,120.48299407958984,132.69375610351562,133.96875,131.02499389648438,132.75,1386287
2020-12-16,120.39787292480469,132.60000610351562,134.0625,132.03750610351562,133.46249389648438,406173
2020-12-17,124.75615692138672,137.39999389648438,138.28125,132.1875,133.125,2591567
2020-12-18,125.26687622070312,137.96249389648438,139.81875610351562,134.3249969482422,138.71249389648438,1390357
2020-12-21,119.03589630126953,131.10000610351562,140.1374969482422,129.9562530517578,137.625,1160802
2020-12-22,124.46673583984375,137.0812530517578,138.75,127.5,127.5,1608999
2020-12-23,128.3994140625,141.41250610351562,144.0,137.66250610351562,138.375,1741493
2020-12-24,132.57044982910156,146.00625610351562,148.55624389648438,141.41250610351562,143.1750030517578,3205245
2020-12-28,135.3454132080078,149.0625,152.00625610351562,147.0749969482422,147.75,3058341
2020-12-29,132.67257690429688,146.11874389648438,150.89999389648438,144.9187469482422,149.8125,961874
2020-12-30,135.53273010253906,149.2687530517578,150.375,145.53750610351562,145.53750610351562,1287487
2020-12-31,134.34100341796875,147.9562530517578,151.08749389648438,147.1125030517578,150.0,478359
2021-01-01,133.91539001464844,147.4875030517578,150.0,146.25,148.6875,390277
2021-01-04,134.37501525878906,147.99374389648438,150.375,146.3249969482422,148.4250030517578,568306
2021-01-05,138.5460662841797,152.58749389648438,154.5,146.6437530517578,147.7312469482422,1935258
2021-01-06,136.38394165039062,150.2062530517578,154.53750610351562,145.5,153.75,848810
2021-01-07,138.6992950439453,152.75625610351562,155.6062469482422,151.125,151.7062530517578,1570407
2021-01-08,146.27523803710938,161.10000610351562,162.0,153.375,153.99374389648438,3119639
2021-01-11,145.151611328125,159.8625030517578,163.125,155.86874389648438,162.75,1288234
2021-01-12,144.3684844970703,159.0,163.125,158.3625030517578,159.88125610351562,431826
2021-01-13,141.38916015625,155.71875,161.02499389648438,154.125,159.78750610351562,533365
2021-01-14,138.95465087890625,153.03750610351562,156.75,152.625,156.375,484535
2021-01-15,136.33285522460938,150.14999389648438,153.99374389648438,148.1437530517578,151.18124389648438,778997
2021-01-18,133.67706298828125,147.22500610351562,150.13125610351562,146.3249969482422,150.0,461277
2021-01-19,136.82659912109375,150.69375610351562,153.0,148.96875,149.21249389648438,282674
2021-01-20,136.06045532226562,149.85000610351562,152.96249389648438,148.35000610351562,150.375,344074
2021-01-21,142.15530395507812,156.5625,157.44375610351562,150.1875,151.03125,1323773
2021-01-22,140.57200622558594,154.81875610351562,160.875,154.53750610351562,157.44375610351562,1097914
2021-01-25,137.57566833496094,151.5187530517578,156.69375610351562,150.41250610351562,154.875,544946
2021-01-27,140.11231994628906,154.3125,155.58749389648438,150.03750610351562,150.46875,575485
2021-01-28,135.5157012939453,149.25,153.6750030517578,148.3312530517578,151.875,309602
2021-01-29,131.4298095703125,144.75,152.0625,142.9499969482422,150.75,329909
2021-02-01,125.96488189697266,138.7312469482422,145.5187530517578,133.3312530517578,141.375,2109879
2021-02-02,125.8457260131836,138.60000610351562,146.21249389648438,138.0,140.21249389648438,923149
2021-02-03,130.9530792236328,144.22500610351562,145.5,138.80624389648438,139.8562469482422,538805
2021-02-04,136.9798126220703,150.8625030517578,153.0,145.125,145.875,1412773
2021-02-05,138.27366638183594,152.28750610351562,155.39999389648438,141.03750610351562,150.375,1067906
2021-02-08,142.10421752929688,156.50625610351562,156.89999389648438,151.875,152.58749389648438,796893
2021-02-09,138.49497985839844,152.53125,157.8000030517578,151.5,156.50625610351562,933583
2021-02-10,136.65634155273438,150.50625610351562,153.3562469482422,149.8125,152.625,816282
2021-02-11,137.2181396484375,151.125,152.0625,150.05624389648438,151.2937469482422,296666
2021-02-12,136.34988403320312,150.1687469482422,154.125,149.25,151.875,550949
2021-02-15,133.6089630126953,147.14999389648438,151.6687469482422,146.4375,150.375,478247
2021-02-16,134.37501525878906,147.99374389648438,150.375,147.43124389648438,148.9875030517578,373842
2021-02-17,131.94052124023438,145.3125,148.8937530517578,144.75,147.3562469482422,1561618
2021-02-18,134.90281677246094,148.5749969482422,152.90625,145.64999389648438,146.38125610351562,894509
2021-02-19,136.29881286621094,150.1125030517578,151.8000030517578,146.625,146.625,610319
2021-02-22,158.75425720214844,174.84375,179.625,150.375,151.81875610351562,16999973
2021-02-23,164.8831024169922,181.59375,197.9250030517578,174.84375,182.28750610351562,29796791
2021-02-24,160.91641235351562,177.22500610351562,182.21249389648438,172.5,181.91250610351562,2206533
2021-02-25,167.35166931152344,184.3125,187.4812469482422,175.5,176.625,3536287
2021-02-26,162.7550048828125,179.25,181.93124389648438,177.1875,181.91250610351562,1361021
2021-03-01,162.091064453125,178.5187530517578,185.02499389648438,174.5812530517578,181.875,943397
2021-03-02,166.4663848876953,183.33749389648438,187.27499389648438,181.1062469482422,181.1062469482422,1380301
2021-03-03,165.35977172851562,182.11874389648438,190.44375610351562,180.89999389648438,185.8874969482422,2384114
2021-03-04,167.43678283691406,184.40625,188.1374969482422,180.03750610351562,180.9562530517578,811274
2021-03-05,163.55514526367188,180.13125610351562,185.0625,178.96875,181.96875,545466
2021-03-08,162.7550048828125,179.25,183.71249389648438,178.125,180.78750610351562,689781
2021-03-09,165.9897003173828,182.8125,187.875,179.25,181.3125,2106061
2021-03-10,165.9897003173828,182.8125,186.71249389648438,181.875,184.63125610351562,1063730
2021-03-12,171.4375762939453,188.8125,189.75,183.0,183.0,1834909
2021-03-15,170.84169006347656,188.15625,191.9812469482422,183.8625030517578,188.8125,1211125
2021-03-16,178.3665771484375,196.44375610351562,202.125,189.31875610351562,189.41250610351562,4378093
2021-03-17,172.81655883789062,190.3312530517578,197.11874389648438,187.875,196.875,1125871
2021-03-18,164.79798889160156,181.5,190.125,178.125,190.125,1035007
2021-03-19,160.23538208007812,176.47500610351562,181.875,169.72500610351562,181.2937469482422,5132373
2021-03-22,160.6439666748047,176.9250030517578,178.4812469482422,171.75,173.9812469482422,699751
2021-03-23,163.41897583007812,179.9812469482422,184.3874969482422,177.375,177.375,631269
2021-03-24,164.03187561035156,180.65625,190.125,177.46875,179.7937469482422,1355149
2021-03-25,166.2110137939453,183.05624389648438,188.66250610351562,178.0500030517578,181.875,2290869
2021-03-26,167.02821350097656,183.9562530517578,189.375,181.875,184.93124389648438,1037082
2021-03-30,172.23770141601562,189.69375610351562,192.31875610351562,183.3000030517578,186.75,1797871
2021-03-31,173.3783721923828,190.9499969482422,194.56875610351562,187.93124389648438,190.3125,786042
2021-04-01,178.99647521972656,197.1374969482422,198.33749389648438,192.2062530517578,192.4875030517578,1177279
2021-04-05,177.82177734375,195.84375,201.69375610351562,192.5625,196.3312530517578,1209967
2021-04-06,185.6701202392578,204.4875030517578,207.9375,196.96875,197.39999389648438,2290871
2021-04-07,194.2334747314453,213.9187469482422,217.0124969482422,201.0,204.4875030517578,2408109
2021-04-08,202.1328582763672,222.61874389648438,226.36874389648438,214.5187530517578,215.6437530517578,2035725
2021-04-09,201.0603485107422,221.4375,227.7937469482422,219.0,224.39999389648438,1187615
2021-04-12,195.1017303466797,214.875,219.3562469482422,210.84375,219.22500610351562,1030674
2021-04-13,209.8450164794922,231.1125030517578,237.75,214.875,217.08749389648438,1138498
2021-04-15,202.04776000976562,222.52499389648438,232.3874969482422,219.9375,232.3874969482422,2015837
2021-04-16,199.76646423339844,220.0124969482422,225.71249389648438,217.96875,223.83749389648438,550045
2021-04-19,199.85159301757812,220.1062469482422,226.8000030517578,210.78750610351562,217.46249389648438,477301
2021-04-20,197.53627014160156,217.55624389648438,225.3937530517578,215.625,221.58749389648438,245015
2021-04-22,196.90634155273438,216.8625030517578,220.46249389648438,213.0,220.46249389648438,285730
2021-04-23,195.0506591796875,214.81875610351562,220.875,211.16250610351562,217.5749969482422,152119
2021-04-26,191.56060791015625,210.97500610351562,225.0,210.0,215.58749389648438,234674
2021-04-27,190.72640991210938,210.05624389648438,214.83749389648438,206.25,211.83749389648438,726442
2021-04-28,197.02549743652344,216.99374389648438,219.1687469482422,210.78750610351562,212.25,824778
2021-04-29,193.79083251953125,213.43124389648438,220.46249389648438,212.2687530517578,218.21249389648438,237354
2021-04-30,195.06764221191406,214.83749389648438,218.25,213.375,213.375,125338
2021-05-03,193.807861328125,213.4499969482422,215.39999389648438,211.875,214.5,156234
2021-05-04,196.59991455078125,216.52499389648438,222.3000030517578,212.66250610351562,213.1687469482422,344525
2021-05-05,196.56585693359375,216.4875030517578,219.8625030517578,215.625,217.46249389648438,130503
2021-05-06,202.6095733642578,223.1437530517578,226.875,216.03750610351562,217.83749389648438,859042
2021-05-07,203.39271545410156,224.00625610351562,230.2312469482422,222.5625,223.1437530517578,416071
2021-05-10,201.62213134765625,222.05624389648438,226.08749389648438,221.25,225.0,204543
2021-05-11,201.0603485107422,221.4375,225.71249389648438,217.875,218.8125,345911
2021-05-12,199.61325073242188,219.84375,223.06875610351562,219.0,222.75,245253
2021-05-14,198.01290893554688,218.0812530517578,229.78125,212.6437530517578,223.125,718607
2021-05-17,195.32305908203125,215.11874389648438,220.83749389648438,214.125,220.83749389648438,374663
2021-05-18,197.17872619628906,217.16250610351562,222.75,215.625,217.83749389648438,311991
2021-05-19,201.315673828125,221.71875,223.125,217.125,217.81875610351562,312575
2021-05-20,204.12478637695312,224.8125,228.2624969482422,222.1687469482422,223.4812469482422,480165
2021-05-21,198.83010864257812,218.9812469482422,226.875,218.25,226.5,305085
2021-05-24,200.26016235351562,220.55624389648438,225.6374969482422,218.2312469482422,221.25,342335
2021-05-25,199.93670654296875,220.1999969482422,223.875,219.80624389648438,223.125,180250
2021-05-26,219.4639129638672,241.7062530517578,247.4250030517578,220.8562469482422,221.1374969482422,4838162
2021-05-27,234.90521240234375,258.7124938964844,260.625,240.375,246.375,4333370
2021-05-28,229.21900939941406,252.4499969482422,262.125,248.3625030517578,261.01873779296875,2088066
2021-05-31,228.9976806640625,252.2062530517578,256.59375,244.4250030517578,256.125,684066
2021-06-01,224.86070251464844,247.64999389648438,254.625,245.625,254.625,335735
2021-06-02,230.10427856445312,253.4250030517578,254.625,245.2312469482422,246.0,411829
2021-06-03,231.95994567871094,255.46875,258.29998779296875,251.58749389648438,255.75,300434
2021-06-04,248.78021240234375,273.9937438964844,275.36248779296875,256.51873779296875,259.125,2030647
2021-06-07,246.48190307617188,271.4624938964844,277.0687561035156,260.4750061035156,275.625,789722
2021-06-08,250.89132690429688,276.3187561035156,279.39373779296875,270.4312438964844,273.6000061035156,1259666
2021-06-09,245.92007446289062,270.84375,281.25,265.1812438964844,280.125,982042
2021-06-10,243.84312438964844,268.5562438964844,275.9624938964844,263.34375,272.60626220703125,315629
2021-06-11,247.3672332763672,272.4375,276.375,268.2749938964844,270.3374938964844,314087
2021-06-14,246.32875061035156,271.29376220703125,275.2124938964844,264.375,272.4375,263018
2021-06-15,243.87713623046875,268.59375,272.25,266.7749938964844,271.29376220703125,188578
2021-06-16,244.6092529296875,269.3999938964844,274.875,267.2250061035156,268.125,377850
2021-06-17,242.12362670898438,266.6625061035156,271.875,265.29376220703125,269.625,359941
2021-06-18,247.00970458984375,272.04376220703125,276.3374938964844,252.5625,271.4624938964844,1819757
2021-06-21,248.01412963867188,273.1499938964844,280.5,266.25,271.0874938964844,1320010
2021-06-22,249.78469848632812,275.1000061035156,279.0,273.75,275.25,291933
2021-06-23,243.17913818359375,267.82501220703125,276.95623779296875,265.59375,275.625,248866
2021-06-24,243.17913818359375,267.82501220703125,272.98126220703125,264.0,269.92498779296875,234909
2021-06-25,242.65133666992188,267.2437438964844,271.5,265.5375061035156,268.5,476351
2021-06-28,242.3109130859375,266.8687438964844,269.9624938964844,266.25,268.875,188895
2021-06-29,256.93499755859375,282.9750061035156,285.0,266.64373779296875,268.85626220703125,1179333
2021-06-30,254.2791748046875,280.04998779296875,288.35626220703125,278.1000061035156,287.5874938964844,1517218
2021-07-01,257.12225341796875,283.1812438964844,286.76251220703125,278.26873779296875,282.0,287901
2021-07-02,256.5264587402344,282.5249938964844,288.01873779296875,278.71875,283.125,469802
2021-07-05,253.81954956054688,279.54376220703125,285.54376220703125,277.5,284.625,213138
2021-07-06,250.63595581054688,276.0375061035156,286.125,275.625,279.75,323125
2021-07-07,250.53375244140625,275.92498779296875,279.39373779296875,273.75,276.0375061035156,145578
2021-07-08,258.31402587890625,284.4937438964844,290.625,276.375,276.375,893045
2021-07-09,256.6115417480469,282.6187438964844,286.7437438964844,279.75,286.5,243567
2021-07-12,257.0711975097656,283.125,288.91876220703125,280.5375061035156,285.0,532250
2021-07-13,260.6463928222656,287.0625,288.375,282.0,285.0,478658
2021-07-14,261.32733154296875,287.8125,294.75,285.4312438964844,288.2250061035156,1639229
2021-07-15,267.3541259765625,294.45001220703125,305.04376220703125,287.26873779296875,288.75,2539482
2021-07-16,266.281494140625,293.26873779296875,300.0,292.7250061035156,297.39373779296875,400383
2021-07-19,269.37994384765625,296.6812438964844,298.125,289.14373779296875,293.25,368837
2021-07-20,261.53167724609375,288.0375061035156,296.2124938964844,285.0,296.2124938964844,490605
2021-07-22,268.1542053222656,295.33123779296875,301.5,291.375,292.5,475826
2021-07-23,266.417724609375,293.41876220703125,298.125,292.5,298.125,286802
2021-07-26,263.7618713378906,290.4937438964844,295.76251220703125,287.8500061035156,294.375,288757
2021-07-27,260.01641845703125,286.3687438964844,295.61248779296875,285.5625,290.5874938964844,268831
2021-07-28,257.7862243652344,283.9125061035156,288.75,280.5375061035156,286.48126220703125,367418
2021-07-29,262.07647705078125,288.63751220703125,291.5249938964844,285.75,286.1625061035156,743997
2021-07-30,262.9957580566406,289.6499938964844,294.67498779296875,281.71875,292.0687561035156,541335
2021-08-02,268.47772216796875,295.6875,299.625,292.5,298.125,435125
2021-08-03,267.0987243652344,294.16876220703125,299.625,292.5,298.3125,409090
2021-08-04,275.2364501953125,303.1312561035156,308.2124938964844,295.59375,297.375,2113882
2021-08-05,277.0751037597656,305.15625,331.6499938964844,300.7124938964844,315.46875,9028629
2021-08-06,290.34716796875,315.84375,318.9375,300.4125061035156,303.95623779296875,2558975
2021-08-09,299.4479675292969,325.7437438964844,330.0,313.3687438964844,318.75,2606106
2021-08-10,294.62176513671875,320.4937438964844,330.35626220703125,311.625,328.10626220703125,1466199
2021-08-11,287.106689453125,312.3187561035156,321.6187438964844,301.9125061035156,318.75,869127
2021-08-12,290.7952880859375,316.33123779296875,323.98126220703125,312.5062561035156,313.125,564245
2021-08-13,292.1224365234375,317.7749938964844,324.375,310.5375061035156,318.0,754893
2021-08-16,291.2434387207031,316.8187561035156,320.625,312.8062438964844,317.4937438964844,366213
2021-08-17,306.9112854003906,333.86248779296875,336.5249938964844,315.8999938964844,316.8187561035156,3077557
2021-08-18,299.24114990234375,325.51873779296875,338.25,323.1000061035156,336.75,1482170
2021-08-20,291.7605285644531,317.3812561035156,329.73748779296875,312.0375061035156,326.25,878290
2021-08-23,295.3285217285156,321.26251220703125,328.51873779296875,315.01873779296875,321.375,690093
2021-08-24,302.80902099609375,329.3999938964844,332.2124938964844,322.8374938964844,322.8374938964844,990541
2021-08-25,302.7573547363281,329.34375,340.79998779296875,326.2124938964844,331.8187561035156,1197151
2021-08-26,299.8961181640625,326.23126220703125,331.70623779296875,299.70001220703125,331.70623779296875,630813
2021-08-27,295.9490051269531,321.9375,327.375,300.58123779296875,300.58123779296875,1783197
2021-08-30,292.0362854003906,317.6812438964844,327.8062438964844,314.5874938964844,325.40625,828533
2021-08-31,287.7271728515625,312.9937438964844,321.375,311.25,320.45623779296875,584029
2021-09-01,287.5203857421875,312.76873779296875,319.5,311.6625061035156,316.125,527389
2021-09-02,288.9165344238281,314.2875061035156,317.15625,310.6312561035156,315.1499938964844,427135
2021-09-03,295.0354919433594,320.9437561035156,322.8374938964844,314.5874938964844,315.82501220703125,841869
2021-09-06,294.2943115234375,320.13751220703125,326.26873779296875,318.75,322.875,1184533
2021-09-07,291.9673767089844,317.60626220703125,320.625,316.1625061035156,320.625,357722
2021-09-08,290.91595458984375,316.4624938964844,320.71875,313.5375061035156,316.875,318767
2021-09-09,294.72515869140625,320.60626220703125,320.90625,315.3374938964844,315.3374938964844,764287
2021-09-13,294.7079162597656,320.5874938964844,321.75,317.71875,321.7124938964844,539591
2021-09-14,292.79473876953125,318.5062561035156,321.0,315.75,320.625,477469
2021-09-15,294.0357360839844,319.85626220703125,330.0,318.0,320.2124938964844,1452794
2021-09-16,297.103759765625,323.1937561035156,324.375,319.20001220703125,320.71875,1704010
2021-09-17,301.9127197265625,328.42498779296875,333.63751220703125,321.0,323.625,1605111
2021-09-20,302.80902099609375,329.3999938964844,337.04998779296875,324.375,328.40625,1298202
2021-09-21,300.01678466796875,326.36248779296875,333.75,322.89373779296875,329.25,649029
2021-09-22,320.5625,348.7124938964844,354.375,325.66876220703125,327.29998779296875,3680202
2021-09-23,318.37347412109375,346.33123779296875,353.23126220703125,343.875,352.38751220703125,1124069
2021-09-24,323.7340087890625,352.1625061035156,360.0,348.75,348.75,1093042
2021-09-27,315.8914489746094,343.6312561035156,360.0,339.45001220703125,359.2124938964844,1168106
2021-09-28,314.788330078125,342.4312438964844,349.6312561035156,339.75,345.9375,534367
2021-09-29,307.669677734375,334.6875,345.7124938964844,331.5,339.375,592743
2021-09-30,301.5680236816406,328.04998779296875,336.6187438964844,319.125,336.6187438964844,914813
2021-10-01,305.17041015625,331.96875,333.75,326.2875061035156,328.0874938964844,459626
2021-10-04,304.53265380859375,331.2749938964844,341.70001220703125,320.25,335.51251220703125,568287
2021-10-05,315.04693603515625,342.7124938964844,344.0625,329.54998779296875,330.54376220703125,634471
2021-10-06,314.80560302734375,342.45001220703125,347.25,340.98748779296875,343.8187561035156,379359
2021-10-07,315.8225402832031,343.5562438964844,346.5,341.25,344.17498779296875,287178
2021-10-08,317.4944763183594,345.375,350.60626220703125,342.3374938964844,346.875,406071
2021-10-11,318.94232177734375,346.95001220703125,351.65625,345.0,348.75,413514
2021-10-12,314.6504211425781,342.28125,347.9624938964844,341.25,346.95001220703125,209151
2021-10-13,316.5809326171875,344.3812561035156,346.01251220703125,341.625,343.125,192295
2021-10-14,322.1483154296875,350.4375,355.79998779296875,346.875,347.92498779296875,585330
2021-10-18,319.0802001953125,347.1000061035156,355.10626220703125,343.95001220703125,352.20001220703125,447901
2021-10-19,331.3525390625,360.45001220703125,378.6000061035156,348.84375,348.84375,3863658
2021-10-20,316.339599609375,344.1187438964844,384.3374938964844,337.125,378.375,2838805
2021-10-21,285.5381774902344,310.61248779296875,353.2124938964844,302.25,352.5,4443359
2021-10-22,275.45489501953125,299.64373779296875,316.23748779296875,290.8125,316.23748779296875,5092367
2021-10-25,272.6280822753906,296.5687561035156,302.70001220703125,291.75,293.88751220703125,2736613
2021-10-26,283.1250915527344,307.98748779296875,312.75,292.57501220703125,295.875,1055597
2021-10-27,292.27764892578125,317.9437561035156,322.38751220703125,307.875,309.375,1306543
2021-10-28,291.501953125,317.1000061035156,320.0625,311.3062438964844,319.875,638927
2021-10-29,291.0843200683594,313.6499938964844,316.4624938964844,299.92498779296875,314.04376220703125,810645
2021-11-01,298.392822265625,321.5249938964844,329.13751220703125,312.76873779296875,317.2124938964844,951735
2021-11-02,301.3509826660156,324.7124938964844,328.125,319.14373779296875,321.0,748157
2021-11-03,300.9507751464844,324.28125,326.25,322.5,325.98748779296875,410621
2021-11-04,301.76861572265625,325.1625061035156,328.0687561035156,319.14373779296875,326.70001220703125,86314
2021-11-08,308.607177734375,332.53125,334.42498779296875,322.5,325.1625061035156,660162
2021-11-09,303.9437255859375,327.5062561035156,335.2124938964844,326.2124938964844,334.9312438964844,430789
2021-11-10,296.7571105957031,319.76251220703125,328.125,318.7875061035156,328.125,374031
2021-11-11,301.4727783203125,324.84375,329.9624938964844,319.40625,320.625,526674
2021-11-12,300.25469970703125,323.53125,326.23126220703125,322.5,325.1625061035156,541850
2021-11-15,299.5586242675781,322.78125,326.41876220703125,318.8812561035156,325.125,301381
2021-11-16,300.48089599609375,323.7749938964844,327.0,320.1937561035156,321.375,1831357
2021-11-17,300.51568603515625,323.8125,325.875,316.57501220703125,316.59375,1480701
2021-11-18,293.92071533203125,316.70623779296875,324.8999938964844,307.5,322.5,785983
2021-11-22,288.891845703125,311.2875061035156,317.9624938964844,304.125,316.89373779296875,699797
2021-11-23,289.2398376464844,311.6625061035156,313.2562561035156,303.07501220703125,309.375,353997
2021-11-24,289.04840087890625,311.45623779296875,314.625,308.2875061035156,314.625,465141
2021-11-25,282.9754638671875,304.9125061035156,313.125,300.8999938964844,308.625,418383
2021-11-26,275.2668151855469,296.60626220703125,308.70001220703125,294.75,304.9125061035156,417519
2021-11-29,273.4919128417969,294.6937561035156,297.5249938964844,275.64373779296875,281.8687438964844,604034
2021-11-30,318.1777648925781,342.84375,352.4624938964844,291.07501220703125,291.07501220703125,3226407
2021-12-01,292.772216796875,315.46875,339.375,313.14373779296875,334.5,2055223
2021-12-02,293.38128662109375,316.125,323.92498779296875,313.125,317.0625,935253
2021-12-03,291.95440673828125,314.5874938964844,322.125,313.3125,317.73748779296875,638119
2021-12-06,286.03802490234375,308.2124938964844,316.23748779296875,305.625,315.0,266997
2021-12-07,284.29791259765625,306.3374938964844,315.0,305.625,310.3125,337613
2021-12-08,288.66558837890625,311.04376220703125,312.75,308.51251220703125,309.28125,206357
2021-12-09,289.848876953125,312.3187561035156,318.75,309.01873779296875,313.125,778567
2021-12-10,288.7873840332031,311.17498779296875,316.33123779296875,309.75,313.89373779296875,224687
2021-12-13,289.72705078125,312.1875,314.25,308.71875,312.7875061035156,528138
2021-12-14,292.26763916015625,314.92498779296875,320.60626220703125,310.5,312.375,1203175
2021-12-15,296.9658508300781,319.98748779296875,323.0062561035156,311.25,316.04998779296875,776493
2021-12-16,295.1040344238281,317.98126220703125,322.2749938964844,311.79376220703125,319.98748779296875,986271
2021-12-17,290.56231689453125,313.0874938964844,319.4437561035156,311.5874938964844,317.51251220703125,419703
2021-12-20,274.066162109375,295.3125,311.17498779296875,292.5,311.17498779296875,659650
2021-12-21,279.5997314453125,301.2749938964844,308.6812438964844,295.59375,297.9750061035156,540919
2021-12-22,282.99285888671875,304.9312438964844,307.89373779296875,301.125,302.5874938964844,383818
2021-12-23,284.6459655761719,306.7124938964844,308.98126220703125,304.875,307.0874938964844,269226
2021-12-24,292.6852111816406,315.375,318.1875,306.7124938964844,307.5,1034975
2021-12-27,300.16766357421875,323.4375,325.875,312.1875,313.5,710919
2021-12-28,298.47979736328125,321.6187438964844,326.13751220703125,319.5,321.82501220703125,606829
2021-12-29,302.46466064453125,325.9125061035156,330.1312561035156,318.75,321.6187438964844,617514
2021-12-30,303.0910339355469,326.5874938964844,332.8125,323.83123779296875,324.0375061035156,382469
2021-12-31,304.79632568359375,328.42498779296875,330.73126220703125,326.45623779296875,326.625,255762
2022-01-03,301.5597839355469,324.9375,331.4624938964844,322.9125061035156,331.04998779296875,285754
2022-01-04,302.656005859375,326.1187438964844,328.04998779296875,321.0375061035156,324.375,252410
2022-01-05,307.4587097167969,331.29376220703125,337.0874938964844,324.82501220703125,325.9125061035156,753021
2022-01-06,305.56201171875,329.25,332.4937438964844,326.25,331.125,280519
2022-01-07,300.8811340332031,324.20623779296875,331.125,323.25,327.0375061035156,272375
2022-01-10,302.8299865722656,326.3062438964844,328.125,323.54998779296875,324.8062438964844,202607
2022-01-11,303.7348937988281,327.28125,329.25,325.2749938964844,327.29998779296875,164791
2022-01-12,302.6211853027344,326.08123779296875,330.7124938964844,324.375,329.25,163271
2022-01-13,303.14324951171875,326.64373779296875,329.9624938964844,323.1000061035156,327.5625,263319
2022-01-14,300.2025146484375,323.4750061035156,329.83123779296875,319.125,326.25,268770
2022-01-17,303.5260925292969,327.0562438964844,336.86248779296875,314.23126220703125,326.25,660871
2022-01-18,299.2279968261719,322.42498779296875,347.25,315.9750061035156,345.0,2574583
2022-01-19,303.2998352050781,326.8125,329.25,318.16876220703125,318.75,412098
2022-01-20,301.1769714355469,324.5249938964844,330.54376220703125,322.5,328.5,302194
2022-01-21,299.54119873046875,322.76251220703125,330.75,320.6812438964844,322.5,339117
2022-01-24,284.8721923828125,306.95623779296875,325.3125,294.75,324.0,760511
2022-01-25,284.1935729980469,306.2250061035156,314.32501220703125,295.51873779296875,300.82501220703125,404402
2022-01-27,279.7911376953125,301.48126220703125,306.86248779296875,297.5625,301.9125061035156,263759
2022-01-28,285.3071594238281,307.42498779296875,312.4125061035156,300.4125061035156,305.5874938964844,294493
2022-01-31,282.2445983886719,304.125,316.6499938964844,302.8500061035156,316.6499938964844,324354
2022-02-01,286.7167053222656,308.9437561035156,312.1312561035156,306.75,309.0,178023
2022-02-02,297.62713623046875,320.70001220703125,322.48126220703125,313.14373779296875,315.0,328407
2022-02-03,296.3568420410156,319.33123779296875,321.375,315.75,320.25,162933
2022-02-04,292.5982666015625,315.28125,319.03125,312.75,317.6625061035156,153973
2022-02-07,286.925537109375,309.16876220703125,328.03125,305.8125,317.2124938964844,785914
2022-02-08,282.03582763671875,303.8999938964844,314.7749938964844,302.1000061035156,314.7749938964844,240917
2022-02-09,283.0450744628906,304.98748779296875,308.5874938964844,303.9750061035156,306.09375,119061
2022-02-10,280.5915222167969,302.34375,307.66876220703125,301.125,305.5874938964844,168858
2022-02-11,270.7077331542969,291.6937561035156,302.3062438964844,287.2875061035156,300.0,359325
2022-02-14,261.2416076660156,281.4937438964844,288.75,278.70001220703125,288.75,231853
2022-02-15,271.1253356933594,292.14373779296875,295.5,278.1937561035156,281.73748779296875,274722
2022-02-16,271.7518005371094,292.8187561035156,299.625,291.0,293.98126220703125,250263
2022-02-17,270.3423156738281,291.29998779296875,298.33123779296875,288.75,294.1875,493666
2022-02-18,264.8088073730469,285.3374938964844,290.08123779296875,283.125,290.08123779296875,824533
2022-02-21,257.29156494140625,277.23748779296875,283.5,271.875,283.5,460050
2022-02-22,251.3229522705078,270.8062438964844,275.25,263.25,263.3062438964844,573202
2022-02-23,253.4633331298828,273.11248779296875,276.26251220703125,271.875,274.125,203807
2022-02-24,241.92645263671875,260.6812438964844,267.48748779296875,258.375,262.5,389415
2022-02-25,257.20452880859375,277.14373779296875,280.1812438964844,264.7124938964844,264.7124938964844,258722
2022-02-28,255.65586853027344,275.4750061035156,276.75,270.0,273.0375061035156,227037
2022-03-02,254.9772186279297,274.7437438964844,277.66876220703125,272.92498779296875,273.75,203949
2022-03-03,263.15570068359375,283.5562438964844,285.6937561035156,277.23748779296875,277.875,156471
2022-03-04,262.61627197265625,282.9750061035156,286.875,277.8374938964844,282.375,139711
2022-03-07,260.96319580078125,281.1937561035156,286.875,274.0687561035156,279.0375061035156,163322
2022-03-08,263.225341796875,283.6312561035156,284.625,277.0874938964844,281.25,240026
2022-03-09,268.8284606933594,289.66876220703125,295.4624938964844,282.58123779296875,285.0,322341
2022-03-10,271.89105224609375,292.96875,296.98126220703125,288.375,291.1312561035156,377567
2022-03-11,262.7206726074219,283.0874938964844,293.8687438964844,281.6812438964844,291.375,339706
2022-03-14,264.9305725097656,285.46875,288.75,282.01873779296875,284.25,146245
2022-03-15,260.87615966796875,281.1000061035156,288.3187561035156,278.6812438964844,286.5,131786
2022-03-16,263.486328125,283.9125061035156,286.5,281.45623779296875,285.0,93495
2022-03-17,270.6555480957031,291.63751220703125,293.73748779296875,286.89373779296875,288.75,266658
2022-03-21,271.5603942871094,292.61248779296875,307.125,290.83123779296875,293.98126220703125,736365
2022-03-22,269.24603271484375,290.1187438964844,296.2124938964844,287.25,296.2124938964844,324346
2022-03-23,273.4049072265625,294.6000061035156,298.0874938964844,291.5062561035156,292.5,231034
2022-03-24,269.7159118652344,290.625,296.25,288.7875061035156,294.0375061035156,228205
2022-03-25,266.89691162109375,287.5874938964844,294.07501220703125,285.28125,292.125,189210
2022-03-28,264.7740173339844,285.29998779296875,291.0,283.6875,288.75,204183
2022-03-29,262.6510925292969,283.01251220703125,287.6625061035156,281.04376220703125,285.7875061035156,214631
2022-03-30,257.6743469238281,277.6499938964844,286.6875,274.23748779296875,284.9624938964844,416903
2022-03-31,257.32635498046875,277.2749938964844,283.875,275.625,279.11248779296875,306970
2022-04-01,261.589599609375,281.8687438964844,286.7250061035156,276.0,277.14373779296875,351351
2022-04-04,266.8621520996094,287.54998779296875,291.2250061035156,282.0,282.0,387346
2022-04-05,269.54193115234375,290.4375,294.375,289.10626220703125,289.10626220703125,905106
2022-04-06,273.61376953125,294.82501220703125,296.625,290.64373779296875,291.8999938964844,402386
2022-04-07,273.35272216796875,294.54376220703125,296.25,292.875,294.82501220703125,292778
2022-04-08,278.3990173339844,299.98126220703125,301.4624938964844,292.5,298.01251220703125,441485
2022-04-11,281.9662170410156,303.82501220703125,310.2749938964844,301.5,305.9437561035156,522642
2022-04-12,277.3027038574219,298.79998779296875,303.75,296.25,303.75,892770
2022-04-13,278.2771911621094,299.8500061035156,303.5249938964844,296.64373779296875,300.0,324727
2022-04-18,274.7969970703125,296.1000061035156,297.82501220703125,293.64373779296875,296.25,251882
2022-04-19,273.2483215332031,294.4312438964844,301.2749938964844,287.625,297.16876220703125,221557
2022-04-20,277.8943786621094,299.4375,301.125,292.4437561035156,293.625,484834
2022-04-21,275.962890625,297.35626220703125,302.25,295.3125,301.875,513837
2022-04-22,273.35272216796875,294.54376220703125,298.04998779296875,294.0,298.04998779296875,228869
2022-04-25,264.8958435058594,285.4312438964844,292.1625061035156,282.46875,290.625,267567
2022-04-26,260.82391357421875,281.04376220703125,286.89373779296875,277.875,286.875,443767
2022-04-27,264.2693786621094,284.7562561035156,288.01873779296875,276.0562438964844,278.5874938964844,346786
2022-04-28,260.8935546875,281.1187438964844,286.96875,279.375,286.23748779296875,146706
2022-04-29,261.7462158203125,282.0375061035156,289.125,276.0,282.5249938964844,228455
2022-05-02,258.35302734375,278.3812561035156,280.6499938964844,270.0,271.125,278525
2022-05-04,248.13864135742188,267.375,280.48126220703125,264.35626220703125,278.3812561035156,246421
2022-05-05,235.33145141601562,253.5749969482422,266.25,252.0,262.89373779296875,987127
2022-05-06,224.69944763183594,242.11874389648438,247.5,238.5,244.25625610351562,631447
2022-05-09,228.6146697998047,246.33749389648438,250.0500030517578,235.125,243.2624969482422,379735
2022-05-10,220.50579833984375,237.60000610351562,255.4499969482422,234.78750610351562,249.71249389648438,454301
2022-05-11,222.4547119140625,239.6999969482422,243.31875610351562,235.875,239.0437469482422,615039
2022-05-12,230.3547821044922,248.21249389648438,262.04998779296875,229.81875610351562,240.75,522538
2022-05-13,227.86642456054688,245.53125,254.25,242.25,253.4250030517578,372682
2022-05-16,229.13668823242188,246.89999389648438,249.375,244.1437530517578,249.375,135874
2022-05-17,231.22482299804688,249.14999389648438,251.10000610351562,241.91250610351562,244.875,293330
2022-05-18,232.6168975830078,250.64999389648438,254.94375610351562,246.14999389648438,250.5,286101
2022-05-19,234.0612030029297,252.2062530517578,258.07501220703125,243.78750610351562,247.5,362631
2022-05-20,233.74798583984375,251.86874389648438,258.0,250.40625,253.53750610351562,332562
2022-05-23,230.89418029785156,248.7937469482422,256.8187561035156,246.75,251.9250030517578,165690
2022-05-24,229.29330444335938,247.06875610351562,253.875,244.81875610351562,248.7937469482422,186223
2022-05-25,224.05560302734375,241.4250030517578,249.80624389648438,240.0,248.30624389648438,476002
2022-05-26,225.2910614013672,242.75625610351562,245.5124969482422,237.50625610351562,242.6999969482422,393354
2022-05-27,236.84535217285156,255.2062530517578,263.625,243.9375,244.0500030517578,555266
2022-05-30,238.65505981445312,257.15625,263.98126220703125,255.6750030517578,256.2749938964844,363231
2022-05-31,238.4462432861328,256.9312438964844,261.5249938964844,254.94375610351562,258.5249938964844,211855
2022-06-01,234.966064453125,253.18124389648438,260.625,251.30624389648438,258.29998779296875,237149
2022-06-02,239.36849975585938,257.92498779296875,262.5,251.2312469482422,253.18124389648438,347223
2022-06-03,242.5354766845703,261.3374938964844,270.375,258.75,259.2749938964844,764749
2022-06-06,244.1363983154297,263.0625,264.375,253.875,257.4750061035156,195693
2022-06-07,244.10157775878906,263.0249938964844,266.25,255.0,263.8125,234610
2022-06-08,240.8998260498047,259.57501220703125,265.42498779296875,257.92498779296875,264.35626220703125,241530
2022-06-09,237.80239868164062,256.23748779296875,261.54376220703125,251.56875610351562,256.875,183106
2022-06-10,241.70025634765625,260.4375,261.6937561035156,253.875,254.25,182762
2022-06-13,233.52175903320312,251.625,258.75,244.5,258.07501220703125,190674
2022-06-14,238.1678466796875,256.6312561035156,260.17498779296875,250.6125030517578,251.625,253741
2022-06-15,244.42935180664062,258.375,260.2124938964844,252.60000610351562,255.0,116215
2022-06-16,232.5803680419922,245.85000610351562,260.1000061035156,242.2687530517578,259.7250061035156,269157
2022-06-17,234.15904235839844,247.5187530517578,249.75,239.10000610351562,243.75,237154
2022-06-20,220.1460418701172,232.7062530517578,249.78750610351562,228.78750610351562,247.59375,355082
2022-06-21,229.83099365234375,242.94375610351562,249.75,233.1374969482422,233.1374969482422,267687
2022-06-22,225.5384063720703,238.40625,247.2375030517578,236.3249969482422,240.75,439789
2022-06-23,232.88192749023438,246.1687469482422,247.5,236.10000610351562,239.0812530517578,176706
2022-06-24,237.52926635742188,251.0812530517578,254.6062469482422,247.46249389648438,247.46249389648438,280967
2022-06-27,244.1278076171875,258.0562438964844,264.3187561035156,254.00625610351562,255.9375,443917
2022-06-28,241.6090087890625,255.3937530517578,259.125,254.2687530517578,258.6937561035156,125031
2022-06-29,240.3318634033203,254.0437469482422,259.125,252.09375,253.08749389648438,162098
2022-06-30,237.4937744140625,251.0437469482422,257.9624938964844,250.3125,254.68124389648438,114701
2022-07-01,234.97500610351562,248.38125610351562,251.9812469482422,245.625,251.0437469482422,153045
2022-07-04,233.83975219726562,247.18124389648438,250.96875,246.1125030517578,249.61874389648438,92125
2022-07-05,239.17889404296875,252.8249969482422,256.9312438964844,248.11874389648438,248.3249969482422,226279
2022-07-06,241.3251953125,255.09375,256.85626220703125,251.28750610351562,252.8249969482422,593490
2022-07-07,243.63113403320312,257.53125,259.6312561035156,255.84375,256.125,135695
2022-07-08,244.0568389892578,257.98126220703125,259.78125,256.125,258.82501220703125,83229
2022-07-11,236.3408203125,249.8249969482422,257.25,247.5,257.25,190138
2022-07-12,236.9971466064453,250.5187530517578,254.6437530517578,249.97500610351562,250.875,303378
2022-07-13,235.6845245361328,249.13125610351562,253.3312530517578,247.875,252.375,108239
2022-07-14,236.05702209472656,249.52499389648438,250.4250030517578,247.83749389648438,249.99374389648438,80370
2022-07-15,234.24774169921875,247.6125030517578,251.25,245.75625610351562,250.78125,476570
2022-07-18,234.60250854492188,247.9875030517578,250.16250610351562,247.125,248.25,135621
2022-07-19,237.4405975341797,250.9875030517578,252.75,247.5,247.5,196519
2022-07-20,241.9105224609375,255.71249389648438,259.1625061035156,252.2062530517578,252.5625,411943
2022-07-21,253.6707763671875,268.14373779296875,281.25,266.25,273.35626220703125,4917959
2022-07-22,255.17857360839844,269.73748779296875,273.11248779296875,267.75,270.75,499349
2022-07-25,264.95220947265625,280.0687561035156,283.125,272.0625,273.75,859946
2022-07-26,245.26303100585938,259.2562561035156,281.98126220703125,255.75,281.25,1873487
2022-07-27,248.95254516601562,263.15625,265.8187561035156,259.1625061035156,259.3687438964844,737119
2022-07-28,247.46253967285156,261.58123779296875,267.0,260.25,266.92498779296875,604386
2022-07-29,250.19415283203125,264.46875,265.5375061035156,261.58123779296875,262.5,372111
2022-08-01,253.7772674560547,268.2562561035156,269.625,263.17498779296875,265.875,305818
2022-08-02,249.3250274658203,263.54998779296875,271.70623779296875,263.1000061035156,266.8125,426650
2022-08-03,252.783935546875,267.20623779296875,267.9375,262.875,264.9375,290157
2022-08-04,252.62425231933594,267.0375061035156,272.9624938964844,263.7562561035156,270.75,320522
2022-08-05,251.6309051513672,265.98748779296875,269.25,265.5,269.25,122261
2022-08-08,248.6864776611328,262.875,266.79376220703125,262.125,265.98748779296875,151869
2022-08-10,245.75965881347656,259.78125,265.70623779296875,258.84375,264.26251220703125,239874
2022-08-11,244.60670471191406,258.5625,264.35626220703125,256.7437438964844,261.1499938964844,316114
2022-08-12,244.25196838378906,258.1875,263.17498779296875,256.0874938964844,259.9125061035156,296442
2022-08-16,246.75299072265625,260.83123779296875,261.48748779296875,255.375,259.01251220703125,186181
2022-08-17,248.45587158203125,262.6312561035156,267.0,260.73748779296875,261.7124938964844,271893
2022-08-18,250.72630310058594,265.03125,269.4375,261.58123779296875,262.6312561035156,246818
2022-08-19,250.79730224609375,265.10626220703125,267.7124938964844,262.1625061035156,264.375,233591
2022-08-22,246.23863220214844,260.2875061035156,266.25,258.75,266.25,308893
2022-08-23,246.75299072265625,260.83123779296875,262.48126220703125,256.875,257.5874938964844,187538
2022-08-24,249.9635772705078,264.2250061035156,265.5,260.83123779296875,260.83123779296875,125807
2022-08-25,248.2252655029297,262.38751220703125,267.0,259.3500061035156,266.25,172130
2022-08-26,250.74403381347656,265.04998779296875,266.70001220703125,263.25,263.4375,111903
2022-08-29,246.20315551757812,260.25,263.25,257.64373779296875,258.0,178778
2022-08-30,252.783935546875,267.20623779296875,271.9125061035156,263.98126220703125,264.0,1036943
2022-09-01,256.5444030761719,271.1812438964844,278.8500061035156,268.5,269.625,878949
2022-09-02,255.44459533691406,270.01873779296875,276.75,269.26873779296875,276.75,402271
2022-09-05,254.02557373046875,268.51873779296875,274.78125,266.25,273.75,417615
2022-09-06,252.85487365722656,267.28125,270.3374938964844,266.25,270.0,228885
2022-09-07,253.5288848876953,267.9937438964844,270.0,262.5,267.375,224287
2022-09-08,270.2321472167969,285.6499938964844,301.5,282.5249938964844,297.0,3138958
2022-09-09,276.948974609375,292.75,295.1000061035156,285.07501220703125,289.95001220703125,846942
2022-09-12,278.01324462890625,293.875,296.25,292.82501220703125,294.0,384740
2022-09-13,273.23590087890625,288.82501220703125,296.45001220703125,286.5,296.45001220703125,305168
2022-09-14,268.12725830078125,283.42498779296875,285.54998779296875,279.6499938964844,282.5,215010
2022-09-15,270.9416809082031,286.3999938964844,289.70001220703125,281.2250061035156,284.8999938964844,446440
2022-09-16,265.7385559082031,280.8999938964844,286.375,275.5249938964844,286.375,369036
2022-09-19,260.4881286621094,275.3500061035156,283.5,272.29998779296875,281.5,223814
2022-09-20,257.0824279785156,271.75,278.25,271.0,276.5,268692
2022-09-21,256.089111328125,270.70001220703125,277.29998779296875,269.125,271.5,131216
2022-09-22,253.32199096679688,267.7749938964844,269.9750061035156,266.875,268.2749938964844,177378
2022-09-23,245.96664428710938,260.0,270.82501220703125,258.2749938964844,267.79998779296875,170074
2022-09-26,236.48272705078125,249.97500610351562,256.20001220703125,244.0,255.0,289372
2022-09-27,242.2771453857422,256.1000061035156,258.79998779296875,250.5500030517578,251.3000030517578,439996
2022-09-28,235.4657440185547,248.89999389648438,257.3999938964844,246.47500610351562,257.0,170178
2022-09-29,234.99273681640625,248.39999389648438,253.5,245.52499389648438,249.0,428130
2022-09-30,243.88539123535156,257.79998779296875,262.5,243.625,247.22500610351562,374750
2022-10-03,239.15525817871094,252.8000030517578,257.42498779296875,251.5,256.42498779296875,168708
2022-10-04,236.64825439453125,250.14999389648438,256.67498779296875,248.02499389648438,254.10000610351562,201612
2022-10-06,242.67919921875,256.5249938964844,260.9750061035156,251.5,251.5,329344
2022-10-07,243.8144073486328,257.7250061035156,261.625,256.07501220703125,257.5,450320
2022-10-10,244.80772399902344,258.7749938964844,261.125,254.77499389648438,256.3999938964844,295020
2022-10-11,242.08790588378906,255.89999389648438,262.0,253.0,260.5,278940
2022-10-12,243.31776428222656,257.20001220703125,260.5249938964844,254.39999389648438,257.20001220703125,411528
2022-10-13,239.15525817871094,252.8000030517578,259.42498779296875,250.52499389648438,258.5,129026
2022-10-14,238.5403289794922,252.14999389648438,256.54998779296875,250.5500030517578,254.1999969482422,150982
2022-10-17,238.6349334716797,252.25,254.39999389648438,250.9499969482422,252.5,98758
2022-10-18,237.66526794433594,251.22500610351562,256.20001220703125,246.5,253.02499389648438,888892
2022-10-19,239.55731201171875,253.22500610351562,260.0,251.8000030517578,252.5,557058
2022-10-20,240.9290313720703,254.6750030517578,257.5,252.5,252.5,341420
2022-10-21,241.0472869873047,254.8000030517578,257.07501220703125,253.25,255.9499969482422,145352
2022-10-24,243.03395080566406,256.8999938964844,259.0,255.5749969482422,259.0,35620
2022-10-25,241.16554260253906,254.9250030517578,256.9750061035156,253.25,256.8999938964844,1573006
2022-10-27,246.0848846435547,260.125,261.4750061035156,256.0249938964844,256.95001220703125,311986
2022-10-28,243.53062438964844,257.42498779296875,261.45001220703125,255.14999389648438,261.45001220703125,119876
2022-10-31,251.01132202148438,261.7250061035156,263.07501220703125,255.10000610351562,255.4499969482422,265886
2022-11-01,249.38092041015625,260.0249938964844,263.875,259.0,263.04998779296875,117200
2022-11-02,246.12010192871094,256.625,260.5,255.0,260.25,189136
2022-11-03,249.5727081298828,260.2250061035156,261.0,256.3500061035156,257.0,171442
2022-11-04,250.0283203125,260.70001220703125,264.5,258.0,258.1000061035156,383222
2022-11-07,254.1762237548828,265.0249938964844,265.79998779296875,262.0,263.5,201006
2022-11-09,253.74465942382812,264.57501220703125,267.5,262.3999938964844,266.0,112434
2022-11-10,254.0563507080078,264.8999938964844,265.70001220703125,260.0,264.0,142776
2022-11-11,254.9434814453125,265.82501220703125,269.82501220703125,263.5,265.5,198634
2022-11-14,259.4271240234375,270.5,276.0,267.0,267.17498779296875,568604
2022-11-15,261.2733154296875,272.42498779296875,273.7250061035156,268.5,271.875,146084
2022-11-16,260.506103515625,271.625,272.67498779296875,269.0,272.125,140418
2022-11-17,259.11541748046875,270.17498779296875,272.82501220703125,267.82501220703125,270.0,98844
2022-11-18,251.6107940673828,262.3500061035156,271.54998779296875,261.70001220703125,271.54998779296875,93140
2022-11-21,250.62771606445312,261.32501220703125,267.125,260.0249938964844,262.3500061035156,93884
2022-11-22,249.9803009033203,260.6499938964844,263.4750061035156,257.7749938964844,262.6499938964844,112862
2022-11-23,252.0423126220703,262.79998779296875,264.4750061035156,260.75,262.0,81050
2022-11-24,254.34410095214844,265.20001220703125,268.0,261.2749938964844,262.5,318606
2022-11-25,265.15753173828125,276.4750061035156,279.5,265.0249938964844,266.54998779296875,470514
2022-11-28,280.67041015625,292.6499938964844,294.8999938964844,276.67498779296875,277.5,987970
2022-11-29,277.3136901855469,289.1499938964844,294.125,287.7749938964844,293.5,437578
2022-11-30,281.006103515625,293.0,294.70001220703125,286.0,291.125,473350
2022-12-01,278.8241882324219,290.7250061035156,295.5,288.0249938964844,295.0,432514
2022-12-02,280.64642333984375,292.625,293.9750061035156,289.2250061035156,289.2250061035156,176306
2022-12-05,282.66046142578125,294.7250061035156,298.3999938964844,290.5,295.0,441730
2022-12-06,284.5066833496094,296.6499938964844,299.9750061035156,293.5249938964844,295.8500061035156,381832
2022-12-07,280.45458984375,292.42498779296875,300.0,289.0,295.0,231254
2022-12-08,284.0751037597656,296.20001220703125,298.1499938964844,290.9750061035156,291.0,171432
2022-12-09,285.0342102050781,297.20001220703125,304.625,295.07501220703125,301.0,659210
2022-12-12,278.6084289550781,290.5,296.95001220703125,289.5249938964844,295.25,235376
2022-12-13,274.82012939453125,286.54998779296875,293.3999938964844,282.5,287.8500061035156,362584
2022-12-14,268.56219482421875,280.0249938964844,289.2749938964844,278.04998779296875,286.54998779296875,301058
2022-12-15,259.3312072753906,270.3999938964844,278.9750061035156,270.0,277.67498779296875,308984
2022-12-16,254.65577697753906,265.5249938964844,278.20001220703125,263.5,270.57501220703125,548302
2022-12-19,262.5201110839844,273.7250061035156,275.0,264.0,265.4750061035156,263472
2022-12-20,254.89553833007812,265.7749938964844,274.45001220703125,265.0,273.7250061035156,193222
2022-12-21,255.5429229736328,266.45001220703125,272.5,264.0,269.7749938964844,309540
2022-12-22,259.47503662109375,270.54998779296875,271.75,261.57501220703125,266.57501220703125,334004
2022-12-23,256.57391357421875,267.5249938964844,269.0,262.54998779296875,269.0,302248
2022-12-26,265.1335754394531,276.45001220703125,280.0,265.0,267.5,517158
2022-12-27,274.7481384277344,286.4750061035156,289.0,277.0249938964844,278.32501220703125,369210
2022-12-28,273.04583740234375,284.70001220703125,287.92498779296875,283.5,286.4750061035156,133720
2022-12-29,268.825927734375,280.29998779296875,287.45001220703125,278.75,284.5,161656
2022-12-30,270.3125,281.8500061035156,289.20001220703125,280.1000061035156,280.1000061035156,271976
2023-01-02,278.1048889160156,289.9750061035156,291.67498779296875,282.0249938964844,283.3500061035156,276758
2023-01-03,276.8341369628906,288.6499938964844,293.5,285.0,290.0,233924
2023-01-04,275.87506103515625,287.6499938964844,289.75,284.5,289.0,154638
2023-01-05,280.3827209472656,292.3500061035156,293.8999938964844,286.0249938964844,290.3500061035156,292120
2023-01-06,281.7493896484375,293.7749938964844,295.92498779296875,290.3500061035156,292.0,363664
2023-01-09,279.5435485839844,291.4750061035156,296.95001220703125,290.0,294.9750061035156,279806
2023-01-10,279.1838684082031,291.1000061035156,293.9750061035156,290.0,291.45001220703125,121274
2023-01-11,278.39263916015625,290.2749938964844,293.1000061035156,289.0249938964844,291.5,98954
2023-01-12,275.4435119628906,287.20001220703125,297.0,283.75,290.1000061035156,129628
2023-01-13,280.45458984375,292.42498779296875,295.42498779296875,285.75,290.0,143662
2023-01-16,278.29669189453125,290.17498779296875,294.5,289.7250061035156,293.5,87910
2023-01-17,277.74530029296875,289.6000061035156,292.20001220703125,288.45001220703125,290.17498779296875,95930
2023-01-18,279.6153869628906,291.54998779296875,292.5,288.25,289.6000061035156,92000
2023-01-19,279.3037414550781,291.2250061035156,292.5,290.0,291.45001220703125,113992
2023-01-20,280.9101867675781,292.8999938964844,298.125,290.54998779296875,291.2250061035156,247214
2023-01-23,284.4107666015625,296.54998779296875,302.7749938964844,294.0,294.0,333668
2023-01-24,299.3242492675781,312.1000061035156,314.0,297.0,300.0,1870612
2023-01-25,298.8447265625,311.6000061035156,316.875,308.17498779296875,313.95001220703125,816402
2023-01-27,290.5487976074219,302.95001220703125,315.75,300.0,314.1000061035156,292458
2023-01-30,290.0692443847656,302.45001220703125,310.8999938964844,297.5,301.45001220703125,344080
2023-01-31,291.07623291015625,303.5,306.875,299.3999938964844,303.3500061035156,290920
2023-02-01,297.358154296875,310.04998779296875,322.20001220703125,304.9750061035156,304.9750061035156,757194
2023-02-02,300.115478515625,312.92498779296875,318.0,307.5,308.625,460322
2023-02-03,296.207275390625,308.8500061035156,315.95001220703125,305.2749938964844,315.4750061035156,369166
2023-02-06,294.1932373046875,306.75,310.8500061035156,303.9750061035156,308.8500061035156,217274
2023-02-07,292.8505859375,305.3500061035156,309.57501220703125,300.6499938964844,308.17498779296875,299652
2023-02-08,307.6201171875,320.75,321.3500061035156,303.67498779296875,303.67498779296875,745244
2023-02-09,312.3914794921875,325.7250061035156,331.04998779296875,313.67498779296875,320.5,979208
2023-02-10,315.53240966796875,329.0,333.0,323.1499938964844,326.4750061035156,422006
2023-02-13,315.3645935058594,328.82501220703125,340.5,317.5,340.5,513088
2023-02-14,313.8780212402344,327.2749938964844,333.5,325.0,332.0,503224
2023-02-15,316.58740234375,330.1000061035156,332.3999938964844,325.1000061035156,327.29998779296875,194246
2023-02-16,322.3657531738281,336.125,345.0,330.5249938964844,330.79998779296875,647038
2023-02-17,326.0821228027344,340.0,344.5,333.7749938964844,336.0,300782
2023-02-20,352.8640441894531,367.92498779296875,376.5,341.1000061035156,342.4750061035156,8687692
2023-02-21,346.6061706542969,361.3999938964844,368.25,358.07501220703125,364.0,1216968
2023-02-22,330.9973449707031,345.125,358.625,343.0,357.4750061035156,720838
2023-02-23,348.6681213378906,363.54998779296875,369.0,346.9750061035156,347.0249938964844,5834936
2023-02-24,338.5499572753906,353.0,372.3500061035156,348.42498779296875,365.0,1403968
2023-02-27,345.2634582519531,360.0,363.0,353.04998779296875,360.0,901580
2023-02-28,348.2845153808594,363.1499938964844,369.45001220703125,360.0,369.45001220703125,985068
2023-03-01,369.6956481933594,385.4750061035156,395.5,361.0,367.5,2040738
2023-03-02,384.4412841796875,400.8500061035156,404.5,386.125,391.0,4874998
2023-03-03,380.8448181152344,397.1000061035156,402.9750061035156,391.0,400.8500061035156,1461452
2023-03-06,394.9190368652344,411.7749938964844,416.32501220703125,400.04998779296875,400.75,1624532
2023-03-08,392.08978271484375,408.82501220703125,412.5,398.0249938964844,405.5,819082
2023-03-09,392.4014892578125,409.1499938964844,412.17498779296875,404.0,411.125,912086
2023-03-10,374.1792297363281,390.1499938964844,404.75,387.5,404.5,784914
2023-03-13,383.3623046875,399.7250061035156,405.0,376.0,380.0,2048156
2023-03-14,400.21783447265625,417.29998779296875,422.5,388.42498779296875,394.9750061035156,3313228
2023-03-15,396.4775085449219,413.3999938964844,427.79998779296875,402.5,417.29998779296875,4121762
2023-03-16,388.3734130859375,404.95001220703125,415.4750061035156,400.0,411.5,1227536
2023-03-17,383.14654541015625,399.5,413.20001220703125,395.9750061035156,407.1000061035156,920470
2023-03-20,386.2874450683594,402.7749938964844,411.6000061035156,391.0,397.5,1777278
2023-03-21,384.8968505859375,401.32501220703125,409.5,397.5249938964844,409.5,566198
2023-03-22,386.4553527832031,402.95001220703125,422.5,400.0249938964844,413.0,3202124
2023-03-23,395.75823974609375,412.6499938964844,414.8999938964844,400.3500061035156,403.0,1575914
2023-03-24,394.65533447265625,411.5,415.92498779296875,408.375,411.45001220703125,1449432
2023-03-27,371.8774719238281,387.75,413.70001220703125,384.95001220703125,413.70001220703125,839838
2023-03-28,365.8354187011719,381.45001220703125,397.5,378.57501220703125,388.42498779296875,1097882
2023-03-29,360.440673828125,375.82501220703125,382.8999938964844,369.0,381.45001220703125,1451498
2023-03-31,401.0330505371094,418.1499938964844,424.0,378.04998779296875,378.04998779296875,7590422
2023-04-03,411.91845703125,429.5,444.95001220703125,419.04998779296875,422.5,9889044
2023-04-05,403.43072509765625,420.6499938964844,429.5,411.5,429.5,2411186
2023-04-06,415.0833435058594,432.79998779296875,436.0,415.375,422.5,2379092
2023-04-10,412.4219665527344,430.0249938964844,442.3500061035156,426.1000061035156,432.79998779296875,1998506
2023-04-11,429.8290100097656,448.17498779296875,451.4750061035156,430.5249938964844,431.5,3361042
2023-04-12,420.6459655761719,438.6000061035156,451.45001220703125,436.7749938964844,448.17498779296875,1149140
2023-04-13,406.955322265625,424.32501220703125,446.0,420.6000061035156,440.0,1171028
2023-04-17,383.5301208496094,399.8999938964844,416.7250061035156,396.20001220703125,407.5,2572834
2023-04-18,382.8827819824219,399.2250061035156,411.5,394.4750061035156,403.0,1656790
2023-04-19,395.8061828613281,412.70001220703125,419.75,401.54998779296875,401.625,3008540
2023-04-20,390.3155212402344,406.9750061035156,417.45001220703125,403.54998779296875,415.4750061035156,1119980
2023-04-21,395.8061828613281,412.70001220703125,415.67498779296875,408.5,409.67498779296875,626930
2023-04-24,389.692138671875,406.32501220703125,415.4750061035156,403.07501220703125,413.54998779296875,797700
2023-04-25,401.34478759765625,418.4750061035156,421.92498779296875,407.25,410.0,994378
2023-04-26,392.209716796875,408.95001220703125,420.0,407.5,420.0,604358
2023-04-27,401.87225341796875,419.0249938964844,421.0,411.0,411.42498779296875,617456
2023-04-28,409.8804626464844,427.375,430.0,419.04998779296875,420.4750061035156,683214
2023-05-02,411.22314453125,428.7749938964844,435.95001220703125,425.1499938964844,426.0,651650
2023-05-03,407.8184814453125,425.2250061035156,429.25,423.1000061035156,427.5,235520
2023-05-04,416.54595947265625,434.32501220703125,435.6000061035156,425.25,427.29998779296875,673598
2023-05-05,412.6617431640625,430.2749938964844,437.3999938964844,428.0,434.7250061035156,360538
2023-05-08,415.8985900878906,433.6499938964844,438.8999938964844,425.0249938964844,432.5,403234
2023-05-09,405.9482727050781,423.2749938964844,436.5,419.0,436.5,331042
2023-05-10,408.4418640136719,425.875,434.9750061035156,423.5,426.375,445332
2023-05-11,413.2851257324219,430.92498779296875,434.4750061035156,427.04998779296875,427.5,496646
2023-05-12,419.54302978515625,437.45001220703125,441.0,428.75,432.2749938964844,683202
2023-05-15,424.43426513671875,442.54998779296875,447.0,401.4750061035156,430.0249938964844,2769046
2023-05-16,457.5939636230469,477.125,481.5,445.5249938964844,447.5,4996546
2023-05-17,459.583984375,479.20001220703125,492.8500061035156,468.57501220703125,473.5,2816002
2023-05-18,442.9442443847656,461.8500061035156,474.5,459.0,467.57501220703125,1369096
2023-05-19,442.80035400390625,461.70001220703125,466.6499938964844,456.0249938964844,461.8500061035156,525544
2023-05-22,447.0682067871094,466.1499938964844,470.0,461.0,461.67498779296875,476676
2023-05-23,443.9752197265625,462.92498779296875,470.32501220703125,460.2749938964844,465.0,285456
2023-05-24,441.5775451660156,460.42498779296875,474.9750061035156,457.29998779296875,462.92498779296875,602352
2023-05-25,444.5986328125,463.57501220703125,468.7250061035156,458.2250061035156,462.7250061035156,501452
2023-05-26,467.95184326171875,487.92498779296875,491.8999938964844,462.875,466.8500061035156,2544528
2023-05-29,461.7419128417969,481.45001220703125,492.45001220703125,478.04998779296875,486.54998779296875,718758
2023-05-30,466.3214416503906,486.2250061035156,495.0,476.42498779296875,480.0249938964844,1082412
2023-05-31,465.9858093261719,485.875,491.3999938964844,483.0,487.5,608372
2023-06-01,473.3705749511719,493.57501220703125,502.45001220703125,485.8999938964844,488.42498779296875,1190860
2023-06-02,472.1477966308594,492.29998779296875,500.0,490.0249938964844,497.1499938964844,451242
2023-06-05,466.153564453125,486.04998779296875,498.125,481.04998779296875,495.0,294502
2023-06-06,464.2354736328125,484.04998779296875,490.0,481.5,487.82501220703125,343182
2023-06-07,471.3805236816406,491.5,499.0,484.4750061035156,487.9750061035156,493474
2023-06-08,476.9190979003906,497.2749938964844,499.70001220703125,489.70001220703125,494.0,419828
2023-06-09,495.2851867675781,516.4249877929688,526.75,498.25,498.5,3425818
2023-06-12,487.37286376953125,508.17498779296875,539.0,504.42498779296875,520.5499877929688,1645594
2023-06-13,497.5870056152344,518.8250122070312,522.5,508.54998779296875,512.0,659854
2023-06-14,484.8793640136719,505.57501220703125,528.2750244140625,504.0,522.5,496490
2023-06-15,492.0003967285156,513.0,515.0,506.54998779296875,508.6499938964844,399522
2023-06-16,488.3799743652344,509.2250061035156,519.8499755859375,502.0249938964844,514.5,598642
2023-06-19,486.9892578125,507.7749938964844,514.9500122070312,503.625,512.5,417942
2023-06-20,495.7167663574219,516.875,522.625,505.5,510.32501220703125,695028
2023-06-21,486.65362548828125,507.42498779296875,524.125,505.92498779296875,516.9000244140625,395264
2023-06-22,478.1418762207031,498.54998779296875,512.0250244140625,491.0,509.9750061035156,293222
2023-06-23,467.9997863769531,487.9750061035156,503.8500061035156,483.1000061035156,499.5,531190
2023-06-26,476.58343505859375,496.92498779296875,499.75,489.0249938964844,490.5249938964844,280384
2023-06-27,481.37872314453125,501.92498779296875,510.0,497.0249938964844,500.0,486132
2023-06-28,486.2459716796875,507.0,515.0,500.1000061035156,506.8500061035156,267374
2023-06-30,484.06414794921875,504.7250061035156,511.95001220703125,502.29998779296875,508.0,193044
2023-07-03,478.7652893066406,499.20001220703125,514.0,497.5249938964844,504.9750061035156,357282
2023-07-04,477.0150146484375,497.375,509.17498779296875,495.04998779296875,503.8500061035156,238412
2023-07-05,479.0769958496094,499.5249938964844,504.5,495.20001220703125,498.5,265358
2023-07-06,484.37579345703125,505.04998779296875,507.5,494.04998779296875,501.0,239286
2023-07-07,480.2998046875,500.79998779296875,509.07501220703125,497.5,505.2250061035156,222688
2023-07-10,473.6343078613281,493.8500061035156,501.82501220703125,486.45001220703125,500.04998779296875,373226
2023-07-11,458.5290222167969,478.1000061035156,496.29998779296875,475.125,493.8500061035156,953550
2023-07-12,475.02496337890625,495.29998779296875,499.0,478.2749938964844,482.5,529632
2023-07-13,474.8570861816406,495.125,502.20001220703125,492.3999938964844,498.8999938964844,322362
2023-07-14,505.25946044921875,526.8250122070312,537.5,491.0,491.0,4734542
2023-07-17,511.4214782714844,533.25,540.5,526.75,531.0,2615632
2023-07-18,501.59100341796875,523.0,547.3499755859375,518.125,537.0,1878918
2023-07-19,504.8518981933594,526.4000244140625,534.5,521.1500244140625,525.5,821142
2023-07-20,504.3243103027344,525.8499755859375,530.5,520.5499877929688,527.0,769516
2023-07-21,506.2828674316406,523.5,532.4500122070312,502.25,524.5,838798
2023-07-24,503.9375305175781,521.0750122070312,529.7249755859375,518.3499755859375,523.5,471356
2023-07-25,509.2083740234375,526.5250244140625,532.3499755859375,520.75,524.9749755859375,620330
2023-07-26,510.80401611328125,528.1749877929688,538.4000244140625,524.5999755859375,527.0,969580
2023-07-27,507.9994812011719,525.2750244140625,535.7000122070312,522.6749877929688,531.0,544092
2023-07-28,513.2460327148438,530.7000122070312,533.0,521.5,530.0,413450
2023-07-31,510.9732666015625,528.3499755859375,538.2999877929688,522.0,530.0,684082
2023-08-01,506.2585144042969,523.4749755859375,533.2999877929688,521.0,531.4749755859375,530064
2023-08-02,506.2828674316406,523.5,532.4249877929688,512.5250244140625,525.8250122070312,872780
2023-08-03,502.1242370605469,519.2000122070312,525.25,507.5,525.0250244140625,443070
2023-08-04,503.115478515625,520.2249755859375,530.2249755859375,518.0250244140625,520.5,650740
2023-08-07,501.42303466796875,518.4749755859375,531.5,515.625,531.5,446734
2023-08-08,492.5497741699219,509.29998779296875,523.5,507.0,522.5999755859375,243298
2023-08-09,499.9239807128906,516.9249877929688,519.8250122070312,506.0,511.3500061035156,338278
2023-08-10,516.4375610351562,534.0,535.4500122070312,517.0250244140625,519.5,1292808
2023-08-11,502.0758972167969,519.1500244140625,542.5,515.5,536.5,919242
2023-08-14,498.4975280761719,515.4500122070312,521.8250122070312,512.75,519.1500244140625,238850
2023-08-16,497.748046875,514.6749877929688,526.7999877929688,512.5,512.75,611358
2023-08-17,493.5411071777344,510.32501220703125,518.9749755859375,507.70001220703125,517.0750122070312,215060
2023-08-18,485.4415283203125,501.95001220703125,514.0,493.0,508.0249938964844,556884
2023-08-21,499.9482727050781,516.9500122070312,522.5,483.2749938964844,501.95001220703125,1721598
2023-08-22,494.21807861328125,511.0249938964844,519.5499877929688,507.0,518.9749755859375,841960
2023-08-23,493.66204833984375,510.45001220703125,515.9000244140625,508.0,513.3499755859375,648702
2023-08-24,498.376708984375,515.3250122070312,517.5250244140625,511.75,514.75,513214
2023-08-25,492.4046936035156,509.1499938964844,514.0750122070312,502.0249938964844,510.5,434390
2023-08-28,493.2267761230469,510.0,516.125,506.0,511.82501220703125,271242
2023-08-29,492.7431945800781,509.5,516.5,505.5,508.5,253736
2023-08-30,495.0643310546875,511.8999938964844,516.8250122070312,507.7749938964844,512.9500122070312,344970
2023-08-31,505.5816345214844,522.7750244140625,526.0,511.2250061035156,512.5,781028
2023-09-01,504.1793212890625,521.3250122070312,525.0,512.5250244140625,522.7750244140625,621706
2023-09-04,516.0505981445312,533.5999755859375,540.5,522.5499877929688,525.5,1196622
2023-09-05,526.5679931640625,544.4749755859375,549.9749755859375,535.25,535.25,857476
2023-09-06,532.7332763671875,550.8499755859375,554.9500122070312,545.0,549.0,767224
2023-09-07,532.394775390625,550.5,554.5,545.0750122070312,554.3499755859375,357428
2023-09-08,539.6964721679688,558.0499877929688,562.5,551.0,552.5,906070
2023-09-11,544.4837036132812,563.0,574.4500122070312,554.1500244140625,562.5,692604
2023-09-12,528.0185546875,545.9749755859375,569.0,536.0250244140625,569.0,892282
2023-09-13,529.5902099609375,547.5999755859375,554.7000122070312,532.5,545.0,619278
2023-09-14,523.0863037109375,540.875,555.6749877929688,537.5499877929688,550.3499755859375,451578
2023-09-15,526.0119018554688,543.9000244140625,551.3499755859375,537.5,543.7000122070312,439100
2023-09-18,521.5630493164062,539.2999877929688,546.9749755859375,535.1500244140625,545.0,386252
2023-09-20,521.9984130859375,539.75,544.0,535.0,541.0,374134
2023-09-21,521.8532104492188,539.5999755859375,543.3250122070312,534.0,538.4749755859375,257338
2023-09-22,504.638671875,521.7999877929688,542.9500122070312,512.7750244140625,539.5999755859375,527276
2023-09-25,527.1965942382812,545.125,548.4249877929688,516.5250244140625,519.9249877929688,960656
2023-09-26,512.0613403320312,529.4749755859375,550.0,527.375,549.0,363078
2023-09-27,514.5515747070312,532.0499877929688,542.2999877929688,529.0,532.0,662716
2023-09-28,526.0119018554688,543.9000244140625,549.0,526.375,532.8250122070312,425058
2023-09-29,511.50518798828125,528.9000244140625,542.4249877929688,526.2999877929688,537.9500122070312,439674
2023-10-03,503.4781494140625,520.5999755859375,539.9500122070312,517.7750244140625,527.0250244140625,510208
2023-10-04,502.5110168457031,519.5999755859375,521.7249755859375,512.7750244140625,520.0,256116
2023-10-05,501.0119934082031,518.0499877929688,525.0,515.5499877929688,524.2000122070312,352730
2023-10-06,503.3572692871094,520.4749755859375,522.2000122070312,516.0499877929688,519.0,159570
2023-10-09,504.3001708984375,521.4500122070312,525.5250244140625,512.7999877929688,516.5,294280
2023-10-10,515.107666015625,532.625,534.4749755859375,518.5,523.5999755859375,269588
2023-10-11,523.5457153320312,541.3499755859375,542.5,532.1500244140625,537.0,313936
2023-10-12,525.745849609375,543.625,548.6500244140625,535.0,541.3499755859375,269482
2023-10-13,527.2932739257812,545.2249755859375,547.4749755859375,529.2000122070312,536.5,486024
2023-10-16,525.9635009765625,543.8499755859375,544.9249877929688,535.2999877929688,543.9000244140625,342338
2023-10-17,530.1461791992188,548.1749877929688,552.3499755859375,540.0499877929688,543.8499755859375,216308
2023-10-18,530.2913818359375,548.3250122070312,556.375,535.8250122070312,548.1749877929688,969036
2023-10-19,534.2564697265625,552.4249877929688,555.0,537.0250244140625,542.4749755859375,358684
2023-10-20,537.5205688476562,555.7999877929688,577.5,552.7000122070312,562.5,1862824
2023-10-23,521.07958984375,538.7999877929688,561.2750244140625,536.0,558.0,906762
2023-10-25,507.2257080078125,524.4749755859375,549.0,520.5,544.9249877929688,618872
2023-10-26,548.9566040039062,567.625,577.5,525.0,541.5250244140625,4849928
2023-10-27,569.4110107421875,588.7750244140625,597.875,560.2000122070312,572.5,3365782
2023-10-30,559.1353759765625,578.1500244140625,595.0,575.0,595.0,945810
2023-10-31,557.85400390625,576.8250122070312,586.2999877929688,571.4000244140625,581.0,580762
2023-11-01,553.284423828125,572.0999755859375,585.0,567.5,576.8250122070312,850400
2023-11-02,578.5017700195312,598.1749877929688,612.9749755859375,575.9749755859375,579.5,641646
2023-11-03,593.03271484375,613.2000122070312,617.0,595.0,605.0,1462712
2023-11-06,603.5982666015625,624.125,625.9500122070312,609.0250244140625,617.4749755859375,1036068
2023-11-07,613.2025146484375,630.5,635.0,610.5250244140625,625.5250244140625,835416
2023-11-08,627.4017944335938,645.0999755859375,648.2999877929688,620.5499877929688,630.0,916504
2023-11-09,632.9454956054688,650.7999877929688,654.0,636.2000122070312,644.4749755859375,625706
2023-11-10,640.8475952148438,658.9249877929688,661.4749755859375,645.75,650.0,533890
2023-11-13,641.5527954101562,659.6500244140625,670.5750122070312,656.5,670.0,238976
2023-11-15,646.7073364257812,664.9500122070312,680.9749755859375,659.0250244140625,661.625,474994
2023-11-16,651.7402954101562,670.125,675.0,660.7999877929688,666.9500122070312,381976
2023-11-17,662.633056640625,681.3250122070312,696.7999877929688,670.0250244140625,670.125,829964
2023-11-20,673.0394897460938,692.0250244140625,699.5,681.125,681.3250122070312,419450
2023-11-21,665.477783203125,684.25,704.4749755859375,678.0499877929688,699.0,378300
2023-11-22,633.2859497070312,651.1500244140625,691.2000122070312,625.5750122070312,686.0,2464732
2023-11-23,631.8999633789062,649.7249755859375,662.0,645.0,658.2000122070312,428318
2023-11-24,629.05517578125,646.7999877929688,656.5,640.9749755859375,649.7249755859375,371842
2023-11-28,609.6282958984375,626.8250122070312,646.9749755859375,625.0,644.5999755859375,688686
2023-11-29,617.4574584960938,634.875,640.1500244140625,625.5499877929688,629.5,700740
2023-11-30,660.9310913085938,679.5750122070312,683.5,638.2000122070312,638.2000122070312,1566372
2023-12-01,665.6480102539062,684.4249877929688,711.0,680.0,696.0,1517936
2023-12-04,684.759033203125,704.0750122070312,709.7750244140625,696.5,705.5250244140625,775996
2023-12-05,711.3343505859375,731.4000244140625,734.5,704.0750122070312,704.0750122070312,1178068
2023-12-06,708.975830078125,728.9749755859375,742.5,722.5,739.9500122070312,474070
2023-12-07,701.3897705078125,721.1749877929688,735.8250122070312,717.75,735.8250122070312,336924
2023-12-08,689.7919921875,709.25,725.4500122070312,705.6500244140625,725.0,501696
2023-12-11,685.7557983398438,705.0999755859375,720.0,702.0,720.0,800680
2023-12-12,734.09228515625,754.7999877929688,775.9500122070312,708.4500122070312,709.9000244140625,4247887
2023-12-13,703.6510620117188,723.5,752.0,715.0,752.0,1419882
2023-12-14,755.0025024414062,776.2999877929688,804.0,732.0,732.0,4748615
2023-12-15,747.9999389648438,769.0999755859375,793.0999755859375,765.0,787.4000244140625,1301472
2023-12-18,738.2742919921875,759.0999755859375,775.7999877929688,751.75,770.0,682863
2023-12-19,736.4264526367188,757.2000122070312,769.8499755859375,755.0,766.4000244140625,551468
2023-12-20,731.5150146484375,752.1500244140625,784.9000244140625,749.7999877929688,762.9500122070312,1129631
2023-12-21,724.6098022460938,745.0499877929688,755.9500122070312,732.0999755859375,740.0,482173
2023-12-22,729.3267822265625,749.9000244140625,756.9000244140625,738.2999877929688,755.3499755859375,497570
2023-12-26,724.1234130859375,744.5499877929688,753.3499755859375,732.5499877929688,749.9000244140625,628558
2023-12-27,719.84423828125,740.1500244140625,753.75,735.5499877929688,752.0,385103
2023-12-28,707.3953247070312,727.3499755859375,747.5999755859375,725.0,746.9500122070312,410105
2023-12-29,722.3729248046875,742.75,746.0499877929688,730.0,738.9000244140625,469161
2024-01-01,703.0675659179688,722.9000244140625,739.9000244140625,720.4000244140625,736.0,1066481
2024-01-02,690.1810302734375,709.6500244140625,728.7999877929688,708.0,728.7999877929688,447140
2024-01-03,686.4851684570312,705.8499755859375,718.7999877929688,697.0499877929688,705.0499877929688,745261
2024-01-04,685.804443359375,705.1500244140625,714.3499755859375,702.3499755859375,710.0,356682
2024-01-05,695.724609375,715.3499755859375,716.5499877929688,702.0,712.0499877929688,543171
2024-01-08,681.4765014648438,700.7000122070312,719.9000244140625,699.25,719.0,467040
2024-01-09,685.220947265625,704.5499877929688,710.0,694.5499877929688,704.3499755859375,420680
2024-01-10,686.6312255859375,706.0,709.25,696.5999755859375,705.0,504112
2024-01-11,690.4727172851562,709.9500122070312,714.9000244140625,701.5,709.0,301148
2024-01-12,734.7731323242188,755.5,763.7999877929688,713.2000122070312,717.0,3207510
2024-01-15,740.9489135742188,761.8499755859375,779.5,756.0,764.7000122070312,1414234
2024-01-16,744.0125122070312,765.0,771.25,751.0499877929688,762.0999755859375,628161
2024-01-17,738.809326171875,759.6500244140625,762.4000244140625,745.0499877929688,756.7000122070312,410793
2024-01-18,744.8391723632812,765.8499755859375,770.0,732.4500122070312,759.6500244140625,417635
2024-01-19,749.06982421875,770.2000122070312,776.5,756.5,768.2000122070312,478114
2024-01-23,719.2606811523438,739.5499877929688,766.4500122070312,734.1500244140625,762.0,449923
2024-01-24,733.5574340820312,754.25,759.8499755859375,718.5,736.0,580239
2024-01-25,727.9651489257812,748.5,757.75,738.5499877929688,754.25,249950
2024-01-29,720.0386962890625,740.3499755859375,754.0999755859375,733.5,748.4500122070312,295146
2024-01-30,714.4464721679688,734.5999755859375,751.5999755859375,730.4000244140625,742.5,259382
2024-01-31,746.93017578125,768.0,770.0,735.5,736.8499755859375,725180
2024-02-01,743.6720581054688,764.6500244140625,778.0,752.9000244140625,769.9000244140625,398384
2024-02-02,747.3192749023438,768.4000244140625,774.0,710.5,744.9500122070312,750592
2024-02-05,786.075927734375,808.25,815.0,762.1500244140625,768.4000244140625,2233078
2024-02-06,800.6644897460938,823.25,838.0999755859375,813.4500122070312,825.0,969433
2024-02-07,783.2068481445312,805.2999877929688,830.7000122070312,802.1500244140625,830.0,392437
2024-02-08,776.3502807617188,798.25,810.0499877929688,787.7000122070312,806.5499877929688,429345
2024-02-09,774.8427734375,796.7000122070312,814.0,777.5,802.4500122070312,267815
2024-02-12,762.2966918945312,783.7999877929688,808.7000122070312,775.0999755859375,797.5499877929688,243205
2024-02-13,759.233154296875,780.6500244140625,786.5,745.2999877929688,786.5,546438
2024-02-14,755.8778076171875,777.2000122070312,788.6500244140625,762.75,781.0,213471
2024-02-15,790.4038696289062,812.7000122070312,827.0,780.0,782.9500122070312,551870
2024-02-16,775.572265625,797.4500122070312,820.75,786.0,815.2000122070312,331847
2024-02-19,819.0945434570312,842.2000122070312,848.0,801.4500122070312,802.0,1176036
2024-02-20,798.6220703125,821.1500244140625,865.6500244140625,815.0,850.0,735116
2024-02-21,810.5845947265625,833.4500122070312,859.9000244140625,821.1500244140625,821.1500244140625,785562
2024-02-22,821.0397338867188,844.2000122070312,852.5499877929688,826.0,833.8499755859375,407885
2024-02-23,816.3226318359375,839.3499755859375,846.9000244140625,831.5499877929688,846.9000244140625,178701
2024-02-26,824.2492065429688,847.5,852.0,818.7000122070312,839.3499755859375,338114
2024-02-27,834.1206665039062,857.6500244140625,870.0,837.4500122070312,854.1500244140625,434501
2024-02-28,817.73291015625,840.7999877929688,864.9500122070312,826.7000122070312,860.2000122070312,359864
2024-02-29,788.7018432617188,810.9500122070312,840.7999877929688,793.1500244140625,840.0,1030469
2024-03-01,794.8776245117188,817.2999877929688,825.0,806.5499877929688,815.0,379858
2024-03-04,794.4400024414062,816.8499755859375,826.1500244140625,797.8499755859375,822.5999755859375,408787
2024-03-05,800.1294555664062,822.7000122070312,834.7999877929688,803.2000122070312,811.0,430078
2024-03-06,783.0123291015625,805.0999755859375,825.0,774.9500122070312,825.0,660313
2024-03-07,767.4026489257812,789.0499877929688,816.9500122070312,785.0,812.4000244140625,507791
2024-03-11,761.372802734375,782.8499755859375,793.4500122070312,765.0,793.0,277164
2024-03-12,733.5088500976562,754.2000122070312,782.4500122070312,743.5999755859375,777.7000122070312,585798
2024-03-13,719.9901123046875,740.2999877929688,757.7000122070312,705.9500122070312,754.2000122070312,937981
2024-03-14,708.027587890625,728.0,741.2000122070312,704.0499877929688,737.0,964087
2024-03-15,711.4315185546875,731.5,747.4000244140625,718.25,728.0,528367
2024-03-18,724.9988403320312,745.4500122070312,749.0999755859375,723.3499755859375,731.5,351460
2024-03-19,729.521240234375,750.0999755859375,753.9000244140625,733.6500244140625,750.4000244140625,291232
2024-03-20,708.6597900390625,728.6500244140625,756.0,725.0,753.0999755859375,998435
2024-03-21,728.5000610351562,749.0499877929688,763.0,722.0,730.0,774076
2024-03-22,722.1784057617188,742.5499877929688,755.1500244140625,731.0499877929688,742.0,953407
2024-03-26,727.0899047851562,747.5999755859375,750.4000244140625,729.0999755859375,738.0,335336
2024-03-27,722.8106079101562,743.2000122070312,752.0,736.2999877929688,751.5,195954
2024-03-28,702.5325927734375,722.3499755859375,750.0999755859375,720.0,750.0,443175
2024-04-01,696.5026245117188,716.1500244140625,729.5,711.5,722.0,1119265
2024-04-02,710.0213623046875,730.0499877929688,736.0,713.5999755859375,717.0999755859375,573133
2024-04-03,725.5823974609375,746.0499877929688,748.5499877929688,726.2000122070312,735.0,672219
2024-04-04,729.1322631835938,749.7000122070312,753.9000244140625,738.25,750.1500244140625,587890
2024-04-05,721.692138671875,742.0499877929688,753.5999755859375,738.0499877929688,747.5999755859375,911374
2024-04-08,739.5872802734375,760.4500122070312,763.0,744.6500244140625,748.9000244140625,1444477
2024-04-09,737.7394409179688,758.5499877929688,769.7000122070312,749.25,768.0,639283
2024-04-10,717.5101318359375,737.75,760.0999755859375,728.25,757.0499877929688,1194640
2024-04-12,707.2981567382812,727.25,745.4500122070312,723.2000122070312,739.9500122070312,375809
2024-04-15,694.1685180664062,713.75,723.2000122070312,702.25,721.0,461156
2024-04-16,680.795654296875,700.0,710.0499877929688,698.0,709.9000244140625,608393
2024-04-18,662.9005126953125,681.5999755859375,703.5,677.0499877929688,692.0,803079
2024-04-19,653.6124877929688,672.0499877929688,676.0,656.5499877929688,675.0,1345911
2024-04-22,650.69482421875,669.0499877929688,679.5499877929688,664.7000122070312,675.0,330473
2024-04-23,642.5739135742188,660.7000122070312,675.6500244140625,658.5499877929688,671.0,316348
2024-04-24,653.2720947265625,671.7000122070312,675.0,662.9500122070312,667.0,217922
2024-04-25,654.1473999023438,672.5999755859375,683.25,665.5499877929688,675.0,325994
2024-04-26,662.3656005859375,681.0499877929688,690.1500244140625,670.5,672.0,281976
2024-04-29,675.1548461914062,694.2000122070312,697.0,678.5,684.5999755859375,272633
2024-04-30,672.1885986328125,691.1500244140625,705.0,678.0499877929688,696.0,926700
2024-05-02,663.581298828125,682.2999877929688,698.9000244140625,677.0499877929688,698.9000244140625,418851
2024-05-03,653.8070068359375,672.25,685.0,666.4500122070312,682.2999877929688,200674
2024-05-06,642.087646484375,660.2000122070312,672.25,656.0,670.0,258451
2024-05-07,620.6912231445312,638.2000122070312,660.4500122070312,630.0,660.2000122070312,469625
2024-05-08,525.23388671875,540.0499877929688,569.0,530.0,552.0,8435849
2024-05-09,504.32373046875,518.5499877929688,564.7000122070312,515.1500244140625,545.4500122070312,4430512
2024-05-10,503.59429931640625,517.7999877929688,527.75,496.5,525.9500122070312,3355112
2024-05-13,491.680419921875,505.54998779296875,522.0,502.04998779296875,522.0,955462
2024-05-14,495.8138122558594,509.79998779296875,512.0999755859375,498.1000061035156,509.04998779296875,1049037
2024-05-15,513.3685302734375,527.8499755859375,540.0,511.1499938964844,512.5,2097819
2024-05-16,517.3075561523438,531.9000244140625,539.0,525.6500244140625,535.0,666955
2024-05-17,520.5169067382812,535.2000122070312,538.0,528.9500122070312,535.0,1271739
2024-05-21,509.9646301269531,524.3499755859375,539.9500122070312,522.0,539.9000244140625,721861
2024-05-22,505.05322265625,519.2999877929688,529.25,511.6499938964844,527.5,1040157
2024-05-23,508.1653747558594,522.5,533.7999877929688,519.5499877929688,523.0,534080
2024-05-24,503.8374328613281,518.0499877929688,527.5,516.7000122070312,524.75,322335
2024-05-27,533.5006713867188,548.5499877929688,552.0,515.4500122070312,522.7000122070312,1432729
2024-05-28,529.0269775390625,543.9500122070312,554.8499755859375,531.9000244140625,554.0,857025
2024-05-29,523.9695434570312,538.75,547.75,534.25,545.2999877929688,620053
2024-05-30,503.8374328613281,518.0499877929688,539.2000122070312,515.0,538.75,382941
2024-05-31,501.1142883300781,515.25,525.0,509.6499938964844,520.6500244140625,587053
2024-06-03,489.9297790527344,503.75,535.5499877929688,501.1499938964844,534.7999877929688,1529224
2024-06-04,487.2552490234375,501.0,508.0,469.6000061035156,505.0,806491
2024-06-05,499.2663879394531,513.3499755859375,514.5999755859375,491.1000061035156,501.0,885373
2024-06-06,527.5194702148438,542.4000244140625,544.4000244140625,516.7999877929688,520.0,1014655
2024-06-07,569.971923828125,586.0499877929688,590.0,542.9000244140625,545.0,3814219
2024-06-10,569.77734375,585.8499755859375,591.7000122070312,573.3499755859375,591.0,818680
2024-06-11,559.030517578125,574.7999877929688,588.0,572.0999755859375,585.8499755859375,333018
2024-06-12,563.3584594726562,579.25,584.9000244140625,576.0999755859375,579.7000122070312,315244
2024-06-13,558.0093994140625,573.75,586.0,572.0,584.9500122070312,619070
2024-06-14,548.9644775390625,564.4500122070312,578.0,563.0,576.7999877929688,393118
2024-06-18,543.9072265625,559.25,574.4500122070312,557.0499877929688,569.7000122070312,578240
2024-06-19,548.0891723632812,563.5499877929688,567.5999755859375,552.0499877929688,559.25,382854
2024-06-20,586.06787109375,602.5999755859375,605.0,565.0,567.9500122070312,2094584
2024-06-21,588.499267578125,605.0999755859375,635.9000244140625,597.1500244140625,610.0499877929688,2630278
2024-06-24,572.2088623046875,588.3499755859375,604.9000244140625,578.7000122070312,604.9000244140625,890970
2024-06-25,560.6353149414062,576.4500122070312,593.1500244140625,575.0,590.0999755859375,482188
2024-06-26,569.388427734375,585.4500122070312,588.0499877929688,574.7999877929688,582.1500244140625,448764
2024-06-27,572.8410034179688,589.0,609.6500244140625,578.0999755859375,587.5,1151826
2024-06-28,576.1963500976562,592.4500122070312,598.6500244140625,587.0,591.7999877929688,462026
2024-07-01,604.4493408203125,621.5,625.0,592.3499755859375,595.0,1180597
2024-07-02,612.91064453125,630.2000122070312,634.9000244140625,613.5999755859375,624.0,1051980
2024-07-03,608.291015625,625.4500122070312,642.4000244140625,622.9000244140625,633.2999877929688,596085
2024-07-04,629.833251953125,647.5999755859375,657.2999877929688,627.25,635.0,1599060
2024-07-05,618.7947387695312,636.25,648.9000244140625,631.0,648.0,582599
2024-07-08,615.8770141601562,633.25,645.5499877929688,617.0,638.2999877929688,599583
2024-07-09,610.0902099609375,627.2999877929688,637.9000244140625,624.0,635.0,329903
2024-07-10,598.1763305664062,615.0499877929688,627.2999877929688,607.75,627.0,264966
2024-07-11,607.4156494140625,624.5499877929688,630.0,612.0,615.0999755859375,377641
2024-07-12,691.0076293945312,710.5,740.0,628.0,628.0,9372461
2024-07-15,666.0126953125,684.7999877929688,744.7000122070312,678.2999877929688,703.0,2903754
2024-07-16,659.545166015625,678.1500244140625,695.0999755859375,673.5,688.0,701160
2024-07-18,675.3006591796875,694.3499755859375,701.5,665.25,674.0,2937651
2024-07-19,643.8382568359375,662.0,713.7999877929688,657.0,702.8499755859375,1531106
2024-07-22,645.151123046875,663.3499755859375,674.4000244140625,650.0,661.7999877929688,1147259
2024-07-23,664.7484741210938,683.5,706.0,639.4500122070312,666.9500122070312,1501617
2024-07-24,717.4129028320312,737.6500244140625,752.4000244140625,680.0999755859375,683.5,4247666
2024-07-25,694.460205078125,714.0499877929688,728.5999755859375,709.5499877929688,720.0,935941
2024-07-26,722.30126953125,738.0999755859375,750.0,711.7999877929688,714.0499877929688,1430495
2024-07-29,714.0811767578125,729.7000122070312,753.0,725.5,745.0,527221
2024-07-30,736.8823852539062,753.0,763.7000122070312,717.25,736.0499877929688,992863
2024-07-31,721.078125,736.8499755859375,760.2000122070312,721.0499877929688,745.0,1134095
2024-08-01,649.9342041015625,664.1500244140625,730.0,657.2000122070312,730.0,4625808
2024-08-02,643.2797241210938,657.3499755859375,674.6500244140625,643.0999755859375,665.5,1720390
2024-08-05,613.1879272460938,626.5999755859375,659.0,622.0,645.0,1064151
2024-08-06,635.3530883789062,649.25,661.5999755859375,631.4000244140625,634.0999755859375,915136
2024-08-07,626.252197265625,639.9500122070312,664.2000122070312,636.7000122070312,659.5499877929688,582709
2024-08-08,605.0655517578125,618.2999877929688,646.3499755859375,615.0,646.3499755859375,585942
2024-08-09,588.7230834960938,601.5999755859375,632.9500122070312,596.0499877929688,626.2000122070312,962538
2024-08-12,591.12060546875,604.0499877929688,609.7999877929688,591.4000244140625,600.75,691712
2024-08-13,571.3040161132812,583.7999877929688,609.0,579.3499755859375,607.2000122070312,880356
2024-08-14,590.1420288085938,603.0499877929688,609.9500122070312,587.0,590.5,1178964
2024-08-16,602.4723510742188,615.6500244140625,621.9500122070312,608.5,614.9000244140625,802315
2024-08-19,614.753662109375,628.2000122070312,644.0,624.2999877929688,627.0,1073292
2024-08-20,608.3438720703125,621.6500244140625,639.2000122070312,616.2999877929688,635.0,786758
2024-08-21,601.4447631835938,614.5999755859375,625.9000244140625,611.5999755859375,625.0,948067
2024-08-22,613.1389770507812,626.5499877929688,631.7000122070312,617.7000122070312,618.75,497573
2024-08-23,605.1633911132812,618.4000244140625,631.2000122070312,615.0,630.0,1054672
2024-08-26,607.2184448242188,620.5,632.4000244140625,618.4000244140625,621.0499877929688,1184831
2024-08-27,616.2705688476562,629.75,632.0,619.8499755859375,625.0,411682
2024-08-28,611.1328735351562,624.5,645.0,620.5,632.6500244140625,1118337
2024-08-29,642.83935546875,656.9000244140625,678.9500122070312,641.4000244140625,645.9500122070312,10077221
2024-08-30,651.5,665.75,672.0,648.7000122070312,663.0,1720360
2024-09-02,650.912841796875,665.1500244140625,672.7000122070312,654.75,665.5499877929688,522423
2024-09-03,661.6283569335938,676.0999755859375,677.0,659.0,664.0,891492
2024-09-04,654.191162109375,668.5,677.9000244140625,664.0,669.0,541786
2024-09-05,660.6987915039062,675.1500244140625,683.7999877929688,669.0999755859375,673.7000122070312,552171
2024-09-06,674.5458374023438,689.2999877929688,697.2000122070312,676.0,681.9500122070312,1832956
2024-09-09,646.3623046875,660.5,691.0,653.2000122070312,691.0,794998
2024-09-10,654.1421508789062,668.4500122070312,672.3499755859375,650.0999755859375,662.1500244140625,711633
2024-09-11,663.4877319335938,678.0,685.5999755859375,660.0,660.0,597014
2024-09-12,663.4877319335938,678.0,685.7000122070312,672.75,684.0,504885
2024-09-13,671.267578125,685.9500122070312,691.0,677.0,683.0,463051
2024-09-16,665.7874145507812,680.3499755859375,686.0,673.5,685.9000244140625,319439
2024-09-17,651.891357421875,666.1500244140625,686.8499755859375,661.0499877929688,682.9500122070312,1357580
2024-09-18,638.8760375976562,652.8499755859375,671.5999755859375,646.2000122070312,670.0,533253
2024-09-19,630.949462890625,644.75,669.9500122070312,636.9000244140625,662.0,530634
2024-09-20,632.9066772460938,646.75,656.9500122070312,637.9000244140625,652.9000244140625,544321
2024-09-23,628.2093505859375,641.9500122070312,650.9500122070312,639.0,647.0,205432
2024-09-24,628.0626220703125,641.7999877929688,648.7999877929688,635.5,642.0,249565
2024-09-25,623.9035034179688,637.5499877929688,655.0,628.75,643.0,262911
2024-09-26,618.1787719726562,631.7000122070312,638.2000122070312,628.5499877929688,638.0,231624
2024-09-27,616.7598266601562,630.25,647.0,627.1500244140625,639.9000244140625,1299510
2024-09-30,617.5426635742188,631.0499877929688,639.1500244140625,625.0999755859375,630.8499755859375,930276
2024-10-01,621.2612915039062,634.8499755859375,637.2999877929688,625.5499877929688,625.5499877929688,180753
2024-10-03,600.5640869140625,613.7000122070312,632.4500122070312,611.2000122070312,632.4500122070312,922256
2024-10-04,589.5548706054688,602.4500122070312,622.0,600.6500244140625,613.7000122070312,477501
2024-10-07,576.3438110351562,588.9500122070312,610.5499877929688,584.75,605.5,1423822
2024-10-08,564.7964477539062,577.1500244140625,590.5,573.5,585.0,829178
2024-10-09,565.5792236328125,577.9500122070312,597.9000244140625,574.4000244140625,582.7000122070312,793710
2024-10-10,560.197021484375,572.4500122070312,592.0,570.2999877929688,585.0,562956
2024-10-11,594.6925048828125,607.7000122070312,619.0,573.2999877929688,573.2999877929688,2449286
2024-10-14,608.05029296875,621.3499755859375,624.9000244140625,591.0999755859375,611.0499877929688,934338
2024-10-15,601.3958129882812,614.5499877929688,622.4000244140625,602.7000122070312,622.4000244140625,504265
2024-10-16,613.921875,627.3499755859375,630.0,605.0999755859375,609.0,942689
2024-10-17,606.9249877929688,620.2000122070312,633.7999877929688,617.0,626.75,249140
2024-10-18,592.3438110351562,605.2999877929688,614.5999755859375,603.2999877929688,614.5999755859375,288604
2024-10-21,595.5732421875,608.5999755859375,613.5999755859375,598.1500244140625,611.8499755859375,364965
2024-10-22,572.0379638671875,584.5499877929688,610.0,576.5,609.0,357773
2024-10-23,593.7138671875,606.7000122070312,613.9500122070312,582.0499877929688,596.2000122070312,592342
2024-10-24,592.9310302734375,605.9000244140625,615.9500122070312,601.5499877929688,612.5,213730
2024-10-25,570.5211791992188,583.0,610.1500244140625,580.5,603.6500244140625,233465
2024-10-28,584.7108154296875,597.5,602.9500122070312,579.2000122070312,585.8499755859375,226078
2024-10-29,583.487548828125,596.25,600.2999877929688,588.0,592.0999755859375,120281
2024-10-30,591.8545532226562,604.7999877929688,609.9000244140625,591.2000122070312,591.9500122070312,161393
2024-10-31,598.900390625,612.0,626.4500122070312,606.2000122070312,610.0,365766
2024-11-01,602.3255004882812,615.5,624.0,612.0,617.0,29678
2024-11-04,596.8943481445312,609.9500122070312,614.7999877929688,598.5499877929688,614.0,187745
2024-11-05,588.0380859375,600.9000244140625,613.1500244140625,597.8499755859375,607.4500122070312,156150
2024-11-06,618.2277221679688,631.75,637.7000122070312,604.0999755859375,604.0999755859375,569265
2024-11-07,610.1054077148438,623.4500122070312,645.0,618.3499755859375,643.0,694106
2024-11-08,606.5823974609375,619.8499755859375,626.0,610.5,623.0,323539
2024-11-11,577.2245483398438,589.8499755859375,619.8499755859375,585.0,619.8499755859375,805179
2024-11-12,572.576171875,585.0999755859375,602.4500122070312,581.0,591.8499755859375,985547
2024-11-13,561.6648559570312,573.9500122070312,588.6500244140625,569.0,582.3499755859375,368705
2024-11-14,547.1326904296875,559.0999755859375,575.4000244140625,553.5,568.75,1073493
2024-11-18,541.2611694335938,553.0999755859375,567.9500122070312,549.2000122070312,559.0999755859375,410886
2024-11-19,535.291748046875,547.0,565.0,544.0499877929688,556.0,440708
2024-11-21,525.8482055664062,537.3499755859375,551.2000122070312,533.0,547.0,439035
2024-11-22,536.7595825195312,548.5,553.4000244140625,534.9000244140625,536.0,723206
2024-11-25,540.7718505859375,552.5999755859375,568.4500122070312,544.9000244140625,555.9500122070312,412404
2024-11-26,585.1511840820312,597.9500122070312,607.5999755859375,551.0,551.7000122070312,3428934
2024-11-27,614.753662109375,628.2000122070312,631.7999877929688,589.0499877929688,597.0,1770032
2024-11-28,621.6527709960938,635.25,649.0,626.5,640.0,1678881
2024-11-29,612.5029296875,625.9000244140625,629.6500244140625,620.0999755859375,629.6500244140625,527177
2024-12-02,625.6649780273438,639.3499755859375,653.5999755859375,626.0,631.5999755859375,1498365
2024-12-03,631.2429809570312,645.0499877929688,652.0,637.0999755859375,641.8499755859375,478924
2024-12-04,646.6069946289062,660.75,665.0,640.5999755859375,650.0,626998
2024-12-05,655.7078857421875,670.0499877929688,673.75,660.0,672.0,548578
2024-12-06,654.337890625,668.6500244140625,673.25,658.0,671.3499755859375,578293
2024-12-09,655.7568359375,670.0999755859375,673.0,663.7999877929688,667.0999755859375,252713
2024-12-10,656.539794921875,670.9000244140625,684.8499755859375,665.1500244140625,670.0999755859375,652998
2024-12-11,668.5275268554688,683.1500244140625,685.0,666.0499877929688,676.5499877929688,357238
2024-12-12,660.7476806640625,675.2000122070312,687.0999755859375,670.0,685.4500122070312,282349
2024-12-13,660.6008911132812,675.0499877929688,676.2999877929688,660.0,674.8499755859375,254903
2024-12-16,659.5733032226562,674.0,678.0,667.0499877929688,671.0,573997
2024-12-17,658.447998046875,672.8499755859375,684.9000244140625,668.75,670.0,349520
2024-12-18,651.8424682617188,666.0999755859375,676.7000122070312,661.25,676.7000122070312,206284
2024-12-19,644.8455200195312,658.9500122070312,662.9000244140625,644.2999877929688,650.0,331398
2024-12-20,622.0932006835938,635.7000122070312,670.9500122070312,628.3499755859375,665.9500122070312,350516
2024-12-23,608.1970825195312,621.5,640.0,617.5,633.1500244140625,263867
2024-12-24,604.9677124023438,618.2000122070312,630.6500244140625,610.0499877929688,625.0,293470
2024-12-26,601.93408203125,615.0999755859375,620.5999755859375,602.6500244140625,615.0,176278
2024-12-27,587.548828125,600.4000244140625,617.9500122070312,597.2999877929688,615.0999755859375,172982
2024-12-30,579.9156494140625,592.5999755859375,605.6500244140625,582.0999755859375,605.6500244140625,589594
2024-12-31,586.5701904296875,599.4000244140625,601.7000122070312,585.5,591.9000244140625,151511
2025-01-01,592.3438110351562,605.2999877929688,613.5,602.0499877929688,604.8499755859375,272422
2025-01-02,614.60693359375,628.0499877929688,632.25,604.0499877929688,611.0,516344
2025-01-03,615.1940307617188,628.6500244140625,634.0499877929688,622.3499755859375,629.9500122070312,260515
2025-01-06,609.3714599609375,622.7000122070312,630.4500122070312,613.7999877929688,625.5,541982
2025-01-07,605.6038208007812,618.8499755859375,627.9500122070312,614.9000244140625,620.0,202165
2025-01-08,600.3193969726562,613.4500122070312,618.8499755859375,606.25,618.8499755859375,194647
2025-01-09,596.3561401367188,609.4000244140625,620.5,604.1500244140625,610.6500244140625,320603
2025-01-10,596.6007690429688,609.6500244140625,616.5,595.7999877929688,600.0,349274
2025-01-13,575.0717163085938,587.6500244140625,604.9500122070312,575.0499877929688,604.9500122070312,358923
2025-01-14,575.8056030273438,588.4000244140625,596.0,580.3499755859375,581.0,310408
2025-01-15,576.8330688476562,589.4500122070312,592.2000122070312,580.0499877929688,589.0,214259
2025-01-16,572.8208618164062,585.3499755859375,597.0,583.4000244140625,592.0499877929688,130333
2025-01-17,558.2887573242188,570.5,584.4000244140625,567.0,580.0,1242824
2025-01-20,548.209228515625,560.2000122070312,570.5,554.0,570.5,336973
2025-01-21,548.9431762695312,560.9500122070312,563.1500244140625,550.0,560.5499877929688,327329
2025-01-22,544.7352294921875,556.6500244140625,562.7999877929688,545.0,560.0,260100
2025-01-23,578.4478149414062,591.0999755859375,597.8499755859375,555.7000122070312,559.5999755859375,1188688
2025-01-24,550.5088500976562,562.5499877929688,599.3499755859375,560.0,582.25,391633
2025-01-27,528.6373291015625,540.2000122070312,562.6500244140625,533.5499877929688,562.5499877929688,237079
2025-01-28,500.3069152832031,511.25,547.6500244140625,506.54998779296875,547.6500244140625,525970
2025-01-29,521.444580078125,532.8499755859375,538.7999877929688,508.04998779296875,511.25,471863
2025-01-30,510.9736633300781,522.1500244140625,540.8499755859375,517.1500244140625,532.8499755859375,266016
2025-01-31,517.677001953125,529.0,532.1500244140625,509.95001220703125,528.9500122070312,912185
2025-02-01,526.0440063476562,537.5499877929688,541.9000244140625,525.0,527.7000122070312,166506
2025-02-03,521.59130859375,533.0,540.4000244140625,526.0,535.1500244140625,227427
2025-02-04,525.3589477539062,536.8499755859375,545.1500244140625,530.2999877929688,540.0,222681
2025-02-05,538.1785888671875,549.9500122070312,554.8499755859375,540.5,541.7999877929688,266978
2025-02-06,539.7932739257812,551.5999755859375,557.0,542.5499877929688,552.0,207329
2025-02-07,478.8267517089844,489.29998779296875,498.6499938964844,446.1000061035156,466.0,11834581
2025-02-10,457.1998596191406,467.20001220703125,498.95001220703125,463.6000061035156,492.04998779296875,1894890
2025-02-11,436.60040283203125,446.1499938964844,473.25,441.70001220703125,470.0,895702
2025-02-12,434.3006286621094,443.79998779296875,452.95001220703125,421.20001220703125,441.29998779296875,1119884
2025-02-13,421.1385803222656,430.3500061035156,451.3999938964844,427.3999938964844,445.0,573122
2025-02-14,411.205810546875,420.20001220703125,433.5,415.5,432.04998779296875,671002
2025-02-17,411.205810546875,420.20001220703125,426.5,409.1000061035156,420.04998779296875,493218
2025-02-18,402.05596923828125,410.8500061035156,424.45001220703125,407.45001220703125,424.45001220703125,330791
2025-02-19,407.6339416503906,416.54998779296875,425.5,404.54998779296875,410.8500061035156,557587
2025-02-20,412.6737365722656,421.70001220703125,428.0,410.45001220703125,417.1499938964844,446674
2025-02-21,402.93670654296875,411.75,427.70001220703125,409.95001220703125,423.95001220703125,519853
2025-02-24,397.30975341796875,406.0,410.95001220703125,395.70001220703125,409.04998779296875,446798
2025-02-25,385.6155090332031,394.04998779296875,411.54998779296875,392.70001220703125,405.0,651267
2025-02-27,374.3616943359375,382.54998779296875,397.6499938964844,380.1499938964844,393.0,667336
2025-02-28,353.27294921875,361.0,382.54998779296875,353.5,382.54998779296875,2525490
2025-03-03,361.88458251953125,369.79998779296875,374.1000061035156,355.20001220703125,357.6000061035156,1276355
2025-03-04,366.9732971191406,375.0,375.95001220703125,358.1000061035156,365.95001220703125,613361
2025-03-05,378.7164611816406,387.0,390.0,377.0,378.54998779296875,729720
2025-03-06,384.1965637207031,392.6000061035156,398.70001220703125,387.0,387.0,561957
2025-03-07,382.38616943359375,390.75,400.0,388.04998779296875,395.6000061035156,626720
2025-03-10,367.022216796875,375.04998779296875,392.54998779296875,372.54998779296875,390.95001220703125,416948
2025-03-11,354.20263671875,361.95001220703125,371.45001220703125,359.0,370.5,851880
2025-03-12,343.3402099609375,350.8500061035156,367.75,348.3999938964844,363.8999938964844,611762
2025-03-13,351.2179260253906,358.8999938964844,363.29998779296875,348.3500061035156,353.3500061035156,899233
2025-03-17,339.279052734375,346.70001220703125,362.25,341.95001220703125,359.04998779296875,1069715
2025-03-18,339.279052734375,346.70001220703125,346.70001220703125,346.70001220703125,346.70001220703125,0
2025-03-19,347.6949462890625,355.29998779296875,359.8999938964844,352.1499938964844,358.8500061035156,835301
2025-03-20,356.8448486328125,364.6499938964844,381.20001220703125,352.70001220703125,355.29998779296875,3348773
2025-03-21,367.0711364746094,375.1000061035156,376.54998779296875,358.3500061035156,361.0,1028764
2025-03-24,371.91522216796875,380.04998779296875,395.29998779296875,378.5,382.79998779296875,1249111
2025-03-25,362.1292419433594,370.04998779296875,384.70001220703125,366.20001220703125,380.04998779296875,899738
2025-03-26,352.3432922363281,360.04998779296875,373.25,357.54998779296875,371.0,573692
2025-03-27,348.72247314453125,356.3500061035156,367.6499938964844,352.45001220703125,367.6499938964844,1017090
2025-03-28,338.3004455566406,345.70001220703125,362.8999938964844,343.0,356.3500061035156,690221
2025-04-01,341.1383972167969,348.6000061035156,358.6000061035156,343.54998779296875,345.0,651868
2025-04-02,344.0252380371094,351.54998779296875,356.25,345.54998779296875,350.95001220703125,437040
2025-04-03,333.89678955078125,341.20001220703125,353.95001220703125,340.0,349.70001220703125,864628
2025-04-04,314.56951904296875,321.45001220703125,344.1499938964844,318.3500061035156,342.25,899384
2025-04-07,294.65509033203125,301.1000061035156,305.0,286.3999938964844,291.95001220703125,1533765
2025-04-08,298.9609375,305.5,312.75,301.79998779296875,306.04998779296875,3333308
2025-04-09,306.0068054199219,312.70001220703125,314.3999938964844,300.0,305.5,719411
2025-04-11,308.7957763671875,315.54998779296875,324.70001220703125,309.8999938964844,316.8999938964844,952772
2025-04-15,326.26373291015625,333.3999938964844,334.1499938964844,319.29998779296875,323.0,581373
2025-04-16,327.87841796875,335.04998779296875,338.20001220703125,331.75,334.8999938964844,410869
2025-04-17,307.9639892578125,314.70001220703125,317.3999938964844,288.0,300.0,12278692
2025-04-21,314.1291809082031,321.0,322.6499938964844,312.1000061035156,317.0,1748787
2025-04-22,314.32489013671875,321.20001220703125,326.95001220703125,319.8999938964844,321.0,758971
2025-04-23,320.8814697265625,327.8999938964844,331.1499938964844,322.0,325.0,1772381
2025-04-24,347.89068603515625,355.5,374.3999938964844,327.0,329.1499938964844,28371145
2025-04-25,330.66741943359375,337.8999938964844,361.0,334.20001220703125,358.0,5606055
2025-04-28,354.98553466796875,362.75,366.0,328.3999938964844,337.8999938964844,16000513
2025-04-29,367.9519348144531,376.0,379.0,364.6000061035156,364.6000061035156,8524645
2025-04-30,412.52691650390625,421.54998779296875,447.25,369.29998779296875,376.0,39994145
2025-05-02,422.5574951171875,431.79998779296875,464.20001220703125,403.20001220703125,419.0,51149311
2025-05-05,413.2608337402344,422.29998779296875,445.0,416.8500061035156,424.54998779296875,17394478
2025-05-06,377.0528259277344,385.29998779296875,436.0,381.0,429.70001220703125,13932874
2025-05-07,388.6981201171875,397.20001220703125,406.8999938964844,371.3500061035156,385.29998779296875,15475979
2025-05-08,384.1965637207031,392.6000061035156,415.0,386.45001220703125,407.5,14760867
2025-05-09,357.8724060058594,365.70001220703125,389.0,362.70001220703125,383.04998779296875,7943090
2025-05-12,388.1109924316406,396.6000061035156,401.95001220703125,385.3500061035156,387.0,6196086
2025-05-13,391.4382019042969,400.0,409.29998779296875,388.8999938964844,399.45001220703125,7062409
2025-05-14,384.5390930175781,392.95001220703125,404.1000061035156,390.6499938964844,402.0,3524326
2025-05-15,388.99169921875,397.5,404.0,393.6499938964844,396.8999938964844,2760316
2025-05-16,389.2852783203125,397.79998779296875,406.3500061035156,396.04998779296875,401.6000061035156,2234035
2025-05-19,380.67364501953125,389.0,402.3999938964844,387.6499938964844,399.04998779296875,2260539
2025-05-20,383.9519348144531,392.3500061035156,397.0,389.6499938964844,394.20001220703125,2083749
2025-05-21,386.4963073730469,394.95001220703125,403.79998779296875,389.70001220703125,400.0,2403440
2025-05-22,382.2882995605469,390.6499938964844,396.75,387.75,394.95001220703125,1047439
2025-05-23,386.3494567871094,394.79998779296875,402.29998779296875,386.1000061035156,392.5,2754101
2025-05-26,391.0467834472656,399.6000061035156,409.8999938964844,393.54998779296875,397.75,2753419
2025-05-27,392.6614685058594,401.25,403.0,395.25,399.79998779296875,1200584
2025-05-28,396.0865478515625,404.75,409.20001220703125,401.1000061035156,404.79998779296875,1494989
2025-05-29,395.8419189453125,404.5,419.79998779296875,402.04998779296875,406.95001220703125,1849268
2025-05-30,400.2944641113281,409.04998779296875,411.0,402.70001220703125,405.6000061035156,1477168
2025-06-02,403.2302551269531,412.04998779296875,413.6000061035156,403.29998779296875,409.1000061035156,1006196
2025-06-03,405.3832092285156,414.25,415.75,408.04998779296875,412.04998779296875,1288840
2025-06-04,403.5238342285156,412.3500061035156,420.5,410.54998779296875,414.25,1296812
2025-06-05,400.6859436035156,409.45001220703125,416.3999938964844,408.0,413.6000061035156,744518
2025-06-06,401.3709411621094,410.1499938964844,411.8999938964844,405.0,411.0,665390
2025-06-09,405.82354736328125,414.70001220703125,423.29998779296875,411.54998779296875,413.0,1460814
2025-06-10,408.75933837890625,417.70001220703125,431.5,416.29998779296875,418.0,2305821
2025-06-11,419.08349609375,428.25,431.3500061035156,414.5,425.0,3494408
2025-06-12,405.82354736328125,414.70001220703125,431.0,413.0,431.0,1576339
2025-06-13,402.49627685546875,411.29998779296875,417.0,399.0,402.45001220703125,1288504
2025-06-16,416.0498962402344,425.1499938964844,427.04998779296875,406.54998779296875,409.95001220703125,1486589
2025-06-17,410.3250732421875,419.29998779296875,430.0,417.20001220703125,425.1499938964844,967096
2025-06-18,406.8999938964844,415.79998779296875,423.45001220703125,414.04998779296875,419.0,641847
2025-06-19,393.34649658203125,401.95001220703125,419.0,399.0,418.0,971695
2025-06-20,389.3831481933594,397.8999938964844,410.0,395.0,402.0,2006716
2025-06-23,386.15380859375,394.6000061035156,401.0,393.04998779296875,395.95001220703125,700469
2025-06-24,385.1262512207031,393.54998779296875,401.8500061035156,391.0,399.20001220703125,1112404
2025-06-25,404.7960205078125,413.6499938964844,419.8500061035156,395.0,396.0,3474332
2025-06-26,401.8113098144531,410.6000061035156,418.6499938964844,408.8999938964844,415.0,672427
2025-06-27,403.5238342285156,412.3500061035156,431.0,411.0,412.5,3294954
2025-06-30,401.2731018066406,410.04998779296875,416.8999938964844,409.0,416.04998779296875,795062
2025-07-01,401.1263122558594,409.8999938964844,412.70001220703125,405.1000061035156,412.1000061035156,743346
2025-07-02,396.9183654785156,405.6000061035156,413.20001220703125,404.1000061035156,411.95001220703125,632891
2025-07-03,397.4565734863281,406.1499938964844,410.0,404.3500061035156,407.04998779296875,567792
2025-07-04,401.7134704589844,410.5,411.70001220703125,404.79998779296875,407.5,569668
2025-07-07,408.17218017578125,417.1000061035156,417.79998779296875,407.0,410.3999938964844,764177
2025-07-08,430.5331115722656,439.95001220703125,452.79998779296875,416.1000061035156,417.1000061035156,16248165
2025-07-09,424.3679504394531,433.6499938964844,443.1499938964844,429.0,438.5,1897420
2025-07-10,421.089599609375,430.29998779296875,438.8999938964844,425.45001220703125,434.5,1006771
2025-07-11,420.8449401855469,430.04998779296875,433.75,424.54998779296875,430.79998779296875,735371
2025-07-14,423.6340026855469,432.8999938964844,434.1499938964844,425.04998779296875,430.3999938964844,667289
2025-07-15,426.56976318359375,435.8999938964844,438.29998779296875,432.3999938964844,432.8999938964844,768529
2025-07-16,426.9612121582031,436.29998779296875,447.29998779296875,433.0,435.8999938964844,796139
2025-07-17,428.08660888671875,437.45001220703125,440.0,431.79998779296875,438.29998779296875,573162
2025-07-18,427.69512939453125,437.04998779296875,439.95001220703125,431.6000061035156,439.0,531083
2025-07-21,428.6737365722656,438.04998779296875,440.1000061035156,431.0,438.0,411197
2025-07-22,420.8449401855469,430.04998779296875,442.79998779296875,427.5,440.0,528995
2025-07-23,423.3662109375,428.20001220703125,431.70001220703125,416.8500061035156,429.6000061035156,572332
2025-07-24,425.4424743652344,430.29998779296875,433.1499938964844,426.0,430.0,479379
2025-07-25,408.3377990722656,413.0,429.8999938964844,410.04998779296875,429.8999938964844,508570
2025-07-28,403.39422607421875,408.0,413.8999938964844,405.45001220703125,413.8999938964844,561820
2025-07-29,403.64141845703125,408.25,409.95001220703125,399.1499938964844,407.0,562882
2025-07-30,409.277099609375,413.95001220703125,417.8500061035156,407.04998779296875,408.25,539930
2025-07-31,387.5254211425781,391.95001220703125,411.0,386.54998779296875,411.0,1961329
2025-08-01,360.5335998535156,364.6499938964844,395.95001220703125,360.20001220703125,392.0,1847201
2025-08-04,355.0462646484375,359.1000061035156,368.8500061035156,357.0,366.95001220703125,1750403
2025-08-05,351.3880310058594,355.3999938964844,363.8500061035156,353.3999938964844,359.1000061035156,887928
2025-08-06,343.13226318359375,347.04998779296875,357.0,343.0,355.5,909624
2025-08-07,345.65350341796875,349.6000061035156,350.6000061035156,341.3999938964844,345.20001220703125,509293
2025-08-08,340.24566650390625,342.8999938964844,351.95001220703125,341.0,349.8999938964844,328008
2025-08-11,327.1974792480469,329.75,344.6499938964844,327.79998779296875,343.0,1959465
2025-08-12,370.7080383300781,373.6000061035156,381.0,329.1499938964844,331.0,40992949
2025-08-13,364.60565185546875,367.45001220703125,385.0,353.75,377.0,9622633
2025-08-14,356.9156494140625,359.70001220703125,372.3999938964844,357.0,367.0,2373807
2025-08-18,353.8396301269531,356.6000061035156,362.79998779296875,348.0,362.0,2164296
2025-08-19,353.1450500488281,355.8999938964844,360.0,354.0,359.3999938964844,683463
2025-08-20,369.4677429199219,372.3500061035156,377.0,356.95001220703125,359.0,3067412
2025-08-21,374.2305603027344,377.1499938964844,383.3999938964844,371.8999938964844,373.8999938964844,1946986
2025-08-22,369.9142150878906,372.79998779296875,377.8999938964844,368.6000061035156,374.0,757145
2025-08-25,378.3980407714844,381.3500061035156,401.5,375.04998779296875,376.6499938964844,6821231
2025-08-26,361.430419921875,364.25,383.75,362.3500061035156,381.70001220703125,1362867
2025-08-28,355.4272766113281,358.20001220703125,366.20001220703125,356.0,363.95001220703125,825519
2025-08-29,348.1341552734375,350.8500061035156,364.8999938964844,348.1499938964844,360.29998779296875,1196113
2025-09-01,351.259765625,354.0,363.95001220703125,352.0,352.04998779296875,1140276
2025-09-02,353.54193115234375,356.29998779296875,359.0,353.6499938964844,355.6499938964844,559540
2025-09-03,356.76678466796875,359.54998779296875,362.0,355.29998779296875,357.3999938964844,508808
2025-09-04,357.1636962890625,359.95001220703125,369.0,358.6499938964844,362.0,894696
2025-09-05,356.2210693359375,359.0,363.29998779296875,356.1499938964844,359.95001220703125,426250
2025-09-08,352.64892578125,355.3999938964844,365.0,354.0,359.0,466663
2025-09-09,366.6397705078125,369.5,373.0,355.1499938964844,358.25,1434358
2025-09-10,369.517333984375,372.3999938964844,381.5,369.1000061035156,370.0,1327947
2025-09-11,376.3143005371094,379.25,380.1499938964844,368.54998779296875,372.3999938964844,769004
2025-09-12,379.63836669921875,382.6000061035156,387.5,379.25,384.95001220703125,725234
2025-09-15,376.9592590332031,379.8999938964844,383.5,377.5,383.5,390661
2025-09-16,375.8677978515625,378.79998779296875,384.0,375.8999938964844,381.45001220703125,323564
2025-09-17,387.1795349121094,390.20001220703125,398.70001220703125,379.3500061035156,380.3999938964844,1653370
2025-09-18,397.3998107910156,400.5,421.5,391.20001220703125,393.0,11888695
2025-09-19,391.0493469238281,394.1000061035156,400.6000061035156,392.0,400.45001220703125,1080982
2025-09-22,389.6105651855469,392.6499938964844,396.0,381.79998779296875,387.95001220703125,1540457
2025-09-23,383.6570129394531,386.6499938964844,403.0,385.6000061035156,392.95001220703125,1078881
2025-09-24,373.932861328125,376.8500061035156,387.5,372.5,386.04998779296875,1052592
2025-09-25,365.44903564453125,368.29998779296875,376.45001220703125,364.0,374.75,1051147
2025-09-26,355.03033447265625,357.79998779296875,369.8999938964844,354.0,369.8999938964844,558274
2025-09-29,340.4937438964844,343.1499938964844,361.0,340.70001220703125,359.29998779296875,1498093
2025-09-30,343.4209289550781,346.1000061035156,366.75,339.3500061035156,345.1000061035156,7206977
2025-10-01,345.6038818359375,348.29998779296875,352.20001220703125,342.6499938964844,347.95001220703125,1038016
2025-10-03,346.8938293457031,349.6000061035156,351.54998779296875,346.5,348.70001220703125,565501
2025-10-06,349.0767822265625,351.79998779296875,358.95001220703125,348.8999938964844,350.1499938964844,1036606
2025-10-07,349.87060546875,352.6000061035156,357.20001220703125,350.20001220703125,353.5,573045
2025-10-08,367.83050537109375,370.70001220703125,384.70001220703125,351.3500061035156,354.29998779296875,9549088
2025-10-09,371.9979553222656,374.8999938964844,376.8999938964844,365.54998779296875,371.0,1237084
2025-10-10,365.8459777832031,368.70001220703125,376.8999938964844,367.54998779296875,376.8999938964844,530187
2025-10-13,360.5373840332031,363.3500061035156,368.0,361.0,367.5,442182
2025-10-14,360.68621826171875,363.5,368.95001220703125,358.0,364.79998779296875,452502
2025-10-15,367.4831848144531,370.3500061035156,375.0,361.54998779296875,366.0,860356
2025-10-16,367.9296875,370.79998779296875,372.0,366.25,369.5,501011
2025-10-17,364.05987548828125,366.8999938964844,370.0,363.0,370.0,323596
2025-10-20,356.8164367675781,359.6000061035156,368.70001220703125,358.0,366.8999938964844,523036
2025-10-21,360.58697509765625,363.3999938964844,367.79998779296875,359.0,359.1000061035156,134193
2025-10-23,370.2119140625,373.1000061035156,392.29998779296875,365.0,368.25,7382188
2025-10-24,368.77313232421875,371.6499938964844,385.6499938964844,370.0,374.0,1798372
2025-10-27,371.30340576171875,374.20001220703125,376.0,370.1499938964844,372.70001220703125,597499
2025-10-28,367.63201904296875,370.5,374.6000061035156,366.29998779296875,374.20001220703125,352670
2025-10-29,371.5018310546875,374.3999938964844,375.6000061035156,368.5,370.5,316980
2025-10-30,369.765380859375,372.6499938964844,376.3500061035156,370.1499938964844,374.04998779296875,216295
2025-10-31,366.987060546875,369.8500061035156,374.54998779296875,365.3999938964844,372.04998779296875,281298
2025-11-03,368.82275390625,371.70001220703125,374.5,369.04998779296875,370.25,266050
2025-11-04,371.3529968261719,374.25,376.0,368.3999938964844,371.70001220703125,296116
2025-11-06,363.0180358886719,365.8500061035156,375.0,363.1000061035156,372.5,323191
2025-11-07,364.9529113769531,367.79998779296875,369.5,358.0,363.0,301377
2025-11-10,373.23828125,376.1499938964844,379.0,365.1000061035156,367.75,728662
2025-11-11,368.92193603515625,371.79998779296875,378.0,370.1499938964844,376.20001220703125,299607
2025-11-12,389.7593994140625,392.79998779296875,396.5,372.0,373.79998779296875,2801504
2025-11-13,386.3857116699219,389.3999938964844,400.5,386.0,393.04998779296875,995358
2025-11-14,371.2537841796875,374.1499938964844,390.0,364.0,390.0,2305036
2025-11-17,368.0785827636719,370.95001220703125,375.0,368.04998779296875,374.0,874111
2025-11-18,362.67071533203125,365.5,370.95001220703125,363.6000061035156,370.1000061035156,623100
2025-11-19,367.1855163574219,370.04998779296875,376.8999938964844,362.6000061035156,366.5,1382029
2025-11-20,362.125,364.95001220703125,372.45001220703125,362.1000061035156,371.04998779296875,635123
2025-11-21,356.49945068359375,358.04998779296875,365.8999938964844,356.25,364.95001220703125,375039
2025-11-24,358.7397155761719,360.29998779296875,364.5,358.0,358.25,650417
2025-11-25,356.39990234375,357.95001220703125,364.0,355.95001220703125,362.0,345435
2025-11-26,358.8392639160156,360.3999938964844,361.45001220703125,356.1000061035156,360.45001220703125,375441
2025-11-27,355.5037841796875,357.04998779296875,363.04998779296875,355.54998779296875,362.8500061035156,302290
2025-11-28,355.8522644042969,357.3999938964844,365.0,354.3999938964844,357.95001220703125,774003
2025-12-01,357.2461853027344,358.79998779296875,364.20001220703125,357.20001220703125,358.54998779296875,313926
2025-12-02,348.5838928222656,350.1000061035156,360.29998779296875,349.45001220703125,360.0,660702
2025-12-03,362.87176513671875,364.45001220703125,372.0,351.8999938964844,352.04998779296875,7681554
2025-12-04,363.96697998046875,365.54998779296875,374.79998779296875,363.75,365.0,1934702
2025-12-05,359.6358337402344,361.20001220703125,365.79998779296875,357.1000061035156,365.6000061035156,668416
2025-12-08,353.2137451171875,354.75,363.1000061035156,351.20001220703125,361.3999938964844,453702
2025-12-09,347.33929443359375,348.8500061035156,355.8999938964844,345.0,355.3999938964844,493734
2025-12-10,346.3436279296875,347.8500061035156,355.70001220703125,346.29998779296875,351.70001220703125,431089
2025-12-11,349.67913818359375,351.20001220703125,352.8999938964844,341.20001220703125,350.0,538827
2025-12-12,348.5340881347656,350.04998779296875,354.5,348.95001220703125,354.5,433815
2025-12-15,347.88690185546875,349.3999938964844,350.1000061035156,346.75,350.0,226593
2025-12-16,343.05792236328125,344.54998779296875,350.5,341.8999938964844,350.5,616427
2025-12-17,340.0708923339844,341.54998779296875,345.1499938964844,340.5,344.54998779296875,320016
2025-12-18,338.22894287109375,339.70001220703125,344.0,338.20001220703125,340.79998779296875,325433
2025-12-19,343.1076965332031,344.6000061035156,345.8999938964844,341.1000061035156,342.8999938964844,498925
2025-12-22,350.3263244628906,351.8500061035156,357.79998779296875,348.1499938964844,348.3500061035156,720109
2025-12-23,361.1791076660156,362.75,366.0,350.75,354.0,1305993
2025-12-24,357.6445007324219,359.20001220703125,362.6000061035156,354.8999938964844,361.79998779296875,683228
2025-12-26,365.0622253417969,366.6499938964844,370.8500061035156,356.54998779296875,360.04998779296875,936745
2025-12-29,355.35443115234375,356.8999938964844,367.45001220703125,353.29998779296875,366.6499938964844,700300
2025-12-30,355.7029113769531,357.25,363.5,352.5,356.29998779296875,731583
2025-12-31,358.2916564941406,359.8500061035156,364.8500061035156,357.8500061035156,359.0,233015
2026-01-01,361.3284606933594,362.8999938964844,364.95001220703125,358.54998779296875,362.95001220703125,274648
2026-01-02,363.5686950683594,365.1499938964844,366.0,359.79998779296875,363.8500061035156,290079
2026-01-05,358.9388427734375,360.5,367.0,359.3500061035156,365.1499938964844,270253
2026-01-06,350.077392578125,351.6000061035156,360.75,349.6499938964844,360.5,506494
2026-01-07,371.1855773925781,372.79998779296875,374.5,349.1000061035156,351.6000061035156,3449726
2026-01-08,360.6315002441406,362.20001220703125,372.54998779296875,358.70001220703125,372.54998779296875,622308
2026-01-09,350.1271667480469,351.6499938964844,360.3999938964844,350.5,360.3999938964844,442995
2026-01-12,346.7916564941406,348.29998779296875,350.25,341.1000061035156,348.6000061035156,421275
2026-01-13,350.027587890625,351.54998779296875,352.79998779296875,346.1000061035156,349.0,232521
2026-01-14,344.75054931640625,346.25,353.3999938964844,345.3999938964844,351.04998779296875,259836
2026-01-15,344.75054931640625,346.25,346.25,346.25,346.25,0
2026-01-16,337.58172607421875,339.04998779296875,358.5,338.0,347.20001220703125,1766787
2026-01-19,324.5384826660156,325.95001220703125,341.3999938964844,324.54998779296875,339.04998779296875,710355
2026-01-20,311.54498291015625,312.8999938964844,328.3999938964844,312.0,327.5,754377
2026-01-21,308.25927734375,309.6000061035156,318.45001220703125,305.29998779296875,312.8999938964844,716181
2026-01-22,312.0926208496094,313.45001220703125,317.8500061035156,310.1000061035156,315.0,342529
2026-01-23,306.8653564453125,308.20001220703125,316.0,304.6499938964844,314.75,371675
2026-01-27,310.59912109375,311.95001220703125,314.0,299.95001220703125,309.6499938964844,436764
2026-01-28,310.64886474609375,312.0,315.95001220703125,310.5,311.95001220703125,331937
2026-01-29,314.98004150390625,316.3500061035156,323.5,308.1000061035156,315.0,526768
2026-01-30,315.9259033203125,317.29998779296875,318.5,308.75,313.5,318498
2026-02-02,308.856689453125,310.20001220703125,316.8500061035156,307.8500061035156,313.25,448336
2026-02-03,325.8825988769531,327.29998779296875,331.5,316.0,319.79998779296875,848316
2026-02-04,314.2333068847656,315.6000061035156,323.0,311.5,321.0,885793
2026-02-05,307.81121826171875,309.1499938964844,314.8500061035156,308.1499938964844,314.0,520248
2026-02-06,304.5752868652344,305.8999938964844,309.0,301.1000061035156,306.0,511409
2026-02-09,313.78521728515625,315.1499938964844,316.70001220703125,305.54998779296875,310.0,648647
2026-02-10,317.4692077636719,318.8500061035156,324.29998779296875,313.3500061035156,316.0,446003
2026-02-11,313.58612060546875,314.95001220703125,321.6499938964844,313.5,319.5,326775
2026-02-12,287.3999938964844,288.6499938964844,313.0,276.8999938964844,312.54998779296875,1774175
2026-02-13,279.1000061035156,279.1000061035156,286.79998779296875,275.0,279.0,1956919
2026-02-16,273.5,273.5,281.0,270.0,280.0,773560
2026-02-17,283.95001220703125,283.95001220703125,291.20001220703125,272.20001220703125,275.0,2345100
2026-02-18,283.70001220703125,283.70001220703125,289.45001220703125,277.6000061035156,286.3500061035156,550514
2026-02-19,287.75,287.75,289.70001220703125,281.0,284.0,1297494
2026-02-20,285.6499938964844,285.6499938964844,292.5,283.6000061035156,286.75,662190
2026-02-23,281.6499938964844,281.6499938964844,291.79998779296875,280.04998779296875,285.6000061035156,616926
2026-02-24,270.1499938964844,270.1499938964844,282.3999938964844,268.95001220703125,282.3999938964844,751337
2026-02-25,272.6000061035156,272.6000061035156,278.0,271.04998779296875,272.95001220703125,454794
2026-02-26,270.95001220703125,270.95001220703125,280.29998779296875,270.0,273.1499938964844,556152
2026-02-27,268.20001220703125,268.20001220703125,275.70001220703125,267.0,271.95001220703125,632253
2026-03-02,260.25,260.25,265.3999938964844,252.25,252.6999969482422,586936
2026-03-04,255.64999389648438,255.64999389648438,263.1000061035156,254.5,258.5,821270
2026-03-05,250.25,250.25,259.0,248.25,257.04998779296875,795444
2026-03-06,246.4499969482422,246.4499969482422,252.5,245.6999969482422,250.0,916440
2026-03-09,247.0,247.0,259.3999938964844,238.4499969482422,243.0,6389341
2026-03-10,250.4499969482422,250.4499969482422,252.0,245.4499969482422,251.0500030517578,868718
2026-03-11,244.8000030517578,244.8000030517578,256.5,243.10000610351562,250.9499969482422,876692
2026-03-12,242.4499969482422,242.4499969482422,247.0500030517578,237.3000030517578,243.0,773224
2026-03-13,235.75,235.75,242.4499969482422,231.4499969482422,241.25,568958
2026-03-16,233.14999389648438,233.14999389648438,239.1999969482422,232.10000610351562,235.75,821891
2026-03-17,231.75,231.75,236.0,229.3000030517578,236.0,397159
2026-03-18,240.89999389648438,240.89999389648438,243.60000610351562,231.75,232.14999389648438,855408
2026-03-19,231.89999389648438,231.89999389648438,238.0,231.0,238.0,320597
2026-03-20,236.75,236.75,239.85000610351562,233.6999969482422,235.0,414537
2026-03-23,225.0,225.0,236.10000610351562,222.75,235.5,865043
2026-03-24,227.8000030517578,227.8000030517578,235.14999389648438,223.14999389648438,233.9499969482422,749334
2026-03-25,227.75,227.75,235.6999969482422,226.0500030517578,228.5500030517578,1170188
2026-03-27,219.0,219.0,229.3000030517578,216.0,225.5,1233526
2026-03-30,209.60000610351562,209.60000610351562,218.5500030517578,207.14999389648438,215.0,1159005
2026-04-01,220.74000549316406,220.74000549316406,226.33999633789062,215.5500030517578,217.5,1059320
2026-04-02,231.7899932861328,231.7899932861328,234.0,212.5500030517578,214.0,1048562
2026-04-06,232.30999755859375,232.30999755859375,235.35000610351562,228.5399932861328,233.0,549727
2026-04-07,236.05999755859375,236.05999755859375,238.5500030517578,230.0,231.0,574257
2026-04-08,245.94000244140625,245.94000244140625,248.24000549316406,238.5,244.9499969482422,680955
2026-04-09,244.42999267578125,244.42999267578125,250.4600067138672,241.8300018310547,246.8000030517578,565268
2026-04-10,246.27000427246094,246.27000427246094,248.35000610351562,242.19000244140625,244.5,438446
2026-04-13,242.16000366210938,242.16000366210938,245.88999938964844,236.89999389648438,243.0,379035
2026-04-15,253.7899932861328,253.7899932861328,254.5,245.0,246.89999389648438,582084
2026-04-16,279.2699890136719,279.2699890136719,291.3999938964844,260.510009765625,264.20001220703125,21846812
2026-04-17,280.3399963378906,280.3399963378906,284.0,272.0,277.8800048828125,1598755
2026-04-20,272.8599853515625,272.8599853515625,282.0,270.0,282.0,1065507
2026-04-21,272.94000244140625,272.94000244140625,275.5,271.30999755859375,272.8599853515625,310099
2026-04-22,268.0899963378906,268.0899963378906,274.1000061035156,266.6000061035156,272.0,674516
2026-04-23,264.4200134277344,264.4200134277344,273.9200134277344,263.5,268.1000061035156,504972
2026-04-24,256.9800109863281,256.9800109863281,266.19000244140625,255.0,264.79998779296875,427022
2026-04-27,259.9100036621094,259.9100036621094,263.0299987792969,256.20001220703125,256.95001220703125,467126
