Date,Adj Close,Close,High,Low,Open,Volume
,TITAN.NS,TITAN.NS,TITAN.NS,TITAN.NS,TITAN.NS,TITAN.NS
2010-01-04,65.58617401123047,71.07499694824219,72.44999694824219,70.36000061035156,71.25,490880
2010-01-05,66.93112182617188,72.53250122070312,73.0999984741211,71.19999694824219,72.44999694824219,1282660
2010-01-06,68.00846099853516,73.69999694824219,74.4000015258789,73.25,73.55000305175781,1318500
2010-01-07,69.69945526123047,75.53250122070312,76.6500015258789,73.25,73.25,3218340
2010-01-08,69.0558090209961,74.83499908447266,76.25,72.82749938964844,76.25,478240
2010-01-11,68.49755096435547,74.2300033569336,76.0,73.94499969482422,76.0,406280
2010-01-12,68.32221984863281,74.04000091552734,75.24500274658203,73.69999694824219,75.24500274658203,393860
2010-01-13,67.7916030883789,73.46499633789062,74.55000305175781,73.0,74.0,525280
2010-01-14,70.00627136230469,75.86499786376953,76.24500274658203,73.8499984741211,74.2249984741211,1128620
2010-01-15,69.93014526367188,75.78250122070312,76.49500274658203,74.83000183105469,76.0,659400
2010-01-18,69.4756851196289,75.29000091552734,76.44999694824219,74.30000305175781,76.44999694824219,239180
2010-01-19,70.78370666503906,76.7074966430664,78.4000015258789,70.55000305175781,73.83000183105469,2251180
2010-01-20,71.77108001708984,77.77749633789062,79.0,76.80000305175781,77.3499984741211,2549940
2010-01-21,70.32002258300781,76.20500183105469,77.98500061035156,75.4000015258789,77.82499694824219,868240
2010-01-22,70.16085052490234,76.03250122070312,76.44499969482422,71.80000305175781,74.75,557300
2010-01-25,69.33033752441406,75.13249969482422,75.67500305175781,74.5,75.05500030517578,286860
2010-01-27,69.15040588378906,74.9375,75.69999694824219,73.68000030517578,73.68000030517578,776900
2010-01-28,70.34537506103516,76.23249816894531,76.94999694824219,72.80249786376953,73.5,1503240
2010-01-29,69.24958801269531,75.04499816894531,76.5,73.75,75.75,442140
2010-02-01,78.82798767089844,85.42500305175781,86.3499984741211,76.23750305175781,76.25,7468400
2010-02-02,77.06317901611328,83.51249694824219,87.0,82.9000015258789,85.75,3162920
2010-02-03,79.95146179199219,86.64250183105469,88.8499984741211,83.9000015258789,84.0,5937120
2010-02-04,78.54654693603516,85.12000274658203,88.75,83.8550033569336,87.4000015258789,3925660
2010-02-05,77.63530731201172,84.13249969482422,85.94999694824219,82.52249908447266,83.5,2491540
2010-02-08,78.45197296142578,85.01750183105469,86.94999694824219,83.82749938964844,85.44999694824219,2257320
2010-02-09,78.49579620361328,85.06500244140625,86.18499755859375,84.25749969482422,85.44000244140625,1655720
2010-02-10,79.52700805664062,86.18250274658203,89.0,85.44999694824219,85.44999694824219,4079920
2010-02-11,80.15217590332031,86.86000061035156,87.75,85.91500091552734,87.0199966430664,1604680
2010-02-15,79.22016906738281,85.8499984741211,87.67500305175781,85.56749725341797,86.44750213623047,692500
2010-02-16,79.70463562011719,86.375,87.0999984741211,85.6050033569336,87.0,465280
2010-02-17,82.92280578613281,89.86250305175781,90.94999694824219,86.66500091552734,86.94999694824219,4268340
2010-02-18,84.233154296875,91.28250122070312,92.5,89.50250244140625,89.75,4171160
2010-02-19,83.58258819580078,90.57749938964844,92.3499984741211,89.75499725341797,90.0,1378220
2010-02-22,81.34717559814453,88.15499877929688,92.67749786376953,87.75,91.49500274658203,3472380
2010-02-23,80.62279510498047,87.37000274658203,88.69999694824219,86.43000030517578,87.5,3425960
2010-02-24,80.07836151123047,86.77999877929688,88.0999984741211,86.25,86.5,827180
2010-02-25,79.52237701416016,86.17749786376953,87.48500061035156,85.9000015258789,86.25,1059800
2010-02-26,80.56973266601562,87.3125,88.69999694824219,85.07749938964844,86.88999938964844,2330380
2010-03-02,82.65520477294922,89.57250213623047,90.0,88.00250244140625,88.4000015258789,1090500
2010-03-03,83.7048568725586,90.70999908447266,91.3499984741211,89.87000274658203,89.87000274658203,855440
2010-03-04,86.15714263916016,93.36750030517578,93.8949966430664,90.4000015258789,90.80000305175781,2702680
2010-03-05,84.45692443847656,91.5250015258789,95.0999984741211,91.125,94.0,2084960
2010-03-08,83.52029418945312,90.51000213623047,92.94999694824219,90.25250244140625,92.44999694824219,1724100
2010-03-09,83.71408081054688,90.72000122070312,91.74500274658203,89.60250091552734,90.5,1657220
2010-03-10,82.99201202392578,89.9375,92.0999984741211,89.60250091552734,90.05249786376953,2063540
2010-03-11,83.60797119140625,90.6050033569336,91.25,88.3499984741211,88.3499984741211,1049500
2010-03-12,83.22962188720703,90.19499969482422,91.64749908447266,89.81500244140625,90.8949966430664,1625360
2010-03-15,82.62751770019531,89.5425033569336,90.74500274658203,89.25,89.8499984741211,966780
2010-03-16,83.14888000488281,90.10749816894531,90.63999938964844,89.32749938964844,90.5,1477660
2010-03-17,83.39341735839844,90.37249755859375,92.4000015258789,89.86750030517578,90.25,2387720
2010-03-18,83.6010513305664,90.59750366210938,91.69999694824219,90.4000015258789,91.69999694824219,851320
2010-03-19,84.13395690917969,91.17500305175781,92.375,90.55000305175781,91.05000305175781,951000
2010-03-22,82.46603393554688,89.36750030517578,91.25,89.06749725341797,90.0,835380
2010-03-23,82.16613006591797,89.0425033569336,91.0,88.68250274658203,89.87000274658203,1219700
2010-03-25,81.91236114501953,88.76750183105469,90.39250183105469,88.29000091552734,88.8550033569336,2509980
2010-03-26,83.82018280029297,90.83499908447266,91.69000244140625,89.25,89.25,1421340
2010-03-29,85.23435974121094,92.36750030517578,92.5999984741211,90.75,91.25,1394560
2010-03-30,84.54918670654297,91.625,93.25,91.5,93.0,991840
2010-03-31,84.92292022705078,92.02999877929688,92.6500015258789,91.05000305175781,91.05000305175781,1278560
2010-04-01,86.39936065673828,93.62999725341797,93.94999694824219,91.9000015258789,92.0,1269200
2010-04-05,86.35090637207031,93.57749938964844,94.74500274658203,93.05000305175781,94.74500274658203,734200
2010-04-06,86.30939483642578,93.53250122070312,94.0,92.5999984741211,94.0,404340
2010-04-07,86.754638671875,94.01499938964844,94.5,93.25,94.0,2080180
2010-04-08,87.03838348388672,94.32250213623047,96.08999633789062,93.51499938964844,94.23999786376953,1691820
2010-04-09,87.91732025146484,95.2750015258789,96.5,94.50250244140625,96.5,591020
2010-04-12,87.94961547851562,95.30999755859375,95.94000244140625,94.5,95.44999694824219,420920
2010-04-13,87.9380874633789,95.29750061035156,96.6500015258789,94.55000305175781,95.0999984741211,955040
2010-04-15,90.63721466064453,98.22250366210938,99.0,95.29750061035156,95.29750061035156,3088140
2010-04-16,94.86581420898438,102.80500030517578,103.43499755859375,98.00499725341797,98.5,6382880
2010-04-19,94.64203643798828,102.5625,103.9175033569336,100.76000213623047,101.15499877929688,3397980
2010-04-20,94.57051086425781,102.48500061035156,103.38999938964844,101.83000183105469,103.0,1136220
2010-04-21,94.69279479980469,102.61750030517578,103.69999694824219,101.91000366210938,102.48500061035156,711560
2010-04-22,94.48516845703125,102.39250183105469,102.75,101.26249694824219,101.76000213623047,700720
2010-04-23,95.31105041503906,103.2874984741211,104.4000015258789,101.5999984741211,101.76000213623047,1653260
2010-04-26,95.19340515136719,103.16000366210938,104.3499984741211,102.3499984741211,104.0,743600
2010-04-27,95.43792724609375,103.42500305175781,103.91000366210938,102.55000305175781,103.24500274658203,1105940
2010-04-28,94.54975891113281,102.4625015258789,103.43499755859375,101.5,102.26249694824219,1383280
2010-04-29,97.30192565917969,105.44499969482422,106.19499969482422,102.0,102.88749694824219,3456500
2010-04-30,98.24085998535156,106.4625015258789,107.9000015258789,106.08000183105469,106.30000305175781,1917880
2010-05-03,101.0322494506836,109.48750305175781,110.37000274658203,105.5,107.25,6048780
2010-05-04,98.9975357055664,107.28250122070312,109.95500183105469,106.55000305175781,109.9000015258789,1921740
2010-05-05,101.26524353027344,109.73999786376953,111.49749755859375,104.80000305175781,107.0,3246880
2010-05-06,100.19252014160156,108.57749938964844,110.4000015258789,107.5999984741211,109.9000015258789,2754300
2010-05-07,99.61349487304688,107.94999694824219,110.0999984741211,105.6500015258789,108.4000015258789,1258040
2010-05-10,100.48320007324219,108.89250183105469,110.49749755859375,107.26249694824219,108.5,1106160
2010-05-11,100.04025268554688,108.4124984741211,109.5,106.62999725341797,108.5,918040
2010-05-12,100.06333923339844,108.4375,110.22000122070312,105.0,106.18000030517578,1383560
2010-05-13,103.16846466064453,111.80249786376953,112.69999694824219,108.25,108.60749816894531,3800840
2010-05-14,105.12936401367188,113.92749786376953,114.69999694824219,112.0,112.30000305175781,2612100
2010-05-17,103.82133483886719,112.51000213623047,113.4000015258789,110.25,113.0999984741211,1076340
2010-05-18,106.37511444091797,115.27749633789062,116.36000061035156,112.8324966430664,113.5,2024540
2010-05-19,104.3449935913086,113.07749938964844,114.94499969482422,112.62750244140625,114.5,872420
2010-05-20,103.88362884521484,112.57749938964844,114.44999694824219,111.46749877929688,113.3499984741211,533480
2010-05-21,103.19385528564453,111.83000183105469,112.4000015258789,108.30249786376953,111.0,643400
2010-05-24,102.82933807373047,111.43499755859375,116.9000015258789,110.80000305175781,116.9000015258789,494020
2010-05-25,99.4889144897461,107.81500244140625,110.98249816894531,107.4000015258789,110.8499984741211,1252520
2010-05-26,98.23164367675781,106.45249938964844,109.88999938964844,105.65499877929688,109.47000122070312,1330700
2010-05-27,100.64006805419922,109.0625,111.80000305175781,105.50499725341797,109.9000015258789,938060
2010-05-28,102.4671859741211,111.0425033569336,111.9000015258789,108.80249786376953,110.0,1400800
2010-05-31,102.52022552490234,111.0999984741211,111.9000015258789,110.05000305175781,110.9000015258789,638800
2010-06-01,102.16033935546875,110.70999908447266,112.6500015258789,109.25,110.80000305175781,1090160
2010-06-02,101.76126098632812,110.27749633789062,111.74500274658203,108.77999877929688,111.0,844200
2010-06-03,102.43026733398438,111.00250244140625,112.3499984741211,110.55249786376953,111.19249725341797,656580
2010-06-04,103.75904846191406,112.44249725341797,113.4000015258789,110.80500030517578,112.05000305175781,1658060
2010-06-07,103.7406005859375,112.42250061035156,113.49250030517578,110.6050033569336,111.00499725341797,1324680
2010-06-08,103.13155364990234,111.76249694824219,113.0,111.26499938964844,112.9000015258789,548100
2010-06-09,102.7001724243164,111.29499816894531,113.13500213623047,111.00749969482422,111.8499984741211,473680
2010-06-10,102.96086120605469,111.57749938964844,112.19499969482422,110.65249633789062,111.25,758680
2010-06-11,102.53636169433594,111.11750030517578,112.6449966430664,110.86499786376953,112.05000305175781,457280
2010-06-14,103.30921173095703,111.95500183105469,112.8949966430664,111.23999786376953,112.8949966430664,326020
2010-06-15,103.31611633300781,111.9625015258789,112.75,111.5,111.94999694824219,221560
2010-06-16,102.49945068359375,111.07749938964844,113.4000015258789,110.7074966430664,111.3499984741211,1074000
2010-06-17,101.53054809570312,110.02749633789062,112.19499969482422,109.41000366210938,111.25,1442900
2010-06-18,101.38521575927734,109.87000274658203,111.13500213623047,109.25250244140625,111.0,512920
2010-06-21,101.39212799072266,109.87750244140625,111.4000015258789,109.05999755859375,110.25,1352640
2010-06-22,101.78894805908203,110.30750274658203,111.0,108.25,110.42500305175781,1323940
2010-06-23,101.91119384765625,110.44000244140625,111.4000015258789,109.60250091552734,110.5,455980
2010-06-24,103.5306625366211,112.19499969482422,113.0,109.7750015258789,109.7750015258789,1414500
2010-06-25,104.45805358886719,113.19999694824219,113.9000015258789,112.19999694824219,112.89749908447266,653440
2010-06-28,107.74312591552734,116.76000213623047,117.5,112.75,113.5,1260720
2010-06-29,108.52749633789062,117.61000061035156,119.19999694824219,116.25,117.0,1953520
2010-06-30,109.36028289794922,118.51249694824219,119.25,116.15499877929688,117.05000305175781,743840
2010-07-01,108.4121322631836,117.48500061035156,118.38749694824219,117.05000305175781,118.0,940380
2010-07-02,107.16638946533203,116.13500213623047,118.25,115.82499694824219,117.5,418420
2010-07-05,107.52397155761719,116.52249908447266,117.24500274658203,115.07749938964844,117.24500274658203,309980
2010-07-06,110.04084777832031,119.25,120.17500305175781,115.6500015258789,116.55000305175781,925240
2010-07-07,111.05357360839844,120.34750366210938,121.2750015258789,118.3499984741211,119.5,3824400
2010-07-08,114.92001342773438,124.5374984741211,125.75,120.80000305175781,121.19000244140625,2545580
2010-07-09,116.28935241699219,125.26249694824219,125.68250274658203,122.5999984741211,124.75,1571880
2010-07-12,116.44019317626953,125.42500305175781,126.01000213623047,124.25,125.5,824180
2010-07-13,121.96631622314453,131.37750244140625,134.1699981689453,124.55249786376953,125.42500305175781,2807700
2010-07-14,122.46762084960938,131.91749572753906,136.9499969482422,130.5,132.5,4003580
2010-07-15,124.94171905517578,134.58250427246094,137.74749755859375,129.5,129.5,3926500
2010-07-16,124.03424072265625,133.60499572753906,135.88499450683594,132.94000244140625,134.3249969482422,1783080
2010-07-19,122.9433822631836,132.42999267578125,134.4499969482422,132.0,133.5,1567580
2010-07-20,123.68146514892578,133.22500610351562,134.0,132.5,132.5,1704540
2010-07-21,124.00868225097656,133.57749938964844,134.39999389648438,133.3074951171875,134.39999389648438,775960
2010-07-22,127.24173736572266,137.05999755859375,137.5,133.52499389648438,133.5500030517578,3701640
2010-07-23,128.70388793945312,138.63499450683594,140.0500030517578,136.9499969482422,140.0500030517578,2407040
2010-07-26,129.84115600585938,139.86000061035156,140.64999389648438,138.5749969482422,139.92250061035156,2388640
2010-07-27,131.37527465820312,141.5124969482422,143.6475067138672,137.10000610351562,140.0,5756920
2010-07-28,131.95782470703125,142.13999938964844,144.39999389648438,141.27749633789062,143.5,3934780
2010-07-29,130.55369567871094,140.62750244140625,142.39500427246094,140.1300048828125,141.5,1247160
2010-07-30,130.2403564453125,140.2899932861328,142.75,139.8000030517578,141.1999969482422,1579340
2010-08-02,130.75791931152344,140.84750366210938,142.5,138.97250366210938,140.0574951171875,917380
2010-08-03,130.79736328125,140.88999938964844,141.85000610351562,140.25,141.85000610351562,679480
2010-08-04,130.38194274902344,140.4425048828125,141.25,139.6024932861328,141.10000610351562,367480
2010-08-05,129.36538696289062,139.34750366210938,141.84500122070312,138.64999389648438,140.0500030517578,1970280
2010-08-06,130.25892639160156,140.30999755859375,140.75,139.0,139.25,1801640
2010-08-09,130.80665588378906,140.89999389648438,141.98500061035156,139.5500030517578,141.0,817520
2010-08-10,130.5653076171875,140.63999938964844,141.5,140.25,141.0,714040
2010-08-11,128.71087646484375,138.6425018310547,141.4949951171875,137.55499267578125,140.0,885680
2010-08-12,131.63522338867188,141.79249572753906,142.18499755859375,137.10000610351562,137.55499267578125,1983320
2010-08-13,138.50515747070312,149.1925048828125,151.25,141.05250549316406,141.75,7682740
2010-08-16,139.44508361816406,150.2050018310547,153.94500732421875,149.02499389648438,150.0500030517578,4648640
2010-08-17,136.6669464111328,147.21249389648438,151.99749755859375,146.82749938964844,150.5,2772160
2010-08-18,134.24851989746094,144.6074981689453,148.36000061035156,142.02499389648438,147.97000122070312,4677160
2010-08-19,134.39244079589844,144.7624969482422,147.7324981689453,142.57000732421875,145.5,2846960
2010-08-20,132.89779663085938,143.15249633789062,146.0,142.50750732421875,145.0,1756380
2010-08-23,140.7076416015625,151.56500244140625,152.75,143.4499969482422,144.4824981689453,8773580
2010-08-24,140.9235076904297,151.79750061035156,153.89999389648438,148.0,150.77499389648438,5745020
2010-08-25,139.54025268554688,150.3074951171875,153.7449951171875,149.1999969482422,151.5,6678620
2010-08-26,138.3333740234375,149.00750732421875,151.9499969482422,148.25,151.0,5310480
2010-08-27,138.43551635742188,149.11749267578125,151.1999969482422,148.5500030517578,149.25,2339100
2010-08-30,139.18746948242188,149.92750549316406,151.50999450683594,149.0175018310547,150.5,1014340
2010-08-31,136.07977294921875,146.5800018310547,150.2449951171875,145.88499450683594,149.99000549316406,2992140
2010-09-01,137.2239532470703,147.8125,149.1999969482422,147.10000610351562,147.8000030517578,1730280
2010-09-02,139.27102661132812,150.0175018310547,152.23500061035156,147.5625,148.8000030517578,3962340
2010-09-03,139.16891479492188,149.90750122070312,152.2375030517578,149.5574951171875,150.5,1927860
2010-09-06,140.6566162109375,151.50999450683594,152.7949981689453,149.85000610351562,150.5,2096100
2010-09-07,139.43580627441406,150.19500732421875,152.25,150.0500030517578,152.25,1324120
2010-09-08,137.50942993164062,148.1199951171875,151.5,147.8000030517578,150.0,2808880
2010-09-09,136.9826202392578,147.55250549316406,149.85000610351562,147.25,148.5,1345120
2010-09-13,138.18482971191406,148.84750366210938,150.35000610351562,146.6024932861328,148.0,1798240
2010-09-14,143.93836975097656,155.0449981689453,156.38999938964844,147.9550018310547,149.0,9620960
2010-09-15,145.05239868164062,156.2449951171875,159.1999969482422,155.30250549316406,156.5,8697820
2010-09-16,144.4234619140625,155.5675048828125,158.17999267578125,155.0574951171875,156.9550018310547,2905980
2010-09-17,148.6637420654297,160.13499450683594,160.99000549316406,156.3000030517578,156.39999389648438,6266820
2010-09-20,147.6727294921875,159.0675048828125,161.39999389648438,158.5,161.1999969482422,2284780
2010-09-21,146.60275268554688,157.9149932861328,160.75,157.3574981689453,159.9499969482422,1665640
2010-09-22,149.61534118652344,161.16000366210938,161.6999969482422,158.5,158.5,4628660
2010-09-23,152.77871704101562,164.5675048828125,165.3350067138672,159.75250244140625,161.5,6106160
2010-09-24,155.38746643066406,167.37750244140625,168.25,162.58250427246094,165.0,4575080
2010-09-27,157.67352294921875,169.83999633789062,170.99749755859375,165.5,167.25,3010080
2010-09-28,156.16726684570312,168.21749877929688,170.89999389648438,167.5500030517578,170.8000030517578,2930100
2010-09-29,153.7465362548828,165.61000061035156,170.14500427246094,165.05999755859375,169.39999389648438,2230620
2010-09-30,151.97105407714844,163.69749450683594,166.8000030517578,162.92999267578125,166.00750732421875,3115400
2010-10-01,153.63978576660156,165.4949951171875,167.6999969482422,164.5500030517578,164.5500030517578,2731240
2010-10-04,153.4169921875,165.2550048828125,167.75,164.50250244140625,167.0,1162800
2010-10-05,153.5771484375,165.42750549316406,167.75,164.5,166.5,1383960
2010-10-06,158.53460693359375,170.7675018310547,171.5,165.76499938964844,166.21249389648438,5216280
2010-10-07,156.1997528076172,168.25250244140625,172.8975067138672,167.25,171.2550048828125,3398620
2010-10-08,154.65635681152344,166.58999633789062,169.5,165.64999389648438,169.5,1304060
2010-10-11,156.47828674316406,168.55250549316406,169.64999389648438,167.5,168.14999389648438,962640
2010-10-12,153.2197265625,165.04249572753906,168.8000030517578,164.0500030517578,168.75750732421875,1283040
2010-10-13,154.05523681640625,165.9425048828125,167.21749877929688,164.75,166.25,2167580
2010-10-14,154.12254333496094,166.01499938964844,168.08999633789062,164.7550048828125,166.6999969482422,1967960
2010-10-15,152.6835479736328,164.46499633789062,167.6999969482422,163.52000427246094,167.47250366210938,1683960
2010-10-18,149.28114318847656,160.8000030517578,166.24749755859375,159.8000030517578,164.0,1846980
2010-10-19,147.91639709472656,159.3300018310547,162.93499755859375,158.25,161.71499633789062,1195960
2010-10-20,147.22711181640625,158.58749389648438,160.8350067138672,158.14999389648438,159.3300018310547,1002880
2010-10-21,149.21151733398438,160.72500610351562,162.85000610351562,158.6425018310547,158.6425018310547,1377720
2010-10-22,148.77516174316406,160.2550048828125,162.74749755859375,158.75,161.0,1005220
2010-10-25,152.71144104003906,164.4949951171875,165.60000610351562,160.9499969482422,160.9499969482422,3595260
2010-10-26,162.0484619140625,174.55250549316406,175.72500610351562,165.5,165.5,14031520
2010-10-27,166.54638671875,179.3975067138672,180.24000549316406,174.25,174.25,9288060
2010-10-28,161.56805419921875,174.03500366210938,181.99000549316406,172.75,179.9499969482422,5663220
2010-10-29,164.88461303710938,177.6074981689453,178.1999969482422,172.5,174.0,3949900
2010-11-01,176.041259765625,189.625,191.4499969482422,178.24749755859375,178.85000610351562,8666680
2010-11-02,177.25741577148438,190.93499755859375,193.85000610351562,189.35000610351562,191.3975067138672,9284860
2010-11-03,177.92349243164062,191.65249633789062,193.30250549316406,190.65499877929688,192.5,3226460
2010-11-04,177.42681884765625,191.11749267578125,193.0,190.56500244140625,192.5,2932800
2010-11-08,177.2086639404297,190.88250732421875,192.60000610351562,189.64999389648438,192.5,1593660
2010-11-09,177.4245147705078,191.11500549316406,192.39999389648438,189.8300018310547,190.90249633789062,1591900
2010-11-10,192.48489379882812,207.33749389648438,209.75,190.8000030517578,191.10000610351562,19866720
2010-11-11,191.4660186767578,206.24000549316406,212.10000610351562,205.1824951171875,207.5,11979180
2010-11-12,183.60972595214844,197.77749633789062,207.18499755859375,197.05999755859375,205.7449951171875,9056620
2010-11-15,181.3561248779297,195.35000610351562,199.2949981689453,192.22000122070312,199.0,6204860
2010-11-16,175.9553985595703,189.53250122070312,200.5124969482422,188.40499877929688,198.0,11626220
2010-11-18,172.636474609375,185.95750427246094,193.29750061035156,180.03250122070312,191.0,12019840
2010-11-19,170.482666015625,183.6374969482422,191.1999969482422,182.52000427246094,186.9949951171875,9705760
2010-11-22,176.9371337890625,190.58999633789062,192.0,184.89999389648438,184.89999389648438,5997540
2010-11-23,174.3748321533203,187.8300018310547,191.1999969482422,182.25,190.60000610351562,6058120
2010-11-24,172.67823791503906,186.00250244140625,191.5,184.5500030517578,188.6925048828125,5484160
2010-11-25,170.53836059570312,183.69749450683594,189.64999389648438,182.74000549316406,187.5,4611960
2010-11-26,165.8756866455078,178.6750030517578,186.80250549316406,169.6425018310547,183.64999389648438,8747400
2010-11-29,170.99093627929688,184.18499755859375,185.75,176.0500030517578,179.9499969482422,5572640
2010-11-30,171.422607421875,184.64999389648438,186.80250549316406,181.10000610351562,183.14999389648438,6976600
2010-12-01,175.54922485351562,189.09500122070312,191.35000610351562,184.13499450683594,185.0,6639800
2010-12-02,175.656005859375,189.2100067138672,193.3074951171875,188.57000732421875,191.43499755859375,3878400
2010-12-03,171.582763671875,184.82249450683594,190.52999877929688,183.89999389648438,189.25,3736100
2010-12-06,171.43426513671875,184.66250610351562,189.35000610351562,183.89999389648438,185.70750427246094,2474820
2010-12-07,171.46902465820312,184.6999969482422,186.3350067138672,182.75,186.0,3128300
2010-12-08,165.83853149414062,178.63499450683594,184.99749755859375,177.57000732421875,184.9499969482422,3429600
2010-12-09,155.62649536132812,167.63499450683594,179.5,165.10000610351562,177.5,10074040
2010-12-10,160.00375366210938,172.35000610351562,173.64999389648438,160.5,167.0,9869600
2010-12-13,161.91151428222656,174.40499877929688,176.5,171.25,174.0,4492280
2010-12-14,166.41177368164062,179.25250244140625,180.4499969482422,174.1125030517578,175.5,6335260
2010-12-15,158.61814880371094,170.8574981689453,180.0,168.9499969482422,179.75250244140625,5368260
2010-12-16,158.1353759765625,170.33749389648438,177.0,165.0,177.0,7372080
2010-12-20,156.8798065185547,168.98500061035156,172.22999572753906,167.85000610351562,169.75,3964060
2010-12-21,158.43246459960938,170.65750122070312,172.3874969482422,169.5050048828125,170.0,2543980
2010-12-22,157.4693145751953,169.6199951171875,172.1999969482422,168.5500030517578,170.77499389648438,2651800
2010-12-23,154.879150390625,166.8300018310547,170.6199951171875,165.80499267578125,170.36749267578125,3196660
2010-12-24,161.34754943847656,173.79750061035156,175.5,165.0,166.75250244140625,10801500
2010-12-27,161.46823120117188,173.92750549316406,176.75,173.17750549316406,174.74749755859375,4968760
2010-12-28,161.01797485351562,173.4425048828125,175.1300048828125,172.60000610351562,174.99749755859375,2675680
2010-12-29,163.20660400390625,175.8000030517578,176.39999389648438,173.33749389648438,174.25,4195080
2010-12-30,164.1395721435547,176.80499267578125,178.72250366210938,174.8249969482422,176.74749755859375,6048380
2010-12-31,166.87132263183594,179.74749755859375,181.89999389648438,176.80499267578125,177.24000549316406,6593820
2011-01-03,171.1371612548828,184.34249877929688,185.88499450683594,180.85000610351562,180.85000610351562,5733320
2011-01-04,169.79568481445312,182.8975067138672,187.39999389648438,182.1024932861328,187.39999389648438,6135200
2011-01-05,169.02047729492188,182.0625,184.75,181.14500427246094,181.85000610351562,4937120
2011-01-06,166.14950561523438,178.97000122070312,183.78750610351562,177.75750732421875,183.0,5287560
2011-01-07,158.3907012939453,170.6125030517578,180.0,168.50250244140625,178.86500549316406,5741740
2011-01-10,152.80657958984375,164.59750366210938,170.5800018310547,164.0500030517578,170.5,7607480
2011-01-11,153.38916015625,165.22500610351562,168.49749755859375,163.30999755859375,165.0,6827280
2011-01-12,166.22377014160156,179.0500030517578,179.9499969482422,165.6199951171875,166.75750732421875,8652600
2011-01-13,158.48587036132812,170.71499633789062,179.5,170.14999389648438,179.0,7978600
2011-01-14,158.27001953125,170.4824981689453,176.7449951171875,169.0574951171875,171.49749755859375,8490720
2011-01-17,158.998779296875,171.2675018310547,174.4499969482422,169.7624969482422,170.5,5139080
2011-01-18,161.6353302001953,174.1074981689453,175.35000610351562,171.3000030517578,171.3000030517578,4689780
2011-01-19,160.3611602783203,172.73500061035156,177.4499969482422,171.0050048828125,174.9499969482422,6708960
2011-01-20,161.86740112304688,174.3574981689453,175.27499389648438,170.8000030517578,172.5500030517578,5393040
2011-01-21,162.7586669921875,175.3175048828125,176.47500610351562,173.25,174.25,4206280
2011-01-24,165.6690673828125,178.45249938964844,180.75,175.41000366210938,175.6475067138672,6347040
2011-01-25,167.0175018310547,179.90499877929688,181.5675048828125,178.55499267578125,179.25,5765180
2011-01-27,165.5159149169922,178.28750610351562,181.70249938964844,177.10000610351562,181.6999969482422,3954860
2011-01-28,160.9761962890625,173.3975067138672,180.1999969482422,166.25,178.25,15161500
2011-01-31,167.1567840576172,180.05499267578125,181.19000244140625,170.35000610351562,172.60000610351562,11472460
2011-02-01,166.9757537841797,179.86000061035156,183.1199951171875,178.75,180.5500030517578,10323780
2011-02-02,164.13494873046875,176.8000030517578,182.10000610351562,175.90499877929688,181.64999389648438,6003400
2011-02-03,167.0012664794922,179.8874969482422,180.5,176.19500732421875,177.0,5089660
2011-02-04,163.0835723876953,175.66749572753906,182.1125030517578,174.5,180.0,5529920
2011-02-07,160.05015563964844,172.39999389648438,176.73500061035156,171.60499572753906,175.5,4431520
2011-02-08,150.04002380371094,161.61749267578125,173.1999969482422,161.0,172.0,9321480
2011-02-09,143.33958435058594,154.39999389648438,163.99000549316406,150.25,161.38999938964844,12029140
2011-02-10,143.17947387695312,154.2274932861328,158.9499969482422,147.14999389648438,154.0,14281680
2011-02-11,144.42808532714844,155.57249450683594,157.23500061035156,151.60000610351562,155.48500061035156,11151420
2011-02-14,147.58688354492188,158.97500610351562,160.25,156.62750244140625,157.11500549316406,9690780
2011-02-15,149.1302490234375,160.6374969482422,162.39500427246094,155.77749633789062,159.75,9614860
2011-02-16,151.4024200439453,163.0850067138672,164.39999389648438,158.83250427246094,160.5,7827060
2011-02-17,152.91563415527344,164.71499633789062,165.6999969482422,161.89999389648438,163.3699951171875,6123360
2011-02-18,149.51089477539062,161.04750061035156,166.89999389648438,160.35000610351562,165.33749389648438,7806520
2011-02-21,156.37147521972656,168.4375,169.3000030517578,160.15499877929688,161.0,8199300
2011-02-22,161.34754943847656,173.79750061035156,174.9499969482422,165.5500030517578,166.5500030517578,14316160
2011-02-23,159.50473022460938,171.8125,173.99749755859375,170.65249633789062,172.5,7159140
2011-02-24,151.83412170410156,163.5500030517578,173.19000244140625,162.5500030517578,171.74000549316406,10291540
2011-02-25,155.19248962402344,167.16749572753906,168.19500732421875,163.67999267578125,164.25,6998760
2011-02-28,154.47299194335938,166.3925018310547,171.6999969482422,164.70249938964844,167.74000549316406,5931440
2011-03-01,157.92884826660156,170.11500549316406,171.0,167.25250244140625,167.5,4502160
2011-03-03,160.27529907226562,172.6425018310547,174.49749755859375,168.7550048828125,170.10000610351562,6600820
2011-03-04,159.92947387695312,172.27000427246094,174.59750366210938,171.6999969482422,173.75250244140625,3849300
2011-03-07,157.7710418701172,169.94500732421875,171.7899932861328,167.1649932861328,171.7899932861328,4716400
2011-03-08,160.59323120117188,172.98500061035156,174.1999969482422,169.75,170.0500030517578,3289780
2011-03-09,162.1366729736328,174.6475067138672,175.9499969482422,173.03750610351562,174.9499969482422,4561080
2011-03-10,161.2454376220703,173.6875,174.25,172.32000732421875,173.1300048828125,2119800
2011-03-11,160.259033203125,172.625,174.4499969482422,171.7550048828125,172.6999969482422,3016260
2011-03-14,162.22482299804688,174.74249267578125,175.32249450683594,140.0,140.0,2463700
2011-03-15,160.59095764160156,172.9824981689453,173.7449951171875,169.90499877929688,170.0,3637260
2011-03-16,164.38560485839844,177.07000732421875,178.7449951171875,173.75750732421875,173.75750732421875,4443480
2011-03-17,165.42770385742188,178.1925048828125,179.0,175.6999969482422,176.0,3007180
2011-03-18,160.6976776123047,173.09750366210938,179.9499969482422,172.4499969482422,179.44749450683594,6872700
2011-03-21,159.0776824951172,171.3524932861328,174.75,167.89999389648438,173.5,3029420
2011-03-22,160.4771728515625,172.86000061035156,174.25250244140625,171.7100067138672,171.8524932861328,2485260
2011-03-23,160.6675262451172,173.06500244140625,174.10000610351562,172.0050048828125,172.59500122070312,2392700
2011-03-24,162.2016143798828,174.71749877929688,175.44000244140625,173.5574951171875,173.8975067138672,3246580
2011-03-25,163.04876708984375,175.6300048828125,176.86000061035156,174.0050048828125,174.0050048828125,2872820
2011-03-28,164.65252685546875,177.3574981689453,179.89999389648438,175.0,175.0,4775700
2011-03-29,166.63458251953125,179.49249267578125,180.6999969482422,177.5,177.5,4448540
2011-03-30,178.49212646484375,192.26499938964844,193.85000610351562,180.1999969482422,180.20249938964844,20010200
2011-03-31,176.9208526611328,190.57249450683594,197.5449981689453,188.8574981689453,193.39999389648438,17184220
2011-04-01,179.0955810546875,192.9149932861328,193.87249755859375,189.8874969482422,190.0500030517578,5765520
2011-04-04,179.13270568847656,192.9550018310547,194.39999389648438,191.35000610351562,192.89999389648438,3827600
2011-04-05,183.60276794433594,197.77000427246094,200.23500061035156,192.25,193.25250244140625,11707360
2011-04-06,187.25357055664062,201.70249938964844,204.35000610351562,198.19749450683594,198.75,11723600
2011-04-07,185.28543090820312,199.58250427246094,202.7375030517578,199.0500030517578,201.75,5134520
2011-04-08,181.6160888671875,195.6300048828125,201.3000030517578,194.27999877929688,199.39999389648438,6405660
2011-04-11,176.22923278808594,189.82749938964844,195.625,189.2050018310547,195.625,5256680
2011-04-13,180.36509704589844,194.28250122070312,194.82249450683594,187.50999450683594,188.75,5029100
2011-04-15,180.82000732421875,194.7725067138672,196.34249877929688,191.6300048828125,194.25,3658840
2011-04-18,181.0543975830078,195.02499389648438,201.74249267578125,193.5,195.9949951171875,7262820
2011-04-19,182.6535186767578,196.74749755859375,198.0,193.0,194.5,4523060
2011-04-20,188.34207153320312,202.875,203.8000030517578,197.5,197.5,7904100
2011-04-21,186.83348083496094,201.25,205.02999877929688,200.5,203.5050048828125,4621800
2011-04-25,191.05758666992188,205.8000030517578,207.1999969482422,200.75250244140625,201.25,7154520
2011-04-26,190.2452392578125,204.9250030517578,207.36000061035156,202.5500030517578,205.82749938964844,5792700
2011-04-27,191.4405059814453,206.21249389648438,209.9499969482422,205.4499969482422,208.4949951171875,5689880
2011-04-28,191.15966796875,205.91000366210938,209.0,205.10000610351562,207.34750366210938,6230480
2011-04-29,187.04701232910156,201.47999572753906,207.9375,199.3350067138672,207.39999389648438,7238460
2011-05-02,181.8574676513672,195.88999938964844,222.4499969482422,194.25,222.4499969482422,17613940
2011-05-03,175.11285400390625,188.625,196.7449951171875,187.75,195.0,9750900
2011-05-04,177.9443817138672,191.6750030517578,193.24749755859375,185.90750122070312,189.0,7522020
2011-05-05,181.3538360595703,195.34750366210938,196.79750061035156,191.3574981689453,192.00250244140625,9264880
2011-05-06,183.61441040039062,197.78250122070312,198.46499633789062,192.5,192.5,4979400
2011-05-09,183.11306762695312,197.24249267578125,198.88499450683594,195.94000244140625,198.5,3258140
2011-05-10,180.81536865234375,194.7675018310547,197.87249755859375,193.10000610351562,197.25,3814940
2011-05-11,183.03648376464844,197.16000366210938,197.71749877929688,194.0800018310547,195.14999389648438,3401960
2011-05-12,182.530517578125,196.61500549316406,198.0,194.88999938964844,196.5,3789020
2011-05-13,184.642578125,198.88999938964844,201.24249267578125,196.6374969482422,196.89999389648438,5118140
2011-05-16,186.8358154296875,201.25250244140625,202.0,197.625,198.25,4291640
2011-05-17,191.182861328125,205.93499755859375,215.0,201.1999969482422,201.1999969482422,8776820
2011-05-18,189.44918823242188,204.0675048828125,207.2324981689453,203.12750244140625,206.27499389648438,6297160
2011-05-19,191.44281005859375,206.21499633789062,206.9499969482422,204.5050048828125,204.9425048828125,2894900
2011-05-20,192.21336364746094,207.0449981689453,208.60000610351562,204.0,207.0,4518500
2011-05-23,195.91522216796875,211.03250122070312,212.39999389648438,205.0449981689453,207.0,6218800
2011-05-24,198.74441528320312,214.0800018310547,215.39500427246094,211.25250244140625,211.49749755859375,5744320
2011-05-25,201.8173065185547,217.38999938964844,219.25,213.00250244140625,214.25,7550580
2011-05-26,196.26800537109375,211.41250610351562,217.92750549316406,210.75,217.0,7460340
2011-05-27,193.97030639648438,208.9375,213.5,206.81500244140625,212.75,7075240
2011-05-30,200.66148376464844,216.14500427246094,217.16250610351562,208.49749755859375,208.5,6579080
2011-05-31,204.60939025878906,220.3975067138672,223.75250244140625,215.76499938964844,217.14999389648438,21246640
2011-06-01,200.0417938232422,215.4774932861328,219.8000030517578,213.5500030517578,219.0,7023040
2011-06-02,200.15785217285156,215.6024932861328,217.4949951171875,213.2550048828125,215.25,5245940
2011-06-03,201.0885467529297,216.60499572753906,218.4499969482422,214.72000122070312,215.25,3611100
2011-06-06,202.7943878173828,218.4425048828125,219.24249267578125,213.27999877929688,213.27999877929688,3544340
2011-06-07,203.26092529296875,218.94500732421875,219.75,217.5,217.5,2206920
2011-06-08,205.22671508789062,221.0625,221.69749450683594,218.49749755859375,218.89999389648438,4166260
2011-06-09,210.12615966796875,226.33999633789062,228.75,221.06500244140625,221.25,6523480
2011-06-10,213.81175231933594,230.30999755859375,231.2449951171875,226.0,226.5,8076760
2011-06-13,218.843505859375,235.72999572753906,236.6999969482422,227.9949951171875,230.40499877929688,9793480
2011-06-14,211.65098571777344,227.9824981689453,237.74749755859375,226.57749938964844,236.5,15123640
2011-06-15,207.830810546875,223.86749267578125,228.6300048828125,223.0500030517578,228.0,9111840
2011-06-16,205.5284423828125,221.3874969482422,223.74749755859375,209.9600067138672,222.5,10544580
2011-06-17,211.65098571777344,227.9824981689453,230.87750244140625,221.60000610351562,222.75,10592500
2011-06-20,214.51036071777344,231.0625,234.25,224.5500030517578,228.49749755859375,15242140
2011-06-21,212.5352783203125,228.93499755859375,233.41250610351562,225.5,232.28750610351562,10543440
2011-06-22,199.24806213378906,214.62249755859375,231.0,212.77999877929688,231.0,21588480
2011-06-23,212.50277709960938,228.89999389648438,234.0,205.0,210.0,13873143
2011-06-24,200.89820861816406,216.39999389648438,234.8000030517578,215.10000610351562,230.0,10030616
2011-06-27,196.8134307861328,212.0,219.89999389648438,209.5500030517578,215.0,6899983
2011-06-28,197.37045288085938,212.60000610351562,216.3000030517578,211.14999389648438,212.0,6146633
2011-06-29,197.78819274902344,213.0500030517578,214.75,210.85000610351562,213.8000030517578,4410020
2011-06-30,198.9486541748047,214.3000030517578,220.85000610351562,212.64999389648438,214.0,15008952
2011-07-01,198.298828125,213.60000610351562,216.1999969482422,211.1999969482422,215.3000030517578,3454172
2011-07-04,202.29078674316406,217.89999389648438,218.60000610351562,212.5500030517578,216.0,3642856
2011-07-05,202.5692901611328,218.1999969482422,220.25,215.3000030517578,218.0,3384747
2011-07-06,207.90737915039062,223.9499969482422,225.35000610351562,217.64999389648438,219.3000030517578,6942588
2011-07-07,213.10623168945312,229.5500030517578,230.60000610351562,224.35000610351562,225.0,5889804
2011-07-08,209.9497833251953,226.14999389648438,231.85000610351562,225.5500030517578,229.0,2589148
2011-07-11,212.59561157226562,229.0,230.60000610351562,223.60000610351562,225.0,2582413
2011-07-12,206.42202758789062,222.35000610351562,230.1999969482422,220.14999389648438,228.0,4322260
2011-07-13,209.02139282226562,225.14999389648438,228.0,223.14999389648438,224.89999389648438,2208958
2011-07-14,210.92454528808594,227.1999969482422,229.1999969482422,224.3000030517578,226.0,2499289
2011-07-15,210.55322265625,226.8000030517578,228.89999389648438,224.8000030517578,228.10000610351562,1319742
2011-07-18,211.48158264160156,227.8000030517578,228.89999389648438,226.1999969482422,227.0,1025963
2011-07-19,216.5876007080078,233.3000030517578,234.60000610351562,227.14999389648438,228.5,5025036
2011-07-20,215.14865112304688,231.75,236.60000610351562,231.1999969482422,234.5,3149819
2011-07-21,208.2787322998047,224.35000610351562,233.60000610351562,223.14999389648438,232.39999389648438,3845864
2011-07-22,206.78500366210938,221.5,225.75,215.0,224.10000610351562,5071391
2011-07-25,208.46543884277344,223.3000030517578,224.64999389648438,220.9499969482422,221.5,2355701
2011-07-26,205.75808715820312,220.39999389648438,226.25,219.4499969482422,223.5500030517578,3389205
2011-07-27,209.72573852539062,224.64999389648438,225.3000030517578,220.25,220.89999389648438,2836107
2011-07-28,212.8065185546875,227.9499969482422,230.3000030517578,221.5500030517578,225.0,5631997
2011-07-29,213.0865936279297,228.25,230.0,224.89999389648438,227.0,5132326
2011-08-01,212.8998565673828,228.0500030517578,230.89999389648438,226.25,228.5,1791974
2011-08-02,213.60006713867188,228.8000030517578,229.60000610351562,226.75,227.5,1969199
2011-08-03,210.19253540039062,225.14999389648438,228.9499969482422,222.0,227.1999969482422,2320358
2011-08-04,208.3720703125,223.1999969482422,227.39999389648438,222.60000610351562,225.1999969482422,1630570
2011-08-05,199.73658752441406,213.9499969482422,219.14999389648438,205.5500030517578,218.0,5267450
2011-08-08,200.9969024658203,215.3000030517578,219.5,205.0,209.85000610351562,4019165
2011-08-09,200.01669311523438,214.25,217.14999389648438,207.25,210.0,3194671
2011-08-10,205.52471923828125,220.14999389648438,222.3000030517578,216.89999389648438,219.89999389648438,3738849
2011-08-11,200.2967529296875,214.5500030517578,220.9499969482422,214.0,218.0,3040554
2011-08-12,197.02928161621094,211.0500030517578,217.89999389648438,195.0,217.89999389648438,2114169
2011-08-16,194.83535766601562,208.6999969482422,214.9499969482422,208.0,213.25,1554427
2011-08-17,196.42242431640625,210.39999389648438,212.8000030517578,208.25,209.0500030517578,1631191
2011-08-18,188.8138885498047,202.25,214.8000030517578,200.25,211.0,3885802
2011-08-19,183.8192901611328,196.89999389648438,200.0,192.0,200.0,4884178
2011-08-22,189.5607147216797,203.0500030517578,204.14999389648438,195.0500030517578,195.0500030517578,4377155
2011-08-23,195.02207946777344,208.89999389648438,211.85000610351562,202.0,204.5,3993609
2011-08-24,195.48886108398438,209.39999389648438,213.39999389648438,206.0,208.0,2823606
2011-08-25,192.40809631347656,206.10000610351562,212.0,204.0,209.39999389648438,1887580
2011-08-26,188.39376831054688,201.8000030517578,209.0,199.35000610351562,209.0,2067944
2011-08-29,191.9879913330078,205.64999389648438,207.1999969482422,203.0,204.0,1723009
2011-08-30,192.03465270996094,205.6999969482422,209.8000030517578,204.8000030517578,206.0,1670949
2011-09-02,196.88922119140625,210.89999389648438,212.3000030517578,206.0,206.3000030517578,3564546
2011-09-05,205.10459899902344,219.6999969482422,221.1999969482422,207.6999969482422,209.0,5370469
2011-09-06,201.79043579101562,216.14999389648438,223.0,214.25,217.89999389648438,4795953
2011-09-07,203.28416442871094,217.75,219.9499969482422,215.60000610351562,217.6999969482422,2064342
2011-09-08,208.60548400878906,223.4499969482422,225.0,216.1999969482422,218.8000030517578,3667482
2011-09-09,211.7796173095703,226.85000610351562,230.3000030517578,223.14999389648438,224.89999389648438,3852042
2011-09-12,200.15667724609375,214.39999389648438,229.0,212.8000030517578,229.0,4713601
2011-09-13,198.47628784179688,212.60000610351562,220.5,211.85000610351562,220.5,2281746
2011-09-14,197.96282958984375,212.0500030517578,215.39999389648438,208.64999389648438,212.5,3039238
2011-09-15,204.59115600585938,219.14999389648438,219.6999969482422,213.25,213.25,2429570
2011-09-16,205.4313201904297,220.0500030517578,222.5,217.0,221.0,2570919
2011-09-19,207.57855224609375,222.35000610351562,223.5,219.0,219.0,2186694
2011-09-20,211.82627868652344,226.89999389648438,227.5,223.10000610351562,223.89999389648438,2270310
2011-09-21,220.08834838867188,235.75,237.4499969482422,226.0,226.0,5631468
2011-09-22,210.7993621826172,225.8000030517578,233.64999389648438,224.35000610351562,233.64999389648438,3813840
2011-09-23,208.7921905517578,223.64999389648438,228.5,220.0,224.4499969482422,3203822
2011-09-26,193.481689453125,207.25,223.89999389648438,205.10000610351562,223.85000610351562,6890338
2011-09-27,198.52297973632812,212.64999389648438,214.0,210.0,210.0,3740693
2011-09-28,193.43504333496094,207.1999969482422,216.39999389648438,205.10000610351562,214.0,4727947
2011-09-29,191.9879913330078,205.64999389648438,208.14999389648438,200.39999389648438,207.0,8702869
2011-09-30,195.06874084472656,208.9499969482422,211.25,205.1999969482422,208.0,3498689
2011-10-03,190.49429321289062,204.0500030517578,207.39999389648438,200.0,206.0,2623896
2011-10-04,184.23941040039062,197.35000610351562,207.39999389648438,195.4499969482422,205.0,5658170
2011-10-05,184.3327178955078,197.4499969482422,200.64999389648438,193.5500030517578,200.0,5425968
2011-10-07,194.55526733398438,208.39999389648438,209.60000610351562,201.0,201.0,5109623
2011-10-10,197.40267944335938,211.4499969482422,212.4499969482422,208.10000610351562,210.0,2186479
2011-10-11,198.66297912597656,212.8000030517578,215.60000610351562,211.0,212.5,1892546
2011-10-12,205.38465881347656,220.0,221.0,213.0,213.0,3301229
2011-10-13,202.53729248046875,216.9499969482422,224.10000610351562,216.3000030517578,221.0,2804975
2011-10-14,203.097412109375,217.5500030517578,220.5,214.8000030517578,215.0,2572195
2011-10-17,210.61264038085938,225.60000610351562,226.75,217.89999389648438,224.0,3577533
2011-10-18,206.4582977294922,221.14999389648438,223.0,218.1999969482422,220.0,2174255
2011-10-19,207.71859741210938,222.5,225.5500030517578,220.4499969482422,222.0,3034247
2011-10-20,201.97714233398438,216.35000610351562,221.0,213.64999389648438,221.0,3337512
2011-10-21,205.29129028320312,219.89999389648438,222.8000030517578,216.75,218.0,2950215
2011-10-24,211.4995574951172,226.5500030517578,227.8000030517578,221.0,222.0,4094220
2011-10-25,201.55706787109375,215.89999389648438,224.8000030517578,211.39999389648438,223.10000610351562,9327099
2011-10-28,202.91070556640625,217.35000610351562,223.14999389648438,216.25,219.89999389648438,3530742
2011-10-31,202.86402893066406,217.3000030517578,219.39999389648438,214.39999389648438,217.5,2558727
2011-11-01,200.76351928710938,215.0500030517578,218.1999969482422,213.0,214.10000610351562,2079857
2011-11-02,200.9969024658203,215.3000030517578,217.89999389648438,213.64999389648438,214.4499969482422,2004237
2011-11-03,200.95022583007812,215.25,217.14999389648438,213.0,215.0,1727485
2011-11-04,202.583984375,217.0,219.4499969482422,216.0,216.0,2276907
2011-11-08,207.15843200683594,221.89999389648438,222.39999389648438,217.1999969482422,217.1999969482422,3064297
2011-11-09,203.7509307861328,218.25,224.3000030517578,217.3000030517578,222.75,2689688
2011-11-11,200.53012084960938,214.8000030517578,219.0,212.6999969482422,217.5,2603251
2011-11-14,195.76895141601562,209.6999969482422,218.14999389648438,208.39999389648438,217.0,1756745
2011-11-15,192.45477294921875,206.14999389648438,212.39999389648438,203.75,208.0,2612245
2011-11-16,197.72943115234375,211.8000030517578,214.60000610351562,205.10000610351562,207.0,3178327
2011-11-17,188.9539031982422,202.39999389648438,214.4499969482422,184.89999389648438,211.89999389648438,2803951
2011-11-18,190.35423278808594,203.89999389648438,205.25,193.10000610351562,193.10000610351562,4217531
2011-11-21,185.21963500976562,198.39999389648438,203.0,195.5,203.0,4111409
2011-11-22,173.2232666015625,185.5500030517578,200.0,184.10000610351562,199.0,8094625
2011-11-23,177.8911590576172,190.5500030517578,191.8000030517578,181.1999969482422,183.8000030517578,5940896
2011-11-24,177.1909637451172,189.8000030517578,191.6999969482422,184.0,189.39999389648438,3716192
2011-11-25,176.44410705566406,189.0,196.85000610351562,186.10000610351562,189.5,4865853
2011-11-28,178.5446319580078,191.25,194.3000030517578,189.3000030517578,192.5,4575902
2011-11-29,172.9899139404297,185.3000030517578,192.60000610351562,184.64999389648438,191.89999389648438,3393029
2011-11-30,165.84812927246094,177.64999389648438,183.39999389648438,174.5500030517578,183.39999389648438,9865970
2011-12-01,173.64341735839844,186.0,188.39999389648438,180.25,183.0,6122090
2011-12-02,178.73133850097656,191.4499969482422,192.0,183.39999389648438,183.39999389648438,4299534
2011-12-05,174.3902587890625,186.8000030517578,192.8000030517578,185.60000610351562,190.89999389648438,4115944
2011-12-07,172.80320739746094,185.10000610351562,189.3000030517578,182.60000610351562,187.0,3913847
2011-12-08,170.65599060058594,182.8000030517578,186.0,180.75,185.0,3684421
2011-12-09,172.80320739746094,185.10000610351562,187.5500030517578,178.8000030517578,181.0,3294554
2011-12-12,168.0419921875,180.0,187.3000030517578,179.1999969482422,185.5,2583396
2011-12-13,160.62013244628906,172.0500030517578,180.6999969482422,170.10000610351562,180.0,7121542
2011-12-14,156.04566955566406,167.14999389648438,172.75,166.0500030517578,172.5,8812592
2011-12-15,152.40475463867188,163.25,166.0,155.0500030517578,166.0,11528044
2011-12-16,150.77102661132812,161.5,172.35000610351562,159.60000610351562,164.5,10509505
2011-12-19,150.72434997558594,161.4499969482422,164.89999389648438,157.10000610351562,161.0,6590342
2011-12-20,145.8231201171875,156.1999969482422,163.6999969482422,154.1999969482422,162.0,5248338
2011-12-21,157.86611938476562,169.10000610351562,170.35000610351562,158.0,158.0,7941380
2011-12-22,163.79429626464844,175.4499969482422,178.0,166.8000030517578,168.0,8512579
2011-12-23,160.15335083007812,171.5500030517578,178.5,169.75,178.25,4231255
2011-12-26,162.3005828857422,173.85000610351562,176.89999389648438,171.14999389648438,171.5,1527823
2011-12-27,163.23416137695312,174.85000610351562,178.3000030517578,172.0,173.0,2818702
2011-12-28,162.20721435546875,173.75,175.89999389648438,170.5500030517578,174.0,2762884
2011-12-29,160.9468994140625,172.39999389648438,173.8000030517578,170.8000030517578,172.0,2198244
2011-12-30,159.639892578125,171.0,174.5,168.0,172.0500030517578,2037386
2012-01-02,163.5142059326172,175.14999389648438,177.0,171.35000610351562,171.60000610351562,3717480
2012-01-03,167.62188720703125,179.5500030517578,180.64999389648438,176.5,176.5,3552588
2012-01-04,165.9881591796875,177.8000030517578,184.39999389648438,175.60000610351562,180.0,3670612
2012-01-05,164.7278289794922,176.4499969482422,181.6999969482422,174.0500030517578,178.9499969482422,2736557
2012-01-06,161.4136505126953,172.89999389648438,176.4499969482422,170.5,175.25,2948089
2012-01-09,163.88766479492188,175.5500030517578,177.4499969482422,170.10000610351562,173.75,1883781
2012-01-10,168.8355255126953,180.85000610351562,181.75,176.4499969482422,177.89999389648438,1857788
2012-01-11,171.5895538330078,183.8000030517578,185.0,181.5,181.75,3209514
2012-01-12,171.9629669189453,184.1999969482422,187.6999969482422,181.8000030517578,183.1999969482422,3779145
2012-01-13,170.65599060058594,182.8000030517578,188.0500030517578,180.0,184.1999969482422,2871754
2012-01-16,172.10302734375,184.35000610351562,185.5,179.8000030517578,180.0,1490712
2012-01-17,172.33642578125,184.60000610351562,188.85000610351562,180.5,185.5500030517578,3918713
2012-01-18,171.63623046875,183.85000610351562,185.6999969482422,181.5,185.0,2892608
2012-01-19,170.28253173828125,182.39999389648438,187.1999969482422,181.0,185.0,3993713
2012-01-20,179.1514129638672,191.89999389648438,193.4499969482422,183.6999969482422,184.89999389648438,6313381
2012-01-23,178.6846466064453,191.39999389648438,196.5,190.10000610351562,191.89999389648438,4023061
2012-01-24,179.2448272705078,192.0,196.1999969482422,191.1999969482422,192.0,3231621
2012-01-25,184.7528076171875,197.89999389648438,198.8000030517578,193.0,193.0,4886655
2012-01-27,192.73480224609375,206.4499969482422,207.25,198.89999389648438,199.35000610351562,3706101
2012-01-30,188.0670166015625,201.4499969482422,209.5,200.60000610351562,209.5,2938059
2012-01-31,189.51402282714844,203.0,207.3000030517578,198.25,203.3000030517578,5081248
2012-02-01,183.16575622558594,196.1999969482422,208.0,193.1999969482422,208.0,5161191
2012-02-02,181.5787353515625,194.5,201.0,193.0,197.5,3740675
2012-02-03,183.63258361816406,196.6999969482422,199.8000030517578,192.10000610351562,192.1999969482422,2715560
2012-02-06,185.1262664794922,198.3000030517578,201.8000030517578,196.5,197.5,2494513
2012-02-07,186.9000244140625,200.1999969482422,203.75,197.85000610351562,199.3000030517578,3496444
2012-02-08,194.88204956054688,208.75,209.89999389648438,201.10000610351562,203.0,4347882
2012-02-09,196.5624542236328,210.5500030517578,212.35000610351562,207.5,210.0,2274272
2012-02-10,193.2016143798828,206.9499969482422,214.39999389648438,204.5,211.0,2191340
2012-02-13,194.97540283203125,208.85000610351562,212.39999389648438,206.39999389648438,208.0,2307798
2012-02-14,195.2088165283203,209.10000610351562,211.0500030517578,207.0,208.0,1727649
2012-02-15,203.42417907714844,217.89999389648438,219.39999389648438,210.0,210.0,2980184
2012-02-16,201.23031616210938,215.5500030517578,218.4499969482422,212.39999389648438,218.0,2438166
2012-02-17,216.540771484375,231.9499969482422,235.8000030517578,217.3000030517578,217.6999969482422,7851560
2012-02-21,227.65023803710938,243.85000610351562,255.0,223.3000030517578,233.0,13250808
2012-02-22,211.07943725585938,226.10000610351562,249.75,224.25,247.0,6866142
2012-02-23,210.23922729492188,225.1999969482422,233.39999389648438,218.60000610351562,225.5,6040973
2012-02-24,210.986083984375,226.0,233.89999389648438,223.0,226.1999969482422,3487753
2012-02-27,202.39727783203125,216.8000030517578,226.6999969482422,213.64999389648438,226.6999969482422,2526927
2012-02-28,210.19253540039062,225.14999389648438,229.14999389648438,218.39999389648438,218.6999969482422,2388810
2012-02-29,213.22662353515625,228.39999389648438,234.75,224.60000610351562,229.0,5641347
2012-03-01,213.64675903320312,228.85000610351562,235.89999389648438,222.39999389648438,227.25,3716887
2012-03-02,214.25355529785156,229.5,232.9499969482422,226.0,230.75,2124018
2012-03-05,209.072265625,223.9499969482422,228.35000610351562,222.10000610351562,227.89999389648438,1524005
2012-03-06,215.46719360351562,230.8000030517578,238.5,220.39999389648438,223.10000610351562,4078876
2012-03-07,216.02734375,231.39999389648438,234.39999389648438,227.39999389648438,229.0,2133389
2012-03-09,224.0093231201172,239.9499969482422,241.39999389648438,231.1999969482422,234.10000610351562,3178144
2012-03-12,229.7507781982422,246.10000610351562,247.89999389648438,241.1999969482422,244.3000030517578,2602734
2012-03-13,231.10443115234375,247.5500030517578,250.3000030517578,246.0,247.60000610351562,1502182
2012-03-14,231.47784423828125,247.9499969482422,252.5,246.5,249.8000030517578,2520051
2012-03-15,216.7742156982422,232.1999969482422,252.0,229.5,252.0,2667095
2012-03-16,217.98782348632812,233.5,237.89999389648438,224.6999969482422,231.89999389648438,6305324
2012-03-19,219.34149169921875,234.9499969482422,240.39999389648438,231.89999389648438,232.0,2561306
2012-03-20,227.60353088378906,243.8000030517578,245.8000030517578,233.25,234.0,3175756
2012-03-21,226.76333618164062,242.89999389648438,246.3000030517578,240.39999389648438,245.0,2928052
2012-03-22,218.0811767578125,233.60000610351562,247.85000610351562,231.6999969482422,244.0,3200367
2012-03-23,216.82086181640625,232.25,239.5500030517578,226.75,234.3000030517578,2782447
2012-03-26,213.64675903320312,228.85000610351562,234.8000030517578,227.0500030517578,232.9499969482422,1239931
2012-03-27,222.0955047607422,237.89999389648438,239.35000610351562,230.0,230.0,2134541
2012-03-28,208.8855743408203,223.75,240.89999389648438,221.6999969482422,238.0,3791615
2012-03-29,213.31997680664062,228.5,230.60000610351562,215.3000030517578,223.0,3106392
2012-03-30,213.36669921875,228.5500030517578,232.5,225.25,230.0,1781095
2012-04-02,226.66998291015625,242.8000030517578,265.0,232.0500030517578,235.3000030517578,5694452
2012-04-03,231.2444610595703,247.6999969482422,250.8000030517578,244.0500030517578,244.0500030517578,3093349
2012-04-04,232.69151306152344,249.25,253.8000030517578,243.3000030517578,245.6999969482422,3753999
2012-04-09,226.4365997314453,242.5500030517578,250.5,241.3000030517578,245.75,1948251
2012-04-10,227.60353088378906,243.8000030517578,245.8000030517578,239.10000610351562,244.0,1877868
2012-04-11,225.36297607421875,241.39999389648438,246.5500030517578,240.0,240.0,2426290
2012-04-12,222.7957000732422,238.64999389648438,245.39999389648438,237.35000610351562,241.6999969482422,1859654
2012-04-13,222.1888885498047,238.0,242.64999389648438,236.64999389648438,241.0500030517578,1189240
2012-04-16,221.2086181640625,236.9499969482422,240.39999389648438,235.39999389648438,239.0,1526830
2012-04-17,219.62155151367188,235.25,237.8000030517578,230.1999969482422,237.3000030517578,2555342
2012-04-18,223.8693084716797,239.8000030517578,244.8000030517578,236.6999969482422,237.0,2475782
2012-04-19,221.02191162109375,236.75,242.3000030517578,234.10000610351562,242.0,1668287
2012-04-20,222.0955047607422,237.89999389648438,242.8000030517578,235.0,237.5,2669757
2012-04-23,219.2947998046875,234.89999389648438,240.8000030517578,231.5500030517578,239.0,2541790
2012-04-24,221.1619415283203,236.89999389648438,241.0,235.35000610351562,235.89999389648438,2309260
2012-04-25,214.580322265625,229.85000610351562,239.39999389648438,228.39999389648438,238.75,2105294
2012-04-26,214.1602020263672,229.39999389648438,235.35000610351562,228.0500030517578,231.0,1928765
2012-04-27,219.57489013671875,235.1999969482422,237.0,228.5500030517578,231.0,1603398
2012-04-30,217.52105712890625,233.0,240.0,229.9499969482422,237.0,2821520
2012-05-02,227.27682495117188,243.4499969482422,245.4499969482422,236.0,236.0,5491215
2012-05-03,230.0308074951172,246.39999389648438,247.6999969482422,241.5,242.85000610351562,3912471
2012-05-04,224.9895782470703,241.0,246.0,235.64999389648438,243.0,3376006
2012-05-07,232.17803955078125,248.6999969482422,251.0500030517578,233.10000610351562,238.0,5033737
2012-05-08,228.81719970703125,245.10000610351562,253.6999969482422,243.39999389648438,249.89999389648438,3895430
2012-05-09,228.25706481933594,244.5,246.25,239.14999389648438,243.10000610351562,2364261
2012-05-10,229.5173797607422,245.85000610351562,247.25,242.39999389648438,244.0,2033359
2012-05-11,228.63052368164062,244.89999389648438,248.85000610351562,240.0,244.89999389648438,1870243
2012-05-14,229.7507781982422,246.10000610351562,247.89999389648438,243.0500030517578,245.1999969482422,1617717
2012-05-15,227.41685485839844,243.60000610351562,245.9499969482422,239.75,245.14999389648438,2280474
2012-05-16,218.17449951171875,233.6999969482422,242.1999969482422,231.0,240.39999389648438,3309258
2012-05-17,214.67364501953125,229.9499969482422,237.89999389648438,228.64999389648438,234.85000610351562,3629172
2012-05-18,213.78677368164062,229.0,231.60000610351562,221.9499969482422,226.8000030517578,3004749
2012-05-21,215.1404266357422,230.4499969482422,234.6999969482422,227.25,229.1999969482422,2073922
2012-05-22,215.84060668945312,231.1999969482422,234.8000030517578,228.6999969482422,232.8000030517578,1808833
2012-05-23,209.072265625,223.9499969482422,231.25,222.3000030517578,230.89999389648438,2235854
2012-05-24,211.1728057861328,226.1999969482422,228.0,220.5500030517578,224.25,2396630
2012-05-25,208.69886779785156,223.5500030517578,225.8000030517578,221.5,225.8000030517578,1359916
2012-05-28,218.54795837402344,234.10000610351562,235.0,224.0,224.0,1656521
2012-05-29,216.63412475585938,232.0500030517578,236.5,230.6999969482422,236.3000030517578,1095378
2012-05-30,209.0255584716797,223.89999389648438,233.85000610351562,222.6999969482422,233.0,1443295
2012-05-31,207.9053497314453,222.6999969482422,225.0,217.14999389648438,222.39999389648438,2037633
2012-06-01,206.64498901367188,221.35000610351562,226.39999389648438,218.89999389648438,221.0,1695583
2012-06-04,196.1890411376953,210.14999389648438,221.5500030517578,206.10000610351562,221.5500030517578,4739350
2012-06-05,193.94847106933594,207.75,214.4499969482422,204.14999389648438,212.0,4021947
2012-06-06,201.2769775390625,215.60000610351562,216.9499969482422,208.5500030517578,210.4499969482422,4543229
2012-06-07,198.7096710205078,212.85000610351562,219.39999389648438,210.0,217.0,4237917
2012-06-08,198.66297912597656,212.8000030517578,213.6999969482422,207.5,211.3000030517578,5246764
2012-06-11,201.09022521972656,215.39999389648438,219.8000030517578,213.5,214.60000610351562,3465381
2012-06-12,205.94483947753906,220.60000610351562,221.5500030517578,212.4499969482422,214.4499969482422,3399724
2012-06-13,203.51754760742188,218.0,221.9499969482422,215.5,221.0,1772135
2012-06-14,199.4098663330078,213.60000610351562,220.89999389648438,211.5,218.5,1593441
2012-06-15,203.51754760742188,218.0,218.89999389648438,213.0,213.0,1045192
2012-06-18,205.1979522705078,219.8000030517578,223.64999389648438,215.14999389648438,219.4499969482422,1967567
2012-06-19,205.24464416503906,219.85000610351562,221.39999389648438,217.75,219.9499969482422,937377
2012-06-20,206.224853515625,220.89999389648438,223.4499969482422,218.0,220.3000030517578,1269354
2012-06-21,205.15127563476562,219.75,222.3000030517578,213.5,221.5,1962212
2012-06-22,206.31822204589844,221.0,222.75,216.0500030517578,218.0,1505899
2012-06-25,206.64498901367188,221.35000610351562,225.4499969482422,220.5,221.3000030517578,1556788
2012-06-26,203.7042236328125,218.1999969482422,222.3000030517578,216.64999389648438,221.4499969482422,991521
2012-06-27,202.0705108642578,216.4499969482422,219.75,215.25,218.5500030517578,1365711
2012-06-28,201.6970977783203,216.0500030517578,221.1999969482422,212.0,218.0,4860173
2012-06-29,208.55877685546875,223.39999389648438,224.5,218.60000610351562,220.89999389648438,5313181
2012-07-02,210.37924194335938,225.35000610351562,227.85000610351562,222.64999389648438,225.0,1955048
2012-07-03,221.9088134765625,237.6999969482422,239.25,226.9499969482422,226.9499969482422,4038623
2012-07-04,217.80111694335938,233.3000030517578,238.89999389648438,232.3000030517578,238.75,1334773
2012-07-05,217.6610870361328,233.14999389648438,236.5500030517578,231.3000030517578,234.1999969482422,803590
2012-07-06,214.53366088867188,229.8000030517578,234.6999969482422,228.8000030517578,233.14999389648438,1006966
2012-07-09,212.29306030273438,227.39999389648438,230.4499969482422,225.39999389648438,230.0,1004382
2012-07-10,212.8998565673828,228.0500030517578,231.39999389648438,226.1999969482422,226.1999969482422,2578948
2012-07-11,213.27330017089844,228.4499969482422,232.0,227.39999389648438,227.8000030517578,1325058
2012-07-12,209.072265625,223.9499969482422,227.89999389648438,222.39999389648438,227.89999389648438,1079221
2012-07-13,204.0854034423828,216.89999389648438,224.8000030517578,216.3000030517578,223.9499969482422,2006897
2012-07-16,207.84906005859375,220.89999389648438,223.25,214.9499969482422,218.60000610351562,2132458
2012-07-17,209.73089599609375,222.89999389648438,223.5500030517578,219.25,222.5,1357179
2012-07-18,209.4486846923828,222.60000610351562,223.5,218.89999389648438,223.0,933492
2012-07-19,213.3534698486328,226.75,228.25,223.0500030517578,224.89999389648438,1829191
2012-07-20,214.90594482421875,228.39999389648438,230.75,223.60000610351562,228.5,2070361
2012-07-23,210.43658447265625,223.64999389648438,227.5,220.6999969482422,227.5,1402329
2012-07-24,215.65870666503906,229.1999969482422,229.8000030517578,222.8000030517578,224.14999389648438,1462013
2012-07-25,209.40159606933594,222.5500030517578,230.85000610351562,221.14999389648438,229.64999389648438,1733955
2012-07-26,209.73089599609375,222.89999389648438,225.35000610351562,219.60000610351562,223.0,1091946
2012-07-27,213.8238983154297,227.25,229.5,224.60000610351562,224.8000030517578,1740594
2012-07-30,219.2341766357422,233.0,233.89999389648438,227.0,229.5,2095849
2012-07-31,208.83702087402344,221.9499969482422,235.8000030517578,219.89999389648438,235.0,7046316
2012-08-01,208.64886474609375,221.75,224.1999969482422,218.5500030517578,219.5,4794209
2012-08-02,213.40048217773438,226.8000030517578,227.25,222.0,222.14999389648438,2831930
2012-08-03,214.95298767089844,228.4499969482422,229.39999389648438,224.0500030517578,224.0500030517578,1972218
2012-08-06,215.7527618408203,229.3000030517578,231.0,227.0500030517578,230.0,1512181
2012-08-07,214.15322875976562,227.60000610351562,229.5,225.75,227.0,1939074
2012-08-08,211.3774871826172,224.64999389648438,228.39999389648438,222.75,228.0,1695844
2012-08-09,210.95407104492188,224.1999969482422,227.14999389648438,223.10000610351562,226.39999389648438,813257
2012-08-10,204.83810424804688,217.6999969482422,224.3000030517578,217.0,224.3000030517578,2330101
2012-08-13,209.8249969482422,223.0,223.5,214.75,217.5,2053220
2012-08-14,211.8479461669922,225.14999389648438,225.75,221.10000610351562,224.0,935625
2012-08-16,206.95521545410156,219.9499969482422,226.0,219.0,226.0,1542604
2012-08-17,207.56680297851562,220.60000610351562,223.1999969482422,219.1999969482422,221.0,1104963
2012-08-21,210.10726928710938,223.3000030517578,223.60000610351562,218.75,220.0500030517578,1077479
2012-08-22,210.06019592285156,223.25,225.5,221.5500030517578,222.9499969482422,925954
2012-08-23,209.8249969482422,223.0,226.25,221.5,224.3000030517578,1077092
2012-08-24,209.0251922607422,222.14999389648438,223.75,220.25,222.0,698416
2012-08-27,208.3665771484375,221.4499969482422,224.5500030517578,220.10000610351562,223.4499969482422,825468
2012-08-28,208.22543334960938,221.3000030517578,222.14999389648438,215.75,221.0,1732218
2012-08-29,208.4606475830078,221.5500030517578,223.39999389648438,218.60000610351562,221.0,1020946
2012-08-30,208.93112182617188,222.0500030517578,224.75,218.5,220.0,2435670
2012-08-31,207.33155822753906,220.35000610351562,224.4499969482422,219.3000030517578,222.6999969482422,788757
2012-09-03,210.71884155273438,223.9499969482422,224.5,220.10000610351562,220.14999389648438,1140557
2012-09-04,212.3184051513672,225.64999389648438,227.0,221.60000610351562,223.8000030517578,1323217
2012-09-05,209.35455322265625,222.5,226.35000610351562,221.5500030517578,225.0,747216
2012-09-06,207.19041442871094,220.1999969482422,223.0500030517578,219.5500030517578,222.0500030517578,545508
2012-09-07,213.91796875,227.35000610351562,228.89999389648438,221.0,221.0,1606210
2012-09-10,221.06895446777344,234.9499969482422,235.8000030517578,229.0,230.0,2103030
2012-09-11,223.28013610839844,237.3000030517578,237.75,233.25,235.0,1537135
2012-09-12,224.12698364257812,238.1999969482422,239.89999389648438,237.0,237.0500030517578,1304050
2012-09-13,225.06788635253906,239.1999969482422,240.6999969482422,236.25,239.0,1219101
2012-09-14,226.33815002441406,240.5500030517578,244.3000030517578,239.39999389648438,243.1999969482422,1149696
2012-09-17,227.5142822265625,241.8000030517578,244.5,237.64999389648438,243.9499969482422,1523742
2012-09-18,226.66746520996094,240.89999389648438,244.35000610351562,224.0,242.0,1067532
2012-09-20,228.17291259765625,242.5,244.64999389648438,236.9499969482422,238.10000610351562,1860107
2012-09-21,227.09085083007812,241.35000610351562,246.5,240.3000030517578,243.75,1687327
2012-09-24,229.8195037841797,244.25,247.39999389648438,239.25,240.0,1815587
2012-09-25,230.47816467285156,244.9499969482422,246.6999969482422,242.5,244.25,1143896
2012-09-26,230.66635131835938,245.14999389648438,248.4499969482422,242.64999389648438,244.0,752108
2012-09-27,239.22872924804688,254.25,255.8000030517578,243.5,246.5,2438130
2012-09-28,245.7210693359375,261.1499938964844,262.70001220703125,255.3000030517578,255.9499969482422,2200822
2012-10-01,246.80311584472656,262.29998779296875,264.8999938964844,259.0,263.0,1735926
2012-10-03,243.5569610595703,258.8500061035156,264.6000061035156,256.1000061035156,264.6000061035156,1758801
2012-10-04,251.46066284179688,267.25,269.3500061035156,258.0,259.0,1668178
2012-10-05,252.9190673828125,268.79998779296875,271.8999938964844,262.75,268.04998779296875,1815695
2012-10-08,244.9683380126953,260.3500061035156,272.8999938964844,259.1000061035156,268.1000061035156,1697157
2012-10-09,249.48472595214844,265.1499938964844,266.79998779296875,259.0,260.0,1095475
2012-10-10,252.5427703857422,268.3999938964844,270.70001220703125,261.1499938964844,267.0,1087274
2012-10-11,253.2013397216797,269.1000061035156,270.45001220703125,264.0,264.0,808242
2012-10-12,258.09417724609375,274.29998779296875,277.8999938964844,268.0,268.0,1539438
2012-10-15,254.6127471923828,270.6000061035156,277.04998779296875,268.95001220703125,276.0,1027804
2012-10-16,256.5887145996094,272.70001220703125,275.29998779296875,269.6000061035156,271.5,1302338
2012-10-17,258.7528076171875,275.0,276.70001220703125,271.1000061035156,273.0,1179690
2012-10-18,261.6225891113281,278.04998779296875,280.3500061035156,272.70001220703125,275.0,1082562
2012-10-19,262.3283386230469,278.79998779296875,282.5,277.20001220703125,279.0,1290736
2012-10-22,261.9990234375,278.45001220703125,280.1499938964844,276.0,279.0,479715
2012-10-23,259.2232360839844,275.5,279.5,273.29998779296875,279.45001220703125,1014966
2012-10-25,260.11712646484375,276.45001220703125,278.29998779296875,272.1000061035156,272.1000061035156,735286
2012-10-29,251.08428955078125,266.8500061035156,269.5,259.79998779296875,264.0,749060
2012-10-30,242.23965454101562,257.45001220703125,267.29998779296875,256.79998779296875,266.29998779296875,1803572
2012-10-31,243.9803466796875,259.29998779296875,261.1499938964844,256.20001220703125,258.0,2059093
2012-11-01,268.3031005859375,285.1499938964844,287.3500061035156,259.79998779296875,259.79998779296875,9312449
2012-11-02,272.2550354003906,289.3500061035156,290.3999938964844,280.79998779296875,285.95001220703125,3618368
2012-11-05,272.819580078125,289.95001220703125,293.79998779296875,284.0,285.0,2565168
2012-11-06,273.71337890625,290.8999938964844,293.1499938964844,287.25,289.75,1305811
2012-11-07,275.0777587890625,292.3500061035156,296.0,289.1499938964844,291.6499938964844,1445657
2012-11-08,276.44207763671875,293.79998779296875,296.70001220703125,289.1000061035156,290.5,1269965
2012-11-09,272.3019714355469,289.3999938964844,296.5,287.79998779296875,292.0,1157767
2012-11-12,277.006591796875,294.3999938964844,295.79998779296875,289.95001220703125,290.8999938964844,898860
2012-11-15,281.8052978515625,299.5,301.54998779296875,288.29998779296875,290.75,2299103
2012-11-16,278.0416564941406,295.5,301.5,293.75,299.0,1433790
2012-11-19,272.6783752441406,289.79998779296875,297.20001220703125,288.3500061035156,294.5,1273190
2012-11-20,272.8665771484375,290.0,292.8999938964844,285.25,291.0,968520
2012-11-21,279.7352600097656,297.29998779296875,298.5,288.8999938964844,290.5,1421208
2012-11-22,276.63031005859375,294.0,300.8999938964844,292.0,298.5,1357997
2012-11-23,278.7944030761719,296.29998779296875,299.0,293.8500061035156,294.0,689292
2012-11-26,281.1466369628906,298.79998779296875,304.8999938964844,295.8500061035156,295.8500061035156,1612543
2012-11-27,285.3337707519531,303.25,306.0,299.0,299.0,1384079
2012-11-29,289.1444091796875,307.29998779296875,309.54998779296875,301.5,302.5,2048841
2012-11-30,293.2845458984375,311.70001220703125,313.3500061035156,305.75,310.0,1622986
2012-12-03,287.92132568359375,306.0,313.1499938964844,296.5,296.5,1115935
2012-12-04,287.4508361816406,305.5,308.3999938964844,302.79998779296875,306.0,796657
2012-12-05,287.7330627441406,305.79998779296875,308.5,303.3500061035156,305.5,606206
2012-12-06,290.41473388671875,308.6499938964844,310.0,305.20001220703125,306.8999938964844,1218209
2012-12-07,289.00335693359375,307.1499938964844,310.8999938964844,306.1000061035156,307.95001220703125,659828
2012-12-10,278.7944030761719,296.29998779296875,310.0,294.70001220703125,308.0,1974791
2012-12-11,278.3709716796875,295.8500061035156,301.29998779296875,291.0,297.0,1235137
2012-12-12,285.4278259277344,303.3500061035156,304.3999938964844,295.25,296.0,1441479
2012-12-13,276.865478515625,294.25,304.6000061035156,293.0,304.0,990277
2012-12-14,271.64337158203125,288.70001220703125,294.95001220703125,286.75,294.8999938964844,1963329
2012-12-17,266.70361328125,283.45001220703125,288.79998779296875,281.6499938964844,288.0,2526956
2012-12-18,270.420166015625,287.3999938964844,288.95001220703125,282.95001220703125,282.95001220703125,1881852
2012-12-19,272.8665771484375,290.0,294.3500061035156,288.0,288.0,1339342
2012-12-20,269.0087890625,285.8999938964844,289.20001220703125,284.0,288.0,1169688
2012-12-21,263.4573669433594,280.0,284.3999938964844,278.29998779296875,280.6000061035156,2473869
2012-12-24,264.3983459472656,281.0,283.70001220703125,279.45001220703125,281.0,1159498
2012-12-26,265.1510314941406,281.79998779296875,284.8500061035156,281.0,281.0,803896
2012-12-27,265.1510314941406,281.79998779296875,284.0,280.04998779296875,282.0,2192031
2012-12-28,264.5394592285156,281.1499938964844,282.8999938964844,278.0,282.5,1008311
2012-12-31,267.5504455566406,284.3500061035156,285.0,280.20001220703125,281.0,1308319
2013-01-01,269.94970703125,286.8999938964844,288.0,285.0,285.0,1161263
2013-01-02,270.7965393066406,287.79998779296875,290.6499938964844,286.0,288.0,1252267
2013-01-03,266.0448913574219,282.75,289.04998779296875,280.45001220703125,288.0,1771023
2013-01-04,268.5854187011719,285.45001220703125,287.70001220703125,280.0,283.0,1275766
2013-01-07,265.00994873046875,281.6499938964844,288.1000061035156,280.0,286.0,1700272
2013-01-08,256.0711975097656,272.1499938964844,282.0,271.25,282.0,3558603
2013-01-09,252.16639709472656,268.0,274.79998779296875,267.0,272.54998779296875,2966687
2013-01-10,251.17837524414062,266.95001220703125,271.1000061035156,265.54998779296875,269.0,2335535
2013-01-11,253.95408630371094,269.8999938964844,273.6000061035156,267.04998779296875,267.04998779296875,2649331
2013-01-14,258.3293151855469,274.54998779296875,275.95001220703125,270.0,270.0,1613107
2013-01-15,259.97601318359375,276.29998779296875,277.5,273.29998779296875,275.70001220703125,1506904
2013-01-16,260.2112121582031,276.54998779296875,279.8999938964844,273.3500061035156,276.29998779296875,1481166
2013-01-17,260.35235595703125,276.70001220703125,278.8500061035156,274.0,276.6499938964844,1033780
2013-01-18,258.047119140625,274.25,278.0,272.1000061035156,278.0,946065
2013-01-21,260.0230407714844,276.3500061035156,276.95001220703125,271.29998779296875,274.04998779296875,1307695
2013-01-22,253.24844360351562,269.1499938964844,275.8999938964844,267.25,274.8999938964844,1552415
2013-01-23,250.28453063964844,266.0,270.95001220703125,262.5,269.5,1115399
2013-01-24,251.79000854492188,267.6000061035156,270.79998779296875,265.04998779296875,267.0,1826007
2013-01-25,258.23529052734375,274.45001220703125,275.0,265.75,267.75,1240471
2013-01-28,254.51864624023438,270.5,277.3500061035156,268.5,275.0,938601
2013-01-29,253.7659454345703,269.70001220703125,273.5,265.29998779296875,270.29998779296875,1047787
2013-01-30,259.3174133300781,275.6000061035156,277.70001220703125,266.8999938964844,271.8999938964844,3494736
2013-01-31,262.8457946777344,279.3500061035156,283.3999938964844,273.3999938964844,277.0,3139734
2013-02-01,269.6203918457031,286.54998779296875,287.8999938964844,279.75,281.0,1947109
2013-02-04,268.538330078125,285.3999938964844,290.0,282.8500061035156,286.5,1617439
2013-02-05,260.9639892578125,277.3500061035156,285.54998779296875,275.54998779296875,285.0,1566450
2013-02-06,260.8699035644531,277.25,282.54998779296875,276.3500061035156,282.0,1186992
2013-02-07,247.4617156982422,263.0,278.6000061035156,260.6000061035156,277.0,3994552
2013-02-08,248.92018127441406,264.54998779296875,268.70001220703125,260.5,263.5,3954608
2013-02-11,251.9782257080078,267.79998779296875,269.79998779296875,265.0,265.0,753486
2013-02-12,255.08323669433594,271.1000061035156,271.79998779296875,267.0,267.79998779296875,1439194
2013-02-13,254.565673828125,270.54998779296875,275.0,269.5,272.0,1462167
2013-02-14,252.87208557128906,268.75,271.1000061035156,264.3999938964844,270.75,1217612
2013-02-15,251.9782257080078,267.79998779296875,271.8500061035156,264.75,271.8500061035156,791962
2013-02-18,248.2615509033203,263.8500061035156,269.1499938964844,260.6000061035156,265.0,1259497
2013-02-19,248.2615509033203,263.8500061035156,266.3999938964844,262.1499938964844,265.25,788247
2013-02-20,243.8392333984375,259.1499938964844,265.0,258.1000061035156,264.0,2485347
2013-02-21,242.47491455078125,257.70001220703125,259.29998779296875,253.89999389648438,259.0,2860464
2013-02-22,241.2516632080078,256.3999938964844,259.1000061035156,249.6999969482422,258.0,2787859
2013-02-25,237.8173370361328,252.75,259.95001220703125,250.0,252.10000610351562,2866727
2013-02-26,235.27687072753906,250.0500030517578,255.6999969482422,248.35000610351562,253.75,1190290
2013-02-27,240.02853393554688,255.10000610351562,258.79998779296875,250.4499969482422,250.5,1697059
2013-02-28,245.48583984375,260.8999938964844,274.0,251.0500030517578,255.0,5531733
2013-03-01,258.09417724609375,274.29998779296875,277.0,262.04998779296875,264.8500061035156,2496026
2013-03-04,249.57884216308594,265.25,276.5,263.79998779296875,271.1499938964844,2138080
2013-03-05,244.78013610839844,260.1499938964844,266.5,257.25,266.0,2996297
2013-03-06,241.9103240966797,257.1000061035156,263.0,256.1000061035156,261.0,2554592
2013-03-07,238.94644165039062,253.9499969482422,259.6499938964844,251.25,259.6499938964844,2022967
2013-03-08,242.80419921875,258.04998779296875,259.8500061035156,253.8000030517578,254.0,1836391
2013-03-11,236.07662963867188,250.89999389648438,259.0,250.35000610351562,258.5,1551541
2013-03-12,227.89060974121094,242.1999969482422,252.89999389648438,241.1999969482422,250.89999389648438,3346805
2013-03-13,222.24510192871094,236.1999969482422,242.0,235.10000610351562,241.75,3785852
2013-03-14,215.6116180419922,229.14999389648438,235.4499969482422,225.0,235.4499969482422,7270892
2013-03-15,227.84361267089844,242.14999389648438,245.10000610351562,229.14999389648438,229.5,9743964
2013-03-18,230.2899932861328,244.75,246.39999389648438,239.25,240.89999389648438,3181009
2013-03-19,228.26698303222656,242.60000610351562,247.5,239.39999389648438,247.5,2116466
2013-03-20,229.34906005859375,243.75,246.39999389648438,236.25,242.3000030517578,2253116
2013-03-21,234.28887939453125,249.0,257.75,240.5500030517578,244.0,4764707
2013-03-22,228.6433563232422,243.0,251.39999389648438,240.5,249.64999389648438,2171410
2013-03-25,231.3249969482422,245.85000610351562,251.39999389648438,243.25,247.89999389648438,1944657
2013-03-26,237.15870666503906,252.0500030517578,253.5,241.5500030517578,245.85000610351562,2365602
2013-03-28,241.2516632080078,256.3999938964844,260.5,242.0,251.0,5979551
2013-04-01,239.69915771484375,254.75,261.20001220703125,252.0,252.5,2821772
2013-04-02,244.92129516601562,260.29998779296875,261.45001220703125,253.4499969482422,254.0,1703700
2013-04-03,238.52304077148438,253.5,263.0,251.5500030517578,256.0,1639283
2013-04-04,234.47706604003906,249.1999969482422,253.5,246.64999389648438,253.5,1842434
2013-04-05,230.6193084716797,245.10000610351562,252.75,242.5500030517578,247.25,1917174
2013-04-08,237.5821075439453,252.5,253.4499969482422,240.9499969482422,245.4499969482422,2437053
2013-04-09,234.94757080078125,249.6999969482422,255.60000610351562,248.0500030517578,254.0,1324450
2013-04-10,237.8173370361328,252.75,254.0,246.4499969482422,250.0,1204332
2013-04-11,239.22872924804688,254.25,255.4499969482422,250.1999969482422,255.25,1137697
2013-04-12,234.8534393310547,249.60000610351562,253.0,247.0,252.0,1335649
2013-04-15,225.20899963378906,239.35000610351562,245.8000030517578,236.39999389648438,245.8000030517578,4050626
2013-04-16,229.96066284179688,244.39999389648438,247.0,232.8000030517578,236.0,6250477
2013-04-17,232.17181396484375,246.75,249.60000610351562,242.39999389648438,244.10000610351562,3371434
2013-04-18,243.9333038330078,259.25,264.79998779296875,240.75,244.0,4481404
2013-04-22,257.43548583984375,273.6000061035156,279.79998779296875,258.04998779296875,258.04998779296875,5693986
2013-04-23,251.5547637939453,267.3500061035156,274.6000061035156,264.6000061035156,273.0,1972713
2013-04-25,249.01426696777344,264.6499938964844,270.8500061035156,259.45001220703125,269.45001220703125,3078084
2013-04-26,248.40269470214844,264.0,269.1499938964844,260.0,266.3999938964844,1261166
2013-04-29,257.0120849609375,273.1499938964844,276.0,261.45001220703125,264.0,2055992
2013-04-30,254.70681762695312,270.70001220703125,276.1000061035156,266.1000061035156,274.70001220703125,1850978
2013-05-02,257.9530029296875,274.1499938964844,275.0,267.04998779296875,268.0,1311270
2013-05-03,254.51864624023438,270.5,278.70001220703125,268.29998779296875,275.0,2424516
2013-05-06,258.3293151855469,274.54998779296875,276.79998779296875,269.95001220703125,272.0,1718680
2013-05-07,261.9048767089844,278.3500061035156,281.1000061035156,272.20001220703125,273.1000061035156,1523000
2013-05-08,259.97601318359375,276.29998779296875,279.0,275.0,278.0,1049742
2013-05-09,259.928955078125,276.25,279.79998779296875,275.25,277.70001220703125,849268
2013-05-10,270.420166015625,287.3999938964844,289.0,276.25,277.0,2846321
2013-05-13,268.538330078125,285.3999938964844,291.8999938964844,282.8999938964844,289.75,2304011
2013-05-14,265.6214904785156,282.29998779296875,284.95001220703125,279.54998779296875,283.0,1282073
2013-05-15,267.9737854003906,284.79998779296875,287.95001220703125,282.70001220703125,283.75,959084
2013-05-16,264.0689697265625,280.6499938964844,286.29998779296875,276.1000061035156,284.0,1255654
2013-05-17,259.0350341796875,275.29998779296875,280.0,273.04998779296875,278.70001220703125,1571142
2013-05-20,255.22433471679688,271.25,277.3500061035156,269.70001220703125,272.54998779296875,1437646
2013-05-21,259.2232360839844,275.5,276.8999938964844,270.0,270.0,1566972
2013-05-22,258.988037109375,275.25,279.0,272.25,276.1000061035156,831266
2013-05-23,253.57772827148438,269.5,274.0,264.20001220703125,274.0,762566
2013-05-24,260.1641540527344,276.5,279.6499938964844,265.6000061035156,269.25,1057377
2013-05-27,271.9256591796875,289.0,290.79998779296875,277.0,277.8999938964844,2163083
2013-05-28,279.1707458496094,296.70001220703125,297.70001220703125,286.3999938964844,288.0,1844190
2013-05-29,281.711181640625,299.3999938964844,301.70001220703125,294.0,296.70001220703125,1762975
2013-05-30,283.2167663574219,301.0,302.0,292.1499938964844,299.75,1729005
2013-05-31,276.206787109375,293.54998779296875,301.8999938964844,292.1000061035156,298.54998779296875,1240732
2013-06-03,272.6783752441406,289.79998779296875,295.70001220703125,285.0,293.0,1173694
2013-06-04,264.91583251953125,281.54998779296875,292.0,278.5,288.5,2085444
2013-06-05,262.61053466796875,279.1000061035156,283.25,275.20001220703125,280.0,2348999
2013-06-06,260.8228454589844,277.20001220703125,280.75,273.0,275.0,2438952
2013-06-07,256.4005432128906,272.5,280.54998779296875,271.0,276.5,1890140
2013-06-10,249.06130981445312,264.70001220703125,274.79998779296875,262.75,273.54998779296875,1849186
2013-06-11,223.18603515625,237.1999969482422,263.1000061035156,227.6999969482422,262.75,6726646
2013-06-12,192.4650115966797,204.5500030517578,223.89999389648438,201.0,223.89999389648438,33276611
2013-06-13,201.12147521972656,213.75,218.5,201.0,201.0,12014762
2013-06-14,211.89500427246094,225.1999969482422,228.3000030517578,217.85000610351562,218.3000030517578,7981556
2013-06-17,216.17620849609375,229.75,232.4499969482422,220.0500030517578,225.89999389648438,5687245
2013-06-18,211.00115966796875,224.25,231.8000030517578,222.5,230.4499969482422,6227806
2013-06-19,217.96389770507812,231.64999389648438,233.5500030517578,220.64999389648438,221.64999389648438,5311232
2013-06-20,211.7538604736328,225.0500030517578,228.5,223.39999389648438,228.0,2656131
2013-06-21,209.8720245361328,223.0500030517578,228.85000610351562,218.60000610351562,224.9499969482422,2589148
2013-06-24,209.35455322265625,222.5,228.6999969482422,213.39999389648438,223.25,4896292
2013-06-25,215.1411590576172,228.64999389648438,231.85000610351562,219.25,225.0,3322441
2013-06-26,212.2714080810547,225.60000610351562,231.1999969482422,223.0,230.0500030517578,3094128
2013-06-27,209.63682556152344,222.8000030517578,230.0,216.75,225.3000030517578,5701743
2013-06-28,210.2954559326172,223.5,229.39999389648438,218.1999969482422,229.39999389648438,6211503
2013-07-01,213.54165649414062,226.9499969482422,229.5,218.60000610351562,225.0,3319630
2013-07-02,218.34031677246094,232.0500030517578,238.85000610351562,226.75,228.10000610351562,6587501
2013-07-03,212.2714080810547,225.60000610351562,236.4499969482422,221.60000610351562,231.9499969482422,4495489
2013-07-04,216.36436462402344,229.9499969482422,232.5,226.60000610351562,228.0,2435692
2013-07-05,218.34031677246094,232.0500030517578,233.8000030517578,227.3000030517578,231.0,2310155
2013-07-08,219.56349182128906,233.35000610351562,234.9499969482422,225.89999389648438,230.8000030517578,1298841
2013-07-09,225.02081298828125,239.14999389648438,241.6999969482422,234.35000610351562,235.0,3119633
2013-07-10,235.37094116210938,250.14999389648438,252.0500030517578,240.25,241.0,4408331
2013-07-11,235.27687072753906,250.0500030517578,254.9499969482422,245.39999389648438,252.1999969482422,2472101
2013-07-12,234.75936889648438,249.5,251.5,245.25,251.5,1987701
2013-07-15,237.5821075439453,252.5,254.5,246.39999389648438,246.64999389648438,1517599
2013-07-16,237.3448944091797,250.14999389648438,252.0,246.14999389648438,247.5,2421264
2013-07-17,245.5995635986328,258.8500061035156,259.8500061035156,250.10000610351562,250.14999389648438,3397005
2013-07-18,250.865478515625,264.3999938964844,266.0,259.20001220703125,260.0,1616250
2013-07-19,248.0664825439453,261.45001220703125,264.3999938964844,258.6499938964844,264.3999938964844,1337658
2013-07-22,246.50088500976562,259.79998779296875,263.1000061035156,256.1499938964844,260.79998779296875,1907826
2013-07-23,260.9228210449219,275.0,276.6499938964844,242.64999389648438,244.89999389648438,8761771
2013-07-24,248.01901245117188,261.3999938964844,276.3999938964844,258.54998779296875,274.79998779296875,6119862
2013-07-25,246.88046264648438,260.20001220703125,264.75,255.8000030517578,258.79998779296875,2421560
2013-07-26,247.87672424316406,261.25,265.3999938964844,257.3999938964844,260.70001220703125,1744776
2013-07-29,246.7381134033203,260.04998779296875,266.0,257.54998779296875,260.0,1798671
2013-07-30,245.78929138183594,259.04998779296875,263.0,254.5,260.20001220703125,1566563
2013-07-31,249.91664123535156,263.3999938964844,265.0,255.0,259.0,2105464
2013-08-01,246.12136840820312,259.3999938964844,267.5,255.35000610351562,266.0,5597586
2013-08-02,268.0389099121094,282.5,284.3999938964844,263.3999938964844,263.70001220703125,5689114
2013-08-05,265.9989318847656,280.3500061035156,288.8999938964844,276.54998779296875,284.0,1847920
2013-08-06,246.45347595214844,259.75,278.0,257.5,277.1499938964844,3459362
2013-08-07,249.29991149902344,262.75,267.0,255.39999389648438,261.0,2233107
2013-08-08,250.62823486328125,264.1499938964844,269.8999938964844,261.1000061035156,264.20001220703125,1142928
2013-08-12,252.14633178710938,265.75,269.95001220703125,263.1499938964844,265.1000061035156,1238291
2013-08-13,249.34732055664062,262.79998779296875,269.79998779296875,258.1000061035156,264.1000061035156,2751982
2013-08-14,259.3572692871094,273.3500061035156,277.25,260.0,260.0,2936656
2013-08-16,227.95164489746094,240.25,250.0,235.3000030517578,250.0,9284021
2013-08-19,222.49603271484375,234.5,247.0,230.39999389648438,236.5,4081188
2013-08-20,209.0229034423828,220.3000030517578,230.9499969482422,217.10000610351562,230.9499969482422,3755960
2013-08-21,211.7270050048828,223.14999389648438,228.5,218.85000610351562,225.0,3041447
2013-08-22,214.1939239501953,225.75,228.6999969482422,218.5500030517578,222.0,1757405
2013-08-23,216.708251953125,228.39999389648438,237.0,226.0,226.0,2064686
2013-08-26,216.32876586914062,228.0,232.6999969482422,223.9499969482422,229.10000610351562,1114779
2013-08-27,210.3512420654297,221.6999969482422,231.85000610351562,215.1999969482422,228.0,3482384
2013-08-28,201.47987365722656,212.35000610351562,224.6999969482422,205.39999389648438,219.0,4814864
2013-08-29,205.7969512939453,216.89999389648438,220.9499969482422,210.0,217.0500030517578,2763115
2013-08-30,213.15023803710938,224.64999389648438,227.25,215.10000610351562,219.0,2080317
2013-09-02,218.795654296875,230.60000610351562,232.0,226.0,228.14999389648438,1280895
2013-09-03,202.8081817626953,213.75,233.89999389648438,212.1999969482422,232.0500030517578,1698291
2013-09-04,204.84815979003906,215.89999389648438,221.60000610351562,211.0,213.8000030517578,2048651
2013-09-05,220.07656860351562,231.9499969482422,233.85000610351562,218.1999969482422,218.1999969482422,2535345
2013-09-06,215.99667358398438,227.64999389648438,235.0,226.3000030517578,234.75,2067197
2013-09-10,230.03907775878906,242.4499969482422,244.8000030517578,228.60000610351562,233.0,2645361
2013-09-11,225.76943969726562,237.9499969482422,247.39999389648438,234.0,244.89999389648438,2090196
2013-09-12,219.64959716796875,231.5,242.0,229.0,237.9499969482422,1454897
2013-09-13,214.52603149414062,226.10000610351562,234.6999969482422,224.8000030517578,231.5,1690271
2013-09-16,212.48606872558594,223.9499969482422,231.8000030517578,219.10000610351562,231.5,2026618
2013-09-17,210.4461212158203,221.8000030517578,227.0,219.10000610351562,224.5,1921902
2013-09-18,211.3474884033203,222.75,227.0,220.1999969482422,227.0,1787711
2013-09-19,216.99293518066406,228.6999969482422,233.4499969482422,224.1999969482422,227.0,3448687
2013-09-20,220.7881622314453,232.6999969482422,235.3000030517578,223.0,227.0,2489867
2013-09-23,229.46978759765625,241.85000610351562,246.25,229.0500030517578,229.8000030517578,3876284
2013-09-24,231.84181213378906,244.35000610351562,249.0,242.0,243.0,4774809
2013-09-25,231.88925170898438,244.39999389648438,246.89999389648438,239.60000610351562,241.9499969482422,2575959
2013-09-26,228.90048217773438,241.25,245.10000610351562,239.39999389648438,242.10000610351562,1139947
2013-09-27,222.97042846679688,235.0,244.14999389648438,234.39999389648438,243.3000030517578,944757
2013-09-30,220.21890258789062,232.10000610351562,237.25,231.0,233.5500030517578,1087077
2013-10-01,222.9229736328125,234.9499969482422,236.60000610351562,230.14999389648438,235.0,889328
2013-10-03,227.24008178710938,239.5,241.0,235.0,235.0,2632971
2013-10-04,228.1888885498047,240.5,245.0,237.0,237.0,1796057
2013-10-07,226.7656707763672,239.0,242.0,235.60000610351562,239.0,779213
2013-10-08,228.6632843017578,241.0,243.6999969482422,239.75,241.0,1336698
2013-10-09,227.6670379638672,239.9499969482422,241.60000610351562,235.60000610351562,238.0,1586575
2013-10-10,226.67080688476562,238.89999389648438,242.0,238.0,238.0,1232047
2013-10-11,225.62710571289062,237.8000030517578,241.25,235.0,240.0,1365826
2013-10-14,224.8680419921875,237.0,241.5500030517578,234.39999389648438,238.64999389648438,736661
2013-10-15,222.06907653808594,234.0500030517578,239.14999389648438,232.0,237.0,938053
2013-10-17,229.13771057128906,241.5,243.8000030517578,232.0500030517578,232.0500030517578,1344204
2013-10-18,229.99160766601562,242.39999389648438,245.75,240.5500030517578,244.60000610351562,1498692
2013-10-21,228.71075439453125,241.0500030517578,243.75,235.6999969482422,242.39999389648438,3129351
2013-10-22,226.575927734375,238.8000030517578,244.3000030517578,237.5500030517578,241.0,1441418
2013-10-23,227.5247344970703,239.8000030517578,242.5500030517578,237.0500030517578,239.0,1355688
2013-10-24,229.46978759765625,241.85000610351562,247.5,240.0,240.0,2466130
2013-10-25,231.65203857421875,244.14999389648438,245.39999389648438,238.6999969482422,241.0,2163383
2013-10-28,237.96163940429688,250.8000030517578,253.60000610351562,244.8000030517578,245.0,2748272
2013-10-29,242.08895874023438,255.14999389648438,257.3500061035156,251.10000610351562,251.5500030517578,2516997
2013-10-30,243.08522033691406,256.20001220703125,257.3999938964844,253.0,256.0,978936
2013-10-31,253.52207946777344,267.20001220703125,272.0,251.3000030517578,256.0,4134730
2013-11-01,248.25624084472656,261.6499938964844,265.0,254.25,258.5,4424540
2013-11-05,245.40975952148438,258.6499938964844,261.04998779296875,254.60000610351562,257.54998779296875,1232084
2013-11-06,235.92169189453125,248.64999389648438,262.8999938964844,248.0,257.1000061035156,2276932
2013-11-07,229.65953063964844,242.0500030517578,248.0,240.0500030517578,246.4499969482422,1387970
2013-11-08,222.401123046875,234.39999389648438,240.0,232.8000030517578,240.0,1347453
2013-11-11,219.9342498779297,231.8000030517578,236.85000610351562,230.3000030517578,234.5,1124814
2013-11-12,219.9342498779297,231.8000030517578,234.6999969482422,230.0,230.0,815462
2013-11-13,220.9304656982422,232.85000610351562,237.35000610351562,230.0,230.0,792038
2013-11-14,221.68955993652344,233.64999389648438,238.89999389648438,233.0,234.10000610351562,755388
2013-11-18,224.1564483642578,236.25,238.35000610351562,234.1999969482422,236.10000610351562,622302
2013-11-19,222.1165008544922,234.10000610351562,237.85000610351562,232.25,235.1999969482422,829913
2013-11-20,216.1389923095703,227.8000030517578,234.5,227.0,233.0,1325471
2013-11-21,212.34375,223.8000030517578,227.5,221.3000030517578,227.0,1872443
2013-11-22,215.9017791748047,227.5500030517578,230.85000610351562,224.89999389648438,224.9499969482422,1863241
2013-11-25,216.6134033203125,228.3000030517578,232.0,225.75,228.1999969482422,1293958
2013-11-26,213.0079345703125,224.5,232.5500030517578,221.39999389648438,228.0,9704702
2013-11-27,216.1389923095703,227.8000030517578,229.60000610351562,223.75,228.0500030517578,1384129
2013-11-28,215.61715698242188,227.25,230.5500030517578,225.3000030517578,227.25,2026047
2013-11-29,217.32501220703125,229.0500030517578,231.0,227.35000610351562,227.39999389648438,708693
2013-12-02,216.7557373046875,228.4499969482422,231.35000610351562,226.4499969482422,229.39999389648438,819519
2013-12-03,213.86184692382812,225.39999389648438,229.0,225.0,227.89999389648438,836450
2013-12-04,213.52976989746094,225.0500030517578,226.9499969482422,223.75,224.0500030517578,892761
2013-12-05,215.09527587890625,226.6999969482422,228.39999389648438,225.1999969482422,228.39999389648438,1169289
2013-12-06,219.22262573242188,231.0500030517578,234.14999389648438,225.9499969482422,227.0,1958279
2013-12-09,217.98915100097656,229.75,236.0,226.60000610351562,236.0,943496
2013-12-10,215.1427764892578,226.75,232.5,226.1999969482422,227.0500030517578,842968
2013-12-11,213.4823455810547,225.0,228.35000610351562,224.0500030517578,226.5,1081603
2013-12-12,211.01544189453125,222.39999389648438,225.8000030517578,222.0,225.5,968008
2013-12-13,208.59597778320312,219.85000610351562,222.14999389648438,218.1999969482422,221.89999389648438,1177049
2013-12-16,213.52976989746094,225.0500030517578,226.9499969482422,220.60000610351562,220.60000610351562,1445430
2013-12-17,217.94175720214844,229.6999969482422,233.5,224.0500030517578,226.10000610351562,1495689
2013-12-18,223.44480895996094,235.5,237.5,230.10000610351562,230.10000610351562,2505774
2013-12-19,220.88307189941406,232.8000030517578,237.0,229.5500030517578,236.75,913780
2013-12-20,216.94546508789062,228.64999389648438,235.5500030517578,227.8000030517578,230.39999389648438,1107056
2013-12-23,217.37245178222656,229.10000610351562,233.35000610351562,228.60000610351562,229.0500030517578,918680
2013-12-24,216.5185089111328,228.1999969482422,231.0500030517578,227.0,230.0,988244
2013-12-26,218.1789093017578,229.9499969482422,232.0,228.1999969482422,228.1999969482422,2084229
2013-12-27,217.70452880859375,229.4499969482422,232.5,226.64999389648438,231.3000030517578,1050933
2013-12-30,217.23011779785156,228.9499969482422,231.89999389648438,228.10000610351562,231.8000030517578,845697
2013-12-31,217.75196838378906,229.5,230.3000030517578,228.1999969482422,230.0500030517578,486572
2014-01-01,218.9854278564453,230.8000030517578,232.5,229.35000610351562,230.0,538938
2014-01-02,214.7632293701172,226.35000610351562,235.9499969482422,225.10000610351562,229.5,1570396
2014-01-03,215.7594451904297,227.39999389648438,228.75,224.0,226.0,818984
2014-01-06,216.1389923095703,227.8000030517578,230.3000030517578,225.5500030517578,228.0,497192
2014-01-07,214.4785919189453,226.0500030517578,230.89999389648438,224.8000030517578,230.0,713955
2014-01-08,211.3474884033203,222.75,226.9499969482422,222.10000610351562,226.89999389648438,878308
2014-01-09,212.39122009277344,223.85000610351562,227.4499969482422,221.39999389648438,225.14999389648438,1126716
2014-01-10,208.97549438476562,220.25,227.25,219.0,224.0,983757
2014-01-13,209.78196716308594,221.10000610351562,223.39999389648438,214.10000610351562,221.0,1253786
2014-01-14,209.68710327148438,221.0,222.39999389648438,220.0,221.25,364394
2014-01-15,206.88807678222656,218.0500030517578,222.25,216.14999389648438,221.14999389648438,1060362
2014-01-16,207.03041076660156,218.1999969482422,219.6999969482422,216.64999389648438,218.0500030517578,809129
2014-01-17,205.9392852783203,217.0500030517578,220.75,216.5500030517578,216.6999969482422,645915
2014-01-20,205.41741943359375,216.5,217.9499969482422,215.0,216.10000610351562,392820
2014-01-21,206.65089416503906,217.8000030517578,220.3000030517578,216.10000610351562,217.0,875408
2014-01-22,206.2239227294922,217.35000610351562,219.25,216.25,217.1999969482422,656092
2014-01-23,213.8144073486328,225.35000610351562,227.39999389648438,216.1999969482422,216.75,2570554
2014-01-24,207.50479125976562,218.6999969482422,227.89999389648438,218.0,226.39999389648438,2042034
2014-01-27,204.8007049560547,215.85000610351562,218.0,212.35000610351562,217.0,830741
2014-01-28,205.891845703125,217.0,218.60000610351562,214.9499969482422,216.5,440878
2014-01-29,203.66213989257812,214.64999389648438,219.0,212.0,218.39999389648438,1075952
2014-01-30,211.39495849609375,222.8000030517578,224.39999389648438,202.4499969482422,210.0,5930481
2014-01-31,210.20892333984375,221.5500030517578,223.5,216.64999389648438,222.8000030517578,1223691
2014-02-03,208.6908416748047,219.9499969482422,227.5,218.64999389648438,220.14999389648438,1428280
2014-02-04,210.39871215820312,221.75,225.89999389648438,217.10000610351562,218.6999969482422,1093372
2014-02-05,209.59219360351562,220.89999389648438,224.0,219.0,221.1999969482422,545189
2014-02-06,214.004150390625,225.5500030517578,226.1999969482422,219.35000610351562,221.89999389648438,977396
2014-02-07,214.14651489257812,225.6999969482422,228.60000610351562,223.14999389648438,226.0500030517578,1025574
2014-02-10,219.1277618408203,230.9499969482422,233.75,223.60000610351562,225.0,1757160
2014-02-11,220.40863037109375,232.3000030517578,235.64999389648438,230.10000610351562,231.25,1510573
2014-02-12,218.5110321044922,230.3000030517578,233.8000030517578,228.60000610351562,233.0,714283
2014-02-13,217.60963439941406,229.35000610351562,232.0,226.60000610351562,230.0,755689
2014-02-14,219.697021484375,231.5500030517578,232.60000610351562,226.64999389648438,230.0,723069
2014-02-17,217.23011779785156,228.9499969482422,236.3000030517578,225.14999389648438,233.64999389648438,2328888
2014-02-18,216.94546508789062,228.64999389648438,231.0,225.9499969482422,231.0,609396
2014-02-19,220.6932830810547,232.60000610351562,233.89999389648438,228.1999969482422,228.89999389648438,1306199
2014-02-20,222.1639404296875,234.14999389648438,237.8000030517578,231.10000610351562,233.0,1303544
2014-02-21,222.06907653808594,234.0500030517578,236.8000030517578,232.8000030517578,235.1999969482422,691017
2014-02-24,223.6345977783203,235.6999969482422,237.5,231.5,234.6999969482422,729670
2014-02-25,230.75064086914062,243.1999969482422,244.3000030517578,236.5,237.35000610351562,2388002
2014-02-26,233.02780151367188,245.60000610351562,247.3000030517578,242.5,244.5,1495138
2014-02-28,230.08648681640625,242.5,246.89999389648438,240.0500030517578,246.10000610351562,716553
2014-03-03,236.49099731445312,249.25,251.5,239.5,242.5,2029854
2014-03-04,241.75686645507812,254.8000030517578,258.3999938964844,250.3000030517578,250.5,2544333
2014-03-05,233.0752716064453,245.64999389648438,252.85000610351562,244.0,252.5500030517578,1424629
2014-03-06,234.1663818359375,246.8000030517578,250.60000610351562,243.14999389648438,245.60000610351562,1075669
2014-03-07,241.94664001464844,255.0,256.3999938964844,246.0,249.60000610351562,1893634
2014-03-10,237.7244110107422,250.5500030517578,258.5,249.3000030517578,254.0,1527237
2014-03-11,236.0165557861328,248.75,254.5,247.0,252.25,1189688
2014-03-12,239.33740234375,252.25,257.0,248.39999389648438,248.5,1350784
2014-03-13,238.7681427001953,251.64999389648438,258.5,248.39999389648438,254.0,1672077
2014-03-14,240.19131469726562,253.14999389648438,254.35000610351562,248.5,251.75,653400
2014-03-18,242.27871704101562,255.35000610351562,257.0,253.14999389648438,254.9499969482422,1294867
2014-03-19,241.8043212890625,254.85000610351562,257.25,251.5500030517578,256.0,829853
2014-03-20,240.4285430908203,253.39999389648438,262.45001220703125,252.0,257.0,2161044
2014-03-21,241.94664001464844,255.0,257.3999938964844,253.39999389648438,256.3999938964844,948531
2014-03-24,239.95416259765625,252.89999389648438,258.5,251.14999389648438,254.3000030517578,637996
2014-03-25,242.32615661621094,255.39999389648438,257.29998779296875,253.0500030517578,253.0500030517578,654922
2014-03-26,236.0165557861328,248.75,256.8999938964844,248.1999969482422,256.0,658823
2014-03-27,240.8080596923828,253.8000030517578,254.64999389648438,246.10000610351562,249.1999969482422,1316243
2014-03-28,240.19131469726562,253.14999389648438,256.1000061035156,250.39999389648438,254.8000030517578,674424
2014-03-31,249.25245666503906,262.70001220703125,268.3500061035156,254.10000610351562,255.0,2092440
2014-04-01,251.5770263671875,265.1499938964844,268.0,260.6000061035156,266.45001220703125,986673
2014-04-02,251.7667999267578,265.3500061035156,267.0,263.0,266.45001220703125,357890
2014-04-03,254.28115844726562,268.0,270.8500061035156,263.0,266.0,1540496
2014-04-04,255.98904418945312,269.79998779296875,274.29998779296875,266.0,270.1000061035156,961371
2014-04-07,249.29991149902344,262.75,269.0,260.1000061035156,269.0,856375
2014-04-09,250.72314453125,264.25,265.8999938964844,261.8500061035156,263.1000061035156,832258
2014-04-10,249.48973083496094,262.95001220703125,267.8999938964844,262.20001220703125,263.20001220703125,638846
2014-04-11,249.29991149902344,262.75,266.3999938964844,261.5,262.0,470768
2014-04-15,244.22378540039062,257.3999938964844,265.29998779296875,255.4499969482422,260.3500061035156,667585
2014-04-16,242.56333923339844,255.64999389648438,262.0,254.60000610351562,257.0,580798
2014-04-17,244.03402709960938,257.20001220703125,259.0,255.3000030517578,256.0,426231
2014-04-21,246.16883850097656,259.45001220703125,262.70001220703125,254.0500030517578,255.0,785424
2014-04-22,247.87672424316406,261.25,264.75,258.1000061035156,259.3500061035156,931899
2014-04-23,241.94664001464844,255.0,266.5,251.5,262.0,3942894
2014-04-24,241.94664001464844,255.0,255.0,255.0,255.0,0
2014-04-25,244.9828338623047,258.20001220703125,259.8500061035156,253.0,255.0,724290
2014-04-28,245.0777130126953,258.29998779296875,259.79998779296875,255.3000030517578,258.0,400140
2014-04-29,246.69068908691406,260.0,262.20001220703125,255.6999969482422,258.45001220703125,516059
2014-04-30,241.8043212890625,254.85000610351562,262.8500061035156,252.8000030517578,261.0,604717
2014-05-02,244.8404998779297,258.04998779296875,259.70001220703125,255.0,258.0,491561
2014-05-05,248.68324279785156,262.1000061035156,263.0,255.75,258.0,695564
2014-05-06,257.3173522949219,271.20001220703125,277.3999938964844,257.70001220703125,263.95001220703125,3380968
2014-05-07,258.50341796875,272.45001220703125,279.8999938964844,271.1000061035156,278.5,3860273
2014-05-08,263.2474365234375,277.45001220703125,278.79998779296875,269.70001220703125,273.25,1584633
2014-05-09,263.2948303222656,277.5,282.79998779296875,275.6499938964844,277.5,1505616
2014-05-12,270.4583740234375,285.04998779296875,287.5,274.0,278.0,1545871
2014-05-13,280.9427185058594,296.1000061035156,309.6000061035156,286.20001220703125,286.20001220703125,2241102
2014-05-14,289.1025695800781,304.70001220703125,309.3999938964844,291.29998779296875,298.0,1663916
2014-05-15,301.1524353027344,317.3999938964844,320.0,306.45001220703125,307.8999938964844,3647048
2014-05-16,291.2847900390625,307.0,344.75,305.1499938964844,325.0,2831569
2014-05-19,291.5693664550781,307.29998779296875,315.0,297.6499938964844,307.1000061035156,1545228
2014-05-20,298.02130126953125,314.1000061035156,322.25,307.0,311.8999938964844,2443570
2014-05-21,294.55810546875,310.45001220703125,321.95001220703125,309.5,317.6000061035156,1064527
2014-05-22,314.4356994628906,331.3999938964844,353.1000061035156,330.1000061035156,341.45001220703125,6665571
2014-05-23,308.6954040527344,325.3500061035156,335.70001220703125,324.54998779296875,335.0,2001146
2014-05-26,304.80535888671875,321.25,328.79998779296875,313.3999938964844,327.79998779296875,1183200
2014-05-27,302.6704406738281,319.0,322.8999938964844,315.0,322.8999938964844,577127
2014-05-28,298.97015380859375,315.1000061035156,325.0,313.1000061035156,321.70001220703125,904132
2014-05-29,297.78411865234375,313.8500061035156,321.3999938964844,312.3999938964844,315.95001220703125,1251206
2014-05-30,294.1312561035156,310.0,316.8999938964844,308.79998779296875,315.0,776871
2014-06-02,299.0176086425781,315.1499938964844,318.20001220703125,307.1000061035156,307.1000061035156,656591
2014-06-03,303.8565368652344,320.25,322.54998779296875,314.1000061035156,316.0,1463591
2014-06-04,303.8091125488281,320.20001220703125,328.3999938964844,318.04998779296875,323.45001220703125,1421190
2014-06-05,306.79779052734375,323.3500061035156,325.8999938964844,320.20001220703125,323.0,1024094
2014-06-06,310.4981384277344,327.25,328.5,316.0,325.8999938964844,1220841
2014-06-09,309.8814697265625,326.6000061035156,332.5,325.1000061035156,326.1000061035156,1552181
2014-06-10,323.92388916015625,341.3999938964844,343.0,323.0,325.29998779296875,2957655
2014-06-11,312.0637512207031,328.8999938964844,347.0,326.1000061035156,344.95001220703125,3146759
2014-06-12,311.82647705078125,328.6499938964844,332.95001220703125,323.1499938964844,328.75,854622
2014-06-13,303.5244140625,319.8999938964844,333.8999938964844,302.75,330.5,1264687
2014-06-16,306.0862121582031,322.6000061035156,326.1000061035156,312.45001220703125,318.0,1186910
2014-06-17,305.94390869140625,322.45001220703125,324.3500061035156,317.6499938964844,319.5,1189474
2014-06-18,298.2585144042969,314.3500061035156,327.8999938964844,311.8500061035156,322.8999938964844,1361754
2014-06-19,304.04632568359375,320.45001220703125,323.45001220703125,313.29998779296875,319.0,908802
2014-06-20,316.7602844238281,333.8500061035156,335.75,323.1499938964844,326.0,2824583
2014-06-23,309.359619140625,326.04998779296875,338.79998779296875,323.8999938964844,336.8999938964844,1682795
2014-06-24,320.4607238769531,337.75,339.0,324.5,324.5,1532090
2014-06-25,325.15728759765625,342.70001220703125,344.8500061035156,335.8999938964844,339.6000061035156,2113727
2014-06-26,329.04736328125,346.79998779296875,351.5,338.0,344.3999938964844,3835909
2014-06-27,335.07232666015625,353.1499938964844,356.8500061035156,346.8500061035156,347.25,2008738
2014-06-30,334.97747802734375,353.04998779296875,360.79998779296875,350.20001220703125,354.20001220703125,1515387
2014-07-01,337.5867004394531,355.79998779296875,358.8999938964844,351.0,352.8999938964844,796331
2014-07-02,341.0972900390625,359.5,361.8500061035156,353.29998779296875,358.0,1073593
2014-07-03,342.3307189941406,360.79998779296875,362.29998779296875,356.0,361.79998779296875,848205
2014-07-04,338.9150695800781,357.20001220703125,361.6499938964844,352.29998779296875,361.0,662164
2014-07-07,339.10479736328125,357.3999938964844,362.70001220703125,354.45001220703125,358.8999938964844,732610
2014-07-08,324.01873779296875,341.5,362.1000061035156,337.3999938964844,360.1000061035156,1169214
2014-07-09,330.13861083984375,347.95001220703125,350.45001220703125,335.75,336.20001220703125,1197600
2014-07-10,310.45074462890625,327.20001220703125,352.0,323.6000061035156,350.0,1909597
2014-07-11,313.4869079589844,330.3999938964844,337.70001220703125,323.25,323.8999938964844,1219953
2014-07-14,305.5168762207031,322.0,327.0,318.1000061035156,327.0,988868
2014-07-15,313.01397705078125,327.75,329.0,320.75,320.75,1104243
2014-07-16,313.1572265625,327.8999938964844,328.95001220703125,324.3999938964844,325.5,549883
2014-07-17,319.4604797363281,334.5,336.79998779296875,324.3999938964844,325.1499938964844,868312
2014-07-18,315.1150817871094,329.95001220703125,338.5,327.6000061035156,338.0,794164
2014-07-21,316.07012939453125,330.95001220703125,333.0,326.1000061035156,328.20001220703125,550719
2014-07-22,322.5644226074219,337.75,339.79998779296875,330.3500061035156,330.3500061035156,850103
2014-07-23,325.3339538574219,340.6499938964844,342.5,335.29998779296875,340.0,886420
2014-07-24,320.9885559082031,336.1000061035156,342.8500061035156,334.0,341.04998779296875,590907
2014-07-25,317.2161865234375,332.1499938964844,335.0,329.3999938964844,333.5,560747
2014-07-28,319.4604797363281,334.5,337.3999938964844,329.6000061035156,330.3500061035156,601788
2014-07-30,327.2440490722656,342.6499938964844,344.5,334.5,334.5,900812
2014-07-31,325.71600341796875,341.04998779296875,345.1499938964844,338.75,343.1000061035156,579077
2014-08-01,311.9634704589844,326.6499938964844,343.6000061035156,321.0,340.0,1289216
2014-08-04,326.8143005371094,342.20001220703125,343.6000061035156,325.0,326.0,1307913
2014-08-05,328.86761474609375,344.3500061035156,346.8999938964844,337.54998779296875,342.29998779296875,674392
2014-08-06,328.77215576171875,344.25,349.5,340.8500061035156,341.29998779296875,607470
2014-08-07,331.68499755859375,347.29998779296875,350.5,339.0,343.0,815348
2014-08-08,326.5755920410156,341.95001220703125,347.6000061035156,339.45001220703125,343.5,619376
2014-08-11,326.384521484375,341.75,347.54998779296875,339.54998779296875,341.95001220703125,362845
2014-08-12,333.404052734375,349.1000061035156,351.0,342.1000061035156,342.1000061035156,884613
2014-08-13,328.10357666015625,343.54998779296875,349.0,341.0,348.0,514353
2014-08-14,335.1708984375,350.95001220703125,353.0,343.54998779296875,344.0,471884
2014-08-18,334.5978698730469,350.3500061035156,353.70001220703125,347.29998779296875,353.70001220703125,656367
2014-08-19,332.7355651855469,348.3999938964844,352.5,345.1000061035156,352.0,554803
2014-08-20,330.8254699707031,346.3999938964844,349.70001220703125,345.29998779296875,349.70001220703125,391322
2014-08-21,350.45147705078125,366.95001220703125,370.3999938964844,350.25,350.25,3764955
2014-08-22,346.9178466796875,363.25,369.8999938964844,360.75,369.8500061035156,1194939
2014-08-25,345.4375305175781,361.70001220703125,367.3999938964844,357.6000061035156,360.70001220703125,713235
2014-08-26,345.3897705078125,361.6499938964844,363.8999938964844,357.29998779296875,358.1000061035156,413628
2014-08-27,347.2521667480469,363.6000061035156,368.70001220703125,361.29998779296875,368.0,725852
2014-08-28,347.06109619140625,363.3999938964844,367.8999938964844,356.79998779296875,365.3999938964844,792201
2014-09-01,355.1789245605469,371.8999938964844,374.8999938964844,364.20001220703125,365.1000061035156,1027263
2014-09-02,368.02423095703125,385.3500061035156,387.1499938964844,371.04998779296875,372.70001220703125,1469921
2014-09-03,366.2096862792969,383.45001220703125,391.79998779296875,381.1000061035156,387.1000061035156,1185735
2014-09-04,370.45953369140625,387.8999938964844,391.0,373.25,384.0,1055883
2014-09-05,370.2207946777344,387.6499938964844,393.5,385.3999938964844,388.95001220703125,906203
2014-09-08,368.4539794921875,385.79998779296875,390.5,383.3500061035156,390.5,335773
2014-09-09,379.1982116699219,397.04998779296875,397.95001220703125,376.04998779296875,386.3999938964844,1150656
2014-09-10,367.78546142578125,385.1000061035156,397.29998779296875,383.54998779296875,396.8500061035156,1317752
2014-09-11,364.777099609375,381.95001220703125,390.0,380.1000061035156,388.0,816264
2014-09-12,370.5550537109375,388.0,392.70001220703125,384.0,384.0,1336992
2014-09-15,364.777099609375,381.95001220703125,390.45001220703125,380.8999938964844,387.70001220703125,556149
2014-09-16,359.42889404296875,376.3500061035156,385.5,372.20001220703125,381.1000061035156,716336
2014-09-17,353.6031188964844,370.25,380.1000061035156,366.0,377.1000061035156,780290
2014-09-18,370.1730651855469,387.6000061035156,389.0,363.25,368.6000061035156,895759
2014-09-19,371.0803527832031,388.54998779296875,392.5,382.0,389.75,676624
2014-09-22,379.1026306152344,396.95001220703125,402.6499938964844,384.04998779296875,386.5,1615446
2014-09-23,373.2769775390625,390.8500061035156,407.5,387.79998779296875,399.75,1824990
2014-09-24,375.4735412597656,393.1499938964844,398.0,386.0,392.45001220703125,895327
2014-09-25,371.5101318359375,389.0,396.79998779296875,386.25,396.75,1052692
2014-09-26,371.70123291015625,389.20001220703125,391.0,382.0,387.20001220703125,586630
2014-09-29,380.0577697753906,397.95001220703125,404.0,388.0,390.79998779296875,837730
2014-09-30,389.6081237792969,407.95001220703125,409.95001220703125,398.1000061035156,400.70001220703125,1228189
2014-10-01,386.6474914550781,404.8500061035156,413.1499938964844,401.8999938964844,410.0,665343
2014-10-07,379.3892517089844,397.25,407.5,394.1000061035156,401.0,531345
2014-10-08,384.3554382324219,402.45001220703125,407.70001220703125,392.1499938964844,397.79998779296875,1057046
2014-10-09,383.1138000488281,401.1499938964844,406.70001220703125,397.6499938964844,404.5,672435
2014-10-10,380.0099792480469,397.8999938964844,406.0,394.25,399.70001220703125,885256
2014-10-13,376.8582763671875,394.6000061035156,397.79998779296875,391.04998779296875,395.8999938964844,482988
2014-10-14,370.889404296875,388.3500061035156,400.3500061035156,384.29998779296875,396.0,822882
2014-10-15,370.889404296875,388.3500061035156,388.3500061035156,388.3500061035156,388.3500061035156,0
2014-10-16,352.45709228515625,369.04998779296875,391.0,365.20001220703125,387.79998779296875,841426
2014-10-17,363.3923034667969,380.5,383.54998779296875,369.04998779296875,371.04998779296875,917551
2014-10-20,365.5888671875,382.79998779296875,386.95001220703125,380.0,385.0,565000
2014-10-21,372.4173889160156,389.95001220703125,395.5,384.04998779296875,385.0,1000173
2014-10-22,377.14483642578125,394.8999938964844,396.6000061035156,391.6499938964844,393.0,536847
2014-10-27,382.779541015625,400.79998779296875,402.3999938964844,391.29998779296875,398.0,653478
2014-10-28,387.5069885253906,405.75,407.0,396.29998779296875,401.29998779296875,614736
2014-10-29,393.18951416015625,411.70001220703125,414.20001220703125,403.45001220703125,407.0,946094
2014-10-30,400.5433044433594,419.3999938964844,425.0,412.04998779296875,412.25,2646890
2014-10-31,375.80780029296875,393.5,409.8999938964844,390.54998779296875,409.8999938964844,5608680
2014-11-03,365.4456481933594,382.6499938964844,395.75,381.25,394.8999938964844,2085945
2014-11-05,358.33062744140625,375.20001220703125,387.6499938964844,373.20001220703125,385.95001220703125,1702698
2014-11-07,361.81646728515625,378.8500061035156,381.70001220703125,371.0,371.0,1232526
2014-11-10,361.9119873046875,378.95001220703125,384.5,375.29998779296875,381.5,1052143
2014-11-11,356.1817321777344,372.95001220703125,381.20001220703125,372.04998779296875,380.3500061035156,1059635
2014-11-12,361.4344482421875,378.45001220703125,379.5,371.25,374.0,1924734
2014-11-13,359.5721435546875,376.5,383.29998779296875,375.0,383.25,1003914
2014-11-14,357.8052978515625,374.6499938964844,378.5,372.75,373.20001220703125,697374
2014-11-17,360.62261962890625,377.6000061035156,379.8500061035156,371.1499938964844,371.1499938964844,789089
2014-11-18,356.6592712402344,373.45001220703125,377.0,371.6000061035156,376.1499938964844,1051506
2014-11-19,349.92620849609375,366.3999938964844,374.3999938964844,365.04998779296875,370.20001220703125,996890
2014-11-20,345.5330810546875,361.79998779296875,366.5,353.5,365.0,1185308
2014-11-21,350.83349609375,367.3500061035156,369.20001220703125,361.45001220703125,362.5,684300
2014-11-24,354.9879455566406,371.70001220703125,373.5,365.1499938964844,368.0,705101
2014-11-25,353.6508483886719,370.29998779296875,375.0,364.1499938964844,371.70001220703125,1024933
2014-11-26,354.0329284667969,370.70001220703125,372.5,365.5,367.29998779296875,746341
2014-11-27,347.9206848144531,364.29998779296875,370.70001220703125,361.1000061035156,368.0,1215317
2014-11-28,354.1761779785156,370.8500061035156,372.79998779296875,365.0,365.0,760299
2014-12-01,372.6561584472656,390.20001220703125,400.5,380.20001220703125,400.5,4537297
2014-12-02,370.8415832519531,388.29998779296875,391.5,383.8999938964844,391.0,733564
2014-12-03,369.0747985839844,386.45001220703125,391.8500061035156,384.6000061035156,390.6000061035156,529851
2014-12-04,368.2630310058594,385.6000061035156,389.79998779296875,380.04998779296875,387.3999938964844,560011
2014-12-05,369.6000671386719,387.0,390.70001220703125,383.29998779296875,385.6000061035156,858237
2014-12-08,364.0130310058594,381.1499938964844,388.8999938964844,379.25,388.0,567529
2014-12-09,354.27166748046875,370.95001220703125,380.95001220703125,370.1000061035156,380.0,632742
2014-12-10,368.2630310058594,385.6000061035156,386.79998779296875,368.29998779296875,368.29998779296875,1033149
2014-12-11,368.02423095703125,385.3500061035156,389.5,377.0,386.0,626629
2014-12-12,357.0890197753906,373.8999938964844,387.70001220703125,370.6000061035156,383.6499938964844,552232
2014-12-15,350.0694580078125,366.54998779296875,373.0,363.0,370.79998779296875,577805
2014-12-16,343.81396484375,360.0,365.6499938964844,354.70001220703125,364.0,723484
2014-12-17,339.0387878417969,355.0,360.6000061035156,345.0,357.25,737187
2014-12-18,360.28839111328125,377.25,381.70001220703125,364.70001220703125,372.0,1135786
2014-12-19,359.66766357421875,376.6000061035156,385.3999938964844,374.1000061035156,383.0,637858
2014-12-22,364.777099609375,381.95001220703125,384.20001220703125,373.0,375.0,589095
2014-12-23,357.9963073730469,374.8500061035156,384.0,373.1000061035156,383.0,492420
2014-12-24,352.1705627441406,368.75,377.70001220703125,368.0,376.0,675773
2014-12-26,350.7380676269531,367.25,371.95001220703125,364.3999938964844,371.0,387835
2014-12-29,357.1368103027344,373.95001220703125,376.25,367.5,369.0,351585
2014-12-30,360.1451416015625,377.1000061035156,379.3999938964844,372.70001220703125,375.0,340255
2014-12-31,364.4906005859375,381.6499938964844,384.3500061035156,374.45001220703125,376.3999938964844,575804
2015-01-01,362.7237243652344,379.79998779296875,382.54998779296875,377.79998779296875,381.29998779296875,269753
2015-01-02,365.5888671875,382.79998779296875,388.5,379.79998779296875,379.79998779296875,623981
2015-01-05,368.5494689941406,385.8999938964844,389.6000061035156,382.79998779296875,384.0,551576
2015-01-06,355.9429931640625,372.70001220703125,383.3999938964844,369.20001220703125,382.20001220703125,519159
2015-01-07,357.757568359375,374.6000061035156,377.3999938964844,370.0,372.8999938964844,397373
2015-01-08,356.1339416503906,372.8999938964844,380.0,368.75,380.0,672501
2015-01-09,356.1339416503906,372.8999938964844,376.8999938964844,369.3999938964844,376.0,985975
2015-01-12,359.8586120605469,376.79998779296875,378.5,370.6000061035156,373.25,344364
2015-01-13,355.46551513671875,372.20001220703125,384.0,370.79998779296875,375.8500061035156,715002
2015-01-14,354.89251708984375,371.6000061035156,376.95001220703125,369.0,373.04998779296875,404068
2015-01-15,358.9991149902344,375.8999938964844,379.0,369.70001220703125,373.70001220703125,648144
2015-01-16,369.7911071777344,387.20001220703125,394.0,376.95001220703125,380.0,1387070
2015-01-19,376.7628479003906,394.5,395.5,389.20001220703125,389.20001220703125,913385
2015-01-20,375.9033203125,393.6000061035156,398.8999938964844,390.45001220703125,397.0,603286
2015-01-21,388.65301513671875,406.95001220703125,408.54998779296875,390.45001220703125,394.6000061035156,1885665
2015-01-22,381.7767333984375,399.75,409.20001220703125,393.1000061035156,407.0,785747
2015-01-23,380.9172668457031,398.8500061035156,405.45001220703125,394.0,403.1499938964844,709214
2015-01-27,382.6363220214844,400.6499938964844,407.0,393.25,399.0,1306898
2015-01-28,413.77056884765625,433.25,437.79998779296875,404.0,409.3999938964844,6282139
2015-01-29,421.9361572265625,441.79998779296875,444.0,425.6499938964844,427.79998779296875,3488597
2015-01-30,411.2397155761719,430.6000061035156,442.8500061035156,428.75,441.95001220703125,970722
2015-02-02,413.72283935546875,433.20001220703125,437.79998779296875,427.3500061035156,430.0,1106879
2015-02-03,412.8633117675781,432.29998779296875,448.3999938964844,430.54998779296875,435.8999938964844,2245302
2015-02-04,410.7145080566406,430.04998779296875,443.95001220703125,427.0,434.5,1392064
2015-02-05,399.01519775390625,417.79998779296875,431.8999938964844,413.3500061035156,431.8999938964844,1040089
2015-02-06,397.9646911621094,416.70001220703125,427.0,409.1000061035156,425.8999938964844,1116247
2015-02-09,393.7147216796875,412.25,421.6000061035156,409.1000061035156,409.1000061035156,813004
2015-02-10,406.0824890136719,425.20001220703125,430.6000061035156,409.79998779296875,409.8500061035156,1092699
2015-02-11,407.0852966308594,426.25,433.75,423.1000061035156,428.29998779296875,1113419
2015-02-12,406.6078186035156,425.75,433.8999938964844,423.5,429.0,1131467
2015-02-13,407.51507568359375,426.70001220703125,432.0,423.6499938964844,427.5,935029
2015-02-16,398.7287292480469,417.5,432.3999938964844,414.95001220703125,432.3999938964844,842771
2015-02-18,410.4279479980469,429.75,432.5,416.29998779296875,419.1499938964844,1093702
2015-02-19,413.29302978515625,432.75,442.70001220703125,430.79998779296875,434.8500061035156,1517003
2015-02-20,415.7762451171875,435.3500061035156,439.0,422.5,434.0,1033950
2015-02-23,400.8775939941406,419.75,435.3500061035156,418.0,435.29998779296875,1004925
2015-02-24,403.4561462402344,422.45001220703125,426.45001220703125,418.0,421.25,748836
2015-02-25,403.26513671875,422.25,428.0,418.5,424.3999938964844,788068
2015-02-26,404.5544738769531,423.6000061035156,426.0,416.1000061035156,423.8999938964844,726024
2015-02-27,415.7762451171875,435.3500061035156,436.75,421.29998779296875,425.1000061035156,826541
2015-03-02,393.95355224609375,412.5,420.75,408.1499938964844,420.70001220703125,1124323
2015-03-03,397.20062255859375,415.8999938964844,421.79998779296875,410.45001220703125,412.6000061035156,719506
2015-03-04,392.9029541015625,411.3999938964844,424.70001220703125,409.5,424.70001220703125,655400
2015-03-05,387.5069885253906,405.75,415.6499938964844,400.29998779296875,412.0,959120
2015-03-09,381.72906494140625,399.70001220703125,405.70001220703125,395.20001220703125,404.0,648441
2015-03-10,387.17279052734375,405.3999938964844,407.29998779296875,399.70001220703125,402.3999938964844,657218
2015-03-11,381.872314453125,399.8500061035156,408.70001220703125,398.0,408.70001220703125,410728
2015-03-12,386.4087829589844,404.6000061035156,406.70001220703125,400.25,401.5,349974
2015-03-13,380.82177734375,398.75,407.54998779296875,397.20001220703125,406.0,428548
2015-03-16,379.72344970703125,397.6000061035156,400.0,391.70001220703125,399.79998779296875,399268
2015-03-17,386.2655029296875,404.45001220703125,405.75,395.79998779296875,399.0,562431
2015-03-18,383.7345886230469,401.79998779296875,406.95001220703125,400.0,406.95001220703125,309016
2015-03-19,386.5997314453125,404.79998779296875,414.70001220703125,400.20001220703125,403.95001220703125,1023111
2015-03-20,375.0437927246094,392.70001220703125,407.79998779296875,390.79998779296875,405.6000061035156,461698
2015-03-23,373.2769775390625,390.8500061035156,396.6000061035156,385.0,394.5,498876
2015-03-24,369.8388366699219,387.25,396.0,385.54998779296875,391.04998779296875,408226
2015-03-25,372.89495849609375,390.45001220703125,393.95001220703125,385.0,388.1000061035156,636108
2015-03-26,372.22637939453125,389.75,393.70001220703125,385.0,390.0,1419196
2015-03-27,375.1870422363281,392.8500061035156,395.6000061035156,385.0,389.6499938964844,670005
2015-03-30,373.7544250488281,391.3500061035156,397.45001220703125,387.1499938964844,395.0,420532
2015-03-31,373.99322509765625,391.6000061035156,397.95001220703125,390.54998779296875,392.8500061035156,438421
2015-04-01,372.84716796875,390.3999938964844,394.25,387.3500061035156,391.3999938964844,452828
2015-04-06,385.4537353515625,403.6000061035156,404.3999938964844,391.0,395.0,904638
2015-04-07,388.31878662109375,406.6000061035156,410.70001220703125,401.5,404.5,636179
2015-04-08,389.1305847167969,407.45001220703125,411.3999938964844,404.5,407.6000061035156,534912
2015-04-09,381.9678039550781,399.95001220703125,410.0,398.1499938964844,410.0,756901
2015-04-10,382.540771484375,400.54998779296875,406.54998779296875,399.04998779296875,399.70001220703125,969396
2015-04-13,396.1978759765625,414.8500061035156,418.45001220703125,401.0,401.0,1399618
2015-04-15,392.855224609375,411.3500061035156,422.6000061035156,406.1000061035156,415.0,947070
2015-04-16,387.9845275878906,406.25,417.5,396.6499938964844,411.3500061035156,884632
2015-04-17,377.2881164550781,395.04998779296875,407.95001220703125,393.25,403.0,603542
2015-04-20,377.19256591796875,394.95001220703125,403.79998779296875,392.04998779296875,396.0,934634
2015-04-21,374.614013671875,392.25,401.3999938964844,388.75,401.0,657263
2015-04-22,378.2908935546875,396.1000061035156,397.5,389.20001220703125,393.3999938964844,517359
2015-04-23,385.3104248046875,403.45001220703125,404.6499938964844,392.0,398.1000061035156,743194
2015-04-24,378.0999450683594,395.8999938964844,405.5,390.0,405.0,738949
2015-04-27,369.1224365234375,386.5,398.70001220703125,383.0,398.70001220703125,947654
2015-04-28,368.7882080078125,386.1499938964844,390.54998779296875,382.0,386.0,612828
2015-04-29,364.6816101074219,381.8500061035156,388.6000061035156,380.0,387.8999938964844,866439
2015-04-30,365.5888671875,382.79998779296875,386.8500061035156,379.95001220703125,380.3999938964844,2267714
2015-05-04,367.9287414550781,385.25,394.25,382.25,384.79998779296875,462963
2015-05-05,367.1169738769531,384.3999938964844,388.70001220703125,380.25,386.1000061035156,593407
2015-05-06,366.1618347167969,383.3999938964844,386.0,368.0,382.6499938964844,1719756
2015-05-07,352.93463134765625,369.54998779296875,385.79998779296875,365.25,383.8999938964844,1729099
2015-05-08,337.70172119140625,353.6000061035156,357.70001220703125,334.3500061035156,340.0,5691342
2015-05-11,351.1201171875,367.6499938964844,371.3999938964844,346.20001220703125,352.0,1343524
2015-05-12,346.44036865234375,362.75,369.45001220703125,356.0,369.45001220703125,901977
2015-05-13,350.8812561035156,367.3999938964844,369.0,357.95001220703125,362.20001220703125,837838
2015-05-14,346.5836181640625,362.8999938964844,366.0,360.1000061035156,363.54998779296875,527009
2015-05-15,351.40655517578125,367.95001220703125,371.0,363.1000061035156,363.1000061035156,557137
2015-05-18,361.72100830078125,378.75,379.8999938964844,365.04998779296875,367.75,796620
2015-05-19,362.4850158691406,379.54998779296875,381.8999938964844,373.6000061035156,378.75,711652
2015-05-20,359.23785400390625,376.1499938964844,383.79998779296875,375.0,381.0,476821
2015-05-21,359.09466552734375,376.0,381.0,372.6000061035156,372.6000061035156,351909
2015-05-22,353.79412841796875,370.45001220703125,378.45001220703125,369.0,374.1499938964844,438670
2015-05-25,354.3194274902344,371.0,372.5,364.6499938964844,367.04998779296875,406302
2015-05-26,353.9373779296875,370.6000061035156,373.6000061035156,366.5,373.0,251010
2015-05-27,355.46551513671875,372.20001220703125,375.5,366.8999938964844,368.04998779296875,215459
2015-05-28,363.1535339355469,380.25,385.79998779296875,365.5,375.0,1467589
2015-05-29,361.291259765625,378.29998779296875,381.0,372.20001220703125,381.0,312544
2015-06-01,359.381103515625,376.29998779296875,379.6000061035156,373.04998779296875,375.1000061035156,232939
2015-06-02,352.3615417480469,368.95001220703125,378.45001220703125,367.20001220703125,378.45001220703125,322834
2015-06-03,351.1201171875,367.6499938964844,370.95001220703125,355.5,369.8999938964844,407702
2015-06-04,345.2466125488281,361.5,366.6000061035156,355.8999938964844,365.8500061035156,331402
2015-06-05,347.3953552246094,363.75,370.8500061035156,354.25,357.54998779296875,513150
2015-06-08,337.0809326171875,352.95001220703125,366.29998779296875,351.20001220703125,364.5,275247
2015-06-09,343.3841857910156,359.54998779296875,360.8999938964844,350.04998779296875,350.04998779296875,400693
2015-06-10,348.30267333984375,364.70001220703125,366.5,359.0,359.25,423122
2015-06-11,337.7972412109375,353.70001220703125,368.0,351.95001220703125,365.29998779296875,402824
2015-06-12,332.3058166503906,347.95001220703125,356.0,345.1000061035156,353.45001220703125,306206
2015-06-15,328.77215576171875,344.25,352.3500061035156,343.0,345.0,502073
2015-06-16,331.541748046875,347.1499938964844,349.6499938964844,337.5,346.0,794358
2015-06-17,338.0360412597656,353.95001220703125,355.5,345.20001220703125,349.8999938964844,554088
2015-06-18,342.66796875,358.79998779296875,360.5,350.1000061035156,353.1499938964844,375925
2015-06-19,342.094970703125,358.20001220703125,361.20001220703125,352.20001220703125,360.6499938964844,499477
2015-06-22,349.782958984375,366.25,368.8999938964844,356.0,357.3500061035156,503127
2015-06-23,341.18756103515625,357.25,368.0,355.8500061035156,367.79998779296875,581280
2015-06-24,340.56689453125,356.6000061035156,361.8999938964844,354.04998779296875,357.6000061035156,1036071
2015-06-25,336.9854736328125,352.8500061035156,355.95001220703125,348.95001220703125,353.0,2374867
2015-06-26,343.9572448730469,360.1499938964844,361.5,350.25,352.8999938964844,972326
2015-06-29,342.7156982421875,358.8500061035156,360.0,350.1499938964844,354.6499938964844,521388
2015-06-30,349.83074951171875,366.29998779296875,370.25,355.1000061035156,358.8500061035156,928099
2015-07-01,345.6285400390625,361.8999938964844,366.95001220703125,360.54998779296875,365.0,581426
2015-07-02,339.2774963378906,355.25,363.25,352.3500061035156,362.25,1301446
2015-07-03,341.2353210449219,357.29998779296875,359.5,349.5,349.5,640953
2015-07-06,339.8505554199219,355.8500061035156,357.95001220703125,352.0,352.04998779296875,606970
2015-07-07,344.8167419433594,361.04998779296875,362.95001220703125,355.6000061035156,356.0,622813
2015-07-08,338.9910583496094,354.95001220703125,360.0,351.25,356.1000061035156,743184
2015-07-09,343.5274658203125,359.70001220703125,361.8999938964844,354.0,355.45001220703125,492767
2015-07-10,339.8028259277344,355.79998779296875,364.45001220703125,354.45001220703125,360.20001220703125,675678
2015-07-13,341.2353210449219,357.29998779296875,358.5,352.3999938964844,356.5,349986
2015-07-14,343.6707458496094,359.8500061035156,363.6499938964844,356.0,357.79998779296875,483292
2015-07-15,334.9798889160156,350.75,358.70001220703125,348.3500061035156,358.70001220703125,597184
2015-07-16,334.8843994140625,350.6499938964844,353.8500061035156,348.5,350.0,330307
2015-07-17,335.46124267578125,348.95001220703125,353.6000061035156,347.1000061035156,348.5,557575
2015-07-20,331.8080749511719,345.1499938964844,351.29998779296875,344.0,349.0,808216
2015-07-21,326.6168212890625,339.75,346.8999938964844,338.04998779296875,346.0,475068
2015-07-22,324.93450927734375,338.0,340.0,333.3500061035156,339.0,810073
2015-07-23,324.02117919921875,337.04998779296875,345.0,335.29998779296875,339.0,672679
2015-07-24,326.95330810546875,340.1000061035156,343.8999938964844,335.3500061035156,337.0,709976
2015-07-27,322.9156494140625,335.8999938964844,341.3500061035156,331.20001220703125,339.5,487372
2015-07-28,327.9146728515625,341.1000061035156,344.8999938964844,336.5,336.5,1107079
2015-07-29,325.4632263183594,338.54998779296875,343.75,333.29998779296875,342.8500061035156,801921
2015-07-30,325.70355224609375,338.79998779296875,345.25,336.0,338.5,1117699
2015-07-31,311.13916015625,323.6499938964844,341.6000061035156,320.3500061035156,339.0,3631818
2015-08-03,304.9865417480469,317.25,324.0,315.45001220703125,323.0,2457661
2015-08-04,303.73675537109375,315.95001220703125,319.3999938964844,314.5,317.70001220703125,1300131
2015-08-05,308.1109313964844,320.5,322.8500061035156,316.04998779296875,316.95001220703125,1990552
2015-08-06,315.0807189941406,327.75,328.75,321.0,324.45001220703125,1355010
2015-08-07,321.089111328125,334.0,335.1499938964844,324.5,328.0,1020332
2015-08-10,316.61883544921875,329.3500061035156,334.5,328.0,334.45001220703125,527219
2015-08-11,315.70556640625,328.3999938964844,338.0,323.1000061035156,330.5,1135585
2015-08-12,317.3398742675781,330.1000061035156,334.0,323.20001220703125,327.8999938964844,628727
2015-08-13,315.4652099609375,328.1499938964844,338.6000061035156,320.6000061035156,331.20001220703125,1800158
2015-08-14,322.0984802246094,335.04998779296875,337.0,326.0,331.8999938964844,349444
2015-08-17,323.5885925292969,336.6000061035156,340.0,330.1499938964844,336.1000061035156,590909
2015-08-18,323.1559753417969,336.1499938964844,338.6000061035156,331.6000061035156,338.0,219001
2015-08-19,327.2898254394531,340.45001220703125,342.8999938964844,334.25,335.8500061035156,336368
2015-08-20,328.0107727050781,341.20001220703125,345.79998779296875,338.3500061035156,344.6000061035156,758875
2015-08-21,330.99090576171875,344.29998779296875,345.5,334.1000061035156,338.1000061035156,603152
2015-08-24,319.7431945800781,332.6000061035156,338.8500061035156,328.54998779296875,334.5,802619
2015-08-25,314.3596496582031,327.0,337.70001220703125,321.5,335.04998779296875,635497
2015-08-26,312.1966247558594,324.75,333.1000061035156,320.5,328.0,795875
2015-08-27,333.63458251953125,347.04998779296875,353.1000061035156,320.0,320.0,3735076
2015-08-28,328.3953552246094,341.6000061035156,348.0,338.3999938964844,346.1000061035156,742569
2015-08-31,324.7421569824219,337.79998779296875,345.0,336.1499938964844,341.8999938964844,561975
2015-09-01,322.00238037109375,334.95001220703125,339.29998779296875,328.0,335.75,423225
2015-09-02,310.6104431152344,323.1000061035156,336.0,321.1000061035156,336.0,909066
2015-09-03,314.5519714355469,327.20001220703125,330.0,323.0,324.8500061035156,351699
2015-09-04,320.0796813964844,332.95001220703125,334.3999938964844,318.3500061035156,327.75,854711
2015-09-07,319.5509338378906,332.3999938964844,337.70001220703125,329.1000061035156,333.0,366587
2015-09-08,309.5529479980469,322.0,334.95001220703125,316.04998779296875,333.1000061035156,842521
2015-09-09,317.7724304199219,330.54998779296875,332.5,324.3500061035156,325.25,903800
2015-09-10,313.35028076171875,325.95001220703125,329.79998779296875,321.25,326.3500061035156,756925
2015-09-11,313.8309631347656,326.45001220703125,331.0,325.1499938964844,326.25,481787
2015-09-14,316.2823181152344,329.0,331.0,325.20001220703125,329.8999938964844,324466
2015-09-15,313.3983459472656,326.0,331.0,323.0,331.0,231855
2015-09-16,315.0807189941406,327.75,331.25,326.3999938964844,330.1000061035156,179163
2015-09-18,309.4567565917969,321.8999938964844,329.79998779296875,319.6499938964844,326.29998779296875,1000353
2015-09-21,306.3805236816406,318.70001220703125,323.3999938964844,317.29998779296875,320.0,430092
2015-09-22,306.52471923828125,318.8500061035156,323.6499938964844,316.29998779296875,319.5,457865
2015-09-23,307.5341796875,319.8999938964844,321.5,311.20001220703125,317.0,635557
2015-09-24,312.29278564453125,324.8500061035156,326.8999938964844,318.0,319.45001220703125,1692883
2015-09-28,313.4944152832031,326.1000061035156,328.70001220703125,321.20001220703125,324.95001220703125,484788
2015-09-29,308.7839050292969,321.20001220703125,324.95001220703125,318.5,323.79998779296875,589238
2015-09-30,305.5633544921875,317.8500061035156,324.6000061035156,316.3999938964844,323.0,697606
2015-10-01,314.5999755859375,327.25,329.70001220703125,302.75,314.0,1842510
2015-10-05,318.0608825683594,330.8500061035156,334.45001220703125,325.79998779296875,331.8999938964844,473457
2015-10-06,335.0285339355469,348.5,349.95001220703125,329.45001220703125,333.20001220703125,1592362
2015-10-07,331.8080749511719,345.1499938964844,347.70001220703125,342.3999938964844,344.0,398156
2015-10-08,327.8665771484375,341.04998779296875,349.1000061035156,340.0,345.04998779296875,353672
2015-10-09,329.9335021972656,343.20001220703125,347.25,340.3500061035156,342.75,521299
2015-10-12,329.40472412109375,342.6499938964844,349.45001220703125,340.70001220703125,340.70001220703125,731079
2015-10-13,330.1737976074219,343.45001220703125,346.1000061035156,342.29998779296875,342.5,222643
2015-10-14,334.9804992675781,348.45001220703125,351.79998779296875,341.95001220703125,345.0,775139
2015-10-15,339.30657958984375,352.95001220703125,355.0,343.29998779296875,350.20001220703125,830753
2015-10-16,340.2679443359375,353.95001220703125,355.79998779296875,350.79998779296875,354.6499938964844,592163
2015-10-19,337.3839111328125,350.95001220703125,356.75,346.0,346.0,535865
2015-10-20,338.48944091796875,352.1000061035156,357.95001220703125,349.75,351.29998779296875,440519
2015-10-21,334.3555908203125,347.79998779296875,354.0,343.70001220703125,353.6000061035156,397954
2015-10-23,330.4141540527344,343.70001220703125,355.6499938964844,342.70001220703125,355.6499938964844,336286
2015-10-26,331.4715576171875,344.79998779296875,349.0,343.1000061035156,344.3999938964844,475118
2015-10-27,327.24163818359375,340.3999938964844,346.25,338.25,344.79998779296875,265056
2015-10-28,337.23968505859375,350.79998779296875,355.5,340.95001220703125,341.0,670732
2015-10-29,338.6816711425781,352.29998779296875,356.5,348.20001220703125,351.29998779296875,880195
2015-10-30,336.4225158691406,349.95001220703125,355.0,342.8999938964844,346.0,1191629
2015-11-02,342.81549072265625,356.6000061035156,358.8999938964844,329.3500061035156,335.0,4413018
2015-11-03,334.93243408203125,348.3999938964844,364.5,347.6000061035156,354.8999938964844,1697686
2015-11-04,334.54791259765625,348.0,354.54998779296875,346.95001220703125,349.1000061035156,774920
2015-11-05,335.2689208984375,348.75,354.0,346.0,347.04998779296875,476785
2015-11-06,336.5186767578125,350.04998779296875,353.0,346.1499938964844,348.95001220703125,495582
2015-11-09,340.70050048828125,354.3999938964844,361.0,340.5,340.5,714356
2015-11-10,339.1623840332031,352.79998779296875,358.0,348.8500061035156,354.0,347269
2015-11-13,340.9408264160156,354.6499938964844,359.0,350.20001220703125,351.70001220703125,567501
2015-11-16,345.7956848144531,359.70001220703125,362.6000061035156,351.04998779296875,351.04998779296875,655262
2015-11-17,344.5458679199219,358.3999938964844,361.25,356.0,360.20001220703125,506095
2015-11-18,346.85308837890625,360.79998779296875,364.79998779296875,356.20001220703125,356.20001220703125,409990
2015-11-19,355.60137939453125,369.8999938964844,372.0,358.79998779296875,363.70001220703125,802938
2015-11-20,357.331787109375,371.70001220703125,374.45001220703125,366.6499938964844,372.1499938964844,724817
2015-11-23,365.5993347167969,380.29998779296875,382.8999938964844,370.20001220703125,371.70001220703125,869178
2015-11-24,363.436279296875,378.04998779296875,384.29998779296875,376.3500061035156,384.0,813490
2015-11-26,373.5303955078125,388.54998779296875,392.3999938964844,376.1000061035156,376.1000061035156,2068604
2015-11-27,365.21484375,379.8999938964844,389.75,378.6499938964844,389.75,638174
2015-11-30,366.7528991699219,381.5,385.8999938964844,377.75,378.0,315528
2015-12-01,363.2920837402344,377.8999938964844,382.5,376.6499938964844,382.1499938964844,400194
2015-12-02,362.1385192871094,376.70001220703125,383.95001220703125,375.3500061035156,378.04998779296875,377398
2015-12-03,357.6202392578125,372.0,379.0,370.04998779296875,373.5,411070
2015-12-04,352.5730895996094,366.75,375.6000061035156,365.75,370.1499938964844,263031
2015-12-07,353.6305847167969,367.8500061035156,372.75,364.5,368.20001220703125,463510
2015-12-08,351.6597900390625,365.79998779296875,371.25,363.8999938964844,366.0,414619
2015-12-09,345.8917541503906,359.79998779296875,368.0,358.70001220703125,365.70001220703125,419161
2015-12-10,348.72772216796875,362.75,364.25,358.1499938964844,360.8999938964844,236817
2015-12-11,338.9220275878906,352.54998779296875,378.3500061035156,349.70001220703125,370.8500061035156,3053855
2015-12-14,339.5469055175781,353.20001220703125,358.29998779296875,348.04998779296875,348.79998779296875,1503832
2015-12-15,349.97747802734375,364.04998779296875,365.3999938964844,350.0,353.95001220703125,1385795
2015-12-16,341.7099914550781,355.45001220703125,365.95001220703125,352.3999938964844,364.45001220703125,1158158
2015-12-17,339.49884033203125,353.1499938964844,356.8500061035156,350.0,356.1499938964844,1160421
2015-12-18,347.814453125,361.79998779296875,363.0,350.5,352.8999938964844,2133764
2015-12-21,341.3735046386719,355.1000061035156,360.95001220703125,352.79998779296875,360.95001220703125,893057
2015-12-22,347.3818664550781,361.3500061035156,362.8999938964844,354.45001220703125,356.0,1122747
2015-12-23,344.3536376953125,358.20001220703125,364.3999938964844,355.75,362.20001220703125,751759
2015-12-24,337.095458984375,350.6499938964844,364.70001220703125,343.20001220703125,360.0,1477723
2015-12-28,336.9512939453125,350.5,353.3999938964844,349.29998779296875,350.6499938964844,647834
2015-12-29,337.7203063964844,351.29998779296875,352.5,343.79998779296875,349.5,1612905
2015-12-30,336.32635498046875,349.8500061035156,352.5,348.5,351.0,312305
2015-12-31,333.73077392578125,347.1499938964844,354.8500061035156,339.79998779296875,350.20001220703125,4706175
2016-01-01,338.4413146972656,352.04998779296875,353.79998779296875,346.5,347.1499938964844,452823
2016-01-04,337.8164367675781,351.3999938964844,353.5,347.8500061035156,350.0,687951
2016-01-05,334.259521484375,347.70001220703125,355.0,345.79998779296875,351.8999938964844,1494306
2016-01-06,334.4037170410156,347.8500061035156,350.8999938964844,343.20001220703125,347.70001220703125,1000140
2016-01-07,330.7506103515625,344.04998779296875,347.70001220703125,336.54998779296875,346.70001220703125,1423390
2016-01-08,334.54791259765625,348.0,350.5,338.20001220703125,347.70001220703125,1341603
2016-01-11,331.7119140625,345.04998779296875,350.0,343.6499938964844,345.0,705294
2016-01-12,333.4903869628906,346.8999938964844,349.0,344.70001220703125,346.5,638269
2016-01-13,336.4225158691406,349.95001220703125,351.25,345.0,349.5,735198
2016-01-14,328.4914245605469,341.70001220703125,359.95001220703125,340.0,347.0,2007294
2016-01-15,322.8675537109375,335.8500061035156,342.5,332.54998779296875,342.0,1570462
2016-01-18,321.3293762207031,334.25,343.79998779296875,332.6000061035156,335.0,2640407
2016-01-19,326.08807373046875,339.20001220703125,340.45001220703125,326.95001220703125,334.1000061035156,1222626
2016-01-20,327.67431640625,340.8500061035156,343.8999938964844,333.95001220703125,335.8999938964844,1530254
2016-01-21,330.1257019042969,343.3999938964844,347.6000061035156,337.20001220703125,343.8999938964844,1015243
2016-01-22,334.1634216308594,347.6000061035156,349.0,336.79998779296875,346.0,1027422
2016-01-25,340.7486267089844,354.45001220703125,357.95001220703125,346.54998779296875,350.8999938964844,801820
2016-01-27,336.1341247558594,349.6499938964844,357.8500061035156,345.0,357.8500061035156,866074
2016-01-28,325.89581298828125,339.0,348.8999938964844,336.8999938964844,345.79998779296875,1060659
2016-01-29,349.6409912109375,363.70001220703125,366.70001220703125,346.45001220703125,347.0,1807418
2016-02-01,346.0360107421875,359.95001220703125,366.25,357.45001220703125,364.5,659748
2016-02-02,338.39324951171875,352.0,362.79998779296875,350.70001220703125,359.8999938964844,757686
2016-02-03,340.364013671875,354.04998779296875,356.5,345.0,345.0,723244
2016-02-04,348.00677490234375,362.0,372.8999938964844,356.04998779296875,356.04998779296875,1519516
2016-02-05,355.264892578125,369.54998779296875,372.0,361.1000061035156,363.6499938964844,1549307
2016-02-08,357.23565673828125,371.6000061035156,376.0,365.0,366.1000061035156,1047610
2016-02-09,352.66925048828125,366.8500061035156,375.6000061035156,365.5,367.5,808046
2016-02-10,356.08197021484375,370.3999938964844,373.79998779296875,364.04998779296875,365.0,2059928
2016-02-11,342.5751037597656,356.3500061035156,370.29998779296875,353.95001220703125,369.0,1069363
2016-02-12,342.094482421875,355.8500061035156,360.75,341.1000061035156,358.1499938964844,2187500
2016-02-15,344.8342590332031,358.70001220703125,364.6499938964844,350.5,356.25,775675
2016-02-16,334.11529541015625,347.54998779296875,363.3999938964844,346.5,362.95001220703125,1720575
2016-02-17,314.2154541015625,326.8500061035156,346.3500061035156,323.04998779296875,346.29998779296875,2744020
2016-02-18,320.7525939941406,333.6499938964844,335.5,320.1499938964844,328.1000061035156,1744811
2016-02-19,321.7620849609375,334.70001220703125,340.79998779296875,331.0,333.0,807083
2016-02-22,324.83831787109375,337.8999938964844,339.3999938964844,326.29998779296875,337.70001220703125,873701
2016-02-23,316.7149658203125,329.45001220703125,338.0,326.5,338.0,828320
2016-02-24,314.31158447265625,326.95001220703125,332.0,324.1499938964844,331.0,668565
2016-02-25,311.2352600097656,323.75,330.75,322.70001220703125,328.1000061035156,1270824
2016-02-26,317.387939453125,330.1499938964844,337.0,324.95001220703125,328.54998779296875,881692
2016-02-29,304.5539245605469,316.79998779296875,331.75,301.70001220703125,331.75,1857767
2016-03-01,324.45379638671875,337.5,340.0,310.0,312.5,1388815
2016-03-02,320.99298095703125,333.8999938964844,338.45001220703125,327.5,337.5,1520145
2016-03-03,328.92401123046875,342.1499938964844,344.5,332.45001220703125,333.0,1501530
2016-03-04,325.3670349121094,338.45001220703125,345.3999938964844,336.0,341.8999938964844,893896
2016-03-08,328.3471984863281,341.54998779296875,344.0,336.20001220703125,338.0,2006420
2016-03-09,326.71295166015625,339.8500061035156,341.54998779296875,337.20001220703125,341.54998779296875,914711
2016-03-10,325.9438171386719,339.04998779296875,345.5,337.79998779296875,339.70001220703125,3429651
2016-03-11,332.625244140625,346.0,347.3999938964844,337.0,340.04998779296875,1425552
2016-03-14,327.9626770019531,341.1499938964844,349.5,340.04998779296875,347.1000061035156,794134
2016-03-15,330.5102844238281,343.79998779296875,345.0,340.25,342.70001220703125,963552
2016-03-16,326.5206604003906,339.6499938964844,343.6000061035156,337.04998779296875,342.8999938964844,804723
2016-03-17,326.37652587890625,339.5,343.8999938964844,337.70001220703125,343.5,1527064
2016-03-18,324.7421569824219,337.79998779296875,344.5,336.04998779296875,340.1000061035156,2523802
2016-03-21,328.8759765625,342.1000061035156,344.45001220703125,337.25,341.0,1071707
2016-03-22,346.969482421875,358.6000061035156,361.0,341.6000061035156,341.6000061035156,1399074
2016-03-23,341.2608642578125,352.70001220703125,358.8999938964844,351.5,358.6000061035156,472224
2016-03-28,316.7814025878906,327.3999938964844,357.0,325.0,356.70001220703125,1417021
2016-03-29,319.0552062988281,329.75,331.0,320.29998779296875,325.0,2005734
2016-03-30,327.279541015625,338.25,339.54998779296875,331.3999938964844,331.3999938964844,1455310
2016-03-31,328.10186767578125,339.1000061035156,340.1499938964844,334.25,338.5,895578
2016-04-01,328.4405822753906,339.45001220703125,343.0,335.3999938964844,339.0,517494
2016-04-04,333.3751525878906,344.54998779296875,345.8500061035156,336.5,338.20001220703125,796436
2016-04-05,334.3910827636719,345.6000061035156,348.0,341.29998779296875,343.8999938964844,829255
2016-04-06,336.81005859375,348.1000061035156,350.0,345.1499938964844,346.79998779296875,1075449
2016-04-07,328.2954406738281,339.29998779296875,348.3999938964844,338.45001220703125,346.0,1433323
2016-04-08,324.95733642578125,335.8500061035156,339.0,333.79998779296875,339.0,652937
2016-04-11,333.3751525878906,344.54998779296875,347.8999938964844,336.8500061035156,336.8999938964844,676453
2016-04-12,339.0354309082031,350.3999938964844,354.0,346.04998779296875,349.6499938964844,1549878
2016-04-13,341.4059753417969,352.8500061035156,360.29998779296875,348.3999938964844,353.0,1722232
2016-04-18,350.065673828125,361.79998779296875,364.45001220703125,349.04998779296875,352.1000061035156,2020524
2016-04-20,361.676513671875,373.79998779296875,379.0,363.25,365.79998779296875,2840312
2016-04-21,357.3708190917969,369.3500061035156,384.6000061035156,366.75,379.95001220703125,1769805
2016-04-22,359.59619140625,371.6499938964844,374.6499938964844,363.6000061035156,369.0,748456
2016-04-25,361.48297119140625,373.6000061035156,375.0,369.25,374.8999938964844,751650
2016-04-26,359.78973388671875,371.8500061035156,373.95001220703125,366.3999938964844,372.5,993569
2016-04-27,359.4510192871094,371.5,377.0,367.29998779296875,371.70001220703125,648977
2016-04-28,357.5643310546875,369.54998779296875,372.8999938964844,366.1000061035156,371.5,1902333
2016-04-29,344.3570251464844,355.8999938964844,368.29998779296875,355.0,366.0,1099913
2016-05-02,355.7259521484375,367.6499938964844,368.95001220703125,355.95001220703125,357.70001220703125,966084
2016-05-03,348.42083740234375,360.1000061035156,369.0,357.3999938964844,367.1000061035156,963168
2016-05-04,348.3724365234375,360.04998779296875,364.04998779296875,357.25,358.0,1040577
2016-05-05,347.550048828125,359.20001220703125,364.5,353.20001220703125,358.70001220703125,1448922
2016-05-06,353.5972900390625,365.45001220703125,368.1000061035156,353.79998779296875,357.6000061035156,1508866
2016-05-09,353.6457214355469,365.5,369.54998779296875,354.20001220703125,354.20001220703125,4231513
2016-05-10,359.78973388671875,371.8500061035156,372.6499938964844,361.0,362.70001220703125,1693745
2016-05-11,359.9349060058594,372.0,374.1499938964844,366.95001220703125,367.5,3445883
2016-05-12,361.8700256347656,374.0,378.45001220703125,370.6000061035156,372.0,1198216
2016-05-13,352.8716125488281,364.70001220703125,384.8500061035156,363.6499938964844,375.1000061035156,2542678
2016-05-16,353.0168151855469,364.8500061035156,369.0,363.5,366.0,2146484
2016-05-17,352.9200134277344,364.75,371.3999938964844,363.25,367.0,1457307
2016-05-18,353.4037780761719,365.25,368.75,362.1000061035156,364.1000061035156,1500718
2016-05-19,352.14599609375,363.95001220703125,368.29998779296875,362.79998779296875,365.75,1203562
2016-05-20,354.1778259277344,366.04998779296875,369.45001220703125,363.79998779296875,366.95001220703125,1829681
2016-05-23,350.8397521972656,362.6000061035156,368.8500061035156,361.0,366.3999938964844,791265
2016-05-24,350.8397521972656,362.6000061035156,367.5,358.70001220703125,364.8999938964844,2006771
2016-05-25,352.72650146484375,364.54998779296875,366.3999938964844,358.6499938964844,363.1499938964844,1152110
2016-05-26,350.1624450683594,361.8999938964844,366.95001220703125,359.0,363.25,1578440
2016-05-27,348.7594909667969,360.45001220703125,363.8999938964844,359.1000061035156,363.8999938964844,804692
2016-05-30,351.7589111328125,363.54998779296875,365.6000061035156,354.25,361.1000061035156,2101717
2016-05-31,348.807861328125,360.5,381.95001220703125,355.3500061035156,372.5,27065544
2016-06-01,347.598388671875,359.25,364.25,356.3999938964844,359.0,1519865
2016-06-02,346.43731689453125,358.04998779296875,363.0,354.6000061035156,358.75,1144323
2016-06-03,343.82489013671875,355.3500061035156,361.6499938964844,353.20001220703125,359.3999938964844,1126862
2016-06-06,341.55108642578125,353.0,357.04998779296875,351.70001220703125,354.8999938964844,908115
2016-06-07,348.9046325683594,360.6000061035156,361.79998779296875,353.95001220703125,354.29998779296875,1181754
2016-06-08,350.30755615234375,362.04998779296875,365.5,357.5,361.75,1176799
2016-06-09,352.8232421875,364.6499938964844,366.45001220703125,361.5,363.0,394763
2016-06-10,350.2591857910156,362.0,366.6499938964844,360.6000061035156,364.20001220703125,422023
2016-06-13,352.3879089355469,364.20001220703125,367.0,358.25,360.0,603739
2016-06-14,355.14544677734375,367.04998779296875,368.8500061035156,363.6000061035156,364.70001220703125,452856
2016-06-15,354.9519348144531,366.8500061035156,369.8999938964844,364.25,368.04998779296875,736622
2016-06-16,359.4510192871094,371.5,372.54998779296875,364.5,366.0,850822
2016-06-17,364.143798828125,376.3500061035156,378.0,372.0,372.3500061035156,1834207
2016-06-20,364.3856506347656,376.6000061035156,378.29998779296875,371.1000061035156,375.0,1358070
2016-06-21,363.27301025390625,375.45001220703125,377.3999938964844,373.20001220703125,376.8999938964844,453254
2016-06-22,366.99810791015625,379.29998779296875,380.8999938964844,375.5,375.95001220703125,887946
2016-06-23,375.56103515625,388.1499938964844,389.70001220703125,377.54998779296875,378.79998779296875,1066962
2016-06-24,377.7864685058594,390.45001220703125,400.5,378.04998779296875,382.0,2567589
2016-06-27,378.80242919921875,391.5,395.79998779296875,388.45001220703125,392.0,963785
2016-06-28,377.2542724609375,389.8999938964844,396.0,388.1000061035156,395.0,451122
2016-06-29,383.6402587890625,396.5,398.0,387.70001220703125,389.0,972222
2016-06-30,393.0740661621094,406.25,410.1499938964844,396.0,398.0,3607558
2016-07-01,392.68701171875,405.8500061035156,413.79998779296875,404.1499938964844,413.79998779296875,881009
2016-07-04,392.1064758300781,405.25,409.8999938964844,404.29998779296875,408.0,359798
2016-07-05,388.8651428222656,401.8999938964844,407.0,398.0,398.0,608931
2016-07-07,389.78436279296875,402.8500061035156,404.70001220703125,401.20001220703125,402.8999938964844,442528
2016-07-08,388.42974853515625,401.45001220703125,405.8999938964844,397.75,402.1000061035156,332694
2016-07-11,389.5908203125,402.6499938964844,407.0,401.6000061035156,405.20001220703125,896345
2016-07-12,392.8804931640625,406.04998779296875,408.45001220703125,398.0,404.1499938964844,602537
2016-07-13,391.6710510253906,404.79998779296875,407.3999938964844,401.0,406.1499938964844,996482
2016-07-14,401.4434814453125,414.8999938964844,416.79998779296875,406.29998779296875,408.0,1007303
2016-07-15,404.2010803222656,417.75,435.0,415.04998779296875,426.5,2849329
2016-07-18,400.3791809082031,413.79998779296875,422.0,391.5,422.0,613955
2016-07-19,399.8470153808594,413.25,415.3500061035156,409.5,413.8999938964844,614051
2016-07-20,398.73431396484375,412.1000061035156,417.3999938964844,407.20001220703125,409.0,537315
2016-07-21,395.9283752441406,409.20001220703125,414.29998779296875,406.25,412.0,316459
2016-07-22,396.4121398925781,409.70001220703125,412.1499938964844,405.70001220703125,410.0,562267
2016-07-25,399.3631896972656,412.75,416.5,409.0,411.0,704244
2016-07-26,400.5726623535156,414.0,419.3500061035156,411.20001220703125,414.5,675183
2016-07-27,398.34722900390625,411.70001220703125,416.3999938964844,407.20001220703125,414.29998779296875,529343
2016-07-28,412.7640380859375,426.6000061035156,432.5,410.54998779296875,411.70001220703125,1930303
2016-07-29,407.7326965332031,421.3999938964844,427.5,419.5,425.1000061035156,524658
2016-08-01,408.6034851074219,422.29998779296875,426.0,416.5,423.1000061035156,527565
2016-08-02,409.7162170410156,423.45001220703125,429.0,421.6499938964844,422.95001220703125,737731
2016-08-03,401.29833984375,414.75,427.0,395.29998779296875,424.70001220703125,3494599
2016-08-04,394.9607849121094,408.20001220703125,411.6499938964844,398.1000061035156,410.0,1763216
2016-08-05,402.9432373046875,416.45001220703125,418.1499938964844,404.5,410.0,1055018
2016-08-08,406.0877990722656,419.70001220703125,422.20001220703125,415.0,420.0,616890
2016-08-09,406.4748229980469,420.1000061035156,421.75,405.0,405.0,813302
2016-08-10,390.8486633300781,403.95001220703125,420.1000061035156,402.3500061035156,420.1000061035156,915542
2016-08-11,387.3653869628906,400.3500061035156,405.95001220703125,398.45001220703125,404.79998779296875,1784058
2016-08-12,388.91351318359375,401.95001220703125,407.79998779296875,399.6000061035156,401.20001220703125,1055193
2016-08-16,391.42913818359375,404.54998779296875,407.8999938964844,392.5,402.1499938964844,985377
2016-08-17,391.52593994140625,404.6499938964844,409.8999938964844,401.1000061035156,404.8500061035156,902574
2016-08-18,385.2367248535156,398.1499938964844,407.79998779296875,397.1000061035156,405.0,745822
2016-08-19,388.9618835449219,402.0,403.3500061035156,394.1499938964844,400.0,1115131
2016-08-22,389.8810729980469,402.95001220703125,406.5,399.1499938964844,402.5,618307
2016-08-23,393.5578308105469,406.75,407.5,401.6000061035156,403.0,1353924
2016-08-24,391.0421447753906,404.1499938964844,410.3500061035156,401.6000061035156,406.8999938964844,568052
2016-08-25,382.2856750488281,395.1000061035156,408.1000061035156,392.0,405.45001220703125,1667694
2016-08-26,392.5902404785156,405.75,407.29998779296875,398.04998779296875,398.3999938964844,586830
2016-08-29,390.12298583984375,403.20001220703125,405.8500061035156,400.25,405.75,232134
2016-08-30,394.3802490234375,407.6000061035156,410.5,402.1000061035156,403.95001220703125,866952
2016-08-31,404.9266662597656,418.5,420.25,408.0,408.0,1679311
2016-09-01,400.0888977050781,413.5,424.20001220703125,411.25,419.0,771295
2016-09-02,404.7815856933594,418.3500061035156,420.1000061035156,415.0,415.79998779296875,653097
2016-09-06,423.2621765136719,437.45001220703125,440.0,419.0,419.1499938964844,1339453
2016-09-07,411.5062255859375,425.29998779296875,444.5,423.29998779296875,444.0,1104546
2016-09-08,418.8113098144531,432.8500061035156,434.8999938964844,423.3500061035156,425.3999938964844,990006
2016-09-09,410.1999816894531,423.95001220703125,434.20001220703125,422.1000061035156,434.20001220703125,975257
2016-09-12,397.960205078125,411.29998779296875,420.0,410.0,420.0,994629
2016-09-14,401.10479736328125,414.54998779296875,418.0,406.0,414.0,1555042
2016-09-15,393.21917724609375,406.3999938964844,417.8999938964844,404.3999938964844,417.8999938964844,1551475
2016-09-16,394.3802490234375,407.6000061035156,410.79998779296875,403.20001220703125,408.5,1324334
2016-09-19,389.78436279296875,402.8500061035156,409.5,401.5,406.0,860013
2016-09-20,389.78436279296875,402.8500061035156,406.5,399.70001220703125,401.0,515849
2016-09-21,393.2675476074219,406.45001220703125,409.8999938964844,402.25,405.70001220703125,1052732
2016-09-22,400.9597473144531,414.3999938964844,417.0,408.54998779296875,409.8500061035156,1140943
2016-09-23,395.73486328125,409.0,419.0,407.29998779296875,414.0,834603
2016-09-26,391.6226501464844,404.75,410.8500061035156,401.5,408.5,555483
2016-09-27,392.2032165527344,405.3500061035156,406.75,402.0,402.0,599703
2016-09-28,396.4121398925781,409.70001220703125,410.8999938964844,402.0,405.0,1071066
2016-09-29,380.39886474609375,393.1499938964844,413.95001220703125,391.04998779296875,413.0,1437151
2016-09-30,382.2856750488281,395.1000061035156,399.20001220703125,383.20001220703125,393.04998779296875,1517886
2016-10-03,393.4127197265625,406.6000061035156,408.54998779296875,395.1000061035156,398.0,1133074
2016-10-04,393.3643493652344,406.54998779296875,408.20001220703125,400.6000061035156,407.3500061035156,784343
2016-10-05,392.73541259765625,405.8999938964844,408.8500061035156,400.70001220703125,406.70001220703125,734681
2016-10-06,385.91400146484375,398.8500061035156,408.8999938964844,395.1000061035156,406.5,903119
2016-10-07,382.47918701171875,395.29998779296875,400.95001220703125,392.29998779296875,399.8999938964844,1412940
2016-10-10,390.6067810058594,403.70001220703125,408.6000061035156,395.0,395.29998779296875,1317724
2016-10-13,375.6094970703125,388.20001220703125,404.04998779296875,385.5,403.5,4769967
2016-10-14,372.755126953125,385.25,392.3999938964844,380.1499938964844,392.3999938964844,3113531
2016-10-17,373.5775451660156,386.1000061035156,389.0,380.29998779296875,385.25,1651931
2016-10-18,377.4477844238281,390.1000061035156,390.8999938964844,385.0,389.8999938964844,864701
2016-10-19,375.8029479980469,388.3999938964844,393.3500061035156,385.95001220703125,391.1000061035156,1428598
2016-10-20,376.96405029296875,389.6000061035156,394.0,387.6499938964844,388.8999938964844,1130359
2016-10-21,367.0948181152344,379.3999938964844,392.8999938964844,377.1499938964844,390.1000061035156,997847
2016-10-24,365.30487060546875,377.54998779296875,381.6499938964844,372.6499938964844,381.6499938964844,1511482
2016-10-25,361.19268798828125,373.29998779296875,375.5,367.5,375.0,1613924
2016-10-26,363.3697204589844,375.54998779296875,380.45001220703125,367.3500061035156,372.1000061035156,1874976
2016-10-27,357.2257080078125,369.20001220703125,375.70001220703125,361.1000061035156,373.0,1476366
2016-10-28,361.4345703125,373.54998779296875,376.70001220703125,368.54998779296875,370.45001220703125,1479061
2016-11-01,360.6122131347656,372.70001220703125,381.1000061035156,370.54998779296875,379.5,2554087
2016-11-02,365.3532409667969,377.6000061035156,384.29998779296875,369.1499938964844,371.5,2464297
2016-11-03,364.9662170410156,377.20001220703125,383.5,373.79998779296875,377.45001220703125,1629999
2016-11-04,357.0805358886719,369.04998779296875,378.0,360.04998779296875,377.20001220703125,5181261
2016-11-07,358.4835205078125,370.5,383.5,368.0,372.6000061035156,1702175
2016-11-08,359.1123962402344,371.1499938964844,374.6000061035156,364.79998779296875,372.0,725837
2016-11-09,337.4873046875,348.79998779296875,356.25,315.5,334.04998779296875,6105180
2016-11-10,338.0195007324219,349.3500061035156,359.79998779296875,347.5,355.3999938964844,3548040
2016-11-11,324.0865173339844,334.95001220703125,343.20001220703125,323.8500061035156,342.0,2165568
2016-11-15,318.716552734375,329.3999938964844,333.6499938964844,301.6499938964844,332.0,4023810
2016-11-16,309.91168212890625,320.29998779296875,338.1000061035156,313.1499938964844,333.5,1715484
2016-11-17,305.65435791015625,315.8999938964844,322.0,308.29998779296875,319.95001220703125,1965715
2016-11-18,293.4630126953125,303.29998779296875,319.5,299.0,319.29998779296875,5298478
2016-11-21,294.237060546875,304.1000061035156,306.29998779296875,296.1499938964844,304.0,3322407
2016-11-22,296.94622802734375,306.8999938964844,311.70001220703125,300.6499938964844,306.0,1945517
2016-11-23,302.3646545410156,312.5,314.0,306.25,309.0,1250719
2016-11-24,297.5751953125,307.54998779296875,314.70001220703125,306.0,311.0,2751768
2016-11-25,305.8962097167969,316.1499938964844,319.20001220703125,306.29998779296875,310.8999938964844,1285140
2016-11-28,296.6076354980469,306.54998779296875,318.0,303.75,316.95001220703125,1676934
2016-11-29,303.6708984375,313.8500061035156,316.25,305.25,306.0,1450559
2016-11-30,313.00787353515625,323.5,328.54998779296875,311.45001220703125,314.45001220703125,3265106
2016-12-01,314.3624572753906,324.8999938964844,333.3999938964844,317.25,323.0,2650987
2016-12-02,303.0419616699219,313.20001220703125,328.20001220703125,307.1499938964844,320.0,2033226
2016-12-05,315.28167724609375,325.8500061035156,328.5,308.0,314.79998779296875,2844583
2016-12-06,313.00787353515625,323.5,327.25,321.04998779296875,325.79998779296875,1159353
2016-12-07,313.6851806640625,324.20001220703125,327.8999938964844,321.6499938964844,324.8500061035156,903190
2016-12-08,316.00732421875,326.6000061035156,335.5,324.3500061035156,325.54998779296875,1684964
2016-12-09,315.9589538574219,326.54998779296875,330.70001220703125,322.70001220703125,326.20001220703125,648772
2016-12-12,311.26629638671875,321.70001220703125,330.8500061035156,317.20001220703125,325.29998779296875,819985
2016-12-13,309.66973876953125,320.04998779296875,327.8999938964844,318.3999938964844,322.0,894222
2016-12-14,311.70166015625,322.1499938964844,325.20001220703125,318.29998779296875,318.8999938964844,1104507
2016-12-15,305.1222229003906,315.3500061035156,323.79998779296875,314.1000061035156,320.70001220703125,1010984
2016-12-16,311.26629638671875,321.70001220703125,322.79998779296875,315.20001220703125,316.0,1225800
2016-12-19,306.57354736328125,316.8500061035156,321.5,316.1000061035156,320.70001220703125,563223
2016-12-20,307.637939453125,317.95001220703125,322.45001220703125,316.1000061035156,318.0,572858
2016-12-21,309.3311462402344,319.70001220703125,327.8999938964844,313.0,319.70001220703125,1494083
2016-12-22,299.7521667480469,309.79998779296875,322.8999938964844,308.3999938964844,318.70001220703125,2326292
2016-12-23,304.1062316894531,314.29998779296875,315.5,308.5,310.8999938964844,966581
2016-12-26,297.8654479980469,307.8500061035156,314.3999938964844,307.1000061035156,313.0,672698
2016-12-27,306.0897521972656,316.3500061035156,317.0,308.1000061035156,311.0,722421
2016-12-28,304.0578918457031,314.25,317.95001220703125,312.79998779296875,312.79998779296875,949474
2016-12-29,310.5406188964844,320.95001220703125,323.3999938964844,312.3500061035156,314.95001220703125,1462224
2016-12-30,316.20086669921875,326.79998779296875,328.0,321.70001220703125,322.6000061035156,498203
2017-01-02,323.1189880371094,333.95001220703125,336.29998779296875,325.5,328.95001220703125,656084
2017-01-03,336.8583679199219,348.1499938964844,354.6000061035156,339.1499938964844,341.0,2773103
2017-01-04,347.98541259765625,359.6499938964844,361.95001220703125,349.20001220703125,350.3999938964844,2371009
2017-01-05,346.43731689453125,358.04998779296875,361.5,355.45001220703125,360.5,1187872
2017-01-06,343.6797790527344,355.20001220703125,363.0,352.6000061035156,359.0,1089982
2017-01-09,343.0992431640625,354.6000061035156,357.3500061035156,351.6000061035156,355.95001220703125,388058
2017-01-10,349.72698974609375,361.45001220703125,363.45001220703125,354.0,355.25,680201
2017-01-11,349.0497131347656,360.75,365.45001220703125,359.1000061035156,363.5,1059399
2017-01-12,351.904052734375,363.70001220703125,365.79998779296875,359.5,360.95001220703125,1138752
2017-01-13,346.72760009765625,358.3500061035156,366.45001220703125,355.0,363.3500061035156,701469
2017-01-16,351.0816345214844,362.8500061035156,364.6000061035156,357.04998779296875,358.3999938964844,577654
2017-01-17,348.2757263183594,359.95001220703125,364.5,358.29998779296875,362.8500061035156,1393756
2017-01-18,355.0970153808594,367.0,370.6499938964844,359.04998779296875,360.29998779296875,865079
2017-01-19,360.6122131347656,372.70001220703125,374.8999938964844,365.1000061035156,365.1000061035156,1091633
2017-01-20,349.0013732910156,360.70001220703125,371.0,358.25,371.0,829787
2017-01-23,352.14599609375,363.95001220703125,364.95001220703125,356.8999938964844,356.8999938964844,768682
2017-01-24,352.5329895019531,364.3500061035156,369.8999938964844,361.79998779296875,369.5,883274
2017-01-25,360.0799865722656,372.1499938964844,378.45001220703125,361.75,366.0,2920137
2017-01-27,360.70892333984375,372.79998779296875,375.6499938964844,366.54998779296875,372.0,386491
2017-01-30,359.40277099609375,371.45001220703125,374.0,368.1000061035156,370.0,361868
2017-01-31,350.30755615234375,362.04998779296875,370.8999938964844,359.3500061035156,370.8999938964844,788682
2017-02-01,357.9513854980469,369.95001220703125,372.25,359.0,363.75,931350
2017-02-02,376.6737976074219,389.29998779296875,394.3999938964844,369.0,370.95001220703125,1863055
2017-02-03,367.4335021972656,379.75,389.0,377.5,389.0,719064
2017-02-06,378.36700439453125,391.04998779296875,397.0,383.1499938964844,385.0,1765785
2017-02-07,380.6892395019531,393.45001220703125,397.0,386.6499938964844,393.95001220703125,2246432
2017-02-08,411.7964782714844,425.6000061035156,431.54998779296875,406.3500061035156,410.0,12272324
2017-02-09,413.1509704589844,427.0,429.5,418.6499938964844,422.3999938964844,1899826
2017-02-10,417.9888916015625,432.0,435.3999938964844,423.75,427.0,1554723
2017-02-13,414.457275390625,428.3500061035156,432.0,422.6000061035156,432.0,725350
2017-02-14,414.457275390625,428.3500061035156,431.8500061035156,420.6000061035156,429.70001220703125,860400
2017-02-15,399.0729675292969,412.45001220703125,431.3999938964844,410.5,429.95001220703125,1647015
2017-02-16,410.24835205078125,424.0,426.0,408.54998779296875,408.54998779296875,1360235
2017-02-17,417.5050964355469,431.5,433.79998779296875,421.3999938964844,424.0,1184805
2017-02-20,420.3594055175781,434.45001220703125,438.3999938964844,426.45001220703125,431.8999938964844,1216989
2017-02-21,442.4682922363281,457.29998779296875,458.5,430.1000061035156,433.95001220703125,2381361
2017-02-22,425.72943115234375,440.0,458.0,438.5,457.20001220703125,2543124
2017-02-23,418.9081115722656,432.95001220703125,441.6000061035156,431.0,440.3999938964844,3737985
2017-02-27,421.23028564453125,435.3500061035156,438.54998779296875,425.75,433.0,891399
2017-02-28,423.0202331542969,437.20001220703125,439.8999938964844,432.6499938964844,434.95001220703125,995271
2017-03-01,423.9394226074219,438.1499938964844,442.6000061035156,435.6499938964844,438.1000061035156,602504
2017-03-02,416.4891357421875,430.45001220703125,446.0,428.0,441.0,1145833
2017-03-03,425.5842590332031,439.8500061035156,441.0,428.79998779296875,430.45001220703125,853988
2017-03-06,423.8426513671875,438.04998779296875,444.0,436.20001220703125,440.70001220703125,767048
2017-03-07,425.29400634765625,439.54998779296875,444.8500061035156,434.6000061035156,440.0,1118365
2017-03-08,426.6485595703125,440.95001220703125,443.70001220703125,435.25,439.0,727813
2017-03-09,427.9064025878906,442.25,447.5,438.04998779296875,442.0,998661
2017-03-10,430.85748291015625,445.29998779296875,447.25,440.25,441.25,798924
2017-03-14,447.20941162109375,462.20001220703125,463.70001220703125,447.3999938964844,450.04998779296875,1865638
2017-03-15,447.064208984375,462.04998779296875,467.0,460.5,465.0,1372111
2017-03-16,450.6926574707031,465.79998779296875,470.6000061035156,462.6000061035156,463.0,885731
2017-03-17,448.46722412109375,463.5,467.79998779296875,459.0,465.95001220703125,1047995
2017-03-20,450.4507141113281,465.54998779296875,470.0,461.79998779296875,465.95001220703125,464420
2017-03-21,448.6607666015625,463.70001220703125,466.8999938964844,459.6000061035156,466.8999938964844,907074
2017-03-22,431.29290771484375,445.75,460.0,441.8999938964844,460.0,2027879
2017-03-23,437.3401794433594,452.0,454.0,446.1499938964844,449.6000061035156,1420121
2017-03-24,433.42156982421875,447.95001220703125,457.75,446.95001220703125,453.1000061035156,854519
2017-03-27,433.42156982421875,447.95001220703125,451.0,440.75,446.0,505757
2017-03-28,438.93670654296875,453.6499938964844,456.0,447.8500061035156,450.0,1419986
2017-03-29,440.242919921875,455.0,456.54998779296875,451.1000061035156,455.0,502071
2017-03-30,442.4682922363281,457.29998779296875,462.0,453.6000061035156,455.0,1328990
2017-03-31,447.74151611328125,462.75,466.79998779296875,452.54998779296875,457.29998779296875,942301
2017-04-03,444.4518737792969,459.3500061035156,461.25,455.79998779296875,459.5,563933
2017-04-05,475.8009948730469,491.75,495.54998779296875,471.0,478.0,4809506
2017-04-06,471.5920715332031,487.3999938964844,490.8999938964844,483.04998779296875,490.0,1996260
2017-04-07,469.65692138671875,485.3999938964844,492.3500061035156,483.6000061035156,489.0,1100640
2017-04-10,469.9955749511719,485.75,490.0,483.04998779296875,484.75,1439403
2017-04-11,470.963134765625,486.75,489.20001220703125,482.29998779296875,487.0,1020639
2017-04-12,464.2385559082031,479.79998779296875,491.1499938964844,473.6000061035156,485.0,2040706
2017-04-13,468.447509765625,484.1499938964844,485.95001220703125,475.04998779296875,478.0,410747
2017-04-17,465.6415100097656,481.25,495.45001220703125,476.3500061035156,484.3999938964844,1888968
2017-04-18,455.9175109863281,471.20001220703125,484.6499938964844,468.04998779296875,477.3999938964844,921112
2017-04-19,456.93341064453125,472.25,474.8999938964844,469.04998779296875,473.29998779296875,737073
2017-04-20,463.94830322265625,479.5,482.25,468.3999938964844,474.3999938964844,1055041
2017-04-21,463.8515625,479.3999938964844,486.25,476.54998779296875,481.0,685339
2017-04-24,466.70587158203125,482.3500061035156,485.25,475.25,476.0,831740
2017-04-25,467.96368408203125,483.6499938964844,485.29998779296875,477.1499938964844,483.5,1815460
2017-04-26,464.2385559082031,479.79998779296875,490.0,475.0,484.20001220703125,1227056
2017-04-27,462.7872314453125,478.29998779296875,483.54998779296875,477.1499938964844,479.29998779296875,986347
2017-04-28,454.9983215332031,470.25,481.75,468.20001220703125,478.6000061035156,681325
2017-05-02,469.3667297363281,485.1000061035156,486.6000061035156,470.5,471.45001220703125,1181816
2017-05-03,467.72186279296875,483.3999938964844,490.5,480.6000061035156,485.0,1510792
2017-05-04,476.67181396484375,492.6499938964844,496.45001220703125,480.5,483.0,1070973
2017-05-05,475.2688903808594,491.20001220703125,504.79998779296875,489.3500061035156,496.5,1348432
2017-05-08,468.8345031738281,484.54998779296875,495.5,482.95001220703125,490.1000061035156,635599
2017-05-09,451.99884033203125,467.1499938964844,485.0,464.29998779296875,481.8999938964844,1883022
2017-05-10,466.75421142578125,482.3999938964844,484.0,465.3500061035156,468.5,1731571
2017-05-11,484.8961181640625,501.1499938964844,503.0,478.1000061035156,482.1499938964844,1951787
2017-05-12,478.945556640625,495.0,506.1499938964844,491.20001220703125,504.70001220703125,1383268
2017-05-15,467.96368408203125,483.6499938964844,490.0,472.3999938964844,489.6499938964844,3897357
2017-05-16,472.462890625,488.29998779296875,491.0,480.79998779296875,486.0,1308863
2017-05-17,466.1253356933594,481.75,490.1000061035156,477.29998779296875,490.0,859054
2017-05-18,456.3528747558594,471.6499938964844,482.6000061035156,470.04998779296875,479.0,811219
2017-05-19,455.8691711425781,471.1499938964844,479.5,460.3500061035156,475.0,1022479
2017-05-22,465.7867126464844,481.3999938964844,483.75,472.20001220703125,474.0,1725108
2017-05-23,462.8356018066406,478.3500061035156,485.6000061035156,472.95001220703125,478.6499938964844,1651642
2017-05-24,453.98236083984375,469.20001220703125,478.95001220703125,460.1000061035156,474.25,1477366
2017-05-25,448.8542785644531,463.8999938964844,471.8500061035156,461.0,471.1000061035156,974154
2017-05-26,458.09454345703125,473.45001220703125,477.95001220703125,462.8999938964844,464.79998779296875,1594613
2017-05-29,455.3853454589844,470.6499938964844,494.1499938964844,469.0,471.79998779296875,2314193
2017-05-30,454.5628967285156,469.79998779296875,471.0,462.45001220703125,470.0,1496350
2017-05-31,459.4975280761719,474.8999938964844,480.0,467.54998779296875,469.3999938964844,1366115
2017-06-01,455.4337463378906,470.70001220703125,476.45001220703125,465.29998779296875,475.95001220703125,715073
2017-06-02,456.44970703125,471.75,474.6000061035156,467.0,472.70001220703125,596655
2017-06-05,533.9517211914062,551.8499755859375,569.2000122070312,505.0,511.0,27100101
2017-06-06,510.0528564453125,527.1500244140625,547.0999755859375,521.4000244140625,547.0,9844354
2017-06-07,518.8093872070312,536.2000122070312,547.0,528.0,528.0,4874204
2017-06-08,511.9395446777344,529.0999755859375,536.2000122070312,524.0999755859375,535.0,1883423
2017-06-09,508.4080810546875,525.4500122070312,529.9500122070312,521.9500122070312,529.9500122070312,1164090
2017-06-12,499.0709533691406,515.7999877929688,541.9000244140625,513.2999877929688,541.9000244140625,4546833
2017-06-13,503.66693115234375,520.5499877929688,524.7999877929688,511.3999938964844,516.0999755859375,2382953
2017-06-14,504.97320556640625,521.9000244140625,524.0999755859375,514.0,520.5,1167358
2017-06-15,500.86102294921875,517.6500244140625,524.0,516.2000122070312,520.0,855133
2017-06-16,499.65155029296875,516.4000244140625,520.7999877929688,511.79998779296875,516.0,667200
2017-06-19,498.4904479980469,515.2000122070312,518.0,511.20001220703125,515.25,782349
2017-06-20,509.6174621582031,526.7000122070312,530.8499755859375,512.0499877929688,514.0,2299154
2017-06-21,506.13421630859375,523.0999755859375,529.8499755859375,518.6500244140625,526.4000244140625,1357751
2017-06-22,503.0379943847656,519.9000244140625,528.7999877929688,516.4500122070312,523.0,1005512
2017-06-23,496.65203857421875,513.2999877929688,521.0,507.6499938964844,520.8499755859375,1392507
2017-06-27,499.26446533203125,516.0,520.2000122070312,506.5,510.1000061035156,1386743
2017-06-28,490.8466491699219,507.29998779296875,516.5999755859375,500.6000061035156,516.4000244140625,1545428
2017-06-29,493.0720520019531,509.6000061035156,518.5999755859375,507.70001220703125,510.0,1911111
2017-06-30,507.4403991699219,524.4500122070312,525.5999755859375,503.25,508.95001220703125,1156474
2017-07-03,515.1326293945312,532.4000244140625,537.0,527.5,536.0499877929688,1304851
2017-07-04,518.180419921875,535.5499877929688,539.0,526.0,533.5,1624088
2017-07-05,514.552001953125,531.7999877929688,540.0,530.2000122070312,539.25,894627
2017-07-06,516.6322631835938,533.9500122070312,536.5,528.0999755859375,532.0,1428440
2017-07-07,515.2294311523438,532.5,538.9000244140625,529.0,533.9500122070312,1724825
2017-07-10,519.3414306640625,536.75,538.0,523.2000122070312,533.0,509531
2017-07-11,511.5526123046875,528.7000122070312,537.9000244140625,526.2999877929688,537.0,960330
2017-07-12,513.58447265625,530.7999877929688,534.8499755859375,528.25,532.0,855127
2017-07-13,516.8258666992188,534.1500244140625,537.0,525.0,525.4000244140625,1059461
2017-07-14,516.342041015625,533.6500244140625,541.9000244140625,532.0999755859375,538.0,1131348
2017-07-17,516.4388427734375,533.75,538.75,531.25,535.5,1312136
2017-07-18,510.63336181640625,527.75,536.7999877929688,526.7000122070312,530.0,1387108
2017-07-19,515.7615356445312,533.0499877929688,535.1500244140625,527.5,528.7999877929688,841355
2017-07-20,512.616943359375,529.7999877929688,535.6500244140625,528.4000244140625,531.0,590904
2017-07-21,525.5823364257812,543.2000122070312,545.5,530.2999877929688,531.7000122070312,1146931
2017-07-24,523.2003784179688,538.1500244140625,546.9500122070312,535.5999755859375,545.2999877929688,1120371
2017-07-25,521.2559204101562,536.1500244140625,542.7000122070312,534.5499877929688,540.0,722277
2017-07-26,522.957275390625,537.9000244140625,541.0,533.2000122070312,535.2000122070312,817433
2017-07-27,512.7975463867188,527.4500122070312,539.7000122070312,524.4000244140625,537.9000244140625,1803847
2017-07-28,518.3392944335938,533.1500244140625,535.0,525.8499755859375,527.0,678345
2017-07-31,529.1309204101562,544.25,546.5999755859375,528.8499755859375,533.7999877929688,1113439
2017-08-01,524.366943359375,539.3499755859375,549.9000244140625,538.0999755859375,546.5,1346764
2017-08-02,537.4434204101562,552.7999877929688,555.5499877929688,538.5,541.9000244140625,1469268
2017-08-03,542.5475463867188,558.0499877929688,565.4000244140625,546.6500244140625,555.7999877929688,4333554
2017-08-04,594.2210693359375,611.2000122070312,616.3499755859375,564.7999877929688,565.0499877929688,14943128
2017-08-07,597.7696533203125,614.8499755859375,618.4000244140625,602.0999755859375,608.0,2467527
2017-08-08,592.4710693359375,609.4000244140625,615.7999877929688,604.0,607.25,1891037
2017-08-09,601.9501953125,619.1500244140625,627.4000244140625,606.0,611.0,4440491
2017-08-10,593.3946533203125,610.3499755859375,618.8499755859375,601.5999755859375,616.9000244140625,1378763
2017-08-11,590.1378173828125,607.0,617.5,601.9000244140625,604.0,1482422
2017-08-14,612.8876342773438,630.4000244140625,636.6500244140625,611.0,611.0,2945005
2017-08-16,610.2627563476562,627.7000122070312,638.2999877929688,618.8499755859375,633.5,2075867
2017-08-17,604.2349243164062,621.5,631.5499877929688,619.2000122070312,629.5999755859375,938044
2017-08-18,606.1793823242188,623.5,630.4000244140625,616.5999755859375,621.5,1401428
2017-08-21,598.4015502929688,615.5,630.0,613.0,623.6500244140625,1009586
2017-08-22,598.0126953125,615.0999755859375,627.25,610.0999755859375,617.0999755859375,1367266
2017-08-23,590.6239013671875,607.5,620.2000122070312,602.2000122070312,619.9500122070312,2030608
2017-08-24,589.9432983398438,606.7999877929688,614.25,603.5,609.0499877929688,1115671
2017-08-28,595.2418823242188,612.25,614.8499755859375,600.0499877929688,603.7000122070312,1284579
2017-08-29,583.7697143554688,600.4500122070312,613.7999877929688,598.6500244140625,610.0,1078030
2017-08-30,594.6099243164062,611.5999755859375,614.8499755859375,604.0,608.4500122070312,977962
2017-08-31,599.9571533203125,617.0999755859375,621.0,607.9500122070312,610.0,1816689
2017-09-01,596.4570922851562,613.5,619.9500122070312,610.2000122070312,618.9000244140625,517606
2017-09-04,595.2418823242188,612.25,620.0,606.5,610.0,539333
2017-09-05,621.1029663085938,638.8499755859375,642.0,609.7000122070312,613.0,3636744
2017-09-06,622.998779296875,640.7999877929688,651.0,635.0499877929688,636.9000244140625,3288264
2017-09-07,619.304443359375,637.0,645.2000122070312,629.25,641.9000244140625,1507721
2017-09-08,615.8043823242188,633.4000244140625,646.0,631.0,645.0,1688468
2017-09-11,615.3668212890625,632.9500122070312,638.5999755859375,631.9000244140625,637.0,738301
2017-09-12,620.1793212890625,637.9000244140625,640.75,632.25,634.9000244140625,1102076
2017-09-13,612.7904663085938,630.2999877929688,648.2999877929688,627.7000122070312,638.0,1346590
2017-09-14,615.9501953125,633.5499877929688,636.9500122070312,628.3499755859375,630.5,703116
2017-09-15,614.5890502929688,632.1500244140625,633.2000122070312,622.6500244140625,629.9000244140625,1067596
2017-09-18,628.151611328125,646.0999755859375,650.5,627.9500122070312,635.0999755859375,1409213
2017-09-19,623.72802734375,641.5499877929688,654.2000122070312,640.0,654.0499877929688,1232251
2017-09-20,613.2765502929688,630.7999877929688,645.9000244140625,628.3499755859375,640.0,1305505
2017-09-21,601.3667602539062,618.5499877929688,638.2000122070312,615.9000244140625,631.5999755859375,1388073
2017-09-22,585.5682373046875,602.2999877929688,617.5499877929688,600.0,617.5499877929688,982598
2017-09-25,585.4224853515625,602.1500244140625,611.4500122070312,584.7999877929688,603.7000122070312,1003871
2017-09-26,575.7975463867188,592.25,606.9000244140625,588.0499877929688,606.9000244140625,824136
2017-09-27,573.6100463867188,590.0,603.0,586.0499877929688,602.2999877929688,1073002
2017-09-28,559.6586303710938,575.6500244140625,591.0,571.0,591.0,1802129
2017-09-29,568.3114013671875,584.5499877929688,587.1500244140625,563.6500244140625,581.8499755859375,3138820
2017-10-03,583.3807373046875,600.0499877929688,601.7999877929688,588.0,588.0,1797702
2017-10-04,584.2072143554688,600.9000244140625,608.5,598.6500244140625,603.4500122070312,1262109
2017-10-05,579.2003173828125,595.75,603.75,594.2999877929688,602.9000244140625,656926
2017-10-06,580.026611328125,596.5999755859375,604.9500122070312,594.9000244140625,599.9500122070312,911164
2017-10-09,599.0335693359375,616.1500244140625,630.4000244140625,612.5499877929688,620.0,2467158
2017-10-10,598.7418823242188,615.8499755859375,621.2999877929688,613.7000122070312,619.75,784162
2017-10-11,593.6376342773438,610.5999755859375,623.7000122070312,607.5999755859375,619.3499755859375,1166347
2017-10-12,606.1307373046875,623.4500122070312,626.5,607.8499755859375,615.0,2285154
2017-10-13,607.7835693359375,625.1500244140625,633.5,621.0,625.0,1652696
2017-10-16,610.0196533203125,627.4500122070312,631.0,622.0499877929688,622.0499877929688,730725
2017-10-17,608.3668823242188,625.75,631.9500122070312,624.0,630.9000244140625,707951
2017-10-18,595.8739013671875,612.9000244140625,626.7000122070312,611.0,625.7999877929688,789926
2017-10-19,590.0890502929688,606.9500122070312,614.9000244140625,601.0,614.0,162721
2017-10-23,587.2695922851562,604.0499877929688,607.9500122070312,594.9000244140625,601.5,930435
2017-10-24,589.214111328125,606.0499877929688,611.4500122070312,600.0999755859375,604.0,538189
2017-10-25,574.3392333984375,590.75,613.25,589.3499755859375,610.0,1096069
2017-10-26,568.4086303710938,584.6500244140625,598.5499877929688,582.0999755859375,587.0,1708870
2017-10-27,573.6586303710938,590.0499877929688,592.0999755859375,583.5999755859375,586.0999755859375,1201819
2017-10-30,601.1238403320312,618.2999877929688,622.0,589.2000122070312,589.2000122070312,1375701
2017-10-31,617.60302734375,635.25,639.5,621.2999877929688,624.0,1884635
2017-11-01,619.7418823242188,637.4500122070312,643.1500244140625,634.5,640.0,966894
2017-11-02,636.9501342773438,655.1500244140625,661.7999877929688,635.0499877929688,635.0499877929688,1680690
2017-11-03,641.42236328125,659.75,668.0,652.0,664.0,2416963
2017-11-06,761.92919921875,783.7000122070312,824.6500244140625,725.7000122070312,725.7000122070312,21820434
2017-11-07,732.8596801757812,753.7999877929688,779.7999877929688,748.5,778.0,5830428
2017-11-08,722.6513061523438,743.2999877929688,761.4500122070312,738.9500122070312,757.5499877929688,2994196
2017-11-09,756.2902221679688,777.9000244140625,779.7000122070312,740.2000122070312,740.2000122070312,5216016
2017-11-10,760.3248901367188,782.0499877929688,791.9000244140625,766.5999755859375,769.1500244140625,3225337
2017-11-13,743.845703125,765.0999755859375,790.5499877929688,762.2999877929688,780.0,1082635
2017-11-14,752.7902221679688,774.2999877929688,783.4500122070312,757.6500244140625,765.0,1514814
2017-11-15,749.6304321289062,771.0499877929688,778.5,745.0,745.0,1512882
2017-11-16,746.9569091796875,768.2999877929688,777.6500244140625,765.9000244140625,771.2000122070312,794968
2017-11-17,764.4568481445312,786.2999877929688,798.0,774.5,778.4000244140625,2404092
2017-11-20,762.1720581054688,783.9500122070312,793.4000244140625,778.0,791.0999755859375,1244897
2017-11-21,792.7969970703125,815.4500122070312,819.4500122070312,788.25,789.0,4969028
2017-11-22,790.56103515625,813.1500244140625,827.0,810.1500244140625,820.0,4216518
2017-11-23,783.5123291015625,805.9000244140625,820.5,794.4500122070312,815.0,1689989
2017-11-24,806.2623291015625,829.2999877929688,831.7999877929688,796.75,806.9500122070312,2744733
2017-11-27,809.4706420898438,832.5999755859375,838.9000244140625,825.2999877929688,838.9000244140625,3544024
2017-11-28,795.3734741210938,818.0999755859375,833.0,815.0,832.0,1748906
2017-11-29,795.3734741210938,818.0999755859375,828.4500122070312,813.0,820.0,1660305
2017-11-30,796.1513061523438,818.9000244140625,822.9000244140625,808.0999755859375,812.0,2808579
2017-12-01,782.8804321289062,805.25,825.7000122070312,798.5,821.0,1562677
2017-12-04,782.1998291015625,804.5499877929688,813.8499755859375,798.0,805.1500244140625,1291369
2017-12-05,770.5818481445312,792.5999755859375,810.0,786.5999755859375,808.75,1136767
2017-12-06,752.1095581054688,773.5999755859375,795.3499755859375,770.0,790.9500122070312,1742133
2017-12-07,778.359619140625,800.5999755859375,807.0,773.5999755859375,775.0,2085106
2017-12-08,788.4220581054688,810.9500122070312,821.3499755859375,795.25,795.25,2844071
2017-12-11,797.803955078125,820.5999755859375,824.9500122070312,811.0,813.0,1788914
2017-12-12,799.5540771484375,822.4000244140625,831.5999755859375,814.2000122070312,820.25,2325014
2017-12-13,796.1998901367188,818.9500122070312,844.25,811.8499755859375,821.5,3127944
2017-12-14,793.5748291015625,816.25,828.0,805.0999755859375,820.0,3020320
2017-12-15,809.713623046875,832.8499755859375,836.0,818.5,826.25,2015120
2017-12-18,816.7623291015625,840.0999755859375,846.3499755859375,802.0,830.0,1698653
2017-12-19,844.2274780273438,868.3499755859375,871.0,843.0999755859375,845.0,3308280
2017-12-20,838.9775390625,862.9500122070312,872.0,861.2999877929688,869.3499755859375,1105619
2017-12-21,834.6025390625,858.4500122070312,866.4500122070312,854.9500122070312,862.9000244140625,897152
2017-12-22,833.0469970703125,856.8499755859375,868.5999755859375,853.9000244140625,859.0,1381784
2017-12-26,831.053955078125,854.7999877929688,863.9000244140625,852.5499877929688,857.0,1467917
2017-12-27,825.4637451171875,849.0499877929688,860.2000122070312,842.0,856.4000244140625,735296
2017-12-28,828.0401000976562,851.7000122070312,856.3499755859375,840.5999755859375,849.8499755859375,980277
2017-12-29,834.3109130859375,858.1500244140625,863.75,851.4000244140625,854.5,1245513
2018-01-01,828.7692260742188,852.4500122070312,862.0499877929688,851.0499877929688,857.7000122070312,472607
2018-01-02,821.672119140625,845.1500244140625,858.4500122070312,840.5999755859375,854.0999755859375,1181949
2018-01-03,832.5122680664062,856.2999877929688,869.4000244140625,853.0,863.9000244140625,2606556
2018-01-04,868.0955200195312,892.9000244140625,897.4500122070312,853.0999755859375,864.4000244140625,3028931
2018-01-05,884.4288330078125,909.7000122070312,913.9500122070312,893.5,895.0,4036882
2018-01-08,900.3731689453125,926.0999755859375,930.0,906.75,911.0,2112170
2018-01-09,907.0330200195312,932.9500122070312,938.5,917.25,925.0,2419079
2018-01-10,892.109375,917.5999755859375,935.4000244140625,911.9000244140625,932.5,1605433
2018-01-11,881.7066040039062,906.9000244140625,917.7000122070312,903.2999877929688,916.9000244140625,1597329
2018-01-12,878.6928100585938,903.7999877929688,917.4000244140625,892.4500122070312,906.0,1874518
2018-01-15,892.7413330078125,918.25,921.9000244140625,897.7000122070312,909.0,2195562
2018-01-16,864.6926879882812,889.4000244140625,927.5,882.5999755859375,927.0,2383484
2018-01-17,868.2899780273438,893.0999755859375,895.5499877929688,862.5,892.7999877929688,2553841
2018-01-18,861.2413940429688,885.8499755859375,903.5999755859375,875.0,897.75,1285534
2018-01-19,866.685791015625,891.4500122070312,897.5499877929688,879.0999755859375,879.0999755859375,1483177
2018-01-22,884.4774169921875,909.75,912.0,887.0999755859375,890.0,1495629
2018-01-23,880.5399169921875,905.7000122070312,914.7000122070312,898.2999877929688,910.7000122070312,1747166
2018-01-24,862.2622680664062,886.9000244140625,909.25,881.0,905.7000122070312,1109233
2018-01-25,859.5400390625,884.0999755859375,905.2999877929688,876.75,882.0,3104669
2018-01-29,871.3038940429688,896.2000122070312,901.5,880.5,887.4000244140625,1151570
2018-01-30,859.5885620117188,884.1500244140625,911.5999755859375,878.3499755859375,899.25,2101888
2018-01-31,845.3941040039062,869.5499877929688,884.9500122070312,859.4000244140625,883.0,1431670
2018-02-01,807.9150390625,831.0,879.0999755859375,812.75,877.5,6097492
2018-02-02,799.3594970703125,822.2000122070312,849.75,784.1500244140625,810.0,8088986
2018-02-05,780.012451171875,802.2999877929688,816.75,795.2000122070312,810.0,3079541
2018-02-06,760.9082641601562,782.6500244140625,788.4000244140625,752.7000122070312,765.0,3188895
2018-02-07,761.8804321289062,783.6500244140625,801.0,780.0,785.0,2686877
2018-02-08,778.5054321289062,800.75,808.9000244140625,780.7999877929688,785.0999755859375,2219546
2018-02-09,774.6651000976562,796.7999877929688,804.0,783.0499877929688,790.0999755859375,1564899
2018-02-12,786.5748901367188,809.0499877929688,812.7999877929688,796.5499877929688,803.0,2067452
2018-02-14,791.0956420898438,813.7000122070312,825.9000244140625,809.0999755859375,814.0,2154852
2018-02-15,792.2136840820312,814.8499755859375,823.2999877929688,800.0,822.7000122070312,2225089
2018-02-16,780.8873901367188,803.2000122070312,826.9000244140625,798.6500244140625,820.0,1698333
2018-02-19,781.6165771484375,803.9500122070312,809.0,790.0,805.0,1699508
2018-02-20,809.1303100585938,832.25,837.9000244140625,797.6500244140625,803.9500122070312,3881439
2018-02-21,800.0400390625,822.9000244140625,841.5,818.75,837.9500122070312,2067029
2018-02-22,794.7901000976562,817.5,836.0,814.0499877929688,825.0,3244314
2018-02-23,791.5817260742188,814.2000122070312,823.5999755859375,810.25,822.2000122070312,2446637
2018-02-26,796.9290771484375,819.7000122070312,823.3499755859375,805.0,819.9500122070312,2438241
2018-02-27,799.7484130859375,822.5999755859375,835.7000122070312,819.25,825.0,2089446
2018-02-28,793.4776000976562,816.1500244140625,825.9000244140625,810.4000244140625,819.7999877929688,1583674
2018-03-01,787.6929931640625,810.2000122070312,822.2999877929688,808.0,814.0,975986
2018-03-05,786.4290771484375,808.9000244140625,814.8499755859375,801.0,810.0,1262568
2018-03-06,785.2138061523438,807.6500244140625,823.2000122070312,799.0499877929688,812.5,1358775
2018-03-07,792.2136840820312,814.8499755859375,820.0999755859375,800.2000122070312,806.0,1826249
2018-03-08,794.9845581054688,817.7000122070312,822.2999877929688,808.0499877929688,820.0,1109489
2018-03-09,796.3455810546875,819.0999755859375,827.5999755859375,815.5,820.0,1061685
2018-03-12,806.0678100585938,829.0999755859375,831.5999755859375,822.4000244140625,824.0,1033715
2018-03-13,828.2831420898438,851.9500122070312,860.0,830.0,836.0,2754435
2018-03-14,840.9705200195312,865.0,867.8499755859375,849.9500122070312,851.0,1889040
2018-03-15,848.26220703125,872.5,875.75,860.0,864.9000244140625,2486538
2018-03-16,854.8247680664062,879.25,883.4000244140625,862.0999755859375,879.0,2538310
2018-03-19,844.8594970703125,869.0,891.8499755859375,864.0,879.7000122070312,2536517
2018-03-20,847.5330200195312,871.75,880.0,860.0999755859375,867.0,1985478
2018-03-21,848.0192260742188,872.25,884.7000122070312,869.5999755859375,875.0,1859947
2018-03-22,862.89404296875,887.5499877929688,892.0,872.25,873.0,3186401
2018-03-23,870.185791015625,895.0499877929688,900.0,872.8499755859375,874.0999755859375,4132765
2018-03-26,912.9634399414062,939.0499877929688,949.7999877929688,896.4500122070312,896.4500122070312,5918775
2018-03-27,916.220458984375,942.4000244140625,949.5,932.3499755859375,948.4500122070312,2756923
2018-03-28,916.1232299804688,942.2999877929688,964.0,918.0,938.2000122070312,11431588
2018-04-02,917.8732299804688,944.0999755859375,948.5,926.2999877929688,943.0999755859375,2764385
2018-04-03,906.0607299804688,931.9500122070312,951.7000122070312,924.5499877929688,944.9000244140625,2454365
2018-04-04,879.2274780273438,904.3499755859375,939.7000122070312,902.0,939.7000122070312,2930774
2018-04-05,894.4913330078125,920.0499877929688,924.0,902.6500244140625,915.0,4148653
2018-04-06,914.1787109375,940.2999877929688,946.0,908.0499877929688,922.0,2819200
2018-04-09,933.9635009765625,960.6500244140625,971.7999877929688,947.0499877929688,950.0,5116819
2018-04-10,935.5189819335938,962.25,968.9000244140625,953.0999755859375,964.8499755859375,2434826
2018-04-11,952.7274169921875,979.9500122070312,981.4000244140625,958.0999755859375,967.0,3452488
2018-04-12,948.9356689453125,976.0499877929688,993.0,971.3499755859375,982.25,4379096
2018-04-13,959.727294921875,987.1500244140625,994.7999877929688,980.5,986.0499877929688,3311755
2018-04-16,953.261962890625,980.5,991.9000244140625,973.2999877929688,986.0,2247785
2018-04-17,969.886962890625,997.5999755859375,999.0,974.0999755859375,985.0,2983704
2018-04-18,949.9564819335938,977.0999755859375,999.7000122070312,975.0999755859375,999.7000122070312,2621345
2018-04-19,926.2828979492188,952.75,983.0,949.2000122070312,978.5,3347181
2018-04-20,929.977294921875,956.5499877929688,965.4000244140625,947.0499877929688,950.0,2201052
2018-04-23,936.1996459960938,962.9500122070312,973.2000122070312,948.5999755859375,960.0,2295872
2018-04-24,935.2273559570312,961.9500122070312,971.2999877929688,954.25,966.0,1473491
2018-04-25,934.1577758789062,960.8499755859375,968.0,955.0999755859375,961.75,1385599
2018-04-26,942.567626953125,969.5,972.4500122070312,955.0,963.5,1859223
2018-04-27,943.0537719726562,970.0,978.0,963.5999755859375,972.0,1049687
2018-04-30,954.52587890625,981.7999877929688,984.9000244140625,968.0,970.5,1083840
2018-05-02,937.7064819335938,964.5,985.4500122070312,960.4000244140625,981.9500122070312,1027474
2018-05-03,932.6995239257812,959.3499755859375,977.75,951.0,964.7999877929688,1585290
2018-05-04,931.4841918945312,958.0999755859375,966.0,952.3499755859375,961.0,958663
2018-05-07,942.0328979492188,968.9500122070312,980.9000244140625,957.2999877929688,962.0,1987395
2018-05-08,941.20654296875,968.0999755859375,978.9500122070312,963.0,978.9500122070312,1979745
2018-05-09,958.317626953125,985.7000122070312,995.5999755859375,971.0,974.9000244140625,4201827
2018-05-10,946.0675659179688,973.0999755859375,993.8499755859375,965.5499877929688,991.4000244140625,3434978
2018-05-11,929.4911499023438,956.0499877929688,991.8499755859375,952.0,990.0,5712581
2018-05-14,894.4427490234375,920.0,962.0,917.0499877929688,960.0,3754208
2018-05-15,905.1370849609375,931.0,944.4500122070312,909.25,925.0,3154028
2018-05-16,905.2828979492188,931.1500244140625,939.5,915.8499755859375,928.0,1923381
2018-05-17,910.484375,936.5,949.0,927.7000122070312,935.8499755859375,2895005
2018-05-18,913.8384399414062,939.9500122070312,945.8499755859375,930.2999877929688,937.0,2574768
2018-05-21,889.8245849609375,915.25,944.5,912.75,940.5999755859375,1233987
2018-05-22,888.8037719726562,914.2000122070312,930.8499755859375,904.0499877929688,915.0,2086584
2018-05-23,894.5399169921875,920.0999755859375,923.0,908.0999755859375,914.2000122070312,1938630
2018-05-24,895.7066040039062,921.2999877929688,926.7999877929688,913.9500122070312,923.0,1209456
2018-05-25,898.7205200195312,924.4000244140625,938.5999755859375,915.0999755859375,923.3499755859375,1700500
2018-05-28,903.095458984375,928.9000244140625,935.5999755859375,917.5,928.0,1139544
2018-05-29,889.0955200195312,914.5,930.5,912.0,929.0,999806
2018-05-30,888.2203979492188,913.5999755859375,919.0,897.2000122070312,906.0,1911011
2018-05-31,875.0955200195312,900.0999755859375,924.0,890.1500244140625,918.7000122070312,4903734
2018-06-01,874.9982299804688,900.0,912.3499755859375,898.0,907.5,1392273
2018-06-04,860.7552490234375,885.3499755859375,907.9500122070312,881.5999755859375,906.0,1529852
2018-06-05,839.9497680664062,863.9500122070312,886.4500122070312,858.2000122070312,885.0,2948255
2018-06-06,874.4635009765625,899.4500122070312,904.0,853.2999877929688,860.0999755859375,2854320
2018-06-07,862.5052490234375,887.1500244140625,906.7000122070312,884.2000122070312,902.0999755859375,2875636
2018-06-08,871.109375,896.0,898.0,880.4000244140625,887.1500244140625,1672490
2018-06-11,878.2551879882812,903.3499755859375,914.0,896.0,897.0,2032601
2018-06-12,879.5677490234375,904.7000122070312,911.0,901.0999755859375,903.4500122070312,1426736
2018-06-13,892.64404296875,918.1500244140625,926.7999877929688,905.0,906.7000122070312,2933810
2018-06-14,880.1024780273438,905.25,921.3499755859375,903.25,918.1500244140625,2004165
2018-06-15,878.3524169921875,903.4500122070312,916.9000244140625,898.5,910.7999877929688,2364375
2018-06-18,872.76220703125,897.7000122070312,905.25,891.7000122070312,904.0,1309586
2018-06-19,864.3038940429688,889.0,896.4500122070312,886.0,896.0,1833168
2018-06-20,863.6719360351562,888.3499755859375,897.0,880.5,892.0,1850681
2018-06-21,844.276123046875,868.4000244140625,894.7999877929688,866.0,894.0,1274479
2018-06-22,853.1719360351562,877.5499877929688,881.75,859.0,870.7000122070312,2183928
2018-06-25,839.9983520507812,864.0,885.2999877929688,862.0,878.0,1217765
2018-06-26,847.9219360351562,872.1500244140625,874.5,862.0,863.9000244140625,1801638
2018-06-27,845.491455078125,869.6500244140625,879.5,867.0,872.0,2037781
2018-06-28,813.116455078125,836.3499755859375,868.0,830.0,868.0,9824968
2018-06-29,854.0955810546875,878.5,881.7999877929688,826.0499877929688,826.0499877929688,4960179
2018-07-02,872.4705200195312,897.4000244140625,906.9000244140625,870.1500244140625,883.0999755859375,3353006
2018-07-03,868.3871459960938,893.2000122070312,902.7999877929688,883.7999877929688,890.2000122070312,2770123
2018-07-04,861.9219360351562,886.5499877929688,899.3499755859375,882.5,893.25,1104449
2018-07-05,814.7205810546875,838.0,870.75,833.25,869.5999755859375,6128988
2018-07-06,806.6026611328125,829.6500244140625,848.5,813.0,838.0,6884175
2018-07-09,798.9706420898438,821.7999877929688,836.2999877929688,817.6500244140625,834.9000244140625,4098360
2018-07-10,809.713623046875,832.8499755859375,840.0,822.4000244140625,823.0,2670508
2018-07-11,787.0123291015625,809.5,833.1500244140625,805.5999755859375,833.1500244140625,2909483
2018-07-12,785.9915161132812,808.4500122070312,823.25,804.0,816.3499755859375,2832418
2018-07-13,815.4011840820312,838.7000122070312,842.0,799.6500244140625,813.0,4995028
2018-07-16,808.1094970703125,831.2000122070312,844.0999755859375,816.0999755859375,839.0,3256321
2018-07-17,821.672119140625,845.1500244140625,855.2000122070312,826.0,831.4000244140625,2849218
2018-07-18,822.69287109375,846.2000122070312,856.0999755859375,838.0999755859375,848.0,2660188
2018-07-19,845.6858520507812,869.8499755859375,874.7999877929688,847.0499877929688,851.9000244140625,3924410
2018-07-20,836.4984741210938,860.4000244140625,876.5999755859375,857.4000244140625,869.0,2048572
2018-07-23,838.5490112304688,858.75,866.0,845.2000122070312,859.0,1334621
2018-07-24,841.3806762695312,861.6500244140625,870.9000244140625,851.5,859.0,2015425
2018-07-25,845.5308227539062,865.9000244140625,871.5999755859375,853.0,868.0,1453640
2018-07-26,834.39892578125,854.5,869.9500122070312,850.5,869.9500122070312,1167616
2018-07-27,863.3026123046875,884.0999755859375,894.5,852.2000122070312,859.9500122070312,3210162
2018-07-30,871.0656127929688,892.0499877929688,903.0,880.7999877929688,882.7999877929688,2418684
2018-07-31,890.8880615234375,912.3499755859375,914.0,886.4000244140625,893.0,2165312
2018-08-01,895.7704467773438,917.3499755859375,920.5,905.2999877929688,915.0,1818993
2018-08-02,899.82275390625,921.5,933.5999755859375,909.25,915.0,2313020
2018-08-03,897.5769653320312,919.2000122070312,942.0,902.2000122070312,930.0,9358217
2018-08-06,880.4397583007812,901.6500244140625,939.0999755859375,896.75,928.7000122070312,3763151
2018-08-07,905.4375610351562,927.25,931.9000244140625,898.7000122070312,904.6500244140625,4450696
2018-08-08,913.0051879882812,935.0,936.5,921.0,929.0999755859375,2163746
2018-08-09,893.7686157226562,915.2999877929688,934.7999877929688,909.2999877929688,934.7999877929688,2536080
2018-08-10,898.4556884765625,920.0999755859375,932.0,913.0,915.0,2105317
2018-08-13,892.157470703125,913.6500244140625,924.0,910.5499877929688,915.0,1316517
2018-08-14,903.826416015625,925.5999755859375,927.0,914.0499877929688,914.2000122070312,1404450
2018-08-16,897.8211059570312,919.4500122070312,929.0,917.0,924.0,1196749
2018-08-17,919.4011840820312,941.5499877929688,945.0,921.5499877929688,924.9000244140625,2697290
2018-08-20,900.0181884765625,921.7000122070312,943.5,914.1500244140625,942.0,2529831
2018-08-21,894.7451782226562,916.2999877929688,927.9500122070312,905.7999877929688,924.6500244140625,2531200
2018-08-23,890.44873046875,911.9000244140625,926.4000244140625,907.0999755859375,925.0,1571386
2018-08-24,864.523193359375,885.3499755859375,915.9000244140625,882.5,912.4000244140625,3218302
2018-08-27,869.9427490234375,890.9000244140625,900.0,887.0999755859375,894.0,1789147
2018-08-28,867.4037475585938,888.2999877929688,897.75,871.5499877929688,895.0,3563757
2018-08-29,862.033203125,882.7999877929688,895.5999755859375,876.5,888.0,1863018
2018-08-30,857.6878662109375,878.3499755859375,891.0,876.0,884.4500122070312,1758855
2018-08-31,870.9191284179688,891.9000244140625,894.7999877929688,877.0999755859375,881.0,1677232
2018-09-03,891.2786865234375,912.75,921.3499755859375,891.1500244140625,896.8499755859375,4972521
2018-09-04,860.177978515625,880.9000244140625,928.4000244140625,877.0999755859375,917.0,3880086
2018-09-05,843.5778198242188,863.9000244140625,882.4000244140625,851.6500244140625,875.0999755859375,2990706
2018-09-06,846.7514038085938,867.1500244140625,883.5,858.0999755859375,871.0,2399973
2018-09-07,847.0443115234375,867.4500122070312,876.0,861.0499877929688,871.0,1297983
2018-09-10,837.3771362304688,857.5499877929688,868.0,850.0,864.0,1576682
2018-09-11,801.44287109375,820.75,860.9000244140625,815.7999877929688,860.0,4918816
2018-09-12,807.0087280273438,826.4500122070312,838.3499755859375,790.1500244140625,817.0,6728840
2018-09-14,822.77880859375,842.5999755859375,852.0,829.25,838.0,3329172
2018-09-17,804.0792846679688,823.4500122070312,838.0,816.7000122070312,834.7999877929688,2843632
2018-09-18,805.4951782226562,824.9000244140625,843.9500122070312,818.6500244140625,819.0,3331397
2018-09-19,804.2257690429688,823.5999755859375,829.7999877929688,786.0999755859375,812.5,5347338
2018-09-21,781.7669067382812,800.5999755859375,836.6500244140625,779.2000122070312,834.2000122070312,4259892
2018-09-24,772.4903564453125,791.0999755859375,805.0,773.3499755859375,801.7999877929688,3244812
2018-09-25,778.1050415039062,796.8499755859375,814.2999877929688,778.1500244140625,791.0,3150095
2018-09-26,795.5352172851562,814.7000122070312,820.0,802.1500244140625,812.0,4080359
2018-09-27,802.1263427734375,821.4500122070312,843.6500244140625,815.5,833.5999755859375,7668506
2018-09-28,786.6492309570312,805.5999755859375,831.1500244140625,794.3499755859375,823.0999755859375,3145969
2018-10-01,790.70166015625,809.75,814.4000244140625,782.0,800.0,2445752
2018-10-03,775.8103637695312,794.5,813.0,791.2000122070312,811.5,3478716
2018-10-04,758.4291381835938,776.7000122070312,797.5,760.2999877929688,785.0,4579535
2018-10-05,773.4668579101562,792.0999755859375,815.7000122070312,784.0,788.25,7398167
2018-10-08,794.4122924804688,813.5499877929688,819.0,774.7000122070312,792.0,3961739
2018-10-09,731.868896484375,749.5,820.9500122070312,732.2999877929688,818.9500122070312,8683946
2018-10-10,770.0003051757812,788.5499877929688,796.3499755859375,740.0,746.0,7285084
2018-10-11,760.5772705078125,778.9000244140625,798.0,754.5499877929688,764.0,3766505
2018-10-12,786.2098388671875,805.1500244140625,809.75,777.0999755859375,784.0,4322158
2018-10-15,788.211669921875,807.2000122070312,812.0,788.75,805.2000122070312,2234430
2018-10-16,791.5316162109375,810.5999755859375,819.6500244140625,808.0,811.0,2347048
2018-10-17,781.2785034179688,800.0999755859375,823.2999877929688,792.5499877929688,817.0999755859375,2975579
2018-10-19,770.1467895507812,788.7000122070312,810.0,782.5,810.0,2892515
2018-10-22,756.57373046875,774.7999877929688,795.9000244140625,773.2000122070312,793.4000244140625,2766247
2018-10-23,759.8937377929688,778.2000122070312,787.0,766.1500244140625,771.9000244140625,2239883
2018-10-24,772.9784545898438,791.5999755859375,794.7999877929688,772.25,785.3499755859375,2060580
2018-10-25,772.6368408203125,791.25,796.0,777.7999877929688,785.0,1681346
2018-10-26,787.9186401367188,806.9000244140625,820.0,786.6500244140625,790.0,3738778
2018-10-29,810.2311401367188,829.75,834.4500122070312,807.6500244140625,813.0,2473393
2018-10-30,810.9635620117188,830.5,841.4000244140625,819.4000244140625,829.0,1876874
2018-10-31,824.7317504882812,844.5999755859375,847.9000244140625,818.5,837.5,2435865
2018-11-01,834.3501586914062,854.4500122070312,862.9000244140625,834.4000244140625,844.5999755859375,2485725
2018-11-02,850.5108032226562,871.0,884.0,857.9000244140625,860.0,3078543
2018-11-05,843.3825073242188,863.7000122070312,872.4000244140625,856.5499877929688,870.0,1903690
2018-11-06,826.3429565429688,846.25,877.5999755859375,840.2000122070312,869.0,2504504
2018-11-07,830.1512451171875,850.1500244140625,855.9500122070312,847.5999755859375,855.0,331169
2018-11-09,827.7100219726562,847.6500244140625,865.0,844.0,855.0,3528039
2018-11-12,873.7020874023438,894.75,901.5,843.2000122070312,857.0,13985301
2018-11-13,876.3873901367188,897.5,899.6500244140625,879.0999755859375,889.2000122070312,4432001
2018-11-14,871.2120971679688,892.2000122070312,897.5,883.0,897.0499877929688,2606605
2018-11-15,899.1392211914062,920.7999877929688,924.0,889.0,892.25,4711756
2018-11-16,899.6763305664062,921.3499755859375,928.7000122070312,912.7000122070312,921.0,2769698
2018-11-19,898.895263671875,920.5499877929688,927.0,915.0499877929688,922.0,2104102
2018-11-20,893.9151000976562,915.4500122070312,925.2000122070312,908.8499755859375,919.0,1540046
2018-11-21,904.7540283203125,926.5499877929688,929.9000244140625,909.5499877929688,917.5,1855760
2018-11-22,894.2080688476562,915.75,933.4000244140625,911.7999877929688,929.0,1617491
2018-11-26,894.8428344726562,916.4000244140625,920.5,892.5999755859375,913.0999755859375,2116814
2018-11-27,892.7921752929688,914.2999877929688,918.0,906.0,914.0,1126278
2018-11-28,901.23876953125,922.9500122070312,931.0,915.0,916.0,2434110
2018-11-29,909.4899291992188,931.4000244140625,933.9000244140625,913.0,929.0499877929688,1991914
2018-11-30,905.2911376953125,927.0999755859375,931.0,918.0,929.9500122070312,2738673
2018-12-03,914.2258911132812,936.25,939.7999877929688,920.5,932.5499877929688,2044427
2018-12-04,902.0686645507812,923.7999877929688,940.1500244140625,921.5,935.0,1424621
2018-12-05,898.602294921875,920.25,925.6500244140625,901.5499877929688,921.0,3020688
2018-12-06,884.443359375,905.75,920.0,902.0,913.0,1425935
2018-12-07,895.0380249023438,916.5999755859375,921.4500122070312,893.2999877929688,911.0,2750589
2018-12-10,885.7615356445312,907.0999755859375,916.0,898.0,905.0,1508069
2018-12-11,911.1987915039062,933.1500244140625,936.9500122070312,894.1500244140625,899.0,2792386
2018-12-12,908.0740966796875,929.9500122070312,938.0999755859375,921.0,937.5,3256275
2018-12-13,921.9400024414062,944.1500244140625,961.25,924.25,932.0999755859375,4821052
2018-12-14,909.587646484375,931.5,951.7000122070312,928.4500122070312,943.6500244140625,2558651
2018-12-17,913.2982177734375,935.2999877929688,937.2000122070312,925.4000244140625,931.75,2284630
2018-12-18,911.0523681640625,933.0,938.75,930.7999877929688,932.5,2222788
2018-12-19,907.3417358398438,929.2000122070312,941.5499877929688,927.5,933.0999755859375,2237859
2018-12-20,904.9494018554688,926.75,933.0,922.2000122070312,928.0,1630740
2018-12-21,878.8773803710938,900.0499877929688,927.8499755859375,897.25,927.8499755859375,2972085
2018-12-24,859.1526489257812,879.8499755859375,902.7999877929688,874.0,900.0999755859375,2554749
2018-12-26,868.2338256835938,889.1500244140625,900.0,868.2000122070312,879.0,3840772
2018-12-27,866.7691650390625,887.6500244140625,897.7999877929688,881.5,896.0,2160188
2018-12-28,900.99462890625,922.7000122070312,925.75,898.7999877929688,904.0,8067914
2018-12-31,909.099365234375,931.0,939.5,920.3499755859375,926.0,4917511
2019-01-01,906.169921875,928.0,934.2000122070312,923.0,931.75,2064502
2019-01-02,910.2223510742188,932.1500244140625,937.0,923.2999877929688,923.2999877929688,2672587
2019-01-03,909.2946166992188,931.2000122070312,944.9500122070312,928.0,936.0,3292918
2019-01-04,906.609375,928.4500122070312,938.9000244140625,920.2000122070312,934.0,2340304
2019-01-07,921.8423461914062,944.0499877929688,964.0,934.0999755859375,950.0,5337211
2019-01-08,923.8930053710938,946.1500244140625,950.0,938.5499877929688,944.2000122070312,2039160
2019-01-09,930.5330200195312,952.9500122070312,955.3499755859375,945.3499755859375,949.0,2115974
2019-01-10,943.9595947265625,966.7000122070312,969.4000244140625,948.5499877929688,950.4000244140625,2450895
2019-01-11,936.7335815429688,959.2999877929688,969.5,956.7999877929688,965.25,1535995
2019-01-14,934.9758911132812,957.5,961.3499755859375,949.0,958.0,864306
2019-01-15,945.5218505859375,968.2999877929688,970.7000122070312,955.0999755859375,956.0,1452136
2019-01-16,938.5889892578125,961.2000122070312,970.4000244140625,959.2999877929688,965.2999877929688,1118736
2019-01-17,938.9306640625,961.5499877929688,965.0,951.5499877929688,961.3499755859375,1303576
2019-01-18,938.3447875976562,960.9500122070312,965.0,954.0499877929688,961.5499877929688,1168989
2019-01-21,940.1024780273438,962.75,965.7999877929688,957.0,960.0999755859375,1035360
2019-01-22,959.5343627929688,982.6500244140625,986.4000244140625,958.7000122070312,962.1500244140625,2797244
2019-01-23,939.5166015625,962.1500244140625,987.4000244140625,957.5999755859375,987.4000244140625,1574247
2019-01-24,946.8402099609375,969.6500244140625,972.2999877929688,955.9000244140625,960.2000122070312,1246903
2019-01-25,954.9937744140625,978.0,984.0,969.1500244140625,972.0,1985833
2019-01-28,936.0989379882812,958.6500244140625,981.2000122070312,955.2000122070312,978.0,1499181
2019-01-29,943.3735961914062,966.0999755859375,970.0,945.0,955.2000122070312,1411027
2019-01-30,946.1078491210938,968.9000244140625,974.9500122070312,960.0499877929688,966.0999755859375,1468812
2019-01-31,972.375,995.7999877929688,1000.0,966.5,968.2000122070312,2306391
2019-02-01,968.2249755859375,991.5499877929688,1005.0,985.0999755859375,1003.0,3424938
2019-02-04,1001.6204223632812,1025.75,1050.0,1009.0499877929688,1025.0,9556052
2019-02-05,1041.607177734375,1066.699951171875,1074.0,1020.0,1026.949951171875,7144200
2019-02-06,1034.1373291015625,1059.050048828125,1072.0,1050.5,1066.0,2449722
2019-02-07,1031.940185546875,1056.800048828125,1067.050048828125,1050.0,1059.800048828125,1293109
2019-02-08,1028.4735107421875,1053.25,1076.8499755859375,1047.5999755859375,1058.5,2576054
2019-02-11,1031.5494384765625,1056.4000244140625,1063.5,1045.199951171875,1059.0,1057548
2019-02-12,1041.167724609375,1066.25,1073.949951171875,1050.0999755859375,1058.0,3075801
2019-02-14,1017.732421875,1042.25,1063.949951171875,1030.5,1063.949951171875,2182379
2019-02-15,1014.5587158203125,1039.0,1052.0,1016.7999877929688,1035.0,2566210
2019-02-18,1003.182861328125,1027.3499755859375,1040.6500244140625,1021.2999877929688,1040.0999755859375,1023065
2019-02-19,1004.5988159179688,1028.800048828125,1049.800048828125,1025.300048828125,1030.449951171875,1551617
2019-02-20,1008.4557495117188,1032.75,1044.4000244140625,1027.5,1030.0,1506583
2019-02-21,1017.9765625,1042.5,1045.0,1031.25,1039.9000244140625,1220939
2019-02-22,1017.0977172851562,1041.5999755859375,1044.0,1030.300048828125,1035.5,1298608
2019-02-25,1018.4645385742188,1043.0,1055.0,1035.5999755859375,1038.0,1691809
2019-02-26,1013.9239501953125,1038.3499755859375,1041.9000244140625,1016.0499877929688,1039.0,1906268
2019-02-27,992.3438720703125,1016.25,1047.1500244140625,1013.9500122070312,1042.9000244140625,1897310
2019-02-28,1001.083251953125,1025.199951171875,1033.800048828125,1002.0499877929688,1018.0,5080712
2019-03-01,997.323974609375,1021.3499755859375,1036.0,1017.0999755859375,1031.9000244140625,1967656
2019-03-05,1010.6528930664062,1035.0,1039.949951171875,1016.2000122070312,1023.5999755859375,1577329
2019-03-06,1031.1099853515625,1055.949951171875,1060.9000244140625,1028.300048828125,1038.0,2758056
2019-03-07,1018.7576293945312,1043.300048828125,1069.0,1039.0,1069.0,2584721
2019-03-08,1028.4248046875,1053.199951171875,1059.550048828125,1037.0,1044.75,2179863
2019-03-11,1044.04833984375,1069.199951171875,1074.5999755859375,1057.5999755859375,1058.0,2837644
2019-03-12,1060.8924560546875,1086.449951171875,1095.949951171875,1072.0,1074.949951171875,3418782
2019-03-13,1052.934326171875,1078.300048828125,1093.9000244140625,1065.0999755859375,1087.4000244140625,2024554
2019-03-14,1060.7950439453125,1086.3499755859375,1089.0,1063.1500244140625,1078.9000244140625,1193296
2019-03-15,1071.4383544921875,1097.25,1113.800048828125,1082.0,1087.0,5318660
2019-03-18,1073.9285888671875,1099.800048828125,1108.9000244140625,1092.0999755859375,1105.0,1525276
2019-03-19,1082.9608154296875,1109.050048828125,1112.0,1098.5999755859375,1102.0,1376594
2019-03-20,1076.4185791015625,1102.3499755859375,1115.0,1098.0,1111.0,1295061
2019-03-22,1076.6138916015625,1102.550048828125,1124.4000244140625,1093.699951171875,1103.5999755859375,2486418
2019-03-25,1074.221435546875,1100.0999755859375,1106.5,1090.4000244140625,1102.0,909855
2019-03-26,1089.5032958984375,1115.75,1120.0,1088.3499755859375,1105.0,1851505
2019-03-27,1090.23583984375,1116.5,1125.0,1106.0,1125.0,1668427
2019-03-28,1107.5682373046875,1134.25,1139.550048828125,1111.449951171875,1120.0,2292966
2019-04-01,1093.9951171875,1120.3499755859375,1148.0,1116.800048828125,1140.0,1703651
2019-04-02,1085.744140625,1111.9000244140625,1131.1500244140625,1108.4000244140625,1125.0,1469173
2019-04-03,1074.6121826171875,1100.5,1127.199951171875,1098.050048828125,1117.0,1553200
2019-04-04,1080.0802001953125,1106.0999755859375,1122.5999755859375,1094.300048828125,1112.699951171875,2463998
2019-04-05,1080.373291015625,1106.4000244140625,1129.699951171875,1101.449951171875,1123.0,4108366
2019-04-08,1078.42041015625,1104.4000244140625,1115.0,1092.0,1109.0,1672293
2019-04-09,1072.7080078125,1098.550048828125,1109.949951171875,1091.5,1109.0,1288739
2019-04-10,1074.319091796875,1100.199951171875,1105.0,1083.5,1099.4000244140625,1612236
2019-04-11,1079.0550537109375,1105.050048828125,1106.949951171875,1090.0999755859375,1106.949951171875,1412462
2019-04-12,1071.1943359375,1097.0,1107.949951171875,1094.0,1107.0,1499571
2019-04-15,1064.5057373046875,1090.1500244140625,1102.0,1088.0,1102.0,1116346
2019-04-16,1093.7022705078125,1120.050048828125,1124.75,1092.4000244140625,1093.0999755859375,2144260
2019-04-18,1098.9263916015625,1125.4000244140625,1129.5,1113.5,1125.949951171875,1609911
2019-04-22,1097.2662353515625,1123.699951171875,1132.0,1119.0999755859375,1125.0,1307412
2019-04-23,1102.978759765625,1129.550048828125,1136.699951171875,1120.050048828125,1124.0,1237289
2019-04-24,1122.11767578125,1149.1500244140625,1152.0,1125.550048828125,1128.0,1809133
2019-04-25,1114.452392578125,1141.300048828125,1165.0,1135.4000244140625,1155.0,3579153
2019-04-26,1110.74169921875,1137.5,1149.5,1131.0,1146.699951171875,846570
2019-04-30,1131.296630859375,1158.550048828125,1161.75,1133.5,1140.0,1469889
2019-05-02,1111.37646484375,1138.1500244140625,1160.0,1135.5999755859375,1159.0,1517989
2019-05-03,1118.1141357421875,1145.050048828125,1154.800048828125,1135.050048828125,1145.0,1146869
2019-05-06,1057.3773193359375,1082.8499755859375,1142.800048828125,1075.0999755859375,1142.800048828125,4064781
2019-05-07,1060.94140625,1086.5,1105.0,1083.0,1097.800048828125,2605643
2019-05-08,1063.089599609375,1088.699951171875,1100.0,1067.8499755859375,1090.0,3336769
2019-05-09,1078.468994140625,1104.449951171875,1110.0,1088.699951171875,1100.0,4362293
2019-05-10,1105.4686279296875,1132.0999755859375,1137.8499755859375,1094.300048828125,1108.0,3032624
2019-05-13,1117.772216796875,1144.699951171875,1152.800048828125,1124.050048828125,1125.300048828125,2695155
2019-05-14,1127.5859375,1154.75,1163.0,1122.949951171875,1140.0,2894382
2019-05-15,1135.6417236328125,1163.0,1167.5,1152.3499755859375,1160.0,2476357
2019-05-16,1158.5401611328125,1186.449951171875,1195.0,1159.949951171875,1162.699951171875,2948769
2019-05-17,1162.4947509765625,1190.5,1203.0,1180.0,1184.0,3265842
2019-05-20,1202.677001953125,1231.6500244140625,1238.0,1205.0,1214.0,2881354
2019-05-21,1215.1270751953125,1244.4000244140625,1251.6500244140625,1233.3499755859375,1239.0,3218291
2019-05-22,1211.9046630859375,1241.0999755859375,1250.9000244140625,1226.3499755859375,1245.949951171875,1972398
2019-05-23,1191.545166015625,1220.25,1262.800048828125,1216.25,1259.25,2494025
2019-05-24,1191.2034912109375,1219.9000244140625,1229.949951171875,1194.449951171875,1221.0,2423569
2019-05-27,1211.7581787109375,1240.949951171875,1243.5,1203.5,1226.5,1380441
2019-05-28,1202.5794677734375,1231.550048828125,1244.9000244140625,1222.699951171875,1243.0,1811869
2019-05-29,1205.6064453125,1234.6500244140625,1237.699951171875,1224.199951171875,1232.0,918488
2019-05-30,1211.416259765625,1240.5999755859375,1249.800048828125,1225.0,1234.0,1081863
2019-05-31,1206.6805419921875,1235.75,1250.6500244140625,1227.0,1248.0,1213810
2019-06-03,1236.463134765625,1266.25,1269.0,1227.5,1239.0,1627758
2019-06-04,1218.6422119140625,1248.0,1276.8499755859375,1243.800048828125,1267.0,1378780
2019-06-06,1239.5877685546875,1269.449951171875,1273.6500244140625,1244.6500244140625,1255.0,2345134
2019-06-07,1239.0994873046875,1268.949951171875,1274.949951171875,1254.0,1274.949951171875,1381956
2019-06-10,1246.9599609375,1277.0,1289.199951171875,1270.0,1274.6500244140625,1516266
2019-06-11,1254.7232666015625,1284.949951171875,1288.0,1266.800048828125,1278.0,1782094
2019-06-12,1258.531494140625,1288.8499755859375,1292.699951171875,1277.550048828125,1284.949951171875,1456438
2019-06-13,1264.9759521484375,1295.449951171875,1298.25,1276.4000244140625,1283.0,1734153
2019-06-14,1251.7447509765625,1281.9000244140625,1297.949951171875,1277.0999755859375,1296.050048828125,874483
2019-06-17,1226.5029296875,1256.050048828125,1292.550048828125,1248.5,1286.0,2057502
2019-06-18,1227.918701171875,1257.5,1261.0,1235.0,1256.050048828125,1845151
2019-06-19,1245.104736328125,1275.0999755859375,1288.0,1257.6500244140625,1280.0,1650715
2019-06-20,1275.86376953125,1306.5999755859375,1308.949951171875,1266.050048828125,1274.5,1693438
2019-06-21,1261.9488525390625,1292.3499755859375,1317.0,1288.25,1306.0,2640376
2019-06-24,1269.468017578125,1300.050048828125,1307.4000244140625,1291.050048828125,1302.0,1419605
2019-06-25,1287.14208984375,1318.1500244140625,1320.8499755859375,1296.050048828125,1309.0,1955640
2019-06-26,1278.256103515625,1309.050048828125,1322.9000244140625,1306.6500244140625,1312.5999755859375,1335984
2019-06-27,1297.93212890625,1329.199951171875,1332.699951171875,1306.75,1309.0999755859375,1841074
2019-06-28,1303.302734375,1334.699951171875,1337.050048828125,1318.0,1325.0,1345592
2019-07-01,1292.0732421875,1323.199951171875,1340.9000244140625,1321.1500244140625,1330.0999755859375,1554897
2019-07-02,1292.8544921875,1324.0,1332.199951171875,1310.5,1325.0,1397406
2019-07-03,1297.19970703125,1328.449951171875,1333.5,1316.5,1329.550048828125,1351543
2019-07-04,1259.99609375,1290.3499755859375,1321.800048828125,1286.0,1321.800048828125,2901447
2019-07-05,1248.0341796875,1278.0999755859375,1300.550048828125,1249.699951171875,1283.5,3015054
2019-07-08,1222.987548828125,1252.449951171875,1270.9000244140625,1245.699951171875,1260.0,2308725
2019-07-09,1073.098388671875,1098.949951171875,1175.0,1073.0,1175.0,22143587
2019-07-10,1075.2955322265625,1101.199951171875,1125.0,1088.3499755859375,1103.0,6366343
2019-07-11,1071.1943359375,1097.0,1115.6500244140625,1071.4000244140625,1109.0,5179244
2019-07-12,1075.2955322265625,1101.199951171875,1129.0,1090.0,1104.0,4845853
2019-07-15,1063.773193359375,1089.4000244140625,1110.050048828125,1077.3499755859375,1110.0,2563929
2019-07-16,1088.5269775390625,1114.75,1118.0,1082.550048828125,1092.0,2457767
2019-07-17,1083.7911376953125,1109.9000244140625,1118.0,1105.300048828125,1110.25,2538956
2019-07-18,1054.5943603515625,1080.0,1106.5,1056.199951171875,1105.0,3482208
2019-07-19,1065.384521484375,1091.050048828125,1103.0,1077.949951171875,1090.0,3302082
2019-07-22,1060.0137939453125,1085.550048828125,1092.0,1062.0999755859375,1087.9000244140625,2341863
2019-07-23,1073.293701171875,1099.1500244140625,1109.9000244140625,1086.4000244140625,1090.0,2527679
2019-07-24,1061.8201904296875,1087.4000244140625,1110.0,1081.25,1101.0,1732174
2019-07-25,1064.7984619140625,1090.449951171875,1100.699951171875,1084.5999755859375,1093.9000244140625,1770220
2019-07-26,1080.373291015625,1106.4000244140625,1112.199951171875,1083.0,1085.800048828125,1128870
2019-07-29,1058.302734375,1078.9000244140625,1109.0,1071.9000244140625,1106.9000244140625,1661014
2019-07-30,1058.5970458984375,1079.199951171875,1093.5999755859375,1072.0999755859375,1080.0,2335907
2019-07-31,1036.1832275390625,1056.3499755859375,1079.1500244140625,1041.0,1079.1500244140625,3050699
2019-08-01,1037.115234375,1057.300048828125,1069.3499755859375,1041.4000244140625,1052.0999755859375,2321381
2019-08-02,1044.3739013671875,1064.699951171875,1075.4000244140625,1046.050048828125,1062.0,1789229
2019-08-05,1017.0064697265625,1036.800048828125,1059.5,1026.5999755859375,1059.5,1962260
2019-08-06,1026.717529296875,1046.699951171875,1070.0,1021.25,1027.0,5738839
2019-08-07,1008.8158569335938,1028.449951171875,1040.9000244140625,998.0,1022.0,8983860
2019-08-08,1021.224365234375,1041.0999755859375,1059.800048828125,1011.6500244140625,1036.0,2553976
2019-08-09,1046.6300048828125,1067.0,1077.0,1041.5,1050.0,2944544
2019-08-13,1043.5400390625,1063.8499755859375,1088.5,1056.0999755859375,1070.0,3293100
2019-08-14,1063.305419921875,1084.0,1090.8499755859375,1051.050048828125,1054.0999755859375,1834669
2019-08-16,1055.2620849609375,1075.800048828125,1084.300048828125,1070.199951171875,1075.0,1366746
2019-08-19,1068.160888671875,1088.949951171875,1104.699951171875,1080.1500244140625,1104.699951171875,1467603
2019-08-20,1071.49609375,1092.3499755859375,1095.75,1075.550048828125,1090.9000244140625,1584464
2019-08-21,1044.962646484375,1065.300048828125,1097.0,1060.300048828125,1090.5,1344715
2019-08-22,1041.480224609375,1061.75,1070.0,1048.050048828125,1065.800048828125,1182766
2019-08-23,1053.005859375,1073.5,1082.9000244140625,1040.0,1062.300048828125,1925420
2019-08-26,1081.4031982421875,1102.449951171875,1106.800048828125,1061.6500244140625,1094.699951171875,2601437
2019-08-27,1102.24755859375,1123.699951171875,1130.1500244140625,1099.199951171875,1108.0,2825727
2019-08-28,1089.7408447265625,1110.949951171875,1131.5,1107.5,1129.0,1599333
2019-08-29,1080.7655029296875,1101.800048828125,1115.0,1096.550048828125,1111.5,1204392
2019-08-30,1084.0025634765625,1105.0999755859375,1113.0,1095.0,1107.050048828125,1454803
2019-09-03,1039.4205322265625,1059.6500244140625,1098.300048828125,1052.949951171875,1098.0,1858383
2019-09-04,1017.39892578125,1037.199951171875,1069.0,1025.5,1060.0,2881072
2019-09-05,1028.6302490234375,1048.6500244140625,1052.9000244140625,1036.25,1037.0,1587469
2019-09-06,1048.2974853515625,1068.699951171875,1070.949951171875,1042.449951171875,1054.0,1443212
2019-09-09,1067.572509765625,1088.3499755859375,1091.949951171875,1058.4000244140625,1065.0,1272456
2019-09-11,1080.0299072265625,1101.050048828125,1103.5,1083.050048828125,1095.949951171875,1432923
2019-09-12,1065.3653564453125,1086.0999755859375,1114.5999755859375,1083.75,1110.699951171875,1792647
2019-09-13,1101.953369140625,1123.4000244140625,1126.5,1088.0999755859375,1088.0999755859375,3428008
2019-09-16,1126.6231689453125,1148.550048828125,1152.0,1115.4000244140625,1123.9000244140625,3645849
2019-09-17,1136.137939453125,1158.25,1176.199951171875,1154.050048828125,1155.0,3120692
2019-09-18,1138.5411376953125,1160.699951171875,1168.0,1150.550048828125,1163.0,1434623
2019-09-19,1131.184326171875,1153.199951171875,1167.6500244140625,1148.449951171875,1164.0,1255713
2019-09-20,1239.4278564453125,1263.550048828125,1334.4000244140625,1153.0,1160.0,7588909
2019-09-23,1286.7567138671875,1311.800048828125,1345.0,1275.0,1275.199951171875,5902008
2019-09-24,1267.9722900390625,1292.6500244140625,1324.25,1282.0,1317.0,2642955
2019-09-25,1244.6756591796875,1268.9000244140625,1314.9000244140625,1262.800048828125,1296.1500244140625,3928117
2019-09-26,1263.705078125,1288.300048828125,1292.550048828125,1272.0,1273.0,2277616
2019-09-27,1259.5364990234375,1284.050048828125,1293.949951171875,1265.1500244140625,1291.0,1847785
2019-09-30,1248.7464599609375,1273.050048828125,1295.8499755859375,1266.5,1290.5,2142791
2019-10-01,1256.1519775390625,1280.5999755859375,1297.800048828125,1267.550048828125,1282.0,1454512
2019-10-03,1270.7677001953125,1295.5,1298.0,1268.75,1279.4000244140625,1449986
2019-10-04,1227.019287109375,1250.9000244140625,1306.699951171875,1240.0999755859375,1303.0,2383219
2019-10-07,1234.964599609375,1259.0,1265.800048828125,1241.300048828125,1255.0999755859375,1100794
2019-10-09,1206.8126220703125,1230.300048828125,1236.25,1177.050048828125,1200.0,8327469
2019-10-10,1211.12841796875,1234.699951171875,1242.449951171875,1220.0,1231.199951171875,1479753
2019-10-11,1219.8585205078125,1243.5999755859375,1249.0,1215.0,1242.050048828125,2182903
2019-10-14,1225.1063232421875,1248.949951171875,1258.0,1233.5,1239.800048828125,1241231
2019-10-15,1247.8143310546875,1272.0999755859375,1275.1500244140625,1253.0,1254.0,1379017
2019-10-16,1250.2177734375,1274.550048828125,1277.699951171875,1256.050048828125,1274.800048828125,1223194
2019-10-17,1252.669921875,1277.050048828125,1285.550048828125,1271.0999755859375,1285.0,1500556
2019-10-18,1275.770263671875,1300.5999755859375,1305.0,1274.050048828125,1278.0,1135957
2019-10-22,1304.0694580078125,1329.449951171875,1336.800048828125,1294.5,1300.449951171875,2138284
2019-10-23,1322.9031982421875,1348.6500244140625,1366.3499755859375,1327.050048828125,1331.949951171875,3148288
2019-10-24,1348.30859375,1374.550048828125,1379.0,1350.6500244140625,1364.0,1791699
2019-10-25,1309.513671875,1335.0,1389.949951171875,1331.1500244140625,1378.9000244140625,3934315
2019-10-27,1294.701904296875,1319.9000244140625,1341.800048828125,1315.699951171875,1338.949951171875,470393
2019-10-29,1307.1593017578125,1332.5999755859375,1340.0,1293.199951171875,1320.0,2030358
2019-10-30,1291.0234375,1316.1500244140625,1347.0,1312.0,1347.0,1681593
2019-10-31,1305.7861328125,1331.199951171875,1336.0,1319.6500244140625,1322.0,1533763
2019-11-01,1277.0455322265625,1301.9000244140625,1333.3499755859375,1287.050048828125,1331.800048828125,2491686
2019-11-04,1274.0047607421875,1298.800048828125,1311.0,1282.0999755859375,1311.0,1706003
2019-11-05,1259.2911376953125,1283.800048828125,1306.25,1277.5,1295.0,2881634
2019-11-06,1134.0289306640625,1156.0999755859375,1199.0,1150.0,1165.0,18294122
2019-11-07,1144.9171142578125,1167.199951171875,1179.0,1156.449951171875,1161.0,6500446
2019-11-08,1134.66650390625,1156.75,1172.949951171875,1154.0,1167.199951171875,2796511
2019-11-11,1133.6365966796875,1155.699951171875,1163.75,1137.6500244140625,1156.75,2357413
2019-11-13,1136.9228515625,1159.050048828125,1167.0,1150.0999755859375,1155.699951171875,2336007
2019-11-14,1146.7808837890625,1169.0999755859375,1176.300048828125,1162.0,1164.0,2571355
2019-11-15,1136.3341064453125,1158.449951171875,1174.800048828125,1155.9000244140625,1173.0,1506407
2019-11-18,1136.677490234375,1158.800048828125,1164.5,1152.800048828125,1160.1500244140625,1132129
2019-11-19,1140.993408203125,1163.199951171875,1167.800048828125,1153.0999755859375,1158.800048828125,1109428
2019-11-20,1140.6500244140625,1162.8499755859375,1167.5,1156.4000244140625,1166.0,920219
2019-11-21,1126.3287353515625,1148.25,1170.0,1144.0,1163.0,1417102
2019-11-22,1113.92041015625,1135.5999755859375,1150.699951171875,1123.199951171875,1148.0,2320184
2019-11-25,1141.3857421875,1163.5999755859375,1166.949951171875,1143.0999755859375,1149.9000244140625,2270744
2019-11-26,1143.838134765625,1166.0999755859375,1184.75,1162.199951171875,1166.9000244140625,4025257
2019-11-27,1144.867919921875,1167.1500244140625,1182.5,1161.0,1170.0,1587451
2019-11-28,1147.1732177734375,1169.5,1172.0,1160.3499755859375,1172.0,1031591
2019-11-29,1137.5601806640625,1159.699951171875,1178.550048828125,1155.0,1173.0,1244953
2019-12-02,1131.77294921875,1153.800048828125,1161.0,1142.5,1160.0,1016807
2019-12-03,1136.0399169921875,1158.1500244140625,1170.0,1150.0999755859375,1155.0,1315825
2019-12-04,1152.224853515625,1174.6500244140625,1178.0,1153.0,1154.699951171875,1388528
2019-12-05,1161.6416015625,1184.25,1204.5999755859375,1175.0,1180.0,3637705
2019-12-06,1149.62548828125,1172.0,1189.800048828125,1168.9000244140625,1189.800048828125,1026657
2019-12-09,1155.56005859375,1178.050048828125,1186.0,1165.8499755859375,1173.0,1092070
2019-12-10,1156.7862548828125,1179.300048828125,1192.0999755859375,1172.9000244140625,1175.0999755859375,1641867
2019-12-11,1157.0313720703125,1179.550048828125,1189.0,1175.75,1178.0999755859375,1005638
2019-12-12,1165.3199462890625,1188.0,1192.0,1177.5,1182.0999755859375,1065673
2019-12-13,1163.50537109375,1186.1500244140625,1203.5,1182.5999755859375,1193.0,1624478
2019-12-16,1143.396728515625,1165.6500244140625,1192.25,1162.8499755859375,1188.550048828125,1239589
2019-12-17,1135.2552490234375,1157.3499755859375,1171.0,1152.0,1171.0,1706196
2019-12-18,1136.9716796875,1159.0999755859375,1167.3499755859375,1150.3499755859375,1164.0,1391631
2019-12-19,1136.9228515625,1159.050048828125,1162.5,1153.0,1159.0,1338696
2019-12-20,1178.9547119140625,1201.9000244140625,1206.449951171875,1160.0,1160.0,6754831
2019-12-23,1186.0172119140625,1209.0999755859375,1229.0,1201.0999755859375,1206.0999755859375,3980835
2019-12-24,1181.112548828125,1204.0999755859375,1222.0,1200.6500244140625,1206.050048828125,2236779
2019-12-26,1169.734130859375,1192.5,1213.75,1190.5999755859375,1209.949951171875,1800229
2019-12-27,1168.7039794921875,1191.449951171875,1199.199951171875,1184.8499755859375,1196.449951171875,1332568
2019-12-30,1170.9603271484375,1193.75,1198.0,1183.0999755859375,1195.0,1109808
2019-12-31,1165.2711181640625,1187.949951171875,1203.699951171875,1184.199951171875,1195.0,1753530
2020-01-01,1132.704833984375,1154.75,1199.0,1152.199951171875,1194.449951171875,3137636
2020-01-02,1133.53857421875,1155.5999755859375,1159.9000244140625,1140.0,1157.0,3286436
2020-01-03,1117.942138671875,1139.699951171875,1156.0,1132.0,1156.0,2695237
2020-01-06,1136.4813232421875,1158.5999755859375,1171.4000244140625,1150.0999755859375,1162.0,4494752
2020-01-07,1137.805419921875,1159.949951171875,1173.8499755859375,1152.050048828125,1170.949951171875,2363578
2020-01-08,1121.4735107421875,1143.300048828125,1156.300048828125,1138.0,1145.0,2370166
2020-01-09,1141.2386474609375,1163.449951171875,1168.0,1148.5,1155.0,1764131
2020-01-10,1132.0181884765625,1154.050048828125,1170.699951171875,1150.75,1167.0,1517311
2020-01-13,1136.824462890625,1158.949951171875,1162.449951171875,1148.5,1155.0,1135936
2020-01-14,1144.8189697265625,1167.0999755859375,1168.6500244140625,1157.1500244140625,1162.0,1324743
2020-01-15,1162.2301025390625,1184.8499755859375,1191.5,1170.5999755859375,1173.5,2665214
2020-01-16,1170.12646484375,1192.9000244140625,1195.5,1174.0999755859375,1184.8499755859375,1644541
2020-01-17,1166.0557861328125,1188.75,1196.8499755859375,1184.0,1194.800048828125,1034774
2020-01-20,1165.1727294921875,1187.8499755859375,1195.0,1179.0999755859375,1190.0,1139858
2020-01-21,1153.7452392578125,1176.199951171875,1183.9000244140625,1161.0,1183.449951171875,925998
2020-01-22,1155.1676025390625,1177.6500244140625,1185.949951171875,1172.0,1181.800048828125,902471
2020-01-23,1181.112548828125,1204.0999755859375,1206.6500244140625,1175.0,1176.0,2101116
2020-01-24,1204.4091796875,1227.8499755859375,1230.0,1206.050048828125,1208.9000244140625,2841654
2020-01-27,1190.6275634765625,1213.800048828125,1240.3499755859375,1208.8499755859375,1228.0,2332864
2020-01-28,1172.186279296875,1195.0,1223.5,1188.300048828125,1215.0,1703068
2020-01-29,1163.5543212890625,1186.199951171875,1207.9000244140625,1181.5999755859375,1198.5,1380266
2020-01-30,1156.737060546875,1179.25,1191.5,1176.199951171875,1191.0,1859283
2020-01-31,1165.0748291015625,1187.75,1194.800048828125,1180.0,1185.5,1809101
2020-02-03,1163.75048828125,1186.4000244140625,1192.300048828125,1162.550048828125,1170.0,3595537
2020-02-04,1251.44384765625,1275.800048828125,1287.800048828125,1185.0,1195.0,7875930
2020-02-05,1255.41650390625,1279.8499755859375,1297.699951171875,1255.0,1284.75,5459816
2020-02-06,1235.2586669921875,1259.300048828125,1294.199951171875,1252.050048828125,1284.949951171875,2463971
2020-02-07,1250.6590576171875,1275.0,1279.5,1258.4000244140625,1264.050048828125,2277867
2020-02-10,1233.198974609375,1257.199951171875,1275.0,1253.3499755859375,1270.9000244140625,1021943
2020-02-11,1246.4412841796875,1270.699951171875,1278.9000244140625,1258.550048828125,1263.0,1351413
2020-02-12,1244.7735595703125,1269.0,1288.949951171875,1265.8499755859375,1276.949951171875,1195516
2020-02-13,1273.318115234375,1298.0999755859375,1308.0,1270.0,1270.0,4458645
2020-02-14,1268.7569580078125,1293.449951171875,1310.699951171875,1290.0,1306.949951171875,1416212
2020-02-17,1290.9254150390625,1316.050048828125,1321.5999755859375,1288.3499755859375,1293.050048828125,2347399
2020-02-18,1285.9718017578125,1311.0,1318.9000244140625,1301.25,1314.0,1761012
2020-02-19,1304.216552734375,1329.5999755859375,1332.9000244140625,1312.050048828125,1317.0,1445826
2020-02-20,1297.595458984375,1322.8499755859375,1341.050048828125,1320.0,1330.0,1513648
2020-02-24,1255.4654541015625,1279.9000244140625,1317.800048828125,1273.8499755859375,1310.0,1341317
2020-02-25,1236.0435791015625,1260.0999755859375,1286.75,1256.800048828125,1285.0,1358874
2020-02-26,1231.1390380859375,1255.0999755859375,1267.0,1245.0999755859375,1256.0,1506693
2020-02-27,1253.5037841796875,1277.9000244140625,1286.0,1250.0,1250.0,4569014
2020-02-28,1230.550537109375,1254.5,1270.699951171875,1235.6500244140625,1255.0,2728105
2020-03-02,1220.3980712890625,1244.1500244140625,1294.0,1228.0,1275.0,2773593
2020-03-03,1223.1937255859375,1247.0,1272.0,1225.0,1248.199951171875,2660100
2020-03-04,1227.0679931640625,1250.949951171875,1265.6500244140625,1217.300048828125,1251.949951171875,3007393
2020-03-05,1235.1116943359375,1259.1500244140625,1265.1500244140625,1242.199951171875,1253.5,1555538
2020-03-06,1218.8775634765625,1242.5999755859375,1246.949951171875,1219.699951171875,1229.0,1678642
2020-03-09,1180.4749755859375,1203.449951171875,1241.8499755859375,1175.0,1225.0,2285787
2020-03-11,1164.976806640625,1187.6500244140625,1213.3499755859375,1177.550048828125,1197.949951171875,2314388
2020-03-12,1056.19384765625,1076.75,1153.949951171875,1064.6500244140625,1150.0,3608906
2020-03-13,1063.6488037109375,1084.3499755859375,1134.699951171875,946.0499877929688,1055.5999755859375,4337046
2020-03-16,992.0423583984375,1011.3499755859375,1049.949951171875,983.0,1049.949951171875,3443930
2020-03-17,981.8900756835938,1001.0,1038.0,977.7999877929688,1005.0,2985146
2020-03-18,912.981201171875,930.75,1028.0,921.0,1028.0,5508541
2020-03-19,886.2513427734375,903.5,924.4000244140625,839.75,879.9500122070312,4838552
2020-03-20,887.6246948242188,904.9000244140625,934.0,866.0,906.0999755859375,4407646
2020-03-23,785.6591186523438,800.9500122070312,841.0499877929688,771.25,839.6500244140625,4960906
2020-03-24,800.5198364257812,816.0999755859375,857.8499755859375,720.9000244140625,805.25,5404961
2020-03-25,863.9847412109375,880.7999877929688,897.7000122070312,784.7999877929688,799.0,3564854
2020-03-26,910.5779418945312,928.2999877929688,947.7999877929688,872.2999877929688,895.0,3635282
2020-03-27,919.1608276367188,937.0499877929688,965.0,896.0,960.0,2999631
2020-03-30,925.6349487304688,943.6500244140625,959.0,861.0,861.0,2901412
2020-03-31,915.8748168945312,933.7000122070312,971.7000122070312,923.75,967.0,3811918
2020-04-01,918.179931640625,936.0499877929688,950.0,902.0,929.7000122070312,2935916
2020-04-03,846.3283081054688,862.7999877929688,930.0499877929688,855.9500122070312,930.0,4951957
2020-04-07,929.3623046875,947.4500122070312,954.9500122070312,892.2999877929688,900.0999755859375,4186574
2020-04-08,896.0113525390625,913.4500122070312,966.4000244140625,893.4000244140625,935.0,5505995
2020-04-09,994.49462890625,1013.8499755859375,1044.0,917.3499755859375,931.6500244140625,8532854
2020-04-13,948.3919677734375,966.8499755859375,1014.5,943.2000122070312,1014.5,4399110
2020-04-15,933.87451171875,952.0499877929688,990.0,937.2000122070312,990.0,5502739
2020-04-16,966.4407348632812,985.25,999.0,915.0,929.0,6251879
2020-04-17,956.8768920898438,975.5,1017.7000122070312,956.2999877929688,1001.0999755859375,5761623
2020-04-20,956.8768920898438,975.5,982.2000122070312,957.0,975.5,2557331
2020-04-21,918.817626953125,936.7000122070312,962.2000122070312,932.4500122070312,958.0,3717567
2020-04-22,933.2369384765625,951.4000244140625,955.25,922.5499877929688,936.7000122070312,2779272
2020-04-23,895.1776123046875,912.5999755859375,935.5,905.0,922.25,7009187
2020-04-24,888.752685546875,906.0499877929688,926.9000244140625,893.0999755859375,910.0,4692972
2020-04-27,910.0383911132812,927.75,938.0,912.0499877929688,914.2000122070312,3816089
2020-04-28,915.0410766601562,932.8499755859375,940.0,917.0,930.3499755859375,2548149
2020-04-29,907.7332763671875,925.4000244140625,933.5999755859375,918.0,932.0,2514908
2020-04-30,951.5308837890625,970.0499877929688,978.9500122070312,929.0,935.2000122070312,4336412
2020-05-04,874.8238525390625,891.8499755859375,929.0,886.0,928.5,4201101
2020-05-05,870.0173950195312,886.9500122070312,908.8499755859375,877.0,905.0,5214901
2020-05-06,859.7177124023438,876.4500122070312,891.9500122070312,861.25,887.0,3713850
2020-05-07,832.8899536132812,849.0999755859375,878.5,846.4000244140625,878.5,4744629
2020-05-08,816.9501342773438,832.8499755859375,862.5,830.2999877929688,857.0,4751910
2020-05-11,813.76220703125,829.5999755859375,851.4000244140625,824.0,848.4500122070312,3704305
2020-05-12,830.2904663085938,846.4500122070312,851.0,822.25,827.0,5287477
2020-05-13,844.0232543945312,860.4500122070312,883.9500122070312,856.0,874.9500122070312,3599358
2020-05-14,829.8491821289062,846.0,856.0,841.25,855.0,2161536
2020-05-15,829.4566650390625,845.5999755859375,859.7999877929688,842.0,846.0,2130736
2020-05-18,801.697021484375,817.2999877929688,845.0,810.0,841.5,4634758
2020-05-19,811.015625,826.7999877929688,844.1500244140625,818.1500244140625,827.2999877929688,3072505
2020-05-20,832.4976196289062,848.7000122070312,854.0,818.5999755859375,824.0,3403474
2020-05-21,833.6255493164062,849.8499755859375,860.0,843.9000244140625,854.0,2217516
2020-05-22,833.429443359375,849.6500244140625,855.9500122070312,837.9000244140625,844.9000244140625,1955658
2020-05-26,875.7066040039062,892.75,896.9500122070312,855.1500244140625,856.0,5625204
2020-05-27,868.9383544921875,885.8499755859375,890.75,868.5,884.9000244140625,3925259
2020-05-28,882.2786254882812,899.4500122070312,904.0999755859375,875.0,885.8499755859375,3441157
2020-05-29,873.0090942382812,890.0,898.0,875.0,895.4500122070312,4140081
2020-06-01,940.5938110351562,958.9000244140625,979.0,898.5,898.5,9822341
2020-06-02,957.514404296875,976.1500244140625,984.0,946.3499755859375,958.9000244140625,4518557
2020-06-03,965.5579223632812,984.3499755859375,1005.0,979.7000122070312,989.0,4194237
2020-06-04,952.7079467773438,971.25,977.4500122070312,942.3499755859375,970.0999755859375,5293647
2020-06-05,972.0319213867188,990.9500122070312,995.0,967.0,977.0,3136137
2020-06-08,1005.431884765625,1025.0,1050.0,1006.0499877929688,1009.0,7033675
2020-06-09,978.0643920898438,997.0999755859375,1047.0,989.25,1037.0,17283990
2020-06-10,958.5934448242188,977.25,1008.9500122070312,970.8499755859375,997.0999755859375,5971985
2020-06-11,933.0897216796875,951.25,976.0,949.0999755859375,976.0,4955842
2020-06-12,959.0348510742188,977.7000122070312,984.7999877929688,901.0,910.0499877929688,6968318
2020-06-15,930.294189453125,948.4000244140625,986.5499877929688,945.0,979.9500122070312,3823415
2020-06-16,939.7599487304688,958.0499877929688,970.0,933.6500244140625,965.0,2976379
2020-06-17,944.6155395507812,963.0,972.8499755859375,945.75,955.0,2372940
2020-06-18,957.3673095703125,976.0,980.5,953.6500244140625,958.0999755859375,2118941
2020-06-19,957.2200927734375,975.8499755859375,994.9500122070312,973.0,980.0,2817395
2020-06-22,960.800537109375,979.5,988.0,968.5499877929688,979.0,1840153
2020-06-23,980.1734619140625,999.25,1008.0,981.5,981.5,2929867
2020-06-24,969.33447265625,988.2000122070312,1026.0,985.1500244140625,1010.0,3451720
2020-06-25,958.9367065429688,977.5999755859375,994.0,973.5499877929688,985.0,2214883
2020-06-26,947.7544555664062,966.2000122070312,989.9000244140625,961.9000244140625,988.0,2514103
2020-06-29,939.17138671875,957.4500122070312,971.5999755859375,935.0,964.9000244140625,3422997
2020-06-30,931.7164306640625,949.8499755859375,971.9500122070312,946.4000244140625,965.0,1947529
2020-07-01,930.0979614257812,948.2000122070312,968.5,945.0,950.0,3043306
2020-07-02,967.5687255859375,986.4000244140625,994.0,953.0999755859375,956.9500122070312,3845200
2020-07-03,984.34228515625,1003.5,1008.0,986.2999877929688,992.0,3073808
2020-07-06,994.8380737304688,1014.2000122070312,1019.7999877929688,995.6500244140625,1007.0,2509450
2020-07-07,996.8488159179688,1016.25,1029.0,1007.0,1015.0,3538454
2020-07-08,972.22802734375,991.1500244140625,1029.0,987.0499877929688,1026.0,4272654
2020-07-09,972.66943359375,991.5999755859375,1002.5,978.3499755859375,995.0,3585878
2020-07-10,943.4873657226562,961.8499755859375,987.0,957.4000244140625,985.0499877929688,3691688
2020-07-13,947.9014892578125,966.3499755859375,973.9500122070312,959.0,973.9500122070312,2760626
2020-07-14,955.209228515625,973.7999877929688,977.9000244140625,955.0,960.0,3642970
2020-07-15,949.4710083007812,967.9500122070312,985.7999877929688,963.4000244140625,979.0,2366530
2020-07-16,942.9970092773438,961.3499755859375,972.9500122070312,941.7999877929688,968.5,2914310
2020-07-17,978.8001098632812,997.8499755859375,1000.0,956.4500122070312,960.0,3843594
2020-07-20,982.57666015625,1001.7000122070312,1012.5,986.0,1000.0,3349775
2020-07-21,995.7698364257812,1015.1500244140625,1017.4000244140625,999.25,1004.0,2491480
2020-07-22,1037.507568359375,1057.699951171875,1065.949951171875,1015.5999755859375,1020.25,7642553
2020-07-23,1049.7689208984375,1070.199951171875,1083.0,1051.0999755859375,1067.949951171875,6785686
2020-07-24,1037.409423828125,1057.5999755859375,1066.0,1032.699951171875,1064.800048828125,4407065
2020-07-27,1022.205322265625,1042.0999755859375,1072.5,1039.3499755859375,1057.0,2783336
2020-07-28,1032.6029052734375,1052.699951171875,1054.949951171875,1028.550048828125,1045.0,3129955
2020-07-29,1020.5868530273438,1040.449951171875,1066.75,1036.199951171875,1056.800048828125,2332468
2020-07-30,1021.9599609375,1041.8499755859375,1057.699951171875,1039.949951171875,1042.0,2297977
2020-07-31,1023.3333740234375,1043.25,1051.0999755859375,1032.699951171875,1045.5,1786573
2020-08-03,1060.849853515625,1077.3499755859375,1094.6500244140625,1043.0,1047.0,7646498
2020-08-04,1058.7327880859375,1075.199951171875,1089.199951171875,1065.25,1088.949951171875,3357481
2020-08-05,1088.51953125,1105.449951171875,1114.449951171875,1078.0,1083.0,5465772
2020-08-06,1102.994384765625,1120.1500244140625,1125.0,1091.25,1105.449951171875,4499103
2020-08-07,1074.34033203125,1091.050048828125,1131.4000244140625,1086.050048828125,1114.949951171875,4553672
2020-08-10,1090.58740234375,1107.550048828125,1114.5999755859375,1084.0,1093.0,5185798
2020-08-11,1049.919921875,1066.25,1087.699951171875,1048.5999755859375,1074.0,11189277
2020-08-12,1040.1715087890625,1056.3499755859375,1076.9000244140625,1048.550048828125,1068.0,6260227
2020-08-13,1080.8388671875,1097.6500244140625,1103.1500244140625,1062.0,1064.050048828125,5476727
2020-08-14,1087.239501953125,1104.1500244140625,1119.0,1090.050048828125,1097.6500244140625,4149195
2020-08-17,1106.6376953125,1123.8499755859375,1126.199951171875,1106.0,1113.0,3033448
2020-08-18,1128.0054931640625,1145.550048828125,1151.800048828125,1125.0999755859375,1128.949951171875,4134374
2020-08-19,1130.8116455078125,1148.4000244140625,1159.0,1145.0,1158.8499755859375,2570066
2020-08-20,1108.45947265625,1125.699951171875,1138.4000244140625,1118.800048828125,1130.050048828125,2727302
2020-08-21,1120.6695556640625,1138.0999755859375,1143.800048828125,1129.0999755859375,1137.699951171875,2181243
2020-08-24,1109.394775390625,1126.6500244140625,1146.75,1124.0,1140.0,2122417
2020-08-25,1119.0938720703125,1136.5,1139.0,1122.9000244140625,1131.0,1465877
2020-08-26,1116.8292236328125,1134.199951171875,1150.0,1127.1500244140625,1139.699951171875,2009966
2020-08-27,1120.2264404296875,1137.6500244140625,1148.5,1127.0,1140.0,1459135
2020-08-28,1116.7308349609375,1134.0999755859375,1148.25,1131.5999755859375,1148.25,1628956
2020-08-31,1083.6453857421875,1100.5,1153.0,1086.0,1131.0,3373546
2020-09-01,1102.8961181640625,1120.050048828125,1129.6500244140625,1095.6500244140625,1105.0,2043953
2020-09-02,1104.126708984375,1121.300048828125,1124.6500244140625,1102.5999755859375,1116.949951171875,1919880
2020-09-03,1167.1466064453125,1185.300048828125,1191.5999755859375,1121.300048828125,1121.300048828125,5945052
2020-09-04,1141.4954833984375,1159.25,1198.050048828125,1155.0,1161.5999755859375,3490945
2020-09-07,1149.8162841796875,1167.699951171875,1176.449951171875,1149.300048828125,1164.0,2166322
2020-09-08,1144.7449951171875,1162.550048828125,1174.0999755859375,1154.5999755859375,1167.699951171875,1994062
2020-09-09,1143.3172607421875,1161.0999755859375,1171.800048828125,1148.300048828125,1156.9000244140625,1918422
2020-09-10,1137.5567626953125,1155.25,1165.8499755859375,1138.75,1165.0,1841208
2020-09-11,1149.8653564453125,1167.75,1194.0,1155.0,1156.0,5572098
2020-09-14,1169.80517578125,1188.0,1191.5999755859375,1167.949951171875,1168.5,2019325
2020-09-15,1156.5614013671875,1174.550048828125,1220.0,1170.1500244140625,1194.800048828125,5204233
2020-09-16,1163.6016845703125,1181.699951171875,1189.0,1164.699951171875,1180.0,2463561
2020-09-17,1164.291015625,1182.4000244140625,1191.550048828125,1168.050048828125,1174.949951171875,2019300
2020-09-18,1145.77880859375,1163.5999755859375,1201.5,1157.3499755859375,1185.0,2575064
2020-09-21,1102.748291015625,1119.9000244140625,1171.800048828125,1115.050048828125,1163.5999755859375,2666086
2020-09-22,1087.53466796875,1104.449951171875,1127.5,1093.1500244140625,1120.0,2000953
2020-09-23,1100.089599609375,1117.199951171875,1121.949951171875,1103.0,1107.5,2068183
2020-09-24,1079.362060546875,1096.1500244140625,1113.9000244140625,1076.0,1113.0,2356296
2020-09-25,1092.3597412109375,1109.3499755859375,1115.0,1081.25,1097.550048828125,2275740
2020-09-28,1121.3095703125,1138.75,1143.949951171875,1108.3499755859375,1119.0,2509616
2020-09-29,1149.42236328125,1167.300048828125,1174.1500244140625,1139.3499755859375,1145.0,3586518
2020-09-30,1182.9508056640625,1201.3499755859375,1205.0,1163.25,1173.0,3635996
2020-10-01,1180.292236328125,1198.6500244140625,1211.0,1182.0,1203.5999755859375,2990243
2020-10-05,1176.05810546875,1194.3499755859375,1216.0,1188.699951171875,1201.0,2151235
2020-10-06,1181.5721435546875,1199.949951171875,1215.949951171875,1192.0,1204.0,2087249
2020-10-07,1234.7945556640625,1254.0,1268.0,1200.449951171875,1205.0,9411156
2020-10-08,1234.942138671875,1254.1500244140625,1262.550048828125,1233.5999755859375,1257.0,3144780
2020-10-09,1235.9759521484375,1255.199951171875,1269.0,1247.5,1254.1500244140625,1873176
2020-10-12,1237.502197265625,1256.75,1261.3499755859375,1236.0,1260.199951171875,2009418
2020-10-13,1210.029541015625,1228.8499755859375,1281.9000244140625,1223.6500244140625,1257.550048828125,4735253
2020-10-14,1204.71240234375,1223.449951171875,1248.949951171875,1218.550048828125,1224.3499755859375,4096708
2020-10-15,1195.01318359375,1213.5999755859375,1237.550048828125,1210.0,1222.9000244140625,2727327
2020-10-16,1204.4169921875,1223.1500244140625,1240.050048828125,1216.0,1216.050048828125,2772602
2020-10-19,1209.98046875,1228.800048828125,1234.5999755859375,1213.0999755859375,1225.0999755859375,1606979
2020-10-20,1214.6085205078125,1233.5,1245.550048828125,1217.0999755859375,1230.0,2841242
2020-10-21,1225.63671875,1244.699951171875,1256.550048828125,1229.0,1241.0,2687516
2020-10-22,1210.620361328125,1229.449951171875,1253.0,1220.0,1240.1500244140625,1973416
2020-10-23,1222.682861328125,1241.699951171875,1247.800048828125,1231.199951171875,1235.0,1527141
2020-10-26,1196.8841552734375,1215.5,1250.0,1210.5,1250.0,1425518
2020-10-27,1212.9344482421875,1231.800048828125,1237.0,1213.550048828125,1219.0,1778338
2020-10-28,1198.361083984375,1217.0,1241.0,1185.3499755859375,1231.800048828125,4810354
2020-10-29,1160.1552734375,1178.199951171875,1201.0,1155.550048828125,1201.0,5274120
2020-10-30,1147.8961181640625,1165.75,1187.800048828125,1159.0999755859375,1176.4000244140625,2275592
2020-11-02,1150.6038818359375,1168.5,1182.0,1154.0,1167.5,2502801
2020-11-03,1181.5721435546875,1199.949951171875,1205.300048828125,1174.800048828125,1178.0,2079628
2020-11-04,1197.0318603515625,1215.6500244140625,1217.9000244140625,1192.699951171875,1199.949951171875,2043263
2020-11-05,1223.0767822265625,1242.0999755859375,1253.8499755859375,1210.25,1224.1500244140625,2215527
2020-11-06,1234.302001953125,1253.5,1265.8499755859375,1239.0,1242.0999755859375,2546487
2020-11-09,1265.368896484375,1285.050048828125,1287.699951171875,1252.449951171875,1265.4000244140625,1840061
2020-11-10,1285.4073486328125,1305.4000244140625,1312.0,1274.3499755859375,1286.0,2898878
2020-11-11,1255.1773681640625,1274.699951171875,1318.699951171875,1263.699951171875,1309.9000244140625,2872916
2020-11-12,1258.5252685546875,1278.0999755859375,1296.0,1267.0,1286.949951171875,3650248
2020-11-13,1268.716796875,1288.449951171875,1304.0,1278.449951171875,1297.0,3107920
2020-11-14,1267.0921630859375,1286.800048828125,1297.9000244140625,1279.0999755859375,1295.0,288198
2020-11-17,1282.0101318359375,1301.949951171875,1304.800048828125,1277.300048828125,1297.0,2185705
2020-11-18,1260.4947509765625,1280.0999755859375,1303.0,1267.0,1301.949951171875,2934467
2020-11-19,1272.655517578125,1292.449951171875,1345.5999755859375,1270.050048828125,1278.550048828125,6942825
2020-11-20,1344.2420654296875,1365.1500244140625,1371.300048828125,1295.5999755859375,1295.949951171875,10421957
2020-11-23,1326.9609375,1347.5999755859375,1375.0,1332.0,1375.0,2995116
2020-11-24,1306.82421875,1327.1500244140625,1364.449951171875,1323.25,1347.5999755859375,2876893
2020-11-25,1286.9334716796875,1306.949951171875,1345.0,1300.3499755859375,1331.0,3417818
2020-11-26,1307.0703125,1327.4000244140625,1333.0,1308.1500244140625,1316.949951171875,2819881
2020-11-27,1340.3526611328125,1361.199951171875,1368.4000244140625,1313.550048828125,1333.0,5497388
2020-12-01,1320.560302734375,1341.0999755859375,1386.4000244140625,1335.0,1383.0,2881906
2020-12-02,1367.7269287109375,1389.0,1392.050048828125,1343.5,1347.949951171875,2969071
2020-12-03,1396.775146484375,1418.5,1424.0,1386.050048828125,1398.9000244140625,3939085
2020-12-04,1415.1395263671875,1437.1500244140625,1440.550048828125,1413.699951171875,1418.5,2229459
2020-12-07,1403.470947265625,1425.300048828125,1436.0,1418.0,1436.0,1430365
2020-12-08,1405.9818115234375,1427.8499755859375,1435.6500244140625,1412.3499755859375,1425.300048828125,1666175
2020-12-09,1404.3077392578125,1426.1500244140625,1435.0,1417.550048828125,1430.0,1579066
2020-12-10,1402.3876953125,1424.199951171875,1445.0,1415.550048828125,1428.0,2588422
2020-12-11,1420.3089599609375,1442.4000244140625,1449.8499755859375,1423.0,1427.5,1398271
2020-12-14,1441.03662109375,1463.449951171875,1469.5,1445.0,1451.0,2453825
2020-12-15,1446.2554931640625,1468.75,1476.0,1449.300048828125,1460.5,2035503
2020-12-16,1481.40869140625,1504.449951171875,1510.0,1469.199951171875,1477.0,2638988
2020-12-17,1478.9468994140625,1501.949951171875,1520.0,1492.300048828125,1495.1500244140625,1951230
2020-12-18,1496.0804443359375,1519.3499755859375,1525.0,1497.0999755859375,1502.0,3299825
2020-12-21,1449.111083984375,1471.6500244140625,1528.550048828125,1451.0,1514.199951171875,2298069
2020-12-22,1475.84521484375,1498.800048828125,1510.0,1451.199951171875,1466.0,3305444
2020-12-23,1468.0169677734375,1490.8499755859375,1519.800048828125,1478.050048828125,1504.699951171875,2847742
2020-12-24,1472.98974609375,1495.9000244140625,1520.0,1486.0,1520.0,1947894
2020-12-28,1519.9100341796875,1543.550048828125,1547.6500244140625,1496.1500244140625,1503.300048828125,2497242
2020-12-29,1516.5128173828125,1540.0999755859375,1556.8499755859375,1528.449951171875,1554.0,2081338
2020-12-30,1528.8211669921875,1552.5999755859375,1555.699951171875,1533.300048828125,1548.0,1151230
2020-12-31,1543.1484375,1567.1500244140625,1571.0,1544.199951171875,1549.0,2031709
2021-01-01,1534.7293701171875,1558.5999755859375,1573.0,1555.949951171875,1562.0999755859375,1003018
2021-01-04,1527.147216796875,1550.9000244140625,1567.0,1538.0,1566.0,1383979
2021-01-05,1546.8902587890625,1570.949951171875,1576.8499755859375,1541.5,1545.0,1351709
2021-01-06,1548.5150146484375,1572.5999755859375,1621.3499755859375,1561.8499755859375,1578.0,3312171
2021-01-07,1518.7281494140625,1542.3499755859375,1570.0,1535.0,1570.0,2820445
2021-01-08,1524.882568359375,1548.5999755859375,1555.300048828125,1521.5,1547.9000244140625,3478504
2021-01-11,1539.9482421875,1563.9000244140625,1572.0,1545.699951171875,1560.0,1425529
2021-01-12,1503.711669921875,1527.0999755859375,1560.800048828125,1524.0,1560.0,2550741
2021-01-13,1482.738037109375,1505.800048828125,1536.0,1495.0,1530.0,3527208
2021-01-14,1467.1307373046875,1489.949951171875,1517.8499755859375,1480.050048828125,1508.0,2814477
2021-01-15,1454.625244140625,1477.25,1509.0,1471.300048828125,1489.949951171875,1725346
2021-01-18,1480.5224609375,1503.550048828125,1509.0,1460.0,1467.0,2302268
2021-01-19,1496.6220703125,1519.9000244140625,1524.0,1501.0,1518.0,2279346
2021-01-20,1507.8475341796875,1531.300048828125,1541.0,1519.9000244140625,1519.9000244140625,1838240
2021-01-21,1494.0618896484375,1517.300048828125,1549.8499755859375,1512.050048828125,1533.0999755859375,1558030
2021-01-22,1468.361572265625,1491.199951171875,1534.699951171875,1487.0,1522.0,1364197
2021-01-25,1476.879150390625,1499.8499755859375,1512.800048828125,1478.75,1505.050048828125,1604484
2021-01-27,1418.6351318359375,1440.699951171875,1505.0,1432.0,1505.0,2021747
2021-01-28,1427.89111328125,1450.0999755859375,1454.449951171875,1415.6500244140625,1420.0,1850239
2021-01-29,1398.547607421875,1420.300048828125,1469.25,1415.25,1456.0,2435997
2021-02-01,1478.5531005859375,1501.550048828125,1508.550048828125,1423.6500244140625,1437.800048828125,2215933
2021-02-02,1462.69970703125,1485.449951171875,1536.0,1482.0,1515.0,1974202
2021-02-03,1501.7916259765625,1525.1500244140625,1529.0,1492.0,1492.0,1853072
2021-02-04,1490.41845703125,1513.5999755859375,1540.0,1488.0999755859375,1530.0,2728965
2021-02-05,1486.3321533203125,1509.449951171875,1538.949951171875,1504.5,1518.550048828125,1344007
2021-02-08,1518.088134765625,1541.699951171875,1564.8499755859375,1510.050048828125,1514.0,2683198
2021-02-09,1536.009521484375,1559.9000244140625,1584.6500244140625,1543.050048828125,1548.0,2364475
2021-02-10,1539.2095947265625,1563.1500244140625,1588.0,1526.0,1575.4000244140625,2125469
2021-02-11,1501.3485107421875,1524.699951171875,1575.9000244140625,1511.25,1552.0,5970196
2021-02-12,1471.315673828125,1494.199951171875,1536.699951171875,1491.0,1536.699951171875,3284441
2021-02-15,1462.0103759765625,1484.75,1518.5,1476.75,1506.0,3156535
2021-02-16,1449.3077392578125,1471.8499755859375,1505.0,1461.0,1492.1500244140625,3090249
2021-02-17,1438.0333251953125,1460.4000244140625,1483.0,1449.5,1469.4000244140625,2096959
2021-02-18,1411.0531005859375,1433.0,1471.9000244140625,1429.0,1465.0999755859375,2686046
2021-02-19,1403.7169189453125,1425.550048828125,1444.9000244140625,1412.800048828125,1434.0,2543997
2021-02-22,1383.72802734375,1405.25,1433.0999755859375,1396.0,1425.0,1931189
2021-02-23,1402.2401123046875,1424.050048828125,1436.949951171875,1400.1500244140625,1415.0,1871135
2021-02-24,1429.6143798828125,1451.8499755859375,1474.0,1424.050048828125,1424.050048828125,1143204
2021-02-25,1412.480712890625,1434.449951171875,1462.949951171875,1430.5,1460.0,1967386
2021-02-26,1385.352783203125,1406.9000244140625,1431.949951171875,1403.0999755859375,1420.0,2715597
2021-03-01,1429.9097900390625,1452.1500244140625,1466.0,1416.5999755859375,1421.5,1962042
2021-03-02,1448.61865234375,1471.1500244140625,1474.0,1450.0,1469.0,1293306
2021-03-03,1452.015869140625,1474.5999755859375,1481.6500244140625,1466.1500244140625,1472.0,1227772
2021-03-04,1447.978759765625,1470.5,1487.6500244140625,1450.550048828125,1452.0,1822476
2021-03-05,1451.6219482421875,1474.199951171875,1493.0,1462.199951171875,1465.0,1954113
2021-03-08,1434.4393310546875,1456.75,1481.25,1451.0,1475.0,1060584
2021-03-09,1434.5870361328125,1456.9000244140625,1478.9000244140625,1445.0,1470.0,941590
2021-03-10,1448.717041015625,1471.25,1481.0,1463.0,1470.0,1257628
2021-03-12,1459.794921875,1482.5,1507.800048828125,1478.5,1480.0,2631081
2021-03-15,1469.34619140625,1492.199951171875,1496.9000244140625,1471.0,1496.9000244140625,1482287
2021-03-16,1477.9622802734375,1500.949951171875,1531.0,1496.9000244140625,1505.0,3191850
2021-03-17,1449.997314453125,1472.550048828125,1499.550048828125,1470.050048828125,1494.25,1195023
2021-03-18,1445.7138671875,1468.199951171875,1492.9000244140625,1463.0,1485.5999755859375,1242978
2021-03-19,1443.0059814453125,1465.449951171875,1470.8499755859375,1432.050048828125,1450.0,2360672
2021-03-22,1437.9349365234375,1460.300048828125,1468.6500244140625,1448.0,1465.0,1331121
2021-03-23,1472.4481201171875,1495.3499755859375,1514.800048828125,1454.0,1460.300048828125,2534795
2021-03-24,1465.3583984375,1488.1500244140625,1508.800048828125,1476.449951171875,1486.0,1871092
2021-03-25,1428.629638671875,1450.8499755859375,1498.5,1447.75,1484.0999755859375,1609996
2021-03-26,1482.787353515625,1505.8499755859375,1512.4000244140625,1457.0,1459.9000244140625,1922278
2021-03-30,1528.427490234375,1552.199951171875,1563.0,1510.0,1510.0,3466042
2021-03-31,1534.187744140625,1558.050048828125,1567.4000244140625,1536.75,1549.9000244140625,1431746
2021-04-01,1535.4678955078125,1559.3499755859375,1593.300048828125,1551.550048828125,1560.0,1343989
2021-04-05,1511.49072265625,1535.0,1559.0,1500.0,1541.0999755859375,1376233
2021-04-06,1502.1363525390625,1525.5,1548.0,1509.0,1529.5,1400544
2021-04-07,1490.910888671875,1514.0999755859375,1561.449951171875,1508.0,1522.0999755859375,2592185
2021-04-08,1547.23486328125,1571.300048828125,1579.0,1525.5,1529.25,2085919
2021-04-09,1567.6177978515625,1592.0,1618.0,1561.300048828125,1569.9000244140625,3569146
2021-04-12,1487.3167724609375,1510.449951171875,1572.6500244140625,1502.25,1571.0,1889829
2021-04-13,1507.1580810546875,1530.5999755859375,1553.300048828125,1516.6500244140625,1528.5999755859375,1880575
2021-04-15,1514.9864501953125,1538.550048828125,1554.5,1515.550048828125,1545.0,1313429
2021-04-16,1525.32568359375,1549.050048828125,1559.800048828125,1529.800048828125,1529.800048828125,1501276
2021-04-19,1495.4404296875,1518.699951171875,1532.449951171875,1500.0999755859375,1525.0,1439975
2021-04-20,1499.576171875,1522.9000244140625,1560.0,1510.0,1524.199951171875,1789104
2021-04-22,1458.170166015625,1480.8499755859375,1530.0,1473.1500244140625,1530.0,2200432
2021-04-23,1439.067138671875,1461.449951171875,1496.9000244140625,1451.5999755859375,1478.0,1726070
2021-04-26,1457.185302734375,1479.8499755859375,1489.75,1465.1500244140625,1470.0,1020499
2021-04-27,1472.2017822265625,1495.0999755859375,1503.550048828125,1482.0,1485.0,1145908
2021-04-28,1485.7412109375,1508.8499755859375,1514.9000244140625,1491.699951171875,1505.0,1037771
2021-04-29,1483.7227783203125,1506.800048828125,1527.5,1497.0,1524.0,1927546
2021-04-30,1468.8046875,1491.6500244140625,1516.550048828125,1471.0,1500.0,3691399
2021-05-03,1402.141357421875,1423.949951171875,1477.0,1421.0,1477.0,3945733
2021-05-04,1381.4140625,1402.9000244140625,1434.0,1400.050048828125,1434.0,3194977
2021-05-05,1406.5234375,1428.4000244140625,1431.9000244140625,1403.4000244140625,1406.0,1819256
2021-05-06,1422.2784423828125,1444.4000244140625,1448.449951171875,1431.0,1435.800048828125,1464006
2021-05-07,1424.34619140625,1446.5,1459.25,1439.9000244140625,1449.0,1190019
2021-05-10,1432.8638916015625,1455.1500244140625,1469.75,1445.0,1454.4000244140625,1322561
2021-05-11,1413.2684326171875,1435.25,1457.949951171875,1432.0,1439.0999755859375,1582827
2021-05-12,1432.666748046875,1454.949951171875,1460.0,1425.8499755859375,1431.0,1358169
2021-05-14,1433.552978515625,1455.8499755859375,1477.800048828125,1433.0,1469.0,1876873
2021-05-17,1445.8123779296875,1468.300048828125,1470.800048828125,1438.0,1462.0,2218758
2021-05-18,1515.6756591796875,1539.25,1547.0999755859375,1476.25,1480.0,3075596
2021-05-19,1497.85302734375,1521.1500244140625,1553.9000244140625,1516.800048828125,1522.25,1504440
2021-05-20,1507.896728515625,1531.3499755859375,1566.25,1522.5,1523.0,3032029
2021-05-21,1514.78955078125,1538.3499755859375,1552.8499755859375,1533.550048828125,1552.199951171875,1158893
2021-05-24,1497.458984375,1520.75,1535.0,1505.449951171875,1532.1500244140625,1126532
2021-05-25,1545.1177978515625,1569.1500244140625,1574.9000244140625,1535.0,1536.0,2530758
2021-05-26,1558.706298828125,1582.949951171875,1614.0,1576.6500244140625,1580.0,3839248
2021-05-27,1569.8333740234375,1594.25,1606.949951171875,1567.3499755859375,1590.699951171875,2810155
2021-05-28,1552.84765625,1577.0,1612.25,1570.550048828125,1595.0,1028675
2021-05-31,1571.802734375,1596.25,1608.25,1569.0,1570.6500244140625,1525715
2021-06-01,1567.0269775390625,1591.4000244140625,1612.0,1589.300048828125,1608.0,1111933
2021-06-02,1561.414306640625,1585.699951171875,1596.75,1564.199951171875,1581.0,1859258
2021-06-03,1665.29833984375,1691.199951171875,1702.300048828125,1588.550048828125,1601.0,7221910
2021-06-04,1653.777587890625,1679.5,1713.800048828125,1665.5,1713.800048828125,2952017
2021-06-07,1659.2919921875,1685.0999755859375,1713.8499755859375,1676.0,1685.8499755859375,1471576
2021-06-08,1686.2723388671875,1712.5,1726.0,1674.199951171875,1686.0,1743285
2021-06-09,1704.24267578125,1730.75,1739.9000244140625,1696.1500244140625,1714.949951171875,2551140
2021-06-10,1712.0218505859375,1738.6500244140625,1745.8499755859375,1722.199951171875,1741.4000244140625,1850763
2021-06-11,1701.97802734375,1728.449951171875,1743.0,1724.550048828125,1736.550048828125,761647
2021-06-14,1708.23095703125,1734.800048828125,1740.0,1713.0,1728.449951171875,887780
2021-06-15,1697.0054931640625,1723.4000244140625,1748.949951171875,1719.5999755859375,1748.0,868275
2021-06-16,1688.6846923828125,1714.949951171875,1729.0,1706.5,1724.0,1116772
2021-06-17,1685.189208984375,1711.4000244140625,1722.0,1701.4000244140625,1706.0,546515
2021-06-18,1685.0908203125,1711.300048828125,1725.0,1686.0,1700.0999755859375,2018319
2021-06-21,1716.1575927734375,1742.8499755859375,1747.550048828125,1690.75,1699.0,925811
2021-06-22,1730.0908203125,1757.0,1770.800048828125,1748.0,1750.0999755859375,2083172
2021-06-23,1755.24951171875,1782.550048828125,1786.0,1755.050048828125,1757.0,1608518
2021-06-24,1753.575439453125,1780.8499755859375,1792.949951171875,1767.5999755859375,1785.0,1271298
2021-06-25,1726.989013671875,1753.8499755859375,1792.0,1742.0,1785.0,1378327
2021-06-28,1701.584228515625,1728.050048828125,1768.5,1719.75,1768.5,1339433
2021-06-29,1705.079833984375,1731.5999755859375,1746.0,1721.25,1735.800048828125,1236704
2021-06-30,1705.9659423828125,1732.5,1755.3499755859375,1728.1500244140625,1738.0,803926
2021-07-01,1713.646728515625,1740.300048828125,1746.4000244140625,1725.75,1729.0,567971
2021-07-02,1727.8753662109375,1754.75,1767.8499755859375,1740.199951171875,1755.0,1259675
2021-07-05,1723.0994873046875,1749.9000244140625,1762.9000244140625,1743.0,1760.0,632904
2021-07-06,1735.8018798828125,1762.800048828125,1774.0,1746.050048828125,1750.0,960973
2021-07-07,1700.79638671875,1727.25,1783.4000244140625,1718.0,1762.800048828125,2188364
2021-07-08,1699.91015625,1726.3499755859375,1746.0,1721.25,1730.0,1167637
2021-07-09,1694.2481689453125,1720.5999755859375,1739.949951171875,1718.0,1724.0,831213
2021-07-12,1693.5096435546875,1719.8499755859375,1739.199951171875,1711.9000244140625,1730.0,792602
2021-07-13,1697.8424072265625,1724.25,1735.0,1717.449951171875,1730.0,797913
2021-07-14,1684.1551513671875,1710.3499755859375,1728.5999755859375,1705.0,1726.0,891780
2021-07-15,1675.489990234375,1701.550048828125,1716.75,1694.5,1705.5,943422
2021-07-16,1669.3848876953125,1695.3499755859375,1710.0,1688.6500244140625,1706.9000244140625,907734
2021-07-19,1654.61474609375,1680.3499755859375,1709.25,1674.9000244140625,1694.3499755859375,831260
2021-07-20,1645.8017578125,1671.4000244140625,1691.449951171875,1662.5,1680.3499755859375,819793
2021-07-22,1679.706787109375,1701.75,1714.6500244140625,1682.199951171875,1695.0,1146821
2021-07-23,1678.9171142578125,1700.949951171875,1725.949951171875,1697.0,1714.6500244140625,1053239
2021-07-26,1700.533447265625,1722.8499755859375,1736.8499755859375,1700.0,1700.9000244140625,1435514
2021-07-27,1706.6533203125,1729.050048828125,1742.4000244140625,1713.3499755859375,1733.0,1075244
2021-07-28,1701.2244873046875,1723.550048828125,1749.199951171875,1715.5999755859375,1730.0,1714957
2021-07-29,1716.6224365234375,1739.1500244140625,1756.300048828125,1727.800048828125,1739.0,1346162
2021-07-30,1692.3411865234375,1714.550048828125,1747.9000244140625,1711.199951171875,1742.0,1199644
2021-08-02,1748.6026611328125,1771.550048828125,1776.0,1725.0,1728.0,1718511
2021-08-03,1816.36328125,1840.199951171875,1854.949951171875,1777.1500244140625,1780.0,5956344
2021-08-04,1776.289306640625,1799.5999755859375,1858.6500244140625,1795.0,1857.199951171875,2040687
2021-08-05,1775.9932861328125,1799.300048828125,1821.199951171875,1763.199951171875,1820.050048828125,2301814
2021-08-06,1764.5927734375,1787.75,1796.3499755859375,1778.0,1796.0,877876
2021-08-09,1775.84521484375,1799.1500244140625,1831.5999755859375,1777.75,1787.75,1770502
2021-08-10,1775.8944091796875,1799.199951171875,1822.0,1793.3499755859375,1810.0,862746
2021-08-11,1766.221435546875,1789.4000244140625,1815.0,1773.550048828125,1805.0,748179
2021-08-12,1799.9783935546875,1823.5999755859375,1829.5999755859375,1781.0,1798.0,889082
2021-08-13,1814.0931396484375,1837.9000244140625,1841.0,1818.75,1830.0,1194666
2021-08-16,1813.4022216796875,1837.199951171875,1847.050048828125,1817.0,1828.0,461655
2021-08-17,1850.1697998046875,1874.449951171875,1878.3499755859375,1828.6500244140625,1840.0,1917077
2021-08-18,1855.944091796875,1880.300048828125,1890.6500244140625,1860.0,1887.800048828125,1029077
2021-08-20,1852.4893798828125,1876.800048828125,1892.300048828125,1857.949951171875,1859.4000244140625,1070166
2021-08-23,1846.1226806640625,1870.3499755859375,1895.0,1847.8499755859375,1889.0,1092285
2021-08-24,1845.382568359375,1869.5999755859375,1887.300048828125,1852.5999755859375,1883.0,1003905
2021-08-25,1799.040771484375,1822.6500244140625,1869.699951171875,1820.0,1860.0,1280400
2021-08-26,1791.8353271484375,1815.3499755859375,1834.5999755859375,1805.25,1822.6500244140625,1059290
2021-08-27,1798.9422607421875,1822.550048828125,1830.0,1797.0,1824.0,1020589
2021-08-30,1854.117919921875,1878.449951171875,1886.949951171875,1831.800048828125,1835.0,1670309
2021-08-31,1896.708984375,1921.5999755859375,1925.0,1875.550048828125,1878.449951171875,1816071
2021-09-01,1914.2784423828125,1939.4000244140625,1953.949951171875,1915.0,1925.199951171875,1247432
2021-09-02,1941.6195068359375,1967.0999755859375,1979.5,1946.8499755859375,1958.5,1167157
2021-09-03,1993.1436767578125,2019.300048828125,2024.4000244140625,1970.0999755859375,1970.0999755859375,1548784
2021-09-06,1994.47607421875,2020.6500244140625,2032.8499755859375,2006.1500244140625,2025.0,679133
2021-09-07,2007.5545654296875,2033.9000244140625,2039.9000244140625,2012.699951171875,2014.0,773091
2021-09-08,2029.3187255859375,2055.949951171875,2067.0,2015.050048828125,2033.949951171875,796813
2021-09-09,2007.94921875,2034.300048828125,2060.0,2021.050048828125,2052.0,653397
2021-09-13,2004.3465576171875,2030.6500244140625,2043.449951171875,2021.1500244140625,2037.0,786459
2021-09-14,2029.0718994140625,2055.699951171875,2061.5,2032.050048828125,2038.9000244140625,888765
2021-09-15,2092.391357421875,2119.85009765625,2133.0,2060.0,2060.0,2795995
2021-09-16,2081.385498046875,2108.699951171875,2132.949951171875,2095.050048828125,2132.949951171875,725123
2021-09-17,2068.455322265625,2095.60009765625,2150.0,2080.0,2113.949951171875,1727410
2021-09-20,2050.44189453125,2077.35009765625,2096.0,2070.550048828125,2088.0,411738
2021-09-21,2058.83154296875,2085.85009765625,2097.5,2062.10009765625,2075.0,539788
2021-09-22,2054.09375,2081.050048828125,2110.949951171875,2073.39990234375,2096.800048828125,1057480
2021-09-23,2077.782958984375,2105.050048828125,2113.75,2076.60009765625,2090.0,711634
2021-09-24,2065.7900390625,2092.89990234375,2115.0,2085.0,2105.0,540771
2021-09-27,2063.1748046875,2090.25,2107.35009765625,2077.199951171875,2099.0,507550
2021-09-28,2101.71875,2129.300048828125,2138.0,2083.050048828125,2083.199951171875,923489
2021-09-29,2119.682861328125,2147.5,2167.89990234375,2110.050048828125,2129.0,912912
2021-09-30,2133.84716796875,2161.85009765625,2185.0,2136.300048828125,2149.89990234375,1374265
2021-10-01,2135.722412109375,2163.75,2175.0,2122.64990234375,2157.0,626710
2021-10-04,2127.3818359375,2155.300048828125,2174.300048828125,2138.0,2160.0,870878
2021-10-05,2164.248291015625,2192.64990234375,2206.64990234375,2130.0,2155.300048828125,1329784
2021-10-06,2119.830810546875,2147.64990234375,2204.699951171875,2135.10009765625,2194.0,895210
2021-10-07,2344.581787109375,2375.35009765625,2384.25,2250.0,2255.0,8361061
2021-10-08,2327.65380859375,2358.199951171875,2420.0,2353.0,2420.0,1845797
2021-10-11,2331.799072265625,2362.39990234375,2406.10009765625,2357.550048828125,2377.0,1056932
2021-10-12,2460.312744140625,2492.60009765625,2507.800048828125,2342.64990234375,2365.0,3517011
2021-10-13,2504.335205078125,2537.199951171875,2608.949951171875,2490.0,2539.89990234375,4023645
2021-10-14,2530.837158203125,2564.050048828125,2584.0,2532.35009765625,2575.300048828125,1546459
2021-10-18,2555.266845703125,2588.800048828125,2677.89990234375,2575.5,2620.0,2572741
2021-10-19,2452.71240234375,2484.89990234375,2638.0,2468.75,2638.0,3546129
2021-10-20,2380.164306640625,2411.39990234375,2505.550048828125,2403.0,2487.10009765625,2868983
2021-10-21,2364.66796875,2395.699951171875,2435.949951171875,2380.050048828125,2433.89990234375,2303014
2021-10-22,2380.7568359375,2412.0,2494.949951171875,2398.0,2417.39990234375,3063724
2021-10-25,2348.332275390625,2379.14990234375,2412.0,2340.0,2405.0,1446182
2021-10-26,2422.952880859375,2454.75,2468.449951171875,2371.0,2390.0,2567357
2021-10-27,2428.23388671875,2460.10009765625,2482.35009765625,2452.199951171875,2468.0,2082690
2021-10-28,2344.3837890625,2375.14990234375,2470.0,2360.0,2470.0,3330380
2021-10-29,2352.67529296875,2383.550048828125,2404.0,2346.550048828125,2400.0,1450019
2021-11-01,2375.130859375,2406.300048828125,2441.449951171875,2390.35009765625,2441.449951171875,1276469
2021-11-02,2422.16357421875,2453.949951171875,2464.800048828125,2421.050048828125,2422.800048828125,1546219
2021-11-03,2386.629638671875,2417.949951171875,2471.64990234375,2406.050048828125,2462.0,1554405
2021-11-04,2400.2509765625,2431.75,2444.800048828125,2422.0,2439.0,181506
2021-11-08,2503.890869140625,2536.75,2548.699951171875,2448.300048828125,2477.89990234375,3449086
2021-11-09,2479.560302734375,2512.10009765625,2543.800048828125,2491.14990234375,2528.949951171875,1097405
2021-11-10,2452.41650390625,2484.60009765625,2526.85009765625,2472.199951171875,2505.0,911235
2021-11-11,2495.352783203125,2528.10009765625,2542.800048828125,2476.300048828125,2484.0,1726010
2021-11-12,2506.60546875,2539.5,2561.75,2523.0,2547.85009765625,1673817
2021-11-15,2506.50634765625,2539.39990234375,2572.699951171875,2531.699951171875,2551.0,846885
2021-11-16,2498.955810546875,2531.75,2551.35009765625,2520.14990234375,2550.10009765625,1133767
2021-11-17,2466.975341796875,2499.35009765625,2539.0,2491.10009765625,2522.89990234375,892518
2021-11-18,2446.09912109375,2478.199951171875,2520.0,2456.5,2492.0,739912
2021-11-22,2360.3251953125,2391.300048828125,2492.39990234375,2353.0,2492.39990234375,1361329
2021-11-23,2356.771484375,2387.699951171875,2410.949951171875,2365.050048828125,2380.0,1247942
2021-11-24,2345.074951171875,2375.85009765625,2405.25,2365.0,2400.0,614145
2021-11-25,2366.74072265625,2397.800048828125,2403.199951171875,2355.14990234375,2360.0,662071
2021-11-26,2262.607177734375,2292.300048828125,2385.10009765625,2285.050048828125,2377.800048828125,1289322
2021-11-29,2294.09375,2324.199951171875,2334.39990234375,2231.39990234375,2290.0,1094276
2021-11-30,2344.7294921875,2375.5,2390.0,2336.39990234375,2336.39990234375,2675375
2021-12-01,2329.627685546875,2360.199951171875,2441.949951171875,2347.39990234375,2409.800048828125,2177426
2021-12-02,2355.587158203125,2386.5,2422.5,2360.050048828125,2369.0,1682636
2021-12-03,2338.560302734375,2369.25,2405.449951171875,2355.050048828125,2405.0,1062389
2021-12-06,2295.18017578125,2325.300048828125,2379.85009765625,2318.39990234375,2361.35009765625,547641
2021-12-07,2349.71435546875,2380.550048828125,2385.85009765625,2325.35009765625,2336.5,904175
2021-12-08,2374.390380859375,2405.550048828125,2418.0,2377.10009765625,2385.0,926476
2021-12-09,2342.409912109375,2373.14990234375,2424.0,2355.85009765625,2424.0,1250492
2021-12-10,2309.048095703125,2339.35009765625,2385.39990234375,2296.300048828125,2385.39990234375,2288164
2021-12-13,2320.05322265625,2350.5,2386.0,2340.10009765625,2352.60009765625,992852
2021-12-14,2324.34716796875,2354.85009765625,2371.25,2318.75,2342.699951171875,765269
2021-12-15,2293.057373046875,2323.14990234375,2368.25,2317.449951171875,2355.10009765625,567271
2021-12-16,2326.716064453125,2357.25,2364.800048828125,2325.25,2344.10009765625,998086
2021-12-17,2250.861328125,2280.39990234375,2339.300048828125,2257.10009765625,2336.0,1591893
2021-12-20,2210.343505859375,2239.35009765625,2263.14990234375,2205.0,2259.699951171875,1063366
2021-12-21,2258.017578125,2287.64990234375,2310.0,2251.300048828125,2251.300048828125,883858
2021-12-22,2269.9609375,2299.75,2308.10009765625,2282.35009765625,2306.300048828125,643034
2021-12-23,2299.72021484375,2329.89990234375,2337.550048828125,2310.0,2320.0,613686
2021-12-24,2289.405517578125,2319.449951171875,2341.89990234375,2310.0,2340.10009765625,534065
2021-12-27,2301.10205078125,2331.300048828125,2344.0,2286.300048828125,2306.14990234375,537545
2021-12-28,2349.0234375,2379.85009765625,2384.949951171875,2327.5,2340.10009765625,871453
2021-12-29,2371.034423828125,2402.14990234375,2416.449951171875,2370.35009765625,2379.0,764644
2021-12-30,2405.72900390625,2437.300048828125,2448.0,2390.699951171875,2393.800048828125,1152684
2021-12-31,2489.726806640625,2522.39990234375,2535.0,2444.60009765625,2447.300048828125,2225749
2022-01-03,2491.157958984375,2523.85009765625,2546.0,2502.300048828125,2510.0,921729
2022-01-04,2549.541748046875,2583.0,2594.949951171875,2524.39990234375,2525.0,1037293
2022-01-05,2542.780517578125,2576.14990234375,2608.0,2560.10009765625,2576.0,1244568
2022-01-06,2562.274658203125,2595.89990234375,2601.35009765625,2538.449951171875,2540.0,1130508
2022-01-07,2539.375244140625,2572.699951171875,2687.25,2562.35009765625,2630.0,4625230
2022-01-10,2623.076904296875,2657.5,2663.550048828125,2571.0,2585.0,1894316
2022-01-11,2618.98046875,2653.35009765625,2678.75,2634.300048828125,2650.0,1123968
2022-01-12,2579.103759765625,2612.949951171875,2672.0,2608.0,2641.0,1293999
2022-01-13,2585.322265625,2619.25,2628.89990234375,2588.0,2611.0,1023670
2022-01-14,2559.165771484375,2592.75,2639.0,2588.85009765625,2626.0,1166457
2022-01-17,2563.9033203125,2597.550048828125,2604.300048828125,2550.39990234375,2592.75,1172956
2022-01-18,2566.913818359375,2600.60009765625,2635.0,2587.0,2598.0,1221314
2022-01-19,2555.365234375,2588.89990234375,2617.800048828125,2571.10009765625,2598.0,629040
2022-01-20,2531.084228515625,2564.300048828125,2610.0,2550.0,2597.0,1215237
2022-01-21,2495.402099609375,2528.14990234375,2561.89990234375,2505.0,2548.0,1457884
2022-01-24,2371.9228515625,2403.050048828125,2522.550048828125,2376.0,2520.0,1411443
2022-01-25,2345.716796875,2376.5,2407.75,2330.39990234375,2386.0,2849686
2022-01-27,2280.127197265625,2310.050048828125,2360.39990234375,2260.0,2327.0,2460051
2022-01-28,2285.605712890625,2315.60009765625,2377.800048828125,2308.0,2313.0,1317407
2022-01-31,2329.726318359375,2360.300048828125,2380.0,2336.35009765625,2353.0,900510
2022-02-01,2400.300537109375,2431.800048828125,2442.10009765625,2358.949951171875,2378.800048828125,1246431
2022-02-02,2432.083251953125,2464.0,2477.89990234375,2441.75,2451.0,1144427
2022-02-03,2442.891357421875,2474.949951171875,2506.550048828125,2417.0,2480.5,3883564
2022-02-04,2439.140380859375,2471.14990234375,2520.0,2430.0,2510.0,2718069
2022-02-07,2377.9931640625,2409.199951171875,2498.14990234375,2388.0,2480.0,1119632
2022-02-08,2411.996826171875,2443.64990234375,2465.0,2400.89990234375,2418.39990234375,1524580
2022-02-09,2452.61376953125,2484.800048828125,2495.0,2456.050048828125,2465.0,826261
2022-02-10,2459.572509765625,2491.85009765625,2503.949951171875,2465.550048828125,2499.949951171875,788689
2022-02-11,2410.614990234375,2442.25,2480.0,2421.25,2480.0,1030760
2022-02-14,2366.93798828125,2398.0,2423.0,2351.25,2380.0,816491
2022-02-15,2463.56982421875,2495.89990234375,2499.800048828125,2399.0,2421.949951171875,1293933
2022-02-16,2455.82177734375,2488.050048828125,2519.89990234375,2460.25,2510.0,1008929
2022-02-17,2460.905029296875,2493.199951171875,2537.5,2487.0,2509.5,960885
2022-02-18,2456.7099609375,2488.949951171875,2499.5,2460.800048828125,2479.300048828125,654373
2022-02-21,2422.558349609375,2454.35009765625,2488.0,2411.050048828125,2488.0,788568
2022-02-22,2418.363037109375,2450.10009765625,2457.0,2377.0,2377.0,874150
2022-02-23,2463.37255859375,2495.699951171875,2525.0,2452.0,2452.0,2096198
2022-02-24,2375.427001953125,2406.60009765625,2466.0,2395.0,2402.0,1875086
2022-02-25,2436.475341796875,2468.449951171875,2474.0,2423.5,2423.5,1284338
2022-02-28,2513.56396484375,2546.550048828125,2563.64990234375,2430.0,2430.0,2355891
2022-03-02,2559.066650390625,2592.64990234375,2604.800048828125,2524.35009765625,2550.0,3536974
2022-03-03,2540.905029296875,2574.25,2639.800048828125,2560.0,2620.0,2153478
2022-03-04,2409.381103515625,2441.0,2565.0,2430.0,2565.0,2652474
2022-03-07,2358.74560546875,2389.699951171875,2419.949951171875,2330.0,2414.800048828125,1545686
2022-03-08,2340.53466796875,2371.25,2419.5,2325.60009765625,2400.0,1467595
2022-03-09,2402.126220703125,2433.64990234375,2460.5,2375.0,2393.0,1581979
2022-03-10,2435.833984375,2467.800048828125,2504.75,2444.85009765625,2498.0,1051744
2022-03-11,2461.2998046875,2493.60009765625,2498.199951171875,2448.85009765625,2478.0,812330
2022-03-14,2506.11181640625,2539.0,2545.0,2475.0,2490.0,1004492
2022-03-15,2523.8291015625,2556.949951171875,2579.0,2543.199951171875,2559.0,1571483
2022-03-16,2553.7861328125,2587.300048828125,2593.5,2566.0,2577.800048828125,757197
2022-03-17,2667.9873046875,2703.0,2721.64990234375,2600.10009765625,2600.10009765625,3336088
2022-03-21,2672.182373046875,2707.25,2768.0,2700.0,2740.0,1889261
2022-03-22,2677.611083984375,2712.75,2718.800048828125,2646.449951171875,2716.25,1279904
2022-03-23,2655.15576171875,2690.0,2742.949951171875,2677.85009765625,2730.0,1281815
2022-03-24,2584.581787109375,2618.5,2694.0,2612.550048828125,2694.0,1835380
2022-03-25,2491.20703125,2523.89990234375,2634.0,2518.0,2631.0,2863040
2022-03-28,2503.051513671875,2535.89990234375,2545.550048828125,2483.0,2536.5,1316800
2022-03-29,2505.914306640625,2538.800048828125,2559.0,2525.300048828125,2550.0,908172
2022-03-30,2490.467041015625,2523.14990234375,2565.75,2510.0,2556.300048828125,866666
2022-03-31,2503.298583984375,2536.14990234375,2545.39990234375,2519.949951171875,2525.25,910316
2022-04-01,2488.19677734375,2520.85009765625,2550.0,2491.85009765625,2538.0,1208002
2022-04-04,2484.396484375,2517.0,2562.0,2508.75,2540.35009765625,1424995
2022-04-05,2516.1796875,2549.199951171875,2577.800048828125,2520.050048828125,2532.0,1586304
2022-04-06,2507.148193359375,2540.050048828125,2564.89990234375,2523.300048828125,2547.0,1349078
2022-04-07,2426.506591796875,2458.35009765625,2544.449951171875,2452.0,2502.300048828125,2785215
2022-04-08,2477.43798828125,2509.949951171875,2532.64990234375,2465.0,2468.35009765625,1217812
2022-04-11,2457.598388671875,2489.85009765625,2509.949951171875,2477.39990234375,2503.0,660112
2022-04-12,2455.9697265625,2488.199951171875,2508.5,2440.25,2480.0,1182427
2022-04-13,2429.467529296875,2461.35009765625,2495.949951171875,2441.10009765625,2492.199951171875,1165453
2022-04-18,2461.151611328125,2493.449951171875,2500.0,2410.0,2435.0,1109814
2022-04-19,2420.830810546875,2452.60009765625,2520.60009765625,2441.0,2509.39990234375,929834
2022-04-20,2450.540771484375,2482.699951171875,2505.0,2442.699951171875,2453.050048828125,639190
2022-04-21,2488.344970703125,2521.0,2524.949951171875,2466.0,2482.699951171875,880723
2022-04-22,2480.15234375,2512.699951171875,2526.449951171875,2476.5,2515.0,878780
2022-04-25,2422.114013671875,2453.89990234375,2489.0,2447.050048828125,2471.0,682383
2022-04-26,2515.192626953125,2548.199951171875,2552.14990234375,2459.0,2460.0,1232557
2022-04-27,2460.06591796875,2492.35009765625,2537.800048828125,2488.25,2528.64990234375,801135
2022-04-28,2480.645751953125,2513.199951171875,2531.0,2477.0,2529.89990234375,933881
2022-04-29,2426.3583984375,2458.199951171875,2532.0,2450.0,2521.0,1496781
2022-05-02,2355.636474609375,2386.550048828125,2437.0,2372.35009765625,2435.0,1287401
2022-05-04,2260.287841796875,2289.949951171875,2407.0,2275.0,2356.0,2357806
2022-05-05,2232.69970703125,2262.0,2309.0,2252.14990234375,2309.0,2118580
2022-05-06,2180.1396484375,2208.75,2240.0,2195.449951171875,2240.0,1465638
2022-05-09,2154.92041015625,2183.199951171875,2213.35009765625,2171.0,2195.0,968069
2022-05-10,2109.66455078125,2137.35009765625,2186.0,2125.0,2180.0,1092429
2022-05-11,2087.3076171875,2114.699951171875,2138.0,2095.75,2127.199951171875,1472911
2022-05-12,2022.0145263671875,2048.550048828125,2103.89990234375,2035.550048828125,2102.0,1362031
2022-05-13,2064.605712890625,2091.699951171875,2154.0,2056.14990234375,2056.14990234375,2580348
2022-05-16,2082.27392578125,2109.60009765625,2152.0,2096.699951171875,2118.0,1370151
2022-05-17,2148.1591796875,2176.35009765625,2185.0,2111.0,2145.0,1256142
2022-05-18,2138.68359375,2166.75,2194.300048828125,2161.0,2187.0,1188772
2022-05-19,2084.593505859375,2111.949951171875,2156.10009765625,2055.10009765625,2125.0,981115
2022-05-20,2109.3681640625,2137.050048828125,2155.550048828125,2129.199951171875,2139.89990234375,1017542
2022-05-23,2123.433837890625,2151.300048828125,2200.0,2138.0,2160.0,1346294
2022-05-24,2112.52685546875,2140.25,2165.0,2121.35009765625,2151.64990234375,1150314
2022-05-25,2086.0244140625,2113.39990234375,2181.0,2106.0,2160.0,1125068
2022-05-26,2114.204833984375,2141.949951171875,2150.85009765625,2075.5,2132.0,1382368
2022-05-27,2121.36083984375,2149.199951171875,2159.949951171875,2123.39990234375,2155.0,865917
2022-05-30,2226.6787109375,2255.89990234375,2260.0,2164.0,2164.0,1691435
2022-05-31,2187.2958984375,2216.0,2300.0,2176.60009765625,2254.89990234375,7005071
2022-06-01,2169.134033203125,2197.60009765625,2304.89990234375,2180.0,2255.0,2126105
2022-06-02,2192.181640625,2220.949951171875,2225.35009765625,2176.60009765625,2176.60009765625,966727
2022-06-03,2175.845947265625,2204.39990234375,2244.949951171875,2197.75,2231.64990234375,1228695
2022-06-06,2170.07177734375,2198.550048828125,2208.949951171875,2165.949951171875,2204.39990234375,1285097
2022-06-07,2073.587890625,2100.800048828125,2179.449951171875,2088.0,2173.550048828125,3255286
2022-06-08,2101.274658203125,2128.85009765625,2133.0,2096.550048828125,2106.050048828125,1775344
2022-06-09,2111.98388671875,2139.699951171875,2154.0,2103.0,2106.0,1035771
2022-06-10,2114.5009765625,2142.25,2166.0,2108.0,2108.0,927889
2022-06-13,2075.1669921875,2102.39990234375,2124.449951171875,2076.199951171875,2108.0,928411
2022-06-14,2074.7724609375,2102.0,2116.89990234375,2072.64990234375,2100.0,893733
2022-06-15,2077.782958984375,2105.050048828125,2127.5,2090.0,2104.0,783714
2022-06-16,2034.25390625,2060.949951171875,2145.0,2042.050048828125,2126.39990234375,1265289
2022-06-17,1911.3665771484375,1936.449951171875,2051.64990234375,1910.550048828125,2041.0,6066708
2022-06-20,1936.28955078125,1961.699951171875,1973.449951171875,1905.449951171875,1938.0,1967950
2022-06-21,2051.18212890625,2078.10009765625,2093.75,1966.5,1979.9000244140625,3289922
2022-06-22,2004.8892822265625,2031.199951171875,2070.949951171875,2007.0,2070.0,1507811
2022-06-23,2014.957275390625,2041.4000244140625,2047.800048828125,1997.1500244140625,2040.0,1632845
2022-06-24,2019.102783203125,2045.5999755859375,2076.39990234375,2033.949951171875,2053.550048828125,854618
2022-06-27,2013.87158203125,2040.300048828125,2083.64990234375,2025.0,2082.0,1067849
2022-06-28,1942.557373046875,1968.050048828125,2022.0,1960.0,2020.0,3397585
2022-06-29,1911.0704345703125,1936.1500244140625,1954.300048828125,1923.0,1950.0,2375427
2022-06-30,1916.1044921875,1941.25,1965.75,1926.0,1950.0,2489709
2022-07-01,1920.9903564453125,1946.199951171875,1954.3499755859375,1825.050048828125,1895.0,4064801
2022-07-04,1937.0791015625,1962.5,1966.5999755859375,1928.0,1954.0,1023678
2022-07-05,1928.9361572265625,1954.25,1989.0999755859375,1940.550048828125,1967.0,1555345
2022-07-06,1987.468017578125,2013.550048828125,2025.5,1941.3499755859375,1958.0,1952701
2022-07-07,2099.94189453125,2127.5,2171.60009765625,2102.550048828125,2130.0,5915740
2022-07-08,2124.061767578125,2144.35009765625,2154.0,2110.5,2140.0,2039331
2022-07-11,2143.129638671875,2163.60009765625,2173.85009765625,2126.60009765625,2153.0,1219508
2022-07-12,2109.847412109375,2130.0,2142.0,2114.449951171875,2132.0,1096542
2022-07-13,2091.423095703125,2111.39990234375,2141.800048828125,2107.449951171875,2130.0,1169721
2022-07-14,2107.321533203125,2127.449951171875,2140.0,2113.0,2132.0,767221
2022-07-15,2168.982421875,2189.699951171875,2193.14990234375,2132.199951171875,2135.0,1742573
2022-07-18,2216.280517578125,2237.449951171875,2247.300048828125,2194.050048828125,2196.0,2016386
2022-07-19,2219.995361328125,2241.199951171875,2253.0,2216.699951171875,2232.5,867223
2022-07-20,2249.711181640625,2271.199951171875,2298.0,2261.10009765625,2280.0,1620332
2022-07-21,2266.947021484375,2288.60009765625,2298.0,2264.0,2285.0,1117118
2022-07-22,2303.00244140625,2325.0,2329.949951171875,2283.10009765625,2299.0,1185176
2022-07-25,2306.81591796875,2328.85009765625,2348.800048828125,2313.0,2339.300048828125,1248393
2022-07-26,2271.503173828125,2293.199951171875,2334.949951171875,2286.550048828125,2334.949951171875,1142159
2022-07-27,2281.75537109375,2303.550048828125,2311.0,2266.550048828125,2285.10009765625,1456382
2022-07-28,2312.56103515625,2334.64990234375,2341.5,2305.050048828125,2321.0,1126799
2022-07-29,2329.79638671875,2352.050048828125,2392.5,2339.050048828125,2355.0,1239445
2022-08-01,2353.767578125,2376.25,2381.050048828125,2339.0,2364.800048828125,581266
2022-08-02,2362.385009765625,2384.949951171875,2397.800048828125,2357.050048828125,2370.0,777687
2022-08-03,2393.53759765625,2416.39990234375,2425.89990234375,2355.0,2395.0,1207016
2022-08-04,2400.718994140625,2423.64990234375,2430.449951171875,2370.949951171875,2429.949951171875,1015590
2022-08-05,2409.7822265625,2432.800048828125,2472.39990234375,2417.35009765625,2425.199951171875,2443597
2022-08-08,2423.79833984375,2446.949951171875,2474.699951171875,2433.14990234375,2460.0,1576547
2022-08-10,2410.574951171875,2433.60009765625,2469.89990234375,2417.10009765625,2469.89990234375,1065998
2022-08-11,2448.958251953125,2472.35009765625,2486.0,2446.199951171875,2446.199951171875,1127878
2022-08-12,2448.56201171875,2471.949951171875,2493.0,2461.89990234375,2472.0,761420
2022-08-16,2470.2548828125,2493.85009765625,2499.5,2435.0,2461.10009765625,1035928
2022-08-17,2468.620361328125,2492.199951171875,2523.14990234375,2480.64990234375,2495.0,863500
2022-08-18,2455.248046875,2478.699951171875,2503.89990234375,2467.300048828125,2492.199951171875,827663
2022-08-19,2417.5087890625,2440.60009765625,2498.949951171875,2430.89990234375,2498.949951171875,751505
2022-08-22,2394.7265625,2417.60009765625,2458.0,2408.0,2440.0,947292
2022-08-23,2456.733642578125,2480.199951171875,2501.949951171875,2400.0,2407.0,1417877
2022-08-24,2437.41845703125,2460.699951171875,2495.0,2441.050048828125,2495.0,672569
2022-08-25,2443.114013671875,2466.449951171875,2501.60009765625,2456.699951171875,2473.0,732577
2022-08-26,2508.935302734375,2532.89990234375,2556.0,2481.550048828125,2483.050048828125,2398253
2022-08-29,2507.74658203125,2531.699951171875,2540.89990234375,2457.25,2457.25,1149676
2022-08-30,2580.006591796875,2604.64990234375,2623.10009765625,2543.0,2545.0,1794736
2022-09-01,2597.1923828125,2622.0,2647.14990234375,2565.64990234375,2592.949951171875,1438313
2022-09-02,2587.881591796875,2612.60009765625,2645.0,2607.050048828125,2631.0,800453
2022-09-05,2602.491943359375,2627.35009765625,2640.0,2610.85009765625,2625.0,733481
2022-09-06,2606.7509765625,2631.64990234375,2646.89990234375,2611.0,2631.699951171875,680071
2022-09-07,2612.79345703125,2637.75,2641.39990234375,2600.39990234375,2607.0,438635
2022-09-08,2601.847900390625,2626.699951171875,2659.89990234375,2616.0,2649.0,754150
2022-09-09,2578.817626953125,2603.449951171875,2652.14990234375,2593.0,2652.0,777186
2022-09-12,2635.971923828125,2661.14990234375,2669.699951171875,2610.0,2616.800048828125,808360
2022-09-13,2679.951904296875,2705.550048828125,2723.0,2672.0,2680.0,1536444
2022-09-14,2675.048828125,2700.60009765625,2712.0,2645.0,2645.0,915281
2022-09-15,2631.019287109375,2656.14990234375,2717.0,2648.0,2714.14990234375,753648
2022-09-16,2587.0888671875,2611.800048828125,2677.64990234375,2604.25,2648.0,1425731
2022-09-19,2595.01318359375,2619.800048828125,2632.0,2552.550048828125,2611.75,808421
2022-09-20,2658.605712890625,2684.0,2693.550048828125,2635.10009765625,2642.199951171875,844553
2022-09-21,2641.419921875,2666.64990234375,2700.0,2656.64990234375,2688.0,1052572
2022-09-22,2711.69873046875,2737.60009765625,2744.949951171875,2650.0,2660.0,1352472
2022-09-23,2647.1650390625,2672.449951171875,2755.699951171875,2667.0,2737.60009765625,1226889
2022-09-26,2630.375244140625,2655.5,2677.949951171875,2563.550048828125,2666.0,1371409
2022-09-27,2575.7470703125,2600.35009765625,2679.550048828125,2585.550048828125,2669.949951171875,1246270
2022-09-28,2552.568603515625,2576.949951171875,2634.5,2564.5,2587.5,1419969
2022-09-29,2507.548583984375,2531.5,2606.050048828125,2517.35009765625,2594.85009765625,1177076
2022-09-30,2582.28466796875,2606.949951171875,2637.39990234375,2522.60009765625,2538.0,1453944
2022-10-03,2549.8447265625,2574.199951171875,2625.0,2555.60009765625,2625.0,1049142
2022-10-04,2560.6416015625,2585.10009765625,2629.0,2571.64990234375,2629.0,1291070
2022-10-06,2568.318115234375,2592.85009765625,2620.0,2581.60009765625,2598.050048828125,1409852
2022-10-07,2704.665771484375,2730.5,2745.0,2675.0,2690.0,5284814
2022-10-10,2654.742919921875,2680.10009765625,2727.89990234375,2658.0,2710.0,1290447
2022-10-11,2599.668701171875,2624.5,2694.0,2616.39990234375,2693.0,1067626
2022-10-12,2596.548583984375,2621.35009765625,2644.89990234375,2606.0,2630.0,1131702
2022-10-13,2574.063232421875,2598.64990234375,2628.0,2591.0,2610.0,1038687
2022-10-14,2593.031982421875,2617.800048828125,2663.60009765625,2607.75,2640.0,1326916
2022-10-17,2600.163818359375,2625.0,2634.89990234375,2602.550048828125,2613.89990234375,1111199
2022-10-18,2616.11181640625,2641.10009765625,2664.699951171875,2623.14990234375,2638.14990234375,771852
2022-10-19,2619.529296875,2644.550048828125,2677.0,2640.0,2654.35009765625,1001916
2022-10-20,2606.6025390625,2631.5,2644.0,2581.35009765625,2640.0,1022636
2022-10-21,2640.42919921875,2665.64990234375,2679.64990234375,2640.050048828125,2650.0,986521
2022-10-24,2658.506591796875,2683.89990234375,2699.89990234375,2679.14990234375,2697.0,184595
2022-10-25,2645.035400390625,2670.300048828125,2697.35009765625,2662.0,2697.35009765625,505759
2022-10-27,2678.21826171875,2703.800048828125,2765.0,2680.0,2700.0,2117791
2022-10-28,2710.510009765625,2736.39990234375,2738.89990234375,2693.25,2708.949951171875,1003160
2022-10-31,2735.37255859375,2761.5,2791.0,2738.25,2750.0,1144647
2022-11-01,2728.884521484375,2754.949951171875,2784.0,2741.0,2770.14990234375,890107
2022-11-02,2702.635009765625,2728.449951171875,2747.35009765625,2703.0,2745.0,1704942
2022-11-03,2737.501953125,2763.64990234375,2779.0,2705.0,2705.0,1227960
2022-11-04,2743.494873046875,2769.699951171875,2781.449951171875,2746.60009765625,2774.89990234375,1172058
2022-11-07,2715.611328125,2741.550048828125,2772.0,2706.300048828125,2772.0,1825529
2022-11-09,2692.38330078125,2718.10009765625,2769.0,2710.0,2769.0,1184702
2022-11-10,2616.012451171875,2641.0,2711.10009765625,2628.0,2710.0,1198585
2022-11-11,2626.71044921875,2651.800048828125,2694.39990234375,2641.550048828125,2671.0,833729
2022-11-14,2604.918701171875,2629.800048828125,2665.0,2623.199951171875,2658.0,565428
2022-11-15,2631.514404296875,2656.64990234375,2669.14990234375,2621.050048828125,2642.949951171875,1033296
2022-11-16,2619.281494140625,2644.300048828125,2678.199951171875,2630.0,2659.0,835064
2022-11-17,2557.570556640625,2582.0,2645.0,2576.0,2638.0,1265647
2022-11-18,2541.524169921875,2565.800048828125,2583.39990234375,2545.0,2580.0,1038751
2022-11-21,2549.002685546875,2573.35009765625,2578.949951171875,2539.64990234375,2552.0,629040
2022-11-22,2581.541748046875,2606.199951171875,2609.0,2561.0,2580.0,912070
2022-11-23,2577.134033203125,2601.75,2632.5,2590.800048828125,2614.949951171875,992873
2022-11-24,2585.50390625,2610.199951171875,2618.300048828125,2592.5,2611.0,752066
2022-11-25,2570.843994140625,2595.39990234375,2620.0,2586.0,2620.0,633047
2022-11-28,2567.7236328125,2592.25,2608.5,2579.0,2584.39990234375,665149
2022-11-29,2589.0205078125,2613.75,2640.0,2595.050048828125,2597.14990234375,866621
2022-11-30,2627.89892578125,2653.0,2665.0,2604.199951171875,2613.75,1569918
2022-12-01,2613.734375,2638.699951171875,2665.0,2630.0,2662.0,539844
2022-12-02,2593.131103515625,2617.89990234375,2651.39990234375,2605.0,2648.0,731396
2022-12-05,2590.902587890625,2615.64990234375,2629.949951171875,2589.25,2629.0,747114
2022-12-06,2592.23974609375,2617.0,2624.0,2591.300048828125,2619.800048828125,706596
2022-12-07,2572.2802734375,2596.85009765625,2623.75,2586.699951171875,2616.300048828125,712914
2022-12-08,2559.056396484375,2583.5,2613.89990234375,2578.75,2596.85009765625,648288
2022-12-09,2590.704345703125,2615.449951171875,2629.89990234375,2567.949951171875,2597.0,935047
2022-12-12,2560.195556640625,2584.64990234375,2613.5,2571.0,2613.5,726330
2022-12-13,2551.528564453125,2575.89990234375,2600.0,2565.0,2597.39990234375,832740
2022-12-14,2566.584716796875,2591.10009765625,2596.0,2571.14990234375,2574.85009765625,767737
2022-12-15,2498.831787109375,2522.699951171875,2588.64990234375,2514.550048828125,2585.0,1225728
2022-12-16,2459.359130859375,2482.85009765625,2520.0,2480.0,2500.0,1177053
2022-12-19,2497.9404296875,2521.800048828125,2525.25,2468.699951171875,2483.199951171875,572224
2022-12-20,2484.41943359375,2508.14990234375,2517.60009765625,2482.10009765625,2516.800048828125,597902
2022-12-21,2466.04541015625,2489.60009765625,2528.0,2481.0,2515.0,519326
2022-12-22,2459.507568359375,2483.0,2509.199951171875,2465.0,2491.800048828125,557608
2022-12-23,2459.55712890625,2483.050048828125,2505.0,2455.0,2467.64990234375,1310439
2022-12-26,2457.62548828125,2481.10009765625,2512.39990234375,2470.25,2487.75,1076808
2022-12-27,2479.863037109375,2503.550048828125,2519.89990234375,2485.60009765625,2498.0,791283
2022-12-28,2555.73828125,2580.14990234375,2596.0,2497.5,2502.800048828125,2443430
2022-12-29,2529.092529296875,2553.25,2588.85009765625,2542.199951171875,2555.0,1583143
2022-12-30,2572.924072265625,2597.5,2610.0,2553.050048828125,2564.0,1057182
2023-01-02,2541.474609375,2565.75,2616.0,2556.800048828125,2607.0,697408
2023-01-03,2588.8720703125,2613.60009765625,2619.0,2555.050048828125,2568.0,852511
2023-01-04,2572.973876953125,2597.550048828125,2626.25,2585.60009765625,2618.800048828125,832054
2023-01-05,2537.859130859375,2562.10009765625,2620.0,2543.64990234375,2591.0,1544601
2023-01-06,2514.086181640625,2538.10009765625,2584.39990234375,2517.0,2560.0,879019
2023-01-09,2461.141845703125,2484.64990234375,2529.949951171875,2467.800048828125,2529.949951171875,2324487
2023-01-10,2444.84765625,2468.199951171875,2498.699951171875,2456.0,2495.0,948787
2023-01-11,2414.3388671875,2437.39990234375,2488.60009765625,2431.0,2473.0,1000412
2023-01-12,2423.451904296875,2446.60009765625,2475.0,2432.0,2450.0,874520
2023-01-13,2394.330078125,2417.199951171875,2456.89990234375,2400.0,2456.89990234375,1416869
2023-01-16,2383.087646484375,2405.85009765625,2434.800048828125,2392.0,2428.0,737012
2023-01-17,2385.16748046875,2407.949951171875,2417.89990234375,2386.0,2405.0,926137
2023-01-18,2401.164794921875,2424.10009765625,2429.85009765625,2412.800048828125,2418.0,601233
2023-01-19,2362.484130859375,2385.050048828125,2411.800048828125,2367.199951171875,2392.5,1116874
2023-01-20,2348.8642578125,2371.300048828125,2396.949951171875,2353.0,2389.949951171875,1229902
2023-01-23,2342.32666015625,2364.699951171875,2384.300048828125,2355.60009765625,2383.949951171875,932554
2023-01-24,2348.319580078125,2370.75,2390.60009765625,2364.0,2372.5,714000
2023-01-25,2334.303466796875,2356.60009765625,2370.0,2333.550048828125,2370.0,650664
2023-01-27,2309.193115234375,2331.25,2368.39990234375,2302.60009765625,2368.39990234375,1238620
2023-01-30,2313.452880859375,2335.550048828125,2342.85009765625,2287.050048828125,2332.0,1401847
2023-01-31,2354.658935546875,2377.14990234375,2386.449951171875,2335.64990234375,2347.0,1252600
2023-02-01,2323.704345703125,2345.89990234375,2409.800048828125,2300.050048828125,2408.550048828125,1521514
2023-02-02,2286.262451171875,2308.10009765625,2385.0,2269.60009765625,2341.050048828125,1788381
2023-02-03,2439.7958984375,2463.10009765625,2470.0,2320.10009765625,2320.10009765625,3693638
2023-02-06,2434.743896484375,2458.0,2479.949951171875,2447.60009765625,2474.85009765625,1049075
2023-02-07,2423.7490234375,2446.89990234375,2459.75,2432.10009765625,2456.300048828125,563195
2023-02-08,2443.411376953125,2466.75,2480.0,2447.0,2447.0,539085
2023-02-09,2439.2509765625,2462.550048828125,2475.64990234375,2451.60009765625,2467.0,464715
2023-02-10,2445.144775390625,2468.5,2472.0,2442.050048828125,2452.0,597337
2023-02-13,2495.21630859375,2519.050048828125,2523.949951171875,2476.14990234375,2480.0,1856317
2023-02-14,2483.18115234375,2506.89990234375,2528.949951171875,2480.0,2528.949951171875,843477
2023-02-15,2500.416748046875,2524.300048828125,2528.25,2483.300048828125,2503.449951171875,707224
2023-02-16,2498.53466796875,2522.39990234375,2545.64990234375,2518.10009765625,2530.0,704946
2023-02-17,2476.643798828125,2500.300048828125,2545.85009765625,2496.0,2515.0,607239
2023-02-20,2450.740966796875,2474.14990234375,2507.25,2466.300048828125,2500.0,460090
2023-02-21,2440.291015625,2463.60009765625,2485.949951171875,2450.5,2485.949951171875,750272
2023-02-22,2408.544189453125,2431.550048828125,2462.800048828125,2414.39990234375,2451.949951171875,1098118
2023-02-23,2371.8447265625,2394.5,2432.5,2380.0,2432.5,1602078
2023-02-24,2376.401611328125,2399.10009765625,2413.75,2377.949951171875,2400.0,1145691
2023-02-27,2378.283203125,2401.0,2412.0,2373.60009765625,2399.10009765625,862629
2023-02-28,2350.35009765625,2372.800048828125,2425.0,2363.60009765625,2401.10009765625,1430349
2023-03-01,2359.859375,2382.39990234375,2396.050048828125,2366.35009765625,2370.0,479935
2023-03-02,2336.631103515625,2358.949951171875,2394.300048828125,2351.75,2382.35009765625,529609
2023-03-03,2373.4296875,2396.10009765625,2402.0,2358.300048828125,2370.0,710845
2023-03-06,2380.710205078125,2403.449951171875,2426.39990234375,2392.60009765625,2412.550048828125,682556
2023-03-08,2374.420166015625,2397.10009765625,2401.199951171875,2372.25,2396.39990234375,858496
2023-03-09,2345.843017578125,2368.25,2407.949951171875,2365.0,2400.800048828125,601071
2023-03-10,2353.024658203125,2375.5,2379.949951171875,2338.0,2354.85009765625,543004
2023-03-13,2309.93603515625,2332.0,2376.949951171875,2321.0,2372.75,631722
2023-03-14,2333.31298828125,2355.60009765625,2391.85009765625,2328.85009765625,2336.949951171875,1470817
2023-03-15,2376.401611328125,2399.10009765625,2413.85009765625,2379.949951171875,2380.0,1656307
2023-03-16,2427.16650390625,2450.35009765625,2482.0,2413.0,2413.5,2317115
2023-03-17,2432.416015625,2455.64990234375,2474.0,2447.39990234375,2467.14990234375,1625905
2023-03-20,2436.675537109375,2459.949951171875,2474.949951171875,2441.550048828125,2462.0,918922
2023-03-21,2490.263671875,2514.050048828125,2521.550048828125,2468.050048828125,2475.0,1652107
2023-03-22,2484.41943359375,2508.14990234375,2524.0,2495.0,2517.949951171875,754732
2023-03-23,2495.21630859375,2519.050048828125,2528.0,2494.050048828125,2510.0,610778
2023-03-24,2469.759765625,2493.35009765625,2519.699951171875,2474.949951171875,2516.800048828125,838919
2023-03-27,2470.799560546875,2494.39990234375,2510.0,2466.800048828125,2480.0,728727
2023-03-28,2476.643798828125,2500.300048828125,2507.14990234375,2493.89990234375,2502.89990234375,599191
2023-03-29,2491.25439453125,2515.050048828125,2525.0,2494.0,2500.300048828125,710603
2023-03-31,2491.105712890625,2514.89990234375,2536.75,2500.0,2526.949951171875,848456
2023-04-03,2513.392578125,2537.39990234375,2544.64990234375,2513.300048828125,2525.89990234375,701713
2023-04-05,2548.35888671875,2572.699951171875,2581.5,2550.10009765625,2560.0,1438377
2023-04-06,2524.33837890625,2548.449951171875,2584.0,2545.0,2583.0,1192271
2023-04-10,2559.2548828125,2583.699951171875,2602.0,2561.050048828125,2568.0,1497452
2023-04-11,2555.63916015625,2580.050048828125,2603.5,2576.0,2583.699951171875,820568
2023-04-12,2563.414794921875,2587.89990234375,2593.449951171875,2564.14990234375,2580.050048828125,553807
2023-04-13,2561.186279296875,2585.64990234375,2599.949951171875,2577.300048828125,2588.0,481459
2023-04-17,2580.947509765625,2605.60009765625,2612.25,2582.300048828125,2600.0,1044487
2023-04-18,2553.3115234375,2577.699951171875,2607.64990234375,2560.10009765625,2603.050048828125,674756
2023-04-19,2544.990966796875,2569.300048828125,2595.949951171875,2562.0,2580.050048828125,687292
2023-04-20,2554.846923828125,2579.25,2619.0,2570.5,2577.64990234375,995472
2023-04-21,2544.00048828125,2568.300048828125,2594.550048828125,2559.25,2593.60009765625,409932
2023-04-24,2604.6708984375,2629.550048828125,2636.39990234375,2570.0,2571.10009765625,1026391
2023-04-25,2608.2861328125,2633.199951171875,2637.0,2614.949951171875,2634.85009765625,630987
2023-04-26,2616.012451171875,2641.0,2647.64990234375,2625.64990234375,2633.0,631279
2023-04-27,2638.25,2663.449951171875,2674.0,2631.5,2641.0,620037
2023-04-28,2616.854736328125,2641.85009765625,2679.300048828125,2619.5,2672.449951171875,1567472
2023-05-02,2638.646484375,2663.85009765625,2674.0,2633.39990234375,2657.0,726439
2023-05-03,2628.939208984375,2654.050048828125,2679.5,2643.10009765625,2675.0,808211
2023-05-04,2645.13427734375,2670.39990234375,2694.25,2656.550048828125,2679.699951171875,1936641
2023-05-05,2707.04296875,2732.89990234375,2766.0,2666.300048828125,2670.60009765625,2190777
2023-05-08,2725.219482421875,2751.25,2770.0,2732.89990234375,2732.949951171875,848638
2023-05-09,2722.396240234375,2748.39990234375,2790.0,2738.449951171875,2753.300048828125,893686
2023-05-10,2719.474365234375,2745.449951171875,2767.699951171875,2736.199951171875,2760.0,522149
2023-05-11,2731.757080078125,2757.85009765625,2765.0,2744.050048828125,2758.0,621067
2023-05-12,2746.961669921875,2773.199951171875,2784.5,2756.85009765625,2760.800048828125,705516
2023-05-15,2753.251708984375,2779.550048828125,2802.10009765625,2764.25,2774.0,772914
2023-05-16,2763.8505859375,2790.25,2800.800048828125,2774.550048828125,2785.0,548885
2023-05-17,2736.263916015625,2762.39990234375,2790.0,2750.050048828125,2785.0,539547
2023-05-18,2696.09765625,2721.85009765625,2782.0,2716.10009765625,2782.0,612441
2023-05-19,2676.088623046875,2701.64990234375,2719.949951171875,2683.050048828125,2719.949951171875,846419
2023-05-22,2686.885498046875,2712.550048828125,2734.0,2701.10009765625,2701.60009765625,559506
2023-05-23,2658.06103515625,2683.449951171875,2726.39990234375,2677.300048828125,2719.949951171875,713749
2023-05-24,2681.6357421875,2707.25,2722.0,2670.0,2675.0,814553
2023-05-25,2682.329345703125,2707.949951171875,2720.0,2682.0,2714.449951171875,651488
2023-05-26,2716.20556640625,2742.14990234375,2759.699951171875,2699.14990234375,2707.949951171875,811400
2023-05-29,2785.64208984375,2812.25,2821.800048828125,2745.0,2745.0,1107678
2023-05-30,2775.984619140625,2802.5,2841.89990234375,2797.699951171875,2829.5,1263691
2023-05-31,2796.538330078125,2823.25,2832.10009765625,2790.10009765625,2802.5,1394580
2023-06-01,2800.50048828125,2827.25,2837.64990234375,2814.699951171875,2823.25,538550
2023-06-02,2834.574951171875,2861.64990234375,2871.0,2826.449951171875,2830.0,1116501
2023-06-05,2828.68115234375,2855.699951171875,2875.0,2840.0,2875.0,724102
2023-06-06,2854.1875,2881.449951171875,2893.0,2858.300048828125,2860.949951171875,1148132
2023-06-07,2879.4462890625,2906.949951171875,2910.0,2870.0,2895.0,862821
2023-06-08,2849.779541015625,2877.0,2921.85009765625,2871.050048828125,2906.89990234375,560514
2023-06-09,2849.037109375,2876.25,2919.949951171875,2863.25,2890.0,727880
2023-06-12,2825.6103515625,2852.60009765625,2885.449951171875,2833.25,2884.949951171875,1112274
2023-06-13,2884.94384765625,2912.5,2918.0,2855.10009765625,2859.89990234375,776313
2023-06-14,2879.54541015625,2907.050048828125,2928.199951171875,2897.0,2920.0,617700
2023-06-15,2880.486328125,2908.0,2924.64990234375,2900.0,2911.050048828125,564711
2023-06-16,2926.3486328125,2954.300048828125,2960.0,2911.800048828125,2911.800048828125,1022389
2023-06-19,2940.51318359375,2968.60009765625,3024.39990234375,2963.35009765625,2967.0,1382633
2023-06-20,2945.862060546875,2974.0,2986.35009765625,2948.300048828125,2972.699951171875,672298
2023-06-21,2942.9892578125,2971.10009765625,2985.0,2958.14990234375,2974.0,509602
2023-06-22,2942.1474609375,2970.25,2984.75,2955.800048828125,2975.0,496441
2023-06-23,2911.341552734375,2939.14990234375,2981.0,2932.0,2972.5,869340
2023-06-26,2944.47509765625,2972.60009765625,2981.0,2940.0,2940.0,839713
2023-06-27,2947.545654296875,2975.699951171875,2989.199951171875,2940.699951171875,2973.0,913730
2023-06-28,2999.4501953125,3028.10009765625,3044.39990234375,2985.050048828125,2995.0,1525117
2023-06-30,3018.815185546875,3047.64990234375,3067.949951171875,3029.14990234375,3046.0,946112
2023-07-03,3009.5537109375,3038.300048828125,3054.0,3026.300048828125,3050.10009765625,429100
2023-07-04,3045.5595703125,3074.64990234375,3090.0,3039.0,3041.5,1291238
2023-07-05,3070.521240234375,3099.85009765625,3113.89990234375,3063.0,3075.0,643663
2023-07-06,3077.009033203125,3106.39990234375,3111.85009765625,3081.39990234375,3100.0,976956
2023-07-07,3114.25341796875,3144.0,3210.0,3126.39990234375,3140.0,3630808
2023-07-10,3016.735107421875,3045.550048828125,3155.0,3030.25,3155.0,1777220
2023-07-11,3058.38720703125,3087.60009765625,3098.0,3044.800048828125,3062.85009765625,1141925
2023-07-12,3067.202880859375,3096.5,3124.0,3087.64990234375,3114.0,1300168
2023-07-13,3065.4638671875,3084.75,3114.60009765625,3079.300048828125,3113.949951171875,932018
2023-07-14,3036.4462890625,3055.550048828125,3097.35009765625,3042.60009765625,3093.64990234375,721349
2023-07-17,3014.484375,3033.449951171875,3072.949951171875,3020.0,3070.0,866575
2023-07-18,2977.7158203125,2996.449951171875,3039.949951171875,2963.39990234375,3033.449951171875,1359863
2023-07-19,2976.920654296875,2995.64990234375,3017.39990234375,2985.050048828125,3010.10009765625,568891
2023-07-20,2970.610595703125,2989.300048828125,3016.60009765625,2966.0,3002.25,1021556
2023-07-21,2957.69189453125,2976.300048828125,3005.0,2970.0,2990.75,599594
2023-07-24,2960.57373046875,2979.199951171875,2992.89990234375,2951.25,2978.0,523141
2023-07-25,3010.0625,3029.0,3032.89990234375,2972.75,2980.0,874788
2023-07-26,2989.541748046875,3008.35009765625,3044.89990234375,2995.0,3044.89990234375,588487
2023-07-27,2983.33056640625,3002.10009765625,3024.10009765625,2983.64990234375,3013.949951171875,595544
2023-07-28,2968.324951171875,2987.0,3010.0,2951.699951171875,3008.14990234375,837051
2023-07-31,2985.268310546875,3004.050048828125,3017.949951171875,2950.0,2950.0,656048
2023-08-01,2983.1318359375,3001.89990234375,3027.5,2987.699951171875,3024.85009765625,602288
2023-08-02,2958.53662109375,2977.14990234375,3005.699951171875,2960.0,3005.64990234375,1152335
2023-08-03,2883.955810546875,2902.10009765625,2986.949951171875,2883.0,2937.949951171875,3319847
2023-08-04,2886.2412109375,2904.39990234375,2935.800048828125,2898.0,2919.949951171875,709334
2023-08-07,2886.440185546875,2904.60009765625,2919.949951171875,2882.449951171875,2919.949951171875,580359
2023-08-08,2902.986083984375,2921.25,2932.0,2904.60009765625,2918.0,474417
2023-08-09,2937.419189453125,2955.89990234375,2962.0,2918.14990234375,2924.0,600081
2023-08-10,2969.865234375,2988.550048828125,2995.5,2917.0,2958.0,970990
2023-08-11,2998.385986328125,3017.25,3067.449951171875,2980.0,2988.5,1823274
2023-08-14,2991.826904296875,3010.64990234375,3020.35009765625,2988.35009765625,3020.35009765625,542561
2023-08-16,2992.2744140625,3011.10009765625,3015.89990234375,2978.050048828125,3005.0,544441
2023-08-17,3052.545166015625,3071.75,3079.449951171875,3012.0,3018.0,1699758
2023-08-18,3031.378173828125,3050.449951171875,3079.5,3035.0,3070.60009765625,860782
2023-08-21,3059.05419921875,3078.300048828125,3082.5,3050.0,3051.0,706621
2023-08-22,3056.37109375,3075.60009765625,3091.0,3040.10009765625,3084.949951171875,714220
2023-08-23,3050.805908203125,3070.0,3085.0,3056.300048828125,3075.60009765625,602197
2023-08-24,3042.06103515625,3061.199951171875,3099.89990234375,3056.25,3075.699951171875,618626
2023-08-25,3048.023681640625,3067.199951171875,3074.75,3037.550048828125,3055.0,648003
2023-08-28,3029.490234375,3048.550048828125,3079.949951171875,3040.699951171875,3074.0,471698
2023-08-29,3060.147216796875,3079.39990234375,3090.0,3044.0,3051.949951171875,482639
2023-08-30,3062.9296875,3082.199951171875,3111.0,3067.0,3080.0,582766
2023-08-31,3085.04052734375,3104.449951171875,3118.949951171875,3082.199951171875,3090.85009765625,1420498
2023-09-01,3097.3134765625,3116.800048828125,3124.89990234375,3100.0,3111.949951171875,423739
2023-09-04,3080.91650390625,3100.300048828125,3124.949951171875,3086.300048828125,3116.949951171875,539813
2023-09-05,3116.54248046875,3136.14990234375,3157.5,3115.0,3120.0,721199
2023-09-06,3156.193115234375,3176.050048828125,3180.550048828125,3120.85009765625,3136.14990234375,1163154
2023-09-07,3152.96337890625,3172.800048828125,3182.949951171875,3152.0,3173.0,805295
2023-09-08,3179.09912109375,3199.10009765625,3205.0,3172.800048828125,3182.0,700158
2023-09-11,3193.210205078125,3213.300048828125,3221.550048828125,3186.60009765625,3209.949951171875,544452
2023-09-12,3165.882080078125,3185.800048828125,3221.14990234375,3177.60009765625,3216.050048828125,591509
2023-09-13,3242.798095703125,3263.199951171875,3270.0,3178.050048828125,3178.050048828125,1370306
2023-09-14,3240.959716796875,3261.35009765625,3302.449951171875,3240.0,3277.550048828125,1264935
2023-09-15,3228.28955078125,3248.60009765625,3264.0,3239.0,3261.60009765625,1397407
2023-09-18,3318.62109375,3339.5,3352.0,3246.800048828125,3257.0,1423507
2023-09-20,3285.976318359375,3306.64990234375,3349.0,3300.050048828125,3314.0,1201025
2023-09-21,3283.840087890625,3304.5,3322.5,3285.800048828125,3300.0,1091384
2023-09-22,3254.02734375,3274.5,3298.800048828125,3261.699951171875,3298.800048828125,1019051
2023-09-25,3263.41845703125,3283.949951171875,3314.89990234375,3261.35009765625,3274.5,623515
2023-09-26,3242.201904296875,3262.60009765625,3308.0,3255.0,3294.0,1054827
2023-09-27,3194.452392578125,3214.550048828125,3266.949951171875,3186.0,3246.800048828125,1464192
2023-09-28,3137.5107421875,3157.25,3224.89990234375,3141.75,3217.5,1214383
2023-09-29,3129.113525390625,3148.800048828125,3176.449951171875,3143.050048828125,3160.050048828125,697564
2023-10-03,3176.266845703125,3196.25,3212.5,3114.39990234375,3148.800048828125,1007308
2023-10-04,3146.8515625,3166.64990234375,3205.0,3151.0,3186.0,486969
2023-10-05,3196.39013671875,3216.5,3231.0,3165.0,3173.89990234375,1109881
2023-10-06,3289.05712890625,3309.75,3319.800048828125,3221.10009765625,3230.0,1102120
2023-10-09,3247.0712890625,3267.5,3296.0,3249.050048828125,3294.699951171875,822467
2023-10-10,3248.760498046875,3269.199951171875,3299.199951171875,3259.300048828125,3295.0,633934
2023-10-11,3259.989990234375,3280.5,3296.0,3264.0,3289.699951171875,546575
2023-10-12,3264.4619140625,3285.0,3295.050048828125,3262.60009765625,3292.0,429096
2023-10-13,3263.2197265625,3283.75,3307.0,3266.550048828125,3285.0,920545
2023-10-16,3280.75927734375,3301.39990234375,3329.0,3275.0,3284.0,778014
2023-10-17,3287.76513671875,3308.449951171875,3328.449951171875,3304.10009765625,3317.949951171875,584625
2023-10-18,3262.225830078125,3282.75,3324.14990234375,3277.5,3309.199951171875,324535
2023-10-19,3264.114013671875,3284.64990234375,3300.949951171875,3239.0,3270.0,698767
2023-10-20,3245.779296875,3266.199951171875,3291.5,3244.0,3272.64990234375,657550
2023-10-23,3199.619873046875,3219.75,3274.949951171875,3209.699951171875,3246.199951171875,566920
2023-10-25,3167.91943359375,3187.85009765625,3236.300048828125,3179.0,3216.0,762466
2023-10-26,3081.41357421875,3100.800048828125,3189.89990234375,3092.050048828125,3160.35009765625,1124281
2023-10-27,3101.18896484375,3120.699951171875,3138.75,3087.25,3095.10009765625,1050608
2023-10-30,3096.965576171875,3116.449951171875,3121.949951171875,3075.0,3105.0,802316
2023-10-31,3169.7080078125,3189.64990234375,3205.800048828125,3087.85009765625,3119.60009765625,1235478
2023-11-01,3153.5595703125,3173.39990234375,3212.89990234375,3168.35009765625,3193.85009765625,756820
2023-11-02,3181.484130859375,3201.5,3228.5,3180.0,3200.0,774180
2023-11-03,3254.02734375,3274.5,3288.0,3205.050048828125,3205.14990234375,1355614
2023-11-06,3246.624267578125,3267.050048828125,3310.0,3245.300048828125,3310.0,1137606
2023-11-07,3249.75439453125,3270.199951171875,3286.449951171875,3250.199951171875,3274.0,433992
2023-11-08,3291.14404296875,3311.85009765625,3323.800048828125,3272.199951171875,3289.0,632305
2023-11-09,3263.2197265625,3283.75,3320.949951171875,3274.64990234375,3320.949951171875,1317398
2023-11-10,3235.9912109375,3256.35009765625,3274.949951171875,3223.0,3263.050048828125,1170763
2023-11-13,3244.338623046875,3264.75,3278.35009765625,3250.60009765625,3275.0,275538
2023-11-15,3275.343505859375,3295.949951171875,3300.89990234375,3260.75,3275.25,747863
2023-11-16,3315.09326171875,3335.949951171875,3358.0,3259.25,3295.39990234375,1055389
2023-11-17,3317.975341796875,3338.85009765625,3366.0,3326.699951171875,3339.0,633405
2023-11-20,3324.931396484375,3345.85009765625,3353.949951171875,3312.25,3338.0,497379
2023-11-21,3373.2275390625,3394.449951171875,3401.75,3355.10009765625,3365.0,1038863
2023-11-22,3408.40625,3429.85009765625,3435.0,3396.050048828125,3400.0,980779
2023-11-23,3387.09033203125,3408.39990234375,3441.949951171875,3396.300048828125,3433.89990234375,517362
2023-11-24,3375.7119140625,3396.949951171875,3419.10009765625,3382.550048828125,3406.0,589530
2023-11-28,3420.877685546875,3442.39990234375,3445.949951171875,3397.35009765625,3417.949951171875,733524
2023-11-29,3407.859619140625,3429.300048828125,3473.85009765625,3424.0,3473.85009765625,819200
2023-11-30,3468.7763671875,3490.60009765625,3500.0,3422.25,3431.10009765625,1480088
2023-12-01,3467.683349609375,3489.5,3500.0,3470.0,3499.0,655263
2023-12-04,3466.590087890625,3488.39990234375,3550.0,3478.050048828125,3550.0,808838
2023-12-05,3523.134521484375,3545.300048828125,3550.0,3479.0,3488.39990234375,713651
2023-12-06,3524.72412109375,3546.89990234375,3573.949951171875,3522.10009765625,3550.0,474140
2023-12-07,3562.983642578125,3585.39990234375,3595.0,3519.050048828125,3546.89990234375,820214
2023-12-08,3611.92578125,3634.64990234375,3646.949951171875,3575.0,3575.0,1562141
2023-12-11,3607.8017578125,3630.5,3644.60009765625,3598.300048828125,3634.550048828125,620604
2023-12-12,3549.071044921875,3571.39990234375,3644.5,3563.25,3637.0,1075941
2023-12-13,3579.827880859375,3602.35009765625,3609.75,3552.75,3585.0,717618
2023-12-14,3568.946044921875,3591.39990234375,3647.0,3584.35009765625,3647.0,992762
2023-12-15,3578.0390625,3600.550048828125,3615.0,3584.800048828125,3615.0,906271
2023-12-18,3596.969970703125,3619.60009765625,3667.199951171875,3593.89990234375,3600.699951171875,699850
2023-12-19,3587.876953125,3610.449951171875,3627.949951171875,3600.10009765625,3610.64990234375,577926
2023-12-20,3531.87939453125,3554.10009765625,3651.5,3541.0,3610.449951171875,849001
2023-12-21,3557.617431640625,3580.0,3598.949951171875,3518.800048828125,3524.10009765625,816722
2023-12-22,3604.671630859375,3627.35009765625,3638.449951171875,3560.550048828125,3580.0,777099
2023-12-26,3633.837890625,3656.699951171875,3665.0,3623.449951171875,3635.0,526101
2023-12-27,3666.1845703125,3689.25,3695.0,3645.0,3668.0,666625
2023-12-28,3691.872802734375,3715.10009765625,3737.0,3680.699951171875,3699.89990234375,1033648
2023-12-29,3652.470703125,3675.449951171875,3715.10009765625,3660.25,3715.10009765625,709614
2024-01-01,3654.159912109375,3677.14990234375,3698.0,3667.5,3689.0,286683
2024-01-02,3675.128173828125,3698.25,3707.85009765625,3642.5,3689.0,453685
2024-01-03,3669.960693359375,3693.050048828125,3709.949951171875,3665.0,3708.0,356757
2024-01-04,3696.444091796875,3719.699951171875,3727.0,3686.64990234375,3696.0,545228
2024-01-05,3689.338623046875,3712.550048828125,3750.0,3687.25,3719.699951171875,963628
2024-01-08,3682.87939453125,3706.050048828125,3776.85009765625,3695.800048828125,3770.0,1202148
2024-01-09,3670.90478515625,3694.0,3753.949951171875,3685.14990234375,3736.949951171875,572612
2024-01-10,3691.226806640625,3714.449951171875,3730.0,3690.0,3708.0,556311
2024-01-11,3675.47607421875,3698.60009765625,3742.699951171875,3692.60009765625,3726.89990234375,392818
2024-01-12,3702.704833984375,3726.0,3734.300048828125,3647.949951171875,3700.0,990582
2024-01-15,3735.349365234375,3758.85009765625,3775.0,3736.0,3740.0,661292
2024-01-16,3796.4150390625,3820.300048828125,3858.0,3756.0,3758.85009765625,1170685
2024-01-17,3806.104248046875,3830.050048828125,3855.0,3800.0,3818.949951171875,723356
2024-01-18,3711.350341796875,3734.699951171875,3824.64990234375,3718.85009765625,3791.35009765625,1293580
2024-01-19,3786.77587890625,3810.60009765625,3861.5,3740.699951171875,3742.199951171875,2566367
2024-01-23,3716.26904296875,3739.64990234375,3858.0,3705.75,3786.0,1053510
2024-01-24,3744.293212890625,3767.85009765625,3780.0,3711.75,3764.0,636988
2024-01-25,3746.628173828125,3770.199951171875,3796.949951171875,3730.10009765625,3770.39990234375,646135
2024-01-29,3842.475341796875,3866.64990234375,3875.0,3760.550048828125,3760.60009765625,699215
2024-01-30,3712.393798828125,3735.75,3886.949951171875,3715.0,3882.0,852445
2024-01-31,3674.4326171875,3697.550048828125,3775.0,3653.25,3749.0,1386754
2024-02-01,3604.770751953125,3627.449951171875,3738.0,3601.0,3738.0,1408462
2024-02-02,3589.814697265625,3612.39990234375,3713.449951171875,3602.449951171875,3635.0,2320153
2024-02-05,3529.84228515625,3552.050048828125,3624.64990234375,3534.89990234375,3612.949951171875,1771614
2024-02-06,3536.897705078125,3559.14990234375,3577.949951171875,3531.60009765625,3552.050048828125,1069901
2024-02-07,3554.139404296875,3576.5,3620.0,3555.800048828125,3578.0,900220
2024-02-08,3526.910888671875,3549.10009765625,3610.0,3503.0,3604.800048828125,1011857
2024-02-09,3569.14501953125,3591.60009765625,3597.89990234375,3532.85009765625,3549.10009765625,838509
2024-02-12,3562.834716796875,3585.25,3618.60009765625,3570.050048828125,3599.0,487283
2024-02-13,3537.69287109375,3559.949951171875,3608.75,3551.14990234375,3607.0,796060
2024-02-14,3563.1328125,3585.550048828125,3593.85009765625,3503.300048828125,3546.0,1046318
2024-02-15,3599.404541015625,3622.050048828125,3632.0,3571.0,3595.050048828125,759063
2024-02-16,3632.5458984375,3655.39990234375,3690.0,3624.5,3648.0,915502
2024-02-19,3671.9482421875,3695.050048828125,3709.5,3650.0,3671.949951171875,528874
2024-02-20,3663.650390625,3686.699951171875,3719.949951171875,3665.5,3700.0,744107
2024-02-21,3633.490234375,3656.35009765625,3707.5,3640.0,3652.050048828125,660426
2024-02-22,3629.217041015625,3652.050048828125,3676.0,3555.35009765625,3676.0,1017437
2024-02-23,3668.86767578125,3691.949951171875,3737.0,3655.0,3672.0,897831
2024-02-26,3599.8515625,3622.5,3690.0,3610.85009765625,3690.0,546842
2024-02-27,3631.005859375,3653.85009765625,3675.0,3621.050048828125,3630.0,673959
2024-02-28,3572.2255859375,3594.699951171875,3669.0,3582.14990234375,3655.0,538608
2024-02-29,3601.73974609375,3624.39990234375,3654.0,3585.300048828125,3595.199951171875,1692242
2024-03-01,3742.355224609375,3765.89990234375,3774.0,3626.0,3630.0,1533727
2024-03-04,3709.064453125,3732.39990234375,3764.10009765625,3715.0,3761.60009765625,787542
2024-03-05,3727.2998046875,3750.75,3759.14990234375,3708.0,3748.0,733660
2024-03-06,3786.9248046875,3810.75,3815.0,3702.699951171875,3748.050048828125,765602
2024-03-07,3763.223876953125,3786.89990234375,3824.25,3768.10009765625,3812.050048828125,838514
2024-03-11,3726.70361328125,3750.14990234375,3808.0,3742.050048828125,3802.89990234375,597848
2024-03-12,3725.362060546875,3748.800048828125,3766.0,3713.5,3762.0,564569
2024-03-13,3603.03173828125,3625.699951171875,3762.0,3590.0,3759.0,1027729
2024-03-14,3617.391357421875,3640.14990234375,3648.0,3580.14990234375,3629.949951171875,1293906
2024-03-15,3610.484619140625,3633.199951171875,3655.949951171875,3610.0,3634.699951171875,1207241
2024-03-18,3557.3193359375,3579.699951171875,3620.0,3565.10009765625,3619.0,785257
2024-03-19,3560.99609375,3583.39990234375,3606.64990234375,3547.050048828125,3579.0,554444
2024-03-20,3568.0517578125,3590.5,3596.89990234375,3550.0,3583.39990234375,526882
2024-03-21,3604.870361328125,3627.550048828125,3637.0,3590.050048828125,3606.949951171875,767905
2024-03-22,3683.525390625,3706.699951171875,3726.89990234375,3621.25,3627.550048828125,1281102
2024-03-26,3675.078369140625,3698.199951171875,3729.949951171875,3665.0,3665.0,1158224
2024-03-27,3735.895751953125,3759.39990234375,3784.89990234375,3692.800048828125,3699.0,1315714
2024-03-28,3778.03076171875,3801.800048828125,3838.300048828125,3732.550048828125,3760.0,1590738
2024-04-01,3715.027099609375,3738.39990234375,3832.550048828125,3730.5,3822.949951171875,964052
2024-04-02,3732.467529296875,3755.949951171875,3781.449951171875,3734.10009765625,3754.0,677963
2024-04-03,3689.2890625,3712.5,3752.0,3705.0,3745.10009765625,801601
2024-04-04,3759.099853515625,3782.75,3792.300048828125,3679.0,3740.0,1177617
2024-04-05,3730.976806640625,3754.449951171875,3801.89990234375,3741.0,3778.39990234375,623873
2024-04-08,3725.46142578125,3748.89990234375,3808.300048828125,3720.35009765625,3798.64990234375,849267
2024-04-09,3656.346435546875,3679.35009765625,3761.0,3664.35009765625,3755.0,745285
2024-04-10,3687.997314453125,3711.199951171875,3720.35009765625,3681.449951171875,3690.0,567546
2024-04-12,3596.671875,3619.300048828125,3694.800048828125,3609.449951171875,3689.550048828125,1910561
2024-04-15,3578.0888671875,3600.60009765625,3639.199951171875,3590.0,3607.0,854076
2024-04-16,3623.10546875,3645.89990234375,3653.199951171875,3583.0,3589.0,1116890
2024-04-18,3503.06103515625,3525.10009765625,3660.0,3501.0,3645.89990234375,1677946
2024-04-19,3540.773681640625,3563.050048828125,3571.199951171875,3478.25,3525.10009765625,1507940
2024-04-22,3574.2626953125,3596.75,3615.0,3552.0,3567.0,668659
2024-04-23,3610.2861328125,3633.0,3648.0,3605.14990234375,3619.949951171875,769991
2024-04-24,3587.181640625,3609.75,3644.85009765625,3580.050048828125,3642.0,652811
2024-04-25,3548.773193359375,3571.10009765625,3602.5,3541.0,3595.0,1889163
2024-04-26,3562.387451171875,3584.800048828125,3593.25,3556.300048828125,3588.0,798783
2024-04-29,3582.312255859375,3604.85009765625,3613.449951171875,3573.14990234375,3585.0,703524
2024-04-30,3566.809814453125,3589.25,3619.5,3580.0,3602.64990234375,963220
2024-05-02,3546.1396484375,3568.449951171875,3598.0,3546.300048828125,3585.0,1435891
2024-05-03,3511.8056640625,3533.89990234375,3599.0,3492.0,3595.0,1681592
2024-05-06,3259.64208984375,3280.14990234375,3488.800048828125,3257.0,3476.0,6891728
2024-05-07,3250.44970703125,3270.89990234375,3332.0,3227.0,3330.0,3111444
2024-05-08,3239.46923828125,3259.85009765625,3281.0,3238.449951171875,3275.39990234375,2054981
2024-05-09,3225.407470703125,3245.699951171875,3322.5,3233.0,3259.85009765625,1860654
2024-05-10,3269.281494140625,3289.85009765625,3306.199951171875,3242.75,3258.10009765625,1307103
2024-05-13,3233.307861328125,3253.64990234375,3308.0,3230.5,3307.5,1294603
2024-05-14,3268.33740234375,3288.89990234375,3308.0,3250.0,3250.0,620163
2024-05-15,3248.11474609375,3268.550048828125,3306.449951171875,3260.0,3304.0,657036
2024-05-16,3313.05615234375,3333.89990234375,3348.0,3251.300048828125,3276.300048828125,1404971
2024-05-17,3340.1357421875,3361.14990234375,3368.0,3308.0,3347.949951171875,1194228
2024-05-21,3355.88671875,3377.0,3380.300048828125,3351.0,3355.0,827674
2024-05-22,3362.694091796875,3383.85009765625,3403.10009765625,3360.0,3384.75,626567
2024-05-23,3430.46728515625,3452.050048828125,3460.39990234375,3377.75,3383.0,977789
2024-05-24,3391.065185546875,3412.39990234375,3455.050048828125,3404.199951171875,3452.10009765625,878625
2024-05-27,3382.121337890625,3403.39990234375,3436.300048828125,3390.300048828125,3423.949951171875,804488
2024-05-28,3388.083984375,3409.39990234375,3423.0,3392.14990234375,3404.0,548576
2024-05-29,3359.265380859375,3380.39990234375,3418.0,3371.10009765625,3405.35009765625,519533
2024-05-30,3251.394287109375,3271.85009765625,3365.0,3254.0,3365.0,2365535
2024-05-31,3221.63134765625,3241.89990234375,3328.800048828125,3216.75,3298.0,2524214
2024-06-03,3240.810546875,3261.199951171875,3332.949951171875,3250.0,3310.0,1378542
2024-06-04,3218.69970703125,3238.949951171875,3295.199951171875,3055.64990234375,3261.199951171875,2934800
2024-06-05,3296.90771484375,3317.64990234375,3334.0,3201.050048828125,3266.0,1396386
2024-06-06,3300.882568359375,3321.64990234375,3360.0,3290.75,3329.0,1825503
2024-06-07,3422.517333984375,3444.050048828125,3456.60009765625,3294.39990234375,3294.39990234375,2084099
2024-06-10,3400.803955078125,3422.199951171875,3452.0,3390.0,3443.0,1655552
2024-06-11,3389.3759765625,3410.699951171875,3438.300048828125,3401.89990234375,3418.199951171875,1086157
2024-06-12,3361.153564453125,3382.300048828125,3418.89990234375,3370.85009765625,3411.35009765625,2054168
2024-06-13,3450.491455078125,3472.199951171875,3477.10009765625,3390.0,3424.949951171875,1753028
2024-06-14,3507.979736328125,3530.050048828125,3535.0,3479.0,3490.0,2346892
2024-06-18,3566.561279296875,3589.0,3625.0,3538.0,3554.800048828125,1585048
2024-06-19,3440.703125,3462.35009765625,3595.0,3456.0,3595.0,1862394
2024-06-20,3414.46826171875,3435.949951171875,3490.0,3418.10009765625,3474.0,2377432
2024-06-21,3378.494384765625,3399.75,3473.64990234375,3383.39990234375,3430.699951171875,2707405
2024-06-24,3391.015869140625,3412.35009765625,3429.0,3372.300048828125,3380.35009765625,645002
2024-06-25,3381.177490234375,3402.449951171875,3423.39990234375,3384.89990234375,3412.550048828125,1299560
2024-06-26,3351.663330078125,3372.75,3401.5,3370.0,3401.5,1485709
2024-06-27,3370.456787109375,3380.60009765625,3392.5,3361.050048828125,3370.0,1462935
2024-06-28,3393.98583984375,3404.199951171875,3419.89990234375,3366.35009765625,3380.60009765625,1005498
2024-07-01,3421.154052734375,3431.449951171875,3435.0,3381.5,3382.0,1001832
2024-07-02,3389.449462890625,3399.64990234375,3450.0,3385.300048828125,3446.0,878947
2024-07-03,3350.167724609375,3360.25,3426.949951171875,3341.89990234375,3420.800048828125,980605
2024-07-04,3325.990478515625,3336.0,3369.89990234375,3330.0,3365.0,741143
2024-07-05,3259.54052734375,3269.35009765625,3332.0,3257.0,3332.0,2001382
2024-07-08,3146.72998046875,3156.199951171875,3204.0,3126.10009765625,3204.0,5323920
2024-07-09,3205.5029296875,3215.14990234375,3222.050048828125,3165.0,3170.0,2044328
2024-07-10,3215.323486328125,3225.0,3252.699951171875,3190.5,3217.75,1437517
2024-07-11,3238.852783203125,3248.60009765625,3258.75,3230.0,3246.949951171875,1105185
2024-07-12,3220.1591796875,3229.85009765625,3269.0,3220.050048828125,3266.0,1496692
2024-07-15,3214.52587890625,3224.199951171875,3252.39990234375,3205.39990234375,3241.75,1243810
2024-07-16,3224.346435546875,3234.050048828125,3251.0,3224.10009765625,3227.949951171875,501336
2024-07-18,3252.312255859375,3262.10009765625,3269.10009765625,3206.0,3232.949951171875,1086374
2024-07-19,3249.2216796875,3259.0,3279.0,3235.0,3262.050048828125,1111191
2024-07-22,3244.68505859375,3254.449951171875,3273.39990234375,3223.199951171875,3250.0,696255
2024-07-23,3456.447998046875,3466.85009765625,3490.0,3232.14990234375,3255.10009765625,7159507
2024-07-24,3467.963134765625,3478.39990234375,3552.5,3462.14990234375,3470.0,3862140
2024-07-25,3395.5810546875,3405.800048828125,3454.39990234375,3384.449951171875,3415.0,1476422
2024-07-26,3483.666015625,3494.14990234375,3501.699951171875,3393.0,3405.800048828125,1830745
2024-07-29,3401.46337890625,3411.699951171875,3499.550048828125,3388.0,3495.0,2213293
2024-07-30,3457.84375,3468.25,3479.0,3410.60009765625,3424.949951171875,1316880
2024-07-31,3448.571533203125,3458.949951171875,3499.89990234375,3446.550048828125,3479.050048828125,1361595
2024-08-01,3457.943603515625,3468.35009765625,3492.0,3442.5,3475.0,879399
2024-08-02,3451.96142578125,3462.35009765625,3477.89990234375,3410.0,3415.0,1168195
2024-08-05,3365.820556640625,3375.949951171875,3459.0,3316.5,3320.050048828125,1932064
2024-08-06,3325.09326171875,3335.10009765625,3416.35009765625,3321.10009765625,3380.949951171875,976535
2024-08-07,3316.269775390625,3326.25,3368.85009765625,3317.050048828125,3360.0,1277139
2024-08-08,3286.609130859375,3296.5,3359.949951171875,3283.89990234375,3337.0,1280733
2024-08-09,3321.703369140625,3331.699951171875,3350.0,3285.10009765625,3350.0,1019809
2024-08-12,3310.885986328125,3320.85009765625,3345.0,3295.35009765625,3331.64990234375,874598
2024-08-13,3373.39794921875,3383.550048828125,3404.75,3305.39990234375,3330.0,1314371
2024-08-14,3391.94189453125,3402.14990234375,3416.199951171875,3356.85009765625,3390.0,997803
2024-08-16,3434.414306640625,3444.75,3450.10009765625,3370.199951171875,3410.0,1161982
2024-08-19,3454.4541015625,3464.85009765625,3504.199951171875,3436.199951171875,3436.199951171875,1135205
2024-08-20,3464.4736328125,3474.89990234375,3483.10009765625,3454.39990234375,3480.0,526591
2024-08-21,3549.717041015625,3560.39990234375,3582.0,3454.550048828125,3474.89990234375,1990034
2024-08-22,3593.585205078125,3604.39990234375,3625.0,3553.699951171875,3574.949951171875,1531544
2024-08-23,3559.288330078125,3570.0,3622.85009765625,3544.0,3611.449951171875,1173387
2024-08-26,3619.307861328125,3630.199951171875,3640.0,3574.050048828125,3592.0,1156681
2024-08-27,3540.5947265625,3551.25,3658.800048828125,3530.5,3630.199951171875,1169007
2024-08-28,3516.916015625,3527.5,3579.949951171875,3519.89990234375,3559.64990234375,727481
2024-08-29,3522.598876953125,3533.199951171875,3553.75,3510.0,3537.0,927472
2024-08-30,3554.452880859375,3565.14990234375,3598.0,3542.5,3550.0,2116894
2024-09-02,3576.785888671875,3587.550048828125,3601.949951171875,3552.0,3565.14990234375,718800
2024-09-03,3610.284912109375,3621.14990234375,3634.89990234375,3560.14990234375,3587.550048828125,1112614
2024-09-04,3596.875244140625,3607.699951171875,3617.5,3568.199951171875,3586.10009765625,529856
2024-09-05,3711.679931640625,3722.85009765625,3753.949951171875,3600.39990234375,3616.60009765625,3437885
2024-09-06,3684.411865234375,3695.5,3742.0,3665.0,3714.949951171875,1408795
2024-09-09,3673.494873046875,3684.550048828125,3724.449951171875,3653.75,3690.10009765625,923357
2024-09-10,3716.216064453125,3727.39990234375,3750.0,3666.0,3704.0,1109078
2024-09-11,3699.965087890625,3711.10009765625,3743.5,3700.10009765625,3731.89990234375,831810
2024-09-12,3752.95556640625,3764.25,3774.0,3711.10009765625,3736.0,1337327
2024-09-13,3755.697265625,3767.0,3799.85009765625,3740.0,3777.0,1003355
2024-09-16,3729.42626953125,3740.64990234375,3789.0,3735.39990234375,3768.0,386602
2024-09-17,3756.095947265625,3767.39990234375,3777.0,3727.300048828125,3759.89990234375,392339
2024-09-18,3714.17236328125,3725.35009765625,3786.0,3708.0,3769.0,420638
2024-09-19,3769.60546875,3780.949951171875,3795.0,3741.10009765625,3750.0,945257
2024-09-20,3785.806640625,3797.199951171875,3819.0,3740.0,3793.0,1951755
2024-09-23,3808.63818359375,3820.10009765625,3829.0,3781.0,3797.199951171875,530107
2024-09-24,3773.54345703125,3784.89990234375,3839.89990234375,3781.550048828125,3818.0,1281513
2024-09-25,3726.03662109375,3737.25,3803.550048828125,3710.050048828125,3800.0,942343
2024-09-26,3746.275634765625,3757.550048828125,3777.14990234375,3701.39990234375,3738.0,1863893
2024-09-27,3805.248291015625,3816.699951171875,3867.0,3751.199951171875,3774.0,2164755
2024-09-30,3812.476318359375,3823.949951171875,3863.550048828125,3786.0,3786.0,1068609
2024-10-01,3764.620361328125,3775.949951171875,3837.949951171875,3757.0,3823.949951171875,774221
2024-10-03,3663.923583984375,3674.949951171875,3782.0,3650.050048828125,3689.10009765625,1597560
2024-10-04,3659.088134765625,3670.10009765625,3753.800048828125,3625.0,3625.0,1542987
2024-10-07,3578.480712890625,3589.25,3748.0,3552.300048828125,3739.949951171875,2523321
2024-10-08,3482.868408203125,3493.35009765625,3595.0,3480.0,3589.25,1360120
2024-10-09,3482.968017578125,3493.449951171875,3558.800048828125,3486.60009765625,3518.0,1063802
2024-10-10,3436.90673828125,3447.25,3531.550048828125,3415.10009765625,3510.0,1488328
2024-10-11,3463.97509765625,3474.39990234375,3491.0,3444.300048828125,3464.0,858463
2024-10-14,3487.30517578125,3497.800048828125,3525.0,3452.550048828125,3474.39990234375,593206
2024-10-15,3497.972900390625,3508.5,3529.449951171875,3477.0,3523.949951171875,578719
2024-10-16,3460.58544921875,3471.0,3510.0,3440.0,3508.0,591644
2024-10-17,3393.138671875,3403.35009765625,3487.0,3380.10009765625,3487.0,560796
2024-10-18,3371.30419921875,3381.449951171875,3422.35009765625,3296.10009765625,3395.0,1249585
2024-10-21,3353.15869140625,3363.25,3419.85009765625,3335.5,3417.949951171875,714746
2024-10-22,3319.80908203125,3329.800048828125,3421.5,3319.25,3374.89990234375,882086
2024-10-23,3278.73291015625,3288.60009765625,3335.0,3282.5,3330.0,877837
2024-10-24,3320.90576171875,3330.89990234375,3342.89990234375,3279.199951171875,3301.050048828125,764369
2024-10-25,3256.7490234375,3266.550048828125,3342.35009765625,3232.35009765625,3332.0,805013
2024-10-28,3273.199462890625,3283.050048828125,3315.0,3254.050048828125,3270.0,736462
2024-10-29,3273.54833984375,3283.39990234375,3298.0,3227.0,3285.800048828125,702769
2024-10-30,3298.523193359375,3308.449951171875,3321.800048828125,3235.10009765625,3261.0,895278
2024-10-31,3257.24755859375,3267.050048828125,3299.89990234375,3253.60009765625,3291.0,1170306
2024-11-01,3283.8173828125,3293.699951171875,3317.60009765625,3282.35009765625,3304.0,176636
2024-11-04,3212.33251953125,3222.0,3318.0,3190.10009765625,3318.0,1122152
2024-11-05,3220.557861328125,3230.25,3258.89990234375,3185.0,3206.0,872402
2024-11-06,3167.517578125,3177.050048828125,3208.949951171875,3114.0,3145.0,4522923
2024-11-07,3111.486083984375,3120.85009765625,3186.050048828125,3108.10009765625,3180.0,1608603
2024-11-08,3176.68994140625,3186.25,3192.89990234375,3106.0,3121.0,1719882
2024-11-11,3196.97900390625,3206.60009765625,3230.050048828125,3158.25,3191.60009765625,1054929
2024-11-12,3188.853271484375,3198.449951171875,3239.0,3185.0,3201.64990234375,992983
2024-11-13,3178.28515625,3187.85009765625,3221.60009765625,3162.199951171875,3175.0,911537
2024-11-14,3174.1474609375,3183.699951171875,3195.14990234375,3136.0,3145.050048828125,1161637
2024-11-18,3162.78173828125,3172.300048828125,3207.199951171875,3157.5,3183.699951171875,943251
2024-11-19,3215.0244140625,3224.699951171875,3283.0,3172.300048828125,3192.0,1174506
2024-11-21,3168.913330078125,3178.449951171875,3233.949951171875,3148.35009765625,3225.0,1582159
2024-11-22,3298.7724609375,3308.699951171875,3317.0,3152.14990234375,3174.85009765625,2207527
2024-11-25,3299.17138671875,3309.10009765625,3369.85009765625,3298.050048828125,3360.0,1892510
2024-11-26,3317.51611328125,3327.5,3343.75,3295.699951171875,3310.0,721345
2024-11-27,3281.7734375,3291.64990234375,3329.89990234375,3280.14990234375,3325.0,732835
2024-11-28,3202.711669921875,3212.35009765625,3305.0,3200.35009765625,3292.0,1701387
2024-11-29,3239.25146484375,3249.0,3260.0,3212.35009765625,3212.35009765625,1139585
2024-12-02,3296.927978515625,3306.85009765625,3309.89990234375,3222.050048828125,3249.0,915980
2024-12-03,3322.750244140625,3332.75,3338.699951171875,3276.60009765625,3290.0,1162310
2024-12-04,3354.355224609375,3364.449951171875,3383.0,3338.0,3342.0,1630076
2024-12-05,3430.725341796875,3441.050048828125,3465.39990234375,3353.60009765625,3374.949951171875,2383630
2024-12-06,3459.688232421875,3470.10009765625,3499.64990234375,3430.0,3453.949951171875,1278516
2024-12-09,3457.7939453125,3468.199951171875,3488.25,3446.89990234375,3467.5,926422
2024-12-10,3465.3212890625,3475.75,3516.949951171875,3436.050048828125,3470.0,1063355
2024-12-11,3462.67919921875,3473.10009765625,3490.75,3460.300048828125,3484.75,554702
2024-12-12,3435.4111328125,3445.75,3473.10009765625,3412.0,3470.5,926472
2024-12-13,3498.322021484375,3508.85009765625,3518.0,3380.25,3420.0,1242351
2024-12-16,3427.8837890625,3438.199951171875,3511.0,3429.0,3505.0,1295227
2024-12-17,3395.88037109375,3406.10009765625,3449.39990234375,3397.60009765625,3422.050048828125,1005604
2024-12-18,3391.692626953125,3401.89990234375,3424.0,3390.0,3401.199951171875,646145
2024-12-19,3346.778076171875,3356.85009765625,3399.949951171875,3332.0,3349.60009765625,732634
2024-12-20,3346.1796875,3356.25,3419.0,3333.14990234375,3350.0,1235769
2024-12-23,3386.757568359375,3396.949951171875,3406.300048828125,3336.64990234375,3378.10009765625,691202
2024-12-24,3343.338134765625,3353.39990234375,3419.0,3338.199951171875,3385.35009765625,485245
2024-12-26,3313.079345703125,3323.050048828125,3371.85009765625,3312.64990234375,3365.0,637094
2024-12-27,3299.27099609375,3309.199951171875,3345.0,3301.10009765625,3319.85009765625,568989
2024-12-30,3247.57666015625,3257.35009765625,3317.949951171875,3247.449951171875,3309.949951171875,941859
2024-12-31,3243.388916015625,3253.14990234375,3275.64990234375,3230.800048828125,3250.0,616440
2025-01-01,3244.087158203125,3253.85009765625,3269.89990234375,3244.050048828125,3248.0,357376
2025-01-02,3378.78173828125,3388.949951171875,3400.949951171875,3251.0,3264.0,1152493
2025-01-03,3441.29345703125,3451.64990234375,3481.949951171875,3377.949951171875,3395.0,1630862
2025-01-06,3459.987060546875,3470.39990234375,3528.5,3441.199951171875,3490.0,2145936
2025-01-07,3494.583251953125,3505.10009765625,3576.699951171875,3485.0,3490.0,2389563
2025-01-08,3473.596435546875,3484.050048828125,3514.5,3391.300048828125,3487.64990234375,1317377
2025-01-09,3476.58740234375,3487.050048828125,3506.449951171875,3461.550048828125,3485.949951171875,826237
2025-01-10,3429.927734375,3440.25,3488.0,3428.75,3462.0,570060
2025-01-13,3372.600341796875,3382.75,3467.0,3352.5,3380.0,1282557
2025-01-14,3312.531005859375,3322.5,3429.0,3310.0,3400.0,1133561
2025-01-15,3313.528076171875,3323.5,3340.5,3283.0,3322.0,1169593
2025-01-16,3306.94775390625,3316.89990234375,3338.85009765625,3282.0,3327.0,1170734
2025-01-17,3347.326171875,3357.39990234375,3368.0,3285.050048828125,3319.89990234375,559153
2025-01-20,3372.101806640625,3382.25,3407.699951171875,3347.5,3374.10009765625,722342
2025-01-21,3343.28857421875,3353.35009765625,3412.699951171875,3335.14990234375,3400.949951171875,1016047
2025-01-22,3346.379150390625,3356.449951171875,3385.0,3334.64990234375,3354.800048828125,598329
2025-01-23,3388.35302734375,3398.550048828125,3433.0,3325.5,3356.449951171875,713603
2025-01-24,3391.94189453125,3402.14990234375,3447.64990234375,3380.449951171875,3407.0,564244
2025-01-27,3309.390625,3319.35009765625,3401.949951171875,3307.25,3388.0,618309
2025-01-28,3315.920654296875,3325.89990234375,3370.85009765625,3299.550048828125,3319.35009765625,579957
2025-01-29,3360.63623046875,3370.75,3375.0,3309.050048828125,3339.199951171875,570137
2025-01-30,3358.293212890625,3368.39990234375,3390.0,3345.199951171875,3370.64990234375,688608
2025-01-31,3479.77783203125,3490.25,3527.449951171875,3392.39990234375,3400.0,1212261
2025-02-01,3541.342529296875,3552.0,3635.14990234375,3408.0,3527.0,2186692
2025-02-03,3569.5576171875,3580.300048828125,3642.550048828125,3551.75,3565.0,1543897
2025-02-04,3586.9052734375,3597.699951171875,3614.0,3520.0,3590.0,1279779
2025-02-05,3480.42578125,3490.89990234375,3652.0,3472.199951171875,3596.0,2165947
2025-02-06,3400.516357421875,3410.75,3504.25,3397.85009765625,3490.89990234375,1059617
2025-02-07,3414.524169921875,3424.800048828125,3453.89990234375,3388.199951171875,3414.89990234375,740155
2025-02-10,3317.466064453125,3327.449951171875,3425.0,3311.0,3415.0,904436
2025-02-11,3271.953125,3281.800048828125,3348.0,3271.60009765625,3334.699951171875,903965
2025-02-12,3245.68212890625,3255.449951171875,3317.39990234375,3212.60009765625,3282.75,774619
2025-02-13,3221.80419921875,3231.5,3277.949951171875,3215.199951171875,3250.25,727243
2025-02-14,3203.60888671875,3213.25,3253.0,3186.449951171875,3236.300048828125,587411
2025-02-17,3223.4990234375,3233.199951171875,3238.5,3176.0,3195.25,712614
2025-02-18,3212.18310546875,3221.85009765625,3244.0,3192.300048828125,3234.800048828125,592636
2025-02-19,3200.667724609375,3210.300048828125,3253.64990234375,3191.800048828125,3220.0,521953
2025-02-20,3181.874267578125,3191.449951171875,3218.64990234375,3188.14990234375,3210.0,653151
2025-02-21,3170.35888671875,3179.89990234375,3205.949951171875,3162.25,3191.449951171875,407794
2025-02-24,3163.4794921875,3173.0,3187.949951171875,3131.0,3131.0,431232
2025-02-25,3189.2021484375,3198.800048828125,3211.5,3136.550048828125,3140.0,642281
2025-02-27,3213.429443359375,3223.10009765625,3228.0,3176.949951171875,3198.800048828125,604023
2025-02-28,3068.016845703125,3077.25,3217.949951171875,3060.0,3202.0,1322618
2025-03-03,3072.752685546875,3082.0,3102.10009765625,3057.75,3090.0,516171
2025-03-04,3039.353271484375,3048.5,3070.0,3017.0,3050.0,1186136
2025-03-05,3077.2890625,3086.550048828125,3107.449951171875,3035.699951171875,3048.5,579883
2025-03-06,3111.7353515625,3121.10009765625,3131.64990234375,3047.0,3091.199951171875,1399483
2025-03-07,3070.110595703125,3079.35009765625,3124.60009765625,3074.64990234375,3121.10009765625,1020056
2025-03-10,3017.71826171875,3026.800048828125,3083.0,3021.10009765625,3080.0,855408
2025-03-11,3037.25927734375,3046.39990234375,3055.89990234375,3010.0,3015.0,576260
2025-03-12,3009.891845703125,3018.949951171875,3053.800048828125,2996.050048828125,3037.39990234375,489535
2025-03-13,3001.1181640625,3010.14990234375,3049.5,3000.300048828125,3019.39990234375,785215
2025-03-17,3008.296630859375,3017.35009765625,3036.39990234375,2985.050048828125,2985.050048828125,632348
2025-03-18,3008.296630859375,3017.35009765625,3017.35009765625,3017.35009765625,3017.35009765625,0
2025-03-19,3067.06982421875,3076.300048828125,3095.0,3058.199951171875,3088.050048828125,730983
2025-03-20,3183.519287109375,3193.10009765625,3205.0,3080.0,3100.0,1542807
2025-03-21,3153.21044921875,3162.699951171875,3190.0,3154.949951171875,3186.949951171875,1181974
2025-03-24,3069.861328125,3079.10009765625,3175.949951171875,3075.0,3168.199951171875,1481216
2025-03-25,3044.53759765625,3053.699951171875,3099.949951171875,3046.0,3085.0,1174346
2025-03-26,3048.326171875,3057.5,3077.75,3034.550048828125,3068.949951171875,1010449
2025-03-27,3078.385498046875,3087.64990234375,3097.699951171875,3047.550048828125,3047.550048828125,1635143
2025-03-28,3054.15869140625,3063.35009765625,3111.800048828125,3051.050048828125,3094.0,778417
2025-04-01,2977.98779296875,2986.949951171875,3075.699951171875,2982.0,3053.699951171875,1068622
2025-04-02,3089.1533203125,3098.449951171875,3105.0,2971.14990234375,3011.0,1674921
2025-04-03,3118.166015625,3127.550048828125,3151.0,3068.0,3071.0,1115568
2025-04-04,3066.969970703125,3076.199951171875,3114.89990234375,3050.0,3099.0,901801
2025-04-07,3013.132080078125,3022.199951171875,3048.0,2925.0,2925.0,1378989
2025-04-08,3112.931884765625,3122.300048828125,3227.25,3101.0,3149.699951171875,2830156
2025-04-09,3164.6259765625,3174.14990234375,3188.25,3090.699951171875,3137.85009765625,1215988
2025-04-11,3225.19384765625,3234.89990234375,3242.550048828125,3201.25,3222.0,814920
2025-04-15,3263.578369140625,3273.39990234375,3285.0,3245.10009765625,3270.0,1121769
2025-04-16,3262.282470703125,3272.10009765625,3286.0,3245.10009765625,3250.0,889943
2025-04-17,3317.51611328125,3327.5,3334.800048828125,3211.199951171875,3250.0,1083612
2025-04-21,3326.09033203125,3336.10009765625,3353.5,3290.0,3314.0,672129
2025-04-22,3327.38623046875,3337.39990234375,3358.800048828125,3320.10009765625,3336.10009765625,609213
2025-04-23,3347.2265625,3357.300048828125,3373.699951171875,3315.5,3357.0,628656
2025-04-24,3372.450927734375,3382.60009765625,3395.0,3344.0,3356.800048828125,901747
2025-04-25,3355.102783203125,3365.199951171875,3419.5,3316.0,3382.60009765625,704325
2025-04-28,3358.9912109375,3369.10009765625,3397.39990234375,3351.0,3356.0,384147
2025-04-29,3368.462890625,3378.60009765625,3398.0,3354.0,3375.89990234375,575435
2025-04-30,3369.559326171875,3379.699951171875,3409.0,3354.300048828125,3374.0,708818
2025-05-02,3331.97265625,3342.0,3381.5,3324.0,3362.10009765625,514587
2025-05-05,3311.833251953125,3321.800048828125,3408.5,3307.0,3357.699951171875,565178
2025-05-06,3289.400634765625,3299.300048828125,3325.300048828125,3245.5,3321.800048828125,650789
2025-05-07,3328.8818359375,3338.89990234375,3381.0,3260.199951171875,3280.0,1047443
2025-05-08,3359.190673828125,3369.300048828125,3412.5,3325.0,3349.89990234375,1597339
2025-05-09,3499.767578125,3510.300048828125,3530.0,3354.199951171875,3367.0,2863992
2025-05-12,3552.209716796875,3562.89990234375,3585.0,3530.300048828125,3537.199951171875,956930
2025-05-13,3552.5087890625,3563.199951171875,3588.39990234375,3540.10009765625,3562.89990234375,996541
2025-05-14,3576.835693359375,3587.60009765625,3610.0,3550.0,3555.0,588159
2025-05-15,3625.887939453125,3636.800048828125,3665.0,3553.89990234375,3597.0,1227751
2025-05-16,3622.79736328125,3633.699951171875,3655.89990234375,3613.39990234375,3654.0,525064
2025-05-19,3606.84521484375,3617.699951171875,3649.5,3611.39990234375,3617.0,376760
2025-05-20,3569.856689453125,3580.60009765625,3620.0,3575.10009765625,3617.699951171875,811416
2025-05-21,3569.7568359375,3580.5,3623.10009765625,3567.300048828125,3570.0,415016
2025-05-22,3530.37548828125,3541.0,3575.0,3516.10009765625,3565.0,709846
2025-05-23,3568.959228515625,3579.699951171875,3606.300048828125,3523.0,3531.0,416717
2025-05-26,3599.467529296875,3610.300048828125,3640.0,3570.39990234375,3576.0,525514
2025-05-27,3578.630126953125,3589.39990234375,3639.0,3562.199951171875,3615.0,1019733
2025-05-28,3563.974365234375,3574.699951171875,3601.60009765625,3545.0,3595.0,449324
2025-05-29,3577.53369140625,3588.300048828125,3600.0,3560.10009765625,3580.0,513095
2025-05-30,3544.33349609375,3555.0,3605.0,3542.10009765625,3580.0,962944
2025-06-02,3514.921875,3525.5,3542.0,3475.89990234375,3525.10009765625,726392
2025-06-03,3509.239013671875,3519.800048828125,3580.0,3503.5,3525.5,676943
2025-06-04,3489.299072265625,3499.800048828125,3519.800048828125,3486.0,3506.10009765625,410354
2025-06-05,3493.486572265625,3504.0,3535.0,3474.199951171875,3498.699951171875,608651
2025-06-06,3549.21875,3559.89990234375,3570.89990234375,3486.199951171875,3524.0,602422
2025-06-09,3523.296630859375,3533.89990234375,3580.0,3521.199951171875,3564.800048828125,540262
2025-06-10,3513.625732421875,3524.199951171875,3545.0,3506.10009765625,3545.0,561695
2025-06-11,3530.9736328125,3541.60009765625,3549.0,3505.0,3525.0,505077
2025-06-12,3442.34033203125,3452.699951171875,3559.800048828125,3445.5,3548.0,811822
2025-06-13,3411.6328125,3421.89990234375,3440.800048828125,3383.0,3409.699951171875,821750
2025-06-16,3427.7841796875,3438.10009765625,3453.699951171875,3396.199951171875,3411.0,534665
2025-06-17,3395.4814453125,3405.699951171875,3437.60009765625,3395.39990234375,3428.0,1000345
2025-06-18,3457.39501953125,3467.800048828125,3480.0,3390.0,3406.0,972739
2025-06-19,3494.882080078125,3505.39990234375,3521.60009765625,3467.800048828125,3478.800048828125,1022566
2025-06-20,3508.44140625,3519.0,3545.0,3489.0,3500.0,2941214
2025-06-23,3495.181396484375,3505.699951171875,3528.5,3473.0,3480.199951171875,643325
2025-06-24,3515.42041015625,3526.0,3567.0,3506.10009765625,3523.10009765625,968797
2025-06-25,3641.24169921875,3652.199951171875,3665.0,3550.0,3550.0,2697912
2025-06-26,3683.6142578125,3694.699951171875,3700.5,3644.0,3655.0,1620497
2025-06-27,3655.19970703125,3666.199951171875,3709.10009765625,3659.5,3700.0,601285
2025-06-30,3679.127685546875,3690.199951171875,3698.5,3652.0,3666.199951171875,921775
2025-07-01,3689.39697265625,3700.5,3726.5,3667.0,3699.0,947173
2025-07-02,3696.874267578125,3708.0,3721.89990234375,3689.0,3705.0,583514
2025-07-03,3667.662353515625,3678.699951171875,3712.89990234375,3672.199951171875,3702.0,528710
2025-07-04,3675.837646484375,3686.89990234375,3690.10009765625,3645.10009765625,3666.0,629926
2025-07-07,3655.10009765625,3666.10009765625,3696.0,3647.89990234375,3675.5,829472
2025-07-08,3441.300048828125,3441.300048828125,3581.800048828125,3435.0,3581.800048828125,3952270
2025-07-09,3432.10009765625,3432.10009765625,3461.5,3420.60009765625,3441.300048828125,1868271
2025-07-10,3419.800048828125,3419.800048828125,3445.0,3414.0,3432.10009765625,496586
2025-07-11,3361.60009765625,3361.60009765625,3422.199951171875,3357.0,3408.0,856956
2025-07-14,3404.699951171875,3404.699951171875,3410.0,3344.0,3372.0,755781
2025-07-15,3415.0,3415.0,3422.0,3387.699951171875,3418.0,686088
2025-07-16,3417.300048828125,3417.300048828125,3422.199951171875,3388.5,3417.0,669532
2025-07-17,3433.300048828125,3433.300048828125,3448.0,3416.5,3418.39990234375,559482
2025-07-18,3402.89990234375,3402.89990234375,3444.0,3392.0,3444.0,293360
2025-07-21,3433.0,3433.0,3439.10009765625,3365.199951171875,3391.0,561799
2025-07-22,3472.39990234375,3472.39990234375,3490.0,3430.300048828125,3450.0,1752275
2025-07-23,3471.39990234375,3471.39990234375,3481.89990234375,3444.0,3472.39990234375,584590
2025-07-24,3484.39990234375,3484.39990234375,3489.800048828125,3458.0,3467.39990234375,630718
2025-07-25,3462.800048828125,3462.800048828125,3480.0,3447.0,3476.39990234375,624410
2025-07-28,3393.0,3393.0,3462.60009765625,3382.0,3453.0,603916
2025-07-29,3379.199951171875,3379.199951171875,3397.0,3355.60009765625,3390.0,511042
2025-07-30,3376.5,3376.5,3393.5,3345.300048828125,3380.0,443735
2025-07-31,3347.300048828125,3347.300048828125,3364.5,3315.5,3340.0,553157
2025-08-01,3316.0,3316.0,3347.300048828125,3307.0,3340.0,422977
2025-08-04,3356.300048828125,3356.300048828125,3365.0,3308.10009765625,3315.0,450434
2025-08-05,3418.199951171875,3418.199951171875,3443.0,3348.0,3356.300048828125,837335
2025-08-06,3417.699951171875,3417.699951171875,3462.39990234375,3400.0,3437.0,635456
2025-08-07,3415.699951171875,3415.699951171875,3437.0,3377.699951171875,3380.0,509599
2025-08-08,3460.199951171875,3460.199951171875,3489.800048828125,3403.10009765625,3450.10009765625,2184271
2025-08-11,3467.89990234375,3467.89990234375,3487.300048828125,3402.800048828125,3473.0,563586
2025-08-12,3486.800048828125,3486.800048828125,3534.0,3460.10009765625,3467.89990234375,929276
2025-08-13,3466.800048828125,3466.800048828125,3494.89990234375,3463.199951171875,3486.800048828125,360474
2025-08-14,3489.39990234375,3489.39990234375,3505.800048828125,3464.10009765625,3476.5,597987
2025-08-18,3554.800048828125,3554.800048828125,3574.800048828125,3493.5,3496.0,1253006
2025-08-19,3568.10009765625,3568.10009765625,3577.300048828125,3545.0,3555.0,537433
2025-08-20,3595.0,3595.0,3602.89990234375,3552.0,3560.0,517031
2025-08-21,3616.300048828125,3616.300048828125,3625.0,3588.199951171875,3595.0,673486
2025-08-22,3621.0,3621.0,3641.39990234375,3607.699951171875,3616.300048828125,691835
2025-08-25,3651.39990234375,3651.39990234375,3669.60009765625,3615.5,3629.699951171875,700503
2025-08-26,3594.0,3594.0,3672.800048828125,3589.10009765625,3662.800048828125,960778
2025-08-28,3637.699951171875,3637.699951171875,3650.89990234375,3552.10009765625,3552.10009765625,989246
2025-08-29,3628.800048828125,3628.800048828125,3642.0,3603.60009765625,3637.699951171875,660956
2025-09-01,3618.60009765625,3618.60009765625,3653.39990234375,3610.39990234375,3631.0,297533
2025-09-02,3620.60009765625,3620.60009765625,3655.800048828125,3606.10009765625,3614.0,536300
2025-09-03,3690.60009765625,3690.60009765625,3697.89990234375,3590.0,3605.0,791874
2025-09-04,3691.10009765625,3691.10009765625,3740.0,3676.800048828125,3740.0,635811
2025-09-05,3665.300048828125,3665.300048828125,3700.0,3660.0,3695.0,454120
2025-09-08,3658.0,3658.0,3683.60009765625,3640.0,3653.0,548987
2025-09-09,3630.10009765625,3630.10009765625,3667.800048828125,3619.199951171875,3667.800048828125,428367
2025-09-10,3620.60009765625,3620.60009765625,3648.699951171875,3608.199951171875,3632.0,408800
2025-09-11,3584.199951171875,3584.199951171875,3644.0,3580.0,3620.0,495417
2025-09-12,3571.89990234375,3571.89990234375,3598.199951171875,3563.89990234375,3589.89990234375,275049
2025-09-15,3534.10009765625,3534.10009765625,3576.5,3515.0,3556.0,362285
2025-09-16,3556.800048828125,3556.800048828125,3570.300048828125,3502.0,3525.0,724742
2025-09-17,3523.0,3523.0,3572.699951171875,3513.199951171875,3561.89990234375,659866
2025-09-18,3511.300048828125,3511.300048828125,3546.0,3503.39990234375,3530.0,829442
2025-09-19,3467.199951171875,3467.199951171875,3511.300048828125,3460.0,3504.0,2337255
2025-09-22,3457.5,3457.5,3477.0,3440.0,3458.199951171875,817833
2025-09-23,3439.199951171875,3439.199951171875,3465.300048828125,3405.0,3465.199951171875,1144975
2025-09-24,3418.300048828125,3418.300048828125,3437.39990234375,3411.0,3430.0,690454
2025-09-25,3378.5,3378.5,3419.89990234375,3370.0,3408.0,1139904
2025-09-26,3327.300048828125,3327.300048828125,3402.0,3303.10009765625,3387.699951171875,7524068
2025-09-29,3401.199951171875,3401.199951171875,3418.0,3327.0,3327.0,1452636
2025-09-30,3367.0,3367.0,3474.5,3355.0,3452.0,1733728
2025-10-01,3408.300048828125,3408.300048828125,3414.89990234375,3351.0,3370.0,798754
2025-10-03,3453.300048828125,3453.300048828125,3459.0,3378.0,3379.89990234375,1655328
2025-10-06,3425.39990234375,3425.39990234375,3459.300048828125,3401.0,3453.300048828125,1184781
2025-10-07,3418.199951171875,3418.199951171875,3445.89990234375,3411.0,3425.0,996165
2025-10-08,3565.60009765625,3565.60009765625,3580.0,3460.0,3474.0,4531362
2025-10-09,3550.60009765625,3550.60009765625,3561.699951171875,3526.39990234375,3559.800048828125,597739
2025-10-10,3531.89990234375,3531.89990234375,3571.699951171875,3523.300048828125,3548.89990234375,825274
2025-10-13,3533.60009765625,3533.60009765625,3545.0,3509.5,3518.0,606122
2025-10-14,3537.39990234375,3537.39990234375,3549.39990234375,3506.5,3533.0,925998
2025-10-15,3549.0,3549.0,3561.89990234375,3511.0,3532.89990234375,1005045
2025-10-16,3640.300048828125,3640.300048828125,3652.0,3540.0,3549.0,1528118
2025-10-17,3674.800048828125,3674.800048828125,3715.0,3633.0,3635.0,1123500
2025-10-20,3737.199951171875,3737.199951171875,3749.89990234375,3676.199951171875,3680.0,707974
2025-10-21,3729.0,3729.0,3746.0,3719.0,3737.199951171875,156306
2025-10-23,3772.300048828125,3772.300048828125,3800.0,3738.300048828125,3765.0,1622402
2025-10-24,3714.89990234375,3714.89990234375,3781.0,3706.10009765625,3775.0,563296
2025-10-27,3739.800048828125,3739.800048828125,3753.89990234375,3710.0,3714.0,856124
2025-10-28,3717.0,3717.0,3770.0,3688.10009765625,3750.0,1482961
2025-10-29,3748.300048828125,3748.300048828125,3753.5,3714.199951171875,3734.199951171875,789557
2025-10-30,3750.699951171875,3750.699951171875,3773.89990234375,3720.10009765625,3745.0,544151
2025-10-31,3746.699951171875,3746.699951171875,3783.0,3739.5,3758.89990234375,900994
2025-11-03,3724.5,3724.5,3762.0,3667.300048828125,3730.0,1119367
2025-11-04,3813.5,3813.5,3827.0,3715.0,3724.5,2524600
2025-11-06,3774.39990234375,3774.39990234375,3837.699951171875,3761.60009765625,3780.0,927231
2025-11-07,3769.300048828125,3769.300048828125,3792.0,3736.0,3766.0,728998
2025-11-10,3803.0,3803.0,3815.0,3769.300048828125,3788.0,599567
2025-11-11,3812.39990234375,3812.39990234375,3820.0,3752.10009765625,3810.5,668789
2025-11-12,3851.10009765625,3851.10009765625,3877.0,3804.199951171875,3838.0,805025
2025-11-13,3839.199951171875,3839.199951171875,3867.89990234375,3817.0,3860.0,668623
2025-11-14,3829.199951171875,3829.199951171875,3854.699951171875,3800.0,3839.199951171875,575050
2025-11-17,3868.60009765625,3868.60009765625,3874.300048828125,3821.5,3848.0,504928
2025-11-18,3879.199951171875,3879.199951171875,3900.0,3841.60009765625,3865.0,849966
2025-11-19,3933.10009765625,3933.10009765625,3940.5,3862.39990234375,3882.89990234375,1578123
2025-11-20,3902.39990234375,3902.39990234375,3956.0,3895.0,3950.0,762391
2025-11-21,3904.199951171875,3904.199951171875,3925.0,3882.10009765625,3901.0,383311
2025-11-24,3874.300048828125,3874.300048828125,3937.199951171875,3865.0,3915.5,1258036
2025-11-25,3855.10009765625,3855.10009765625,3908.39990234375,3845.0,3874.39990234375,680366
2025-11-26,3897.699951171875,3897.699951171875,3914.5,3843.5,3845.0,364592
2025-11-27,3903.300048828125,3903.300048828125,3927.0,3875.10009765625,3900.60009765625,542241
2025-11-28,3907.699951171875,3907.699951171875,3934.89990234375,3896.5,3906.199951171875,574817
2025-12-01,3894.89990234375,3894.89990234375,3910.699951171875,3861.300048828125,3907.699951171875,603073
2025-12-02,3885.800048828125,3885.800048828125,3899.60009765625,3867.5,3875.0,661018
2025-12-03,3817.800048828125,3817.800048828125,3880.0,3785.89990234375,3870.0,770638
2025-12-04,3800.39990234375,3800.39990234375,3830.0,3778.0,3805.0,776693
2025-12-05,3813.300048828125,3813.300048828125,3828.0,3777.0,3777.0,508448
2025-12-08,3767.0,3767.0,3825.0,3758.10009765625,3796.300048828125,545864
2025-12-09,3849.0,3849.0,3874.0,3751.0,3775.0,1121068
2025-12-10,3845.699951171875,3845.699951171875,3858.199951171875,3825.60009765625,3831.0,616248
2025-12-11,3844.800048828125,3844.800048828125,3855.800048828125,3777.0,3830.39990234375,669180
2025-12-12,3880.199951171875,3880.199951171875,3894.800048828125,3831.89990234375,3844.800048828125,547866
2025-12-15,3866.199951171875,3866.199951171875,3876.39990234375,3850.0,3861.300048828125,332337
2025-12-16,3929.5,3929.5,3937.5,3828.0,3850.0,1560827
2025-12-17,3907.89990234375,3907.89990234375,3935.699951171875,3890.0,3930.0,601010
2025-12-18,3919.300048828125,3919.300048828125,3924.0,3890.10009765625,3900.0,516547
2025-12-19,3930.10009765625,3930.10009765625,3961.89990234375,3913.0,3919.0,730780
2025-12-22,3933.800048828125,3933.800048828125,3950.800048828125,3917.10009765625,3940.0,569521
2025-12-23,3925.800048828125,3925.800048828125,3956.300048828125,3916.39990234375,3933.800048828125,445656
2025-12-24,3909.300048828125,3909.300048828125,3935.0,3900.0,3925.800048828125,399227
2025-12-26,3992.0,3992.0,4006.89990234375,3900.0,3908.89990234375,1113050
2025-12-29,3983.699951171875,3983.699951171875,4031.699951171875,3978.0,4010.0,1242846
2025-12-30,3974.10009765625,3974.10009765625,3993.5,3954.10009765625,3982.0,1169570
2025-12-31,4051.5,4051.5,4061.89990234375,3975.10009765625,3984.0,1358731
2026-01-01,4049.300048828125,4049.300048828125,4068.0,4035.699951171875,4063.699951171875,444679
2026-01-02,4051.699951171875,4051.699951171875,4060.0,3986.199951171875,4039.0,659997
2026-01-05,4079.699951171875,4079.699951171875,4094.0,4046.0,4051.699951171875,629273
2026-01-06,4111.7998046875,4111.7998046875,4120.5,4068.5,4079.699951171875,820331
2026-01-07,4273.2001953125,4273.2001953125,4312.10009765625,4202.0,4225.0,3496340
2026-01-08,4249.0,4249.0,4303.2001953125,4239.0,4273.2001953125,1055725
2026-01-09,4201.7998046875,4201.7998046875,4279.0,4183.10009765625,4231.0,883117
2026-01-12,4231.60009765625,4231.60009765625,4242.0,4145.0,4205.0,514767
2026-01-13,4239.2001953125,4239.2001953125,4267.60009765625,4210.0,4231.60009765625,770707
2026-01-14,4221.5,4221.5,4283.0,4211.0,4241.89990234375,998692
2026-01-15,4221.5,4221.5,4221.5,4221.5,4221.5,0
2026-01-16,4196.89990234375,4196.89990234375,4236.39990234375,4181.10009765625,4221.5,686949
2026-01-19,4144.10009765625,4144.10009765625,4207.39990234375,4129.10009765625,4165.7001953125,365905
2026-01-20,4075.5,4075.5,4155.0,4064.300048828125,4155.0,586156
2026-01-21,4079.199951171875,4079.199951171875,4109.89990234375,4053.5,4075.5,552760
2026-01-22,4018.60009765625,4018.60009765625,4128.0,3980.800048828125,4099.0,818966
2026-01-23,4021.800048828125,4021.800048828125,4063.300048828125,3980.0,4025.10009765625,1015415
2026-01-27,3997.0,3997.0,4040.0,3955.0,4021.800048828125,1760501
2026-01-28,3975.199951171875,3975.199951171875,4025.800048828125,3964.89990234375,4002.0,809022
2026-01-29,3939.699951171875,3939.699951171875,3968.60009765625,3843.10009765625,3960.800048828125,1145612
2026-01-30,3977.39990234375,3977.39990234375,3995.0,3909.800048828125,3945.0,1427639
2026-02-02,3953.199951171875,3953.199951171875,4000.0,3893.300048828125,4000.0,1273196
2026-02-03,4068.60009765625,4068.60009765625,4143.0,4044.10009765625,4143.0,1043274
2026-02-04,4144.0,4144.0,4160.0,4066.199951171875,4087.0,917279
2026-02-05,4097.60009765625,4097.60009765625,4152.2998046875,4063.10009765625,4152.2998046875,693637
2026-02-06,4141.0,4141.0,4154.0,4065.300048828125,4097.60009765625,888701
2026-02-09,4257.7998046875,4257.7998046875,4269.39990234375,4155.0,4200.2001953125,1092387
2026-02-10,4269.10009765625,4269.10009765625,4329.60009765625,4239.60009765625,4300.0,1713633
2026-02-11,4249.10009765625,4249.10009765625,4378.39990234375,4208.0,4350.0,3342226
2026-02-12,4275.7998046875,4275.7998046875,4286.39990234375,4182.2998046875,4232.39990234375,998509
2026-02-13,4179.2001953125,4179.2001953125,4271.7998046875,4164.7998046875,4267.2998046875,524758
2026-02-16,4181.10009765625,4181.10009765625,4196.0,4128.7998046875,4155.0,500349
2026-02-17,4236.39990234375,4236.39990234375,4244.89990234375,4155.0,4167.10009765625,464123
2026-02-18,4248.60009765625,4248.60009765625,4257.89990234375,4214.2998046875,4251.0,387328
2026-02-19,4198.2001953125,4198.2001953125,4261.0,4191.0,4225.0,406232
2026-02-20,4236.39990234375,4236.39990234375,4252.10009765625,4200.2001953125,4200.5,532169
2026-02-23,4272.7001953125,4272.7001953125,4280.0,4240.10009765625,4270.0,516387
2026-02-24,4294.5,4294.5,4300.0,4235.0,4240.39990234375,491126
2026-02-25,4325.0,4325.0,4349.0,4289.7998046875,4304.0,586295
2026-02-26,4342.60009765625,4342.60009765625,4352.2001953125,4307.0,4330.0,520985
2026-02-27,4327.5,4327.5,4352.0,4311.7998046875,4341.60009765625,1146258
2026-03-02,4270.2998046875,4270.2998046875,4330.0,4193.0,4288.7998046875,770589
2026-03-04,4204.39990234375,4204.39990234375,4238.2998046875,4083.5,4205.0,1024050
2026-03-05,4275.2001953125,4275.2001953125,4302.5,4173.2001953125,4238.0,691367
2026-03-06,4244.60009765625,4244.60009765625,4302.0,4227.0,4250.0,580562
2026-03-09,4159.2001953125,4159.2001953125,4199.7001953125,4112.7001953125,4160.0,576017
2026-03-10,4220.10009765625,4220.10009765625,4242.89990234375,4175.10009765625,4175.10009765625,788850
2026-03-11,4140.2998046875,4140.2998046875,4234.89990234375,4126.2001953125,4192.0,454575
2026-03-12,4129.60009765625,4129.60009765625,4179.0,4033.800048828125,4100.0,1071366
2026-03-13,4073.199951171875,4073.199951171875,4147.2001953125,4046.0,4091.0,868825
2026-03-16,4090.800048828125,4090.800048828125,4125.0,4002.199951171875,4057.0,1013667
2026-03-17,4090.5,4090.5,4110.0,4036.5,4090.5,1126905
2026-03-18,4145.5,4145.5,4174.7998046875,4077.800048828125,4083.699951171875,751307
2026-03-19,4037.89990234375,4037.89990234375,4138.10009765625,4017.89990234375,4104.39990234375,567278
2026-03-20,4106.60009765625,4106.60009765625,4149.89990234375,4040.89990234375,4046.89990234375,1019586
2026-03-23,3853.10009765625,3853.10009765625,4059.0,3825.0,4056.60009765625,1533645
2026-03-24,3899.5,3899.5,3985.0,3843.0,3950.300048828125,1300547
2026-03-25,4039.300048828125,4039.300048828125,4097.0,3940.5,3950.0,1306823
2026-03-27,3981.5,3981.5,4032.800048828125,3972.0,4000.0,1040658
2026-03-30,3951.39990234375,3951.39990234375,4007.39990234375,3914.10009765625,3942.0,1488223
2026-04-01,4065.5,4065.5,4100.0,4000.0,4000.0,781974
2026-04-02,4097.2001953125,4097.2001953125,4109.10009765625,3944.699951171875,3996.0,1614868
2026-04-06,4246.10009765625,4246.10009765625,4257.89990234375,4105.0,4105.0,1678285
2026-04-07,4230.60009765625,4230.60009765625,4243.5,4168.7998046875,4235.2998046875,1274146
2026-04-08,4492.5,4492.5,4505.0,4309.10009765625,4351.2998046875,3834533
2026-04-09,4439.7998046875,4439.7998046875,4497.39990234375,4414.10009765625,4475.0,1385274
2026-04-10,4505.0,4505.0,4523.89990234375,4425.10009765625,4430.10009765625,1565192
2026-04-13,4439.2998046875,4439.2998046875,4496.0,4391.10009765625,4391.10009765625,850456
2026-04-15,4522.2001953125,4522.2001953125,4534.0,4447.2998046875,4490.10009765625,918513
2026-04-16,4461.39990234375,4461.39990234375,4554.0,4440.0,4554.0,1283713
2026-04-17,4525.89990234375,4525.89990234375,4531.7998046875,4330.0,4461.39990234375,2124034
2026-04-20,4513.0,4513.0,4549.0,4467.7001953125,4532.10009765625,1646815
2026-04-21,4479.7001953125,4479.7001953125,4544.5,4465.0,4513.5,656106
2026-04-22,4454.60009765625,4454.60009765625,4492.0,4445.2001953125,4461.7001953125,596352
2026-04-23,4456.5,4456.5,4474.0,4393.5,4411.0,680187
2026-04-24,4410.0,4410.0,4486.60009765625,4361.39990234375,4475.5,958536
2026-04-27,4441.7998046875,4441.7998046875,4464.0,4388.39990234375,4438.7998046875,649222
