Date,Adj Close,Close,High,Low,Open,Volume
,UPL.NS,UPL.NS,UPL.NS,UPL.NS,UPL.NS,UPL.NS
2010-01-04,97.27626037597656,116.23332977294922,119.73332977294922,115.69999694824219,116.66666412353516,2254702
2010-01-05,102.04662322998047,121.93333435058594,122.96666717529297,116.69999694824219,120.0,2834944
2010-01-06,100.23333740234375,119.76666259765625,122.5999984741211,118.06666564941406,122.33333587646484,1808083
2010-01-07,99.28484344482422,118.63333129882812,121.56666564941406,118.0,120.4000015258789,795439
2010-01-08,98.67109680175781,117.9000015258789,119.69999694824219,116.19999694824219,118.66666412353516,1325607
2010-01-11,97.94577026367188,117.03333282470703,120.46666717529297,116.69999694824219,117.93333435058594,1353213
2010-01-12,94.2354965209961,112.5999984741211,118.30000305175781,112.06666564941406,117.03333282470703,892738
2010-01-13,95.96510314941406,114.66666412353516,115.66666412353516,111.06666564941406,112.66666412353516,669516
2010-01-14,94.34708404541016,112.73332977294922,118.53333282470703,112.0999984741211,115.5999984741211,961294
2010-01-15,93.03593444824219,111.16666412353516,115.23332977294922,110.69999694824219,115.23332977294922,927808
2010-01-18,94.82134246826172,113.30000305175781,114.83333587646484,111.33333587646484,112.06666564941406,1714378
2010-01-19,93.39859771728516,111.5999984741211,114.4000015258789,111.33333587646484,114.4000015258789,516949
2010-01-20,92.03166961669922,109.96666717529297,112.5,109.33333587646484,112.0,1898559
2010-01-21,91.1389389038086,108.9000015258789,111.13333129882812,107.5999984741211,110.0,1052815
2010-01-22,89.29776000976562,106.69999694824219,108.0,103.43333435058594,106.66666412353516,1208554
2010-01-25,89.32565307617188,106.73332977294922,108.0,105.46666717529297,107.19999694824219,353221
2010-01-27,86.703369140625,103.5999984741211,107.19999694824219,103.06666564941406,107.19999694824219,813660
2010-01-28,87.98662567138672,105.13333129882812,107.0,104.5999984741211,105.96666717529297,1197127
2010-01-29,86.703369140625,103.5999984741211,105.03333282470703,102.33333587646484,104.0,1090249
2010-02-01,86.20121765136719,103.0,105.36666870117188,102.33333587646484,105.26666259765625,990853
2010-02-02,84.63898468017578,101.13333129882812,104.76666259765625,99.69999694824219,104.53333282470703,837351
2010-02-03,87.79134368896484,104.9000015258789,105.76666259765625,100.53333282470703,101.4000015258789,1591876
2010-02-04,87.40078735351562,104.43333435058594,107.23332977294922,103.80000305175781,104.66666412353516,2186901
2010-02-05,86.1175308227539,102.9000015258789,105.86666870117188,100.36666870117188,102.66666412353516,1329259
2010-02-08,85.28060150146484,101.9000015258789,104.66666412353516,101.46666717529297,104.66666412353516,463609
2010-02-09,85.25273895263672,101.86666870117188,103.19999694824219,101.13333129882812,103.19999694824219,1314007
2010-02-10,84.7226791381836,101.23332977294922,103.03333282470703,100.73332977294922,102.66666412353516,352015
2010-02-11,84.30422973632812,100.73332977294922,102.43333435058594,100.4000015258789,101.86666870117188,292597
2010-02-15,84.36003112792969,100.80000305175781,102.43333435058594,99.36666870117188,101.30000305175781,828448
2010-02-16,83.69049835205078,100.0,101.66666412353516,99.76666259765625,101.06666564941406,945034
2010-02-17,86.98233032226562,103.93333435058594,104.33333587646484,100.86666870117188,101.26666259765625,1116966
2010-02-18,87.90292358398438,105.03333282470703,105.5999984741211,104.0,105.0,1183498
2010-02-19,87.03812408447266,104.0,106.66666412353516,103.46666717529297,106.0,1288294
2010-02-22,87.0102310180664,103.96666717529297,105.33333587646484,103.06666564941406,105.33333587646484,587325
2010-02-23,89.1861801147461,106.56666564941406,106.66666412353516,103.03333282470703,103.13333129882812,1372147
2010-02-24,86.4802017211914,103.33333587646484,106.53333282470703,102.23332977294922,106.26666259765625,1010328
2010-02-25,84.69479370117188,101.19999694824219,105.30000305175781,100.73332977294922,104.46666717529297,1056157
2010-02-26,84.47159576416016,100.93333435058594,102.69999694824219,100.13333129882812,102.0,627318
2010-03-02,85.42011260986328,102.06666564941406,102.63333129882812,101.33333587646484,102.63333129882812,263133
2010-03-03,87.03812408447266,104.0,104.33333587646484,102.66666412353516,102.80000305175781,1156731
2010-03-04,87.03812408447266,104.0,105.0999984741211,103.06666564941406,103.86666870117188,1766482
2010-03-05,91.55741119384766,109.4000015258789,110.06666564941406,103.5999984741211,104.33333587646484,3555265
2010-03-08,89.71621704101562,107.19999694824219,112.53333282470703,106.4000015258789,112.53333282470703,1325590
2010-03-09,88.181884765625,105.36666870117188,107.9000015258789,104.96666717529297,107.4000015258789,445551
2010-03-10,88.62825012207031,105.9000015258789,106.86666870117188,105.06666564941406,106.0,1291446
2010-03-11,89.79991149902344,107.30000305175781,108.13333129882812,104.06666564941406,105.9000015258789,704499
2010-03-12,88.46086883544922,105.69999694824219,107.66666412353516,104.46666717529297,107.63333129882812,611961
2010-03-15,87.31709289550781,104.33333587646484,105.9000015258789,103.03333282470703,105.69999694824219,1035984
2010-03-16,87.06600952148438,104.03333282470703,105.26666259765625,102.66666412353516,105.26666259765625,857109
2010-03-17,88.46086883544922,105.69999694824219,107.33333587646484,104.33333587646484,104.33333587646484,547720
2010-03-18,86.67546081542969,103.56666564941406,108.0,103.33333587646484,105.69999694824219,1860774
2010-03-19,87.4844741821289,104.53333282470703,104.96666717529297,103.33333587646484,104.66666412353516,625806
2010-03-22,86.4802017211914,103.33333587646484,105.80000305175781,102.13333129882812,103.33333587646484,1223277
2010-03-23,86.75914764404297,103.66666412353516,104.86666870117188,102.73332977294922,104.86666870117188,270925
2010-03-25,84.36003112792969,100.80000305175781,104.0,100.0,103.53333282470703,1927060
2010-03-26,84.19263458251953,100.5999984741211,102.0,100.30000305175781,101.63333129882812,804067
2010-03-29,82.90939331054688,99.06666564941406,101.30000305175781,98.73332977294922,100.96666717529297,1255237
2010-03-30,82.35147094726562,98.4000015258789,100.06666564941406,97.86666870117188,99.66666412353516,733359
2010-03-31,83.24414825439453,99.46666717529297,101.0999984741211,97.33333587646484,99.13333129882812,1967145
2010-04-01,83.3557357788086,99.5999984741211,100.66666412353516,98.83333587646484,100.0,909012
2010-04-05,83.80209350585938,100.13333129882812,101.16666412353516,98.0,98.0,902718
2010-04-06,85.92225646972656,102.66666412353516,103.30000305175781,100.06666564941406,100.66666412353516,1967328
2010-04-07,85.75487518310547,102.46666717529297,104.0999984741211,101.73332977294922,103.66666412353516,912931
2010-04-08,86.1175308227539,102.9000015258789,104.0999984741211,101.63333129882812,102.0,1020498
2010-04-09,85.30851745605469,101.93333435058594,103.30000305175781,101.06666564941406,102.5999984741211,2443687
2010-04-12,84.33211517333984,100.76666259765625,101.9000015258789,99.80000305175781,101.36666870117188,1538208
2010-04-13,83.71839904785156,100.03333282470703,101.93333435058594,99.46666717529297,101.0,740025
2010-04-15,84.05316925048828,100.43333435058594,101.5999984741211,95.03333282470703,95.03333282470703,666090
2010-04-16,83.52311706542969,99.80000305175781,100.80000305175781,98.86666870117188,100.30000305175781,573166
2010-04-19,80.8729248046875,96.63333129882812,98.66666412353516,95.33333587646484,98.66666412353516,1198609
2010-04-20,80.56605529785156,96.26666259765625,98.16666412353516,95.73332977294922,96.80000305175781,995481
2010-04-21,80.70555114746094,96.43333435058594,98.30000305175781,96.19999694824219,98.30000305175781,1708477
2010-04-22,80.62186431884766,96.33333587646484,98.0,95.69999694824219,97.33333587646484,1744557
2010-04-23,80.78923034667969,96.53333282470703,98.0,96.33333587646484,96.73332977294922,1374798
2010-04-26,82.93728637695312,99.0999984741211,99.5999984741211,96.86666870117188,96.93333435058594,2526394
2010-04-27,83.32786560058594,99.56666564941406,103.69999694824219,98.56666564941406,99.0,4116252
2010-04-28,81.17977905273438,97.0,99.16666412353516,96.66666412353516,98.0,1174197
2010-04-29,82.40724182128906,98.46666717529297,100.26666259765625,97.5,98.26666259765625,4235635
2010-04-30,94.96082305908203,113.46666717529297,114.86666870117188,100.16666412353516,100.16666412353516,20411595
2010-05-03,95.96510314941406,114.66666412353516,118.53333282470703,111.06666564941406,112.66666412353516,12367054
2010-05-04,93.28701782226562,111.46666717529297,117.33333587646484,110.86666870117188,116.66666412353516,3091543
2010-05-05,95.10031127929688,113.63333129882812,115.80000305175781,108.23332977294922,109.33333587646484,5416722
2010-05-06,95.93720245361328,114.63333129882812,116.53333282470703,111.53333282470703,113.0,2299740
2010-05-07,92.17112731933594,110.13333129882812,113.19999694824219,109.36666870117188,113.0,2607150
2010-05-10,95.90931701660156,114.5999984741211,115.66666412353516,110.83333587646484,111.93333435058594,2067420
2010-05-11,97.33206939697266,116.30000305175781,117.30000305175781,113.06666564941406,115.0,2550915
2010-05-12,94.93292236328125,113.43333435058594,118.19999694824219,111.63333129882812,116.5,2473800
2010-05-13,95.71405792236328,114.36666870117188,115.86666870117188,111.69999694824219,114.5999984741211,2128762
2010-05-14,94.62606811523438,113.06666564941406,117.13333129882812,112.13333129882812,114.36666870117188,3537130
2010-05-17,95.853515625,114.53333282470703,115.03333282470703,110.80000305175781,111.33333587646484,1447492
2010-05-18,96.04878997802734,114.76666259765625,116.53333282470703,114.0,115.0,955750
2010-05-19,91.72478485107422,109.5999984741211,114.5,107.76666259765625,114.0,1321930
2010-05-20,92.81275939941406,110.9000015258789,112.13333129882812,108.66666412353516,108.66666412353516,633730
2010-05-21,92.05956268310547,110.0,111.0,106.83333587646484,110.13333129882812,913963
2010-05-24,90.46943664550781,108.0999984741211,114.0,107.5,111.33333587646484,445977
2010-05-25,88.68402862548828,105.96666717529297,109.5999984741211,105.46666717529297,106.66666412353516,2025096
2010-05-26,93.56599426269531,111.80000305175781,112.33333587646484,106.76666259765625,106.76666259765625,1451905
2010-05-27,94.7097396850586,113.16666412353516,114.33333587646484,110.33333587646484,112.80000305175781,1417176
2010-05-28,95.12820434570312,113.66666412353516,115.19999694824219,111.46666717529297,114.0,737353
2010-05-31,101.62815856933594,121.43333435058594,123.5999984741211,112.69999694824219,114.43333435058594,4594950
2010-06-01,97.86209106445312,116.93333435058594,126.06666564941406,115.4000015258789,122.4000015258789,5005507
2010-06-02,99.87065887451172,119.33333587646484,121.06666564941406,117.66666412353516,118.0,2375404
2010-06-03,101.04232788085938,120.73332977294922,123.33333587646484,119.36666870117188,120.33333587646484,4360602
2010-06-04,104.47364044189453,124.83333587646484,126.33333587646484,120.80000305175781,122.26666259765625,6480373
2010-06-07,103.38566589355469,123.53333282470703,124.5999984741211,120.33333587646484,123.13333129882812,1964010
2010-06-08,100.28912353515625,119.83333587646484,125.5,118.26666259765625,124.0,3459829
2010-06-09,100.59597778320312,120.19999694824219,122.16666412353516,118.93333435058594,120.23332977294922,871273
2010-06-10,104.55732727050781,124.93333435058594,126.0,120.66666412353516,120.83333587646484,3162934
2010-06-11,102.18610382080078,122.0999984741211,126.53333282470703,121.03333282470703,125.66666412353516,2318104
2010-06-14,102.46508026123047,122.43333435058594,124.53333282470703,122.0,124.53333282470703,806523
2010-06-15,100.17752075195312,119.69999694824219,125.0,119.33333587646484,125.0,2076231
2010-06-16,103.72042846679688,123.93333435058594,126.43333435058594,120.0999984741211,120.13333129882812,5245927
2010-06-17,105.72901153564453,126.33333587646484,129.46665954589844,124.0,124.73332977294922,6242659
2010-06-18,106.17534637451172,126.86666870117188,129.26666259765625,126.0,127.63333129882812,3210808
2010-06-21,108.40708923339844,129.53334045410156,130.1666717529297,128.03334045410156,128.6666717529297,3100929
2010-06-22,108.57447814941406,129.73333740234375,132.23333740234375,126.83333587646484,130.3333282470703,3104859
2010-06-23,108.15603637695312,129.23333740234375,131.13333129882812,127.36666870117188,128.6666717529297,2399229
2010-06-24,108.71395111083984,129.89999389648438,131.3333282470703,129.06666564941406,129.6666717529297,1825137
2010-06-25,106.9285659790039,127.76666259765625,130.60000610351562,127.5,130.0,1085914
2010-06-28,108.15603637695312,129.23333740234375,130.23333740234375,128.0,128.0,1910037
2010-06-29,106.95645904541016,127.80000305175781,132.96665954589844,125.53333282470703,128.0,6055947
2010-06-30,102.68824768066406,122.69999694824219,126.53333282470703,120.13333129882812,126.53333282470703,8479212
2010-07-01,101.20970916748047,120.93333435058594,124.0,120.06666564941406,122.26666259765625,1961358
2010-07-02,101.71186828613281,121.53333282470703,123.13333129882812,120.06666564941406,121.33333587646484,1393890
2010-07-05,100.54019165039062,120.13333129882812,122.03333282470703,119.73332977294922,122.0,1212730
2010-07-06,98.3642349243164,117.53333282470703,121.0,116.66666412353516,120.80000305175781,3144735
2010-07-07,97.44364166259766,116.43333435058594,119.33333587646484,115.03333282470703,118.30000305175781,3819757
2010-07-08,98.64319610595703,117.86666870117188,119.73332977294922,117.4000015258789,118.66666412353516,4171744
2010-07-09,97.83419799804688,116.9000015258789,119.06666564941406,116.0,119.0,2519322
2010-07-12,97.38785552978516,116.36666870117188,117.83333587646484,115.06666564941406,117.46666717529297,2349067
2010-07-13,100.03804016113281,119.53333282470703,120.06666564941406,115.66666412353516,116.06666564941406,1736737
2010-07-14,98.67109680175781,117.9000015258789,120.93333435058594,117.06666564941406,120.66666412353516,2613522
2010-07-15,97.5831298828125,116.5999984741211,118.53333282470703,116.33333587646484,117.33333587646484,1514497
2010-07-16,97.61102294921875,116.63333129882812,118.46666717529297,116.36666870117188,116.5999984741211,830170
2010-07-19,97.66682434082031,116.69999694824219,118.26666259765625,115.5,116.30000305175781,1608583
2010-07-20,98.19686126708984,117.33333587646484,119.33333587646484,116.86666870117188,117.0,1485481
2010-07-21,100.28912353515625,119.83333587646484,120.4000015258789,117.36666870117188,118.33333587646484,1289620
2010-07-22,102.79984283447266,122.83333587646484,123.46666717529297,118.86666870117188,118.86666870117188,3919581
2010-07-23,100.73545837402344,120.36666870117188,123.5,120.0,123.5,1747791
2010-07-26,100.06594848632812,119.56666564941406,121.30000305175781,117.43333435058594,121.19999694824219,2020012
2010-07-27,103.943603515625,124.19999694824219,129.60000610351562,118.66666412353516,118.66666412353516,3888243
2010-07-28,101.46077728271484,121.23332977294922,125.23332977294922,120.66666412353516,125.19999694824219,2791795
2010-07-29,99.92647552490234,119.4000015258789,121.93333435058594,118.93333435058594,121.33333587646484,2369079
2010-07-30,102.7719497680664,122.80000305175781,123.26666259765625,120.0999984741211,120.66666412353516,2157457
2010-08-02,103.106689453125,123.19999694824219,126.46666717529297,122.36666870117188,126.19999694824219,1745454
2010-08-03,104.02729797363281,124.30000305175781,126.30000305175781,123.06666564941406,123.53333282470703,2132352
2010-08-04,103.35777282714844,123.5,126.0,122.83333587646484,124.66666412353516,2271406
2010-08-05,102.26978302001953,122.19999694824219,124.63333129882812,121.80000305175781,123.96666717529297,1171083
2010-08-06,102.57664489746094,122.56666564941406,123.73332977294922,122.0,122.33333587646484,1635826
2010-08-09,103.74832916259766,123.96666717529297,125.13333129882812,122.16666412353516,123.19999694824219,3516936
2010-08-10,102.46508026123047,122.43333435058594,124.83333587646484,122.06666564941406,124.0,545553
2010-08-11,103.07879638671875,123.16666412353516,125.16666412353516,121.16666412353516,122.66666412353516,3524073
2010-08-12,103.69252014160156,123.9000015258789,124.33333587646484,121.5,122.0,1103209
2010-08-13,105.75688934326172,126.36666870117188,127.13333129882812,123.73332977294922,124.33333587646484,2581686
2010-08-16,105.1431655883789,125.63333129882812,128.1999969482422,124.66666412353516,126.5999984741211,1551660
2010-08-17,105.4221420288086,125.96666717529297,127.36666870117188,125.13333129882812,126.5999984741211,906768
2010-08-18,110.1087875366211,131.56666564941406,132.23333740234375,125.96666717529297,125.96666717529297,3724710
2010-08-19,111.00150299072266,132.63333129882812,133.5,129.03334045410156,131.6666717529297,4543806
2010-08-20,109.07661437988281,130.3333282470703,132.93333435058594,129.3333282470703,132.8333282470703,1641670
2010-08-23,107.59809875488281,128.56666564941406,130.93333435058594,128.3333282470703,130.93333435058594,845248
2010-08-24,109.10453033447266,130.36666870117188,131.10000610351562,125.80000305175781,129.3333282470703,2170125
2010-08-25,107.90496826171875,128.93333435058594,130.1999969482422,127.43333435058594,129.86666870117188,1511757
2010-08-26,105.23860931396484,124.5,128.3333282470703,123.73332977294922,128.3333282470703,1644319
2010-08-27,103.74526977539062,122.73332977294922,126.5999984741211,121.46666717529297,125.33333587646484,1815157
2010-08-30,103.15355682373047,122.03333282470703,126.26666259765625,121.23332977294922,124.4000015258789,569977
2010-08-31,103.88615417480469,122.9000015258789,125.13333129882812,119.46666717529297,121.5999984741211,1314535
2010-09-01,105.26679229736328,124.53333282470703,125.03333282470703,122.0,123.66666412353516,726462
2010-09-02,105.12592315673828,124.36666870117188,125.73332977294922,123.76666259765625,125.73332977294922,568663
2010-09-03,104.98502349853516,124.19999694824219,126.26666259765625,123.83333587646484,124.13333129882812,703545
2010-09-06,105.351318359375,124.63333129882812,125.93333435058594,124.4000015258789,125.5999984741211,547594
2010-09-07,103.71710205078125,122.69999694824219,125.86666870117188,122.46666717529297,125.53333282470703,720276
2010-09-08,103.3508071899414,122.26666259765625,124.46666717529297,121.36666870117188,122.76666259765625,544924
2010-09-09,103.88615417480469,122.9000015258789,124.5999984741211,122.03333282470703,123.5999984741211,1088280
2010-09-13,107.18278503417969,126.80000305175781,130.8000030517578,122.9000015258789,124.66666412353516,3385318
2010-09-14,107.29550170898438,126.93333435058594,129.3000030517578,125.46666717529297,127.86666870117188,1970380
2010-09-15,107.40818786621094,127.06666564941406,128.63333129882812,125.80000305175781,127.33333587646484,1432230
2010-09-16,104.16791534423828,123.23332977294922,126.9000015258789,122.66666412353516,126.19999694824219,1187926
2010-09-17,105.4922103881836,124.80000305175781,125.63333129882812,123.73332977294922,124.13333129882812,1307500
2010-09-20,105.60490417480469,124.93333435058594,126.23332977294922,124.06666564941406,124.9000015258789,610012
2010-09-21,105.26679229736328,124.53333282470703,126.19999694824219,122.36666870117188,124.53333282470703,1177314
2010-09-22,105.46401977539062,124.76666259765625,127.26666259765625,123.5,127.26666259765625,1735660
2010-09-23,105.46401977539062,124.76666259765625,126.36666870117188,123.53333282470703,123.53333282470703,1079115
2010-09-24,105.88666534423828,125.26666259765625,125.63333129882812,123.66666412353516,125.0,697536
2010-09-27,104.84414672851562,124.03333282470703,128.0,123.66666412353516,128.0,1918837
2010-09-28,103.54803466796875,122.5,125.0,122.19999694824219,122.53333282470703,796053
2010-09-29,102.92814636230469,121.76666259765625,123.5999984741211,121.06666564941406,123.0,998991
2010-09-30,101.09669494628906,119.5999984741211,122.46666717529297,119.0,122.46666717529297,2727924
2010-10-01,102.61823272705078,121.4000015258789,122.36666870117188,120.03333282470703,120.0999984741211,985708
2010-10-04,103.82980346679688,122.83333587646484,123.5999984741211,121.66666412353516,122.0,762637
2010-10-05,104.02704620361328,123.06666564941406,124.43333435058594,122.16666412353516,122.83333587646484,1331677
2010-10-06,105.83031463623047,125.19999694824219,126.63333129882812,123.33333587646484,125.26666259765625,2585299
2010-10-07,103.1253890991211,122.0,126.36666870117188,121.33333587646484,125.86666870117188,949792
2010-10-08,102.42098236083984,121.16666412353516,123.23332977294922,120.69999694824219,123.23332977294922,667290
2010-10-11,104.47785949707031,123.5999984741211,124.16666412353516,121.19999694824219,122.0,1111189
2010-10-12,107.52088928222656,127.19999694824219,128.60000610351562,122.73332977294922,124.66666412353516,3386076
2010-10-13,107.68994903564453,127.4000015258789,130.53334045410156,126.83333587646484,128.6666717529297,5357295
2010-10-14,110.84569549560547,131.13333129882812,132.53334045410156,126.26666259765625,128.63333129882812,6131857
2010-10-15,107.40818786621094,127.06666564941406,133.0,126.19999694824219,132.6666717529297,3379047
2010-10-18,106.11209869384766,125.53333282470703,127.86666870117188,122.4000015258789,127.53333282470703,1153029
2010-10-19,106.70377349853516,126.23332977294922,129.26666259765625,125.73332977294922,126.83333587646484,1810534
2010-10-20,107.77449035644531,127.5,130.86666870117188,124.66666412353516,125.83333587646484,2203296
2010-10-21,115.46661376953125,136.60000610351562,137.60000610351562,126.53333282470703,128.0,8770137
2010-10-22,118.53784942626953,140.23333740234375,141.53334045410156,137.6666717529297,139.26666259765625,10810732
2010-10-25,122.36979675292969,144.76666259765625,146.46665954589844,139.3000030517578,143.5,8536605
2010-10-26,113.15615844726562,133.86666870117188,145.53334045410156,132.43333435058594,145.53334045410156,8224293
2010-10-27,113.83240509033203,134.6666717529297,136.60000610351562,132.06666564941406,134.6666717529297,3879351
2010-10-28,116.25558471679688,137.53334045410156,140.96665954589844,134.76666259765625,136.0,4046659
2010-10-29,112.3108901977539,132.86666870117188,138.6666717529297,127.53333282470703,138.6666717529297,4845165
2010-11-01,115.10033416748047,136.1666717529297,137.1666717529297,134.39999389648438,134.6666717529297,2415586
2010-11-02,115.77657318115234,136.96665954589844,138.3333282470703,134.13333129882812,136.60000610351562,1922080
2010-11-03,117.43898010253906,138.93333435058594,140.89999389648438,136.8333282470703,137.6666717529297,3485233
2010-11-04,119.77760314941406,141.6999969482422,144.3333282470703,136.6666717529297,139.13333129882812,4348491
2010-11-08,118.56600952148438,140.26666259765625,144.39999389648438,138.6666717529297,143.1999969482422,2755053
2010-11-09,116.42462158203125,137.73333740234375,141.3000030517578,135.3333282470703,139.76666259765625,2790532
2010-11-10,116.81907653808594,138.1999969482422,140.1666717529297,137.39999389648438,138.43333435058594,1809577
2010-11-11,115.29755401611328,136.39999389648438,139.89999389648438,134.1666717529297,134.1666717529297,887742
2010-11-12,110.95841217041016,131.26666259765625,137.1999969482422,130.03334045410156,135.6666717529297,1021255
2010-11-15,111.43740844726562,131.8333282470703,133.8333282470703,128.73333740234375,132.0,823066
2010-11-16,106.30931854248047,125.76666259765625,133.6999969482422,124.0999984741211,133.6999969482422,2298762
2010-11-18,105.18226623535156,124.43333435058594,128.63333129882812,122.69999694824219,126.03333282470703,2858170
2010-11-19,104.19608306884766,123.26666259765625,127.26666259765625,121.86666870117188,125.33333587646484,2299200
2010-11-22,105.4922103881836,124.80000305175781,125.69999694824219,121.19999694824219,124.0,2207329
2010-11-23,104.95684051513672,124.16666412353516,125.26666259765625,120.0,125.03333282470703,6251689
2010-11-24,103.23809051513672,122.13333129882812,125.96666717529297,121.33333587646484,125.13333129882812,1863843
2010-11-25,103.77345275878906,122.76666259765625,125.33333587646484,120.0,122.5999984741211,8316463
2010-11-26,103.06903839111328,121.93333435058594,125.33333587646484,117.86666870117188,125.33333587646484,2055942
2010-11-29,104.56238555908203,123.69999694824219,124.33333587646484,121.03333282470703,122.43333435058594,947454
2010-11-30,106.22479248046875,125.66666412353516,127.0999984741211,122.0,122.0,2639749
2010-12-01,108.9578857421875,128.89999389648438,129.46665954589844,124.83333587646484,125.33333587646484,2235957
2010-12-02,107.21096801757812,126.83333587646484,134.53334045410156,126.03333282470703,134.53334045410156,1002189
2010-12-03,103.54803466796875,122.5,128.26666259765625,121.03333282470703,128.26666259765625,766981
2010-12-06,103.3508071899414,122.26666259765625,124.83333587646484,121.66666412353516,122.86666870117188,882424
2010-12-07,101.71658325195312,120.33333587646484,122.66666412353516,117.46666717529297,122.33333587646484,2788227
2010-12-08,101.51934051513672,120.0999984741211,124.0999984741211,119.0,120.13333129882812,2216752
2010-12-09,96.95478820800781,114.69999694824219,121.23332977294922,113.33333587646484,120.0,1896039
2010-12-10,96.47576904296875,114.13333129882812,117.76666259765625,111.4000015258789,114.66666412353516,2319129
2010-12-13,92.84105682373047,109.83333587646484,115.46666717529297,108.0,115.46666717529297,6883515
2010-12-14,93.34820556640625,110.43333435058594,111.93333435058594,109.66666412353516,110.16666412353516,2354868
2010-12-15,93.65814971923828,110.80000305175781,112.86666870117188,109.66666412353516,110.9000015258789,1546324
2010-12-16,90.75598907470703,107.36666870117188,111.13333129882812,106.33333587646484,110.86666870117188,2006472
2010-12-20,86.55770111083984,102.4000015258789,109.26666259765625,102.03333282470703,109.0,5799319
2010-12-21,89.71345520019531,106.13333129882812,106.5999984741211,100.83333587646484,102.4000015258789,5172040
2010-12-22,89.31900024414062,105.66666412353516,107.93333435058594,104.19999694824219,106.4000015258789,4210498
2010-12-23,88.61457824707031,104.83333587646484,106.53333282470703,103.63333129882812,106.53333282470703,2302752
2010-12-24,90.61509704589844,107.19999694824219,107.63333129882812,103.46666717529297,105.13333129882812,2415007
2010-12-27,89.23446655273438,105.56666564941406,107.93333435058594,104.53333282470703,106.66666412353516,1475389
2010-12-28,91.57308959960938,108.33333587646484,108.66666412353516,105.33333587646484,106.23332977294922,2146494
2010-12-29,93.5736083984375,110.69999694824219,112.30000305175781,108.66666412353516,108.69999694824219,6356277
2010-12-30,96.98294830322266,114.73332977294922,115.33333587646484,111.33333587646484,112.66666412353516,5839821
2010-12-31,97.46195983886719,115.30000305175781,119.33333587646484,114.93333435058594,119.33333587646484,2523237
2011-01-03,95.29236602783203,112.73332977294922,117.16666412353516,112.23332977294922,115.33333587646484,2324334
2011-01-04,94.0807876586914,111.30000305175781,114.16666412353516,111.06666564941406,113.43333435058594,2716413
2011-01-05,92.08026885986328,108.93333435058594,112.5999984741211,108.33333587646484,110.69999694824219,3019398
2011-01-06,91.15045166015625,107.83333587646484,109.83333587646484,107.0,109.4000015258789,3388432
2011-01-07,90.50241088867188,107.06666564941406,108.5999984741211,106.66666412353516,107.86666870117188,1940293
2011-01-10,87.7974624633789,103.86666870117188,108.83333587646484,101.86666870117188,107.5999984741211,2295228
2011-01-11,89.14991760253906,105.46666717529297,107.46666717529297,102.16666412353516,104.0,2489097
2011-01-12,90.07975769042969,106.56666564941406,107.86666870117188,103.56666564941406,105.53333282470703,894082
2011-01-13,90.1360855102539,106.63333129882812,109.86666870117188,105.66666412353516,107.33333587646484,1778653
2011-01-14,86.81128692626953,102.69999694824219,108.33333587646484,101.19999694824219,105.96666717529297,1403997
2011-01-17,86.30412292480469,102.0999984741211,104.0,101.30000305175781,103.0,960985
2011-01-18,87.76929473876953,103.83333587646484,104.26666259765625,102.36666870117188,102.36666870117188,418755
2011-01-19,87.37480163574219,103.36666870117188,105.80000305175781,102.66666412353516,104.46666717529297,717732
2011-01-20,85.88147735595703,101.5999984741211,103.53333282470703,101.16666412353516,102.33333587646484,1354179
2011-01-21,85.82511901855469,101.53333282470703,102.53333282470703,100.76666259765625,101.93333435058594,619500
2011-01-24,87.37480163574219,103.36666870117188,103.76666259765625,101.43333435058594,102.13333129882812,1112665
2011-01-25,87.40299987792969,103.4000015258789,105.53333282470703,102.80000305175781,104.13333129882812,3080091
2011-01-27,84.1627197265625,99.56666564941406,104.26666259765625,98.66666412353516,103.80000305175781,3077412
2011-01-28,79.06278991699219,93.53333282470703,100.56666564941406,91.5,99.9000015258789,4863817
2011-01-31,76.69599151611328,90.73332977294922,93.33333587646484,89.26666259765625,92.66666412353516,2801262
2011-02-01,76.97774505615234,91.06666564941406,93.19999694824219,90.30000305175781,91.03333282470703,2233164
2011-02-02,75.82252502441406,89.69999694824219,92.30000305175781,89.19999694824219,91.06666564941406,3065988
2011-02-03,80.21803283691406,94.9000015258789,95.43333435058594,89.66666412353516,89.66666412353516,3288190
2011-02-04,79.31639099121094,93.83333587646484,97.66666412353516,93.36666870117188,95.33333587646484,2260197
2011-02-07,79.14733123779297,93.63333129882812,95.73332977294922,92.5,94.53333282470703,1672162
2011-02-08,76.69599151611328,90.73332977294922,94.53333282470703,87.73332977294922,94.5,3377179
2011-02-09,74.01923370361328,87.56666564941406,91.26666259765625,86.23332977294922,88.66666412353516,2607267
2011-02-10,74.38553619384766,88.0,90.0,84.69999694824219,85.83333587646484,1448635
2011-02-11,76.0479507446289,89.96666717529297,90.0,87.86666870117188,88.76666259765625,2016408
2011-02-14,78.33020782470703,92.66666412353516,95.03333282470703,90.36666870117188,90.83333587646484,2207257
2011-02-15,80.75338745117188,95.53333282470703,95.86666870117188,83.86666870117188,83.86666870117188,1796818
2011-02-16,81.62684631347656,96.56666564941406,98.4000015258789,95.5,96.13333129882812,2206114
2011-02-17,80.97879028320312,95.80000305175781,97.26666259765625,93.69999694824219,97.19999694824219,1175760
2011-02-18,76.66780853271484,90.69999694824219,96.76666259765625,90.0,96.06666564941406,1857490
2011-02-21,78.07662200927734,92.36666870117188,93.16666412353516,86.69999694824219,90.0,1324723
2011-02-22,77.00592041015625,91.0999984741211,92.33333587646484,89.36666870117188,92.33333587646484,1094932
2011-02-23,74.18830108642578,87.76666259765625,90.93333435058594,87.4000015258789,90.06666564941406,2170300
2011-02-24,71.1734390258789,84.19999694824219,89.9000015258789,83.4000015258789,89.9000015258789,4015509
2011-02-25,73.2866439819336,86.69999694824219,87.66666412353516,85.0,85.86666870117188,1838190
2011-02-28,76.66780853271484,90.69999694824219,91.53333282470703,87.56666564941406,87.56666564941406,1621327
2011-03-01,79.1755142211914,93.66666412353516,94.03333282470703,91.13333129882812,91.66666412353516,883830
2011-03-03,79.90808868408203,94.53333282470703,95.56666564941406,91.33333587646484,93.33333587646484,890848
2011-03-04,80.10530853271484,94.76666259765625,96.63333129882812,92.4000015258789,95.33333587646484,503716
2011-03-07,76.35787963867188,90.33333587646484,94.30000305175781,89.63333129882812,90.06666564941406,2376571
2011-03-08,76.69599151611328,90.73332977294922,92.80000305175781,90.30000305175781,91.33333587646484,2047888
2011-03-09,76.38604736328125,90.36666870117188,92.26666259765625,90.06666564941406,92.0,1776591
2011-03-10,76.97774505615234,91.06666564941406,91.56666564941406,90.0,90.93333435058594,816387
2011-03-11,74.07556915283203,87.63333129882812,92.0,86.43333435058594,91.33333587646484,2243007
2011-03-14,74.9208755493164,88.63333129882812,89.23332977294922,87.86666870117188,88.33333587646484,1389742
2011-03-15,71.51152801513672,84.5999984741211,87.43333435058594,84.13333129882812,86.0,3418672
2011-03-16,74.01923370361328,87.56666564941406,87.86666870117188,85.4000015258789,86.43333435058594,2553165
2011-03-17,76.41423034667969,90.4000015258789,90.96666717529297,86.0,86.66666412353516,2466358
2011-03-18,76.63963317871094,90.66666412353516,92.0,89.23332977294922,92.0,2612980
2011-03-21,77.42857360839844,91.5999984741211,92.26666259765625,89.26666259765625,91.0,1169442
2011-03-22,79.09098052978516,93.56666564941406,94.0999984741211,91.4000015258789,92.33333587646484,1356957
2011-03-23,80.0489730834961,94.69999694824219,96.4000015258789,92.83333587646484,93.93333435058594,2544099
2011-03-24,79.54180145263672,94.0999984741211,95.9000015258789,92.86666870117188,95.73332977294922,1305135
2011-03-25,82.13402557373047,97.16666412353516,98.53333282470703,93.5999984741211,95.19999694824219,2411332
2011-03-28,82.72571563720703,97.86666870117188,98.46666717529297,96.0999984741211,98.0,1544188
2011-03-29,84.1345443725586,99.53333282470703,100.4000015258789,97.33333587646484,97.33333587646484,3185248
2011-03-30,85.51517486572266,101.16666412353516,101.63333129882812,99.66666412353516,101.33333587646484,2208843
2011-03-31,84.21906280517578,99.63333129882812,102.66666412353516,98.0,101.36666870117188,2507547
2011-04-01,84.61355590820312,100.0999984741211,101.33333587646484,99.26666259765625,101.33333587646484,657652
2011-04-04,84.8107681274414,100.33333587646484,101.13333129882812,99.69999694824219,100.4000015258789,982518
2011-04-05,85.51517486572266,101.16666412353516,101.5999984741211,98.86666870117188,101.0,1418113
2011-04-06,85.26160430908203,100.86666870117188,104.83333587646484,100.19999694824219,101.5999984741211,3131851
2011-04-07,87.1212387084961,103.06666564941406,103.96666717529297,100.33333587646484,101.5999984741211,2055100
2011-04-08,85.23341369628906,100.83333587646484,104.30000305175781,100.03333282470703,103.86666870117188,2369544
2011-04-11,84.55718994140625,100.03333282470703,101.76666259765625,99.80000305175781,101.76666259765625,1050273
2011-04-13,85.7406005859375,101.43333435058594,101.66666412353516,97.06666564941406,97.33333587646484,770512
2011-04-15,86.50135803222656,102.33333587646484,103.0,100.0,102.53333282470703,825513
2011-04-18,86.67042541503906,102.53333282470703,103.36666870117188,101.86666870117188,102.46666717529297,1385913
2011-04-19,88.47370147705078,104.66666412353516,105.46666717529297,102.03333282470703,103.23332977294922,1093759
2011-04-20,90.3051528930664,106.83333587646484,108.56666564941406,105.4000015258789,106.0,4257283
2011-04-21,90.61509704589844,107.19999694824219,108.26666259765625,106.53333282470703,108.0,1697667
2011-04-25,91.43222045898438,108.16666412353516,109.16666412353516,105.93333435058594,107.36666870117188,920272
2011-04-26,90.53055572509766,107.0999984741211,108.36666870117188,106.26666259765625,108.36666870117188,1372126
2011-04-27,91.12228393554688,107.80000305175781,108.5999984741211,106.9000015258789,107.86666870117188,2041990
2011-04-28,90.10792541503906,106.5999984741211,108.66666412353516,105.19999694824219,108.0999984741211,1832205
2011-04-29,85.26160430908203,100.86666870117188,107.19999694824219,99.19999694824219,107.19999694824219,3125608
2011-05-02,85.4306411743164,101.06666564941406,103.19999694824219,100.30000305175781,101.13333129882812,1375579
2011-05-03,84.4444808959961,99.9000015258789,102.0,97.26666259765625,102.0,1397604
2011-05-04,83.5428237915039,98.83333587646484,101.66666412353516,96.19999694824219,100.66666412353516,2606032
2011-05-05,87.99470520019531,104.0999984741211,105.86666870117188,97.46666717529297,99.83333587646484,4087135
2011-05-06,87.74110412597656,103.80000305175781,105.73332977294922,102.33333587646484,105.33333587646484,907582
2011-05-09,88.98087310791016,105.26666259765625,106.86666870117188,102.83333587646484,104.5,1213152
2011-05-10,89.5162353515625,105.9000015258789,106.66666412353516,104.5999984741211,106.5999984741211,893143
2011-05-11,90.6432876586914,107.23332977294922,107.83333587646484,105.66666412353516,106.0,3069507
2011-05-12,92.13662719726562,109.0,110.93333435058594,106.33333587646484,107.33333587646484,2122720
2011-05-13,95.12330627441406,112.53333282470703,114.19999694824219,107.19999694824219,108.66666412353516,5427153
2011-05-16,92.9255599975586,109.93333435058594,113.30000305175781,109.0,112.66666412353516,1365787
2011-05-17,94.53160858154297,111.83333587646484,113.0,108.16666412353516,109.06666564941406,1443810
2011-05-18,92.27749633789062,109.16666412353516,113.83333587646484,108.73332977294922,113.83333587646484,1176448
2011-05-19,92.16480255126953,109.03333282470703,111.66666412353516,107.86666870117188,110.86666870117188,458511
2011-05-20,92.24932098388672,109.13333129882812,110.43333435058594,108.06666564941406,109.5999984741211,674386
2011-05-23,92.84105682373047,109.83333587646484,110.36666870117188,108.03333282470703,108.80000305175781,710572
2011-05-24,90.36151885986328,106.9000015258789,110.0,106.33333587646484,109.96666717529297,1490055
2011-05-25,88.5018539428711,104.69999694824219,108.53333282470703,103.46666717529297,108.53333282470703,1060428
2011-05-26,90.8686752319336,107.5,108.0,103.46666717529297,105.66666412353516,876750
2011-05-27,91.31950378417969,108.03333282470703,108.66666412353516,106.73332977294922,107.66666412353516,624643
2011-05-30,88.86817169189453,105.13333129882812,109.66666412353516,104.69999694824219,108.5999984741211,1302693
2011-05-31,91.40403747558594,108.13333129882812,108.93333435058594,104.5999984741211,104.5999984741211,760149
2011-06-01,91.17863464355469,107.86666870117188,109.66666412353516,107.26666259765625,108.66666412353516,613066
2011-06-02,92.22115325927734,109.0999984741211,109.63333129882812,106.36666870117188,107.86666870117188,707458
2011-06-03,92.89738464355469,109.9000015258789,110.96666717529297,109.46666717529297,109.93333435058594,1131934
2011-06-06,90.07975769042969,106.56666564941406,110.43333435058594,105.96666717529297,109.93333435058594,1413423
2011-06-07,90.69963073730469,107.30000305175781,107.80000305175781,105.13333129882812,106.36666870117188,1271892
2011-06-08,90.02339935302734,106.5,108.0,105.36666870117188,105.36666870117188,620436
2011-06-09,88.47370147705078,104.66666412353516,107.46666717529297,104.26666259765625,106.66666412353516,953076
2011-06-10,87.51570129394531,103.53333282470703,105.33333587646484,102.33333587646484,104.83333587646484,684459
2011-06-13,89.6289291381836,106.03333282470703,106.33333587646484,102.33333587646484,102.69999694824219,808275
2011-06-14,90.3051528930664,106.83333587646484,107.16666412353516,105.13333129882812,107.16666412353516,503791
2011-06-15,89.88252258300781,106.33333587646484,107.93333435058594,104.73332977294922,106.33333587646484,1165765
2011-06-16,88.30464935302734,104.46666717529297,106.0,104.03333282470703,105.33333587646484,336037
2011-06-17,85.57154083251953,101.23332977294922,104.36666870117188,100.63333129882812,104.33333587646484,1079362
2011-06-20,82.35943603515625,97.43333435058594,101.33333587646484,94.23332977294922,101.26666259765625,1724062
2011-06-21,81.54231262207031,96.46666717529297,98.66666412353516,95.86666870117188,98.66666412353516,721632
2011-06-22,79.87991333007812,94.5,98.30000305175781,93.86666870117188,97.26666259765625,1000269
2011-06-23,81.71138000488281,96.66666412353516,97.5,93.66666412353516,93.66666412353516,1405225
2011-06-24,83.74007415771484,99.06666564941406,99.93333435058594,97.0,97.0,1697641
2011-06-27,87.14940643310547,103.0999984741211,103.5999984741211,96.73332977294922,97.53333282470703,1007325
2011-06-28,88.44551849365234,104.63333129882812,105.80000305175781,102.83333587646484,103.93333435058594,1728886
2011-06-29,87.91017150878906,104.0,106.4000015258789,103.53333282470703,106.4000015258789,962787
2011-06-30,86.050537109375,101.80000305175781,105.86666870117188,100.76666259765625,104.76666259765625,3097257
2011-07-01,86.69857788085938,102.56666564941406,103.66666412353516,101.56666564941406,103.13333129882812,646626
2011-07-04,88.84000396728516,105.0999984741211,105.69999694824219,103.06666564941406,103.06666564941406,1730202
2011-07-05,88.75546264648438,105.0,106.5999984741211,104.33333587646484,106.5999984741211,1269529
2011-07-06,88.84000396728516,105.0999984741211,105.96666717529297,104.36666870117188,105.33333587646484,1891875
2011-07-07,89.45987701416016,105.83333587646484,107.19999694824219,105.16666412353516,105.93333435058594,3093543
2011-07-08,87.37480163574219,103.36666870117188,106.33333587646484,102.46666717529297,106.0,1766392
2011-07-11,87.74110412597656,103.80000305175781,104.96666717529297,102.16666412353516,103.33333587646484,571392
2011-07-12,84.92347717285156,100.46666717529297,104.13333129882812,99.5999984741211,102.13333129882812,1544878
2011-07-13,88.84000396728516,105.0999984741211,105.5999984741211,100.86666870117188,102.30000305175781,2695201
2011-07-14,87.5384521484375,102.30000305175781,105.13333129882812,102.03333282470703,105.13333129882812,1878534
2011-07-15,87.99484252929688,102.83333587646484,104.80000305175781,101.23332977294922,102.43333435058594,1496772
2011-07-18,87.48140716552734,102.23332977294922,104.46666717529297,97.66666412353516,103.93333435058594,588823
2011-07-19,87.56697845458984,102.33333587646484,103.33333587646484,101.0,103.33333587646484,697371
2011-07-20,86.73981475830078,101.36666870117188,103.33333587646484,100.83333587646484,103.33333587646484,895020
2011-07-21,85.94115447998047,100.43333435058594,101.9000015258789,99.36666870117188,101.9000015258789,883458
2011-07-22,87.90926361083984,102.73332977294922,103.26666259765625,100.30000305175781,101.26666259765625,723480
2011-07-25,88.25152587890625,103.13333129882812,104.86666870117188,101.69999694824219,101.69999694824219,1137409
2011-07-26,89.47806549072266,104.56666564941406,105.56666564941406,102.66666412353516,104.13333129882812,1885078
2011-07-27,93.1290512084961,108.83333587646484,110.33333587646484,104.46666717529297,105.0,4313941
2011-07-28,92.75823974609375,108.4000015258789,110.0,107.76666259765625,108.30000305175781,3937570
2011-07-29,94.84046936035156,110.83333587646484,111.9000015258789,107.66666412353516,108.0,3287991
2011-08-01,93.52838897705078,109.30000305175781,114.46666717529297,108.66666412353516,112.03333282470703,1511011
2011-08-02,91.41764068603516,106.83333587646484,111.83333587646484,106.36666870117188,109.5,1641694
2011-08-03,90.1055679321289,105.30000305175781,108.19999694824219,104.66666412353516,108.19999694824219,1263057
2011-08-04,88.67940521240234,103.63333129882812,108.66666412353516,101.69999694824219,105.33333587646484,1680174
2011-08-05,88.05188751220703,102.9000015258789,104.63333129882812,95.46666717529297,100.53333282470703,4041772
2011-08-08,86.59718322753906,101.19999694824219,103.4000015258789,98.66666412353516,99.36666870117188,1412139
2011-08-09,83.71632385253906,97.83333587646484,101.19999694824219,96.69999694824219,96.69999694824219,1184133
2011-08-10,86.25491333007812,100.80000305175781,103.36666870117188,98.80000305175781,101.16666412353516,1503867
2011-08-11,83.94451141357422,98.0999984741211,101.30000305175781,97.03333282470703,100.19999694824219,1970674
2011-08-12,82.97470092773438,96.96666717529297,99.86666870117188,96.16666412353516,98.69999694824219,1438519
2011-08-16,84.08711242675781,98.26666259765625,100.33333587646484,97.56666564941406,98.0,2313085
2011-08-17,84.20121765136719,98.4000015258789,101.33333587646484,95.9000015258789,101.26666259765625,1535974
2011-08-18,79.97974395751953,93.46666717529297,99.96666717529297,90.16666412353516,99.96666717529297,2645869
2011-08-19,80.15088653564453,93.66666412353516,95.66666412353516,90.26666259765625,92.0,2086512
2011-08-22,78.46800231933594,91.69999694824219,95.26666259765625,90.16666412353516,93.76666259765625,2590240
2011-08-23,77.61228942871094,90.69999694824219,93.4000015258789,90.36666870117188,92.0,2145169
2011-08-24,77.84048461914062,90.96666717529297,92.23332977294922,89.33333587646484,89.33333587646484,882049
2011-08-25,76.5284194946289,89.43333435058594,91.96666717529297,88.66666412353516,91.96666717529297,1520568
2011-08-26,77.5552749633789,90.63333129882812,91.80000305175781,89.19999694824219,89.26666259765625,1135054
2011-08-29,79.69450378417969,93.13333129882812,93.9000015258789,91.03333282470703,91.03333282470703,1673286
2011-08-30,83.00323486328125,97.0,98.03333282470703,93.4000015258789,95.80000305175781,2915232
2011-09-02,83.51664733886719,97.5999984741211,99.96666717529297,96.66666412353516,96.66666412353516,2694457
2011-09-05,82.00492858886719,95.83333587646484,97.46666717529297,95.43333435058594,97.30000305175781,531426
2011-09-06,85.79852294921875,100.26666259765625,101.33333587646484,95.0,96.0,2612848
2011-09-07,83.34551239013672,97.4000015258789,101.13333129882812,96.73332977294922,101.13333129882812,2292711
2011-09-08,85.14248657226562,99.5,100.53333282470703,97.0999984741211,97.0999984741211,1518832
2011-09-09,84.45793151855469,98.69999694824219,101.26666259765625,98.06666564941406,100.26666259765625,946627
2011-09-12,82.68946838378906,96.63333129882812,99.33333587646484,95.76666259765625,98.19999694824219,1488766
2011-09-13,82.31866455078125,96.19999694824219,98.4000015258789,95.93333435058594,97.46666717529297,663064
2011-09-14,83.08879852294922,97.0999984741211,97.93333435058594,94.4000015258789,96.46666717529297,1195971
2011-09-15,84.77169036865234,99.06666564941406,99.33333587646484,97.36666870117188,98.16666412353516,1278040
2011-09-16,85.34215545654297,99.73332977294922,102.33333587646484,98.0999984741211,99.03333282470703,1378354
2011-09-19,84.37236785888672,98.5999984741211,101.16666412353516,98.13333129882812,98.16666412353516,469896
2011-09-20,87.25321960449219,101.96666717529297,102.4000015258789,97.46666717529297,98.9000015258789,615837
2011-09-21,88.9075927734375,103.9000015258789,104.33333587646484,101.33333587646484,102.30000305175781,2027581
2011-09-22,83.03175354003906,97.03333282470703,103.93333435058594,95.26666259765625,102.53333282470703,1818073
2011-09-23,83.20288848876953,97.23332977294922,97.96666717529297,94.06666564941406,94.80000305175781,1058403
2011-09-26,80.20793151855469,93.73332977294922,97.80000305175781,92.33333587646484,97.33333587646484,1906383
2011-09-27,79.6374740600586,93.06666564941406,96.16666412353516,92.16666412353516,94.83333587646484,3092074
2011-09-28,78.95289611816406,92.26666259765625,94.46666717529297,91.0,93.33333587646484,1901814
2011-09-29,78.7247085571289,92.0,93.46666717529297,91.06666564941406,93.16666412353516,1106386
2011-09-30,78.55357360839844,91.80000305175781,94.46666717529297,91.33333587646484,92.63333129882812,810375
2011-10-03,77.15591430664062,90.16666412353516,91.80000305175781,89.36666870117188,91.80000305175781,826365
2011-10-04,73.53343963623047,85.93333435058594,90.66666412353516,85.4000015258789,89.96666717529297,2543763
2011-10-05,71.05191802978516,83.03333282470703,87.9000015258789,81.69999694824219,86.36666870117188,3387502
2011-10-07,73.16264343261719,85.5,86.56666564941406,84.16666412353516,84.19999694824219,1796608
2011-10-10,76.32874298095703,89.19999694824219,89.66666412353516,84.4000015258789,85.0,1893423
2011-10-11,75.58714294433594,88.33333587646484,91.13333129882812,87.73332977294922,89.33333587646484,1322355
2011-10-12,75.87236785888672,88.66666412353516,89.0999984741211,86.26666259765625,88.36666870117188,1154754
2011-10-13,76.44284057617188,89.33333587646484,90.80000305175781,88.73332977294922,89.03333282470703,728308
2011-10-14,82.033447265625,95.86666870117188,97.30000305175781,88.43333435058594,89.4000015258789,2968986
2011-10-17,81.348876953125,95.06666564941406,97.30000305175781,94.5999984741211,96.0,1154256
2011-10-18,81.60558319091797,95.36666870117188,96.0,92.5,93.56666564941406,819447
2011-10-19,82.88915252685547,96.86666870117188,100.86666870117188,95.66666412353516,97.30000305175781,3578596
2011-10-20,82.9461898803711,96.93333435058594,98.13333129882812,96.0999984741211,96.23332977294922,966210
2011-10-21,81.86229705810547,95.66666412353516,98.0999984741211,91.19999694824219,97.26666259765625,4653495
2011-10-24,81.348876953125,95.06666564941406,98.33333587646484,93.83333587646484,95.96666717529297,1444657
2011-10-25,83.45960235595703,97.53333282470703,98.13333129882812,94.36666870117188,95.80000305175781,1343068
2011-10-28,84.7431640625,99.03333282470703,101.26666259765625,98.53333282470703,98.53333282470703,1150671
2011-10-31,83.57369995117188,97.66666412353516,100.30000305175781,96.4000015258789,99.36666870117188,1335144
2011-11-01,83.48815155029297,97.56666564941406,99.0999984741211,96.73332977294922,97.66666412353516,365121
2011-11-02,82.20457458496094,96.06666564941406,97.93333435058594,95.13333129882812,95.13333129882812,613396
2011-11-03,83.51664733886719,97.5999984741211,98.69999694824219,95.33333587646484,95.33333587646484,843943
2011-11-04,84.17269134521484,98.36666870117188,99.16666412353516,96.66666412353516,98.56666564941406,585343
2011-11-08,84.45793151855469,98.69999694824219,99.56666564941406,97.33333587646484,99.0999984741211,271224
2011-11-09,85.9126205444336,100.4000015258789,103.33333587646484,98.0,103.33333587646484,1007872
2011-11-11,81.77672576904297,95.56666564941406,101.26666259765625,94.06666564941406,100.53333282470703,2398630
2011-11-14,80.0938491821289,93.5999984741211,97.5999984741211,92.86666870117188,96.03333282470703,756118
2011-11-15,77.6978759765625,90.80000305175781,94.53333282470703,89.66666412353516,93.33333587646484,1193400
2011-11-16,77.07034301757812,90.06666564941406,91.66666412353516,88.83333587646484,90.13333129882812,1025011
2011-11-17,77.95457458496094,91.0999984741211,93.63333129882812,89.19999694824219,89.76666259765625,1015615
2011-11-18,75.67269897460938,88.43333435058594,90.30000305175781,86.83333587646484,89.66666412353516,591280
2011-11-21,75.67269897460938,88.43333435058594,89.66666412353516,87.26666259765625,88.06666564941406,610209
2011-11-22,76.18612670898438,89.03333282470703,90.06666564941406,87.06666564941406,88.30000305175781,1127035
2011-11-23,71.33714294433594,83.36666870117188,89.33333587646484,82.66666412353516,89.06666564941406,2367445
2011-11-24,74.10391235351562,86.5999984741211,87.96666717529297,80.0,84.13333129882812,2717134
2011-11-25,74.16096496582031,86.66666412353516,88.96666717529297,85.36666870117188,85.5999984741211,3374938
2011-11-28,75.95793914794922,88.76666259765625,90.43333435058594,85.5,85.5,2055697
2011-11-29,75.5586166381836,88.30000305175781,91.53333282470703,87.53333282470703,89.0999984741211,1480807
2011-11-30,78.41094207763672,91.63333129882812,92.0999984741211,86.83333587646484,86.83333587646484,1529844
2011-12-01,80.26496887207031,93.80000305175781,95.43333435058594,91.36666870117188,93.26666259765625,2582139
2011-12-02,78.26834106445312,91.46666717529297,95.66666412353516,90.86666870117188,93.4000015258789,3485226
2011-12-05,75.10223388671875,87.76666259765625,91.33333587646484,87.0999984741211,90.5,4020087
2011-12-07,75.75827026367188,88.53333282470703,90.53333282470703,87.76666259765625,87.76666259765625,4266597
2011-12-08,77.6978759765625,90.80000305175781,91.56666564941406,88.19999694824219,88.66666412353516,1794486
2011-12-09,75.58714294433594,88.33333587646484,90.5999984741211,86.0,89.96666717529297,1188228
2011-12-12,75.9864730834961,88.80000305175781,90.26666259765625,88.36666870117188,88.66666412353516,1411659
2011-12-13,75.8438491821289,88.63333129882812,89.63333129882812,87.03333282470703,88.0,1065928
2011-12-14,75.01665496826172,87.66666412353516,93.26666259765625,86.83333587646484,91.96666717529297,707623
2011-12-15,75.47303009033203,88.19999694824219,89.86666870117188,85.5,86.66666412353516,2416086
2011-12-16,76.58544158935547,89.5,91.5999984741211,86.83333587646484,88.66666412353516,1940032
2011-12-19,76.04350280761719,88.86666870117188,89.56666564941406,87.33333587646484,89.53333282470703,544162
2011-12-20,75.44451141357422,88.16666412353516,89.9000015258789,87.16666412353516,88.06666564941406,679365
2011-12-21,74.58881378173828,87.16666412353516,89.83333587646484,85.76666259765625,89.46666717529297,1361845
2011-12-22,74.75997161865234,87.36666870117188,88.4000015258789,85.46666717529297,87.33333587646484,1464712
2011-12-23,76.49988555908203,89.4000015258789,89.69999694824219,87.5,87.93333435058594,694533
2011-12-26,75.87236785888672,88.66666412353516,90.73332977294922,88.33333587646484,90.0,881383
2011-12-27,75.18782043457031,87.86666870117188,89.86666870117188,87.0,89.13333129882812,555048
2011-12-28,73.64754486083984,86.06666564941406,89.26666259765625,85.73332977294922,87.0999984741211,801000
2011-12-29,71.53679656982422,83.5999984741211,86.69999694824219,82.5,85.4000015258789,1628544
2011-12-30,72.39250183105469,84.5999984741211,85.33333587646484,82.73332977294922,82.73332977294922,564936
2012-01-02,72.44955444335938,84.66666412353516,86.4000015258789,84.30000305175781,84.96666717529297,550665
2012-01-03,74.70291137695312,87.30000305175781,88.0,84.86666870117188,85.19999694824219,857586
2012-01-04,75.35894775390625,88.06666564941406,89.30000305175781,84.69999694824219,84.69999694824219,852489
2012-01-05,75.7297592163086,88.5,89.80000305175781,86.93333435058594,86.93333435058594,1119879
2012-01-06,75.75827026367188,88.53333282470703,88.9000015258789,87.33333587646484,87.33333587646484,354655
2012-01-09,78.09718322753906,91.26666259765625,92.0,89.03333282470703,90.80000305175781,1568484
2012-01-10,82.88915252685547,96.86666870117188,97.5999984741211,91.80000305175781,91.80000305175781,2546311
2012-01-11,82.033447265625,95.86666870117188,98.33333587646484,95.13333129882812,97.26666259765625,2143989
2012-01-12,80.63577270507812,94.23332977294922,95.83333587646484,92.36666870117188,95.83333587646484,1562722
2012-01-13,78.38243865966797,91.5999984741211,95.19999694824219,90.73332977294922,93.43333435058594,1677085
2012-01-16,76.35725402832031,89.23332977294922,91.13333129882812,89.0,91.13333129882812,1182921
2012-01-17,79.32369995117188,92.69999694824219,93.26666259765625,89.33333587646484,89.36666870117188,1492654
2012-01-18,77.9260482788086,91.06666564941406,93.36666870117188,89.5,93.36666870117188,3108036
2012-01-19,81.348876953125,95.06666564941406,95.46666717529297,92.03333282470703,92.33333587646484,1628464
2012-01-20,81.2633056640625,94.96666717529297,96.80000305175781,93.33333587646484,96.5,563382
2012-01-23,79.86564636230469,93.33333587646484,95.33333587646484,92.83333587646484,94.83333587646484,256536
2012-01-24,79.89415740966797,93.36666870117188,93.93333435058594,92.43333435058594,93.4000015258789,455218
2012-01-25,81.74820709228516,95.53333282470703,96.80000305175781,93.66666412353516,94.03333282470703,1093861
2012-01-27,85.37067413330078,99.76666259765625,100.4000015258789,93.43333435058594,96.0999984741211,2307333
2012-01-30,82.00492858886719,95.83333587646484,102.30000305175781,95.36666870117188,100.0,4058173
2012-01-31,84.20121765136719,98.4000015258789,98.93333435058594,96.0,96.0,1207075
2012-02-01,83.74482727050781,97.86666870117188,100.06666564941406,96.80000305175781,100.06666564941406,1687219
2012-02-02,82.74651336669922,96.69999694824219,100.0,95.86666870117188,98.33333587646484,1476043
2012-02-03,83.9730224609375,98.13333129882812,98.63333129882812,97.0,97.0,1800147
2012-02-06,85.6559066772461,100.0999984741211,102.30000305175781,98.53333282470703,99.36666870117188,2424291
2012-02-07,83.887451171875,98.03333282470703,101.5,97.23332977294922,100.0999984741211,1089318
2012-02-08,85.256591796875,99.63333129882812,100.30000305175781,98.0,98.03333282470703,625317
2012-02-09,85.9126205444336,100.4000015258789,101.13333129882812,98.5,98.83333587646484,875772
2012-02-10,86.14080047607422,100.66666412353516,102.73332977294922,99.4000015258789,100.03333282470703,1560691
2012-02-13,87.59550476074219,102.36666870117188,102.66666412353516,99.5,102.0,1013128
2012-02-14,89.96295166015625,105.13333129882812,106.06666564941406,101.0,102.63333129882812,2780109
2012-02-15,91.81698608398438,107.30000305175781,109.9000015258789,105.03333282470703,105.30000305175781,2697214
2012-02-16,95.439453125,111.53333282470703,112.66666412353516,105.0999984741211,108.66666412353516,1539210
2012-02-17,91.93107604980469,107.43333435058594,113.56666564941406,106.33333587646484,112.0,4794766
2012-02-21,90.1626205444336,105.36666870117188,108.30000305175781,104.86666870117188,107.86666870117188,1360840
2012-02-22,86.39753723144531,100.96666717529297,105.9000015258789,98.5999984741211,105.9000015258789,3441057
2012-02-23,87.25321960449219,101.96666717529297,105.86666870117188,97.63333129882812,100.4000015258789,3587457
2012-02-24,83.85894012451172,98.0,103.30000305175781,96.66666412353516,102.26666259765625,2188050
2012-02-27,82.06196594238281,95.9000015258789,99.0999984741211,94.26666259765625,98.36666870117188,2185992
2012-02-28,84.08711242675781,98.26666259765625,99.93333435058594,95.4000015258789,96.36666870117188,1569925
2012-02-29,88.9075927734375,103.9000015258789,104.5999984741211,99.0,99.0,2789011
2012-03-01,81.006591796875,94.66666412353516,104.66666412353516,91.4000015258789,103.33333587646484,8776903
2012-03-02,77.46968841552734,90.53333282470703,96.0,90.0999984741211,96.0,12830739
2012-03-05,76.92774200439453,89.9000015258789,91.66666412353516,89.06666564941406,91.5,3493930
2012-03-06,78.09718322753906,91.26666259765625,93.23332977294922,89.0,89.9000015258789,5757844
2012-03-07,78.2113037109375,91.4000015258789,92.53333282470703,89.69999694824219,90.73332977294922,3559653
2012-03-09,77.95457458496094,91.0999984741211,92.76666259765625,90.66666412353516,91.0,3233752
2012-03-12,77.52672576904297,90.5999984741211,93.23332977294922,89.56666564941406,90.5,2395173
2012-03-13,77.61228942871094,90.69999694824219,92.26666259765625,90.19999694824219,90.96666717529297,2041816
2012-03-14,78.1257095336914,91.30000305175781,92.0,90.66666412353516,91.33333587646484,1365846
2012-03-15,75.81531524658203,88.5999984741211,91.96666717529297,88.19999694824219,91.26666259765625,2703249
2012-03-16,76.49988555908203,89.4000015258789,90.96666717529297,88.0,88.0,2555815
2012-03-19,75.5586166381836,88.30000305175781,89.96666717529297,87.33333587646484,89.33333587646484,1089403
2012-03-20,74.73145294189453,87.33333587646484,89.30000305175781,86.0,88.69999694824219,2619019
2012-03-21,75.8438491821289,88.63333129882812,89.26666259765625,86.16666412353516,86.66666412353516,2105938
2012-03-22,74.50323486328125,87.06666564941406,90.63333129882812,86.66666412353516,89.26666259765625,2484196
2012-03-23,75.8438491821289,88.63333129882812,89.0,86.83333587646484,88.46666717529297,1787724
2012-03-26,74.04685974121094,86.53333282470703,89.19999694824219,85.73332977294922,89.19999694824219,1972840
2012-03-27,73.90424346923828,86.36666870117188,88.93333435058594,85.86666870117188,88.93333435058594,2991771
2012-03-28,73.50492095947266,85.9000015258789,87.86666870117188,85.4000015258789,87.66666412353516,1923820
2012-03-29,72.64921569824219,84.9000015258789,87.13333129882812,83.5,87.13333129882812,4114818
2012-03-30,74.21800994873047,86.73332977294922,87.53333282470703,85.23332977294922,85.69999694824219,2032326
2012-04-02,75.4159927368164,88.13333129882812,89.56666564941406,86.33333587646484,86.66666412353516,6884691
2012-04-03,78.69730377197266,90.63333129882812,91.16666412353516,88.0999984741211,88.86666870117188,2717944
2012-04-04,77.80005645751953,89.5999984741211,91.0,89.33333587646484,89.96666717529297,777297
2012-04-09,77.36589813232422,89.0999984741211,89.86666870117188,87.0999984741211,89.86666870117188,2302327
2012-04-10,76.7002182006836,88.33333587646484,89.76666259765625,87.63333129882812,89.36666870117188,640923
2012-04-11,75.8319091796875,87.33333587646484,88.30000305175781,86.86666870117188,86.86666870117188,878839
2012-04-12,75.86087036132812,87.36666870117188,88.19999694824219,86.80000305175781,87.53333282470703,2051068
2012-04-13,74.38472747802734,85.66666412353516,88.33333587646484,85.16666412353516,88.0999984741211,1570459
2012-04-16,73.45854949951172,84.5999984741211,85.96666717529297,84.19999694824219,85.69999694824219,1529298
2012-04-17,73.48748779296875,84.63333129882812,85.5,84.0,84.69999694824219,2550174
2012-04-18,73.16909790039062,84.26666259765625,85.66666412353516,84.03333282470703,85.19999694824219,1691317
2012-04-19,74.09529876708984,85.33333587646484,86.13333129882812,84.19999694824219,84.56666564941406,2607993
2012-04-20,74.09529876708984,85.33333587646484,86.26666259765625,84.5,86.26666259765625,2734405
2012-04-23,73.9505844116211,85.16666412353516,86.30000305175781,84.69999694824219,85.33333587646484,1428441
2012-04-24,69.46434020996094,80.0,83.46666717529297,79.19999694824219,82.0,7941748
2012-04-25,69.72483825683594,80.30000305175781,81.13333129882812,79.4000015258789,80.4000015258789,1218696
2012-04-26,65.38330841064453,75.30000305175781,80.53333282470703,74.86666870117188,80.23332977294922,7741713
2012-04-27,63.444095611572266,73.06666564941406,77.46666717529297,72.0,75.69999694824219,5228290
2012-04-30,67.32252502441406,77.53333282470703,77.93333435058594,74.86666870117188,76.5,8370486
2012-05-02,69.522216796875,80.06666564941406,80.56666564941406,78.33333587646484,78.46666717529297,6034903
2012-05-03,73.57430267333984,84.73332977294922,85.80000305175781,79.36666870117188,79.36666870117188,6585682
2012-05-04,69.43539428710938,79.96666717529297,86.86666870117188,77.19999694824219,85.0,7738467
2012-05-07,69.08807373046875,79.56666564941406,80.36666870117188,74.80000305175781,80.33333587646484,9192774
2012-05-08,69.92743682861328,80.53333282470703,82.43333435058594,79.16666412353516,80.96666717529297,2626954
2012-05-09,67.49617767333984,77.73332977294922,80.13333129882812,76.03333282470703,80.13333129882812,2229549
2012-05-10,69.31961822509766,79.83333587646484,81.16666412353516,77.86666870117188,77.9000015258789,1872256
2012-05-11,69.00125885009766,79.46666717529297,80.43333435058594,77.33333587646484,80.26666259765625,1017880
2012-05-14,68.71182250976562,79.13333129882812,80.43333435058594,77.4000015258789,78.13333129882812,1022172
2012-05-15,66.65680694580078,76.76666259765625,80.0,75.06666564941406,80.0,1613553
2012-05-16,67.46723937988281,77.69999694824219,78.5999984741211,75.53333282470703,76.0,1056378
2012-05-17,70.04319763183594,80.66666412353516,81.33333587646484,78.16666412353516,78.16666412353516,1771132
2012-05-18,68.4513168334961,78.83333587646484,79.83333587646484,78.0,79.63333129882812,1362168
2012-05-21,67.64090728759766,77.9000015258789,80.53333282470703,77.5,79.86666870117188,1007973
2012-05-22,67.17778778076172,77.36666870117188,79.86666870117188,77.0,78.13333129882812,1651227
2012-05-23,67.23570251464844,77.43333435058594,78.43333435058594,76.80000305175781,77.33333587646484,691219
2012-05-24,66.483154296875,76.56666564941406,78.5,76.33333587646484,77.69999694824219,929577
2012-05-25,66.28056335449219,76.33333587646484,77.5999984741211,75.86666870117188,77.19999694824219,602164
2012-05-28,67.46723937988281,77.69999694824219,78.16666412353516,76.30000305175781,76.76666259765625,798465
2012-05-29,67.38040924072266,77.5999984741211,78.23332977294922,77.0,78.23332977294922,626883
2012-05-30,65.93323516845703,75.93333435058594,77.66666412353516,73.5999984741211,77.66666412353516,2851642
2012-05-31,64.10980224609375,73.83333587646484,75.80000305175781,73.16666412353516,75.43333435058594,2927797
2012-06-01,62.37318420410156,71.83333587646484,75.23332977294922,70.73332977294922,74.06666564941406,1238580
2012-06-04,63.762474060058594,73.43333435058594,73.80000305175781,69.4000015258789,71.63333129882812,1523161
2012-06-05,64.8623275756836,74.69999694824219,75.0,73.43333435058594,73.76666259765625,1091823
2012-06-06,65.99113464355469,76.0,76.33333587646484,74.76666259765625,74.76666259765625,2457394
2012-06-07,65.44120788574219,75.36666870117188,77.26666259765625,75.16666412353516,76.36666870117188,1937707
2012-06-08,64.65971374511719,74.46666717529297,76.13333129882812,70.66666412353516,70.66666412353516,753561
2012-06-11,64.94916534423828,74.80000305175781,76.26666259765625,74.43333435058594,76.0,3189475
2012-06-12,65.44120788574219,75.36666870117188,76.0,74.0,74.5,1389090
2012-06-13,65.99113464355469,76.0,76.9000015258789,74.73332977294922,75.53333282470703,1022620
2012-06-14,65.52803802490234,75.46666717529297,76.83333587646484,75.13333129882812,76.56666564941406,522066
2012-06-15,65.55696868896484,75.5,75.86666870117188,74.66666412353516,75.66666412353516,532669
2012-06-18,65.7016830444336,75.66666412353516,77.06666564941406,75.0,75.83333587646484,1281370
2012-06-19,65.44120788574219,75.36666870117188,75.73332977294922,75.26666259765625,75.73332977294922,338193
2012-06-20,65.7016830444336,75.66666412353516,76.33333587646484,75.33333587646484,75.46666717529297,679467
2012-06-21,65.9621810913086,75.96666717529297,76.4000015258789,75.36666870117188,75.66666412353516,559905
2012-06-22,65.99113464355469,76.0,76.5,74.69999694824219,75.4000015258789,741670
2012-06-25,65.99113464355469,76.0,76.46666717529297,75.66666412353516,76.0,1167961
2012-06-26,68.36449432373047,78.73332977294922,79.33333587646484,75.46666717529297,76.33333587646484,3691954
2012-06-27,71.4903793334961,82.33333587646484,82.93333435058594,79.23332977294922,79.73332977294922,4545427
2012-06-28,70.76679229736328,81.5,85.83333587646484,80.73332977294922,83.30000305175781,6513226
2012-06-29,72.87967681884766,83.93333435058594,84.19999694824219,82.0,82.0,1368153
2012-07-02,72.06925201416016,83.0,84.66666412353516,81.93333435058594,84.46666717529297,1088593
2012-07-03,73.42960357666016,84.56666564941406,85.33333587646484,82.76666259765625,83.33333587646484,1034107
2012-07-04,73.80585479736328,85.0,86.46666717529297,84.56666564941406,84.86666870117188,2038381
2012-07-05,73.92164611816406,85.13333129882812,85.63333129882812,84.19999694824219,85.30000305175781,704002
2012-07-06,72.64811706542969,83.66666412353516,85.33333587646484,83.33333587646484,85.33333587646484,695268
2012-07-09,70.3615951538086,81.03333282470703,83.76666259765625,80.76666259765625,82.69999694824219,853462
2012-07-10,70.99834442138672,81.76666259765625,82.43333435058594,80.26666259765625,81.06666564941406,1303398
2012-07-11,70.56419372558594,81.26666259765625,82.93333435058594,81.06666564941406,81.76666259765625,908872
2012-07-12,69.97119140625,80.26666259765625,81.76666259765625,79.9000015258789,81.03333282470703,870802
2012-07-13,70.84293365478516,81.26666259765625,82.4000015258789,80.06666564941406,80.36666870117188,977125
2012-07-16,71.30786895751953,81.80000305175781,82.03333282470703,80.9000015258789,81.69999694824219,1146913
2012-07-17,71.62747955322266,82.16666412353516,83.73332977294922,81.4000015258789,81.76666259765625,2016075
2012-07-18,72.38298797607422,83.03333282470703,83.33333587646484,81.73332977294922,82.9000015258789,682218
2012-07-19,71.4822006225586,82.0,83.96666717529297,81.73332977294922,83.33333587646484,652566
2012-07-20,72.15052795410156,82.76666259765625,84.5999984741211,81.19999694824219,82.13333129882812,1811961
2012-07-23,70.87198638916016,81.30000305175781,82.83333587646484,77.86666870117188,82.76666259765625,1844164
2012-07-24,72.09242248535156,82.69999694824219,83.5,80.93333435058594,82.0,1752988
2012-07-25,70.7557601928711,81.16666412353516,83.66666412353516,80.66666412353516,83.66666412353516,1930558
2012-07-26,69.73873901367188,80.0,81.93333435058594,79.69999694824219,81.76666259765625,1576818
2012-07-27,70.63953399658203,81.03333282470703,82.30000305175781,79.56666564941406,80.86666870117188,1127352
2012-07-30,70.00025177001953,80.30000305175781,81.9000015258789,79.46666717529297,81.9000015258789,777151
2012-07-31,69.68061828613281,79.93333435058594,80.80000305175781,79.36666870117188,80.80000305175781,745941
2012-08-01,70.34894561767578,80.69999694824219,81.0999984741211,79.69999694824219,80.26666259765625,1019341
2012-08-02,70.00025177001953,80.30000305175781,81.16666412353516,79.96666717529297,80.96666717529297,616902
2012-08-03,69.68061828613281,79.93333435058594,80.46666717529297,79.69999694824219,79.69999694824219,319443
2012-08-06,69.8549575805664,80.13333129882812,81.19999694824219,79.9000015258789,81.19999694824219,233244
2012-08-07,70.61045837402344,81.0,82.26666259765625,80.0,80.23332977294922,648513
2012-08-08,70.34894561767578,80.69999694824219,81.66666412353516,80.43333435058594,81.19999694824219,523822
2012-08-09,69.4481430053711,79.66666412353516,81.16666412353516,79.46666717529297,80.93333435058594,125848
2012-08-10,69.70966339111328,79.96666717529297,80.9000015258789,79.0,79.73332977294922,694192
2012-08-13,69.76777648925781,80.03333282470703,80.46666717529297,79.46666717529297,80.33333587646484,403444
2012-08-14,70.08743286132812,80.4000015258789,80.9000015258789,79.93333435058594,80.5999984741211,495282
2012-08-16,67.7337417602539,77.69999694824219,80.66666412353516,77.43333435058594,80.53333282470703,1301613
2012-08-17,66.86199188232422,76.69999694824219,78.0,76.30000305175781,77.76666259765625,1216566
2012-08-21,64.82794952392578,74.36666870117188,76.96666717529297,74.16666412353516,76.9000015258789,1656943
2012-08-22,63.084495544433594,72.36666870117188,75.63333129882812,71.13333129882812,74.66666412353516,2656065
2012-08-23,64.59550476074219,74.0999984741211,75.5999984741211,72.46666717529297,73.06666564941406,2266150
2012-08-24,65.99027252197266,75.69999694824219,76.63333129882812,73.36666870117188,74.0,1912876
2012-08-27,66.94917297363281,76.80000305175781,77.43333435058594,75.56666564941406,76.33333587646484,1508758
2012-08-28,67.38505554199219,77.30000305175781,78.03333282470703,76.0,77.46666717529297,2045178
2012-08-29,67.61751556396484,77.56666564941406,78.66666412353516,76.56666564941406,77.4000015258789,2014489
2012-08-30,69.4481430053711,79.66666412353516,79.93333435058594,77.13333129882812,78.03333282470703,1695730
2012-08-31,69.50626373291016,79.73332977294922,80.0,78.26666259765625,79.66666412353516,861654
2012-09-03,69.3900375366211,79.5999984741211,81.30000305175781,79.13333129882812,80.63333129882812,970527
2012-09-04,69.70966339111328,79.96666717529297,80.30000305175781,79.06666564941406,80.06666564941406,420136
2012-09-05,70.00025177001953,80.30000305175781,82.06666564941406,79.73332977294922,79.73332977294922,1772172
2012-09-06,70.7557601928711,81.16666412353516,81.76666259765625,80.4000015258789,80.4000015258789,792214
2012-09-07,70.14553833007812,80.46666717529297,82.5999984741211,79.9000015258789,82.33333587646484,1997823
2012-09-10,71.27879333496094,81.76666259765625,82.63333129882812,80.83333587646484,80.96666717529297,586023
2012-09-11,72.03428649902344,82.63333129882812,83.19999694824219,81.5999984741211,81.83333587646484,642729
2012-09-12,71.88899993896484,82.46666717529297,83.66666412353516,82.0,83.0999984741211,405093
2012-09-13,72.26676177978516,82.9000015258789,83.5999984741211,81.03333282470703,82.66666412353516,2001805
2012-09-14,72.1795883178711,82.80000305175781,84.46666717529297,82.03333282470703,82.69999694824219,1116087
2012-09-17,74.67855072021484,85.66666412353516,86.96666717529297,82.46666717529297,83.16666412353516,1393408
2012-09-18,75.52123260498047,86.63333129882812,89.53333282470703,85.9000015258789,86.0,2070624
2012-09-20,74.41703796386719,85.36666870117188,87.13333129882812,84.56666564941406,86.5999984741211,1500904
2012-09-21,76.10240173339844,87.30000305175781,87.5999984741211,86.03333282470703,86.30000305175781,843937
2012-09-24,73.89398193359375,84.76666259765625,87.56666564941406,84.33333587646484,87.5,1206466
2012-09-25,72.9060287475586,83.63333129882812,84.83333587646484,83.16666412353516,84.83333587646484,435469
2012-09-26,72.26676177978516,82.9000015258789,84.33333587646484,82.36666870117188,83.36666870117188,868375
2012-09-27,74.47514343261719,85.4333267211914,86.19999694824219,83.33333587646484,83.56666564941406,921142
2012-09-28,76.50920104980469,87.76666259765625,88.33333587646484,86.13333129882812,86.36666870117188,1328880
2012-10-01,76.68355560302734,87.96666717529297,88.5999984741211,86.80000305175781,88.36666870117188,658608
2012-10-03,77.03224182128906,88.36666870117188,90.0,87.33333587646484,88.13333129882812,966184
2012-10-04,76.50920104980469,87.76666259765625,89.53333282470703,87.36666870117188,88.80000305175781,558483
2012-10-05,77.20658874511719,88.5666732788086,89.0999984741211,85.76666259765625,88.03333282470703,989248
2012-10-08,76.36389923095703,87.59999084472656,88.93333435058594,87.0,88.86666870117188,698379
2012-10-09,76.1605224609375,87.36666870117188,89.5,86.69999694824219,88.0,1661155
2012-10-10,72.9060287475586,83.63333129882812,87.69999694824219,83.0999984741211,87.69999694824219,1203217
2012-10-11,73.37095642089844,84.16666412353516,85.19999694824219,83.06666564941406,84.0,1396461
2012-10-12,71.9180679321289,82.5,84.66666412353516,82.06666564941406,84.66666412353516,675312
2012-10-15,73.13850402832031,83.9000015258789,84.19999694824219,80.06666564941406,81.96666717529297,1863361
2012-10-16,71.68560028076172,82.23332977294922,84.63333129882812,81.9000015258789,83.9000015258789,765880
2012-10-17,70.26176452636719,80.5999984741211,83.23332977294922,80.43333435058594,82.33333587646484,767602
2012-10-18,69.88402557373047,80.16666412353516,81.86666870117188,79.73332977294922,81.73332977294922,833284
2012-10-19,68.95416259765625,79.0999984741211,81.0,78.83333587646484,80.19999694824219,1216555
2012-10-22,67.7918472290039,77.76666259765625,79.56666564941406,77.43333435058594,78.9000015258789,1937413
2012-10-23,68.80888366699219,78.93333435058594,79.30000305175781,72.13333129882812,79.13333129882812,5810553
2012-10-25,69.01228332519531,79.16666412353516,81.66666412353516,78.36666870117188,79.4000015258789,4046595
2012-10-29,68.57640838623047,78.66666412353516,80.63333129882812,78.03333282470703,80.63333129882812,1848880
2012-10-30,67.41412353515625,77.33333587646484,79.03333282470703,76.83333587646484,78.69999694824219,1743768
2012-10-31,66.3099136352539,76.06666564941406,78.33333587646484,75.76666259765625,77.73332977294922,1923363
2012-11-01,68.05338287353516,78.06666564941406,78.43333435058594,75.30000305175781,76.06666564941406,1789518
2012-11-02,68.4311294555664,78.5,79.9000015258789,78.0,78.06666564941406,1570575
2012-11-05,68.66358947753906,78.76666259765625,79.0,77.46666717529297,78.66666412353516,1209312
2012-11-06,68.92510223388672,79.06666564941406,80.13333129882812,78.23332977294922,78.66666412353516,2137857
2012-11-07,69.18663024902344,79.36666870117188,79.96666717529297,78.93333435058594,79.93333435058594,1067697
2012-11-08,67.84996795654297,77.83333587646484,78.86666870117188,67.69999694824219,77.66666412353516,999781
2012-11-09,65.8740463256836,75.56666564941406,78.33333587646484,75.36666870117188,77.73332977294922,2373139
2012-11-12,64.333984375,73.80000305175781,76.33333587646484,73.19999694824219,75.33333587646484,2993406
2012-11-15,63.57847213745117,72.93333435058594,74.16666412353516,71.66666412353516,72.76666259765625,4022827
2012-11-16,65.64157104492188,75.30000305175781,76.43333435058594,72.93333435058594,73.23332977294922,3804598
2012-11-19,66.51332092285156,76.30000305175781,76.86666870117188,75.03333282470703,75.53333282470703,2897247
2012-11-20,65.32193756103516,74.93333435058594,77.19999694824219,74.33333587646484,76.69999694824219,2801955
2012-11-21,63.92717742919922,73.33333587646484,75.06666564941406,72.46666717529297,74.13333129882812,4010485
2012-11-22,63.92717742919922,73.33333587646484,74.30000305175781,73.33333587646484,73.66666412353516,1092996
2012-11-23,64.5373764038086,74.03333282470703,74.4000015258789,73.36666870117188,73.66666412353516,1619104
2012-11-26,63.956233978271484,73.36666870117188,74.93333435058594,72.33333587646484,72.33333587646484,4005364
2012-11-27,64.76984405517578,74.30000305175781,75.33333587646484,73.36666870117188,74.0,2454736
2012-11-29,66.45518493652344,76.23332977294922,76.5999984741211,74.30000305175781,74.66666412353516,3937681
2012-11-30,68.46019744873047,78.53333282470703,81.0999984741211,75.93333435058594,76.63333129882812,31764378
2012-12-03,72.81886291503906,83.53333282470703,84.5,79.33333587646484,79.33333587646484,6453273
2012-12-04,72.09242248535156,82.69999694824219,84.66666412353516,82.03333282470703,84.0999984741211,5336433
2012-12-05,71.4822006225586,82.0,83.9000015258789,81.69999694824219,82.83333587646484,3048871
2012-12-06,71.62747955322266,82.16666412353516,82.86666870117188,80.53333282470703,82.83333587646484,4076605
2012-12-07,73.95211791992188,84.83333587646484,85.73332977294922,81.69999694824219,82.66666412353516,6444063
2012-12-10,73.92304992675781,84.80000305175781,86.63333129882812,84.26666259765625,85.86666870117188,3366628
2012-12-11,72.41206359863281,83.06666564941406,85.80000305175781,81.66666412353516,85.30000305175781,2966193
2012-12-12,71.4822006225586,82.0,83.86666870117188,81.4000015258789,83.53333282470703,2363716
2012-12-13,73.02225494384766,83.76666259765625,84.4000015258789,82.0999984741211,82.66666412353516,4712368
2012-12-14,72.76074981689453,83.46666717529297,84.26666259765625,83.0,84.26666259765625,1407538
2012-12-17,73.10942840576172,83.86666870117188,85.56666564941406,83.06666564941406,83.73332977294922,2602729
2012-12-18,72.15052795410156,82.76666259765625,84.46666717529297,82.0,84.46666717529297,1573113
2012-12-19,72.52827453613281,83.19999694824219,83.5999984741211,82.06666564941406,82.96666717529297,1804263
2012-12-20,72.8769760131836,83.5999984741211,85.13333129882812,82.9000015258789,83.36666870117188,2028772
2012-12-21,71.59843444824219,82.13333129882812,83.86666870117188,81.9000015258789,83.86666870117188,1171777
2012-12-24,71.56937408447266,82.0999984741211,82.96666717529297,81.80000305175781,82.66666412353516,683587
2012-12-26,72.06336212158203,82.66666412353516,83.13333129882812,82.0,82.53333282470703,848883
2012-12-27,71.77277374267578,82.33333587646484,84.13333129882812,80.76666259765625,82.66666412353516,5478573
2012-12-28,74.8819580078125,85.9000015258789,86.26666259765625,83.4000015258789,84.06666564941406,3747471
2012-12-31,75.6665267944336,86.80000305175781,88.30000305175781,86.0999984741211,86.5999984741211,3815073
2013-01-01,76.945068359375,88.26666259765625,88.56666564941406,87.16666412353516,87.16666412353516,1945551
2013-01-02,76.53825378417969,87.80000305175781,89.16666412353516,86.86666870117188,88.63333129882812,1605022
2013-01-03,79.50215148925781,91.19999694824219,92.0,87.0,88.13333129882812,5384961
2013-01-04,78.97911834716797,90.5999984741211,92.66666412353516,89.86666870117188,92.66666412353516,2615352
2013-01-07,79.76367950439453,91.5,93.63333129882812,90.73332977294922,90.76666259765625,4118739
2013-01-08,79.96707153320312,91.73332977294922,93.0,89.76666259765625,91.5,4700572
2013-01-09,79.03722381591797,90.66666412353516,92.33333587646484,90.19999694824219,92.30000305175781,1898470
2013-01-10,79.5602798461914,91.26666259765625,92.76666259765625,90.69999694824219,91.16666412353516,2439013
2013-01-11,77.84586334228516,89.30000305175781,92.0,88.69999694824219,91.86666870117188,1524952
2013-01-14,80.28671264648438,92.0999984741211,92.56666564941406,88.06666564941406,88.93333435058594,2549335
2013-01-15,79.26968383789062,90.9333267211914,92.86666870117188,90.33333587646484,92.5999984741211,1303425
2013-01-16,78.22361755371094,89.73332977294922,91.93333435058594,89.23332977294922,90.66666412353516,1540785
2013-01-17,80.54823303222656,92.4000015258789,93.03333282470703,88.53333282470703,89.69999694824219,2733157
2013-01-18,82.00113677978516,94.06666564941406,95.30000305175781,92.4000015258789,93.19999694824219,5902144
2013-01-21,82.64039611816406,94.80000305175781,96.13333129882812,94.23332977294922,94.96666717529297,3095781
2013-01-22,81.30372619628906,93.26666259765625,96.06666564941406,85.5,93.33333587646484,2455557
2013-01-23,80.17047882080078,91.96666717529297,94.19999694824219,90.03333282470703,93.30000305175781,1691322
2013-01-24,77.00318145751953,88.33333587646484,91.63333129882812,87.5,91.4000015258789,3830277
2013-01-25,80.02519226074219,91.80000305175781,92.13333129882812,87.86666870117188,89.23332977294922,1662256
2013-01-28,79.35685729980469,91.03333282470703,92.93333435058594,90.13333129882812,92.33333587646484,1680817
2013-01-29,79.44403839111328,91.13333129882812,94.93333435058594,89.63333129882812,92.13333129882812,11930011
2013-01-30,78.2526626586914,89.76666259765625,92.93333435058594,89.36666870117188,92.16666412353516,2251392
2013-01-31,77.35187530517578,88.73332977294922,90.30000305175781,87.0,89.93333435058594,2992143
2013-02-01,76.33485412597656,87.56666564941406,90.5,87.33333587646484,88.83333587646484,3110415
2013-02-04,74.09740447998047,85.0,88.73332977294922,84.43333435058594,88.4000015258789,3335596
2013-02-05,75.3759536743164,86.46666717529297,86.76666259765625,82.83333587646484,84.76666259765625,1978776
2013-02-06,74.15550994873047,85.06666564941406,87.0,84.66666412353516,86.66666412353516,1206172
2013-02-07,74.12644958496094,85.03333282470703,86.33333587646484,83.33333587646484,85.0999984741211,1742668
2013-02-08,74.44609069824219,85.4000015258789,86.66666412353516,84.86666870117188,85.03333282470703,1617070
2013-02-11,74.15550994873047,85.06666564941406,85.73332977294922,84.26666259765625,85.33333587646484,638571
2013-02-12,73.3418960571289,84.13333129882812,85.66666412353516,83.30000305175781,84.73332977294922,686146
2013-02-13,72.93508911132812,83.66666412353516,85.73332977294922,83.33333587646484,84.0999984741211,1075464
2013-02-14,68.98323059082031,79.13333129882812,84.19999694824219,78.0999984741211,83.63333129882812,2040930
2013-02-15,71.1916275024414,81.66666412353516,82.26666259765625,76.80000305175781,76.80000305175781,1681407
2013-02-18,73.25472259521484,84.03333282470703,84.46666717529297,81.76666259765625,82.43333435058594,2286190
2013-02-19,73.69058990478516,84.53333282470703,85.19999694824219,82.9000015258789,84.5,1256461
2013-02-20,74.09740447998047,85.0,85.46666717529297,84.0,84.53333282470703,1551493
2013-02-21,71.10445404052734,81.56666564941406,84.26666259765625,81.23332977294922,84.16666412353516,2327152
2013-02-22,72.81886291503906,83.53333282470703,84.73332977294922,81.13333129882812,81.33333587646484,1094451
2013-02-25,71.74373626708984,82.30000305175781,83.93333435058594,81.33333587646484,83.30000305175781,1762441
2013-02-26,70.17459869384766,80.5,83.66666412353516,80.16666412353516,82.73332977294922,2939220
2013-02-27,70.95915222167969,81.4000015258789,82.33333587646484,80.0999984741211,80.86666870117188,2998587
2013-02-28,67.29788208007812,77.19999694824219,82.4000015258789,76.30000305175781,82.03333282470703,3572620
2013-03-01,69.30286407470703,79.5,80.06666564941406,77.13333129882812,77.69999694824219,1799035
2013-03-04,67.00729370117188,76.86666870117188,79.56666564941406,76.36666870117188,78.83333587646484,2129344
2013-03-05,69.33191680908203,79.53333282470703,79.80000305175781,77.0999984741211,77.30000305175781,610798
2013-03-06,70.00025177001953,80.30000305175781,81.4000015258789,79.69999694824219,80.0999984741211,2649558
2013-03-07,71.88899993896484,82.46666717529297,82.93333435058594,80.16666412353516,81.86666870117188,3753567
2013-03-08,73.66152954101562,84.5,85.0,82.4000015258789,82.66666412353516,2333337
2013-03-11,74.64949035644531,85.63333129882812,86.63333129882812,83.73332977294922,84.5,2802627
2013-03-12,72.9060287475586,83.63333129882812,86.26666259765625,82.73332977294922,85.53333282470703,4759102
2013-03-13,73.16755676269531,83.93333435058594,85.16666412353516,82.63333129882812,83.66666412353516,2813877
2013-03-14,73.16755676269531,83.93333435058594,84.83333587646484,82.86666870117188,84.06666564941406,2508439
2013-03-15,72.03428649902344,82.63333129882812,85.5999984741211,81.73332977294922,83.96666717529297,3992098
2013-03-18,71.3369140625,81.83333587646484,82.36666870117188,80.43333435058594,82.36666870117188,1976146
2013-03-19,68.4311294555664,78.5,82.5,78.0,82.13333129882812,1623987
2013-03-20,68.05338287353516,78.06666564941406,79.13333129882812,76.86666870117188,78.63333129882812,2124592
2013-03-21,68.54735565185547,78.63333129882812,79.80000305175781,77.46666717529297,78.66666412353516,2577750
2013-03-22,69.47721099853516,79.69999694824219,80.5999984741211,78.13333129882812,79.16666412353516,4084551
2013-03-25,68.37301635742188,78.43333435058594,80.5999984741211,77.66666412353516,79.83333587646484,2585277
2013-03-26,67.70467376708984,77.66666412353516,78.33333587646484,74.0,74.0,521101
2013-03-28,68.22772216796875,78.26666259765625,79.13333129882812,77.03333282470703,77.66666412353516,4668364
2013-04-01,69.70966339111328,79.96666717529297,80.23332977294922,78.30000305175781,78.69999694824219,786547
2013-04-02,71.3369140625,81.83333587646484,82.4000015258789,79.33333587646484,79.33333587646484,2318767
2013-04-03,71.51126861572266,82.03333282470703,83.30000305175781,81.46666717529297,81.46666717529297,1861093
2013-04-04,69.70966339111328,79.96666717529297,81.56666564941406,78.93333435058594,80.9000015258789,1300722
2013-04-05,69.07040405273438,79.23332977294922,81.4000015258789,78.83333587646484,79.33333587646484,1237177
2013-04-08,69.27381896972656,79.46666717529297,80.76666259765625,78.9000015258789,79.69999694824219,446932
2013-04-09,69.56438446044922,79.80000305175781,81.13333129882812,79.26666259765625,79.43333435058594,793828
2013-04-10,69.62251281738281,79.86666870117188,80.53333282470703,79.26666259765625,80.53333282470703,898950
2013-04-11,70.08743286132812,80.4000015258789,81.0999984741211,79.63333129882812,80.13333129882812,1456303
2013-04-12,71.4822006225586,82.0,82.53333282470703,79.53333282470703,81.53333282470703,1015572
2013-04-15,70.6685791015625,81.06666564941406,82.66666412353516,80.93333435058594,81.33333587646484,758448
2013-04-16,70.90105438232422,81.33333587646484,81.96666717529297,80.0999984741211,80.0999984741211,903927
2013-04-17,73.28378295898438,84.06666564941406,84.66666412353516,80.26666259765625,80.26666259765625,1175451
2013-04-18,72.96415710449219,83.69999694824219,85.19999694824219,82.5,84.66666412353516,2392683
2013-04-22,75.4050064086914,86.5,87.33333587646484,83.0,83.0,1162339
2013-04-23,74.9691390991211,86.0,87.5999984741211,84.23332977294922,87.5999984741211,2735262
2013-04-25,76.85787963867188,88.16666412353516,90.96666717529297,85.69999694824219,85.69999694824219,7514784
2013-04-26,80.63540649414062,92.5,94.86666870117188,88.93333435058594,89.16666412353516,7709472
2013-04-29,80.43199920654297,92.26666259765625,93.66666412353516,91.69999694824219,93.33333587646484,2508486
2013-04-30,82.03018188476562,94.0999984741211,95.33333587646484,90.53333282470703,92.06666564941406,3090531
2013-05-02,84.35480499267578,96.76666259765625,97.19999694824219,93.66666412353516,94.0,5816443
2013-05-03,83.68647003173828,96.0,98.5,95.33333587646484,96.80000305175781,5047468
2013-05-06,85.60428619384766,98.19999694824219,98.73332977294922,96.0,96.0,2885412
2013-05-07,85.80769348144531,98.43333435058594,98.93333435058594,97.5999984741211,98.63333129882812,3495564
2013-05-08,87.14436340332031,99.96666717529297,100.80000305175781,98.43333435058594,98.66666412353516,4206393
2013-05-09,87.28963470458984,100.13333129882812,101.26666259765625,98.73332977294922,100.0,3626190
2013-05-10,89.498046875,102.66666412353516,103.30000305175781,99.63333129882812,100.36666870117188,2881633
2013-05-13,84.50009155273438,96.93333435058594,103.19999694824219,95.86666870117188,103.19999694824219,2226855
2013-05-14,87.84172821044922,100.76666259765625,101.56666564941406,97.33333587646484,97.33333587646484,4207227
2013-05-15,88.36479187011719,101.36666870117188,103.0,100.9000015258789,101.33333587646484,3850935
2013-05-16,89.58521270751953,102.76666259765625,104.5999984741211,99.06666564941406,99.06666564941406,4141500
2013-05-17,90.02107238769531,103.26666259765625,103.5999984741211,102.0999984741211,102.56666564941406,1658907
2013-05-20,89.67239379882812,102.86666870117188,104.5999984741211,102.36666870117188,104.33333587646484,1512012
2013-05-21,89.93392181396484,103.16666412353516,105.93333435058594,102.4000015258789,102.83333587646484,3693264
2013-05-22,90.39881896972656,103.69999694824219,105.30000305175781,103.13333129882812,103.33333587646484,3994267
2013-05-23,91.38679504394531,104.83333587646484,106.56666564941406,103.30000305175781,103.36666870117188,5361070
2013-05-24,91.5611343383789,105.03333282470703,107.30000305175781,103.66666412353516,105.0,2580777
2013-05-27,90.63128662109375,103.96666717529297,105.69999694824219,103.33333587646484,104.76666259765625,2791629
2013-05-28,90.05014038085938,103.30000305175781,105.76666259765625,102.43333435058594,103.80000305175781,1765746
2013-05-29,88.56819152832031,101.59999084472656,104.23332977294922,100.76666259765625,104.23332977294922,1207557
2013-05-30,90.19544219970703,103.46666717529297,104.43333435058594,100.83333587646484,100.93333435058594,2474968
2013-05-31,90.07919311523438,103.33333587646484,105.0,102.26666259765625,103.03333282470703,3069280
2013-06-03,94.43788146972656,108.33333587646484,109.33333587646484,102.46666717529297,102.83333587646484,3281628
2013-06-04,94.9318618774414,108.9000015258789,110.16666412353516,107.16666412353516,108.93333435058594,3249289
2013-06-05,96.18133544921875,110.33333587646484,111.66666412353516,108.06666564941406,109.0999984741211,3602061
2013-06-06,94.5250244140625,108.4333267211914,111.30000305175781,108.06666564941406,109.96666717529297,2317428
2013-06-07,90.60224151611328,103.9333267211914,108.30000305175781,103.5999984741211,107.19999694824219,3251656
2013-06-10,89.12030029296875,102.23333740234375,104.5999984741211,100.33333587646484,103.96666717529297,2429131
2013-06-11,86.53412628173828,99.26666259765625,103.0,98.5999984741211,101.03333282470703,1999306
2013-06-12,85.92393493652344,98.56666564941406,100.93333435058594,96.86666870117188,99.26666259765625,1845153
2013-06-13,81.30372619628906,93.26666259765625,98.5999984741211,92.5,97.03333282470703,4758222
2013-06-14,80.49011993408203,92.33333587646484,97.63333129882812,90.80000305175781,93.4000015258789,3809559
2013-06-17,84.99408721923828,97.5,98.5999984741211,92.73332977294922,92.73332977294922,2645862
2013-06-18,84.50009155273438,96.93333435058594,98.33333587646484,95.83333587646484,97.69999694824219,3161199
2013-06-19,85.05218505859375,97.56666564941406,98.63333129882812,95.73332977294922,96.66666412353516,2784604
2013-06-20,82.93094635009766,95.13333129882812,96.83333587646484,94.33333587646484,96.0,2576499
2013-06-21,79.21157836914062,90.86666870117188,95.4000015258789,89.0,93.5,2545102
2013-06-24,74.94007873535156,85.96666717529297,90.5,84.26666259765625,90.03333282470703,3457113
2013-06-25,77.14847564697266,88.5,90.96666717529297,86.06666564941406,86.06666564941406,3436267
2013-06-26,78.2526626586914,89.76666259765625,91.5999984741211,88.66666412353516,89.73332977294922,3772777
2013-06-27,78.51419067382812,90.0666732788086,91.5999984741211,89.33333587646484,90.5,1199580
2013-06-28,78.89196014404297,90.5,91.96666717529297,87.46666717529297,90.83333587646484,3212070
2013-07-01,80.92599487304688,92.83333587646484,93.66666412353516,90.33333587646484,90.5,2413708
2013-07-02,79.8508529663086,91.5999984741211,93.5,90.76666259765625,91.73332977294922,1870252
2013-07-03,77.40999603271484,88.80000305175781,91.33333587646484,88.13333129882812,90.66666412353516,1838874
2013-07-04,79.71693420410156,89.80000305175781,90.23332977294922,87.4000015258789,88.63333129882812,1204620
2013-07-05,78.41494750976562,88.33333587646484,91.5,88.06666564941406,90.53333282470703,1786422
2013-07-08,80.39752197265625,90.56666564941406,91.76666259765625,87.03333282470703,87.73332977294922,3482772
2013-07-09,81.72908782958984,92.06666564941406,92.46666717529297,91.06666564941406,91.33333587646484,2107170
2013-07-10,82.05458068847656,92.4333267211914,94.26666259765625,91.53333282470703,93.19999694824219,2761368
2013-07-11,84.86567687988281,95.59999084472656,96.36666870117188,93.0,93.33333587646484,3016423
2013-07-12,84.83612060546875,95.5666732788086,98.0,94.5,96.13333129882812,2663701
2013-07-15,82.43927001953125,92.86666870117188,95.5,92.19999694824219,95.13333129882812,2520349
2013-07-16,81.43317413330078,91.73332977294922,93.46666717529297,90.56666564941406,91.33333587646484,2650887
2013-07-17,81.81787109375,92.16666412353516,93.26666259765625,89.83333587646484,91.9000015258789,3815778
2013-07-18,85.1911849975586,95.96666717529297,96.16666412353516,93.23332977294922,94.36666870117188,3979647
2013-07-19,87.11457824707031,98.13333129882812,98.66666412353516,96.4000015258789,96.66666412353516,3269748
2013-07-22,87.85432434082031,98.96666717529297,100.33333587646484,98.13333129882812,98.30000305175781,2186725
2013-07-23,85.22077178955078,96.0,100.0,95.4000015258789,98.66666412353516,1991719
2013-07-24,84.27388763427734,94.93333435058594,97.33333587646484,91.46666717529297,95.83333587646484,5375454
2013-07-25,85.13201141357422,95.90000915527344,97.33333587646484,93.46666717529297,94.0,3293347
2013-07-26,83.68205261230469,94.26666259765625,97.16666412353516,93.5999984741211,96.0,2569455
2013-07-29,81.07810974121094,91.33333587646484,94.63333129882812,90.16666412353516,94.63333129882812,1937311
2013-07-30,81.3148193359375,91.59999084472656,93.30000305175781,89.69999694824219,91.33333587646484,1368925
2013-07-31,75.36712646484375,84.9000015258789,90.56666564941406,84.0,90.0,5061697
2013-08-01,73.76924133300781,83.0999984741211,87.0,80.69999694824219,84.06666564941406,4461444
2013-08-02,73.8875961303711,83.23332977294922,84.66666412353516,80.5999984741211,83.69999694824219,4032309
2013-08-05,75.45590209960938,85.0,87.13333129882812,81.46666717529297,84.0,3393438
2013-08-06,76.46197509765625,86.13333129882812,87.9000015258789,85.33333587646484,85.43333435058594,6403663
2013-08-07,74.95286560058594,84.43333435058594,87.66666412353516,82.0,86.5999984741211,4969782
2013-08-08,81.07810974121094,91.33333587646484,92.5999984741211,85.69999694824219,85.83333587646484,6837232
2013-08-12,85.22077178955078,96.0,96.80000305175781,92.23332977294922,93.33333587646484,7206526
2013-08-13,87.5880126953125,98.66666412353516,99.0999984741211,93.33333587646484,96.0,5660095
2013-08-14,89.6889419555664,101.03333282470703,102.0,96.30000305175781,98.66666412353516,3870619
2013-08-16,84.89527893066406,95.63333129882812,101.56666564941406,94.69999694824219,100.66666412353516,8360709
2013-08-19,87.26252746582031,98.30000305175781,100.66666412353516,92.86666870117188,97.30000305175781,9947371
2013-08-20,85.33914184570312,96.13333129882812,99.5999984741211,94.4000015258789,98.83333587646484,4156215
2013-08-21,82.1729507446289,92.56666564941406,98.19999694824219,91.13333129882812,97.06666564941406,1803238
2013-08-22,86.28604125976562,97.19999694824219,98.19999694824219,91.33333587646484,91.33333587646484,3913846
2013-08-23,85.33914184570312,96.13333129882812,98.93333435058594,94.23332977294922,98.53333282470703,5323594
2013-08-26,85.51667785644531,96.33333587646484,97.06666564941406,93.56666564941406,96.96666717529297,6267136
2013-08-27,84.27388763427734,94.9333267211914,96.63333129882812,91.26666259765625,95.63333129882812,8144226
2013-08-28,84.2442855834961,94.9000015258789,97.66666412353516,90.69999694824219,94.0,5383153
2013-08-29,80.72301483154297,90.9333267211914,98.5999984741211,87.5,97.33333587646484,15560992
2013-08-30,78.94757843017578,88.9333267211914,92.13333129882812,87.80000305175781,90.63333129882812,4238268
2013-09-02,80.51587677001953,90.69999694824219,91.9000015258789,88.93333435058594,88.93333435058594,1269030
2013-09-03,78.20782470703125,88.0999984741211,91.80000305175781,86.69999694824219,91.5999984741211,2240223
2013-09-04,79.50981140136719,89.56666564941406,90.53333282470703,88.0999984741211,88.56666564941406,1815664
2013-09-05,80.01283264160156,90.13333129882812,91.5999984741211,88.93333435058594,91.33333587646484,1697578
2013-09-06,81.81787109375,92.16666412353516,92.93333435058594,89.33333587646484,90.96666717529297,2194068
2013-09-10,80.48628997802734,90.66666412353516,93.80000305175781,89.76666259765625,92.36666870117188,2905860
2013-09-11,79.62815856933594,89.69999694824219,92.5,89.03333282470703,91.5999984741211,2922247
2013-09-12,79.1251220703125,89.13333129882812,91.16666412353516,88.0,90.26666259765625,3663556
2013-09-13,79.98323822021484,90.0999984741211,91.06666564941406,88.69999694824219,88.69999694824219,3201273
2013-09-16,79.3322525024414,89.36666870117188,92.46666717529297,88.76666259765625,92.46666717529297,1518235
2013-09-17,79.00675964355469,89.0,89.96666717529297,87.63333129882812,89.33333587646484,1063329
2013-09-18,80.60466003417969,90.80000305175781,91.83333587646484,87.86666870117188,89.0,3415110
2013-09-19,84.71773529052734,95.4333267211914,96.5999984741211,91.26666259765625,92.46666717529297,5914311
2013-09-20,85.60546112060547,96.43333435058594,97.0999984741211,93.16666412353516,97.06666564941406,2134329
2013-09-23,81.99541473388672,92.36666870117188,95.33333587646484,91.83333587646484,95.33333587646484,7185301
2013-09-24,84.0667495727539,94.69999694824219,95.30000305175781,92.16666412353516,93.23332977294922,2105244
2013-09-25,83.50452423095703,94.06666564941406,95.19999694824219,91.80000305175781,95.19999694824219,2072199
2013-09-26,85.39832305908203,96.19999694824219,97.4000015258789,92.76666259765625,94.46666717529297,3169429
2013-09-27,84.5105972290039,95.19999694824219,97.80000305175781,94.46666717529297,97.80000305175781,1482381
2013-09-30,85.72382354736328,96.5666732788086,96.9000015258789,93.13333129882812,94.0,3858166
2013-10-01,84.8065185546875,95.53333282470703,97.33333587646484,94.5,96.33333587646484,2974234
2013-10-03,87.61759948730469,98.69999694824219,100.0,95.23332977294922,96.53333282470703,3172615
2013-10-04,90.93174743652344,102.43333435058594,103.46666717529297,99.03333282470703,99.03333282470703,5924653
2013-10-07,91.64192962646484,103.23332977294922,104.30000305175781,102.33333587646484,103.33333587646484,2293093
2013-10-08,88.682861328125,99.9000015258789,103.4000015258789,99.33333587646484,103.06666564941406,2237680
2013-10-09,89.83690643310547,101.19999694824219,102.53333282470703,99.86666870117188,99.96666717529297,3244762
2013-10-10,89.74813079833984,101.0999984741211,101.93333435058594,100.26666259765625,101.33333587646484,1428073
2013-10-11,88.38697052001953,99.56666564941406,102.0,99.33333587646484,102.0,1165611
2013-10-14,89.60018157958984,100.9333267211914,101.86666870117188,99.69999694824219,99.69999694824219,1726750
2013-10-15,88.32778930664062,99.5,102.13333129882812,98.06666564941406,102.0,2772930
2013-10-17,92.14498138427734,103.80000305175781,105.56666564941406,99.03333282470703,100.46666717529297,5276112
2013-10-18,91.93782806396484,103.56666564941406,105.66666412353516,102.83333587646484,103.66666412353516,3824628
2013-10-21,93.18063354492188,104.96666717529297,105.5999984741211,103.66666412353516,104.30000305175781,1668892
2013-10-22,93.38775634765625,105.19999694824219,106.5999984741211,103.83333587646484,104.33333587646484,3413485
2013-10-23,91.0205078125,102.53333282470703,105.83333587646484,100.73332977294922,103.80000305175781,3045502
2013-10-24,91.58277130126953,103.16666412353516,105.46666717529297,99.69999694824219,102.66666412353516,3168975
2013-10-25,92.64801025390625,104.36666870117188,104.80000305175781,100.36666870117188,102.5999984741211,1240272
2013-10-28,91.46438598632812,103.03333282470703,104.66666412353516,101.66666412353516,104.66666412353516,1173865
2013-10-29,93.09186553955078,104.86666870117188,105.5,100.73332977294922,103.26666259765625,1346193
2013-10-30,94.63055419921875,106.5999984741211,107.93333435058594,104.03333282470703,104.83333587646484,2220282
2013-10-31,97.35289764404297,109.66666412353516,110.0,106.19999694824219,107.46666717529297,2401675
2013-11-01,97.56004333496094,109.9000015258789,111.73332977294922,108.06666564941406,109.33333587646484,2255506
2013-11-05,98.80284118652344,111.30000305175781,113.53333282470703,109.4000015258789,109.4000015258789,2551930
2013-11-06,101.76188659667969,114.63333129882812,115.06666564941406,110.13333129882812,110.66666412353516,2743263
2013-11-07,99.27629089355469,111.83333587646484,117.0,111.16666412353516,114.66666412353516,3023353
2013-11-08,99.36504364013672,111.9333267211914,114.46666717529297,110.5,111.63333129882812,1613233
2013-11-11,97.97431182861328,110.36666870117188,112.96666717529297,110.0,112.63333129882812,787504
2013-11-12,99.21710205078125,111.76666259765625,113.80000305175781,109.73332977294922,110.0,2769187
2013-11-13,98.56612396240234,111.03333282470703,112.5999984741211,109.69999694824219,109.69999694824219,1336503
2013-11-14,100.01604461669922,112.66666412353516,113.66666412353516,110.93333435058594,111.0,3529941
2013-11-18,100.785400390625,113.53333282470703,115.86666870117188,112.4000015258789,112.86666870117188,1019670
2013-11-19,98.65489196777344,111.13333129882812,114.26666259765625,110.33333587646484,114.0,1006320
2013-11-20,95.93256378173828,108.0666732788086,111.5,107.0,109.69999694824219,1511524
2013-11-21,96.31722259521484,108.5,109.46666717529297,107.30000305175781,107.86666870117188,1621681
2013-11-22,93.53572845458984,105.36666870117188,109.96666717529297,104.66666412353516,108.66666412353516,1040995
2013-11-25,94.24589538574219,106.16666412353516,107.16666412353516,103.69999694824219,106.0,1419255
2013-11-26,95.87336730957031,108.0,108.80000305175781,104.73332977294922,104.73332977294922,1201677
2013-11-27,99.27629089355469,111.83333587646484,112.33333587646484,106.03333282470703,106.03333282470703,1627527
2013-11-28,99.80892181396484,112.43333435058594,113.80000305175781,110.43333435058594,112.73332977294922,4888078
2013-11-29,98.8916244506836,111.40000915527344,112.53333282470703,110.80000305175781,112.33333587646484,763941
2013-12-02,98.80284118652344,111.30000305175781,113.33333587646484,110.83333587646484,111.86666870117188,1143622
2013-12-03,96.93862915039062,109.19999694824219,113.0,108.9000015258789,110.30000305175781,1464126
2013-12-04,95.84378051757812,107.96666717529297,111.33333587646484,107.4000015258789,108.69999694824219,1961176
2013-12-05,98.18143463134766,110.5999984741211,111.63333129882812,109.33333587646484,109.33333587646484,1660828
2013-12-06,100.34154510498047,113.03333282470703,114.26666259765625,110.56666564941406,110.66666412353516,3647550
2013-12-09,103.18224334716797,116.23332977294922,116.66666412353516,112.36666870117188,114.0,2945016
2013-12-10,105.99335479736328,119.4000015258789,120.66666412353516,116.73332977294922,117.33333587646484,4225117
2013-12-11,108.804443359375,122.56666564941406,123.13333129882812,119.03333282470703,120.0,3500383
2013-12-12,106.52598571777344,120.0,124.30000305175781,119.5,122.13333129882812,4597347
2013-12-13,102.4424819946289,115.4000015258789,120.06666564941406,114.06666564941406,119.33333587646484,3783219
2013-12-16,105.34235382080078,118.66666412353516,120.16666412353516,115.4000015258789,115.4000015258789,2197737
2013-12-17,104.72095489501953,117.96666717529297,122.0999984741211,116.03333282470703,118.86666870117188,2575566
2013-12-18,104.72095489501953,117.96666717529297,119.66666412353516,117.19999694824219,118.16666412353516,5091082
2013-12-19,103.3893814086914,116.46666717529297,119.0,115.26666259765625,117.96666717529297,4166190
2013-12-20,109.86969757080078,123.76666259765625,125.69999694824219,115.66666412353516,116.33333587646484,4771435
2013-12-23,111.76351165771484,125.90000915527344,127.06666564941406,122.06666564941406,122.69999694824219,2488530
2013-12-24,110.9349594116211,124.96666717529297,129.1666717529297,124.03333282470703,127.19999694824219,2483829
2013-12-26,112.23695373535156,126.4333267211914,127.19999694824219,122.36666870117188,124.63333129882812,2556225
2013-12-27,114.5746078491211,129.06666564941406,129.86666870117188,126.66666412353516,126.66666412353516,2025591
2013-12-30,116.3204574584961,131.03334045410156,132.23333740234375,128.1666717529297,129.39999389648438,4375858
2013-12-31,117.14897918701172,131.96665954589844,133.60000610351562,131.0,132.46665954589844,1541151
2014-01-01,117.44487762451172,132.3000030517578,133.13333129882812,131.1666717529297,131.96665954589844,652306
2014-01-02,116.55716705322266,131.3000030517578,134.86666870117188,130.13333129882812,132.0,1664496
2014-01-03,118.42135620117188,133.39999389648438,134.0,129.60000610351562,129.93333435058594,1706644
2014-01-06,119.2203369140625,134.3000030517578,136.0,131.1999969482422,133.3333282470703,2659779
2014-01-07,119.39786529541016,134.5,136.6666717529297,134.0,134.53334045410156,1868245
2014-01-08,119.30909729003906,134.39999389648438,135.6666717529297,133.26666259765625,133.63333129882812,1713861
2014-01-09,120.5519027709961,135.8000030517578,136.39999389648438,134.36666870117188,135.10000610351562,2248036
2014-01-10,120.75901794433594,136.03334045410156,138.76666259765625,134.03334045410156,134.86666870117188,2364907
2014-01-13,121.97223663330078,137.39999389648438,137.93333435058594,135.8000030517578,136.26666259765625,1668526
2014-01-14,122.91914367675781,138.46665954589844,139.13333129882812,136.26666259765625,137.89999389648438,1175766
2014-01-15,124.39864349365234,140.13333129882812,144.23333740234375,138.1999969482422,138.6999969482422,2971651
2014-01-16,127.74239349365234,143.89999389648438,144.73333740234375,140.13333129882812,140.36666870117188,5443908
2014-01-17,128.27505493164062,144.5,145.13333129882812,141.93333435058594,144.13333129882812,2297256
2014-01-20,128.03831481933594,144.23333740234375,144.63333129882812,142.39999389648438,144.46665954589844,1351366
2014-01-21,125.90776062011719,141.8333282470703,144.13333129882812,141.3333282470703,143.6666717529297,3617761
2014-01-22,126.76591491699219,142.8000030517578,144.60000610351562,140.1666717529297,141.0,2101399
2014-01-23,122.32732391357422,137.8000030517578,142.60000610351562,136.73333740234375,142.3333282470703,1517889
2014-01-24,120.9957504272461,136.3000030517578,139.10000610351562,134.36666870117188,138.0,3808621
2014-01-27,114.78173828125,129.3000030517578,136.0,128.3333282470703,136.0,3145342
2014-01-28,109.39627075195312,123.23333740234375,130.63333129882812,121.73332977294922,129.39999389648438,3960898
2014-01-29,114.95926666259766,129.5,130.6666717529297,124.0,124.66666412353516,3951685
2014-01-30,110.96455383300781,125.0,131.13333129882812,118.83333587646484,129.26666259765625,14655144
2014-01-31,111.91143798828125,126.06666564941406,127.66666412353516,122.86666870117188,124.26666259765625,1842984
2014-02-03,109.54421997070312,123.4000015258789,127.66666412353516,122.16666412353516,125.4000015258789,986769
2014-02-04,111.88186645507812,126.03333282470703,126.5999984741211,121.36666870117188,122.33333587646484,1484023
2014-02-05,112.592041015625,126.83333587646484,128.3333282470703,125.36666870117188,126.66666412353516,1980036
2014-02-06,110.55027770996094,124.53333282470703,128.43333435058594,122.73332977294922,126.80000305175781,1272214
2014-02-07,115.46231842041016,130.06666564941406,131.1999969482422,126.0,126.66666412353516,2718730
2014-02-10,116.52757263183594,131.26666259765625,132.8333282470703,129.43333435058594,130.0,2183565
2014-02-11,111.70431518554688,125.83333587646484,131.8333282470703,125.4000015258789,131.73333740234375,2250144
2014-02-12,111.64512634277344,125.76666259765625,128.8333282470703,125.06666564941406,126.66666412353516,1530676
2014-02-13,108.18304443359375,121.86666870117188,126.63333129882812,120.80000305175781,126.0,2941105
2014-02-14,109.54421997070312,123.4000015258789,125.80000305175781,122.03333282470703,122.06666564941406,2394696
2014-02-17,108.15345764160156,121.83333587646484,124.76666259765625,121.16666412353516,124.13333129882812,1405254
2014-02-18,110.25437927246094,124.19999694824219,124.73332977294922,121.93333435058594,122.06666564941406,1140351
2014-02-19,109.81051635742188,123.69999694824219,125.33333587646484,123.06666564941406,123.06666564941406,717534
2014-02-20,108.21263122558594,121.9000015258789,124.0,121.0999984741211,123.33333587646484,853017
2014-02-21,106.52598571777344,120.0,123.56666564941406,119.19999694824219,122.33333587646484,2416936
2014-02-24,105.63824462890625,119.0,121.19999694824219,117.73332977294922,119.80000305175781,1774363
2014-02-25,109.57378387451172,123.43333435058594,124.0,119.46666717529297,119.46666717529297,2869332
2014-02-26,108.4493408203125,122.16666412353516,125.66666412353516,121.73332977294922,124.06666564941406,4007403
2014-02-28,108.18304443359375,121.86666870117188,123.9000015258789,121.36666870117188,123.26666259765625,1707037
2014-03-03,107.29533386230469,120.86666870117188,123.46666717529297,120.06666564941406,122.0,1994197
2014-03-04,108.03509521484375,121.69999694824219,122.43333435058594,119.66666412353516,120.80000305175781,2008174
2014-03-05,110.7870101928711,124.80000305175781,126.30000305175781,122.66666412353516,122.66666412353516,2641938
2014-03-06,111.43799591064453,125.53333282470703,127.23332977294922,124.76666259765625,125.33333587646484,2521521
2014-03-07,111.97063446044922,126.13333129882812,127.26666259765625,124.26666259765625,126.0,1774758
2014-03-10,112.00022888183594,126.16666412353516,129.89999389648438,124.69999694824219,125.66666412353516,3696244
2014-03-11,112.29612731933594,126.5,129.13333129882812,125.4000015258789,126.53333282470703,2573953
2014-03-12,112.97669982910156,127.26666259765625,128.13333129882812,125.69999694824219,126.5999984741211,2944161
2014-03-13,113.00630187988281,127.30000305175781,129.60000610351562,126.69999694824219,127.9000015258789,2133132
2014-03-14,110.9349594116211,124.96666717529297,127.16666412353516,122.86666870117188,124.80000305175781,1837185
2014-03-18,112.41448974609375,126.63333129882812,127.86666870117188,125.33333587646484,125.33333587646484,1730703
2014-03-19,110.1951904296875,124.13333129882812,128.63333129882812,123.69999694824219,127.0,2196049
2014-03-20,110.57987976074219,124.56666564941406,125.69999694824219,123.0,123.33333587646484,1141575
2014-03-21,109.84010314941406,123.73332977294922,126.66666412353516,123.5,124.83333587646484,1406172
2014-03-24,109.45542907714844,123.30000305175781,125.33333587646484,122.56666564941406,124.16666412353516,1337418
2014-03-25,107.17696380615234,120.73332977294922,124.46666717529297,119.83333587646484,122.66666412353516,3628369
2014-03-26,109.24830627441406,123.06666564941406,123.66666412353516,120.83333587646484,121.4000015258789,1998381
2014-03-27,109.18912506103516,123.0,126.13333129882812,122.0,122.0,4377969
2014-03-28,108.39017486572266,122.0999984741211,124.33333587646484,121.4000015258789,124.0,2515266
2014-03-31,109.1595230102539,122.96666717529297,124.0,121.0,123.0,1834375
2014-04-01,114.0715560913086,128.5,129.13333129882812,122.66666412353516,123.66666412353516,3297460
2014-04-02,114.0715560913086,128.5,130.23333740234375,126.43333435058594,129.73333740234375,5173356
2014-04-03,118.83563995361328,133.86666870117188,135.0,129.0,129.3000030517578,7135230
2014-04-04,119.90088653564453,135.06666564941406,138.0,134.1666717529297,135.06666564941406,3792030
2014-04-07,119.72335052490234,134.86666870117188,137.3333282470703,132.3333282470703,135.3333282470703,1988329
2014-04-09,120.78862762451172,136.06666564941406,136.53334045410156,133.6999969482422,134.3333282470703,2184964
2014-04-10,125.70066833496094,141.60000610351562,143.26666259765625,135.6666717529297,136.0,3734431
2014-04-11,128.3046417236328,144.53334045410156,149.0,139.89999389648438,141.0,5230599
2014-04-15,130.81982421875,147.36666870117188,150.43333435058594,141.63333129882812,144.6666717529297,5043801
2014-04-16,126.82510375976562,142.86666870117188,148.86666870117188,141.06666564941406,147.3333282470703,3374191
2014-04-17,127.23937225341797,143.3333282470703,144.6666717529297,139.73333740234375,144.26666259765625,2886861
2014-04-21,129.665771484375,146.06666564941406,146.76666259765625,143.93333435058594,144.13333129882812,2108034
2014-04-22,129.3107147216797,145.6666717529297,148.3333282470703,145.1999969482422,147.06666564941406,2216427
2014-04-23,127.06181335449219,143.13333129882812,145.86666870117188,142.3000030517578,145.03334045410156,3322921
2014-04-24,127.06181335449219,143.13333129882812,143.13333129882812,143.13333129882812,143.13333129882812,0
2014-04-25,136.32363891601562,153.56666564941406,155.60000610351562,142.8000030517578,143.36666870117188,17784148
2014-04-28,163.69491577148438,184.40000915527344,186.13333129882812,155.86666870117188,155.93333435058594,46885077
2014-04-29,162.83677673339844,183.43331909179688,190.6666717529297,181.46665954589844,186.26666259765625,16281903
2014-04-30,158.6645050048828,178.73333740234375,190.3333282470703,176.76666259765625,183.1999969482422,11461263
2014-05-02,165.67747497558594,186.6333465576172,191.03334045410156,180.43333435058594,180.8000030517578,16623390
2014-05-05,165.02645874023438,185.89999389648438,191.86666870117188,184.6999969482422,188.0,5407047
2014-05-06,165.233642578125,186.1333465576172,188.93333435058594,184.8000030517578,187.6666717529297,4291617
2014-05-07,167.33456420898438,188.5,197.3333282470703,186.3333282470703,187.06666564941406,17296750
2014-05-08,160.2919921875,180.56666564941406,192.1999969482422,179.0,190.06666564941406,12815122
2014-05-09,163.5173797607422,184.1999969482422,187.26666259765625,175.60000610351562,179.6666717529297,6598167
2014-05-12,159.84812927246094,180.06666564941406,186.56666564941406,178.86666870117188,180.0,3966840
2014-05-13,162.68881225585938,183.26666259765625,185.0,180.06666564941406,181.3333282470703,2994654
2014-05-14,164.31629943847656,185.09999084472656,187.3333282470703,182.10000610351562,184.03334045410156,4089312
2014-05-15,160.82464599609375,181.1666717529297,186.56666564941406,179.6666717529297,183.46665954589844,2588763
2014-05-16,168.57736206054688,189.89999389648438,195.60000610351562,180.73333740234375,182.36666870117188,4467936
2014-05-19,181.0645751953125,203.96665954589844,206.53334045410156,191.3333282470703,192.13333129882812,6226956
2014-05-20,175.9158172607422,198.1666717529297,209.0,194.39999389648438,207.0,5191902
2014-05-21,178.66773986816406,201.26666259765625,206.03334045410156,196.86666870117188,199.8000030517578,5991411
2014-05-22,181.53799438476562,204.5,207.39999389648438,201.5,201.5,4097385
2014-05-23,182.041015625,205.06666564941406,207.26666259765625,204.0,206.3000030517578,1716502
2014-05-26,182.51446533203125,205.59999084472656,214.6666717529297,193.3333282470703,206.8000030517578,4582975
2014-05-27,180.41355895996094,203.23333740234375,208.76666259765625,199.86666870117188,206.03334045410156,1507333
2014-05-28,184.08277893066406,207.3666534423828,208.53334045410156,199.36666870117188,202.43333435058594,3418321
2014-05-29,182.7216339111328,205.8333282470703,214.46665954589844,203.6666717529297,208.6666717529297,7113672
2014-05-30,178.6085662841797,201.1999969482422,211.0,198.6999969482422,205.8333282470703,3237951
2014-06-02,180.79824829101562,203.6666717529297,205.23333740234375,200.6666717529297,201.13333129882812,1149850
2014-06-03,179.05242919921875,201.6999969482422,205.5,200.3333282470703,203.6999969482422,1366759
2014-06-04,182.21861267089844,205.26666259765625,206.3333282470703,201.60000610351562,201.60000610351562,1284961
2014-06-05,185.23683166503906,208.6666717529297,211.06666564941406,204.53334045410156,204.53334045410156,3092316
2014-06-06,186.5684051513672,210.1666717529297,213.39999389648438,207.1999969482422,209.3333282470703,2821561
2014-06-09,190.1488494873047,214.1999969482422,217.0,208.53334045410156,210.1666717529297,3015864
2014-06-10,186.47962951660156,210.06666564941406,217.0,206.8000030517578,216.96665954589844,1746045
2014-06-11,179.14120483398438,201.8000030517578,211.1999969482422,200.03334045410156,210.6666717529297,2848368
2014-06-12,180.91659545898438,203.8000030517578,206.6666717529297,201.43333435058594,202.0,2219784
2014-06-13,175.5015411376953,197.6999969482422,205.73333740234375,192.1999969482422,204.6666717529297,1952983
2014-06-16,178.63815307617188,201.23333740234375,206.0,190.36666870117188,198.6666717529297,4446279
2014-06-17,186.68673706054688,210.3000030517578,212.26666259765625,200.3000030517578,201.3333282470703,2945580
2014-06-18,185.32557678222656,208.76666259765625,214.8000030517578,203.8333282470703,208.1999969482422,2277633
2014-06-19,191.74673461914062,216.0,217.3000030517578,207.36666870117188,207.36666870117188,3785692
2014-06-20,184.88174438476562,208.26666259765625,219.23333740234375,206.76666259765625,218.03334045410156,3525598
2014-06-23,183.49095153808594,206.6999969482422,211.13333129882812,204.76666259765625,209.73333740234375,1334136
2014-06-24,188.1366729736328,211.93333435058594,212.60000610351562,207.03334045410156,207.03334045410156,2335630
2014-06-25,186.5092315673828,210.10000610351562,215.60000610351562,209.43333435058594,212.39999389648438,2679990
2014-06-26,192.5457000732422,216.89999389648438,220.36666870117188,208.6666717529297,211.1999969482422,7014616
2014-06-27,195.06088256835938,219.73333740234375,220.03334045410156,213.53334045410156,217.96665954589844,4296448
2014-06-30,202.07388305664062,227.63333129882812,229.93333435058594,219.39999389648438,220.6666717529297,4024027
2014-07-01,198.2566680908203,223.3333282470703,230.0,222.3333282470703,226.10000610351562,2223948
2014-07-02,199.529052734375,224.76666259765625,227.1999969482422,223.60000610351562,225.1999969482422,2248825
2014-07-03,203.4054412841797,229.13333129882812,232.53334045410156,226.3333282470703,226.6666717529297,3281964
2014-07-04,208.70211791992188,235.10000610351562,239.53334045410156,225.39999389648438,229.8000030517578,4410688
2014-07-07,202.5472869873047,228.1666717529297,234.89999389648438,227.46665954589844,231.3333282470703,1593459
2014-07-08,190.9477996826172,215.10000610351562,228.0,213.1666717529297,226.13333129882812,4831002
2014-07-09,189.912109375,213.93333435058594,219.3000030517578,210.53334045410156,214.6666717529297,2938300
2014-07-10,190.00091552734375,214.03334045410156,220.10000610351562,207.60000610351562,213.26666259765625,3482884
2014-07-11,190.00091552734375,214.03334045410156,219.3333282470703,211.86666870117188,213.3333282470703,2930464
2014-07-14,188.46221923828125,212.3000030517578,215.3000030517578,209.39999389648438,212.6999969482422,1873176
2014-07-15,194.58743286132812,219.1999969482422,221.26666259765625,212.76666259765625,212.76666259765625,2394220
2014-07-16,195.06088256835938,219.73333740234375,222.6666717529297,216.1666717529297,221.76666259765625,2238288
2014-07-17,193.31503295898438,217.76666259765625,221.93333435058594,216.73333740234375,217.6999969482422,2396118
2014-07-18,192.1314239501953,216.43333435058594,217.3000030517578,214.03334045410156,216.0,1789326
2014-07-21,191.92428588867188,216.1999969482422,221.76666259765625,214.86666870117188,214.86666870117188,2910106
2014-07-22,191.8354949951172,216.10000610351562,218.8000030517578,213.86666870117188,216.3333282470703,1468212
2014-07-23,188.9060821533203,212.8000030517578,217.6666717529297,208.1999969482422,216.6666717529297,2211724
2014-07-24,186.18373107910156,209.73333740234375,213.6666717529297,208.63333129882812,211.89999389648438,2615910
2014-07-25,186.36126708984375,209.93333435058594,212.1999969482422,203.93333435058594,208.1999969482422,2104089
2014-07-28,183.9644317626953,207.23333740234375,213.96665954589844,206.3000030517578,209.53334045410156,5412294
2014-07-30,191.8947296142578,216.1666717529297,216.89999389648438,207.26666259765625,208.03334045410156,3207424
2014-07-31,194.61703491210938,219.23333740234375,222.60000610351562,214.60000610351562,216.0,10155327
2014-08-01,196.89552307128906,221.8000030517578,223.13333129882812,215.03334045410156,215.03334045410156,5131497
2014-08-04,197.78323364257812,222.8000030517578,223.96665954589844,219.6666717529297,220.1666717529297,3354364
2014-08-05,196.2445068359375,221.06666564941406,224.3333282470703,218.8000030517578,223.3333282470703,2146140
2014-08-06,197.1618194580078,222.10000610351562,225.60000610351562,219.8000030517578,219.8000030517578,2256148
2014-08-07,189.52052307128906,211.03334045410156,221.13333129882812,210.3000030517578,221.13333129882812,2929812
2014-08-08,181.7672576904297,202.39999389648438,209.60000610351562,201.3333282470703,209.60000610351562,2073438
2014-08-11,184.13214111328125,205.03334045410156,206.93333435058594,198.10000610351562,203.56666564941406,2814252
2014-08-12,184.58119201660156,205.53334045410156,207.56666564941406,204.1999969482422,206.96665954589844,1237591
2014-08-13,183.144287109375,203.93333435058594,209.96665954589844,202.6666717529297,203.46665954589844,1895125
2014-08-14,188.08363342285156,209.43333435058594,209.93333435058594,200.03334045410156,201.86666870117188,1997476
2014-08-18,194.31016540527344,216.36666870117188,216.6666717529297,207.36666870117188,207.36666870117188,2293734
2014-08-19,195.896728515625,218.13333129882812,219.13333129882812,213.76666259765625,215.3333282470703,1452828
2014-08-20,192.0350341796875,213.8333282470703,218.89999389648438,212.26666259765625,214.1999969482422,1715776
2014-08-21,194.87892150878906,217.0,219.73333740234375,214.0,214.0,2293603
2014-08-22,202.66212463378906,225.6666717529297,228.26666259765625,216.6666717529297,216.6666717529297,2595583
2014-08-25,194.31016540527344,216.36666870117188,230.26666259765625,215.1999969482422,227.93333435058594,3349015
2014-08-26,194.9088897705078,217.03334045410156,221.5,211.60000610351562,217.0,2796999
2014-08-27,194.48977661132812,216.56666564941406,221.0,215.5,217.39999389648438,2826051
2014-08-28,189.25111389160156,210.73333740234375,217.93333435058594,209.1666717529297,217.3333282470703,2151672
2014-09-01,196.1960906982422,218.46665954589844,218.89999389648438,212.46665954589844,212.63333129882812,1077433
2014-09-02,194.31016540527344,216.36666870117188,220.89999389648438,215.63333129882812,217.39999389648438,958629
2014-09-03,205.2664794921875,228.56666564941406,230.13333129882812,216.0,216.0,2370025
2014-09-04,221.13218688964844,246.23333740234375,248.0,228.8333282470703,230.26666259765625,7892401
2014-09-05,226.49061584472656,252.1999969482422,254.6666717529297,243.56666564941406,246.6666717529297,5950129
2014-09-08,227.9275360107422,253.8000030517578,256.6666564941406,246.93333435058594,251.3333282470703,2989863
2014-09-09,231.16053771972656,257.3999938964844,259.1333312988281,249.23333740234375,251.36666870117188,2408200
2014-09-10,227.62815856933594,253.46665954589844,258.8999938964844,252.0,255.8000030517578,1445880
2014-09-11,223.79644775390625,249.1999969482422,256.20001220703125,246.8333282470703,253.93333435058594,1618783
2014-09-12,220.20419311523438,245.1999969482422,250.56666564941406,242.06666564941406,249.53334045410156,1682862
2014-09-15,216.8813934326172,241.5,248.56666564941406,239.6666717529297,242.03334045410156,1914792
2014-09-16,204.9072723388672,228.1666717529297,245.86666870117188,226.96665954589844,239.76666259765625,2894490
2014-09-17,205.56582641601562,228.89999389648438,234.5,223.3333282470703,229.36666870117188,2693299
2014-09-18,215.1750946044922,239.60000610351562,242.3333282470703,224.6999969482422,226.60000610351562,3495987
2014-09-19,211.34335327148438,235.3333282470703,245.53334045410156,233.8333282470703,241.60000610351562,3498165
2014-09-22,212.51083374023438,236.63333129882812,238.93333435058594,232.3333282470703,233.0,1596213
2014-09-23,208.6192626953125,232.3000030517578,241.96665954589844,231.46665954589844,236.0,1854906
2014-09-24,206.97279357910156,230.46665954589844,232.96665954589844,224.10000610351562,230.0,1260375
2014-09-25,201.10546875,223.93333435058594,232.0,219.1666717529297,228.23333740234375,2395161
2014-09-26,202.6022491455078,225.60000610351562,227.53334045410156,217.76666259765625,222.3333282470703,1345600
2014-09-29,207.75112915039062,231.3333282470703,233.3333282470703,224.6666717529297,226.63333129882812,1043040
2014-09-30,203.590087890625,226.6999969482422,231.89999389648438,224.6666717529297,230.3000030517578,1181100
2014-10-01,202.7818603515625,225.8000030517578,227.96665954589844,223.06666564941406,225.46665954589844,813585
2014-10-07,202.75189208984375,225.76666259765625,229.93333435058594,224.1666717529297,224.1666717529297,917490
2014-10-08,202.81179809570312,225.8333282470703,228.63333129882812,223.06666564941406,223.76666259765625,590763
2014-10-09,204.75759887695312,228.0,229.93333435058594,225.36666870117188,226.60000610351562,1215772
2014-10-10,198.68072509765625,221.23333740234375,226.6666717529297,220.3333282470703,226.6666717529297,953883
2014-10-13,200.50674438476562,223.26666259765625,224.60000610351562,217.0,220.0,602635
2014-10-14,206.07472229003906,229.46665954589844,237.26666259765625,228.5,231.8333282470703,3874845
2014-10-15,206.07472229003906,229.46665954589844,229.46665954589844,229.46665954589844,229.46665954589844,0
2014-10-16,191.615966796875,213.36666870117188,230.06666564941406,209.13333129882812,229.0,2778679
2014-10-17,193.2324981689453,215.1666717529297,217.3333282470703,210.36666870117188,215.8000030517578,1907424
2014-10-20,197.93231201171875,220.39999389648438,222.1999969482422,216.3000030517578,219.76666259765625,1633452
2014-10-21,195.68719482421875,217.89999389648438,224.46665954589844,212.93333435058594,222.23333740234375,4246246
2014-10-22,200.95578002929688,223.76666259765625,224.3333282470703,218.46665954589844,220.0,2583532
2014-10-27,201.13540649414062,223.96665954589844,229.3333282470703,222.60000610351562,225.8000030517578,3120660
2014-10-28,200.68637084960938,223.46665954589844,225.6666717529297,222.10000610351562,223.06666564941406,1365483
2014-10-29,204.78750610351562,228.03334045410156,228.86666870117188,223.3333282470703,224.3333282470703,1869480
2014-10-30,203.590087890625,226.6999969482422,229.86666870117188,225.6666717529297,227.6666717529297,3659994
2014-10-31,208.6791229248047,232.36666870117188,233.6666717529297,226.93333435058594,226.93333435058594,2294547
2014-11-03,205.20660400390625,228.5,233.1999969482422,227.23333740234375,232.6666717529297,1981006
2014-11-05,202.63217163085938,225.63333129882812,235.6666717529297,225.0,228.6666717529297,3986598
2014-11-07,199.57876586914062,222.23333740234375,227.1666717529297,219.10000610351562,226.6666717529297,1607814
2014-11-10,200.92587280273438,223.73333740234375,226.0,220.93333435058594,222.0,1539060
2014-11-11,197.2737579345703,219.6666717529297,225.26666259765625,218.06666564941406,225.26666259765625,2221855
2014-11-12,208.58929443359375,232.26666259765625,234.13333129882812,219.3333282470703,220.1999969482422,4149525
2014-11-13,214.48654174804688,238.8333282470703,240.96665954589844,231.3333282470703,233.3333282470703,5191984
2014-11-14,216.58204650878906,241.1666717529297,243.60000610351562,237.76666259765625,240.6666717529297,3626109
2014-11-17,214.7559814453125,239.13333129882812,242.06666564941406,237.53334045410156,240.6666717529297,1319332
2014-11-18,215.20501708984375,239.63333129882812,243.3333282470703,235.5,239.53334045410156,1252081
2014-11-19,208.28993225097656,231.93333435058594,246.6666717529297,228.0,240.3333282470703,3798160
2014-11-20,211.52297973632812,235.53334045410156,236.3333282470703,230.60000610351562,232.03334045410156,1561683
2014-11-21,209.6669921875,233.46665954589844,238.6666717529297,231.06666564941406,236.60000610351562,2033197
2014-11-24,212.45095825195312,236.56666564941406,239.3000030517578,232.1666717529297,233.56666564941406,2432427
2014-11-25,205.50596618652344,228.8333282470703,236.0,225.36666870117188,235.0,1413787
2014-11-26,202.66212463378906,225.6666717529297,229.96665954589844,224.3333282470703,227.6666717529297,2138614
2014-11-27,202.66212463378906,225.6666717529297,227.26666259765625,221.46665954589844,226.6666717529297,2894475
2014-11-28,207.03268432617188,230.53334045410156,232.3333282470703,224.5,224.5,2349022
2014-12-01,205.56582641601562,228.89999389648438,233.6666717529297,227.56666564941406,231.1999969482422,1599438
2014-12-02,206.43394470214844,229.86666870117188,231.03334045410156,226.03334045410156,227.60000610351562,2691663
2014-12-03,207.57151794433594,231.13333129882812,233.6666717529297,228.73333740234375,231.73333740234375,1777183
2014-12-04,203.3805694580078,226.46665954589844,232.6666717529297,225.8000030517578,231.60000610351562,2202420
2014-12-05,201.0156707763672,223.8333282470703,228.46665954589844,222.39999389648438,226.6666717529297,2159533
2014-12-08,197.87246704101562,220.3333282470703,225.13333129882812,218.0,225.13333129882812,2428317
2014-12-09,190.41856384277344,212.03334045410156,221.0,210.73333740234375,220.0,2952151
2014-12-10,196.16615295410156,218.43333435058594,219.60000610351562,210.10000610351562,210.86666870117188,2267406
2014-12-11,193.2324981689453,215.1666717529297,218.8333282470703,212.10000610351562,216.73333740234375,2137219
2014-12-12,184.9703369140625,205.96665954589844,215.89999389648438,201.03334045410156,214.36666870117188,3741244
2014-12-15,183.98248291015625,204.86666870117188,207.8000030517578,199.63333129882812,205.6666717529297,2677285
2014-12-16,181.2284393310547,201.8000030517578,208.63333129882812,200.6666717529297,203.0,4206667
2014-12-17,186.7065887451172,207.89999389648438,209.86666870117188,200.0,200.0,4295769
2014-12-18,192.3643798828125,214.1999969482422,216.63333129882812,209.03334045410156,209.53334045410156,3416895
2014-12-19,193.32228088378906,215.26666259765625,219.10000610351562,214.0,217.0,2768838
2014-12-22,198.08200073242188,220.56666564941406,221.3000030517578,215.06666564941406,215.06666564941406,1848877
2014-12-23,197.96224975585938,220.43333435058594,222.06666564941406,217.6666717529297,221.06666564941406,2002549
2014-12-24,198.3214874267578,220.8333282470703,224.96665954589844,218.6666717529297,220.03334045410156,4269037
2014-12-26,200.08767700195312,222.8000030517578,223.26666259765625,219.3333282470703,220.8333282470703,1005885
2014-12-29,201.2252197265625,224.06666564941406,227.26666259765625,222.06666564941406,222.1666717529297,1596069
2014-12-30,202.42263793945312,225.39999389648438,226.93333435058594,223.60000610351562,224.06666564941406,1223850
2014-12-31,207.48170471191406,231.03334045410156,232.6666717529297,224.39999389648438,224.39999389648438,2965369
2015-01-01,204.51812744140625,227.73333740234375,230.8000030517578,225.63333129882812,230.8000030517578,787731
2015-01-02,210.89431762695312,234.8333282470703,236.8333282470703,227.8333282470703,227.8333282470703,3485478
2015-01-05,206.97279357910156,230.46665954589844,236.0,230.06666564941406,233.3333282470703,1455238
2015-01-06,196.94448852539062,219.3000030517578,228.63333129882812,217.39999389648438,228.63333129882812,2071117
2015-01-07,193.41207885742188,215.36666870117188,223.06666564941406,210.1999969482422,218.60000610351562,3720183
2015-01-08,199.24949645996094,221.86666870117188,223.10000610351562,215.93333435058594,217.36666870117188,2241168
2015-01-09,198.98007202148438,221.56666564941406,225.63333129882812,218.1999969482422,223.26666259765625,3090469
2015-01-12,197.93231201171875,220.39999389648438,223.3000030517578,218.6999969482422,221.86666870117188,1351051
2015-01-13,206.40402221679688,229.8333282470703,238.26666259765625,221.3333282470703,221.3333282470703,6944788
2015-01-14,214.45663452148438,238.8000030517578,239.93333435058594,228.6666717529297,230.53334045410156,4317558
2015-01-15,217.03106689453125,241.6666717529297,243.3333282470703,235.73333740234375,242.0,2974933
2015-01-16,221.61117553710938,246.76666259765625,249.3000030517578,239.3000030517578,241.0,2779971
2015-01-19,222.15000915527344,247.36666870117188,249.6666717529297,244.8333282470703,247.13333129882812,2236056
2015-01-20,222.3296356201172,247.56666564941406,250.13333129882812,246.06666564941406,248.0,1878513
2015-01-21,218.10873413085938,242.86666870117188,248.53334045410156,238.06666564941406,248.53334045410156,2458926
2015-01-22,215.74383544921875,240.23333740234375,245.06666564941406,238.0,242.03334045410156,1723426
2015-01-23,214.3668212890625,238.6999969482422,243.6999969482422,237.53334045410156,242.5,1537792
2015-01-27,209.93638610839844,233.76666259765625,242.0,232.6666717529297,239.3333282470703,1991038
2015-01-28,212.0917205810547,236.1666717529297,240.1999969482422,232.8333282470703,235.3333282470703,1640554
2015-01-29,218.64759826660156,243.46665954589844,244.93333435058594,233.46665954589844,236.0,2583888
2015-01-30,220.5335235595703,245.56666564941406,249.5,242.6666717529297,246.53334045410156,1898403
2015-02-02,235.77056884765625,262.5333251953125,263.79998779296875,239.36666870117188,246.60000610351562,6059877
2015-02-03,249.24147033691406,277.5333251953125,279.3333435058594,259.8333435058594,264.70001220703125,10507746
2015-02-04,257.20428466796875,286.3999938964844,290.6666564941406,276.76666259765625,279.20001220703125,9013189
2015-02-05,250.2293701171875,278.6333312988281,285.3333435058594,277.1000061035156,285.3333435058594,2762121
2015-02-06,256.45587158203125,285.5666809082031,291.1666564941406,272.70001220703125,276.0,5598588
2015-02-09,247.62496948242188,275.73333740234375,284.0,272.6666564941406,284.0,2108044
2015-02-10,254.2406768798828,283.1000061035156,286.3333435058594,274.23333740234375,274.8666687011719,2462724
2015-02-11,260.8264465332031,290.4333190917969,293.26666259765625,278.70001220703125,284.70001220703125,5374516
2015-02-12,264.7180480957031,294.76666259765625,298.5,291.4666748046875,293.0,2829805
2015-02-13,257.20428466796875,286.3999938964844,295.3666687011719,284.4666748046875,295.1000061035156,2295769
2015-02-16,255.3182830810547,284.29998779296875,290.9333190917969,281.4333190917969,285.3333435058594,1487070
2015-02-18,250.16946411132812,278.5666809082031,286.73333740234375,277.70001220703125,284.29998779296875,1582840
2015-02-19,256.2164001464844,285.29998779296875,288.8333435058594,279.3333435058594,279.8666687011719,1937391
2015-02-20,252.0853271484375,280.70001220703125,285.23333740234375,278.0666809082031,285.23333740234375,1280686
2015-02-23,249.75035095214844,278.1000061035156,285.9333190917969,275.5666809082031,283.3999938964844,2133754
2015-02-24,247.92433166503906,276.0666809082031,282.6666564941406,274.5,276.76666259765625,2949123
2015-02-25,246.218017578125,274.1666564941406,281.0666809082031,269.3333435058594,277.8666687011719,4404639
2015-02-26,243.88308715820312,271.5666809082031,276.1666564941406,266.0666809082031,274.6666564941406,2216343
2015-02-27,251.3369140625,279.8666687011719,280.9333190917969,272.3333435058594,272.3333435058594,1522512
2015-03-02,253.1629638671875,281.8999938964844,283.8333435058594,277.0666809082031,278.6666564941406,1298245
2015-03-03,250.5885009765625,279.0333251953125,284.1666564941406,278.0666809082031,282.0666809082031,960072
2015-03-04,248.61282348632812,276.8333435058594,284.0,274.20001220703125,281.73333740234375,2088045
2015-03-05,252.47450256347656,281.1333312988281,282.6666564941406,276.0333251953125,278.3333435058594,1656009
2015-03-09,261.3353576660156,291.0,293.29998779296875,278.4666748046875,281.4666748046875,4095466
2015-03-10,259.7786865234375,289.26666259765625,294.79998779296875,288.0,293.5,2034645
2015-03-11,254.77952575683594,283.70001220703125,289.8666687011719,282.6666564941406,288.20001220703125,1048327
2015-03-12,256.7552490234375,285.8999938964844,287.8666687011719,280.1666564941406,282.6666564941406,1426203
2015-03-13,247.385498046875,275.4666748046875,289.3333435058594,273.0666809082031,287.3666687011719,1991061
2015-03-16,244.4817657470703,272.23333740234375,276.4666748046875,267.1666564941406,275.4666748046875,1737163
2015-03-17,249.98985290527344,278.3666687011719,281.9666748046875,271.6333312988281,272.6000061035156,2787130
2015-03-18,252.92349243164062,281.6333312988281,285.6000061035156,278.1333312988281,280.6666564941406,1988053
2015-03-19,256.42596435546875,285.5333251953125,289.1666564941406,279.8666687011719,284.0,2730973
2015-03-20,249.84017944335938,278.20001220703125,291.0,274.20001220703125,289.79998779296875,3487477
2015-03-23,251.3369140625,279.8666687011719,283.9666748046875,277.4333190917969,279.3333435058594,1710091
2015-03-24,248.13389587402344,276.29998779296875,282.5666809082031,275.70001220703125,279.79998779296875,1088602
2015-03-25,251.42672729492188,279.9666748046875,283.6666564941406,276.6666564941406,277.26666259765625,1439575
2015-03-26,255.557861328125,284.5666809082031,287.3666687011719,278.23333740234375,279.8666687011719,2542242
2015-03-27,260.5869445800781,290.1666564941406,297.9666748046875,277.0,286.6666564941406,3937567
2015-03-30,263.7900390625,293.73333740234375,297.26666259765625,291.3333435058594,293.1333312988281,2228515
2015-03-31,264.7180480957031,294.76666259765625,305.23333740234375,292.23333740234375,295.26666259765625,3935781
2015-04-01,263.8498840332031,293.79998779296875,299.76666259765625,290.6333312988281,295.6666564941406,1895082
2015-04-06,269.59747314453125,300.20001220703125,301.6666564941406,292.26666259765625,293.79998779296875,2833153
2015-04-07,283.33782958984375,315.5,319.20001220703125,300.70001220703125,303.23333740234375,4264207
2015-04-08,276.7520446777344,308.1666564941406,317.29998779296875,305.6000061035156,317.29998779296875,2611506
2015-04-09,271.96240234375,302.8333435058594,313.4333190917969,301.4333190917969,308.3999938964844,2828709
2015-04-10,277.4405517578125,308.9333190917969,310.1333312988281,302.0,302.5333251953125,2643700
2015-04-13,284.20599365234375,316.4666748046875,318.9333190917969,308.3999938964844,309.9666748046875,4988629
2015-04-15,275.913818359375,307.23333740234375,323.3333435058594,305.5666809082031,317.3333435058594,5325034
2015-04-16,270.58538818359375,301.29998779296875,311.8999938964844,292.4333190917969,308.6000061035156,2682301
2015-04-17,256.78515625,285.9333190917969,303.9333190917969,284.8999938964844,302.5333251953125,3833344
2015-04-20,245.40972900390625,273.26666259765625,286.29998779296875,269.3999938964844,286.0,2996694
2015-04-21,254.42030334472656,283.29998779296875,286.3333435058594,264.8999938964844,272.9333190917969,2706810
2015-04-22,257.35394287109375,286.5666809082031,290.3666687011719,278.79998779296875,285.6000061035156,3139509
2015-04-23,261.78436279296875,291.5,293.0,287.4666748046875,288.6000061035156,2289070
2015-04-24,260.25762939453125,289.79998779296875,292.4666748046875,282.4333190917969,292.4666748046875,1901011
2015-04-27,266.9332580566406,297.23333740234375,301.8333435058594,282.76666259765625,287.73333740234375,7690443
2015-04-28,284.8944091796875,317.23333740234375,319.8999938964844,296.0666809082031,298.6666564941406,5244418
2015-04-29,280.583740234375,312.4333190917969,322.1333312988281,310.6666564941406,316.6666564941406,3659713
2015-04-30,293.75531005859375,327.1000061035156,330.6666564941406,308.1666564941406,310.6666564941406,8066182
2015-05-04,297.6468200683594,331.4333190917969,334.26666259765625,323.3999938964844,327.6666564941406,4508887
2015-05-05,296.4195251464844,330.0666809082031,337.26666259765625,324.8666687011719,329.5333251953125,3922423
2015-05-06,286.72052001953125,319.26666259765625,334.6666564941406,317.79998779296875,327.6666564941406,5071227
2015-05-07,292.16876220703125,325.3333435058594,329.20001220703125,316.73333740234375,323.26666259765625,3039747
2015-05-08,303.2747497558594,337.70001220703125,340.6000061035156,328.23333740234375,329.6666564941406,2768298
2015-05-11,302.1970520019531,336.5,341.73333740234375,333.6000061035156,340.5,4278573
2015-05-12,292.8273620605469,326.0666809082031,334.6666564941406,318.1333312988281,333.0333251953125,4780237
2015-05-13,304.0231018066406,338.5333251953125,342.20001220703125,330.1666564941406,331.26666259765625,7218978
2015-05-14,308.4833984375,343.5,350.0,340.29998779296875,340.3333435058594,4292419
2015-05-15,312.13555908203125,347.5666809082031,351.0,343.3999938964844,344.26666259765625,2414062
2015-05-18,315.9373474121094,351.79998779296875,354.6666564941406,346.20001220703125,347.6333312988281,4329804
2015-05-19,312.015869140625,347.4333190917969,355.4333190917969,345.8333435058594,351.8666687011719,1798066
2015-05-20,309.62103271484375,344.76666259765625,352.6666564941406,343.0666809082031,350.0,2664748
2015-05-21,322.5829772949219,359.20001220703125,360.3999938964844,346.1333312988281,346.4666748046875,3810559
2015-05-22,321.8944396972656,358.4333190917969,364.6666564941406,353.0333251953125,364.6666564941406,1987285
2015-05-25,330.2464599609375,367.73333740234375,370.26666259765625,358.5666809082031,359.1333312988281,3185475
2015-05-26,338.41876220703125,376.8333435058594,378.9333190917969,364.0666809082031,367.73333740234375,6190050
2015-05-27,321.5651550292969,358.0666809082031,373.3333435058594,354.8666687011719,371.3999938964844,6951375
2015-05-28,310.6687316894531,345.9333190917969,361.1333312988281,340.1333312988281,354.6666564941406,6936849
2015-05-29,330.8751220703125,368.4333190917969,380.0,341.8666687011719,345.73333740234375,47383105
2015-06-01,325.1275329589844,362.0333251953125,374.3333435058594,354.76666259765625,356.6666564941406,4819459
2015-06-02,317.97296142578125,354.0666809082031,370.4333190917969,350.4333190917969,364.26666259765625,2871489
2015-06-03,323.2415466308594,359.9333190917969,363.23333740234375,351.1000061035156,354.6333312988281,3342442
2015-06-04,335.574951171875,373.6666564941406,375.6000061035156,360.8333435058594,360.8333435058594,3456874
2015-06-05,329.3783264160156,366.76666259765625,378.5333251953125,362.4333190917969,373.5,3633442
2015-06-08,320.0683898925781,356.3999938964844,365.79998779296875,355.1000061035156,365.79998779296875,2569891
2015-06-09,309.1719665527344,344.26666259765625,357.3999938964844,341.8999938964844,355.3333435058594,3451975
2015-06-10,311.7763977050781,347.1666564941406,350.5333251953125,340.9333190917969,345.6666564941406,2199621
2015-06-11,303.2747497558594,337.70001220703125,351.23333740234375,336.0,350.6666564941406,1913797
2015-06-12,313.7520751953125,349.3666687011719,351.29998779296875,334.26666259765625,337.6000061035156,1964808
2015-06-15,307.79498291015625,342.73333740234375,357.3333435058594,340.79998779296875,350.9333190917969,3347728
2015-06-16,310.84832763671875,346.1333312988281,348.4666748046875,338.5,342.0,2029876
2015-06-17,318.6914367675781,354.8666687011719,357.3333435058594,346.23333740234375,348.5333251953125,2159743
2015-06-18,314.35076904296875,350.0333251953125,357.6666564941406,348.8333435058594,355.6000061035156,1684065
2015-06-19,312.225341796875,347.6666564941406,352.20001220703125,344.3666687011719,351.8666687011719,2954455
2015-06-22,327.013427734375,364.1333312988281,366.70001220703125,347.6666564941406,349.8333435058594,3098634
2015-06-23,334.9463195800781,372.9666748046875,374.8666687011719,366.9666748046875,367.3333435058594,3714076
2015-06-24,324.16961669921875,360.9666748046875,376.0333251953125,357.6666564941406,373.3333435058594,2741890
2015-06-25,334.0482482910156,371.9666748046875,374.0,357.9333190917969,359.9333190917969,6207958
2015-06-26,334.706787109375,372.70001220703125,383.20001220703125,364.20001220703125,368.70001220703125,4286835
2015-06-29,322.1938171386719,358.76666259765625,367.73333740234375,357.6666564941406,360.6666564941406,2074509
2015-06-30,320.66717529296875,357.0666809082031,364.6666564941406,354.1666564941406,360.5333251953125,3761629
2015-07-01,327.6121520996094,364.79998779296875,367.1333312988281,358.0,359.20001220703125,2532499
2015-07-02,328.62994384765625,365.9333190917969,371.1333312988281,362.3666687011719,364.9666748046875,1782717
2015-07-03,327.7318115234375,364.9333190917969,371.6000061035156,362.6666564941406,367.3333435058594,1392181
2015-07-06,334.4373474121094,372.3999938964844,373.3333435058594,359.3333435058594,360.0,2368588
2015-07-07,331.0247802734375,368.6000061035156,374.9333190917969,365.5333251953125,372.73333740234375,2554767
2015-07-08,319.2901306152344,355.5333251953125,368.5,353.5,365.3333435058594,2691954
2015-07-09,309.41143798828125,344.5333251953125,355.4666748046875,342.6666564941406,355.4666748046875,5302110
2015-07-10,310.5490417480469,345.79998779296875,350.3999938964844,343.0666809082031,346.6666564941406,4410291
2015-07-13,312.10565185546875,347.5333251953125,350.26666259765625,340.6666564941406,347.0,2876917
2015-07-14,312.8240661621094,348.3333435058594,353.0,346.70001220703125,348.3333435058594,2584035
2015-07-15,315.36859130859375,351.1666564941406,352.79998779296875,346.0333251953125,348.9666748046875,1784424
2015-07-16,324.1272888183594,357.6333312988281,359.3333435058594,347.4666748046875,349.4666748046875,3070018
2015-07-17,322.6168212890625,355.9666748046875,362.8333435058594,354.4333190917969,359.9666748046875,2265243
2015-07-20,330.260009765625,364.3999938964844,366.3333435058594,355.79998779296875,357.0,2181942
2015-07-21,328.08489990234375,362.0,370.0,358.70001220703125,364.6666564941406,2277129
2015-07-22,329.9881896972656,364.1000061035156,368.6000061035156,361.3666687011719,363.1333312988281,2142196
2015-07-23,327.0577392578125,360.8666687011719,366.6666564941406,358.0,366.6000061035156,1268016
2015-07-24,324.1575622558594,357.6666564941406,366.6000061035156,355.73333740234375,361.79998779296875,1504918
2015-07-27,324.3690490722656,357.8999938964844,364.6333312988281,348.3333435058594,358.0,1874754
2015-07-28,317.90399169921875,350.76666259765625,364.0,349.3333435058594,357.20001220703125,1519926
2015-07-29,318.2362976074219,351.1333312988281,359.1333312988281,343.3333435058594,354.3333435058594,3282741
2015-07-30,313.76519775390625,346.20001220703125,356.0,345.0,353.3333435058594,2089858
2015-07-31,323.6741943359375,357.1333312988281,365.3333435058594,346.3333435058594,346.6666564941406,3547672
2015-08-03,327.0577392578125,360.8666687011719,364.23333740234375,356.6666564941406,357.9666748046875,1461303
2015-08-04,338.8398132324219,373.8666687011719,375.3333435058594,361.0,361.3333435058594,3201661
2015-08-05,342.2838134765625,377.6666564941406,383.3333435058594,374.70001220703125,377.0666809082031,3347805
2015-08-06,332.46539306640625,366.8333435058594,378.6666564941406,364.26666259765625,378.5666809082031,2147131
2015-08-07,328.7193298339844,362.70001220703125,370.6666564941406,361.5,367.8666687011719,1983366
2015-08-10,340.07843017578125,375.23333740234375,381.3333435058594,362.6666564941406,363.26666259765625,3981058
2015-08-11,339.77630615234375,374.8999938964844,384.26666259765625,370.0,377.6000061035156,3805474
2015-08-12,327.9035949707031,361.79998779296875,372.9333190917969,360.5333251953125,370.0,1332786
2015-08-13,333.5530090332031,368.0333251953125,376.0,363.3666687011719,365.3333435058594,2772363
2015-08-14,330.8038330078125,365.0,373.23333740234375,362.73333740234375,370.0,2294604
2015-08-17,334.39892578125,368.9666748046875,372.6333312988281,357.6666564941406,365.79998779296875,1408044
2015-08-18,338.68878173828125,373.70001220703125,376.3333435058594,368.3333435058594,372.0,1049773
2015-08-19,341.4378967285156,376.73333740234375,380.6666564941406,370.8333435058594,374.0,1565622
2015-08-20,330.8038330078125,365.0,376.73333740234375,363.3333435058594,375.3333435058594,1530813
2015-08-21,323.6741943359375,357.1333312988281,361.9333190917969,346.8999938964844,361.9333190917969,1525099
2015-08-24,295.1253356933594,325.6333312988281,346.5333251953125,304.0,346.5333251953125,3134953
2015-08-25,302.04351806640625,333.26666259765625,338.29998779296875,323.1666564941406,328.6666564941406,3341262
2015-08-26,305.33648681640625,336.8999938964844,345.29998779296875,328.29998779296875,333.26666259765625,2125690
2015-08-27,313.432861328125,345.8333435058594,351.9666748046875,341.3333435058594,342.6666564941406,2726020
2015-08-28,315.2454528808594,347.8333435058594,355.79998779296875,342.9333190917969,350.0,2815177
2015-08-31,303.6446838378906,335.0333251953125,344.8999938964844,333.4666748046875,343.3999938964844,2371855
2015-09-01,317.72271728515625,350.5666809082031,353.3333435058594,329.3666687011719,332.0,4463520
2015-09-02,320.8645935058594,354.0333251953125,360.0,351.29998779296875,354.6666564941406,2854956
2015-09-03,331.10595703125,365.3333435058594,367.6000061035156,358.26666259765625,360.6666564941406,4058725
2015-09-04,320.0187072753906,353.1000061035156,364.8999938964844,347.73333740234375,364.8999938964844,1532944
2015-09-07,317.2393493652344,350.0333251953125,356.76666259765625,347.9333190917969,356.6666564941406,1589805
2015-09-08,313.4630432128906,345.8666687011719,353.3333435058594,332.8333435058594,351.1333312988281,2623801
2015-09-09,314.55059814453125,347.0666809082031,355.9333190917969,343.70001220703125,351.9333190917969,1928458
2015-09-10,299.7475280761719,330.73333740234375,343.3333435058594,323.3999938964844,339.3333435058594,4104697
2015-09-11,306.00103759765625,337.6333312988281,339.8666687011719,325.20001220703125,331.3333435058594,3091168
2015-09-14,303.4029541015625,334.76666259765625,340.0,330.0,339.8666687011719,2955048
2015-09-15,297.39117431640625,328.1333312988281,337.3333435058594,326.6666564941406,336.1333312988281,2302230
2015-09-16,288.7509460449219,318.6000061035156,334.0,315.6666564941406,330.9666748046875,3356440
2015-09-18,290.65423583984375,320.70001220703125,334.9333190917969,316.6666564941406,325.29998779296875,11934838
2015-09-21,284.4308166503906,313.8333435058594,322.6666564941406,312.1666564941406,318.6666564941406,2316594
2015-09-22,279.5065612792969,308.3999938964844,321.3333435058594,305.8666687011719,318.6666564941406,2024388
2015-09-23,280.9868469238281,310.0333251953125,311.3333435058594,299.3666687011719,304.0,2312647
2015-09-24,281.86297607421875,311.0,312.79998779296875,307.0,310.4666748046875,2408530
2015-09-28,274.5218505859375,302.8999938964844,314.5666809082031,300.70001220703125,312.4666748046875,1143208
2015-09-29,266.6369934082031,294.20001220703125,300.76666259765625,292.0,297.4666748046875,2026051
2015-09-30,276.90850830078125,305.5333251953125,307.79998779296875,295.8333435058594,299.3333435058594,2961564
2015-10-01,274.31036376953125,302.6666564941406,309.0,298.76666259765625,308.9333190917969,1427701
2015-10-05,273.1019592285156,301.3333435058594,305.23333740234375,289.20001220703125,305.23333740234375,3292248
2015-10-06,280.8056335449219,309.8333435058594,311.1333312988281,301.3333435058594,304.8666687011719,2727342
2015-10-07,271.22894287109375,299.26666259765625,311.20001220703125,296.3333435058594,311.20001220703125,2899240
2015-10-08,268.6006164550781,296.3666687011719,301.73333740234375,293.20001220703125,300.0,3793072
2015-10-09,273.7061767578125,302.0,303.9666748046875,296.8333435058594,296.8333435058594,2076313
2015-10-12,282.2859802246094,311.4666748046875,312.6666564941406,303.3999938964844,305.0,1681624
2015-10-13,287.3612976074219,317.0666809082031,318.29998779296875,311.4666748046875,314.0,2249263
2015-10-14,284.1589660644531,313.5333251953125,319.29998779296875,310.1333312988281,316.6666564941406,1566628
2015-10-15,287.8748474121094,317.6333312988281,319.0,312.20001220703125,314.6666564941406,3241903
2015-10-16,287.93524169921875,317.70001220703125,321.9666748046875,308.8333435058594,318.0,1776027
2015-10-19,294.8836364746094,325.3666687011719,326.5333251953125,317.1666564941406,317.70001220703125,1974682
2015-10-20,291.0771179199219,321.1666564941406,326.0,316.70001220703125,324.6666564941406,1235611
2015-10-21,289.80828857421875,319.76666259765625,324.26666259765625,313.6666564941406,321.26666259765625,1191996
2015-10-23,278.99298095703125,307.8333435058594,325.23333740234375,306.6666564941406,321.0,1921177
2015-10-26,270.71533203125,298.70001220703125,312.6000061035156,293.8666687011719,310.6666564941406,6503844
2015-10-27,283.4339599609375,312.73333740234375,314.8333435058594,299.8333435058594,301.1333312988281,3533239
2015-10-28,286.48516845703125,316.1000061035156,320.26666259765625,309.4666748046875,314.29998779296875,2675323
2015-10-29,287.4518737792969,317.1666564941406,319.6666564941406,315.1000061035156,316.1000061035156,1801894
2015-10-30,277.7543640136719,306.4666748046875,320.3999938964844,304.4333190917969,318.0,2579353
2015-11-02,276.81781005859375,305.4333190917969,309.3333435058594,301.0,307.0666809082031,1298388
2015-11-03,272.67901611328125,300.8666687011719,307.9333190917969,300.0666809082031,305.3333435058594,1452115
2015-11-04,274.6729431152344,303.0666809082031,304.6000061035156,295.3999938964844,302.0,2343022
2015-11-05,265.5795593261719,293.0333251953125,303.3666687011719,291.73333740234375,302.0,1560505
2015-11-06,271.0174560546875,299.0333251953125,300.8666687011719,288.6666564941406,292.6333312988281,2375836
2015-11-09,278.41900634765625,307.20001220703125,308.9666748046875,290.8333435058594,296.6000061035156,1898794
2015-11-10,273.887451171875,302.20001220703125,306.6666564941406,299.0666809082031,306.0,1169460
2015-11-13,262.8002624511719,289.9666748046875,297.3333435058594,286.6666564941406,295.3666687011719,2375449
2015-11-16,265.3680725097656,292.79998779296875,295.9333190917969,287.23333740234375,289.0666809082031,1401889
2015-11-17,268.7214660644531,296.5,298.6666564941406,292.0333251953125,297.4333190917969,1562130
2015-11-18,268.9027404785156,296.70001220703125,302.6666564941406,294.73333740234375,298.3333435058594,1513153
2015-11-19,271.8331298828125,299.9333190917969,303.8333435058594,296.8333435058594,299.6666564941406,1217692
2015-11-20,277.4522399902344,306.1333312988281,308.5666809082031,300.76666259765625,302.4333190917969,1582969
2015-11-23,267.0296936035156,294.6333312988281,314.6666564941406,292.8333435058594,309.3333435058594,6470856
2015-11-24,264.069091796875,291.3666687011719,297.73333740234375,290.3333435058594,297.23333740234375,2493924
2015-11-26,260.0510559082031,286.9333190917969,293.6666564941406,286.1333312988281,292.4333190917969,2230435
2015-11-27,254.4016876220703,280.70001220703125,290.29998779296875,279.6000061035156,289.26666259765625,2268133
2015-11-30,251.19943237304688,277.1666564941406,283.29998779296875,275.3999938964844,279.3999938964844,3712782
2015-12-01,256.8790283203125,283.4333190917969,286.6666564941406,278.6000061035156,278.6000061035156,1659445
2015-12-02,256.5467529296875,283.0666809082031,287.9333190917969,281.79998779296875,284.0,1750806
2015-12-03,254.61322021484375,280.9333190917969,284.1000061035156,279.5,281.4333190917969,985612
2015-12-04,253.10269165039062,279.26666259765625,280.8333435058594,277.3333435058594,278.0,1492186
2015-12-07,249.99102783203125,275.8333435058594,281.4666748046875,272.8666687011719,281.0,1373455
2015-12-08,244.4323272705078,269.70001220703125,275.0666809082031,268.4333190917969,274.6666564941406,2382249
2015-12-09,238.51104736328125,263.1666564941406,267.5,260.3999938964844,267.1666564941406,2404719
2015-12-10,246.7584991455078,272.26666259765625,274.6000061035156,258.20001220703125,263.1333312988281,2565835
2015-12-11,239.6288604736328,264.3999938964844,275.1666564941406,263.3333435058594,274.0,1755240
2015-12-14,244.79481506347656,270.1000061035156,271.4666748046875,256.6666564941406,262.6000061035156,1749982
2015-12-15,253.22357177734375,279.3999938964844,279.9666748046875,270.1666564941406,271.3333435058594,3092181
2015-12-16,256.42584228515625,282.9333190917969,283.8333435058594,279.6666564941406,281.8666687011719,2307508
2015-12-17,258.0270080566406,284.70001220703125,285.9333190917969,278.0,283.3333435058594,2346211
2015-12-18,255.06639099121094,281.4333190917969,283.20001220703125,273.3333435058594,273.3333435058594,2067280
2015-12-21,258.6916198730469,285.4333190917969,289.1333312988281,277.79998779296875,277.79998779296875,1553994
2015-12-22,258.1175537109375,284.79998779296875,287.9666748046875,283.0,285.3333435058594,1482193
2015-12-23,262.31683349609375,289.4333190917969,290.9333190917969,285.1000061035156,285.70001220703125,1349740
2015-12-24,261.6522521972656,288.70001220703125,290.4333190917969,286.5333251953125,290.0,472963
2015-12-28,262.73980712890625,289.8999938964844,291.20001220703125,287.3333435058594,288.70001220703125,960835
2015-12-29,262.13555908203125,289.23333740234375,292.0,286.70001220703125,289.6666564941406,637671
2015-12-30,262.8002624511719,289.9666748046875,292.0,286.8666687011719,289.23333740234375,668019
2015-12-31,264.7034606933594,292.0666809082031,295.79998779296875,287.0,290.0,2610102
2016-01-01,266.0629577636719,293.5666809082031,295.1666564941406,290.3999938964844,292.0666809082031,323644
2016-01-04,262.13555908203125,289.23333740234375,296.6666564941406,284.5333251953125,291.0,1060660
2016-01-05,263.0116882324219,290.20001220703125,291.76666259765625,285.0333251953125,291.0,1260352
2016-01-06,267.8756103515625,295.5666809082031,296.79998779296875,288.8999938964844,289.76666259765625,1416270
2016-01-07,252.19635009765625,278.26666259765625,294.3333435058594,274.79998779296875,294.3333435058594,1656570
2016-01-08,257.0602722167969,283.6333312988281,285.70001220703125,278.3666687011719,280.6666564941406,876543
2016-01-11,256.72802734375,283.26666259765625,285.23333740234375,278.20001220703125,280.0,961566
2016-01-12,256.72802734375,283.26666259765625,288.3999938964844,279.8333435058594,284.1333312988281,1275973
2016-01-13,248.38987731933594,274.0666809082031,286.76666259765625,269.5333251953125,286.76666259765625,1619011
2016-01-14,240.80706787109375,265.70001220703125,270.6000061035156,261.1000061035156,269.3999938964844,1925814
2016-01-15,235.85255432128906,260.23333740234375,270.0,259.0333251953125,267.3333435058594,2047389
2016-01-18,234.43264770507812,258.6666564941406,262.8333435058594,249.76666259765625,257.0666809082031,1426552
2016-01-19,236.8192596435547,261.29998779296875,265.9333190917969,258.0666809082031,259.3333435058594,1153447
2016-01-20,225.64141845703125,248.96665954589844,258.9666748046875,246.89999389648438,256.6666564941406,2771677
2016-01-21,228.20933532714844,251.8000030517578,254.93333435058594,248.0,248.06666564941406,2110333
2016-01-22,241.1997833251953,266.1333312988281,268.1666564941406,253.5,255.10000610351562,1553421
2016-01-25,242.64990234375,267.73333740234375,270.0666809082031,262.8333435058594,268.5333251953125,1081411
2016-01-27,249.62847900390625,275.4333190917969,277.79998779296875,267.3333435058594,269.3333435058594,2226027
2016-01-28,248.117919921875,273.76666259765625,280.6666564941406,272.70001220703125,275.3999938964844,2202802
2016-01-29,264.12945556640625,291.4333190917969,292.6000061035156,273.9333190917969,275.9666748046875,3773571
2016-02-01,264.73370361328125,292.1000061035156,294.6333312988281,287.0,294.0,1345506
2016-02-02,251.35052490234375,277.3333435058594,292.0,275.0666809082031,291.3333435058594,1709223
2016-02-03,247.18145751953125,272.73333740234375,275.8999938964844,268.5666809082031,272.6666564941406,1106604
2016-02-04,244.85525512695312,270.1666564941406,278.8333435058594,265.0,276.4666748046875,1305879
2016-02-05,248.9336700439453,274.6666564941406,276.5666809082031,269.0333251953125,271.8999938964844,1368541
2016-02-08,243.82809448242188,269.0333251953125,278.6666564941406,267.3666687011719,275.6666564941406,699282
2016-02-09,235.82237243652344,260.20001220703125,270.0333251953125,257.5333251953125,266.3333435058594,1019415
2016-02-10,238.84336853027344,263.5333251953125,265.29998779296875,256.1333312988281,256.6666564941406,1413225
2016-02-11,234.25140380859375,258.4666748046875,265.1666564941406,251.1999969482422,262.0,1864201
2016-02-12,229.23646545410156,252.93333435058594,262.20001220703125,244.8333282470703,259.23333740234375,1566669
2016-02-15,244.70420837402344,270.0,272.6000061035156,256.6666564941406,256.6666564941406,1344609
2016-02-16,243.76768493652344,268.9666748046875,276.0,266.8999938964844,271.3333435058594,1880913
2016-02-17,239.02462768554688,263.73333740234375,271.3333435058594,255.06666564941406,268.6000061035156,1294591
2016-02-18,237.8766632080078,262.4666748046875,268.6666564941406,258.3333435058594,268.4666748046875,799777
2016-02-19,240.5049285888672,265.3666687011719,266.6666564941406,255.1666717529297,261.3333435058594,988884
2016-02-22,238.4808349609375,263.1333312988281,268.6333312988281,261.3333435058594,266.0,939291
2016-02-23,238.26939392089844,262.8999938964844,266.4333190917969,258.6666564941406,263.3333435058594,871872
2016-02-24,228.81353759765625,252.46665954589844,262.3333435058594,251.03334045410156,261.20001220703125,1103091
2016-02-25,230.9282989501953,254.8000030517578,257.5,246.3000030517578,253.3000030517578,2397643
2016-02-26,228.72288513183594,252.36666870117188,260.0,250.6666717529297,257.3333435058594,1340971
2016-02-29,230.595947265625,254.43333435058594,258.8666687011719,245.5,251.3333282470703,2273302
2016-03-01,245.48968505859375,270.8666687011719,273.6000061035156,254.6666717529297,254.93333435058594,1748907
2016-03-02,248.66175842285156,274.3666687011719,282.3333435058594,272.1333312988281,272.1333312988281,2048482
2016-03-03,256.6372985839844,283.1666564941406,284.6333312988281,277.5,282.6666564941406,1796815
2016-03-04,268.75164794921875,296.5333251953125,298.79998779296875,282.73333740234375,282.73333740234375,4217358
2016-03-08,263.132568359375,290.3333435058594,296.5,287.6333312988281,296.0,1105152
2016-03-09,262.8606262207031,290.0333251953125,292.26666259765625,285.6666564941406,288.6666564941406,1505919
2016-03-10,270.35284423828125,298.29998779296875,302.9333190917969,290.0,291.8666687011719,2381136
2016-03-11,264.9451904296875,292.3333435058594,297.76666259765625,288.0,296.6666564941406,1096083
2016-03-14,265.8514709472656,293.3333435058594,298.3999938964844,292.0666809082031,294.0,654165
2016-03-15,262.3772888183594,289.5,294.6666564941406,288.1000061035156,292.0,769089
2016-03-16,260.0510559082031,286.9333190917969,290.9333190917969,280.0,289.3333435058594,894436
2016-03-17,264.22015380859375,291.5333251953125,296.3999938964844,289.1333312988281,290.6666564941406,1157343
2016-03-18,266.4556884765625,294.0,297.23333740234375,287.0333251953125,294.73333740234375,1235307
2016-03-21,269.02362060546875,296.8333435058594,297.6333312988281,289.0666809082031,294.6666564941406,1246264
2016-03-22,268.50994873046875,296.26666259765625,298.9333190917969,292.1333312988281,297.8666687011719,1479904
2016-03-23,275.73028564453125,304.23333740234375,305.73333740234375,295.29998779296875,295.9666748046875,1587039
2016-03-28,272.8905334472656,301.1000061035156,310.1333312988281,298.4333190917969,307.3333435058594,1463838
2016-03-29,272.7091979980469,300.8999938964844,308.26666259765625,299.5,301.0666809082031,1637883
2016-03-30,285.2466125488281,314.73333740234375,316.9333190917969,302.6666564941406,302.6666564941406,3255997
2016-03-31,288.6301574707031,318.4666748046875,322.0,310.76666259765625,313.4333190917969,2004705
2016-04-01,281.832763671875,310.9666748046875,316.5666809082031,307.6333312988281,316.29998779296875,1202698
2016-04-04,282.4671936035156,311.6666564941406,314.3666687011719,307.0,314.0,1061061
2016-04-05,277.08978271484375,305.73333740234375,317.79998779296875,304.3999938964844,311.1333312988281,1272564
2016-04-06,276.7272033691406,305.3333435058594,309.3333435058594,299.0333251953125,305.3666687011719,1289821
2016-04-07,279.5971984863281,308.5,312.8333435058594,302.26666259765625,306.0,897489
2016-04-08,277.93560791015625,306.6666564941406,312.4666748046875,305.0666809082031,311.20001220703125,762739
2016-04-11,287.5123291015625,317.23333740234375,318.1666564941406,305.4333190917969,308.0,2350294
2016-04-12,298.2672424316406,329.1000061035156,333.0666809082031,318.0,318.6666564941406,3667573
2016-04-13,304.3999328613281,335.8666687011719,337.8666687011719,332.1333312988281,334.0,2244100
2016-04-18,306.4844665527344,338.1666564941406,341.6333312988281,334.79998779296875,336.6666564941406,1615356
2016-04-20,304.7624816894531,336.26666259765625,340.9333190917969,331.1666564941406,340.73333740234375,2353390
2016-04-21,310.68365478515625,342.79998779296875,345.3333435058594,337.3333435058594,337.3333435058594,1689636
2016-04-22,316.1820373535156,348.8666687011719,349.8999938964844,338.3333435058594,340.3666687011719,2134524
2016-04-25,316.9674377441406,349.73333740234375,351.20001220703125,343.0,348.70001220703125,2000626
2016-04-26,308.47833251953125,340.3666687011719,349.70001220703125,338.8666687011719,346.6666564941406,1839661
2016-04-27,311.1368408203125,343.29998779296875,345.5666809082031,337.0,338.0666809082031,1421970
2016-04-28,312.3452453613281,344.6333312988281,348.0,340.6000061035156,342.6666564941406,2720692
2016-04-29,325.00341796875,358.6000061035156,361.3333435058594,345.26666259765625,345.3333435058594,5318703
2016-05-02,359.4432678222656,396.6000061035156,399.8333435058594,358.8666687011719,361.1000061035156,12544923
2016-05-03,350.10821533203125,386.29998779296875,402.26666259765625,384.1666564941406,396.6666564941406,4941321
2016-05-04,349.8968200683594,386.0666809082031,390.9666748046875,380.79998779296875,386.4666748046875,3696498
2016-05-05,357.96295166015625,394.9666748046875,404.6000061035156,385.0333251953125,388.3333435058594,4163034
2016-05-06,358.2348937988281,395.26666259765625,405.3333435058594,391.8333435058594,393.9333190917969,3994504
2016-05-09,354.7909240722656,391.4666748046875,397.3666687011719,388.1333312988281,397.3666687011719,1945158
2016-05-10,355.6367492675781,392.3999938964844,398.5666809082031,388.73333740234375,393.6666564941406,3111408
2016-05-11,358.6276550292969,395.70001220703125,399.6666564941406,385.20001220703125,388.0,2711422
2016-05-12,362.132080078125,399.5666809082031,404.5333251953125,396.3999938964844,397.6000061035156,3538417
2016-05-13,352.7063293457031,389.1666564941406,408.6333312988281,381.9333190917969,401.0333251953125,4836756
2016-05-16,353.3709716796875,389.8999938964844,394.0,384.1666564941406,388.79998779296875,2198347
2016-05-17,350.5614013671875,386.79998779296875,395.6000061035156,384.8666687011719,392.0,3002503
2016-05-18,344.64013671875,380.26666259765625,385.9333190917969,376.1000061035156,385.3333435058594,2432331
2016-05-19,338.9908447265625,374.0333251953125,384.5333251953125,372.3333435058594,379.6666564941406,1956024
2016-05-20,348.20501708984375,384.20001220703125,387.20001220703125,370.0,374.6666564941406,3122713
2016-05-23,344.8214416503906,380.4666748046875,390.26666259765625,378.73333740234375,386.26666259765625,1719154
2016-05-24,343.3411560058594,378.8333435058594,382.73333740234375,376.1333312988281,381.20001220703125,1934611
2016-05-25,355.4857177734375,392.23333740234375,393.8666687011719,382.4666748046875,382.4666748046875,3049765
2016-05-26,358.26507568359375,395.29998779296875,399.1000061035156,392.0,394.20001220703125,8566507
2016-05-27,359.745361328125,396.9333190917969,402.4666748046875,394.1333312988281,396.4666748046875,2155468
2016-05-30,357.5400085449219,394.5,401.73333740234375,390.9333190917969,398.6000061035156,1747710
2016-05-31,359.8057861328125,397.0,405.0,393.5,396.3333435058594,4957333
2016-06-01,357.2983703613281,394.23333740234375,398.8999938964844,390.26666259765625,398.8333435058594,2379495
2016-06-02,365.5155334472656,403.29998779296875,406.1333312988281,393.5333251953125,394.6666564941406,5576956
2016-06-03,366.1802062988281,404.0333251953125,411.29998779296875,402.0333251953125,405.3333435058594,3974541
2016-06-06,369.5335693359375,407.73333740234375,410.8999938964844,404.1333312988281,405.3333435058594,3329179
2016-06-07,362.5851135253906,400.0666809082031,409.9666748046875,397.6000061035156,409.76666259765625,2816902
2016-06-08,361.98095703125,399.3999938964844,403.3333435058594,396.0,400.0,1580628
2016-06-09,356.72430419921875,393.6000061035156,401.5333251953125,391.3666687011719,400.0333251953125,1609338
2016-06-10,350.4405822753906,386.6666564941406,393.1666564941406,385.3666687011719,391.0666809082031,2420034
2016-06-13,354.609619140625,391.26666259765625,392.4666748046875,377.70001220703125,385.0,1443046
2016-06-14,351.89068603515625,388.26666259765625,394.5666809082031,384.0,393.3333435058594,1333026
2016-06-15,353.4012145996094,389.9333190917969,392.6666564941406,387.0,389.9333190917969,1160505
2016-06-16,346.3017272949219,378.9666748046875,388.6666564941406,374.3333435058594,388.6666564941406,2698956
2016-06-17,345.509765625,378.1000061035156,384.0,376.3666687011719,381.3999938964844,1421089
2016-06-20,346.6672058105469,379.3666687011719,380.8999938964844,371.1000061035156,374.0333251953125,3382029
2016-06-21,342.0981750488281,374.3666687011719,382.79998779296875,373.5666809082031,381.26666259765625,2181231
2016-06-22,338.71710205078125,370.6666564941406,377.5333251953125,367.73333740234375,375.9333190917969,1503820
2016-06-23,330.21868896484375,361.3666687011719,371.3333435058594,360.3333435058594,370.6666564941406,2596254
2016-06-24,329.0916748046875,360.1333312988281,362.0,326.6666564941406,350.0,3969829
2016-06-27,332.01593017578125,363.3333435058594,365.6666564941406,358.6666564941406,361.20001220703125,957154
2016-06-28,332.7164306640625,364.1000061035156,368.5333251953125,362.3666687011719,365.23333740234375,2999422
2016-06-29,334.8486022949219,366.4333190917969,369.6666564941406,363.76666259765625,366.0,2228967
2016-06-30,335.1227722167969,366.73333740234375,375.9333190917969,365.3999938964844,368.9666748046875,3498403
2016-07-01,341.45849609375,373.6666564941406,375.8333435058594,368.6666564941406,369.26666259765625,2808022
2016-07-04,338.65618896484375,370.6000061035156,377.79998779296875,369.5,375.79998779296875,1517442
2016-07-05,332.8078308105469,364.20001220703125,368.79998779296875,361.6666564941406,368.0,1362793
2016-07-07,337.6509704589844,369.5,372.3333435058594,360.70001220703125,362.6666564941406,2439327
2016-07-08,336.0670166015625,367.76666259765625,374.1333312988281,365.0,371.1333312988281,2278534
2016-07-11,332.9905700683594,364.3999938964844,371.5666809082031,358.8999938964844,369.3333435058594,1369390
2016-07-12,335.1837158203125,366.79998779296875,368.23333740234375,362.23333740234375,364.0,1613398
2016-07-13,341.94580078125,374.20001220703125,375.8666687011719,365.0333251953125,366.79998779296875,3321363
2016-07-14,346.6976318359375,379.3999938964844,380.6666564941406,374.3999938964844,375.9666748046875,3329862
2016-07-15,345.17462158203125,377.73333740234375,382.6333312988281,375.3999938964844,381.26666259765625,2181013
2016-07-18,338.5343322753906,370.4666748046875,379.3333435058594,367.5,378.4666748046875,922816
2016-07-19,337.0112609863281,368.79998779296875,373.0666809082031,366.0,370.4333190917969,1481286
2016-07-20,336.7372131347656,368.5,370.6666564941406,367.0666809082031,368.79998779296875,1255704
2016-07-21,340.60565185546875,372.73333740234375,374.3333435058594,366.0,368.8666687011719,1775121
2016-07-22,355.835693359375,389.3999938964844,390.6666564941406,373.5333251953125,374.5333251953125,3343884
2016-07-25,352.9724426269531,386.26666259765625,391.1333312988281,382.9666748046875,391.1333312988281,1607110
2016-07-26,352.1804504394531,385.3999938964844,393.1666564941406,382.8999938964844,386.26666259765625,1890214
2016-07-27,370.8830261230469,405.8666687011719,407.23333740234375,387.3333435058594,387.3333435058594,8056411
2016-07-28,371.6750183105469,406.73333740234375,412.0,401.8666687011719,408.5,4177485
2016-07-29,380.6607971191406,416.5666809082031,419.8333435058594,403.9666748046875,408.6333312988281,13247343
2016-08-01,372.5887756347656,407.73333740234375,419.9666748046875,404.8999938964844,418.6333312988281,2723013
2016-08-02,358.21160888671875,392.0,411.29998779296875,388.1333312988281,410.6000061035156,3598398
2016-08-03,355.2873840332031,388.79998779296875,396.5333251953125,383.8999938964844,392.0,3431158
2016-08-04,366.9231872558594,401.5333251953125,404.23333740234375,390.76666259765625,392.5666809082031,3653280
2016-08-05,374.0508728027344,409.3333435058594,410.8999938964844,402.0333251953125,402.6666564941406,2031484
2016-08-08,379.0158996582031,414.76666259765625,419.6000061035156,409.6666564941406,409.73333740234375,2774490
2016-08-09,375.2084045410156,410.6000061035156,417.29998779296875,403.6666564941406,417.29998779296875,1753818
2016-08-10,377.8888244628906,413.5333251953125,419.3333435058594,409.8333435058594,412.1000061035156,2689690
2016-08-11,382.79296875,418.8999938964844,424.29998779296875,409.73333740234375,413.9333190917969,3487153
2016-08-12,383.5240173339844,419.70001220703125,423.26666259765625,417.8999938964844,419.70001220703125,1680399
2016-08-16,381.483154296875,417.4666748046875,425.1666564941406,413.4666748046875,421.3333435058594,1646533
2016-08-17,391.4740905761719,428.3999938964844,430.9333190917969,415.3666687011719,418.0,2559112
2016-08-18,392.357421875,429.3666687011719,435.0,426.0666809082031,430.6666564941406,2391418
2016-08-19,393.05804443359375,430.1333312988281,433.26666259765625,425.3333435058594,430.8333435058594,1816719
2016-08-22,397.20062255859375,434.6666564941406,437.0,427.5666809082031,429.3333435058594,2329897
2016-08-23,393.0884704589844,430.1666564941406,435.73333740234375,426.5333251953125,432.0,1369753
2016-08-24,392.4488525390625,429.4666748046875,434.4666748046875,427.4333190917969,428.0333251953125,1105839
2016-08-25,385.1688537597656,421.5,430.70001220703125,419.5333251953125,430.0,2131851
2016-08-26,386.72235107421875,423.20001220703125,426.0,417.1000061035156,423.0,1926951
2016-08-29,388.1539306640625,424.76666259765625,432.79998779296875,421.0666809082031,421.0666809082031,2539707
2016-08-30,389.128662109375,425.8333435058594,429.1333312988281,425.29998779296875,426.70001220703125,776856
2016-08-31,389.2505187988281,425.9666748046875,429.76666259765625,423.1666564941406,427.6000061035156,2121276
2016-09-01,382.0619201660156,418.1000061035156,430.0,408.5333251953125,426.6000061035156,1315270
2016-09-02,386.9660339355469,423.4666748046875,426.6000061035156,411.3999938964844,416.73333740234375,1404013
2016-09-06,394.73333740234375,431.9666748046875,433.8666687011719,421.3333435058594,421.3333435058594,1801798
2016-09-07,402.5920715332031,440.5666809082031,445.3333435058594,431.0333251953125,431.0666809082031,3152097
2016-09-08,401.6783142089844,439.5666809082031,441.73333740234375,434.8999938964844,440.6666564941406,984024
2016-09-09,402.37884521484375,440.3333435058594,447.5666809082031,433.3333435058594,433.3333435058594,2450169
2016-09-12,395.4339599609375,432.73333740234375,438.6000061035156,423.3999938964844,432.0,2630427
2016-09-14,424.1883239746094,464.20001220703125,466.8333435058594,432.23333740234375,432.23333740234375,3524353
2016-09-15,417.15203857421875,456.5,473.79998779296875,454.8333435058594,468.73333740234375,3721812
2016-09-16,422.0561218261719,461.8666687011719,467.0,455.0333251953125,457.70001220703125,4837236
2016-09-19,415.6290588378906,454.8333435058594,466.4666748046875,452.6000061035156,466.4666748046875,2930545
2016-09-20,414.1364440917969,453.20001220703125,460.8333435058594,451.73333740234375,457.3333435058594,2094955
2016-09-21,416.8169860839844,456.1333312988281,464.6666564941406,450.5,454.9333190917969,2900809
2016-09-22,416.847412109375,456.1666564941406,464.20001220703125,453.8666687011719,460.6666564941406,2541862
2016-09-23,421.81243896484375,461.6000061035156,471.26666259765625,455.3999938964844,458.6666564941406,4111311
2016-09-26,415.568115234375,454.76666259765625,462.79998779296875,452.4333190917969,462.79998779296875,1843926
2016-09-27,416.5123291015625,455.79998779296875,463.26666259765625,453.8333435058594,457.79998779296875,2086689
2016-09-28,416.0859069824219,455.3333435058594,460.5666809082031,452.8666687011719,458.6666564941406,2781181
2016-09-29,396.1649475097656,433.5333251953125,458.3666687011719,428.76666259765625,458.29998779296875,3015561
2016-09-30,410.5117492675781,449.23333740234375,451.3333435058594,429.4333190917969,430.0,1335181
2016-10-03,414.380126953125,453.4666748046875,457.4666748046875,449.3666687011719,450.6000061035156,1156452
2016-10-04,412.1260986328125,451.0,455.1333312988281,442.1333312988281,455.1333312988281,1462146
2016-10-05,414.5019836425781,453.6000061035156,459.20001220703125,450.5,454.0,1712820
2016-10-06,409.0800476074219,447.6666564941406,455.5333251953125,444.23333740234375,454.6666564941406,1367763
2016-10-07,409.50653076171875,448.1333312988281,454.0,445.5666809082031,449.0,904690
2016-10-10,408.71453857421875,447.26666259765625,452.9333190917969,446.6666564941406,452.20001220703125,395385
2016-10-13,407.77032470703125,446.23333740234375,448.8666687011719,431.8666687011719,445.26666259765625,1977478
2016-10-14,416.29913330078125,455.5666809082031,457.3333435058594,444.20001220703125,446.6666564941406,1719289
2016-10-17,418.43133544921875,457.8999938964844,462.0,452.0,452.5333251953125,2726593
2016-10-18,421.9342956542969,461.73333740234375,462.8999938964844,458.0666809082031,460.0,1664398
2016-10-19,432.68670654296875,473.5,475.1666564941406,455.5,462.0,3742399
2016-10-20,435.5499572753906,476.6333312988281,480.6000061035156,470.5333251953125,474.6666564941406,3624388
2016-10-21,437.6212463378906,478.8999938964844,481.4666748046875,474.0,474.6666564941406,1787643
2016-10-24,439.5097961425781,480.9666748046875,487.1333312988281,475.5,478.0666809082031,1319865
2016-10-25,434.3011169433594,475.26666259765625,481.3999938964844,467.6333312988281,477.73333740234375,1289877
2016-10-26,425.924560546875,466.1000061035156,478.9333190917969,462.3333435058594,473.70001220703125,1614688
2016-10-27,430.4021911621094,471.0,476.1000061035156,463.3666687011719,466.0,2515780
2016-10-28,425.1021728515625,465.20001220703125,475.76666259765625,442.9333190917969,469.3999938964844,9140725
2016-11-01,430.2498779296875,470.8333435058594,472.9666748046875,465.5333251953125,465.9333190917969,2363965
2016-11-02,414.3497314453125,453.4333190917969,467.6000061035156,451.23333740234375,464.0,2312641
2016-11-03,407.77032470703125,446.23333740234375,458.0,441.0666809082031,455.9666748046875,3923296
2016-11-04,409.6588134765625,448.29998779296875,450.6666564941406,439.20001220703125,450.0,1893363
2016-11-07,407.16107177734375,445.5666809082031,456.6000061035156,443.4666748046875,450.0,1598154
2016-11-08,416.93878173828125,456.26666259765625,458.23333740234375,437.6000061035156,447.3333435058594,2463969
2016-11-09,402.8052673339844,440.79998779296875,446.6666564941406,416.0333251953125,427.6666564941406,3373510
2016-11-10,422.9394836425781,462.8333435058594,468.8666687011719,445.73333740234375,447.79998779296875,2318668
2016-11-11,394.2155456542969,431.3999938964844,461.3666687011719,428.70001220703125,461.3333435058594,2288493
2016-11-15,365.73529052734375,400.23333740234375,431.3333435058594,397.3333435058594,431.3333435058594,3134719
2016-11-16,378.132568359375,413.79998779296875,424.20001220703125,396.0,400.70001220703125,3349587
2016-11-17,375.93939208984375,411.3999938964844,417.73333740234375,406.3333435058594,413.79998779296875,1417891
2016-11-18,379.8992919921875,415.73333740234375,419.4666748046875,411.6666564941406,416.6000061035156,1242781
2016-11-21,370.91351318359375,405.8999938964844,419.0,399.73333740234375,415.6666564941406,1633414
2016-11-22,369.2990417480469,404.1333312988281,415.3333435058594,389.4666748046875,406.76666259765625,3432742
2016-11-23,372.2537536621094,407.3666687011719,413.6666564941406,405.3666687011719,409.26666259765625,2422738
2016-11-24,371.1571960449219,406.1666564941406,409.8666687011719,398.3333435058594,407.26666259765625,1970608
2016-11-25,383.0061950683594,419.1333312988281,420.6666564941406,400.9333190917969,406.23333740234375,1638352
2016-11-28,382.97576904296875,419.1000061035156,423.0,413.3666687011719,416.73333740234375,1082518
2016-11-29,381.02630615234375,416.9666748046875,425.79998779296875,413.4666748046875,413.4666748046875,2544478
2016-11-30,386.2044982910156,422.6333312988281,424.0,416.1000061035156,418.6666564941406,2407503
2016-12-01,396.28680419921875,433.6666564941406,436.0666809082031,420.0,420.6666564941406,3270271
2016-12-02,397.32244873046875,434.79998779296875,440.29998779296875,428.6666564941406,431.8666687011719,2676963
2016-12-05,404.29779052734375,442.4333190917969,444.5666809082031,432.6333312988281,432.6666564941406,1102591
2016-12-06,409.7197570800781,448.3666687011719,453.3333435058594,440.6333312988281,444.8666687011719,1670886
2016-12-07,409.50653076171875,448.1333312988281,452.0666809082031,444.0333251953125,451.4666748046875,700302
2016-12-08,426.5337829589844,466.76666259765625,469.0,451.3666687011719,452.9666748046875,2011207
2016-12-09,423.7009582519531,463.6666564941406,474.6666564941406,460.3333435058594,468.3333435058594,1691475
2016-12-12,423.7314147949219,463.70001220703125,468.6666564941406,458.0,463.3333435058594,962292
2016-12-13,413.07037353515625,452.0333251953125,468.29998779296875,449.5666809082031,463.3333435058594,1580233
2016-12-14,396.65234375,434.0666809082031,453.3666687011719,432.0,453.3333435058594,2582125
2016-12-15,392.8448181152344,429.8999938964844,440.0,425.3333435058594,425.3333435058594,3273342
2016-12-16,404.1455383300781,442.26666259765625,444.6333312988281,426.5666809082031,433.1333312988281,2501217
2016-12-19,390.4993896484375,427.3333435058594,441.8999938964844,424.0666809082031,441.8999938964844,1571983
2016-12-20,386.4176940917969,422.8666687011719,432.73333740234375,420.5,427.3333435058594,1178775
2016-12-21,384.46826171875,420.73333740234375,425.6000061035156,416.8999938964844,423.3333435058594,1027701
2016-12-22,377.0664367675781,412.6333312988281,420.6000061035156,410.8666687011719,418.73333740234375,973468
2016-12-23,381.9705505371094,418.0,424.23333740234375,406.8999938964844,415.3333435058594,1654650
2016-12-26,373.0152282714844,408.20001220703125,419.26666259765625,404.3333435058594,419.26666259765625,1319907
2016-12-27,387.7274169921875,424.29998779296875,426.6666564941406,404.0333251953125,406.6666564941406,1493470
2016-12-28,384.590087890625,420.8666687011719,430.6666564941406,419.1666564941406,428.0333251953125,2663275
2016-12-29,388.6717529296875,425.3333435058594,426.6666564941406,420.0666809082031,421.3999938964844,1257276
2016-12-30,394.15460205078125,431.3333435058594,435.6666564941406,428.0,429.8666687011719,1190467
2017-01-02,401.2518310546875,439.1000061035156,440.29998779296875,430.0,432.8666687011719,945859
2017-01-03,399.0282287597656,436.6666564941406,442.9333190917969,435.1000061035156,440.3333435058594,969625
2017-01-04,406.6737060546875,445.0333251953125,447.6333312988281,434.5666809082031,435.6666564941406,2629642
2017-01-05,410.9686279296875,449.73333740234375,451.3333435058594,443.3999938964844,445.3333435058594,1873233
2017-01-06,402.0133056640625,439.9333190917969,451.79998779296875,438.5333251953125,450.6666564941406,1653589
2017-01-09,409.9329528808594,448.6000061035156,450.9666748046875,440.0333251953125,441.3333435058594,881332
2017-01-10,404.20648193359375,442.3333435058594,453.3333435058594,440.3999938964844,448.6000061035156,1391656
2017-01-11,407.6789245605469,446.1333312988281,448.3333435058594,438.6666564941406,444.0,3171093
2017-01-12,417.639404296875,457.0333251953125,458.0,444.0666809082031,450.8666687011719,2216790
2017-01-13,419.16241455078125,458.70001220703125,464.6333312988281,455.73333740234375,459.3333435058594,2225283
2017-01-16,428.0872497558594,468.4666748046875,469.9333190917969,454.1000061035156,458.5333251953125,2568345
2017-01-17,447.4903869628906,489.70001220703125,491.3333435058594,470.6666564941406,470.8333435058594,6998775
2017-01-18,445.0230712890625,487.0,491.5666809082031,482.6000061035156,491.5666809082031,2318488
2017-01-19,450.56689453125,493.0666809082031,498.3333435058594,483.3666687011719,486.6333312988281,2780694
2017-01-20,447.00299072265625,489.1666564941406,496.6000061035156,486.0,490.23333740234375,2141527
2017-01-23,442.3121032714844,484.0333251953125,489.8333435058594,478.0,487.26666259765625,1652083
2017-01-24,444.4443359375,486.3666687011719,489.8999938964844,480.6666564941406,487.20001220703125,2203471
2017-01-25,450.932373046875,493.4666748046875,503.0,482.9333190917969,486.8333435058594,5829225
2017-01-27,443.7742004394531,485.6333312988281,501.1000061035156,484.1666564941406,493.6666564941406,3003549
2017-01-30,449.6225891113281,492.0333251953125,494.1333312988281,485.8666687011719,485.8666687011719,1684875
2017-01-31,441.5201721191406,483.1666564941406,494.3666687011719,481.5666809082031,494.3666687011719,1291596
2017-02-01,451.6025390625,494.20001220703125,496.6000061035156,476.1333312988281,483.76666259765625,3405043
2017-02-02,450.87139892578125,493.3999938964844,501.1000061035156,489.3333435058594,492.8666687011719,2364807
2017-02-03,449.7139587402344,492.1333312988281,496.6000061035156,488.3999938964844,493.9666748046875,2007984
2017-02-06,442.4949035644531,484.23333740234375,493.5333251953125,478.1333312988281,493.3333435058594,2589018
2017-02-07,444.13970947265625,486.0333251953125,492.6666564941406,481.3666687011719,486.0,2407051
2017-02-08,443.31732177734375,485.1333312988281,487.8333435058594,482.0333251953125,486.0,1205572
2017-02-09,449.86627197265625,492.29998779296875,494.1000061035156,483.4333190917969,486.0,3228429
2017-02-10,442.86041259765625,484.6333312988281,493.73333740234375,482.26666259765625,493.3333435058594,1952700
2017-02-13,444.77935791015625,486.73333740234375,488.5,480.8666687011719,486.6666564941406,767205
2017-02-14,436.0982666015625,477.23333740234375,486.6666564941406,473.4666748046875,486.6000061035156,1202295
2017-02-15,431.98614501953125,472.73333740234375,480.3999938964844,466.8333435058594,478.9333190917969,1393485
2017-02-16,426.3814697265625,466.6000061035156,472.6333312988281,461.4666748046875,469.73333740234375,3255040
2017-02-17,432.7171936035156,473.5333251953125,475.76666259765625,463.3333435058594,466.5333251953125,1277206
2017-02-20,435.4281311035156,476.5,480.76666259765625,473.20001220703125,473.6666564941406,1087543
2017-02-21,433.3568115234375,474.23333740234375,476.6666564941406,470.76666259765625,475.8999938964844,957811
2017-02-22,431.8642883300781,472.6000061035156,477.0333251953125,469.3333435058594,474.20001220703125,2286169
2017-02-23,437.4689636230469,478.73333740234375,481.8333435058594,470.0333251953125,474.6333312988281,2655171
2017-02-27,435.91546630859375,477.0333251953125,480.0333251953125,472.0,479.6666564941406,2111278
2017-02-28,437.5908203125,478.8666687011719,484.3333435058594,475.9666748046875,476.6666564941406,1383343
2017-03-01,437.0121154785156,478.23333740234375,483.0,475.3333435058594,477.8666687011719,1051450
2017-03-02,427.38665771484375,467.70001220703125,483.3333435058594,458.8999938964844,481.26666259765625,1828281
2017-03-03,420.71588134765625,460.3999938964844,467.0333251953125,456.1666564941406,464.20001220703125,2395936
2017-03-06,416.7864990234375,456.1000061035156,462.5,453.6000061035156,461.0666809082031,1717716
2017-03-07,428.2090759277344,468.6000061035156,470.0,456.6333312988281,456.6666564941406,2761768
2017-03-08,431.1942138671875,471.8666687011719,476.23333740234375,468.8333435058594,471.6000061035156,2743824
2017-03-09,434.6361389160156,475.6333312988281,480.3666687011719,471.8999938964844,472.8999938964844,1689442
2017-03-10,429.2142333984375,469.70001220703125,477.8333435058594,467.5,472.0666809082031,1099434
2017-03-14,427.7217102050781,468.0666809082031,479.0,465.6666564941406,477.3333435058594,3079066
2017-03-15,433.0217590332031,473.8666687011719,475.3333435058594,462.20001220703125,464.8333435058594,1570510
2017-03-16,431.7424621582031,472.4666748046875,479.8999938964844,470.6666564941406,476.6666564941406,3045013
2017-03-17,436.40283203125,477.5666809082031,487.0666809082031,472.8999938964844,475.6000061035156,5189733
2017-03-20,436.7074279785156,477.8999938964844,480.9333190917969,473.3999938964844,478.0,866446
2017-03-21,443.1650085449219,484.9666748046875,485.9333190917969,477.8999938964844,478.0,3529212
2017-03-22,437.5603332519531,478.8333435058594,485.0,476.76666259765625,481.6666564941406,1332822
2017-03-23,444.2615051269531,486.1666564941406,488.3333435058594,476.73333740234375,481.9333190917969,1587768
2017-03-24,439.90576171875,481.3999938964844,490.3999938964844,479.73333740234375,487.1333312988281,1477219
2017-03-27,442.1293640136719,483.8333435058594,486.4666748046875,480.0,481.1333312988281,1352784
2017-03-28,439.93621826171875,481.4333190917969,489.8999938964844,479.79998779296875,486.5333251953125,3011160
2017-03-29,438.2608947753906,479.6000061035156,485.73333740234375,477.23333740234375,481.3333435058594,2068618
2017-03-30,435.27581787109375,476.3333435058594,483.6000061035156,473.20001220703125,480.0,2289387
2017-03-31,442.8299255371094,484.6000061035156,489.1333312988281,478.3666687011719,479.20001220703125,1844619
2017-04-03,448.0386657714844,490.29998779296875,497.0666809082031,484.23333740234375,484.76666259765625,2732100
2017-04-05,445.997802734375,488.0666809082031,493.23333740234375,483.3333435058594,491.6666564941406,2175444
2017-04-06,444.17022705078125,486.0666809082031,492.8666687011719,484.29998779296875,490.9333190917969,1722798
2017-04-07,442.79949951171875,484.5666809082031,489.76666259765625,482.0,486.6000061035156,1001809
2017-04-10,446.02825927734375,488.1000061035156,490.5333251953125,483.6000061035156,485.76666259765625,1129711
2017-04-11,447.6122131347656,489.8333435058594,497.20001220703125,487.4333190917969,490.0,2010442
2017-04-12,448.3736877441406,490.6666564941406,495.6000061035156,484.6666564941406,490.26666259765625,1955877
2017-04-13,443.0431823730469,484.8333435058594,492.8999938964844,482.6666564941406,490.4666748046875,2685382
2017-04-17,448.22137451171875,490.5,491.8666687011719,480.3999938964844,482.0,687910
2017-04-18,463.8475341796875,507.6000061035156,519.2666625976562,489.3333435058594,489.3333435058594,5717833
2017-04-19,470.5487365722656,514.933349609375,526.6666870117188,510.0,510.8666687011719,3433932
2017-04-20,476.4580383300781,521.4000244140625,531.0,515.6666870117188,515.6666870117188,4459855
2017-04-21,474.87408447265625,519.6666870117188,526.5999755859375,515.566650390625,526.5999755859375,1608825
2017-04-24,483.8902893066406,529.5333251953125,534.4000244140625,520.2666625976562,520.2666625976562,1768713
2017-04-25,491.6271057128906,538.0,539.5999755859375,530.7999877929688,533.2000122070312,1565665
2017-04-26,506.400390625,554.1666870117188,557.9666748046875,538.933349609375,539.933349609375,3779569
2017-04-27,498.6329650878906,545.6666870117188,576.6333618164062,534.8666381835938,555.0,14137957
2017-04-28,491.1092834472656,537.433349609375,547.7999877929688,533.433349609375,541.6666870117188,6573736
2017-05-02,490.07373046875,536.2999877929688,543.7333374023438,529.2999877929688,541.4666748046875,1777000
2017-05-03,495.0386657714844,541.7333374023438,546.3333129882812,536.2000122070312,540.4666748046875,1574332
2017-05-04,494.30767822265625,540.933349609375,544.6666870117188,536.7333374023438,544.6666870117188,2411671
2017-05-05,492.1754150390625,538.5999755859375,545.1666870117188,536.0,542.0,2048541
2017-05-08,489.70819091796875,535.9000244140625,542.8666381835938,533.5,538.6666870117188,2348380
2017-05-09,495.83062744140625,542.5999755859375,544.1666870117188,534.0999755859375,535.933349609375,1601775
2017-05-10,501.6790466308594,549.0,551.0,545.066650390625,545.9666748046875,1674975
2017-05-11,502.80596923828125,550.2333374023438,558.0,545.8666381835938,551.2000122070312,1834797
2017-05-12,502.1358947753906,549.5,553.2666625976562,545.6666870117188,551.2666625976562,1304827
2017-05-15,510.0555114746094,558.1666870117188,563.8666381835938,549.5,551.933349609375,2076982
2017-05-16,503.8416748046875,551.3666381835938,559.5999755859375,548.7000122070312,558.5999755859375,1267410
2017-05-17,505.9129333496094,553.6333618164062,554.6666870117188,548.2999877929688,552.5999755859375,703501
2017-05-18,498.2979736328125,545.2999877929688,552.2666625976562,542.6666870117188,546.6666870117188,1249521
2017-05-19,482.154052734375,527.6333618164062,539.9666748046875,499.6666564941406,539.9666748046875,8373460
2017-05-22,481.5752868652344,527.0,537.433349609375,520.3666381835938,528.066650390625,1781370
2017-05-23,478.5596923828125,523.7000122070312,528.6666870117188,510.4333190917969,526.0,1609581
2017-05-24,479.5649108886719,524.7999877929688,529.933349609375,517.2333374023438,527.066650390625,1348732
2017-05-25,493.66790771484375,540.2333374023438,552.2666625976562,527.0333251953125,527.2999877929688,8040070
2017-05-26,510.2687683105469,558.4000244140625,562.0,536.933349609375,537.4666748046875,1192593
2017-05-29,515.2337036132812,563.8333129882812,572.2666625976562,550.0,560.0,1646335
2017-05-30,517.9142456054688,566.7666625976562,576.5999755859375,557.4000244140625,564.6666870117188,1675573
2017-05-31,524.7068481445312,574.2000122070312,584.0,566.8333129882812,568.2666625976562,2761011
2017-06-01,534.240966796875,584.6333618164062,586.6666870117188,574.3666381835938,574.3666381835938,1315875
2017-06-02,527.0523071289062,576.7666625976562,588.6333618164062,574.7333374023438,585.2999877929688,775540
2017-06-05,532.900634765625,583.1666870117188,587.566650390625,576.6666870117188,577.3333129882812,1078387
2017-06-06,527.3264770507812,577.066650390625,587.1666870117188,574.1333618164062,583.2000122070312,1229401
2017-06-07,523.4884643554688,572.8666381835938,586.2333374023438,571.7999877929688,582.8333129882812,1024815
2017-06-08,527.966064453125,577.7666625976562,583.0,573.2999877929688,574.5999755859375,1498938
2017-06-09,521.8740844726562,571.0999755859375,581.6666870117188,565.3666381835938,578.933349609375,868491
2017-06-12,513.1015625,561.5,571.0,559.2333374023438,571.0,697597
2017-06-13,517.2136840820312,566.0,571.1333618164062,559.0333251953125,560.0,858133
2017-06-14,515.9038696289062,564.566650390625,569.9666748046875,558.6666870117188,569.9666748046875,1123942
2017-06-15,520.1073608398438,569.1666870117188,576.4666748046875,560.933349609375,564.6666870117188,1674375
2017-06-16,527.6004638671875,577.3666381835938,587.3333129882812,572.0,572.0,3285780
2017-06-19,532.2915649414062,582.5,589.5,576.7333374023438,578.1666870117188,1957888
2017-06-20,525.1029052734375,574.6333618164062,594.566650390625,572.5999755859375,590.6666870117188,2474805
2017-06-21,527.6615600585938,577.433349609375,582.6666870117188,570.2333374023438,573.3333129882812,1562107
2017-06-22,528.7449951171875,574.1333618164062,577.066650390625,570.7999877929688,574.5333251953125,1424337
2017-06-23,512.0759887695312,556.0333251953125,576.5333251953125,553.4666748046875,574.3333129882812,1434571
2017-06-27,512.7206420898438,556.7333374023438,563.2333374023438,550.066650390625,557.3666381835938,1569039
2017-06-28,511.36981201171875,555.2666625976562,556.7333374023438,548.6666870117188,556.0,746140
2017-06-29,507.4711608886719,551.0333251953125,560.3333129882812,547.4000244140625,554.066650390625,1302745
2017-06-30,515.974609375,560.2666625976562,562.6666870117188,547.5999755859375,549.6666870117188,1707474
2017-07-03,525.61376953125,570.7333374023438,572.6666870117188,560.6666870117188,560.6666870117188,1556733
2017-07-04,520.4566040039062,565.1333618164062,573.7999877929688,563.3333129882812,573.7999877929688,844156
2017-07-05,524.0481567382812,569.0333251953125,571.2333374023438,564.066650390625,565.1333618164062,879588
2017-07-06,521.715087890625,566.5,570.7000122070312,562.066650390625,568.7333374023438,1400326
2017-07-07,521.5001831054688,566.2666625976562,567.9000244140625,560.5,563.566650390625,1043607
2017-07-10,522.3598022460938,567.2000122070312,570.0,565.3333129882812,567.3333129882812,194754
2017-07-11,524.2630004882812,569.2666625976562,576.0,566.0333251953125,566.3666381835938,1651705
2017-07-12,530.7096557617188,576.2666625976562,583.2666625976562,568.1333618164062,568.1333618164062,2795179
2017-07-13,530.9859008789062,576.566650390625,582.5999755859375,572.7000122070312,578.6666870117188,2424670
2017-07-14,529.972900390625,575.4666748046875,584.566650390625,571.3666381835938,575.1333618164062,1230417
2017-07-17,530.525390625,576.066650390625,581.1666870117188,572.0,577.3333129882812,651919
2017-07-18,525.859375,571.0,579.0,568.6333618164062,571.4000244140625,1554114
2017-07-19,527.4556884765625,572.7333374023438,575.3333129882812,569.4000244140625,571.7333374023438,1039351
2017-07-20,525.5217895507812,570.6333618164062,575.0999755859375,569.7000122070312,573.2999877929688,710302
2017-07-21,529.972900390625,575.4666748046875,578.5,569.9000244140625,570.6333618164062,1850932
2017-07-24,532.8584594726562,578.5999755859375,582.433349609375,571.933349609375,574.1666870117188,1405521
2017-07-25,542.6513061523438,589.2333374023438,594.8666381835938,578.933349609375,580.0,4219759
2017-07-26,536.1740112304688,582.2000122070312,600.0,580.566650390625,590.0,4460224
2017-07-27,533.2882690429688,579.066650390625,588.2000122070312,576.6666870117188,584.6666870117188,1368364
2017-07-28,533.2269287109375,579.0,583.9666748046875,572.3666381835938,572.3666381835938,985348
2017-07-31,538.5377197265625,584.7666625976562,592.4000244140625,578.4000244140625,580.1333618164062,3031069
2017-08-01,548.9443969726562,596.066650390625,601.6666870117188,583.8333129882812,586.5333251953125,2553111
2017-08-02,545.813232421875,592.6666870117188,600.6666870117188,590.7333374023438,598.5999755859375,1427100
2017-08-03,540.7479248046875,587.1666870117188,597.9666748046875,585.3666381835938,593.6666870117188,1421898
2017-08-04,544.615966796875,591.3666381835938,592.5999755859375,585.7333374023438,589.3333129882812,1175566
2017-08-07,538.8446044921875,585.0999755859375,595.9666748046875,582.066650390625,592.0,997377
2017-08-08,530.0650024414062,575.566650390625,588.6666870117188,573.7999877929688,588.5999755859375,991110
2017-08-09,509.89642333984375,553.6666870117188,575.2999877929688,548.0333251953125,574.6666870117188,1817775
2017-08-10,504.3706970214844,547.6666870117188,559.5999755859375,526.0,555.2666625976562,1917850
2017-08-11,498.1390075683594,540.9000244140625,553.1666870117188,529.7333374023438,543.3333129882812,1889604
2017-08-14,527.0565795898438,572.2999877929688,576.7000122070312,543.4000244140625,543.4000244140625,1520550
2017-08-16,523.1578369140625,568.066650390625,586.3666381835938,566.1666870117188,572.2999877929688,1796107
2017-08-17,525.092041015625,570.1666870117188,576.5,564.0,572.0,1330492
2017-08-18,518.76806640625,563.2999877929688,572.6666870117188,561.2000122070312,568.7999877929688,906189
2017-08-21,497.7705078125,540.5,568.5999755859375,536.6666870117188,565.933349609375,2107924
2017-08-22,489.05224609375,531.0333251953125,551.0,528.6666870117188,541.6666870117188,2010352
2017-08-23,499.8273010253906,542.7333374023438,544.4666748046875,534.2999877929688,535.3333129882812,1158298
2017-08-24,511.49267578125,555.4000244140625,558.0,540.566650390625,547.933349609375,1319461
2017-08-28,515.176513671875,559.4000244140625,561.7999877929688,551.7000122070312,557.1666870117188,1095399
2017-08-29,515.821044921875,560.0999755859375,570.8333129882812,556.933349609375,565.3333129882812,1600200
2017-08-30,515.6369018554688,559.9000244140625,564.5999755859375,558.7333374023438,563.933349609375,1769392
2017-08-31,508.3921813964844,552.0333251953125,561.8333129882812,548.7333374023438,561.3333129882812,2298030
2017-09-01,511.2471008300781,555.1333618164062,560.1333618164062,550.0,556.1333618164062,1432722
2017-09-04,501.6078796386719,544.6666870117188,558.0,538.8666381835938,554.6666870117188,1445433
2017-09-05,503.4190368652344,546.6333618164062,548.1333618164062,541.3333129882812,544.0,936438
2017-09-06,505.87481689453125,549.2999877929688,551.7999877929688,540.7666625976562,540.7666625976562,870121
2017-09-07,506.1204528808594,549.566650390625,552.566650390625,547.3333129882812,552.0,797310
2017-09-08,499.7352600097656,542.6333618164062,554.933349609375,540.6666870117188,550.0333251953125,1712551
2017-09-11,498.4765625,541.2666625976562,549.3333129882812,539.8666381835938,546.566650390625,1254333
2017-09-12,500.01153564453125,542.933349609375,547.4666748046875,542.0,545.1333618164062,1429674
2017-09-13,498.2003173828125,540.9666748046875,551.6333618164062,538.7333374023438,547.1333618164062,1380720
2017-09-14,504.0329284667969,547.2999877929688,549.2666625976562,541.066650390625,541.3333129882812,1262290
2017-09-15,508.1772155761719,551.7999877929688,555.3333129882812,544.6666870117188,546.0,2783583
2017-09-18,512.1680297851562,556.1333618164062,562.5999755859375,553.4666748046875,556.5999755859375,1267332
2017-09-19,513.0889892578125,557.1333618164062,561.4000244140625,554.1333618164062,559.3333129882812,741462
2017-09-20,509.7427978515625,553.5,561.9666748046875,550.8666381835938,559.7999877929688,1379164
2017-09-21,503.2040710449219,546.4000244140625,555.9666748046875,541.8333129882812,553.3333129882812,838549
2017-09-22,495.31463623046875,537.8333129882812,545.5,535.3333129882812,544.3333129882812,1397797
2017-09-25,481.5312194824219,522.8666381835938,539.7666625976562,515.3333129882812,539.7666625976562,2195095
2017-09-26,478.0930480957031,519.1333618164062,522.433349609375,509.1333312988281,521.9000244140625,2592076
2017-09-27,472.75152587890625,513.3333129882812,528.5999755859375,510.26666259765625,523.933349609375,2154658
2017-09-28,470.41845703125,510.79998779296875,518.4666748046875,503.3333435058594,514.4666748046875,10704139
2017-09-29,477.9702453613281,519.0,526.1333618164062,512.0,512.0,2941477
2017-10-03,488.714599609375,530.6666870117188,532.3333129882812,513.0,525.2999877929688,2240359
2017-10-04,483.89501953125,525.433349609375,535.8666381835938,523.4666748046875,531.6666870117188,1212958
2017-10-05,481.7768249511719,523.1333618164062,529.1666870117188,520.6666870117188,527.3333129882812,1495161
2017-10-06,487.1183166503906,528.933349609375,531.3333129882812,519.0333251953125,524.5999755859375,1956757
2017-10-09,486.7806091308594,528.566650390625,535.1333618164062,526.8666381835938,531.2666625976562,1139551
2017-10-10,503.2040710449219,546.4000244140625,549.3333129882812,528.566650390625,528.566650390625,3997089
2017-10-11,499.2747802734375,542.1333618164062,554.6666870117188,533.8666381835938,551.3333129882812,2334525
2017-10-12,496.849609375,539.5,545.0,536.7000122070312,541.3333129882812,936925
2017-10-13,492.6440124511719,534.933349609375,544.433349609375,533.5333251953125,541.2666625976562,1224301
2017-10-16,498.7528991699219,541.566650390625,544.433349609375,535.4666748046875,536.6666870117188,1538221
2017-10-17,494.79278564453125,537.2666625976562,541.8666381835938,534.0,541.8666381835938,974917
2017-10-18,484.6316833496094,526.2333374023438,540.4666748046875,524.566650390625,540.4666748046875,2008389
2017-10-19,487.302490234375,529.1333618164062,532.0,523.4000244140625,527.6666870117188,405625
2017-10-23,477.8782043457031,518.9000244140625,533.6333618164062,512.933349609375,527.9666748046875,2611875
2017-10-24,490.6485595703125,532.7666625976562,534.9000244140625,518.7000122070312,522.0,1738516
2017-10-25,490.34161376953125,532.433349609375,536.8333129882812,527.0,534.6666870117188,1449669
2017-10-26,499.1519470214844,542.0,544.4666748046875,530.8333129882812,536.6666870117188,3464296
2017-10-27,510.387451171875,554.2000122070312,556.433349609375,543.7333374023438,546.0,2765082
2017-10-30,506.1511535644531,549.5999755859375,566.4666748046875,544.5,556.5999755859375,6274986
2017-10-31,490.7406005859375,532.8666381835938,557.066650390625,529.5999755859375,551.933349609375,3839709
2017-11-01,480.1498107910156,521.3666381835938,536.2000122070312,518.0,533.0,4024884
2017-11-02,478.4613952636719,519.5333251953125,529.2999877929688,518.1666870117188,523.1333618164062,2467864
2017-11-03,476.189697265625,517.066650390625,523.7666625976562,514.933349609375,520.1666870117188,1322199
2017-11-06,467.7784118652344,507.9333190917969,521.2000122070312,506.79998779296875,518.433349609375,2022028
2017-11-07,454.2098693847656,493.20001220703125,509.4333190917969,490.3333435058594,507.9333190917969,4252863
2017-11-08,451.8460998535156,490.6333312988281,497.1333312988281,486.4666748046875,494.6666564941406,4811224
2017-11-09,457.126220703125,496.3666687011719,503.8333435058594,492.5666809082031,496.0,3194304
2017-11-10,451.32427978515625,490.0666809082031,499.0,487.3333435058594,496.5333251953125,1679068
2017-11-13,454.1177978515625,493.1000061035156,496.4666748046875,482.9666748046875,489.1333312988281,1941763
2017-11-14,456.02105712890625,495.1666564941406,502.5,492.6666564941406,494.0,1289425
2017-11-15,442.9436950683594,480.9666748046875,497.6666564941406,477.79998779296875,497.6666564941406,1307905
2017-11-16,449.0218505859375,487.5666809082031,490.6333312988281,479.3666687011719,480.73333740234375,1493358
2017-11-17,444.632080078125,482.79998779296875,494.4666748046875,481.6666564941406,490.6333312988281,1440514
2017-11-20,447.5176696777344,485.9333190917969,488.6666564941406,480.6666564941406,484.6666564941406,832903
2017-11-21,463.2351379394531,503.0,504.3333435058594,487.3666687011719,488.0,2938041
2017-11-22,458.69183349609375,498.0666809082031,506.6666564941406,495.4666748046875,506.6666564941406,1667337
2017-11-23,459.98114013671875,499.4666748046875,504.1333312988281,492.6000061035156,496.6666564941406,1772244
2017-11-24,456.8192138671875,496.0333251953125,503.8999938964844,494.1333312988281,501.29998779296875,1917892
2017-11-27,463.7262878417969,503.5333251953125,506.5333251953125,493.4333190917969,493.4333190917969,3984948
2017-11-28,467.6556701660156,507.79998779296875,512.5,502.5,505.8666687011719,3483306
2017-11-29,461.8843994140625,501.5333251953125,511.5,499.5333251953125,507.76666259765625,1312164
2017-11-30,449.0218505859375,487.5666809082031,503.3333435058594,480.1666564941406,500.9333190917969,2741056
2017-12-01,448.1316833496094,486.6000061035156,494.9666748046875,484.1333312988281,487.3666687011719,1516198
2017-12-04,436.5583801269531,474.0333251953125,491.0666809082031,471.8333435058594,488.6666564941406,1551547
2017-12-05,429.0066833496094,465.8333435058594,476.4666748046875,463.3333435058594,474.1333312988281,2675230
2017-12-06,421.1172790527344,457.26666259765625,469.23333740234375,456.4333190917969,465.8333435058594,2836329
2017-12-07,443.2813415527344,481.3333435058594,486.4333190917969,456.4666748046875,457.5333251953125,5284173
2017-12-08,446.995849609375,485.3666687011719,491.20001220703125,482.0,482.0,2704362
2017-12-11,457.7401428222656,497.0333251953125,498.3333435058594,484.1333312988281,489.0,1595422
2017-12-12,448.46929931640625,486.9666748046875,499.6666564941406,484.73333740234375,498.0,1471045
2017-12-13,445.76788330078125,484.0333251953125,496.6666564941406,480.0,487.0,2683051
2017-12-14,441.807861328125,479.73333740234375,488.6666564941406,470.70001220703125,486.4666748046875,1927410
2017-12-15,440.7026672363281,478.5333251953125,486.6666564941406,476.79998779296875,484.6666564941406,2697349
2017-12-18,435.9444580078125,473.3666687011719,480.26666259765625,458.3333435058594,476.3333435058594,5631486
2017-12-19,453.1047668457031,492.0,494.23333740234375,474.8333435058594,476.26666259765625,4107204
2017-12-20,452.30657958984375,491.1333312988281,496.20001220703125,489.0333251953125,492.73333740234375,2065237
2017-12-21,448.77630615234375,487.29998779296875,495.5,485.1000061035156,491.23333740234375,1372447
2017-12-22,449.1753845214844,487.73333740234375,491.3333435058594,483.3333435058594,488.6000061035156,1371741
2017-12-26,451.60052490234375,490.3666687011719,492.6666564941406,486.3333435058594,489.8666687011719,1167906
2017-12-27,454.54754638671875,493.5666809082031,497.6666564941406,490.3999938964844,492.4666748046875,1706551
2017-12-28,468.63800048828125,508.8666687011719,512.4666748046875,493.5666809082031,493.8999938964844,4838206
2017-12-29,468.2696228027344,508.4666748046875,514.6666870117188,504.8999938964844,511.9333190917969,1476427
2018-01-01,464.0025634765625,503.8333435058594,513.3333129882812,501.6666564941406,507.8666687011719,1602100
2018-01-02,474.8697509765625,515.6333618164062,517.3333129882812,499.0,505.0333251953125,2827863
2018-01-03,476.31256103515625,517.2000122070312,525.1666870117188,516.0,517.9666748046875,2871907
2018-01-04,479.90423583984375,521.0999755859375,525.066650390625,518.6666870117188,519.933349609375,2061667
2018-01-05,475.3302001953125,516.1333618164062,523.7333374023438,513.8666381835938,523.7333374023438,1330975
2018-01-08,481.56195068359375,522.9000244140625,526.6666870117188,518.8333129882812,518.8333129882812,1991223
2018-01-09,485.3992004394531,527.066650390625,528.0,520.2666625976562,523.3333129882812,1936948
2018-01-10,478.1851501464844,519.2333374023438,529.3333129882812,516.0333251953125,528.6666870117188,1535887
2018-01-11,482.69781494140625,524.1333618164062,525.5333251953125,516.7000122070312,520.933349609375,1046914
2018-01-12,476.0362548828125,516.9000244140625,526.6666870117188,512.0333251953125,526.0,2933382
2018-01-15,475.42230224609375,516.2333374023438,522.6666870117188,513.4666748046875,518.6666870117188,1146082
2018-01-16,470.8175354003906,511.23333740234375,520.4666748046875,508.0333251953125,516.6333618164062,1834026
2018-01-17,479.3516845703125,520.5,522.6333618164062,503.26666259765625,511.3333435058594,1782994
2018-01-18,491.4775085449219,533.6666870117188,543.2666625976562,524.1666870117188,525.2000122070312,7805662
2018-01-19,492.61328125,534.9000244140625,538.7333374023438,527.3333129882812,533.0,1535200
2018-01-22,499.5202941894531,542.4000244140625,546.5333251953125,536.6666870117188,539.7999877929688,3594555
2018-01-23,495.6216735839844,538.1666870117188,545.2666625976562,531.7333374023438,545.1333618164062,2057214
2018-01-24,506.0590515136719,549.5,552.3333129882812,535.4000244140625,538.0,3865750
2018-01-25,472.10693359375,512.6333618164062,551.9000244140625,507.73333740234375,551.3333129882812,9762141
2018-01-29,484.1098937988281,525.6666870117188,530.2666625976562,514.6666870117188,518.6333618164062,8319201
2018-01-30,473.2120361328125,513.8333129882812,526.9000244140625,511.73333740234375,525.1333618164062,3530484
2018-01-31,461.7309265136719,501.3666687011719,518.0,497.6666564941406,516.6666870117188,2747253
2018-02-01,465.9058532714844,505.8999938964844,514.6666870117188,490.20001220703125,501.3666687011719,3845061
2018-02-02,450.0656433105469,488.70001220703125,501.3333435058594,482.6333312988281,500.0,3382230
2018-02-05,443.5882873535156,481.6666564941406,485.9666748046875,464.6666564941406,475.0,2492284
2018-02-06,429.80487060546875,466.70001220703125,474.3333435058594,453.3333435058594,464.0,3299244
2018-02-07,430.5416259765625,467.5,477.20001220703125,466.5333251953125,474.5333251953125,2703379
2018-02-08,440.8561706542969,478.70001220703125,481.3333435058594,468.6000061035156,469.3333435058594,2405113
2018-02-09,434.9007873535156,472.23333740234375,476.79998779296875,466.8999938964844,473.3333435058594,1867788
2018-02-12,446.0441589355469,484.3333435058594,486.6000061035156,473.6666564941406,475.6666564941406,1937262
2018-02-14,443.21990966796875,481.26666259765625,488.9666748046875,478.73333740234375,488.6666564941406,2169484
2018-02-15,439.6589660644531,477.3999938964844,486.1000061035156,475.3333435058594,484.70001220703125,1267582
2018-02-16,431.984375,469.0666809082031,483.3333435058594,466.73333740234375,479.9333190917969,1685658
2018-02-19,430.572265625,467.5333251953125,473.3333435058594,461.8666687011719,469.26666259765625,1388427
2018-02-20,426.919189453125,463.5666809082031,471.3333435058594,462.6666564941406,468.0,1161661
2018-02-21,422.56011962890625,458.8333435058594,467.79998779296875,455.1000061035156,465.0,3419208
2018-02-22,414.70135498046875,450.29998779296875,457.9666748046875,448.3333435058594,456.6666564941406,3107217
2018-02-23,430.11181640625,467.0333251953125,468.6666564941406,452.6666564941406,452.6666564941406,3681946
2018-02-26,442.3603820800781,480.3333435058594,483.8666687011719,470.6666564941406,471.3333435058594,3493792
2018-02-27,442.7594299316406,480.76666259765625,484.0,474.6666564941406,482.6666564941406,1850050
2018-02-28,447.4255676269531,485.8333435058594,488.26666259765625,478.79998779296875,482.6666564941406,3866728
2018-03-01,438.5230712890625,476.1666564941406,488.6000061035156,474.5333251953125,485.9666748046875,2816931
2018-03-05,442.6059875488281,480.6000061035156,482.23333740234375,467.5666809082031,476.0,1640220
2018-03-06,431.2476501464844,468.26666259765625,484.5333251953125,466.0,483.3333435058594,1678482
2018-03-07,431.0020751953125,468.0,473.8999938964844,461.76666259765625,466.0,2151202
2018-03-08,436.4049377441406,473.8666687011719,476.0,466.6666564941406,472.0,1834540
2018-03-09,437.2337951660156,474.76666259765625,481.6666564941406,472.5,476.6666564941406,1752177
2018-03-12,440.7947998046875,478.6333312988281,480.0,470.3999938964844,480.0,1417213
2018-03-13,443.7725524902344,481.8666687011719,485.9333190917969,475.29998779296875,479.1000061035156,2178453
2018-03-14,441.0403747558594,478.8999938964844,484.6666564941406,475.4333190917969,482.3333435058594,1568118
2018-03-15,442.7594299316406,480.76666259765625,485.0666809082031,478.29998779296875,479.9666748046875,1025422
2018-03-16,441.86920166015625,479.79998779296875,488.76666259765625,475.6000061035156,476.6666564941406,3329587
2018-03-19,430.9099426269531,467.8999938964844,481.0,466.1666564941406,479.3333435058594,1366059
2018-03-20,437.3258361816406,474.8666687011719,478.23333740234375,462.0,465.5,1944199
2018-03-21,438.92218017578125,476.6000061035156,479.9666748046875,473.3999938964844,478.6666564941406,2129493
2018-03-22,440.15008544921875,477.9333190917969,485.1000061035156,476.4333190917969,476.73333740234375,2156724
2018-03-23,432.6905212402344,469.8333435058594,474.5333251953125,465.8666687011719,470.0,2041255
2018-03-26,444.75482177734375,482.9333190917969,486.79998779296875,466.4333190917969,470.0,1725537
2018-03-27,452.36798095703125,491.20001220703125,494.70001220703125,485.6666564941406,485.6666564941406,2970558
2018-03-28,448.3465270996094,486.8333435058594,497.8666687011719,484.20001220703125,492.4666748046875,4465992
2018-04-02,461.9458312988281,501.6000061035156,504.0,487.0,491.26666259765625,1885776
2018-04-03,470.080810546875,510.4333190917969,511.3333435058594,498.0,501.20001220703125,2627949
2018-04-04,449.7279357910156,488.3333435058594,513.2999877929688,486.9333190917969,513.2999877929688,2569993
2018-04-05,464.7393493652344,504.6333312988281,505.70001220703125,496.76666259765625,498.0,1622911
2018-04-06,462.43701171875,502.1333312988281,504.23333740234375,496.9666748046875,502.0333251953125,728823
2018-04-09,461.2090148925781,500.79998779296875,510.3999938964844,498.26666259765625,504.6666564941406,3060993
2018-04-10,461.5160827636719,501.1333312988281,507.20001220703125,498.0,505.23333740234375,958611
2018-04-11,457.7401428222656,497.0333251953125,504.1333312988281,493.6000061035156,503.20001220703125,873540
2018-04-12,459.1830139160156,498.6000061035156,500.0666809082031,493.4333190917969,499.3333435058594,1045483
2018-04-13,458.69183349609375,498.0666809082031,503.6666564941406,494.5333251953125,502.9333190917969,1348426
2018-04-16,468.82220458984375,509.0666809082031,510.0,494.0,495.3333435058594,1108276
2018-04-17,465.1076965332031,505.0333251953125,512.5999755859375,502.23333740234375,512.5999755859375,1341004
2018-04-18,465.1383972167969,505.0666809082031,508.73333740234375,501.73333740234375,506.6666564941406,890097
2018-04-19,472.0761413574219,512.5999755859375,516.5999755859375,505.0666809082031,506.1000061035156,2189419
2018-04-20,470.1422424316406,510.5,513.933349609375,500.8666687011719,511.9333190917969,1737316
2018-04-23,462.8053283691406,502.5333251953125,516.2666625976562,501.20001220703125,512.0,1597674
2018-04-24,457.2182922363281,496.4666748046875,502.26666259765625,493.26666259765625,502.26666259765625,1805994
2018-04-25,456.7270812988281,495.9333190917969,501.8666687011719,491.0,496.4666748046875,1607793
2018-04-26,460.6257629394531,500.1666564941406,503.3333435058594,493.8666687011719,497.1333312988281,2543394
2018-04-27,463.14300537109375,502.8999938964844,507.29998779296875,501.0666809082031,503.29998779296875,1711810
2018-04-30,448.1009521484375,486.5666809082031,506.4666748046875,483.3999938964844,505.26666259765625,3093207
2018-05-02,450.280517578125,488.9333190917969,494.0,485.3333435058594,488.0,1442760
2018-05-03,434.6244201660156,471.9333190917969,490.1666564941406,469.5333251953125,488.9333190917969,2562340
2018-05-04,432.01513671875,469.1000061035156,474.3999938964844,466.76666259765625,472.0,1587040
2018-05-07,440.45709228515625,478.26666259765625,479.26666259765625,463.3333435058594,470.0,1563171
2018-05-08,442.9743347167969,481.0,484.0,479.0,480.0,1543783
2018-05-09,448.9912109375,487.5333251953125,489.0333251953125,480.6666564941406,480.6666564941406,2205747
2018-05-10,443.2813415527344,481.3333435058594,488.9666748046875,480.0333251953125,488.6666564941406,948909
2018-05-11,451.4163513183594,490.1666564941406,493.0666809082031,482.0,483.1333312988281,1650226
2018-05-14,447.2720947265625,485.6666564941406,493.23333740234375,483.3999938964844,491.1333312988281,1035649
2018-05-15,450.2191162109375,488.8666687011719,493.3333435058594,480.0666809082031,485.5333251953125,1053292
2018-05-16,445.6451110839844,483.8999938964844,491.8999938964844,481.0333251953125,486.6666564941406,1119166
2018-05-17,434.13323974609375,471.3999938964844,485.3666687011719,470.0333251953125,484.20001220703125,1043016
2018-05-18,435.57611083984375,472.9666748046875,475.4666748046875,469.6000061035156,471.3999938964844,1332394
2018-05-21,419.0604553222656,455.0333251953125,474.6000061035156,450.1333312988281,474.6000061035156,3579453
2018-05-22,418.9070129394531,454.8666687011719,460.0,448.5,460.0,2762500
2018-05-23,420.84100341796875,456.9666748046875,464.29998779296875,453.3333435058594,454.6666564941406,1497970
2018-05-24,426.5201416015625,463.1333312988281,464.9333190917969,455.3333435058594,459.3333435058594,1395031
2018-05-25,428.0857238769531,464.8333435058594,468.23333740234375,458.3666687011719,463.3333435058594,1554840
2018-05-28,442.6673583984375,480.6666564941406,500.0,466.6666564941406,466.6666564941406,2891208
2018-05-29,432.7518310546875,469.8999938964844,481.9333190917969,467.5,481.9333190917969,1134163
2018-05-30,432.6597595214844,469.79998779296875,478.4666748046875,466.5333251953125,468.6000061035156,1407166
2018-05-31,434.4402770996094,471.73333740234375,477.1666564941406,469.3333435058594,472.6000061035156,5708037
2018-06-01,428.3927307128906,465.1666564941406,475.6333312988281,462.8666687011719,472.9333190917969,1222384
2018-06-04,421.4549560546875,457.6333312988281,469.8666687011719,455.3333435058594,466.79998779296875,863778
2018-06-05,420.9945068359375,457.1333312988281,461.3333435058594,453.79998779296875,456.6000061035156,1200031
2018-06-06,425.8141174316406,462.3666687011719,464.0,455.0666809082031,459.0666809082031,1291956
2018-06-07,432.26068115234375,469.3666687011719,471.26666259765625,458.6333312988281,463.3333435058594,1654620
2018-06-08,437.69427490234375,475.26666259765625,477.8999938964844,464.23333740234375,467.6000061035156,2680872
2018-06-11,429.3443908691406,466.20001220703125,475.20001220703125,464.9666748046875,475.20001220703125,1658448
2018-06-12,422.8363952636719,459.1333312988281,469.0333251953125,458.4666748046875,465.26666259765625,1688136
2018-06-13,422.13031005859375,458.3666687011719,462.6666564941406,456.0,460.0333251953125,1191624
2018-06-14,420.5033264160156,456.6000061035156,462.3333435058594,454.5666809082031,461.3333435058594,1281625
2018-06-15,430.2039489746094,467.1333312988281,471.1666564941406,457.3333435058594,459.8666687011719,4115832
2018-06-18,425.0158996582031,461.5,466.6000061035156,460.5333251953125,466.6000061035156,680317
2018-06-19,413.8724670410156,449.3999938964844,459.70001220703125,448.0666809082031,459.3333435058594,1774452
2018-06-20,400.4574279785156,434.8333435058594,450.9333190917969,432.6000061035156,450.0,4071990
2018-06-21,396.6201171875,430.6666564941406,436.23333740234375,427.3999938964844,434.8333435058594,4725118
2018-06-22,393.0591125488281,426.79998779296875,428.8999938964844,421.4666748046875,427.5666809082031,4599169
2018-06-25,389.34466552734375,422.76666259765625,432.5,420.9666748046875,429.3333435058594,2425305
2018-06-26,392.81353759765625,426.5333251953125,428.0,417.26666259765625,421.3333435058594,2702764
2018-06-27,381.05615234375,413.76666259765625,426.6666564941406,411.3333435058594,426.5333251953125,2056651
2018-06-28,372.4606628417969,404.4333190917969,417.20001220703125,402.8666687011719,410.73333740234375,5499982
2018-06-29,379.9203186035156,412.5333251953125,414.4333190917969,403.3333435058594,405.70001220703125,3006667
2018-07-02,383.542724609375,416.4666748046875,418.9333190917969,409.4666748046875,411.3999938964844,1684384
2018-07-03,386.95025634765625,420.1666564941406,421.3333435058594,410.0,414.8666687011719,1310076
2018-07-04,383.2357177734375,416.1333312988281,422.6666564941406,413.70001220703125,420.1000061035156,1075248
2018-07-05,382.5296936035156,415.3666687011719,421.5666809082031,414.0666809082031,418.4666748046875,866314
2018-07-06,381.5166015625,414.26666259765625,418.6666564941406,412.8333435058594,416.0,1359757
2018-07-09,382.99017333984375,415.8666687011719,418.6666564941406,414.0,417.20001220703125,1464405
2018-07-10,391.1558837890625,424.73333740234375,427.3333435058594,416.0333251953125,418.26666259765625,3389203
2018-07-11,370.4959716796875,402.29998779296875,424.20001220703125,398.70001220703125,424.0666809082031,4669614
2018-07-12,357.29583740234375,387.9666748046875,407.29998779296875,385.1000061035156,403.9333190917969,5765943
2018-07-13,345.3849182128906,375.0333251953125,387.6666564941406,365.8999938964844,387.3333435058594,15161788
2018-07-16,343.6965026855469,373.20001220703125,379.5333251953125,368.73333740234375,379.5333251953125,7154964
2018-07-17,350.5729064941406,380.6666564941406,383.8333435058594,373.3333435058594,374.4333190917969,3152394
2018-07-18,341.8853454589844,371.23333740234375,385.1000061035156,367.6000061035156,382.6666564941406,3730662
2018-07-19,338.9076232910156,368.0,374.3999938964844,358.1666564941406,372.0,3273880
2018-07-20,337.4341125488281,366.3999938964844,370.0,361.3333435058594,368.6333312988281,2635054
2018-07-23,388.0860290527344,421.3999938964844,426.3333435058594,374.0666809082031,381.8666687011719,35708673
2018-07-24,386.9195251464844,420.1333312988281,441.76666259765625,414.8999938964844,423.3333435058594,15515727
2018-07-25,391.55499267578125,425.1666564941406,428.8333435058594,413.5333251953125,421.3333435058594,5349271
2018-07-26,391.4014892578125,425.0,430.1666564941406,418.70001220703125,425.3333435058594,9681316
2018-07-27,390.1735534667969,423.6666564941406,429.3333435058594,421.8666687011719,425.70001220703125,1587696
2018-07-30,394.53265380859375,428.3999938964844,432.3333435058594,423.29998779296875,425.9666748046875,3373032
2018-07-31,395.4228820800781,429.3666687011719,437.23333740234375,420.8333435058594,429.6666564941406,6335571
2018-08-01,394.0721740722656,427.8999938964844,432.9666748046875,424.6666564941406,432.0666809082031,2283748
2018-08-02,390.94097900390625,424.5,431.6333312988281,422.3999938964844,427.8999938964844,2709216
2018-08-03,393.58099365234375,427.3666687011719,429.6666564941406,424.70001220703125,426.0,1478691
2018-08-06,402.8211364746094,437.3999938964844,441.26666259765625,426.73333740234375,426.73333740234375,3583215
2018-08-07,397.35693359375,431.4666748046875,442.6000061035156,429.73333740234375,441.1333312988281,1941643
2018-08-08,397.7559509277344,431.8999938964844,435.8333435058594,427.9333190917969,433.3333435058594,1500355
2018-08-09,396.2486267089844,425.1666564941406,429.5333251953125,422.6666564941406,428.73333740234375,1537924
2018-08-10,395.53411865234375,424.3999938964844,432.8666687011719,421.0333251953125,426.6000061035156,2416305
2018-08-13,388.5752258300781,416.9333190917969,423.3333435058594,414.1333312988281,420.0,1529908
2018-08-14,379.2864990234375,406.9666748046875,419.29998779296875,399.4666748046875,416.9333190917969,3924208
2018-08-16,378.7893981933594,406.4333190917969,414.6000061035156,404.76666259765625,408.0,2542926
2018-08-17,383.2008056640625,411.1666564941406,412.5333251953125,405.1000061035156,408.4666748046875,1818678
2018-08-20,384.53668212890625,412.6000061035156,414.8333435058594,406.0,413.23333740234375,2864055
2018-08-21,401.498779296875,430.79998779296875,434.0,413.0,416.6000061035156,5502780
2018-08-23,403.8287048339844,433.29998779296875,438.6666564941406,426.0666809082031,433.4666748046875,4068225
2018-08-24,406.0343933105469,435.6666564941406,449.3333435058594,428.70001220703125,431.3333435058594,7670341
2018-08-27,409.8244934082031,439.73333740234375,441.79998779296875,434.0,438.9333190917969,2481079
2018-08-28,406.4383239746094,436.1000061035156,444.6666564941406,434.0,441.3333435058594,2755206
2018-08-29,422.49951171875,453.3333435058594,457.6666564941406,436.4333190917969,437.26666259765625,7871448
2018-08-30,432.5338134765625,464.1000061035156,466.0,455.3333435058594,457.3333435058594,8968888
2018-08-31,444.43218994140625,476.8666687011719,481.26666259765625,459.6333312988281,463.3333435058594,8761225
2018-09-03,447.7562255859375,480.4333190917969,484.0,473.3333435058594,479.76666259765625,3344458
2018-09-04,434.0561218261719,465.73333740234375,480.0,462.8999938964844,478.1333312988281,3380101
2018-09-05,433.2794189453125,464.8999938964844,475.0,455.6666564941406,465.9333190917969,7909251
2018-09-06,438.0636291503906,470.0333251953125,472.9666748046875,464.5,467.6000061035156,3080107
2018-09-07,443.62445068359375,476.0,478.6666564941406,467.8333435058594,472.4666748046875,2899302
2018-09-10,436.9452209472656,468.8333435058594,481.8666687011719,467.0666809082031,476.6333312988281,2498602
2018-09-11,427.2525939941406,458.4333190917969,476.6666564941406,454.8666687011719,471.6666564941406,3939748
2018-09-12,437.1937561035156,469.1000061035156,470.6666564941406,453.3999938964844,461.4666748046875,2029983
2018-09-14,457.75958251953125,491.1666564941406,492.6000061035156,472.73333740234375,473.3333435058594,5772796
2018-09-17,449.52703857421875,482.3333435058594,490.6333312988281,481.3333435058594,489.9333190917969,2400687
2018-09-18,440.5489807128906,472.70001220703125,492.1000061035156,469.76666259765625,484.6666564941406,3940686
2018-09-19,430.1417541503906,461.5333251953125,477.1666564941406,458.6666564941406,476.0,3927616
2018-09-21,413.6766662597656,443.8666687011719,472.6666564941406,392.3333435058594,461.6666564941406,7661755
2018-09-24,404.7296447753906,434.26666259765625,448.0,426.6333312988281,446.0,3962002
2018-09-25,410.6632995605469,440.6333312988281,443.26666259765625,426.6333312988281,434.20001220703125,2941122
2018-09-26,433.4036865234375,465.0333251953125,470.0,435.8333435058594,442.6666564941406,5745096
2018-09-27,424.4256286621094,455.3999938964844,469.0,452.4333190917969,468.29998779296875,3939211
2018-09-28,412.7447204589844,442.8666687011719,460.3999938964844,436.6666564941406,456.6666564941406,2304535
2018-10-01,413.55242919921875,443.73333740234375,446.6666564941406,425.4333190917969,443.1000061035156,3044547
2018-10-03,399.2930908203125,428.4333190917969,446.0666809082031,426.26666259765625,444.0,5244559
2018-10-04,390.6567077636719,419.1666564941406,430.29998779296875,414.1333312988281,420.0333251953125,3694857
2018-10-05,370.7122497558594,397.76666259765625,421.29998779296875,393.76666259765625,418.5333251953125,3832315
2018-10-08,384.6920166015625,412.76666259765625,416.6666564941406,388.1000061035156,398.6666564941406,5443380
2018-10-09,375.341064453125,402.73333740234375,415.29998779296875,394.1666564941406,415.29998779296875,2549713
2018-10-10,386.74237060546875,414.9666748046875,416.6666564941406,403.3333435058594,403.3333435058594,1838878
2018-10-11,375.9934387207031,403.4333190917969,414.9333190917969,393.4666748046875,406.0,2389195
2018-10-12,390.1596374511719,418.6333312988281,423.3333435058594,406.0666809082031,406.0666809082031,2403772
2018-10-15,395.1302185058594,423.9666748046875,425.6666564941406,413.8333435058594,418.6333312988281,2045935
2018-10-16,398.9513244628906,428.0666809082031,432.0,422.1000061035156,426.6666564941406,2271903
2018-10-17,396.55926513671875,425.5,443.3333435058594,421.1333312988281,430.76666259765625,2559759
2018-10-19,400.3493347167969,429.5666809082031,432.5,418.3999938964844,425.29998779296875,3179949
2018-10-22,393.701171875,422.4333190917969,434.6666564941406,417.3999938964844,430.0,1625406
2018-10-23,382.33099365234375,410.23333740234375,423.3333435058594,405.8333435058594,420.6666564941406,2843146
2018-10-24,386.9598693847656,415.20001220703125,419.3333435058594,409.1333312988281,410.6666564941406,1395015
2018-10-25,372.4519348144531,399.6333312988281,412.3666687011719,396.9333190917969,411.9333190917969,2476828
2018-10-26,386.897705078125,415.1333312988281,417.6000061035156,390.0,401.9333190917969,6888616
2018-10-29,392.4274597167969,421.0666809082031,423.1333312988281,408.8666687011719,413.3333435058594,3053157
2018-10-30,395.6583557128906,424.5333251953125,431.9333190917969,415.6666564941406,418.6666564941406,3743070
2018-10-31,418.9890441894531,449.5666809082031,451.4666748046875,424.6666564941406,426.0,4633326
2018-11-01,432.3785095214844,463.9333190917969,466.0,446.6666564941406,450.6666564941406,4804108
2018-11-02,442.0400695800781,474.29998779296875,477.6666564941406,466.0,466.0,7268007
2018-11-05,450.0240478515625,482.8666687011719,485.79998779296875,466.29998779296875,472.29998779296875,2223669
2018-11-06,448.5329284667969,481.26666259765625,485.29998779296875,476.5666809082031,480.76666259765625,2185276
2018-11-07,453.31707763671875,486.3999938964844,487.9333190917969,481.5,481.5666809082031,579105
2018-11-09,459.7789001464844,493.3333435058594,496.6000061035156,481.6666564941406,484.9666748046875,2790439
2018-11-12,455.5538635253906,488.79998779296875,501.1333312988281,486.8666687011719,493.3333435058594,2123223
2018-11-13,457.63531494140625,491.0333251953125,493.29998779296875,477.6000061035156,486.0,2353732
2018-11-14,472.36065673828125,506.8333435058594,507.8666687011719,491.0,492.1333312988281,4428133
2018-11-15,474.4731140136719,509.1000061035156,513.2999877929688,504.0,507.9666748046875,4799854
2018-11-16,479.5679626464844,514.566650390625,516.433349609375,505.23333740234375,508.0,3262251
2018-11-19,481.6493835449219,516.7999877929688,518.5,511.5333251953125,515.3333129882812,3290689
2018-11-20,471.708251953125,506.1333312988281,515.2000122070312,498.0,514.0,4928892
2018-11-21,484.1657409667969,519.5,523.0,506.6666564941406,506.6666564941406,4290877
2018-11-22,483.57550048828125,518.8666381835938,523.2666625976562,514.4000244140625,519.3333129882812,1803559
2018-11-26,480.34466552734375,515.4000244140625,519.9666748046875,505.3333435058594,518.8666381835938,2140660
2018-11-27,477.51763916015625,512.3666381835938,515.933349609375,502.6666564941406,510.6666564941406,3071856
2018-11-28,479.5679626464844,514.566650390625,519.7666625976562,510.3333435058594,510.6666564941406,1575307
2018-11-29,484.07257080078125,519.4000244140625,526.2666625976562,508.0333251953125,516.6666870117188,4206577
2018-11-30,470.8384094238281,505.20001220703125,523.6666870117188,503.3666687011719,520.0999755859375,3199104
2018-12-03,455.1810302734375,488.3999938964844,508.0,485.4666748046875,508.0,4269495
2018-12-04,466.89300537109375,500.9666748046875,506.3333435058594,488.4666748046875,488.4666748046875,4095196
2018-12-05,465.61932373046875,499.6000061035156,502.6666564941406,491.4666748046875,499.3333435058594,1905786
2018-12-06,464.0038757324219,497.8666687011719,506.0,491.1000061035156,498.0,3054313
2018-12-07,470.7762756347656,505.1333312988281,509.20001220703125,492.9666748046875,502.6000061035156,2186733
2018-12-10,463.8485107421875,497.70001220703125,505.6666564941406,493.29998779296875,493.3333435058594,2034591
2018-12-11,464.7183532714844,498.6333312988281,500.6666564941406,487.4666748046875,493.3333435058594,2417344
2018-12-12,490.8760986328125,526.7000122070312,529.5333251953125,500.0666809082031,500.0666809082031,3412810
2018-12-13,480.5621337890625,515.6333618164062,526.0,514.1333618164062,526.0,2861619
2018-12-14,475.1566162109375,509.8333435058594,518.0,505.8999938964844,513.3333129882812,2379991
2018-12-17,477.2069091796875,512.0333251953125,514.6666870117188,508.6666564941406,513.2000122070312,1096198
2018-12-18,462.04669189453125,495.76666259765625,516.066650390625,494.0,508.0,3009928
2018-12-19,469.5335693359375,503.79998779296875,506.6666564941406,496.6666564941406,497.9333190917969,2369217
2018-12-20,478.4184875488281,513.3333129882812,516.1333618164062,497.8999938964844,501.3333435058594,2179683
2018-12-21,457.0760803222656,490.4333190917969,515.933349609375,488.70001220703125,514.0333251953125,5238295
2018-12-24,457.5731506347656,490.9666748046875,498.4666748046875,480.6666564941406,490.6666564941406,2679819
2018-12-26,466.1163330078125,500.1333312988281,501.26666259765625,485.3333435058594,491.3333435058594,2992971
2018-12-27,465.7745666503906,499.76666259765625,506.0,496.8333435058594,504.0,1750644
2018-12-28,471.211181640625,505.6000061035156,514.0,501.6666564941406,501.6666564941406,3371275
2018-12-31,471.11798095703125,505.5,510.8333435058594,502.29998779296875,508.0,2249962
2019-01-01,468.16668701171875,502.3333435058594,510.4666748046875,497.6666564941406,506.6666564941406,2415372
2019-01-02,470.0306701660156,504.3333435058594,505.6333312988281,496.0,500.0,1962064
2019-01-03,463.9106140136719,497.76666259765625,505.29998779296875,496.1666564941406,503.3333435058594,1579716
2019-01-04,469.96856689453125,504.26666259765625,506.1666564941406,495.3999938964844,499.20001220703125,1590477
2019-01-07,474.5352478027344,509.1666564941406,511.8333435058594,506.0,506.6666564941406,2384899
2019-01-08,467.35894775390625,501.4666748046875,510.0,498.6666564941406,509.0,1472160
2019-01-09,475.1875915527344,509.8666687011719,511.3333435058594,502.29998779296875,505.3333435058594,1559776
2019-01-10,480.34466552734375,515.4000244140625,520.0,510.0333251953125,510.5333251953125,3601815
2019-01-11,486.7752990722656,522.2999877929688,524.6666870117188,515.3333129882812,516.6666870117188,3904549
2019-01-14,478.6670227050781,513.5999755859375,522.6666870117188,511.26666259765625,522.6666870117188,2088177
2019-01-15,482.11541748046875,517.2999877929688,521.4000244140625,514.6333618164062,515.066650390625,2047294
2019-01-16,475.995361328125,510.73333740234375,517.2999877929688,501.73333740234375,517.2999877929688,3876135
2019-01-17,477.82830810546875,512.7000122070312,515.7000122070312,507.8333435058594,511.76666259765625,2164326
2019-01-18,475.9643249511719,510.70001220703125,514.0,509.3333435058594,512.0,1379212
2019-01-21,477.8904113769531,512.7666625976562,515.2333374023438,504.1333312988281,510.0,1691152
2019-01-22,474.2556457519531,508.8666687011719,514.7000122070312,502.29998779296875,510.79998779296875,2125471
2019-01-23,473.9761047363281,508.5666809082031,521.433349609375,506.5666809082031,509.3333435058594,3505369
2019-01-24,464.3455505371094,498.23333740234375,511.5666809082031,495.29998779296875,510.0,3163807
2019-01-25,467.9181823730469,502.0666809082031,511.3999938964844,498.0,502.0,2655358
2019-01-28,472.23638916015625,506.70001220703125,509.3333435058594,496.0,503.3333435058594,1839426
2019-01-29,472.3917541503906,506.8666687011719,511.6333312988281,498.0333251953125,505.0,1701693
2019-01-30,476.7720642089844,511.5666809082031,513.3333129882812,503.5333251953125,508.73333740234375,1585777
2019-01-31,488.6703186035156,524.3333129882812,526.5999755859375,509.4666748046875,517.1333618164062,3449514
2019-02-01,484.5386047363281,519.9000244140625,533.1666870117188,510.9333190917969,533.1666870117188,4440582
2019-02-04,478.9777526855469,513.933349609375,516.7000122070312,505.3333435058594,514.1666870117188,1881016
2019-02-05,494.5418701171875,530.6333618164062,533.3333129882812,515.2333374023438,515.2333374023438,3774670
2019-02-06,500.320068359375,536.8333129882812,540.0,530.8333129882812,534.6666870117188,5621341
2019-02-07,502.6500244140625,539.3333129882812,545.0,534.8666381835938,536.8333129882812,2501457
2019-02-08,504.6383972167969,541.4666748046875,544.5333251953125,533.7333374023438,536.3333129882812,2092582
2019-02-11,500.69293212890625,537.2333374023438,543.3333129882812,534.2999877929688,541.3333129882812,1739295
2019-02-12,494.6971435546875,530.7999877929688,541.6666870117188,527.7666625976562,538.0,3056557
2019-02-14,510.1370849609375,547.3666381835938,549.6666870117188,541.0999755859375,542.8666381835938,2615476
2019-02-15,508.4595031738281,545.566650390625,547.3333129882812,537.4666748046875,546.0,2801466
2019-02-18,510.6341552734375,547.9000244140625,553.3333129882812,537.3666381835938,546.1666870117188,2855346
2019-02-19,507.279052734375,544.2999877929688,549.6333618164062,541.3333129882812,547.3333129882812,2227756
2019-02-20,511.193359375,548.5,552.6666870117188,542.5333251953125,546.2000122070312,2243914
2019-02-21,513.367919921875,550.8333129882812,555.1333618164062,545.3333129882812,550.0,1567429
2019-02-22,514.0514526367188,551.566650390625,553.2666625976562,546.2000122070312,550.5999755859375,1242933
2019-02-25,526.6642456054688,565.0999755859375,567.933349609375,552.0,552.0,5528401
2019-02-26,531.2620239257812,570.0333251953125,571.8333129882812,558.3666381835938,561.5,3751057
2019-02-27,540.1159057617188,579.5333251953125,581.2666625976562,571.2333374023438,571.2333374023438,4709425
2019-02-28,545.2728881835938,585.066650390625,587.7333374023438,574.7999877929688,584.6666870117188,3728826
2019-03-01,540.3954467773438,579.8333129882812,587.933349609375,578.7666625976562,584.066650390625,2489419
2019-03-05,543.968017578125,583.6666870117188,585.6666870117188,577.0333251953125,581.8666381835938,2047953
2019-03-06,545.1176147460938,584.9000244140625,589.7333374023438,577.7999877929688,586.0,3145128
2019-03-07,541.8245239257812,581.3666381835938,584.6666870117188,578.1666870117188,584.6666870117188,1957380
2019-03-08,547.851318359375,587.8333129882812,590.0,575.7000122070312,580.8666381835938,2670367
2019-03-11,557.14013671875,597.7999877929688,599.6333618164062,591.7333374023438,592.9666748046875,3862593
2019-03-12,558.1342163085938,598.8666381835938,604.5999755859375,595.7666625976562,600.0,3303049
2019-03-13,566.1493530273438,607.4666748046875,609.933349609375,594.6666870117188,600.0,2410987
2019-03-14,561.5204467773438,602.5,610.8333129882812,600.2000122070312,607.4666748046875,2051482
2019-03-15,573.7605590820312,615.6333618164062,618.933349609375,601.5999755859375,602.6666870117188,3914647
2019-03-18,576.0283203125,618.066650390625,623.9666748046875,611.2000122070312,615.6666870117188,1920841
2019-03-19,578.637939453125,620.8666381835938,623.3333129882812,612.2333374023438,619.3333129882812,1699530
2019-03-20,581.185302734375,623.5999755859375,626.5333251953125,618.066650390625,620.0,1350502
2019-03-22,580.9057006835938,623.2999877929688,627.3333129882812,618.1666870117188,622.5999755859375,2009527
2019-03-25,567.081298828125,608.4666748046875,621.1333618164062,603.8666381835938,620.0,3463663
2019-03-26,561.24072265625,602.2000122070312,611.5333251953125,594.066650390625,607.0333251953125,5470843
2019-03-27,560.3709716796875,601.2666625976562,607.9666748046875,596.3666381835938,602.2333374023438,3127998
2019-03-28,577.2399291992188,619.3666381835938,623.9666748046875,597.5999755859375,603.933349609375,3678943
2019-04-01,580.5018310546875,622.8666381835938,641.3333129882812,620.6666870117188,638.6666870117188,2154235
2019-04-02,576.0283203125,618.066650390625,626.6666870117188,610.3333129882812,626.6666870117188,2910394
2019-04-03,574.257568359375,616.1666870117188,624.5999755859375,612.5,618.6666870117188,2421073
2019-04-04,578.76220703125,621.0,623.5333251953125,600.6666870117188,613.7333374023438,3566650
2019-04-05,584.6646728515625,627.3333129882812,628.2666625976562,619.2000122070312,623.3333129882812,1581183
2019-04-08,588.2683715820312,631.2000122070312,633.933349609375,622.433349609375,625.3333129882812,2838687
2019-04-09,586.9324951171875,629.7666625976562,630.566650390625,620.0,629.0,1950130
2019-04-10,575.3137817382812,617.2999877929688,630.3333129882812,615.5999755859375,625.3333129882812,2310324
2019-04-11,573.2012939453125,615.0333251953125,620.4666748046875,612.1666870117188,617.2000122070312,2152191
2019-04-12,575.2206420898438,617.2000122070312,619.8333129882812,607.3333129882812,614.9666748046875,1726512
2019-04-15,577.6748657226562,619.8333129882812,621.2000122070312,611.2000122070312,618.0,951798
2019-04-16,580.2533569335938,622.5999755859375,626.4000244140625,617.0999755859375,623.3333129882812,1663135
2019-04-18,580.346435546875,622.7000122070312,625.9666748046875,617.4000244140625,623.3666381835938,1373866
2019-04-22,582.3657836914062,624.8666381835938,628.2333374023438,615.2999877929688,620.7333374023438,1472943
2019-04-23,585.7521362304688,628.5,630.0,619.7999877929688,624.8666381835938,2072107
2019-04-24,589.1383056640625,632.1333618164062,634.0,627.4000244140625,628.5,2331580
2019-04-25,599.638671875,643.4000244140625,649.2666625976562,630.6666870117188,633.6666870117188,5125930
2019-04-26,602.9005737304688,646.9000244140625,648.4666748046875,639.0333251953125,647.0333251953125,1881886
2019-04-30,602.1549682617188,646.0999755859375,650.1666870117188,639.7666625976562,646.9000244140625,2815422
2019-05-02,598.8930053710938,642.5999755859375,648.6666870117188,636.7000122070312,644.6666870117188,1622932
2019-05-03,602.9005737304688,646.9000244140625,649.3333129882812,639.3666381835938,640.7999877929688,1927042
2019-05-06,590.1323852539062,633.2000122070312,643.8333129882812,625.7000122070312,643.8333129882812,4814233
2019-05-07,590.9711303710938,634.0999755859375,636.7000122070312,622.7000122070312,633.4000244140625,3169456
2019-05-08,597.4949951171875,641.0999755859375,645.5999755859375,630.2666625976562,635.3333129882812,3577144
2019-05-09,589.5732421875,632.5999755859375,641.066650390625,628.5333251953125,641.066650390625,2804535
2019-05-10,595.8484497070312,639.3333129882812,641.9666748046875,631.3333129882812,634.0,1315174
2019-05-13,592.2138061523438,635.433349609375,641.066650390625,632.0,636.6666870117188,1290021
2019-05-14,593.4254150390625,636.7333374023438,638.7000122070312,625.7999877929688,635.4666748046875,1739086
2019-05-15,602.3724365234375,646.3333129882812,651.933349609375,636.5999755859375,636.6666870117188,3493476
2019-05-16,603.211181640625,647.2333374023438,655.2999877929688,638.0999755859375,646.3333129882812,3484113
2019-05-17,603.0869750976562,647.0999755859375,661.9666748046875,638.9000244140625,647.2333374023438,6761281
2019-05-20,633.0347900390625,679.2333374023438,682.0,643.566650390625,653.566650390625,4136778
2019-05-21,621.2295532226562,666.566650390625,695.7333374023438,664.5333251953125,678.6666870117188,3954751
2019-05-22,630.4251708984375,676.433349609375,679.2999877929688,660.9000244140625,666.6666870117188,2408680
2019-05-23,628.9028930664062,674.7999877929688,691.1333618164062,670.1666870117188,683.3333129882812,1766235
2019-05-24,634.2772827148438,680.566650390625,682.933349609375,674.9666748046875,676.6666870117188,1710969
2019-05-27,636.5142211914062,682.9666748046875,695.8333129882812,678.1666870117188,683.3333129882812,1762828
2019-05-28,635.7465209960938,677.0333251953125,693.3333129882812,674.5999755859375,682.0,3132475
2019-05-29,624.1340942382812,664.6666870117188,676.0,661.0,676.0,2464860
2019-05-30,629.6742553710938,670.566650390625,675.8666381835938,658.1333618164062,661.5333251953125,3646278
2019-05-31,625.354736328125,665.9666748046875,677.6333618164062,661.6666870117188,670.6666870117188,2379486
2019-06-03,630.4568481445312,671.4000244140625,673.9000244140625,662.4000244140625,670.0,1674882
2019-06-04,632.8670043945312,673.9666748046875,681.9000244140625,667.8333129882812,670.4000244140625,1706593
2019-06-06,633.6494750976562,674.7999877929688,678.6666870117188,664.566650390625,676.0,2405782
2019-06-07,638.1880493164062,679.6333618164062,681.9666748046875,669.8666381835938,676.6333618164062,1803933
2019-06-10,636.2786865234375,677.5999755859375,684.433349609375,669.0999755859375,680.6666870117188,2256337
2019-06-11,647.6095581054688,689.6666870117188,691.3333129882812,672.9666748046875,679.3333129882812,2096656
2019-06-12,639.0018310546875,680.5,693.3333129882812,675.4666748046875,686.8333129882812,1595478
2019-06-13,629.1421508789062,670.0,680.6666870117188,655.6666870117188,679.6666870117188,3813823
2019-06-14,629.7681884765625,670.6666870117188,676.3333129882812,664.2999877929688,670.0,1566462
2019-06-17,622.8507690429688,663.2999877929688,675.8666381835938,660.6666870117188,671.6666870117188,2156566
2019-06-18,625.8243408203125,666.4666748046875,669.0,658.6666870117188,662.6666870117188,1687842
2019-06-19,594.8993530273438,633.5333251953125,670.566650390625,624.5999755859375,668.6666870117188,3985851
2019-06-20,544.7869873046875,580.1666870117188,627.0333251953125,555.3333129882812,627.0333251953125,19358599
2019-06-21,557.21337890625,593.4000244140625,609.8333129882812,578.7666625976562,584.0,18670945
2019-06-24,586.2915649414062,624.3666381835938,627.7333374023438,596.7999877929688,602.2666625976562,9759534
2019-06-25,585.2899780273438,623.2999877929688,626.5333251953125,606.9666748046875,622.5999755859375,7711264
2019-06-26,600.0012817382812,638.9666748046875,642.5333251953125,614.7333374023438,620.6666870117188,5048098
2019-06-27,590.6424560546875,629.0,641.2000122070312,624.7666625976562,634.7666625976562,7862520
2019-06-28,586.8550415039062,624.9666748046875,634.0,612.433349609375,630.6666870117188,4939270
2019-07-01,593.584716796875,632.1333618164062,638.0,623.7000122070312,630.0,6057955
2019-07-02,616.1367797851562,656.1500244140625,658.9000244140625,625.0499877929688,637.4000244140625,6615515
2019-07-03,612.0520629882812,651.7999877929688,662.6500244140625,648.0999755859375,658.5,2997163
2019-07-04,655.7633056640625,698.3499755859375,705.9500122070312,652.9000244140625,654.8499755859375,12488054
2019-07-05,625.1982421875,665.7999877929688,709.0499877929688,660.7999877929688,706.9000244140625,12058104
2019-07-08,621.723876953125,662.0999755859375,673.5,653.0,669.9500122070312,4403598
2019-07-09,601.0185546875,640.0499877929688,660.0,632.25,660.0,7434335
2019-07-10,596.1356201171875,634.8499755859375,646.6500244140625,627.2999877929688,635.0,4906675
2019-07-11,592.7552490234375,631.25,649.0,629.0499877929688,641.0999755859375,2705479
2019-07-12,591.62841796875,630.0499877929688,646.9000244140625,627.0,632.0,4796783
2019-07-15,607.9203491210938,647.4000244140625,650.0,621.5,634.0,4505796
2019-07-16,602.7557373046875,641.9000244140625,645.75,630.3499755859375,642.5,3830334
2019-07-17,619.5172729492188,659.75,664.9500122070312,643.7000122070312,644.0,4855881
2019-07-18,614.8220825195312,654.75,670.9500122070312,647.4000244140625,658.0,4968435
2019-07-19,604.2113037109375,643.4500122070312,664.1500244140625,630.5,655.0999755859375,3836625
2019-07-22,599.8917846679688,638.8499755859375,647.0,634.6500244140625,647.0,2261563
2019-07-23,605.8075561523438,645.1500244140625,654.7999877929688,641.0,642.5999755859375,2462809
2019-07-24,579.4212036132812,617.0499877929688,649.0,608.6500244140625,645.9500122070312,3341555
2019-07-25,567.49560546875,604.3499755859375,624.4500122070312,601.4000244140625,618.0,4049926
2019-07-26,564.8663940429688,601.5499877929688,610.4500122070312,589.0,607.0,6739394
2019-07-29,548.903076171875,584.5499877929688,604.75,580.5,600.0,2606057
2019-07-30,538.7147216796875,573.7000122070312,593.25,568.9500122070312,589.3499755859375,3709631
2019-07-31,558.9505615234375,595.25,598.0999755859375,571.4000244140625,573.2000122070312,3530131
2019-08-01,541.625732421875,576.7999877929688,592.9500122070312,560.5999755859375,574.9000244140625,15112906
2019-08-02,538.52685546875,573.5,579.0,567.75,578.0,4635838
2019-08-05,507.9618835449219,540.9500122070312,568.9500122070312,535.4500122070312,568.2000122070312,6014276
2019-08-06,515.849609375,549.3499755859375,552.9500122070312,533.0499877929688,537.9500122070312,4148711
2019-08-07,500.308837890625,532.7999877929688,551.5,528.0,549.0,3675109
2019-08-08,500.3557434082031,532.8499755859375,542.25,515.3499755859375,533.4000244140625,3881771
2019-08-09,500.919189453125,533.4500122070312,550.0,529.2000122070312,534.25,4917555
2019-08-13,472.4200744628906,503.1000061035156,542.75,497.8500061035156,532.0,4193917
2019-08-14,495.0504150390625,527.2000122070312,532.7000122070312,509.6499938964844,510.0,5344625
2019-08-16,515.5679321289062,549.0499877929688,553.25,522.0499877929688,526.9000244140625,8856958
2019-08-19,508.9947509765625,542.0499877929688,556.7999877929688,532.25,553.0,4932998
2019-08-20,506.975830078125,539.9000244140625,545.0,535.0,540.0,3581202
2019-08-21,503.21978759765625,535.9000244140625,542.75,527.5,540.0,2780039
2019-08-22,486.4583435058594,518.0499877929688,552.6500244140625,507.8500061035156,535.0,6205902
2019-08-23,513.8778076171875,547.25,550.3499755859375,514.0499877929688,518.0,4297069
2019-08-26,516.2720947265625,549.7999877929688,560.7999877929688,537.0999755859375,551.0,3787015
2019-08-27,522.0941162109375,556.0,573.1500244140625,552.8499755859375,553.75,6063055
2019-08-28,523.0330810546875,557.0,571.5,546.1500244140625,559.0,3747446
2019-08-29,524.3008422851562,558.3499755859375,562.6500244140625,550.2000122070312,558.0,2733962
2019-08-30,528.8550415039062,563.2000122070312,565.25,547.1500244140625,559.0,3216244
2019-09-03,519.6056518554688,553.3499755859375,570.4500122070312,549.0,559.9500122070312,3021248
2019-09-04,526.8361206054688,561.0499877929688,563.0,547.5499877929688,555.0,2442694
2019-09-05,534.9116821289062,569.6500244140625,573.9000244140625,558.2999877929688,558.2999877929688,2437099
2019-09-06,533.3153686523438,567.9500122070312,573.75,563.0999755859375,573.75,2101090
2019-09-09,551.626220703125,587.4500122070312,590.5999755859375,564.2999877929688,564.4000244140625,4813239
2019-09-11,542.4708251953125,577.7000122070312,590.5,575.5,585.0,5104552
2019-09-12,532.7050170898438,567.2999877929688,585.9000244140625,565.0999755859375,581.7999877929688,2118984
2019-09-13,542.8933715820312,578.1500244140625,580.0,559.3499755859375,570.0,2636025
2019-09-16,529.7001953125,564.0999755859375,575.0,561.0999755859375,570.0,2148620
2019-09-17,528.9489135742188,563.2999877929688,571.5,560.7999877929688,569.0999755859375,2829239
2019-09-18,523.0800170898438,557.0499877929688,565.0,542.75,565.0,3855762
2019-09-19,527.775146484375,562.0499877929688,566.4000244140625,549.2000122070312,555.5,1832868
2019-09-20,527.8220825195312,562.0999755859375,585.0,555.0499877929688,564.7000122070312,5023091
2019-09-23,545.4287109375,580.8499755859375,596.4000244140625,564.5999755859375,568.9500122070312,3697264
2019-09-24,544.0670776367188,579.4000244140625,584.6500244140625,572.2000122070312,580.8499755859375,2552214
2019-09-25,541.5787353515625,576.75,578.9000244140625,572.0,575.2999877929688,1911916
2019-09-26,548.010986328125,583.5999755859375,595.0,576.0,576.7999877929688,3330782
2019-09-27,546.5555419921875,582.0499877929688,588.1500244140625,573.5,584.5,1561920
2019-09-30,567.1200561523438,603.9500122070312,607.7999877929688,578.0499877929688,582.0,3914781
2019-10-01,558.6688232421875,594.9500122070312,614.3499755859375,584.5,609.9500122070312,4548803
2019-10-03,558.1524658203125,594.4000244140625,598.5,572.25,590.0,1610688
2019-10-04,547.0250244140625,582.5499877929688,604.9500122070312,580.3499755859375,598.9000244140625,3019366
2019-10-07,545.616455078125,581.0499877929688,592.6500244140625,576.5,583.0,1808468
2019-10-09,546.2268676757812,581.7000122070312,584.5999755859375,573.75,581.0,1743937
2019-10-10,547.8702392578125,583.4500122070312,588.7999877929688,574.7000122070312,578.0,1789997
2019-10-11,553.8798217773438,589.8499755859375,593.2000122070312,581.0,584.2000122070312,1710191
2019-10-14,550.875,586.6500244140625,589.6500244140625,568.0999755859375,583.0,3373152
2019-10-15,547.5413208007812,583.0999755859375,591.0,580.7999877929688,585.0,2213363
2019-10-16,552.846923828125,588.75,592.0,580.0,586.7999877929688,1733497
2019-10-17,555.851806640625,591.9500122070312,593.7000122070312,580.3499755859375,585.0,2290127
2019-10-18,562.471923828125,599.0,603.5,588.5,591.0,2426210
2019-10-22,560.5939331054688,597.0,603.9000244140625,592.9500122070312,599.0,2264692
2019-10-23,560.5939331054688,597.0,600.9000244140625,591.0999755859375,598.2999877929688,1544878
2019-10-24,561.2511596679688,597.7000122070312,606.5,595.0999755859375,600.0,2250928
2019-10-25,558.3401489257812,594.5999755859375,601.9500122070312,589.9000244140625,601.4500122070312,2174674
2019-10-27,559.7486572265625,596.0999755859375,598.4500122070312,592.0,595.0,109875
2019-10-29,558.6220092773438,594.9000244140625,600.0,591.5,596.0,1791840
2019-10-30,548.5274658203125,584.1500244140625,599.7999877929688,580.0999755859375,599.7999877929688,2393149
2019-10-31,560.077392578125,596.4500122070312,599.0,578.0999755859375,586.0,2419308
2019-11-01,552.6591186523438,588.5499877929688,600.7999877929688,586.0,599.5499877929688,1393105
2019-11-04,558.011474609375,594.25,600.9500122070312,587.2000122070312,590.0,1912912
2019-11-05,568.7164916992188,605.6500244140625,617.75,590.0,596.4500122070312,5995240
2019-11-06,569.6083984375,606.5999755859375,615.0,603.8499755859375,611.0,2513814
2019-11-07,542.4708251953125,577.7000122070312,612.0,557.0999755859375,612.0,4504826
2019-11-08,521.9533081054688,555.8499755859375,574.5,552.5499877929688,563.5999755859375,8050823
2019-11-11,515.380126953125,548.8499755859375,561.0,541.25,555.0,3188430
2019-11-13,508.2904357910156,541.2999877929688,553.75,538.5,551.0,2509847
2019-11-14,502.8911437988281,535.5499877929688,544.2000122070312,531.0999755859375,541.5499877929688,2412598
2019-11-15,497.9613037109375,530.2999877929688,541.75,518.3499755859375,539.0,4164016
2019-11-18,515.52099609375,549.0,551.4500122070312,527.5,530.1500244140625,5257399
2019-11-19,517.6337280273438,551.25,556.75,538.0999755859375,551.0,4602774
2019-11-20,519.1361694335938,552.8499755859375,556.5,546.4000244140625,552.9000244140625,1835821
2019-11-21,511.5770568847656,544.7999877929688,559.7999877929688,542.0,553.2000122070312,2177445
2019-11-22,500.9662170410156,533.5,542.5,530.5,541.0,2553689
2019-11-25,511.2953796386719,544.5,547.75,534.0,534.0,2853307
2019-11-26,508.6661376953125,541.7000122070312,551.9000244140625,538.5499877929688,543.5999755859375,4319616
2019-11-27,518.1971435546875,551.8499755859375,554.9000244140625,544.2000122070312,544.2000122070312,3722294
2019-11-28,544.5366821289062,579.9000244140625,582.7999877929688,554.0499877929688,554.7999877929688,7529348
2019-11-29,538.2921752929688,573.25,582.7999877929688,571.4000244140625,577.25,1835816
2019-12-02,535.47509765625,570.25,582.9500122070312,566.0499877929688,582.9500122070312,2224559
2019-12-03,534.7708129882812,569.5,573.4500122070312,562.4000244140625,570.2000122070312,2108231
2019-12-04,535.47509765625,570.25,574.7999877929688,562.4500122070312,568.9000244140625,2149586
2019-12-05,533.8787841796875,568.5499877929688,574.7999877929688,565.0,571.9500122070312,1408785
2019-12-06,527.446533203125,561.7000122070312,570.9000244140625,558.1500244140625,570.9000244140625,2316037
2019-12-09,529.1837158203125,563.5499877929688,574.5,560.4000244140625,565.0,1815303
2019-12-10,523.7373657226562,557.75,572.7000122070312,553.5999755859375,565.2999877929688,2347290
2019-12-11,526.8361206054688,561.0499877929688,563.75,551.7000122070312,557.0,1706296
2019-12-12,535.1934204101562,569.9500122070312,581.0,561.0999755859375,562.5499877929688,3672353
2019-12-13,530.5452270507812,565.0,578.0999755859375,563.5,573.4500122070312,1888212
2019-12-16,529.3246459960938,563.7000122070312,573.4000244140625,562.0999755859375,572.0,1875145
2019-12-17,529.7001953125,564.0999755859375,568.2000122070312,556.0,564.0499877929688,1794161
2019-12-18,531.7189331054688,566.25,571.7999877929688,559.3499755859375,565.5,1833572
2019-12-19,528.432373046875,562.75,573.0,561.5999755859375,565.5999755859375,1381005
2019-12-20,542.8933715820312,578.1500244140625,580.9000244140625,559.0999755859375,566.0,2631973
2019-12-23,542.4238891601562,577.6500244140625,596.2000122070312,573.8499755859375,579.9500122070312,5469024
2019-12-24,534.4421997070312,569.1500244140625,582.4500122070312,567.2999877929688,577.6500244140625,2277180
2019-12-26,534.7239379882812,569.4500122070312,577.0,566.25,572.7000122070312,2179063
2019-12-27,544.8652954101562,580.25,581.8499755859375,568.6500244140625,572.3499755859375,1748259
2019-12-30,553.4103393554688,589.3499755859375,592.0,578.4500122070312,582.9500122070312,1557550
2019-12-31,548.8560791015625,584.5,591.7000122070312,583.0,590.2000122070312,1374096
2020-01-01,552.3773803710938,588.25,589.5,580.7000122070312,585.0,720807
2020-01-02,559.1383666992188,595.4500122070312,597.2000122070312,584.2000122070312,589.5,1388201
2020-01-03,554.7250366210938,590.75,594.2000122070312,587.2999877929688,591.5,1063950
2020-01-06,549.2786865234375,584.9500122070312,589.0,579.0,589.0,1218216
2020-01-07,558.7627563476562,595.0499877929688,604.0,583.0499877929688,584.9500122070312,4247207
2020-01-08,564.2090454101562,600.8499755859375,603.0,584.5999755859375,585.75,2090846
2020-01-09,567.6834106445312,604.5499877929688,614.9000244140625,598.25,602.0,2795225
2020-01-10,563.6926879882812,600.2999877929688,608.5,595.0499877929688,607.0,1921690
2020-01-13,555.851806640625,591.9500122070312,605.75,590.0,604.0,2174995
2020-01-14,547.9640502929688,583.5499877929688,594.9000244140625,579.2000122070312,593.2000122070312,2911749
2020-01-15,550.0768432617188,585.7999877929688,589.5,573.7999877929688,584.0,3419279
2020-01-16,552.236572265625,588.0999755859375,591.7999877929688,582.0999755859375,587.0999755859375,1705322
2020-01-17,553.31640625,589.25,597.3499755859375,585.9000244140625,589.9500122070312,1813763
2020-01-20,548.9500122070312,584.5999755859375,590.8499755859375,580.5499877929688,590.0,2425877
2020-01-21,542.4708251953125,577.7000122070312,582.7999877929688,572.2000122070312,582.7999877929688,4789489
2020-01-22,528.6202392578125,562.9500122070312,582.8499755859375,553.4000244140625,582.8499755859375,7453773
2020-01-23,509.13568115234375,542.2000122070312,564.5499877929688,540.2999877929688,560.0,4533870
2020-01-24,510.16851806640625,543.2999877929688,564.5,541.0,541.0,8132638
2020-01-27,504.4875183105469,537.25,550.0999755859375,535.0,545.4000244140625,4285510
2020-01-28,504.20574951171875,536.9500122070312,548.0,533.2000122070312,538.25,4042406
2020-01-29,509.08868408203125,542.1500244140625,545.9000244140625,537.0499877929688,543.9000244140625,2182366
2020-01-30,510.9667663574219,544.1500244140625,551.3499755859375,539.0999755859375,541.9500122070312,3514667
2020-01-31,494.4399719238281,526.5499877929688,549.0,525.0,547.4500122070312,4340034
2020-02-03,481.99798583984375,513.2999877929688,517.5,505.0,506.75,3012267
2020-02-04,490.7308654785156,522.5999755859375,525.9500122070312,515.0,516.9500122070312,2253175
2020-02-05,504.67529296875,537.4500122070312,542.2999877929688,521.5499877929688,525.0999755859375,3105094
2020-02-06,504.1118469238281,536.8499755859375,545.2000122070312,533.5999755859375,537.0499877929688,2052126
2020-02-07,509.9807434082031,543.0999755859375,555.4500122070312,538.2999877929688,539.0,5702296
2020-02-10,539.0902709960938,574.0999755859375,579.5999755859375,555.7000122070312,570.2999877929688,15352223
2020-02-11,541.4849243164062,576.6500244140625,584.7999877929688,569.9000244140625,574.4000244140625,5097454
2020-02-12,538.9025268554688,573.9000244140625,583.0,570.4500122070312,578.4500122070312,3277025
2020-02-13,543.456787109375,578.75,582.9000244140625,562.9000244140625,572.0,2902199
2020-02-14,555.5701293945312,591.6500244140625,601.4000244140625,578.0999755859375,579.5999755859375,6213486
2020-02-17,558.7158203125,595.0,599.7999877929688,591.1500244140625,593.0,2418399
2020-02-18,549.513427734375,585.2000122070312,592.0,574.0,592.0,2972328
2020-02-19,549.513427734375,585.2000122070312,593.8499755859375,581.2999877929688,589.9000244140625,2843587
2020-02-20,548.7152099609375,584.3499755859375,596.25,580.7000122070312,586.0,1802988
2020-02-24,538.2921752929688,573.25,590.75,570.0999755859375,586.9500122070312,1975289
2020-02-25,531.8129272460938,566.3499755859375,577.6500244140625,562.0999755859375,573.2999877929688,2912488
2020-02-26,528.6671752929688,563.0,569.7999877929688,556.0,565.7999877929688,2885119
2020-02-27,517.2581787109375,550.8499755859375,561.5499877929688,548.8499755859375,561.5499877929688,1668088
2020-02-28,488.0077209472656,519.7000122070312,546.5999755859375,514.0,543.0,2974535
2020-03-02,482.98394775390625,514.3499755859375,541.5999755859375,509.6000061035156,527.0,1907596
2020-03-03,489.744873046875,521.5499877929688,526.6500244140625,512.5499877929688,519.9000244140625,2499968
2020-03-04,480.4017028808594,511.6000061035156,533.5999755859375,498.1000061035156,525.0,4037644
2020-03-05,484.580322265625,516.0499877929688,529.0,513.0,518.9000244140625,2794208
2020-03-06,482.2796936035156,513.5999755859375,516.8499755859375,491.3500061035156,499.0,3567046
2020-03-09,481.71630859375,513.0,519.9000244140625,494.6499938964844,504.6499938964844,4467786
2020-03-11,485.42547607421875,516.9500122070312,523.4500122070312,497.6000061035156,498.54998779296875,5659070
2020-03-12,416.5484619140625,443.6000061035156,520.4000244140625,434.79998779296875,504.54998779296875,8132990
2020-03-13,385.7956237792969,410.8500061035156,438.0,377.1000061035156,428.0,9711669
2020-03-16,353.822021484375,376.79998779296875,394.95001220703125,373.5,392.29998779296875,5282490
2020-03-17,329.4545593261719,350.8500061035156,379.95001220703125,343.1000061035156,370.0,9227845
2020-03-18,302.2230224609375,321.8500061035156,363.95001220703125,314.6000061035156,360.0,5545759
2020-03-19,278.6536560058594,296.75,313.29998779296875,293.0,301.20001220703125,7227403
2020-03-20,281.8463439941406,300.1499938964844,320.6499938964844,287.0,294.0,7465285
2020-03-23,239.07403564453125,254.60000610351562,283.0,240.14999389648438,270.1499938964844,3029255
2020-03-24,246.06968688964844,262.04998779296875,277.0,249.5,265.5,4168341
2020-03-25,274.9444885253906,292.79998779296875,301.3500061035156,252.0,257.0,3838980
2020-03-26,293.4901123046875,312.54998779296875,330.79998779296875,290.20001220703125,298.0,5887818
2020-03-27,302.5516662597656,322.20001220703125,336.0,315.29998779296875,327.6000061035156,4833123
2020-03-30,289.64019775390625,308.45001220703125,317.20001220703125,293.70001220703125,317.20001220703125,3121310
2020-03-31,306.58941650390625,326.5,331.75,309.25,315.45001220703125,2779879
2020-04-01,287.1048278808594,305.75,328.5,303.0,328.5,2681565
2020-04-03,279.92132568359375,298.1000061035156,307.5,295.0,306.1499938964844,3265474
2020-04-07,303.9132080078125,323.6499938964844,326.0,307.1499938964844,311.0,3624533
2020-04-08,300.673583984375,320.20001220703125,337.5,316.45001220703125,320.0,4632236
2020-04-09,299.54681396484375,319.0,332.3999938964844,312.75,330.0,4690937
2020-04-13,305.13397216796875,324.95001220703125,334.20001220703125,316.5,321.0,4850246
2020-04-15,329.17279052734375,350.54998779296875,381.75,329.8999938964844,329.95001220703125,22250797
2020-04-16,341.0514221191406,363.20001220703125,369.0,356.0,356.0,10132539
2020-04-17,341.145263671875,363.29998779296875,379.0,358.25,376.54998779296875,5328193
2020-04-20,333.11669921875,354.75,369.79998779296875,352.79998779296875,369.79998779296875,4741085
2020-04-21,324.85333251953125,345.95001220703125,352.8999938964844,343.04998779296875,348.70001220703125,2817261
2020-04-22,332.0837707519531,353.6499938964844,359.0,336.20001220703125,345.0,4105520
2020-04-23,327.6234130859375,348.8999938964844,366.3999938964844,345.70001220703125,359.8999938964844,5687657
2020-04-24,315.3692321777344,335.8500061035156,347.6000061035156,334.20001220703125,345.0,2736041
2020-04-27,328.04595947265625,349.3500061035156,355.70001220703125,340.5,343.3999938964844,4557197
2020-04-28,338.5160217285156,360.5,369.95001220703125,357.04998779296875,361.95001220703125,7805452
2020-04-29,338.60992431640625,360.6000061035156,364.3999938964844,354.3500061035156,363.95001220703125,2823791
2020-04-30,394.4345703125,420.04998779296875,429.3500061035156,364.04998779296875,367.25,18223977
2020-05-04,361.8976135253906,385.3999938964844,419.5,381.3500061035156,394.8500061035156,10395293
2020-05-05,363.44696044921875,387.04998779296875,408.0,385.0,395.0,11636689
2020-05-06,355.88787841796875,379.0,392.95001220703125,373.0,392.95001220703125,7610739
2020-05-07,345.93426513671875,368.3999938964844,383.8999938964844,366.29998779296875,378.0,4313383
2020-05-08,342.36602783203125,364.6000061035156,375.79998779296875,363.0,373.45001220703125,3281665
2020-05-11,345.652587890625,368.1000061035156,378.6000061035156,366.5,367.0,3903903
2020-05-12,351.709228515625,374.54998779296875,382.45001220703125,363.8999938964844,368.5,9371378
2020-05-13,365.8883972167969,389.6499938964844,398.79998779296875,380.6000061035156,398.20001220703125,7474549
2020-05-14,367.95428466796875,391.8500061035156,396.0,376.1000061035156,386.5,7302564
2020-05-15,355.7939758300781,378.8999938964844,393.70001220703125,377.45001220703125,393.70001220703125,3690162
2020-05-18,352.88299560546875,375.79998779296875,384.70001220703125,365.3999938964844,381.3999938964844,5496838
2020-05-19,318.9375,339.6499938964844,380.6499938964844,338.25,380.6499938964844,18772182
2020-05-20,334.8069152832031,356.54998779296875,358.6000061035156,336.0,339.04998779296875,16718256
2020-05-21,344.4318542480469,366.79998779296875,370.0,356.3500061035156,359.6499938964844,10088405
2020-05-22,348.5165710449219,371.1499938964844,373.8999938964844,362.70001220703125,366.75,8545206
2020-05-26,344.6665954589844,367.04998779296875,386.45001220703125,365.6499938964844,376.95001220703125,14906268
2020-05-27,364.1512451171875,387.79998779296875,390.0,367.04998779296875,370.5,15176090
2020-05-28,367.25,391.1000061035156,398.8999938964844,388.20001220703125,394.20001220703125,9297617
2020-05-29,381.10052490234375,405.8500061035156,419.75,388.3999938964844,392.54998779296875,22299690
2020-06-01,393.7303161621094,419.29998779296875,423.0,410.75,411.0,7782162
2020-06-02,398.8010559082031,424.70001220703125,428.95001220703125,414.70001220703125,420.1000061035156,6847511
2020-06-03,393.54254150390625,419.1000061035156,433.79998779296875,417.0,428.95001220703125,7203375
2020-06-04,396.3125915527344,422.04998779296875,432.95001220703125,418.0,419.8999938964844,5729522
2020-06-05,412.6045837402344,439.3999938964844,445.95001220703125,423.54998779296875,425.25,12315930
2020-06-08,410.16314697265625,436.79998779296875,449.70001220703125,433.5,449.0,4520947
2020-06-09,404.3412170410156,430.6000061035156,445.0,428.1499938964844,443.95001220703125,4047481
2020-06-10,399.0827331542969,425.0,435.54998779296875,421.0,432.1000061035156,4333713
2020-06-11,391.9931640625,417.45001220703125,434.25,415.45001220703125,430.70001220703125,3873603
2020-06-12,386.5468444824219,411.6499938964844,415.20001220703125,400.04998779296875,402.0,4994437
2020-06-15,380.3023376464844,405.0,411.0,398.04998779296875,405.6499938964844,4693720
2020-06-16,388.9882507324219,414.25,429.3999938964844,410.0,416.0,10359268
2020-06-17,395.1388244628906,420.79998779296875,424.0,409.0,419.79998779296875,6081250
2020-06-18,401.80584716796875,427.8999938964844,431.8999938964844,422.3999938964844,422.8500061035156,5639475
2020-06-19,410.2569885253906,436.8999938964844,439.54998779296875,427.5,427.95001220703125,6059311
2020-06-22,418.98992919921875,446.20001220703125,448.3999938964844,432.1000061035156,436.95001220703125,4989998
2020-06-23,434.85931396484375,463.1000061035156,469.1000061035156,452.75,453.0,7872909
2020-06-24,417.816162109375,444.95001220703125,470.0,441.0,466.8500061035156,3907871
2020-06-25,415.8911437988281,442.8999938964844,454.70001220703125,437.45001220703125,438.1499938964844,3982270
2020-06-26,413.40277099609375,440.25,450.8500061035156,438.6499938964844,450.0,2128146
2020-06-29,405.5619201660156,431.8999938964844,440.25,429.1499938964844,440.0,2317342
2020-06-30,399.2705078125,425.20001220703125,446.45001220703125,422.0,435.0,5184094
2020-07-01,419.6941833496094,446.95001220703125,449.0,429.0,430.8999938964844,8180122
2020-07-02,415.4685974121094,442.45001220703125,453.75,440.3500061035156,451.3500061035156,3806615
2020-07-03,417.11187744140625,444.20001220703125,452.95001220703125,442.3999938964844,445.20001220703125,3812085
2020-07-06,428.7557373046875,456.6000061035156,460.3999938964844,446.29998779296875,447.0,4256802
2020-07-07,423.4502258300781,450.95001220703125,457.8999938964844,448.1000061035156,457.8999938964844,3664371
2020-07-08,416.924072265625,444.0,464.0,441.25,459.8500061035156,8686804
2020-07-09,415.5624694824219,442.54998779296875,447.8999938964844,437.1499938964844,447.0,5160583
2020-07-10,409.8814392089844,436.5,452.0,433.5,444.0,5805444
2020-07-13,412.4167785644531,439.20001220703125,444.95001220703125,435.5,440.0,2480373
2020-07-14,410.8204650878906,437.5,444.5,429.1000061035156,439.95001220703125,4214233
2020-07-15,410.8674011230469,437.54998779296875,442.8500061035156,430.45001220703125,441.75,4334472
2020-07-16,407.0174255371094,433.45001220703125,441.75,423.54998779296875,440.54998779296875,4189313
2020-07-17,409.8345031738281,436.45001220703125,442.3500061035156,433.0,435.0,3644124
2020-07-20,425.9855651855469,453.6499938964844,456.0,439.29998779296875,440.0,9435204
2020-07-21,430.4459228515625,458.3999938964844,462.79998779296875,450.3500061035156,457.29998779296875,6154181
2020-07-22,432.18310546875,460.25,464.5,447.70001220703125,460.0,4431710
2020-07-23,434.5306396484375,462.75,478.0,459.0,461.0,9426775
2020-07-24,426.4551086425781,454.1499938964844,461.0,444.1000061035156,461.0,4058564
2020-07-27,418.61431884765625,445.79998779296875,457.0,440.25,455.79998779296875,2974232
2020-07-28,421.57220458984375,448.95001220703125,451.95001220703125,441.5,446.3999938964844,4626424
2020-07-29,433.5916442871094,461.75,464.1000061035156,449.04998779296875,449.5,7119586
2020-07-30,436.267822265625,464.6000061035156,471.5,461.45001220703125,464.95001220703125,6219364
2020-07-31,448.9914855957031,478.1499938964844,486.0,460.25,467.8500061035156,11062522
2020-08-03,424.5770568847656,452.1499938964844,484.8999938964844,445.20001220703125,484.0,14443397
2020-08-04,433.544677734375,461.70001220703125,464.3500061035156,454.0,455.8500061035156,6194269
2020-08-05,425.93865966796875,453.6000061035156,467.70001220703125,452.29998779296875,462.0,4735993
2020-08-06,435.6105041503906,463.8999938964844,466.5,451.6000061035156,452.5,4177541
2020-08-07,451.0104064941406,480.29998779296875,484.8999938964844,465.5,465.5,10013531
2020-08-10,464.15667724609375,494.29998779296875,496.5,478.45001220703125,483.8500061035156,7603877
2020-08-11,452.5128479003906,481.8999938964844,496.6499938964844,480.0,496.5,4360559
2020-08-12,457.44268798828125,487.1499938964844,489.0,471.04998779296875,481.25,4332473
2020-08-13,459.32073974609375,489.1499938964844,499.8999938964844,487.29998779296875,487.29998779296875,4549072
2020-08-14,456.0341796875,485.6499938964844,496.8999938964844,480.8500061035156,494.6000061035156,2431513
2020-08-17,462.32562255859375,492.3500061035156,494.70001220703125,487.75,489.5,2230102
2020-08-18,469.6499328613281,500.1499938964844,508.95001220703125,491.8500061035156,492.20001220703125,8890454
2020-08-19,474.40484619140625,499.3999938964844,507.1499938964844,492.5,499.8999938964844,5405921
2020-08-20,467.28021240234375,491.8999938964844,498.75,487.25,494.8500061035156,3081595
2020-08-21,468.70513916015625,493.3999938964844,504.04998779296875,491.0,496.5,3426420
2020-08-24,472.50494384765625,497.3999938964844,504.75,496.0,496.0,4042101
2020-08-25,467.4702453613281,492.1000061035156,500.54998779296875,490.20001220703125,499.04998779296875,3431181
2020-08-26,468.84765625,493.54998779296875,496.6000061035156,488.3500061035156,492.95001220703125,2839616
2020-08-27,471.88751220703125,496.75,500.0,492.5,493.04998779296875,2426413
2020-08-28,493.2613830566406,519.25,521.0999755859375,498.29998779296875,500.0,9809902
2020-08-31,480.6270446777344,505.95001220703125,534.9000244140625,501.0,524.0,10825186
2020-09-01,479.7720947265625,505.04998779296875,510.0,491.25,505.0,3980634
2020-09-02,475.78228759765625,500.8500061035156,506.0,492.70001220703125,505.0,4153159
2020-09-03,495.731201171875,521.8499755859375,526.75,504.25,505.79998779296875,8589174
2020-09-04,483.0019226074219,508.45001220703125,517.8499755859375,504.54998779296875,514.75,3768829
2020-09-07,469.70263671875,494.45001220703125,510.45001220703125,490.79998779296875,509.5,5255102
2020-09-08,462.62548828125,487.0,503.3999938964844,485.0,497.6499938964844,4844522
2020-09-09,469.797607421875,494.54998779296875,498.3999938964844,467.04998779296875,482.0,6078535
2020-09-10,466.4252624511719,491.0,497.8999938964844,485.0,497.8999938964844,4004621
2020-09-11,474.02490234375,499.0,501.0,488.1000061035156,492.6000061035156,3410700
2020-09-14,490.0790100097656,515.9000244140625,519.7999877929688,502.0,507.95001220703125,5861874
2020-09-15,503.18829345703125,529.7000122070312,532.25,516.0499877929688,518.25,6222387
2020-09-16,502.0483703613281,528.5,533.25,521.9500122070312,530.0499877929688,3961765
2020-09-17,503.99578857421875,530.5499877929688,537.0,520.2999877929688,524.9500122070312,4036494
2020-09-18,510.407958984375,537.2999877929688,540.0,529.0499877929688,530.9000244140625,3868205
2020-09-21,505.563232421875,532.2000122070312,546.5,521.8499755859375,537.0,4907451
2020-09-22,502.6658630371094,529.1500244140625,537.9000244140625,512.3499755859375,532.2000122070312,4623271
2020-09-23,505.7532043457031,532.4000244140625,534.9000244140625,519.8499755859375,530.0,3647937
2020-09-24,479.8670654296875,505.1499938964844,525.4500122070312,502.20001220703125,525.4500122070312,4119459
2020-09-25,479.39208984375,504.6499938964844,513.7999877929688,500.75,508.95001220703125,4857500
2020-09-28,484.28436279296875,509.79998779296875,517.75,506.0,506.3999938964844,3786837
2020-09-29,468.420166015625,493.1000061035156,514.5,490.6000061035156,514.5,5023517
2020-09-30,477.72967529296875,502.8999938964844,506.0,491.54998779296875,494.0,4501371
2020-10-01,480.342041015625,505.6499938964844,512.7000122070312,503.29998779296875,508.0,2462815
2020-10-05,481.7195129394531,507.1000061035156,510.1499938964844,502.1000061035156,509.5,2533219
2020-10-06,484.046875,509.54998779296875,519.0,508.25,511.45001220703125,3662177
2020-10-07,485.2817687988281,510.8500061035156,524.9000244140625,507.3999938964844,511.45001220703125,4997502
2020-10-08,483.9043273925781,509.3999938964844,519.8499755859375,506.5,513.9500122070312,2814293
2020-10-09,472.40997314453125,497.29998779296875,513.2000122070312,495.8999938964844,510.3999938964844,3712048
2020-10-12,481.7195129394531,507.1000061035156,508.29998779296875,493.1499938964844,499.8999938964844,3332184
2020-10-13,481.1495056152344,506.5,515.5499877929688,504.1000061035156,507.79998779296875,3992135
2020-10-14,485.3292541503906,510.8999938964844,513.0,495.29998779296875,501.3500061035156,3424208
2020-10-15,481.1969909667969,506.54998779296875,520.0,502.8999938964844,510.0,4927083
2020-10-16,443.5790100097656,466.95001220703125,490.0,458.25,490.0,22982744
2020-10-19,440.25421142578125,463.45001220703125,474.79998779296875,447.5,474.79998779296875,13195978
2020-10-20,433.12957763671875,455.95001220703125,467.70001220703125,453.95001220703125,464.0,7254934
2020-10-21,431.4671630859375,454.20001220703125,463.5,446.75,459.8999938964844,6312534
2020-10-22,431.7521057128906,454.5,458.20001220703125,450.20001220703125,452.79998779296875,4495403
2020-10-23,428.3797912597656,450.95001220703125,458.5,450.0,458.5,3682002
2020-10-26,411.7081604003906,433.3999938964844,454.95001220703125,431.5,454.95001220703125,6279910
2020-10-27,416.6004333496094,438.54998779296875,441.3999938964844,429.3500061035156,435.0,4881972
2020-10-28,428.1898193359375,450.75,454.5,437.5,440.3500061035156,7235494
2020-10-29,427.71484375,450.25,455.6000061035156,444.25,447.3999938964844,4598075
2020-10-30,430.564697265625,453.25,457.5,446.45001220703125,451.8999938964844,3684166
2020-11-02,423.0600891113281,445.3500061035156,465.0,431.6499938964844,465.0,10356782
2020-11-03,396.1764831542969,417.04998779296875,449.5,414.0,444.3999938964844,16512536
2020-11-04,381.2623291015625,401.3500061035156,415.70001220703125,399.0,415.70001220703125,19363947
2020-11-05,397.4589538574219,418.3999938964844,419.6000061035156,405.1499938964844,407.95001220703125,11470585
2020-11-06,401.25872802734375,422.3999938964844,428.0,417.79998779296875,421.45001220703125,7614066
2020-11-09,405.3910217285156,426.75,431.0,424.1499938964844,426.6000061035156,4271081
2020-11-10,411.13818359375,432.79998779296875,438.5,426.54998779296875,430.1000061035156,6424909
2020-11-11,413.89306640625,435.70001220703125,442.95001220703125,429.0,429.0,7504886
2020-11-12,408.098388671875,429.6000061035156,437.79998779296875,425.1000061035156,436.79998779296875,5511536
2020-11-13,404.06109619140625,425.3500061035156,431.1000061035156,423.0,429.0,4644051
2020-11-14,407.7658996582031,429.25,431.1499938964844,428.0,431.1499938964844,643619
2020-11-17,408.1458740234375,429.6499938964844,434.5,428.25,431.3999938964844,5929010
2020-11-18,404.9635009765625,426.29998779296875,430.0,424.04998779296875,430.0,4415523
2020-11-19,395.654052734375,416.5,425.8999938964844,415.04998779296875,425.8999938964844,6331928
2020-11-20,399.3588562011719,420.3999938964844,422.3999938964844,406.54998779296875,416.5,12763134
2020-11-23,405.1060791015625,426.45001220703125,429.5,421.3500061035156,423.0,5172468
2020-11-24,406.0560302734375,427.45001220703125,431.5,426.45001220703125,428.0,4538696
2020-11-25,397.6489562988281,418.6000061035156,430.1499938964844,417.6000061035156,428.79998779296875,4753592
2020-11-26,399.5013122558594,420.54998779296875,422.29998779296875,414.1499938964844,418.6000061035156,3896795
2020-11-27,396.79400634765625,417.70001220703125,425.5,416.29998779296875,421.20001220703125,7024437
2020-12-01,411.3757019042969,433.04998779296875,434.20001220703125,418.0,420.0,14928450
2020-12-02,419.83026123046875,441.95001220703125,447.0,437.45001220703125,442.75,14187495
2020-12-03,431.9895935058594,454.75,458.8999938964844,437.5,446.75,13251977
2020-12-04,432.8920593261719,455.70001220703125,463.0,452.5,458.95001220703125,7719922
2020-12-07,452.1285705566406,475.95001220703125,478.20001220703125,453.54998779296875,455.0,11443788
2020-12-08,449.13623046875,472.79998779296875,488.5,469.45001220703125,481.25,15624166
2020-12-09,467.9452209472656,492.6000061035156,495.0,475.1000061035156,475.1000061035156,13836059
2020-12-10,416.5054931640625,438.45001220703125,479.0,416.1000061035156,478.0,87279054
2020-12-11,413.2281188964844,435.0,456.8500061035156,429.20001220703125,456.0,50283569
2020-12-14,420.02020263671875,442.1499938964844,443.8999938964844,431.79998779296875,433.0,14595495
2020-12-15,426.33740234375,448.79998779296875,449.79998779296875,437.0,443.25,9187569
2020-12-16,436.64434814453125,459.6499938964844,461.5,451.5,453.8500061035156,11503251
2020-12-17,432.6070556640625,455.3999938964844,466.3999938964844,453.20001220703125,461.45001220703125,7362825
2020-12-18,437.2618408203125,460.29998779296875,462.0,454.0,456.0,5402464
2020-12-21,415.4129638671875,437.29998779296875,460.75,417.0,460.0,7376210
2020-12-22,422.3951110839844,444.6499938964844,445.79998779296875,425.54998779296875,437.29998779296875,7910320
2020-12-23,429.3297424316406,451.95001220703125,452.70001220703125,438.29998779296875,444.5,3488991
2020-12-24,426.9073791503906,449.3999938964844,456.6000061035156,448.0,454.8999938964844,4384445
2020-12-28,430.7071533203125,453.3999938964844,457.5,451.04998779296875,452.04998779296875,3146922
2020-12-29,431.9421691894531,454.70001220703125,459.0,445.3999938964844,454.5,3781566
2020-12-30,443.72149658203125,467.1000061035156,472.3999938964844,461.25,464.0,21753642
2020-12-31,443.009033203125,466.3500061035156,468.5,461.20001220703125,467.70001220703125,5429481
2021-01-01,445.8113708496094,469.29998779296875,476.6000061035156,466.8500061035156,469.8999938964844,7090451
2021-01-04,449.46868896484375,473.1499938964844,475.0,466.6499938964844,473.3999938964844,3615832
2021-01-05,447.66375732421875,471.25,472.5,466.3500061035156,469.0,3226777
2021-01-06,448.7561950683594,472.3999938964844,481.8999938964844,467.1499938964844,471.95001220703125,5947103
2021-01-07,458.3507080078125,482.5,486.5,474.45001220703125,476.0,7025121
2021-01-08,478.4421081542969,503.6499938964844,506.0,484.79998779296875,485.0,16114942
2021-01-11,472.552490234375,497.45001220703125,508.8999938964844,493.29998779296875,506.0,5666689
2021-01-12,476.3997497558594,501.5,505.5,491.20001220703125,494.75,5008167
2021-01-13,467.09027099609375,491.70001220703125,505.79998779296875,484.3999938964844,502.0,4694033
2021-01-14,483.9043273925781,509.3999938964844,515.0,493.0,494.1000061035156,15231242
2021-01-15,496.3962097167969,522.5499877929688,527.9000244140625,511.3999938964844,511.95001220703125,19836600
2021-01-18,533.206787109375,561.2999877929688,568.0,524.0,524.9500122070312,37175310
2021-01-19,535.7716674804688,564.0,570.9000244140625,553.6500244140625,561.0,15094630
2021-01-20,547.50341796875,576.3499755859375,581.8499755859375,556.5,563.0,10900743
2021-01-21,555.2930908203125,584.5499877929688,594.0,576.3499755859375,576.3499755859375,11759051
2021-01-22,538.573974609375,566.9500122070312,592.5,564.0,585.4000244140625,10118222
2021-01-25,558.712890625,588.1500244140625,593.0,567.0,571.7000122070312,13563025
2021-01-27,545.5086669921875,574.25,601.1500244140625,569.0,588.1500244140625,15463821
2021-01-28,537.1490478515625,565.4500122070312,570.7000122070312,557.2000122070312,569.0,8146430
2021-01-29,532.5892333984375,560.6500244140625,576.0,557.0,569.8499755859375,9298672
2021-02-01,507.36810302734375,534.0999755859375,548.9000244140625,510.0,548.9000244140625,20250736
2021-02-02,537.9564208984375,566.2999877929688,568.5,541.0,541.0,13416792
2021-02-03,530.3093872070312,558.25,579.9500122070312,555.0,562.0999755859375,7268499
2021-02-04,520.619873046875,548.0499877929688,568.5499877929688,544.2999877929688,558.7000122070312,6751111
2021-02-05,509.6480407714844,536.5,553.8499755859375,535.0,553.8499755859375,6377789
2021-02-08,511.3579406738281,538.2999877929688,546.0,528.1500244140625,538.0,8511429
2021-02-09,511.64288330078125,538.5999755859375,556.0,535.5499877929688,539.5,9171011
2021-02-10,507.6531066894531,534.4000244140625,546.4500122070312,532.4500122070312,543.0,4446858
2021-02-11,516.3450927734375,543.5499877929688,545.5999755859375,530.2000122070312,530.2000122070312,5684777
2021-02-12,508.9830627441406,535.7999877929688,547.2999877929688,531.5,545.7999877929688,3043562
2021-02-15,510.5504150390625,537.4500122070312,543.9500122070312,534.5499877929688,540.0,2569470
2021-02-16,511.9753112792969,538.9500122070312,545.6500244140625,537.0999755859375,542.6500244140625,2976504
2021-02-17,512.0228881835938,539.0,542.5999755859375,525.2999877929688,525.2999877929688,2934589
2021-02-18,513.9702758789062,541.0499877929688,556.5999755859375,532.0,536.3499755859375,6399026
2021-02-19,525.1321411132812,552.7999877929688,565.0,539.5,542.9500122070312,16693854
2021-02-22,512.7353515625,539.75,560.9500122070312,536.5499877929688,556.0,7702962
2021-02-23,538.0514526367188,566.4000244140625,570.0,514.0499877929688,530.0,20867768
2021-02-24,526.224609375,553.9500122070312,567.0,546.0,547.0,7229614
2021-02-25,563.3201904296875,593.0,597.0,559.0,560.7999877929688,16764202
2021-02-26,533.4442749023438,561.5499877929688,589.4000244140625,555.4500122070312,585.0,11511171
2021-03-01,561.040283203125,590.5999755859375,592.7000122070312,570.0,570.0,8570035
2021-03-02,559.9478759765625,589.4500122070312,608.7999877929688,580.1500244140625,603.0,10602015
2021-03-03,582.8890991210938,613.5999755859375,616.8499755859375,589.2000122070312,595.7999877929688,8740632
2021-03-04,584.646484375,615.4500122070312,631.4500122070312,599.0999755859375,602.0,14124256
2021-03-05,561.9427490234375,591.5499877929688,615.9000244140625,586.0,615.4500122070312,7517590
2021-03-08,598.4208984375,629.9500122070312,636.2000122070312,600.0,601.0,14163149
2021-03-09,593.6235961914062,624.9000244140625,637.7000122070312,611.25,634.0,10566829
2021-03-10,590.2037353515625,621.2999877929688,630.5999755859375,612.5,630.5999755859375,5583509
2021-03-12,589.2537841796875,620.2999877929688,632.9500122070312,614.0999755859375,626.5999755859375,4994965
2021-03-15,590.2511596679688,621.3499755859375,625.4500122070312,604.4500122070312,623.2999877929688,5438310
2021-03-16,589.206298828125,620.25,639.5499877929688,616.5499877929688,625.0499877929688,8396917
2021-03-17,578.7094116210938,609.2000122070312,626.8499755859375,605.0,623.6500244140625,4503677
2021-03-18,571.2047119140625,601.2999877929688,622.7999877929688,594.0499877929688,617.6500244140625,6154177
2021-03-19,594.1460571289062,625.4500122070312,628.9000244140625,586.2000122070312,598.0,8322870
2021-03-22,596.7109375,628.1500244140625,636.9000244140625,617.6500244140625,624.9500122070312,6196079
2021-03-23,601.650634765625,633.3499755859375,643.9500122070312,621.0,622.5,5999369
2021-03-24,578.3767700195312,608.8499755859375,636.4000244140625,607.0,625.0,4832842
2021-03-25,565.8375244140625,595.6500244140625,618.25,591.5,613.0,10648953
2021-03-26,556.1005249023438,585.4000244140625,606.0,581.0,606.0,7778619
2021-03-30,596.5209350585938,627.9500122070312,634.6500244140625,591.0,597.0,14663780
2021-03-31,609.72509765625,641.8499755859375,654.0,620.0999755859375,623.0,15862803
2021-04-01,620.8870239257812,653.5999755859375,656.9000244140625,635.0,640.9500122070312,7348750
2021-04-05,613.905029296875,646.25,664.75,631.5999755859375,650.0,9077724
2021-04-06,628.2491455078125,661.3499755859375,668.8499755859375,645.0,648.0,7227685
2021-04-07,621.694580078125,654.4500122070312,673.9500122070312,652.4000244140625,660.0,4948757
2021-04-08,618.9871215820312,651.5999755859375,664.5999755859375,650.0,657.0,3926359
2021-04-09,603.123046875,634.9000244140625,656.0,630.7000122070312,656.0,4995747
2021-04-12,560.0427856445312,589.5499877929688,627.6500244140625,581.5,625.0,5954644
2021-04-13,574.339599609375,604.5999755859375,618.5,589.0,594.0,10046450
2021-04-15,576.951904296875,607.3499755859375,623.9000244140625,597.4000244140625,611.0,7395673
2021-04-16,581.1317138671875,611.75,618.7999877929688,602.0,610.0,3577455
2021-04-19,567.5474853515625,597.4500122070312,603.0,587.0,595.0999755859375,3198847
2021-04-20,562.1327514648438,591.75,613.0,585.5999755859375,606.0,3403144
2021-04-22,561.9901733398438,591.5999755859375,598.9000244140625,581.9000244140625,589.0,3182229
2021-04-23,556.1005249023438,585.4000244140625,597.0499877929688,581.2999877929688,592.0999755859375,3356598
2021-04-26,561.0878295898438,590.6500244140625,597.9000244140625,585.9000244140625,587.0999755859375,3162291
2021-04-27,567.5474853515625,597.4500122070312,605.2000122070312,589.4000244140625,591.0999755859375,4496811
2021-04-28,577.6168823242188,608.0499877929688,613.7000122070312,601.2000122070312,602.9500122070312,4983043
2021-04-29,584.9790649414062,615.7999877929688,621.0,609.7999877929688,613.4000244140625,6257014
2021-04-30,576.5244140625,606.9000244140625,621.0,604.0499877929688,610.7999877929688,3072295
2021-05-03,586.8789672851562,617.7999877929688,619.75,596.1500244140625,605.5,3609311
2021-05-04,580.65673828125,611.25,645.6500244140625,608.0499877929688,621.0,13505599
2021-05-05,608.6328125,640.7000122070312,643.0,616.6500244140625,621.7000122070312,11454883
2021-05-06,601.318115234375,633.0,641.0,626.6500244140625,640.7000122070312,5545420
2021-05-07,597.8983154296875,629.4000244140625,641.8499755859375,625.25,635.0,3675295
2021-05-10,640.8359985351562,674.5999755859375,680.3499755859375,635.5499877929688,635.7000122070312,16727737
2021-05-11,650.0980224609375,684.3499755859375,688.4500122070312,667.9000244140625,673.0,14135052
2021-05-12,657.0326538085938,691.6500244140625,702.5499877929688,680.5999755859375,691.9500122070312,10562440
2021-05-14,706.0975341796875,743.2999877929688,764.4000244140625,705.0499877929688,710.0,57232233
2021-05-17,732.1737670898438,770.75,785.0,752.0499877929688,757.0,28018670
2021-05-18,730.8912963867188,769.4000244140625,778.0,759.1500244140625,776.5,10306166
2021-05-19,743.003173828125,782.1500244140625,805.2999877929688,765.5499877929688,773.0,17761845
2021-05-20,729.0863647460938,767.5,797.4000244140625,763.0,786.4000244140625,8495432
2021-05-21,740.8182373046875,779.8499755859375,786.0,763.25,775.0,8097156
2021-05-24,749.8427124023438,789.3499755859375,793.9500122070312,773.7000122070312,781.9500122070312,5586202
2021-05-25,756.7774658203125,796.6500244140625,806.0,789.5,795.0,7350432
2021-05-26,771.9290771484375,812.5999755859375,815.75,791.5,795.0,7822821
2021-05-27,778.72119140625,819.75,825.5,809.5999755859375,816.0499877929688,10004617
2021-05-28,771.0741577148438,811.7000122070312,824.4500122070312,809.0,818.4500122070312,4829944
2021-05-31,774.3038940429688,815.0999755859375,821.8499755859375,808.25,811.7000122070312,3857904
2021-06-01,774.9689331054688,815.7999877929688,826.4000244140625,808.3499755859375,818.0,4414474
2021-06-02,795.6777954101562,837.5999755859375,840.8499755859375,810.5,815.0,7228801
2021-06-03,798.1952514648438,840.25,845.0,828.0,842.9500122070312,6863737
2021-06-04,794.3953857421875,836.25,845.3499755859375,832.0999755859375,835.0,4116012
2021-06-07,807.9322509765625,850.5,862.25,834.2000122070312,841.0,4774564
2021-06-08,810.8294677734375,853.5499877929688,864.7000122070312,840.2000122070312,850.4000244140625,4214138
2021-06-09,803.2299194335938,845.5499877929688,862.9500122070312,838.6500244140625,855.0,5068262
2021-06-10,796.7228393554688,838.7000122070312,853.7999877929688,837.0,849.0,4012050
2021-06-11,793.3504638671875,835.1500244140625,844.7000122070312,830.0,842.9500122070312,2633076
2021-06-14,792.8279418945312,834.5999755859375,838.2000122070312,815.2000122070312,838.2000122070312,2361786
2021-06-15,799.6676025390625,841.7999877929688,845.6500244140625,830.4000244140625,834.2000122070312,3093053
2021-06-16,796.2478637695312,838.2000122070312,854.5499877929688,836.1500244140625,843.9000244140625,4555364
2021-06-17,793.2554321289062,835.0499877929688,848.0,828.6500244140625,834.8499755859375,3684099
2021-06-18,767.5592651367188,808.0,839.25,790.8499755859375,839.0,8145772
2021-06-21,733.5511474609375,772.2000122070312,800.0,768.2999877929688,800.0,10319132
2021-06-22,762.3346557617188,802.5,806.5,776.5999755859375,779.0,8773658
2021-06-23,763.759521484375,804.0,810.9500122070312,793.0999755859375,809.0,5498823
2021-06-24,772.736572265625,813.4500122070312,815.4500122070312,796.5999755859375,809.0,3569898
2021-06-25,764.85205078125,805.1500244140625,814.0,801.8499755859375,809.0,2566357
2021-06-28,768.604248046875,809.0999755859375,812.5999755859375,801.2999877929688,805.0,2499662
2021-06-29,765.0894775390625,805.4000244140625,817.9500122070312,799.2999877929688,810.0,2509072
2021-06-30,753.1675415039062,792.8499755859375,811.0,790.5999755859375,810.0,2180444
2021-07-01,751.8851928710938,791.5,798.5499877929688,786.4500122070312,796.0,1933865
2021-07-02,759.3422241210938,799.3499755859375,806.5999755859375,789.0,791.5,2511086
2021-07-05,767.1792602539062,807.5999755859375,810.7000122070312,798.0499877929688,801.5,1812638
2021-07-06,763.0945434570312,803.2999877929688,816.0,801.4000244140625,808.0,3097194
2021-07-07,776.0139770507812,816.9000244140625,821.5,802.0,804.9000244140625,4641521
2021-07-08,773.35400390625,814.0999755859375,824.75,807.3499755859375,813.4000244140625,2536653
2021-07-09,773.7814331054688,814.5499877929688,823.0,808.0999755859375,812.0,2662681
2021-07-12,780.336181640625,821.4500122070312,831.7000122070312,815.9500122070312,820.0,4414998
2021-07-13,790.3106079101562,831.9500122070312,833.7999877929688,823.0999755859375,828.9000244140625,2610471
2021-07-14,787.8046264648438,819.75,827.4000244140625,818.0,823.4000244140625,2456567
2021-07-15,803.66162109375,836.25,839.2999877929688,819.25,821.75,3435337
2021-07-16,804.9110107421875,837.5499877929688,852.4000244140625,830.7999877929688,843.0,3907867
2021-07-19,800.7785034179688,833.25,849.0,822.2999877929688,834.9000244140625,4744590
2021-07-20,782.5189819335938,814.25,837.5,803.75,835.4500122070312,3280049
2021-07-22,795.733154296875,828.0,829.5,816.0,817.9500122070312,2978752
2021-07-23,787.7566528320312,819.7000122070312,827.5999755859375,816.0,827.5,2212963
2021-07-26,787.9968872070312,819.9500122070312,826.75,806.6500244140625,819.0,2449095
2021-07-27,781.0774536132812,812.75,825.6500244140625,806.1500244140625,820.0,1721268
2021-07-28,782.9034423828125,814.6500244140625,818.6500244140625,796.9500122070312,818.6500244140625,3172824
2021-07-29,787.7566528320312,819.7000122070312,822.9500122070312,810.0,822.9500122070312,1839368
2021-07-30,777.0410766601562,808.5499877929688,834.5,786.1500244140625,821.25,7703034
2021-08-02,760.2230834960938,791.0499877929688,810.6500244140625,785.0499877929688,808.5499877929688,6205784
2021-08-03,759.7425537109375,790.5499877929688,795.0,780.5999755859375,795.0,3265559
2021-08-04,754.4088745117188,785.0,798.8499755859375,780.2999877929688,792.7000122070312,2722366
2021-08-05,746.9608154296875,777.25,790.0,772.0,790.0,2264430
2021-08-06,747.0089111328125,777.2999877929688,791.7000122070312,775.5999755859375,779.9000244140625,1788211
2021-08-09,747.7777099609375,778.0999755859375,784.4000244140625,770.2000122070312,780.7999877929688,1517468
2021-08-10,741.0504760742188,771.0999755859375,787.0,762.5,780.3499755859375,2331179
2021-08-11,743.645263671875,773.7999877929688,781.9000244140625,757.0,772.0,3147475
2021-08-12,746.8167114257812,777.0999755859375,785.6500244140625,772.0499877929688,773.0,2248810
2021-08-13,748.73876953125,779.0999755859375,784.2999877929688,770.5999755859375,778.0,2549137
2021-08-16,742.6842041015625,772.7999877929688,784.5,770.0,780.0,1711689
2021-08-17,731.1038818359375,760.75,777.5499877929688,745.7999877929688,775.7000122070312,2895739
2021-08-18,732.4974365234375,762.2000122070312,766.2999877929688,753.5,764.5499877929688,1846331
2021-08-20,699.8704223632812,728.25,757.7999877929688,722.0999755859375,751.0,4257864
2021-08-23,690.9328002929688,718.9500122070312,737.5499877929688,714.5,732.0,2573379
2021-08-24,702.561279296875,731.0499877929688,732.7999877929688,717.0,721.9000244140625,1771956
2021-08-25,697.8041381835938,726.0999755859375,737.9500122070312,721.4500122070312,731.0499877929688,1895556
2021-08-26,691.6055297851562,719.6500244140625,729.7999877929688,717.0,725.0,1538567
2021-08-27,700.8314819335938,729.25,743.4000244140625,722.5499877929688,724.9500122070312,4292477
2021-08-30,711.594970703125,740.4500122070312,744.5499877929688,730.0,732.9500122070312,2358153
2021-08-31,712.3638305664062,741.25,747.3499755859375,735.4500122070312,743.0,3074791
2021-09-01,719.4754028320312,748.6500244140625,752.5,739.7999877929688,745.1500244140625,2051308
2021-09-02,723.9921875,753.3499755859375,757.9000244140625,746.0,752.0,3029716
2021-09-03,723.463623046875,752.7999877929688,760.0,747.0999755859375,756.3499755859375,1679831
2021-09-06,726.2987060546875,755.75,759.0,749.4500122070312,755.0,1427518
2021-09-07,722.7428588867188,752.0499877929688,759.9500122070312,746.0,757.0,1377576
2021-09-08,732.3052368164062,762.0,772.5,747.4000244140625,753.5,4079877
2021-09-09,728.3649291992188,757.9000244140625,762.0,754.0999755859375,761.6500244140625,1174804
2021-09-13,726.5390014648438,756.0,767.7000122070312,751.6500244140625,754.0,2724206
2021-09-14,723.1754150390625,752.5,764.8499755859375,751.0,760.9000244140625,1932973
2021-09-15,732.4012451171875,762.0999755859375,763.5999755859375,752.5999755859375,756.7999877929688,1374264
2021-09-16,724.6168823242188,754.0,769.75,753.0999755859375,763.0,2065099
2021-09-17,713.4208374023438,742.3499755859375,759.0,736.0999755859375,759.0,3348764
2021-09-20,678.1029663085938,705.5999755859375,738.0,701.0,738.0,3082145
2021-09-21,693.7197265625,721.8499755859375,727.9000244140625,700.0,705.5999755859375,4222370
2021-09-22,696.65087890625,724.9000244140625,726.1500244140625,713.75,721.0,1913723
2021-09-23,698.52490234375,726.8499755859375,732.0,723.0499877929688,725.0999755859375,1337563
2021-09-24,690.6444702148438,718.6500244140625,731.9000244140625,713.5499877929688,728.0,1372681
2021-09-27,697.5639038085938,725.8499755859375,737.0,716.25,722.9500122070312,2611791
2021-09-28,688.8665771484375,716.7999877929688,732.9000244140625,710.25,728.0,2577784
2021-09-29,689.202880859375,717.1500244140625,722.9000244140625,709.0,711.9000244140625,2160616
2021-09-30,680.1212158203125,707.7000122070312,719.9000244140625,706.1500244140625,717.1500244140625,2487764
2021-10-01,684.8783569335938,712.6500244140625,714.0499877929688,698.25,707.0,1947637
2021-10-04,675.5563354492188,702.9500122070312,719.9000244140625,694.0,713.0999755859375,7682864
2021-10-05,686.80029296875,714.6500244140625,719.5999755859375,700.5499877929688,705.0,3780191
2021-10-06,698.9573974609375,727.2999877929688,744.4500122070312,715.5,716.0,7773811
2021-10-07,699.1495971679688,727.5,736.0,723.0,735.2999877929688,2233111
2021-10-08,709.240478515625,738.0,747.4500122070312,726.25,728.0499877929688,3181166
2021-10-11,713.51708984375,742.4500122070312,754.4000244140625,740.0,740.0,3023541
2021-10-12,715.2948608398438,744.2999877929688,749.9000244140625,738.0499877929688,742.4500122070312,1837397
2021-10-13,718.3222045898438,747.4500122070312,754.25,741.6500244140625,744.2999877929688,1573332
2021-10-14,718.7066040039062,747.8499755859375,759.0,745.25,753.0,2144296
2021-10-18,721.829833984375,751.0999755859375,762.0,745.2000122070312,749.2000122070312,2620289
2021-10-19,705.1079711914062,733.7000122070312,759.9000244140625,728.5999755859375,755.0,1498436
2021-10-20,688.0016479492188,715.9000244140625,734.9000244140625,711.25,733.7000122070312,1568362
2021-10-21,689.4912719726562,717.4500122070312,723.4000244140625,706.2999877929688,723.0499877929688,1625612
2021-10-22,676.9017333984375,704.3499755859375,722.5,699.25,714.25,1375825
2021-10-25,668.2044677734375,695.2999877929688,708.0,686.25,704.0,1746556
2021-10-26,685.4549560546875,713.25,716.4500122070312,693.5999755859375,695.0,1475209
2021-10-27,712.6040649414062,741.5,748.0,712.0,714.5,4677615
2021-10-28,701.4560546875,729.9000244140625,748.2000122070312,725.8499755859375,743.0,2875850
2021-10-29,711.354736328125,740.2000122070312,746.0,716.5499877929688,735.9000244140625,3448037
2021-11-01,691.9898681640625,720.0499877929688,745.0,700.0,745.0,5953165
2021-11-02,692.2301635742188,720.2999877929688,726.4000244140625,711.0,720.7999877929688,1852304
2021-11-03,708.3274536132812,737.0499877929688,756.5,720.2999877929688,720.2999877929688,6580294
2021-11-04,708.9521484375,737.7000122070312,745.0,731.0999755859375,745.0,390092
2021-11-08,713.709228515625,742.6500244140625,744.0,731.0,740.0,1227750
2021-11-09,717.2650146484375,746.3499755859375,753.4000244140625,742.6500244140625,744.7000122070312,1622626
2021-11-10,741.2427368164062,771.2999877929688,774.0,741.0999755859375,746.25,6430811
2021-11-11,734.8999633789062,764.7000122070312,777.9500122070312,760.5,774.0,3322415
2021-11-12,739.5609741210938,769.5499877929688,774.7000122070312,765.0499877929688,770.0,1608464
2021-11-15,753.495849609375,784.0499877929688,791.4000244140625,770.3499755859375,771.0,5069793
2021-11-16,749.6517333984375,780.0499877929688,794.0,777.0999755859375,786.0,2830062
2021-11-17,726.154541015625,755.5999755859375,777.0,752.7000122070312,777.0,2998582
2021-11-18,712.5560302734375,741.4500122070312,761.9000244140625,740.0,755.5999755859375,2120918
2021-11-22,688.5783081054688,716.5,747.0999755859375,706.75,743.0,2041278
2021-11-23,696.9873046875,725.25,729.0499877929688,705.25,710.0,1772081
2021-11-24,693.5757446289062,721.7000122070312,736.0999755859375,716.1500244140625,726.0,1312705
2021-11-25,698.9573974609375,727.2999877929688,737.8499755859375,721.75,725.0499877929688,4133359
2021-11-26,676.3731689453125,703.7999877929688,726.0,701.0,726.0,2482446
2021-11-29,662.4862670898438,689.3499755859375,710.25,679.25,704.0,2997007
2021-11-30,655.1344604492188,681.7000122070312,702.75,678.5499877929688,689.0,2524084
2021-12-01,663.5914916992188,690.5,693.75,681.5499877929688,687.5,1355645
2021-12-02,670.991455078125,698.2000122070312,700.4500122070312,687.25,691.5,1673311
2021-12-03,684.9744262695312,712.75,717.75,699.75,700.0999755859375,3981290
2021-12-06,688.6262817382812,716.5499877929688,733.0,705.0,712.7000122070312,4551735
2021-12-07,698.62109375,726.9500122070312,730.7000122070312,717.0,720.0,1467958
2021-12-08,699.7261352539062,728.0999755859375,735.6500244140625,725.9500122070312,727.0999755859375,1827973
2021-12-09,713.27685546875,742.2000122070312,744.0,727.5499877929688,728.0999755859375,2396147
2021-12-10,708.7118530273438,737.4500122070312,747.6500244140625,734.8499755859375,741.9500122070312,1084590
2021-12-13,711.5469360351562,740.4000244140625,751.9000244140625,735.5,739.5,2203948
2021-12-14,717.937744140625,747.0499877929688,748.4500122070312,733.5999755859375,733.5999755859375,1561018
2021-12-15,711.1144409179688,739.9500122070312,755.7000122070312,736.25,746.9500122070312,3260708
2021-12-16,705.3002319335938,733.9000244140625,747.4000244140625,728.8499755859375,740.0,1028360
2021-12-17,687.7132568359375,715.5999755859375,732.1500244140625,713.5499877929688,729.0,2810650
2021-12-20,680.69775390625,708.2999877929688,715.5999755859375,693.2999877929688,703.5,2338685
2021-12-21,705.0599365234375,733.6500244140625,737.5999755859375,712.6500244140625,716.6500244140625,1660409
2021-12-22,724.9052124023438,754.2999877929688,757.0,735.0,735.0,3623916
2021-12-23,725.337646484375,754.75,759.0,748.6500244140625,759.0,1539991
2021-12-24,717.7455444335938,746.8499755859375,759.0,739.0999755859375,759.0,1276729
2021-12-27,727.1156005859375,756.5999755859375,760.0,740.25,746.6500244140625,1315245
2021-12-28,732.06494140625,761.75,765.0,757.2000122070312,763.9000244140625,1955283
2021-12-29,728.79736328125,758.3499755859375,767.7000122070312,754.5999755859375,759.0,1192837
2021-12-30,717.5533447265625,746.6500244140625,760.3499755859375,744.9000244140625,755.0,1686223
2021-12-31,717.9857788085938,747.0999755859375,757.0999755859375,745.5499877929688,748.0,1131359
2022-01-03,734.41943359375,764.2000122070312,766.9000244140625,750.0,753.0,1157591
2022-01-04,732.06494140625,761.75,769.1500244140625,755.5,769.1500244140625,1247395
2022-01-05,734.7077026367188,764.5,769.8499755859375,757.4000244140625,759.0,1156604
2022-01-06,752.24658203125,782.75,787.0,759.4500122070312,766.0,5436867
2022-01-07,758.2049560546875,788.9500122070312,790.7000122070312,776.5499877929688,782.0,2052552
2022-01-10,789.5825805664062,821.5999755859375,825.0,791.7000122070312,792.0999755859375,7424271
2022-01-11,787.6124267578125,819.5499877929688,828.0,816.0,821.7999877929688,2004689
2022-01-12,790.3514404296875,822.4000244140625,825.0999755859375,812.4000244140625,821.0999755859375,2242638
2022-01-13,808.2265625,841.0,844.9000244140625,823.0999755859375,823.0999755859375,4410699
2022-01-14,792.5137329101562,824.6500244140625,836.0499877929688,818.0,836.0,3690548
2022-01-17,792.6098022460938,824.75,830.7000122070312,815.7000122070312,825.4500122070312,2569165
2022-01-18,767.9593505859375,799.0999755859375,825.0,795.8499755859375,821.5499877929688,2820426
2022-01-19,781.5579223632812,813.25,815.0,789.2000122070312,798.0,2193951
2022-01-20,776.945068359375,808.4500122070312,823.0,804.0,820.0,1950781
2022-01-21,756.23486328125,786.9000244140625,804.8499755859375,780.0999755859375,801.0,1449766
2022-01-24,732.8817749023438,762.5999755859375,786.0,755.5,776.7000122070312,1663579
2022-01-25,760.3192138671875,791.1500244140625,795.1500244140625,746.0999755859375,754.5,2981161
2022-01-27,741.8674926757812,771.9500122070312,794.8499755859375,765.0,794.8499755859375,2436411
2022-01-28,759.4542846679688,790.25,806.5,777.5499877929688,778.0,4007799
2022-01-31,746.2401123046875,776.5,812.7000122070312,775.0,803.75,5138792
2022-02-01,754.4088745117188,785.0,795.5999755859375,766.9000244140625,785.0,3693825
2022-02-02,755.3218994140625,785.9500122070312,799.5999755859375,782.0,786.5999755859375,1771793
2022-02-03,743.3570556640625,773.5,791.0,771.0,788.9500122070312,1493402
2022-02-04,737.302490234375,767.2000122070312,776.7999877929688,765.0,773.5999755859375,992052
2022-02-07,727.1156005859375,756.5999755859375,774.9000244140625,750.25,764.2000122070312,1255955
2022-02-08,729.085693359375,758.6500244140625,763.9500122070312,744.0999755859375,757.0,2063533
2022-02-09,740.4739379882812,770.5,772.4500122070312,760.0,764.5,1342782
2022-02-10,740.0894775390625,770.0999755859375,778.9500122070312,767.9500122070312,775.0,2561635
2022-02-11,723.84814453125,753.2000122070312,766.9500122070312,750.0,765.8499755859375,1621795
2022-02-14,693.5757446289062,721.7000122070312,749.0499877929688,716.0,744.2999877929688,1950243
2022-02-15,715.6793212890625,744.7000122070312,746.9500122070312,716.1500244140625,725.0999755859375,1467359
2022-02-16,707.1261596679688,735.7999877929688,750.0,732.2999877929688,750.0,1398493
2022-02-17,698.7171630859375,727.0499877929688,742.7000122070312,725.75,737.0,1174134
2022-02-18,696.698974609375,724.9500122070312,736.2000122070312,719.0,728.0,1973922
2022-02-21,676.7095336914062,704.1500244140625,724.9000244140625,701.8499755859375,724.9000244140625,2577455
2022-02-22,666.3304443359375,693.3499755859375,695.7000122070312,676.25,689.0,2841052
2022-02-23,661.1889038085938,688.0,702.6500244140625,684.8499755859375,700.0499877929688,2713053
2022-02-24,607.6594848632812,632.2999877929688,674.75,622.0,673.0,5453651
2022-02-25,629.1866455078125,654.7000122070312,663.8499755859375,644.6500244140625,656.2000122070312,3890925
2022-02-28,639.5177612304688,665.4500122070312,668.9500122070312,644.0999755859375,651.0,3060915
2022-03-02,662.6785278320312,689.5499877929688,697.0,659.5,663.6500244140625,8499711
2022-03-03,685.9354248046875,713.75,724.5999755859375,688.9500122070312,707.9000244140625,9676442
2022-03-04,685.9354248046875,713.75,735.9000244140625,704.7999877929688,712.0,10189495
2022-03-07,703.3781127929688,731.9000244140625,735.0,685.75,710.0499877929688,6969575
2022-03-08,695.9782104492188,724.2000122070312,740.9500122070312,707.5999755859375,730.4000244140625,4117923
2022-03-09,696.939208984375,725.2000122070312,734.7999877929688,712.7000122070312,732.5,2888800
2022-03-10,695.9782104492188,724.2000122070312,742.4000244140625,720.0,731.5499877929688,4218131
2022-03-11,697.1795043945312,725.4500122070312,729.0,716.2000122070312,723.8499755859375,2559363
2022-03-14,702.2730102539062,730.75,733.5499877929688,720.0999755859375,728.0,2845328
2022-03-15,712.1235961914062,741.0,746.0,728.5499877929688,730.0,4051465
2022-03-16,723.1273803710938,752.4500122070312,756.6500244140625,743.9000244140625,749.9500122070312,2879590
2022-03-17,731.9207153320312,761.5999755859375,764.5,754.5499877929688,759.0,2297497
2022-03-21,745.66357421875,775.9000244140625,777.75,760.0,770.0,3221656
2022-03-22,750.5167236328125,780.9500122070312,787.0,771.0499877929688,775.0,2788207
2022-03-23,763.0100708007812,793.9500122070312,796.4000244140625,780.0,780.5,2365083
2022-03-24,767.9593505859375,799.0999755859375,801.8499755859375,789.0499877929688,795.0,2117672
2022-03-25,767.4307861328125,798.5499877929688,814.5,791.5999755859375,807.0,4762541
2022-03-28,750.324462890625,780.75,797.9500122070312,778.0,795.0499877929688,2207764
2022-03-29,751.5258178710938,782.0,790.4000244140625,779.0499877929688,781.5,1636109
2022-03-30,745.90380859375,776.1500244140625,785.5,774.0,782.0,1113587
2022-03-31,739.6089477539062,769.5999755859375,778.9500122070312,765.0,778.5499877929688,1874608
2022-04-01,751.0933227539062,781.5499877929688,783.5,770.5,770.5,1467955
2022-04-04,753.7841186523438,784.3499755859375,790.0,779.0499877929688,781.4500122070312,1111794
2022-04-05,762.6256103515625,793.5499877929688,800.6500244140625,790.2999877929688,791.9500122070312,2326745
2022-04-06,773.917724609375,805.2999877929688,811.7999877929688,792.0999755859375,796.2000122070312,2880663
2022-04-07,772.0437622070312,803.3499755859375,809.0,790.4500122070312,797.0,2227078
2022-04-08,778.1943359375,809.75,819.5,805.6500244140625,806.0,3285707
2022-04-11,787.9006958007812,819.8499755859375,824.0,810.1500244140625,811.0,3167295
2022-04-12,774.2542114257812,805.6500244140625,817.6500244140625,800.5,817.6500244140625,3123878
2022-04-13,786.74755859375,818.6500244140625,836.4500122070312,805.0,805.6500244140625,4974212
2022-04-18,773.773681640625,805.1500244140625,817.7000122070312,792.2999877929688,813.6500244140625,3037877
2022-04-19,773.5333862304688,804.9000244140625,823.9000244140625,800.0,807.0,2907063
2022-04-20,793.09033203125,825.25,826.9000244140625,807.0499877929688,809.5,3042831
2022-04-21,796.8384399414062,829.1500244140625,833.6500244140625,821.0,831.0,2691988
2022-04-22,784.7293701171875,816.5499877929688,828.9000244140625,811.2999877929688,828.9000244140625,3147260
2022-04-25,771.7554321289062,803.0499877929688,808.9500122070312,791.5,805.0,2050099
2022-04-26,780.6930541992188,812.3499755859375,819.2999877929688,807.0999755859375,814.0,2022477
2022-04-27,767.2867431640625,798.4000244140625,810.1500244140625,794.2000122070312,809.9000244140625,1627577
2022-04-28,792.1773071289062,824.2999877929688,827.0,804.25,814.25,4606626
2022-04-29,790.8319702148438,822.9000244140625,834.0,816.3499755859375,832.0,3236877
2022-05-02,797.8954467773438,830.25,837.7000122070312,812.7000122070312,815.5499877929688,3855822
2022-05-04,792.0812377929688,824.2000122070312,848.0,816.9500122070312,830.9000244140625,4888165
2022-05-05,791.1682739257812,823.25,841.4000244140625,819.0999755859375,830.4000244140625,2630497
2022-05-06,756.1867065429688,786.8499755859375,815.0,779.4500122070312,815.0,3256336
2022-05-09,747.2971801757812,777.5999755859375,806.6500244140625,768.5499877929688,772.0,6800255
2022-05-10,759.0217895507812,789.7999877929688,800.6500244140625,778.5499877929688,792.0,4027939
2022-05-11,761.2802734375,792.1500244140625,812.7000122070312,782.7999877929688,801.0,3654568
2022-05-12,735.1402587890625,764.9500122070312,789.25,753.0,782.0,2998405
2022-05-13,751.0933227539062,781.5499877929688,795.0,772.0999755859375,774.0,3062695
2022-05-16,770.9866333007812,802.25,806.5,775.0499877929688,784.7000122070312,3267900
2022-05-17,785.4981079101562,817.3499755859375,819.7000122070312,798.7000122070312,808.0,1844532
2022-05-18,789.10205078125,821.0999755859375,827.0,809.25,817.0,1792368
2022-05-19,782.2787475585938,814.0,816.3499755859375,803.0,807.7999877929688,1801424
2022-05-20,776.7528076171875,808.25,828.0,803.5,818.0,2235524
2022-05-23,760.4153442382812,791.25,815.3499755859375,788.75,810.0,3341478
2022-05-24,761.6646728515625,792.5499877929688,798.7999877929688,783.6500244140625,789.0,1695450
2022-05-25,734.2271728515625,764.0,798.0,758.4000244140625,794.5,1484158
2022-05-26,718.3222045898438,747.4500122070312,766.0,733.0499877929688,764.0,2577097
2022-05-27,727.1156005859375,756.5999755859375,762.7000122070312,746.6500244140625,754.0,1529970
2022-05-30,752.0543212890625,782.5499877929688,787.7999877929688,760.3499755859375,760.3499755859375,1735999
2022-05-31,749.2192993164062,779.5999755859375,791.2000122070312,775.0,782.5,1981316
2022-06-01,749.3634643554688,779.75,784.4000244140625,772.5999755859375,772.5999755859375,1136166
2022-06-02,745.1348266601562,775.3499755859375,787.4500122070312,769.0,775.0,1662461
2022-06-03,739.6571044921875,769.6500244140625,782.9000244140625,766.5499877929688,782.9000244140625,1175685
2022-06-06,748.6427001953125,779.0,781.0,764.5499877929688,771.9500122070312,891806
2022-06-07,717.120849609375,746.2000122070312,779.7999877929688,742.0999755859375,778.5,2074139
2022-06-08,706.50146484375,735.1500244140625,748.7000122070312,730.0,746.0,2112443
2022-06-09,718.177978515625,747.2999877929688,751.0,726.7000122070312,734.2000122070312,2312524
2022-06-10,705.78076171875,734.4000244140625,739.9500122070312,732.5499877929688,738.0,1103946
2022-06-13,698.0924072265625,726.4000244140625,732.4000244140625,719.5499877929688,726.0,1517285
2022-06-14,687.8095092773438,715.7000122070312,731.9500122070312,712.25,721.9000244140625,1590761
2022-06-15,684.3978271484375,712.1500244140625,723.5999755859375,707.0499877929688,721.5,1108371
2022-06-16,657.0084228515625,683.6500244140625,725.5,679.4000244140625,722.0999755859375,1733865
2022-06-17,639.2293701171875,665.1500244140625,687.7000122070312,659.25,683.4000244140625,2607500
2022-06-20,615.491943359375,640.4500122070312,671.9500122070312,630.5499877929688,668.0,2523321
2022-06-21,628.7061157226562,654.2000122070312,656.9500122070312,642.25,642.25,1316846
2022-06-22,589.736328125,613.6500244140625,651.9500122070312,611.0,650.2000122070312,4180495
2022-06-23,608.5244750976562,633.2000122070312,635.6500244140625,607.5,613.0,3857527
2022-06-24,615.8762817382812,640.8499755859375,645.25,631.0499877929688,633.0,1901670
2022-06-27,631.4930419921875,657.0999755859375,666.5,644.0999755859375,648.0,2442598
2022-06-28,630.4359130859375,656.0,665.5,647.6500244140625,651.0999755859375,2692035
2022-06-29,619.2879638671875,644.4000244140625,653.9500122070312,641.5499877929688,652.0499877929688,2371912
2022-06-30,607.755615234375,632.4000244140625,645.75,630.1500244140625,645.0,3792264
2022-07-01,618.423095703125,643.5,646.0,621.9500122070312,630.0,3575548
2022-07-04,628.994384765625,654.5,657.7999877929688,636.0499877929688,643.4000244140625,3002770
2022-07-05,630.8203735351562,656.4000244140625,671.6500244140625,654.5999755859375,659.0,2721295
2022-07-06,636.6826782226562,662.5,664.1500244140625,652.5999755859375,655.9000244140625,1674576
2022-07-07,656.1434936523438,682.75,684.6500244140625,664.4500122070312,667.0,3320190
2022-07-08,663.3512573242188,690.25,692.2999877929688,681.25,685.0,3024014
2022-07-11,663.8797607421875,690.7999877929688,695.0,683.25,688.4500122070312,1822281
2022-07-12,653.6929321289062,680.2000122070312,691.4500122070312,676.25,687.0,1083141
2022-07-13,653.0201416015625,679.5,686.25,677.0,683.6500244140625,1152719
2022-07-14,644.0344848632812,670.1500244140625,685.0,666.5999755859375,680.2999877929688,1460677
2022-07-15,643.2656860351562,669.3499755859375,676.4500122070312,663.0499877929688,672.4500122070312,1143520
2022-07-18,658.3538208007812,685.0499877929688,687.75,675.0,676.9500122070312,1868531
2022-07-19,657.6810913085938,684.3499755859375,687.75,677.2000122070312,679.9500122070312,1909300
2022-07-20,659.5071411132812,686.25,697.5,685.1500244140625,693.0,1624888
2022-07-21,677.5264282226562,705.0,706.9500122070312,685.5,687.9000244140625,2747265
2022-07-22,696.7470092773438,725.0,730.6500244140625,709.0,710.9500122070312,5783131
2022-07-25,705.3482055664062,733.9500122070312,737.7000122070312,723.9000244140625,725.0999755859375,2179454
2022-07-26,698.04443359375,726.3499755859375,739.5,724.0499877929688,733.9500122070312,1501349
2022-07-27,702.7603759765625,721.5999755859375,723.0,708.0,715.0,1463655
2022-07-28,708.7012329101562,727.7000122070312,730.7999877929688,719.4000244140625,725.9000244140625,1335287
2022-07-29,721.7513427734375,741.0999755859375,745.0,732.0,737.0,1518704
2022-08-01,747.3159790039062,767.3499755859375,780.4000244140625,744.0499877929688,753.0,7797234
2022-08-02,720.2904663085938,739.5999755859375,766.2000122070312,730.0,766.2000122070312,5611299
2022-08-03,712.255859375,731.3499755859375,744.4000244140625,725.0,739.9000244140625,3058290
2022-08-04,712.6454467773438,731.75,740.9500122070312,721.4000244140625,738.4000244140625,1781136
2022-08-05,724.0399780273438,743.4500122070312,750.0,731.0,735.0,1828490
2022-08-08,729.5912475585938,749.1500244140625,751.5499877929688,736.5499877929688,743.4000244140625,1589806
2022-08-10,745.3194580078125,765.2999877929688,767.4000244140625,752.0,757.0,3248773
2022-08-11,747.4620971679688,767.5,774.2000122070312,760.3499755859375,769.3499755859375,2071502
2022-08-12,768.3033447265625,788.9000244140625,790.0,768.0,768.0,3744532
2022-08-16,767.9624633789062,788.5499877929688,804.25,786.0999755859375,790.0,2269603
2022-08-17,769.8616333007812,790.5,793.7000122070312,783.8499755859375,787.0,982454
2022-08-18,753.74365234375,773.9500122070312,791.5,773.0,789.0,2239104
2022-08-19,748.1925048828125,768.25,779.5499877929688,764.0,773.9500122070312,1693235
2022-08-22,725.25732421875,744.7000122070312,762.9500122070312,743.1500244140625,760.25,1749489
2022-08-23,739.7196044921875,759.5499877929688,762.0,737.0,737.0,1594035
2022-08-24,739.9144287109375,759.75,763.7000122070312,753.0,760.2000122070312,1245022
2022-08-25,742.7387084960938,762.6500244140625,778.0,758.2999877929688,762.5,2516409
2022-08-26,740.1578369140625,760.0,779.0,758.1500244140625,766.5,3643595
2022-08-29,730.8572387695312,750.4500122070312,756.0499877929688,739.4000244140625,750.0,1406170
2022-08-30,749.1663818359375,769.25,770.0999755859375,751.6500244140625,754.25,3414234
2022-09-01,736.7006225585938,756.4500122070312,766.6500244140625,751.2999877929688,764.0499877929688,2440603
2022-09-02,726.3286743164062,745.7999877929688,762.0999755859375,744.2999877929688,760.25,2098827
2022-09-05,727.3511962890625,746.8499755859375,753.75,740.0,741.3499755859375,1963379
2022-09-06,718.8296508789062,738.0999755859375,751.9500122070312,735.9000244140625,749.7000122070312,1799028
2022-09-07,721.7513427734375,741.0999755859375,743.0,734.0,736.0499877929688,1874233
2022-09-08,718.245361328125,737.5,747.6500244140625,734.0,744.8499755859375,1993343
2022-09-09,722.6278686523438,742.0,756.8499755859375,740.0999755859375,742.0,2659280
2022-09-12,736.6031494140625,756.3499755859375,758.9000244140625,744.0499877929688,745.7000122070312,2224393
2022-09-13,735.9701538085938,755.7000122070312,768.0,753.3499755859375,759.0,2541324
2022-09-14,728.7633666992188,748.2999877929688,760.1500244140625,743.7999877929688,748.0,2044162
2022-09-15,723.2120971679688,742.5999755859375,756.4000244140625,741.0,750.0,1449814
2022-09-16,685.03564453125,703.4000244140625,753.25,699.0,746.3499755859375,6546670
2022-09-19,693.654541015625,712.25,718.5499877929688,696.0499877929688,706.9500122070312,2189179
2022-09-20,701.1049194335938,719.9000244140625,723.5999755859375,714.2000122070312,715.8499755859375,1342093
2022-09-21,698.7675170898438,717.5,724.4500122070312,705.0,717.0,2077807
2022-09-22,702.5169067382812,721.3499755859375,726.5999755859375,709.0999755859375,709.0999755859375,2203643
2022-09-23,684.4999389648438,702.8499755859375,727.2999877929688,700.0,724.0,2230894
2022-09-26,662.1491088867188,679.9000244140625,701.9500122070312,670.4000244140625,698.0,2182907
2022-09-27,660.006591796875,677.7000122070312,687.8499755859375,672.5,683.2999877929688,1199827
2022-09-28,646.3720703125,663.7000122070312,677.5,660.5499877929688,676.7000122070312,1617322
2022-09-29,639.6522216796875,656.7999877929688,675.4500122070312,654.0,667.0499877929688,2121416
2022-09-30,654.504150390625,672.0499877929688,674.8499755859375,654.4000244140625,656.7999877929688,1745532
2022-10-03,647.7355346679688,665.0999755859375,681.7999877929688,664.0,671.2000122070312,1815744
2022-10-04,671.936767578125,689.9500122070312,691.7000122070312,674.0,678.0,2372225
2022-10-06,668.0899047851562,686.0,694.8499755859375,683.5,691.0,1208462
2022-10-07,672.4237060546875,690.4500122070312,699.9000244140625,683.9500122070312,685.0,2367283
2022-10-10,665.168212890625,683.0,686.7999877929688,677.5,680.0,1009423
2022-10-11,646.810302734375,664.1500244140625,686.4500122070312,660.2000122070312,686.4500122070312,1257522
2022-10-12,656.0136108398438,673.5999755859375,675.5499877929688,660.7000122070312,665.0,1171443
2022-10-13,646.56689453125,663.9000244140625,676.5,662.0999755859375,675.0,745089
2022-10-14,660.5908813476562,678.2999877929688,687.5999755859375,672.0,674.0,2108845
2022-10-17,660.347412109375,678.0499877929688,684.0,671.7999877929688,679.5999755859375,1360600
2022-10-18,664.2429809570312,682.0499877929688,689.0499877929688,680.0,681.4500122070312,1238762
2022-10-19,659.1300659179688,676.7999877929688,689.0999755859375,675.5999755859375,685.0,938837
2022-10-20,694.8718872070312,713.5,715.7999877929688,666.9000244140625,675.0,7210550
2022-10-21,681.9191284179688,700.2000122070312,724.0,696.7999877929688,712.7000122070312,5022081
2022-10-24,689.6129150390625,708.0999755859375,714.7000122070312,702.8499755859375,711.0,545145
2022-10-25,676.3193359375,694.4500122070312,709.9500122070312,691.1500244140625,709.9500122070312,2890000
2022-10-27,688.0060424804688,706.4500122070312,709.0,695.7999877929688,701.4000244140625,2548464
2022-10-28,695.2615356445312,713.9000244140625,715.9000244140625,703.4500122070312,707.0,1834544
2022-10-31,711.135986328125,730.2000122070312,732.0,711.0,717.5,2733496
2022-11-01,698.280517578125,717.0,739.4500122070312,711.25,737.7999877929688,5060223
2022-11-02,698.816162109375,717.5499877929688,728.2999877929688,713.7999877929688,720.5999755859375,1949252
2022-11-03,707.2403564453125,726.2000122070312,727.7000122070312,711.0999755859375,716.9000244140625,1665899
2022-11-04,719.5601196289062,738.8499755859375,739.9500122070312,725.0,730.0,3318868
2022-11-07,728.9094848632812,748.4500122070312,749.9500122070312,739.0499877929688,742.5499877929688,3102187
2022-11-09,733.9249877929688,753.5999755859375,759.4500122070312,747.2999877929688,755.7999877929688,3649011
2022-11-10,736.3597412109375,756.0999755859375,758.5999755859375,748.0499877929688,754.9500122070312,4929698
2022-11-11,747.8516845703125,767.9000244140625,769.9000244140625,759.0499877929688,760.0,3077741
2022-11-14,753.841064453125,774.0499877929688,785.0,768.6500244140625,771.75,3532456
2022-11-15,750.1403198242188,770.25,780.0,764.5,774.0499877929688,1649039
2022-11-16,747.4620971679688,767.5,771.2999877929688,762.25,770.4500122070312,1407784
2022-11-17,751.3089599609375,771.4500122070312,776.0,761.0999755859375,767.5,1846461
2022-11-18,745.9525756835938,765.9500122070312,776.0,760.25,776.0,2466319
2022-11-21,739.7683715820312,759.5999755859375,765.0,755.2999877929688,765.0,818375
2022-11-22,748.679443359375,768.75,770.0,757.0499877929688,760.0,1288326
2022-11-23,748.4359130859375,768.5,776.0499877929688,766.25,772.9500122070312,907504
2022-11-24,753.9384765625,774.1500244140625,779.9500122070312,767.7999877929688,772.3499755859375,1463574
2022-11-25,756.8601684570312,777.1500244140625,780.9500122070312,770.5999755859375,778.0499877929688,867124
2022-11-28,759.2948608398438,779.6500244140625,784.9500122070312,775.4500122070312,777.0,943112
2022-11-29,754.6201171875,774.8499755859375,784.7999877929688,772.2999877929688,782.0,1266481
2022-11-30,769.0824584960938,789.7000122070312,793.5499877929688,774.3499755859375,777.9000244140625,3241756
2022-12-01,758.5157470703125,778.8499755859375,788.6500244140625,776.4500122070312,780.0,1517442
2022-12-02,763.2391967773438,783.7000122070312,785.0,768.0,780.0999755859375,2337749
2022-12-05,781.8404541015625,802.7999877929688,807.0,784.5,787.5,4114694
2022-12-06,767.3295288085938,787.9000244140625,802.7999877929688,782.2999877929688,801.9000244140625,1575896
2022-12-07,757.8340454101562,778.1500244140625,792.2999877929688,776.1500244140625,788.0,970940
2022-12-08,757.5418090820312,777.8499755859375,782.9000244140625,773.2999877929688,782.0499877929688,1500182
2022-12-09,743.7612915039062,763.7000122070312,781.9500122070312,757.0499877929688,779.4500122070312,1636084
2022-12-12,752.8671875,773.0499877929688,775.0,756.5999755859375,762.0,1124301
2022-12-13,747.36474609375,767.4000244140625,776.0,763.0499877929688,776.0,1521073
2022-12-14,760.51220703125,780.9000244140625,782.0,762.5999755859375,768.5,1480610
2022-12-15,750.6272583007812,770.75,788.5,765.5,782.0,1692394
2022-12-16,750.3350219726562,770.4500122070312,774.1500244140625,759.0499877929688,766.2000122070312,2566446
2022-12-19,750.0429077148438,770.1500244140625,773.9000244140625,763.25,770.9500122070312,884769
2022-12-20,735.1422729492188,754.8499755859375,771.5499877929688,749.0,769.0,1598234
2022-12-21,735.1911010742188,754.9000244140625,767.5,751.7999877929688,761.4500122070312,2220101
2022-12-22,710.30810546875,729.3499755859375,761.4500122070312,727.4500122070312,755.25,2404863
2022-12-23,692.6319580078125,711.2000122070312,727.5,707.9500122070312,722.0999755859375,1175968
2022-12-26,699.4979248046875,718.25,725.3499755859375,707.5,712.4500122070312,955078
2022-12-27,697.6474609375,716.3499755859375,724.9500122070312,710.0,724.9500122070312,1693081
2022-12-28,704.6595458984375,723.5499877929688,731.9000244140625,714.0,716.0,3025343
2022-12-29,703.6856079101562,722.5499877929688,729.8499755859375,717.0,724.7000122070312,1898772
2022-12-30,697.4527587890625,716.1500244140625,732.0,713.4000244140625,726.2000122070312,1387568
2023-01-02,703.1499633789062,722.0,724.0,711.9500122070312,718.5999755859375,1259229
2023-01-03,700.5691528320312,719.3499755859375,727.25,717.2000122070312,722.5,1277112
2023-01-04,696.9658203125,715.6500244140625,722.0999755859375,712.0,721.2000122070312,1354737
2023-01-05,701.4943237304688,720.2999877929688,724.7000122070312,713.4000244140625,719.25,1407487
2023-01-06,699.4005126953125,718.1500244140625,729.3499755859375,715.3499755859375,721.4000244140625,1209522
2023-01-09,715.031494140625,734.2000122070312,736.1500244140625,722.5999755859375,724.0,1358106
2023-01-10,705.7308349609375,724.6500244140625,735.8499755859375,720.0,735.8499755859375,1484340
2023-01-11,699.0596313476562,717.7999877929688,727.7000122070312,715.4000244140625,726.0,1400355
2023-01-12,699.0596313476562,717.7999877929688,722.9000244140625,714.3499755859375,721.4000244140625,1272850
2023-01-13,700.0335083007812,718.7999877929688,723.5999755859375,714.4000244140625,721.0,1310587
2023-01-16,695.4075317382812,714.0499877929688,723.0,710.5,721.4500122070312,1079570
2023-01-17,700.423095703125,719.2000122070312,723.0,713.5999755859375,715.0,1349682
2023-01-18,713.2297973632812,732.3499755859375,734.0,721.0499877929688,721.25,1430862
2023-01-19,728.0328979492188,747.5499877929688,748.8499755859375,730.0,732.0,3553403
2023-01-20,718.5374755859375,737.7999877929688,748.4000244140625,735.2000122070312,747.5999755859375,979497
2023-01-23,729.8833618164062,749.4500122070312,753.4500122070312,738.2000122070312,742.9500122070312,2526843
2023-01-24,726.4747314453125,745.9500122070312,753.5999755859375,743.0,750.0,1132275
2023-01-25,718.68359375,737.9500122070312,746.75,735.25,744.0,1865988
2023-01-27,725.25732421875,744.7000122070312,756.7000122070312,735.2000122070312,741.6500244140625,4903817
2023-01-30,725.6956176757812,745.1500244140625,750.5499877929688,737.5999755859375,748.75,1189091
2023-01-31,737.4310302734375,757.2000122070312,766.7000122070312,748.0,748.0,3629320
2023-02-01,722.77392578125,742.1500244140625,771.5999755859375,730.0,765.0999755859375,3623038
2023-02-02,678.2183227539062,696.4000244140625,744.9500122070312,684.25,741.0,7698238
2023-02-03,697.0145263671875,715.7000122070312,718.0,697.5,701.0999755859375,2601859
2023-02-06,695.8944702148438,714.5499877929688,716.7000122070312,701.3499755859375,715.5,1366976
2023-02-07,690.7328491210938,709.25,716.9500122070312,701.1500244140625,715.4000244140625,1571287
2023-02-08,703.7830810546875,722.6500244140625,723.7999877929688,710.0,711.0,1050880
2023-02-09,698.3779296875,717.0999755859375,722.75,714.0499877929688,721.0499877929688,1097590
2023-02-10,707.922119140625,726.9000244140625,729.3499755859375,716.5499877929688,717.0999755859375,1282246
2023-02-13,714.6419067382812,733.7999877929688,736.4000244140625,725.0,730.0,1265376
2023-02-14,741.7161254882812,761.5999755859375,766.9500122070312,735.5999755859375,736.5,7326901
2023-02-15,749.2637329101562,769.3499755859375,770.4000244140625,759.2000122070312,760.9500122070312,2786352
2023-02-16,750.2376708984375,770.3499755859375,773.7000122070312,767.0,770.0,1575168
2023-02-17,750.0429077148438,770.1500244140625,780.0,763.0,763.0,2374926
2023-02-20,738.1614379882812,757.9500122070312,769.75,755.0,762.0,1149759
2023-02-21,727.6434326171875,747.1500244140625,764.0999755859375,744.2999877929688,761.75,1964019
2023-02-22,719.9983520507812,739.2999877929688,749.2999877929688,736.5499877929688,745.0499877929688,1950321
2023-02-23,725.6956176757812,745.1500244140625,756.6500244140625,740.0,743.0,2936268
2023-02-24,719.0244140625,738.2999877929688,754.7999877929688,736.0,748.8499755859375,2100294
2023-02-27,689.8076171875,708.2999877929688,738.0,704.0,736.0,2252550
2023-02-28,676.0758056640625,694.2000122070312,710.5999755859375,693.25,708.0,2676043
2023-03-01,694.6771240234375,713.2999877929688,714.4500122070312,694.5499877929688,699.2000122070312,1835234
2023-03-02,687.4703369140625,705.9000244140625,716.0,704.0999755859375,713.6500244140625,993892
2023-03-03,691.4632568359375,710.0,714.8499755859375,704.8499755859375,709.0,1154106
2023-03-06,692.48583984375,711.0499877929688,718.5,709.0,713.5499877929688,1066876
2023-03-08,697.9883422851562,716.7000122070312,717.6500244140625,702.0499877929688,702.0499877929688,1007033
2023-03-09,693.5084838867188,712.0999755859375,723.2000122070312,710.9500122070312,716.7000122070312,1212451
2023-03-10,693.0701904296875,711.6500244140625,714.9000244140625,705.0499877929688,710.0,1344227
2023-03-13,686.3016357421875,704.7000122070312,718.9000244140625,702.25,712.0,1173419
2023-03-14,679.435791015625,697.6500244140625,709.0,687.5999755859375,708.25,1690322
2023-03-15,684.1104125976562,702.4500122070312,714.9000244140625,700.1500244140625,705.7999877929688,1248597
2023-03-16,678.2183227539062,696.4000244140625,705.8499755859375,692.0499877929688,705.8499755859375,713926
2023-03-17,696.9658203125,715.6500244140625,717.8499755859375,696.7999877929688,705.5,2568540
2023-03-20,689.6129150390625,708.0999755859375,714.7000122070312,700.25,714.0,913310
2023-03-21,689.66162109375,708.1500244140625,720.0,704.6500244140625,708.6500244140625,838991
2023-03-22,697.4527587890625,716.1500244140625,717.2000122070312,710.0,710.0,569287
2023-03-23,691.171142578125,709.7000122070312,718.2000122070312,708.0999755859375,717.75,914840
2023-03-24,678.705322265625,696.9000244140625,713.7999877929688,694.2000122070312,713.7999877929688,982591
2023-03-27,682.357421875,700.6500244140625,708.0,693.2000122070312,698.4500122070312,1355800
2023-03-28,695.9918823242188,714.6500244140625,715.5,702.4000244140625,704.1500244140625,2618934
2023-03-29,688.9312133789062,707.4000244140625,718.0,698.4000244140625,714.5999755859375,2871532
2023-03-31,698.91357421875,717.6500244140625,722.4500122070312,705.0,705.0,1383231
2023-04-03,710.6002807617188,729.6500244140625,731.25,717.7999877929688,718.5,1768965
2023-04-05,713.1810302734375,732.2999877929688,736.2000122070312,725.9000244140625,729.6500244140625,1500202
2023-04-06,707.191650390625,726.1500244140625,734.0,723.0,734.0,1391534
2023-04-10,718.48876953125,737.75,739.0,727.2999877929688,729.9500122070312,883124
2023-04-11,723.1634521484375,742.5499877929688,744.0,737.7000122070312,742.0,731229
2023-04-12,720.5827026367188,739.9000244140625,747.7000122070312,736.0,746.0,1347769
2023-04-13,717.7583618164062,737.0,744.0999755859375,734.0,739.9000244140625,994060
2023-04-17,717.9044799804688,737.1500244140625,744.5,732.0,742.9500122070312,1043080
2023-04-18,719.3652954101562,738.6500244140625,743.0999755859375,735.25,737.1500244140625,1280463
2023-04-19,716.73583984375,735.9500122070312,741.9000244140625,731.5,741.9000244140625,1012743
2023-04-20,712.9376220703125,732.0499877929688,739.0,730.6500244140625,738.4000244140625,1084257
2023-04-21,715.5184326171875,734.7000122070312,743.9000244140625,731.0,732.5,1829162
2023-04-24,710.7950439453125,729.8499755859375,739.2000122070312,723.25,735.0,1049786
2023-04-25,695.9918823242188,714.6500244140625,721.2000122070312,705.2999877929688,719.9000244140625,3407713
2023-04-26,696.673583984375,715.3499755859375,716.7999877929688,707.5,714.7000122070312,3621655
2023-04-27,708.2142944335938,727.2000122070312,730.75,716.2999877929688,716.2999877929688,2470510
2023-04-28,720.97216796875,740.2999877929688,741.9000244140625,730.7999877929688,733.0,2374556
2023-05-02,732.8536987304688,752.5,759.9500122070312,743.5499877929688,744.2999877929688,2225369
2023-05-03,720.4852905273438,739.7999877929688,755.7999877929688,738.5499877929688,751.5,1031469
2023-05-04,712.4019775390625,731.5,742.75,728.1500244140625,740.25,1655943
2023-05-05,696.1866455078125,714.8499755859375,735.0999755859375,709.6500244140625,735.0999755859375,3930399
2023-05-08,696.7223510742188,715.4000244140625,725.0,700.4500122070312,718.7000122070312,6201290
2023-05-09,676.2705688476562,694.4000244140625,710.0,692.6500244140625,710.0,8030712
2023-05-10,661.9544067382812,679.7000122070312,695.7999877929688,677.2999877929688,695.7999877929688,5803203
2023-05-11,665.07080078125,682.9000244140625,687.4500122070312,680.3499755859375,682.2000122070312,2228828
2023-05-12,660.4935302734375,678.2000122070312,685.7999877929688,673.0,685.0499877929688,1805619
2023-05-15,658.30224609375,675.9500122070312,680.9500122070312,675.0,679.4000244140625,2432818
2023-05-16,655.283203125,672.8499755859375,677.8499755859375,671.0,677.0,1866298
2023-05-17,660.10400390625,677.7999877929688,683.4500122070312,672.1500244140625,673.25,2527136
2023-05-18,655.7701416015625,673.3499755859375,681.7999877929688,672.1500244140625,679.0,1408554
2023-05-19,650.559814453125,668.0,676.0,657.0499877929688,674.0,4632213
2023-05-22,652.897216796875,670.4000244140625,672.0499877929688,661.9500122070312,668.0,2116815
2023-05-23,662.8795776367188,680.6500244140625,681.75,670.4500122070312,670.4500122070312,2087867
2023-05-24,664.437744140625,682.25,684.7999877929688,674.0,680.6500244140625,1920527
2023-05-25,658.1561279296875,675.7999877929688,685.4500122070312,674.1500244140625,682.5,2210598
2023-05-26,670.1350708007812,688.0999755859375,688.9500122070312,676.0,676.0,2131442
2023-05-29,671.9854736328125,690.0,691.5,686.25,690.0,1116759
2023-05-30,671.0602416992188,689.0499877929688,694.0,684.0999755859375,691.0,900153
2023-05-31,667.21337890625,685.0999755859375,691.0499877929688,682.0,684.25,3370272
2023-06-01,660.2500610351562,677.9500122070312,685.0999755859375,676.5,685.0,2470088
2023-06-02,665.509033203125,683.3499755859375,684.5,678.9000244140625,679.0,1168519
2023-06-05,671.9854736328125,690.0,691.5,684.6500244140625,689.0,1227013
2023-06-06,675.881103515625,694.0,696.9500122070312,690.4000244140625,691.0,1618425
2023-06-07,675.8323364257812,693.9500122070312,697.75,692.7999877929688,697.0,1147072
2023-06-08,672.0340576171875,690.0499877929688,698.9000244140625,689.0499877929688,695.0,1312986
2023-06-09,662.489990234375,680.25,692.4000244140625,677.7999877929688,692.0,1411515
2023-06-12,661.2239379882812,678.9500122070312,682.5499877929688,674.2000122070312,680.25,2017017
2023-06-13,664.437744140625,682.25,684.0,676.0999755859375,676.0999755859375,2175343
2023-06-14,664.9246826171875,682.75,689.4500122070312,678.6500244140625,682.0,4009140
2023-06-15,663.025634765625,680.7999877929688,688.0,676.6500244140625,682.75,1890165
2023-06-16,672.8132934570312,690.8499755859375,695.7999877929688,681.0999755859375,681.2999877929688,3397721
2023-06-19,667.7003173828125,685.5999755859375,696.0,681.5,694.9500122070312,1510117
2023-06-20,665.6064453125,683.4500122070312,685.0999755859375,678.7000122070312,685.0,1537058
2023-06-21,668.1871948242188,686.0999755859375,687.0,682.0499877929688,683.5,1194618
2023-06-22,656.7927856445312,674.4000244140625,686.0999755859375,671.0499877929688,686.0999755859375,2165875
2023-06-23,649.4398193359375,666.8499755859375,675.75,665.5,674.75,1884124
2023-06-26,661.4674682617188,679.2000122070312,680.8499755859375,667.5,672.6500244140625,2550546
2023-06-27,656.7440185546875,674.3499755859375,681.0,672.0999755859375,679.0,1844795
2023-06-28,662.5873413085938,680.3499755859375,682.0,674.0,675.8499755859375,2993257
2023-06-30,669.599365234375,687.5499877929688,688.25,681.0,681.0,1756332
2023-07-03,662.5386962890625,680.2999877929688,688.9500122070312,678.0,688.4000244140625,1650880
2023-07-04,659.2761840820312,676.9500122070312,688.5499877929688,675.7999877929688,684.9000244140625,1707986
2023-07-05,652.3128051757812,669.7999877929688,679.0,669.2000122070312,679.0,2257766
2023-07-06,655.185791015625,672.75,674.0,669.5,671.0,1668647
2023-07-07,645.6903686523438,663.0,676.0,661.7999877929688,672.8499755859375,2924889
2023-07-10,642.8660888671875,660.0999755859375,666.5,658.8499755859375,666.5,1532305
2023-07-11,627.4298706054688,644.25,654.9500122070312,640.1500244140625,654.9500122070312,3874013
2023-07-12,627.040283203125,643.8499755859375,651.2000122070312,642.5,647.8499755859375,2355259
2023-07-13,614.52587890625,631.0,649.5,630.0,642.5,4725978
2023-07-14,622.8526000976562,639.5499877929688,640.0999755859375,631.5,632.0,2430626
2023-07-17,626.9916381835938,643.7999877929688,647.0,637.25,643.0,2618535
2023-07-18,623.2421875,639.9500122070312,646.0,638.3499755859375,645.5999755859375,3048982
2023-07-19,622.4630737304688,639.1500244140625,645.7000122070312,638.2000122070312,642.4000244140625,2990583
2023-07-20,622.70654296875,639.4000244140625,643.7000122070312,637.0,642.0,2365174
2023-07-21,618.0317993164062,634.5999755859375,640.5,633.75,640.0,2618007
2023-07-24,615.6458129882812,632.1500244140625,637.7999877929688,630.7000122070312,637.7999877929688,1626647
2023-07-25,609.6563720703125,626.0,635.0,624.0499877929688,635.0,2391696
2023-07-26,615.4022827148438,631.9000244140625,635.8499755859375,627.5499877929688,628.0,1885345
2023-07-27,610.38671875,626.75,637.2999877929688,625.2999877929688,634.2000122070312,1822820
2023-07-28,608.82861328125,625.1500244140625,630.4500122070312,622.25,628.0,1972225
2023-07-31,608.3903198242188,624.7000122070312,631.0,621.0,625.0,5257210
2023-08-01,609.3642578125,625.7000122070312,628.2999877929688,611.0,621.0,7565764
2023-08-02,602.9852294921875,619.1500244140625,629.5499877929688,614.0,628.7999877929688,2977294
2023-08-03,593.9758911132812,600.4500122070312,612.5,590.0999755859375,612.5,6714021
2023-08-04,596.8445434570312,603.3499755859375,607.3499755859375,600.4500122070312,604.5,1698361
2023-08-07,600.2573852539062,606.7999877929688,609.75,604.0,604.5,1586290
2023-08-08,597.833740234375,604.3499755859375,608.9000244140625,602.1500244140625,608.4000244140625,2297368
2023-08-09,608.5668334960938,615.2000122070312,616.9000244140625,602.7999877929688,604.0,4701339
2023-08-10,603.07666015625,609.6500244140625,618.9000244140625,606.25,615.9500122070312,2552655
2023-08-11,593.2339477539062,599.7000122070312,611.9000244140625,598.0499877929688,611.0,1772170
2023-08-14,583.9352416992188,590.2999877929688,600.5,586.0,600.0,2087103
2023-08-16,583.4406127929688,589.7999877929688,593.0,583.0,590.2999877929688,1504238
2023-08-17,578.6430053710938,584.9500122070312,591.2999877929688,584.0,589.0,1816344
2023-08-18,572.2130737304688,578.4500122070312,587.6500244140625,576.9500122070312,584.0,2394208
2023-08-21,579.3848876953125,585.7000122070312,590.0,580.0999755859375,582.0,1884006
2023-08-22,577.5548095703125,583.8499755859375,590.0,583.0,590.0,1199386
2023-08-23,579.434326171875,585.75,587.9500122070312,583.3499755859375,585.0,1218953
2023-08-24,580.077392578125,586.4000244140625,593.8499755859375,585.0,589.0,1673004
2023-08-25,576.9118041992188,583.2000122070312,588.75,580.0,585.0,1132264
2023-08-28,578.8408203125,585.1500244140625,587.5499877929688,582.0,583.2000122070312,1005968
2023-08-29,591.1565551757812,597.5999755859375,601.0,589.0,589.5,6318164
2023-08-30,593.4317626953125,599.9000244140625,607.5,598.5999755859375,600.0,3729681
2023-08-31,584.776123046875,591.1500244140625,602.0999755859375,590.25,601.9500122070312,7321307
2023-09-01,596.4983520507812,603.0,604.5499877929688,591.0,593.0,2466406
2023-09-04,600.900390625,607.4500122070312,608.8499755859375,599.25,605.0,4215928
2023-09-05,601.493896484375,608.0499877929688,612.25,603.7999877929688,608.0999755859375,3465504
2023-09-06,602.7798461914062,609.3499755859375,611.0,603.8499755859375,609.0,2896499
2023-09-07,605.6980590820312,612.2999877929688,615.9000244140625,607.0499877929688,609.2999877929688,3079054
2023-09-08,600.2573852539062,606.7999877929688,614.9000244140625,606.0,614.4500122070312,2137652
2023-09-11,611.2871704101562,617.9500122070312,619.3499755859375,608.0999755859375,610.0,3724960
2023-09-12,597.982177734375,604.5,622.3499755859375,602.3499755859375,621.9500122070312,2923292
2023-09-13,601.7412109375,608.2999877929688,610.7999877929688,603.5999755859375,605.0,1430448
2023-09-14,624.9384155273438,631.75,633.5,610.0,610.9500122070312,9184356
2023-09-15,627.8070678710938,634.6500244140625,635.5,627.6500244140625,634.7999877929688,3745966
2023-09-18,623.3060913085938,630.0999755859375,639.0499877929688,628.0,634.6500244140625,2579565
2023-09-20,615.7881469726562,622.5,628.2999877929688,620.5,625.0499877929688,2474148
2023-09-21,618.310546875,625.0499877929688,635.0,622.0999755859375,627.0,3925418
2023-09-22,608.171142578125,614.7999877929688,629.5,612.5999755859375,627.4500122070312,1850344
2023-09-25,610.2979736328125,616.9500122070312,624.7999877929688,613.0999755859375,614.7999877929688,2303387
2023-09-26,610.8914794921875,617.5499877929688,623.0,615.0,616.9500122070312,1906824
2023-09-27,608.4678344726562,615.0999755859375,618.5499877929688,609.0499877929688,617.5999755859375,2018781
2023-09-28,598.476806640625,605.0,618.9000244140625,602.5499877929688,615.0999755859375,2158105
2023-09-29,609.60546875,616.25,621.5,609.25,614.0,2002347
2023-10-03,600.4552001953125,607.0,615.9500122070312,606.0499877929688,615.9500122070312,2407302
2023-10-04,596.5477905273438,603.0499877929688,606.75,597.7999877929688,605.0,1922433
2023-10-05,597.7843017578125,604.2999877929688,609.4000244140625,601.8499755859375,606.2000122070312,1413612
2023-10-06,605.5497436523438,612.1500244140625,613.0,605.0,607.5999755859375,1750968
2023-10-09,603.3734130859375,609.9500122070312,610.9500122070312,598.2999877929688,606.5499877929688,1866768
2023-10-10,615.0955810546875,621.7999877929688,625.5,609.1500244140625,610.0,3281868
2023-10-11,620.9815063476562,627.75,629.5999755859375,623.9000244140625,625.9000244140625,2053212
2023-10-12,613.9085693359375,620.5999755859375,629.4000244140625,619.7000122070312,629.1500244140625,1645852
2023-10-13,616.3321533203125,623.0499877929688,625.1500244140625,616.4000244140625,618.8499755859375,1171758
2023-10-16,624.14697265625,630.9500122070312,633.0,621.4000244140625,622.0,1917226
2023-10-17,618.1622924804688,624.9000244140625,634.9000244140625,624.0,634.9000244140625,1462594
2023-10-18,613.859130859375,620.5499877929688,628.25,618.2999877929688,625.0,1222311
2023-10-19,606.9345703125,613.5499877929688,617.7000122070312,607.2999877929688,614.4000244140625,1842555
2023-10-20,596.9434814453125,603.4500122070312,613.0,602.0,613.0,1174201
2023-10-23,580.3740844726562,586.7000122070312,608.0,585.0999755859375,603.0,2109981
2023-10-25,573.894775390625,580.1500244140625,592.75,577.8499755859375,586.7000122070312,2986843
2023-10-26,555.0006713867188,561.0499877929688,580.9500122070312,560.0,580.1500244140625,4015200
2023-10-27,552.6265869140625,558.6500244140625,566.75,556.2999877929688,565.0,2425358
2023-10-30,532.8422241210938,538.6500244140625,563.2000122070312,531.9000244140625,560.0,7164172
2023-10-31,534.6722412109375,540.5,543.7000122070312,528.1500244140625,534.9500122070312,5210230
2023-11-01,526.3133544921875,532.0499877929688,540.5999755859375,529.5499877929688,531.5999755859375,3767073
2023-11-02,534.9194946289062,540.75,542.5499877929688,535.0,535.3499755859375,1797928
2023-11-03,544.3665771484375,550.2999877929688,551.9000244140625,544.0,544.9500122070312,1809034
2023-11-06,548.7191162109375,554.7000122070312,555.4500122070312,548.4000244140625,552.0499877929688,1069714
2023-11-07,546.0482177734375,552.0,556.0499877929688,550.5,553.9500122070312,1479349
2023-11-08,549.7083740234375,555.7000122070312,557.7999877929688,553.0999755859375,555.9000244140625,1190583
2023-11-09,544.4655151367188,550.4000244140625,557.7999877929688,548.7999877929688,555.7000122070312,1794405
2023-11-10,541.2505493164062,547.1500244140625,550.4000244140625,545.0,550.0,1414936
2023-11-13,546.74072265625,552.7000122070312,556.5,550.0999755859375,555.0,1449034
2023-11-15,555.7425537109375,561.7999877929688,564.75,556.3499755859375,557.0,1766163
2023-11-16,554.8027954101562,560.8499755859375,563.5999755859375,556.0,561.75,2112355
2023-11-17,555.693115234375,561.75,565.7000122070312,558.6500244140625,560.3499755859375,1787739
2023-11-20,550.6975708007812,556.7000122070312,563.9500122070312,554.7999877929688,561.75,1079422
2023-11-21,556.9790649414062,563.0499877929688,564.0,556.5,556.5999755859375,1333644
2023-11-22,559.7984008789062,565.9000244140625,569.5499877929688,563.0999755859375,564.9000244140625,2648583
2023-11-23,559.7984008789062,565.9000244140625,571.7000122070312,565.0499877929688,568.0499877929688,1264347
2023-11-24,552.92333984375,558.9500122070312,568.3499755859375,558.0499877929688,565.5,868199
2023-11-28,557.4736938476562,563.5499877929688,564.8499755859375,556.1500244140625,558.9500122070312,1284890
2023-11-29,563.9036254882812,570.0499877929688,571.9000244140625,563.0999755859375,565.0,1780095
2023-11-30,564.4971923828125,570.6500244140625,572.9000244140625,566.2000122070312,570.0,3931052
2023-12-01,568.9486083984375,575.1500244140625,575.9500122070312,569.0499877929688,570.6500244140625,1811072
2023-12-04,572.658203125,578.9000244140625,584.8499755859375,577.0,578.5,3025773
2023-12-05,575.1312255859375,581.4000244140625,583.9000244140625,576.8499755859375,578.5,1870544
2023-12-06,582.2041625976562,588.5499877929688,596.2999877929688,583.0,583.0,3437918
2023-12-07,580.2257080078125,586.5499877929688,594.0,585.5,594.0,1824646
2023-12-08,578.8903198242188,585.2000122070312,595.9000244140625,580.25,590.0,2175978
2023-12-11,595.9048461914062,602.4000244140625,603.7000122070312,583.5499877929688,585.0,4467164
2023-12-12,591.2554931640625,597.7000122070312,606.75,595.8499755859375,606.0,2339706
2023-12-13,592.8876953125,599.3499755859375,602.7000122070312,592.7999877929688,601.0,2110586
2023-12-14,592.6898803710938,599.1500244140625,604.0,596.5,603.0499877929688,2026994
2023-12-15,604.263671875,610.8499755859375,612.7999877929688,601.4500122070312,601.4500122070312,4941179
2023-12-18,600.0100708007812,606.5499877929688,614.75,605.0,613.7999877929688,1685280
2023-12-19,592.294189453125,598.75,612.0,597.8499755859375,607.0,2396755
2023-12-20,565.98095703125,572.1500244140625,605.0,569.0,605.0,5509320
2023-12-21,571.1744384765625,577.4000244140625,579.9500122070312,565.7000122070312,572.1500244140625,3089260
2023-12-22,575.3785400390625,581.6500244140625,585.75,577.4000244140625,581.0,2464945
2023-12-26,579.780517578125,586.0999755859375,595.0,585.0,587.9000244140625,3443852
2023-12-27,576.9118041992188,583.2000122070312,592.2999877929688,581.0999755859375,590.0999755859375,2155491
2023-12-28,583.0944213867188,589.4500122070312,591.0,582.0,585.9000244140625,2270681
2023-12-29,580.918212890625,587.25,592.0,585.0499877929688,592.0,2223633
2024-01-01,586.3093872070312,592.7000122070312,599.9000244140625,587.2000122070312,588.0,2825708
2024-01-02,588.0405883789062,594.4500122070312,603.7999877929688,589.0499877929688,593.0,3406640
2024-01-03,580.5224609375,586.8499755859375,596.7999877929688,585.2999877929688,595.3499755859375,2435233
2024-01-04,581.3138427734375,587.6500244140625,589.2000122070312,582.6500244140625,587.0,3606404
2024-01-05,574.98291015625,581.25,590.9500122070312,576.5,589.2999877929688,2433275
2024-01-08,554.852294921875,560.9000244140625,582.7999877929688,560.0499877929688,581.0,5345743
2024-01-09,552.1319580078125,558.1500244140625,567.9500122070312,553.25,566.0,3590645
2024-01-10,552.5770263671875,558.5999755859375,561.75,551.9000244140625,561.0,2204496
2024-01-11,556.187744140625,562.25,566.1500244140625,560.5499877929688,561.9500122070312,1620693
2024-01-12,559.0069580078125,565.0999755859375,568.3499755859375,562.4000244140625,566.0999755859375,1441096
2024-01-15,561.62841796875,567.75,571.6500244140625,564.5,568.0,1659661
2024-01-16,558.4134521484375,564.5,569.2000122070312,560.5,568.0,1653823
2024-01-17,545.0590209960938,551.0,562.5,549.5999755859375,561.0,4724845
2024-01-18,538.3323974609375,544.2000122070312,552.0,539.1500244140625,550.0,3512857
2024-01-19,547.4331665039062,553.4000244140625,557.2000122070312,542.75,549.0,2415540
2024-01-23,529.3303833007812,535.0999755859375,558.4500122070312,533.5499877929688,558.4500122070312,2849229
2024-01-24,539.8656616210938,545.75,547.0,535.0999755859375,539.9000244140625,1386191
2024-01-25,531.5067138671875,537.2999877929688,547.5999755859375,536.0,545.75,1723625
2024-01-29,533.8314208984375,539.6500244140625,542.7000122070312,534.4000244140625,542.2000122070312,2162690
2024-01-30,529.4788208007812,535.25,547.5,534.4000244140625,541.9000244140625,1912294
2024-01-31,531.9024658203125,537.7000122070312,542.75,534.0999755859375,538.9000244140625,3570913
2024-02-01,524.3348999023438,530.0499877929688,539.0,526.5,536.2999877929688,3662000
2024-02-02,527.8961181640625,533.6500244140625,540.6500244140625,529.25,533.9000244140625,4224992
2024-02-05,468.8892517089844,474.0,525.0,470.04998779296875,524.0,23096694
2024-02-06,476.6546325683594,481.8500061035156,486.0,468.29998779296875,476.20001220703125,6661787
2024-02-07,472.64825439453125,477.79998779296875,485.0,477.25,484.0,3069307
2024-02-08,459.837890625,464.8500061035156,481.79998779296875,463.54998779296875,480.0,5214678
2024-02-09,453.0122985839844,457.95001220703125,467.8999938964844,453.29998779296875,467.8999938964844,5881661
2024-02-12,453.45745849609375,458.3999938964844,465.79998779296875,455.04998779296875,461.79998779296875,4404671
2024-02-13,473.93426513671875,479.1000061035156,479.95001220703125,452.1499938964844,462.04998779296875,7706461
2024-02-14,476.2094421386719,481.3999938964844,482.3999938964844,472.25,479.20001220703125,3210526
2024-02-15,482.0953063964844,487.3500061035156,490.45001220703125,484.70001220703125,486.8999938964844,3568439
2024-02-16,485.6070251464844,490.8999938964844,494.20001220703125,481.04998779296875,484.04998779296875,3374827
2024-02-19,492.1853332519531,497.54998779296875,500.0,491.54998779296875,493.70001220703125,3383768
2024-02-20,492.679931640625,498.04998779296875,505.45001220703125,495.25,497.6000061035156,3033673
2024-02-21,486.8435363769531,492.1499938964844,500.20001220703125,490.95001220703125,499.0,1697299
2024-02-22,486.991943359375,492.29998779296875,494.20001220703125,484.04998779296875,493.29998779296875,2881064
2024-02-23,483.4307861328125,488.70001220703125,496.6000061035156,487.8999938964844,494.0,1341328
2024-02-26,483.8758850097656,489.1499938964844,493.1000061035156,485.75,488.6000061035156,2253561
2024-02-27,479.3749694824219,484.6000061035156,491.5,481.5,489.8999938964844,2920314
2024-02-28,470.7687683105469,475.8999938964844,486.0,474.0,484.20001220703125,1572519
2024-02-29,464.6356201171875,469.70001220703125,475.0,466.79998779296875,472.0,5632071
2024-03-01,469.4333190917969,474.54998779296875,477.8999938964844,471.1499938964844,474.0,2877161
2024-03-04,469.1365661621094,474.25,480.1499938964844,470.0,476.04998779296875,1820722
2024-03-05,469.1365661621094,474.25,491.04998779296875,473.5,474.0,6182475
2024-03-06,468.097900390625,473.20001220703125,477.5,464.5,476.95001220703125,3213293
2024-03-07,477.0997314453125,482.29998779296875,485.95001220703125,474.8500061035156,475.0,5420581
2024-03-11,471.4117431640625,476.54998779296875,488.0,475.5,485.1000061035156,2888338
2024-03-12,468.9386901855469,474.04998779296875,478.95001220703125,472.3500061035156,478.70001220703125,3030937
2024-03-13,447.02752685546875,451.8999938964844,476.79998779296875,450.04998779296875,474.04998779296875,3446385
2024-03-14,457.1175537109375,462.1000061035156,464.20001220703125,447.79998779296875,451.8500061035156,2505609
2024-03-15,470.02685546875,475.1499938964844,477.5,459.45001220703125,462.20001220703125,6120565
2024-03-18,461.02496337890625,466.04998779296875,475.0,463.0,475.0,2951978
2024-03-19,456.0788879394531,461.04998779296875,471.45001220703125,460.25,464.0,2538838
2024-03-20,450.5392761230469,455.45001220703125,464.70001220703125,449.25,461.0,3018788
2024-03-21,450.6381530761719,455.54998779296875,461.95001220703125,452.25,457.0,3138092
2024-03-22,464.932373046875,470.0,474.3500061035156,455.0,455.6000061035156,7019704
2024-03-26,460.3819580078125,465.3999938964844,471.1000061035156,464.3500061035156,468.0,5072326
2024-03-27,450.5887145996094,455.5,467.20001220703125,453.45001220703125,465.0,27876181
2024-03-28,451.0833435058594,456.0,459.70001220703125,452.1000061035156,458.45001220703125,5435115
2024-04-01,461.1733703613281,466.20001220703125,468.3500061035156,458.45001220703125,460.0,2840448
2024-04-02,470.1257629394531,475.25,476.95001220703125,461.0,463.0,5564890
2024-04-03,471.5601501464844,476.70001220703125,482.95001220703125,470.5,475.0,4788697
2024-04-04,487.63494873046875,492.95001220703125,496.75,473.1000061035156,480.0,9778795
2024-04-05,489.01983642578125,494.3500061035156,500.6000061035156,489.8999938964844,499.5,6753966
2024-04-08,483.7769775390625,489.04998779296875,500.54998779296875,483.04998779296875,500.54998779296875,4603981
2024-04-09,484.568359375,489.8500061035156,496.5,486.79998779296875,492.70001220703125,2166661
2024-04-10,498.8625183105469,504.29998779296875,509.0,489.3999938964844,490.5,7937541
2024-04-12,496.6368103027344,502.04998779296875,511.1000061035156,500.5,505.54998779296875,5337775
2024-04-15,484.66729736328125,489.95001220703125,499.54998779296875,486.5,495.0,4994330
2024-04-16,479.4244079589844,484.6499938964844,492.0,483.04998779296875,488.04998779296875,3104362
2024-04-18,473.2417907714844,478.3999938964844,492.8500061035156,476.20001220703125,488.29998779296875,2706609
2024-04-19,482.29315185546875,487.54998779296875,489.95001220703125,466.54998779296875,473.25,3209153
2024-04-22,488.080078125,493.3999938964844,494.6000061035156,487.6000061035156,492.0,1860795
2024-04-23,490.1574401855469,495.5,500.6000061035156,492.25,494.8999938964844,3014860
2024-04-24,493.0756530761719,498.45001220703125,503.8999938964844,495.6000061035156,495.8500061035156,1683615
2024-04-25,500.4453125,505.8999938964844,506.95001220703125,496.3500061035156,499.0,4660938
2024-04-26,502.9678039550781,508.45001220703125,513.9000244140625,502.5,509.0,2825380
2024-04-29,501.5828857421875,507.04998779296875,510.95001220703125,504.5,510.95001220703125,2501739
2024-04-30,501.68182373046875,507.1499938964844,513.7000122070312,506.29998779296875,506.8999938964844,3509055
2024-05-02,492.8283386230469,498.20001220703125,510.3999938964844,497.29998779296875,508.1000061035156,2405482
2024-05-03,488.2779235839844,493.6000061035156,503.95001220703125,490.04998779296875,500.8500061035156,2196892
2024-05-06,478.1878967285156,483.3999938964844,498.29998779296875,481.1000061035156,495.25,3652474
2024-05-07,468.9881896972656,474.1000061035156,486.45001220703125,470.3999938964844,485.0,4535131
2024-05-08,472.6977233886719,477.8500061035156,479.95001220703125,471.1499938964844,475.5,1861827
2024-05-09,461.4206848144531,466.45001220703125,482.25,464.3500061035156,477.8500061035156,2726979
2024-05-10,496.4884033203125,501.8999938964844,505.0,464.45001220703125,471.0,6834995
2024-05-13,528.3412475585938,534.0999755859375,540.0,502.45001220703125,502.45001220703125,27039443
2024-05-14,504.5505676269531,510.04998779296875,531.7999877929688,501.6499938964844,531.7999877929688,15011896
2024-05-15,509.2493591308594,514.7999877929688,521.2999877929688,510.04998779296875,512.9500122070312,4234215
2024-05-16,504.5010681152344,510.0,519.7999877929688,505.8500061035156,516.1500244140625,2398088
2024-05-17,505.7376403808594,511.25,515.2999877929688,510.1000061035156,510.1000061035156,1911312
2024-05-21,506.5783996582031,512.0999755859375,514.0,508.5,508.5,2372489
2024-05-22,509.9912109375,515.5499877929688,522.0499877929688,510.3500061035156,514.0,2807354
2024-05-23,505.3419189453125,510.8500061035156,517.7000122070312,507.20001220703125,515.5499877929688,1824121
2024-05-24,510.238525390625,515.7999877929688,522.0,513.4000244140625,516.5,4320492
2024-05-27,519.2899169921875,524.9500122070312,529.6500244140625,516.8499755859375,518.4000244140625,6701240
2024-05-28,511.92022705078125,517.5,529.0,516.0999755859375,527.5,2462629
2024-05-29,511.67291259765625,517.25,522.5999755859375,515.5,519.0,2522672
2024-05-30,500.64312744140625,506.1000061035156,518.3499755859375,505.0,516.7000122070312,1828288
2024-05-31,503.3139953613281,508.79998779296875,517.9000244140625,506.8500061035156,508.0,8552013
2024-06-03,522.4553833007812,528.1500244140625,531.25,514.0,517.0,5297460
2024-06-04,490.60260009765625,495.95001220703125,529.75,478.0,529.75,4202540
2024-06-05,522.752197265625,528.4500122070312,531.9500122070312,496.1000061035156,505.04998779296875,3690376
2024-06-06,531.6056518554688,537.4000244140625,545.5,527.7000122070312,529.7999877929688,6939999
2024-06-07,533.9303588867188,539.75,542.9000244140625,534.2000122070312,541.9000244140625,2223919
2024-06-10,545.5536499023438,551.5,555.5999755859375,532.0999755859375,542.6500244140625,6964090
2024-06-11,548.3234252929688,554.2999877929688,557.2999877929688,543.2999877929688,550.2000122070312,4059315
2024-06-12,544.1192626953125,550.0499877929688,558.5999755859375,548.5,555.4000244140625,2173771
2024-06-13,551.686767578125,557.7000122070312,561.8499755859375,547.25,551.7000122070312,3845237
2024-06-14,545.75146484375,551.7000122070312,559.7999877929688,549.7000122070312,557.7000122070312,2022269
2024-06-18,550.1535034179688,556.1500244140625,557.5999755859375,550.0999755859375,554.0,1587670
2024-06-19,551.2910766601562,557.2999877929688,568.4500122070312,550.7000122070312,560.0,6124293
2024-06-20,562.8649291992188,569.0,577.7000122070312,554.5999755859375,557.2999877929688,7472902
2024-06-21,559.8478393554688,565.9500122070312,574.3499755859375,561.25,574.3499755859375,5890175
2024-06-24,565.9315185546875,572.0999755859375,578.7000122070312,551.0999755859375,562.0,5572012
2024-06-25,564.9422607421875,571.0999755859375,576.7999877929688,567.0,573.0,1985056
2024-06-26,564.2003173828125,570.3499755859375,576.0,564.6500244140625,570.9000244140625,2354064
2024-06-27,561.727294921875,567.8499755859375,574.5999755859375,559.25,570.2000122070312,1627135
2024-06-28,564.6949462890625,570.8499755859375,576.0,566.5,568.0,1535016
2024-07-01,567.2669677734375,573.4500122070312,574.7000122070312,567.2999877929688,570.0499877929688,1451065
2024-07-02,560.540283203125,566.6500244140625,580.2999877929688,561.9000244140625,574.0999755859375,2781201
2024-07-03,565.98095703125,572.1500244140625,576.0,567.2000122070312,567.5,1898741
2024-07-04,564.29931640625,570.4500122070312,579.9500122070312,568.6500244140625,575.0,2148117
2024-07-05,566.5250854492188,572.7000122070312,573.9000244140625,567.7000122070312,570.7999877929688,1072378
2024-07-08,561.2822265625,567.4000244140625,574.7999877929688,562.1500244140625,572.7000122070312,2695359
2024-07-09,557.869384765625,563.9500122070312,572.2999877929688,563.0,568.0,1427039
2024-07-10,553.7640991210938,559.7999877929688,569.9500122070312,547.3499755859375,566.0499877929688,2033444
2024-07-11,551.686767578125,557.7000122070312,566.4000244140625,555.0999755859375,560.8499755859375,3781459
2024-07-12,557.5726318359375,563.6500244140625,570.9500122070312,558.0999755859375,560.4500122070312,3741532
2024-07-15,558.95751953125,565.0499877929688,567.5,560.7999877929688,566.0,1699472
2024-07-16,551.2910766601562,557.2999877929688,572.0,555.5,566.0,1674706
2024-07-18,552.6265869140625,558.6500244140625,561.0,554.9500122070312,557.2999877929688,1258371
2024-07-19,536.7495727539062,542.5999755859375,560.25,541.25,558.6500244140625,1483516
2024-07-22,539.56884765625,545.4500122070312,558.2000122070312,532.8499755859375,540.0,2445572
2024-07-23,534.5733032226562,540.4000244140625,553.3499755859375,522.2999877929688,548.0,2813862
2024-07-24,531.2593994140625,537.0499877929688,543.4500122070312,535.0,536.2999877929688,1398404
2024-07-25,523.7413940429688,529.4500122070312,534.7999877929688,525.4000244140625,532.0,1833988
2024-07-26,538.2828979492188,544.1500244140625,545.0,529.0999755859375,529.1500244140625,1488053
2024-07-29,547.1858520507812,553.1500244140625,566.5,545.5,548.0499877929688,4404641
2024-07-30,558.8092041015625,564.9000244140625,568.7999877929688,552.5,553.5999755859375,2046419
2024-07-31,565.8820190429688,572.0499877929688,573.7000122070312,565.0999755859375,569.9000244140625,2390519
2024-08-01,554.4071655273438,560.4500122070312,577.0,557.0999755859375,575.0,1900787
2024-08-02,531.8035278320312,537.5999755859375,563.9500122070312,531.4500122070312,555.0,6452127
2024-08-05,522.603759765625,528.2999877929688,551.5,520.0,520.0,8199938
2024-08-06,527.797119140625,533.5499877929688,549.9000244140625,531.2000122070312,533.0,3839963
2024-08-07,540.805419921875,546.7000122070312,549.0,535.5499877929688,539.0,2623663
2024-08-08,541.8935546875,547.7999877929688,555.7999877929688,544.0499877929688,546.75,2763841
2024-08-09,548.6201782226562,554.5999755859375,562.0,550.6500244140625,558.5,2061454
2024-08-12,559.9755249023438,565.0999755859375,568.9500122070312,546.6500244140625,552.5,3191587
2024-08-13,547.0438842773438,552.0499877929688,566.0999755859375,550.7999877929688,566.0,1666599
2024-08-14,537.92724609375,542.8499755859375,553.9000244140625,540.4000244140625,552.5,1066850
2024-08-16,548.33203125,553.3499755859375,554.4000244140625,539.5999755859375,542.8499755859375,1635134
2024-08-19,555.5162963867188,560.5999755859375,563.5499877929688,551.6500244140625,553.0,2412431
2024-08-20,561.0160522460938,566.1500244140625,567.0,560.0999755859375,560.5999755859375,1194020
2024-08-21,563.146484375,568.2999877929688,572.7999877929688,563.0,566.0,2235790
2024-08-22,573.8981323242188,579.1500244140625,587.9000244140625,568.25,570.0,6309020
2024-08-23,568.49755859375,573.7000122070312,584.7999877929688,572.0,584.7000122070312,1995012
2024-08-26,572.2135620117188,577.4500122070312,578.9000244140625,572.0999755859375,578.9000244140625,1283196
2024-08-27,577.6636962890625,582.9500122070312,587.75,578.25,584.3499755859375,2705825
2024-08-28,572.80810546875,578.0499877929688,585.9000244140625,575.5499877929688,585.0,1369570
2024-08-29,572.5603637695312,577.7999877929688,581.9000244140625,571.0,576.9500122070312,1530143
2024-08-30,592.9240112304688,598.3499755859375,604.0,582.0,584.0,7616878
2024-09-02,594.0635986328125,599.5,607.2000122070312,593.0,602.0,3640344
2024-09-03,596.7391357421875,602.2000122070312,605.9500122070312,596.0,600.0,2147598
2024-09-04,602.3378295898438,607.8499755859375,610.9000244140625,593.0499877929688,599.9500122070312,3139837
2024-09-05,613.0894775390625,618.7000122070312,622.9500122070312,606.7999877929688,612.0,3431993
2024-09-06,604.2701416015625,609.7999877929688,623.7000122070312,607.25,616.9500122070312,3569845
2024-09-09,598.919189453125,604.4000244140625,610.7999877929688,601.0999755859375,606.0,2334227
2024-09-10,613.5849609375,619.2000122070312,620.0,605.25,609.9000244140625,1638324
2024-09-11,605.4592895507812,611.0,619.0999755859375,609.0,618.7999877929688,1421907
2024-09-12,609.2743530273438,614.8499755859375,616.4500122070312,608.7000122070312,614.0,1707391
2024-09-13,605.855712890625,611.4000244140625,616.9500122070312,610.25,616.0,1237013
2024-09-16,608.23388671875,613.7999877929688,615.5,606.7000122070312,614.9000244140625,1186044
2024-09-17,605.1124877929688,610.6500244140625,615.7999877929688,609.2999877929688,615.0,1165443
2024-09-18,599.61279296875,605.0999755859375,614.75,598.9500122070312,610.9000244140625,1728906
2024-09-19,589.4061889648438,594.7999877929688,612.75,582.5499877929688,605.0999755859375,2721915
2024-09-20,581.7760009765625,587.0999755859375,602.7000122070312,585.5999755859375,594.9500122070312,5717560
2024-09-23,587.42431640625,592.7999877929688,593.75,584.0499877929688,589.4000244140625,2106715
2024-09-24,598.2750244140625,603.75,606.75,587.0,593.7999877929688,2301515
2024-09-25,594.1130981445312,599.5499877929688,606.4500122070312,597.0999755859375,600.0999755859375,2193166
2024-09-26,595.6490478515625,601.0999755859375,604.1500244140625,593.5999755859375,602.0,1948570
2024-09-27,605.1124877929688,610.6500244140625,616.5,600.0,601.0999755859375,1893789
2024-09-30,607.58984375,613.1500244140625,617.9000244140625,607.6500244140625,610.6500244140625,1686660
2024-10-01,615.5668334960938,621.2000122070312,625.0,610.7999877929688,612.0,2317620
2024-10-03,599.9596557617188,605.4500122070312,623.7000122070312,601.0,618.7999877929688,2181886
2024-10-04,593.8653564453125,599.2999877929688,612.9500122070312,596.5999755859375,608.9000244140625,1780533
2024-10-07,575.0376586914062,580.2999877929688,605.5,576.0,602.4000244140625,3393703
2024-10-08,571.5693969726562,576.7999877929688,585.5499877929688,573.3499755859375,577.7000122070312,3035568
2024-10-09,572.3621826171875,577.5999755859375,584.6500244140625,575.2000122070312,579.0499877929688,881946
2024-10-10,579.1005249023438,584.4000244140625,593.6500244140625,580.0,580.0,1378203
2024-10-11,577.7627563476562,583.0499877929688,589.2999877929688,578.75,585.6500244140625,568562
2024-10-14,573.4027099609375,578.6500244140625,586.9000244140625,573.2000122070312,585.0,1308354
2024-10-15,568.8939208984375,574.0999755859375,580.8499755859375,569.1500244140625,579.9000244140625,1611364
2024-10-16,563.6915283203125,568.8499755859375,576.4000244140625,564.0499877929688,573.0,1303677
2024-10-17,548.6788940429688,553.7000122070312,570.5,551.0999755859375,568.0,1577470
2024-10-18,550.21484375,555.25,557.75,542.5999755859375,554.0,1402020
2024-10-21,540.5037231445312,545.4500122070312,563.3499755859375,543.0499877929688,557.0499877929688,2757430
2024-10-22,525.5406494140625,530.3499755859375,547.5,528.0,545.0,2074618
2024-10-23,526.927978515625,531.75,538.75,521.0999755859375,529.0999755859375,1624355
2024-10-24,530.1484985351562,535.0,540.8499755859375,526.2999877929688,536.0,1554879
2024-10-25,517.2168579101562,521.9500122070312,536.8499755859375,517.4500122070312,535.9000244140625,1390234
2024-10-28,526.9774780273438,531.7999877929688,541.25,520.0499877929688,520.0499877929688,1080853
2024-10-29,529.8016967773438,534.6500244140625,538.2000122070312,524.5,531.7999877929688,1053752
2024-10-30,541.2964477539062,546.25,552.4000244140625,527.6500244140625,533.0,1751552
2024-10-31,548.62939453125,553.6500244140625,555.9500122070312,542.0,546.25,1171233
2024-11-01,553.3363037109375,558.4000244140625,562.0,553.6500244140625,553.6500244140625,163230
2024-11-04,547.638427734375,552.6500244140625,559.9000244140625,539.7999877929688,555.0999755859375,1334874
2024-11-05,553.9804077148438,559.0499877929688,561.8499755859375,549.0499877929688,552.0,894138
2024-11-06,562.1060180664062,567.25,569.0,554.2999877929688,559.0999755859375,1491608
2024-11-07,562.0069580078125,567.1500244140625,575.4500122070312,564.7000122070312,569.9000244140625,886267
2024-11-08,552.5435180664062,557.5999755859375,572.9500122070312,555.0499877929688,569.9500122070312,696687
2024-11-11,510.478515625,515.1500244140625,553.2000122070312,510.0,553.1500244140625,9914435
2024-11-12,522.9642333984375,527.75,552.7999877929688,524.0,530.0,9415040
2024-11-13,510.72625732421875,515.4000244140625,530.5,504.29998779296875,528.0,3436328
2024-11-14,521.0319213867188,525.7999877929688,532.7999877929688,509.45001220703125,519.9000244140625,3741207
2024-11-18,510.3473815917969,515.0177001953125,519.718017578125,493.674560546875,506.9600830078125,3165283
2024-11-19,519.7578125,524.5142211914062,532.9075927734375,510.1735534667969,511.3725891113281,2999770
2024-11-21,528.2651977539062,533.0994873046875,542.595947265625,514.9697875976562,521.828369140625,10436903
2024-11-22,538.3884887695312,543.3154296875,546.720703125,523.6029663085938,533.0994873046875,3602576
2024-11-25,540.43212890625,545.3777465820312,554.8262939453125,543.5072631835938,546.7686767578125,6122956
2024-11-26,546.74658203125,551.75,558.75,541.0999755859375,545.0,2645846
2024-11-27,543.2288208007812,548.2000122070312,554.2999877929688,539.0,553.0,1703921
2024-11-28,541.9406127929688,546.9000244140625,557.1500244140625,545.0,548.2000122070312,1748362
2024-11-29,540.0578002929688,545.0,547.9000244140625,538.25,546.5,1465623
2024-12-02,550.0166625976562,555.0499877929688,558.0,540.5499877929688,546.9000244140625,1687736
2024-12-03,557.99365234375,563.0999755859375,566.9000244140625,553.5999755859375,556.0,2073190
2024-12-04,562.7996826171875,567.9500122070312,572.7000122070312,563.5,565.7999877929688,2218877
2024-12-05,553.1381225585938,558.2000122070312,569.75,552.0,568.9000244140625,2006983
2024-12-06,557.5477905273438,562.6500244140625,566.25,556.0,557.8499755859375,2970258
2024-12-09,550.363525390625,555.4000244140625,562.25,552.0499877929688,559.7999877929688,2922928
2024-12-10,544.9629516601562,549.9500122070312,557.5999755859375,548.5999755859375,554.8499755859375,2949316
2024-12-11,546.9943237304688,552.0,566.7000122070312,551.0499877929688,552.0,5334736
2024-12-12,542.485595703125,547.4500122070312,554.8499755859375,542.9500122070312,553.9500122070312,1581082
2024-12-13,545.2601928710938,550.25,551.25,535.7000122070312,547.4500122070312,2242153
2024-12-16,542.9810791015625,547.9500122070312,551.5,542.7000122070312,549.7999877929688,1210467
2024-12-17,533.5177001953125,538.4000244140625,552.0,536.6500244140625,544.0999755859375,1637281
2024-12-18,527.4234008789062,532.25,543.8499755859375,531.2999877929688,538.7999877929688,1208566
2024-12-19,513.6494750976562,518.3499755859375,525.5499877929688,517.3499755859375,524.0,1187222
2024-12-20,499.9250793457031,504.5,522.5999755859375,501.5,520.0,2851827
2024-12-23,503.0960693359375,507.70001220703125,510.1499938964844,496.0,505.54998779296875,1178165
2024-12-24,499.9250793457031,504.5,512.5,501.70001220703125,507.0,949150
2024-12-26,495.1190490722656,499.6499938964844,507.04998779296875,495.8500061035156,503.1000061035156,1427526
2024-12-27,497.4972839355469,502.04998779296875,519.6500244140625,497.3999938964844,498.0,1670587
2024-12-30,496.2090759277344,500.75,508.3500061035156,497.0,502.0,2019209
2024-12-31,496.4568176269531,501.0,505.45001220703125,493.0,497.04998779296875,1217836
2025-01-01,495.9613342285156,500.5,501.8500061035156,497.20001220703125,498.45001220703125,588602
2025-01-02,504.8302001953125,509.45001220703125,511.8999938964844,499.8500061035156,500.0,1552787
2025-01-03,524.7479248046875,529.5499877929688,533.25,508.5,508.5,2888197
2025-01-06,516.5726928710938,521.2999877929688,535.4500122070312,516.0999755859375,525.0,2241869
2025-01-07,539.5128173828125,544.4500122070312,548.6500244140625,520.0,521.0,4787940
2025-01-08,534.6572265625,539.5499877929688,543.4000244140625,531.6500244140625,541.1500244140625,1559514
2025-01-09,540.5037231445312,545.4500122070312,554.6500244140625,539.7000122070312,541.9500122070312,2805890
2025-01-10,543.8728637695312,548.8499755859375,555.75,534.5,545.9000244140625,1992839
2025-01-13,528.8107299804688,533.6500244140625,549.0,530.9500122070312,546.25,1770971
2025-01-14,536.9363403320312,541.8499755859375,542.9500122070312,531.2999877929688,534.9500122070312,1831287
2025-01-15,541.9406127929688,546.9000244140625,552.0,543.1500244140625,544.9000244140625,901487
2025-01-16,541.3460083007812,546.2999877929688,552.9500122070312,545.25,546.9500122070312,813698
2025-01-17,546.6970825195312,551.7000122070312,557.6500244140625,543.5,545.0,1461267
2025-01-20,547.8366088867188,552.8499755859375,555.0,545.3499755859375,551.7000122070312,812869
2025-01-21,539.3145751953125,544.25,559.9000244140625,543.5,557.0,1708101
2025-01-22,537.7786865234375,542.7000122070312,548.0,531.5999755859375,548.0,1191929
2025-01-23,552.791259765625,557.8499755859375,559.75,542.0499877929688,542.5,1477011
2025-01-24,546.9943237304688,552.0,560.4500122070312,550.0,559.9500122070312,1591661
2025-01-27,537.4318237304688,542.3499755859375,550.4000244140625,536.2000122070312,548.9500122070312,2486727
2025-01-28,533.765380859375,538.6500244140625,546.5,536.0999755859375,546.0,2048155
2025-01-29,548.0843505859375,553.0999755859375,555.9500122070312,539.2999877929688,542.0,2181049
2025-01-30,561.8087768554688,566.9500122070312,578.2999877929688,554.5999755859375,556.0,2784958
2025-01-31,598.2750244140625,603.75,617.7999877929688,567.75,573.0,8663742
2025-02-01,598.5227661132812,604.0,617.7999877929688,597.0499877929688,609.7999877929688,5961908
2025-02-03,624.5347290039062,630.25,636.7999877929688,607.5499877929688,610.0,12713558
2025-02-04,631.1244506835938,636.9000244140625,641.5499877929688,625.0,637.5,3541038
2025-02-05,639.596923828125,645.4500122070312,649.4500122070312,632.0,636.0,3372838
2025-02-06,638.9032592773438,644.75,646.8499755859375,626.4500122070312,644.0,3885141
2025-02-07,635.5340576171875,641.3499755859375,648.7000122070312,635.0999755859375,642.0499877929688,2340663
2025-02-10,629.192138671875,634.9500122070312,643.0,631.7999877929688,641.25,1932363
2025-02-11,605.1620483398438,610.7000122070312,636.7999877929688,608.2000122070312,635.0,2525324
2025-02-12,614.8731689453125,620.5,624.2999877929688,594.4500122070312,610.7000122070312,2315031
2025-02-13,624.0392456054688,629.75,638.9000244140625,615.0,620.5,3181044
2025-02-14,612.7426147460938,618.3499755859375,633.9000244140625,610.25,631.0,3746024
2025-02-17,626.467041015625,632.2000122070312,633.75,609.9000244140625,618.2000122070312,1481549
2025-02-18,625.0797119140625,630.7999877929688,634.3499755859375,625.2000122070312,633.0,1409475
2025-02-19,644.1551513671875,650.0499877929688,651.7000122070312,621.0,629.8499755859375,2762726
2025-02-20,641.3805541992188,647.25,653.9500122070312,644.25,650.0499877929688,2142244
2025-02-21,640.4887084960938,646.3499755859375,658.25,637.4000244140625,648.0,1366273
2025-02-24,639.3491821289062,645.2000122070312,648.9500122070312,638.2999877929688,643.75,1293274
2025-02-25,641.6282958984375,647.5,657.2999877929688,645.0,648.0999755859375,1581083
2025-02-27,637.813232421875,643.6500244140625,648.3499755859375,634.2000122070312,648.0,2717730
2025-02-28,627.2102661132812,632.9500122070312,641.0,619.5,635.0,4676015
2025-03-03,611.1076049804688,616.7000122070312,634.1500244140625,611.25,628.0999755859375,3273667
2025-03-04,607.8375854492188,613.4000244140625,619.5999755859375,607.0,607.0,1557537
2025-03-05,622.156494140625,627.8499755859375,630.2000122070312,614.1500244140625,615.0,2367281
2025-03-06,619.0350952148438,624.7000122070312,639.25,622.7000122070312,634.9000244140625,1617185
2025-03-07,624.1383666992188,629.8499755859375,642.7000122070312,620.4000244140625,624.5499877929688,2073888
2025-03-10,609.8689575195312,615.4500122070312,637.0,611.8499755859375,631.4500122070312,1428305
2025-03-11,609.4725341796875,615.0499877929688,618.8499755859375,602.3499755859375,613.4500122070312,1564110
2025-03-12,602.5360107421875,608.0499877929688,620.1500244140625,599.9500122070312,617.9500122070312,1815285
2025-03-13,595.9959106445312,601.4500122070312,614.4000244140625,600.4000244140625,610.9000244140625,1476114
2025-03-17,620.471923828125,626.1500244140625,627.9000244140625,601.4500122070312,601.4500122070312,2377362
2025-03-18,620.471923828125,626.1500244140625,626.1500244140625,626.1500244140625,626.1500244140625,0
2025-03-19,640.4391479492188,646.2999877929688,648.0,636.9000244140625,641.0,1533871
2025-03-20,640.9841918945312,646.8499755859375,651.4500122070312,644.0999755859375,648.9500122070312,1272076
2025-03-21,652.8753662109375,658.8499755859375,671.2999877929688,645.6500244140625,649.0,5231169
2025-03-24,652.47900390625,658.4500122070312,668.7999877929688,657.4000244140625,667.9500122070312,1878198
2025-03-25,647.0784301757812,653.0,663.9000244140625,648.0999755859375,663.9000244140625,988124
2025-03-26,646.48388671875,652.4000244140625,656.8499755859375,644.0,652.0,1570129
2025-03-27,650.4476318359375,656.4000244140625,663.75,649.9500122070312,650.0,3398420
2025-03-28,630.4803466796875,636.25,660.4000244140625,624.0,656.6500244140625,4421109
2025-04-01,628.9939575195312,634.75,641.7999877929688,621.2999877929688,621.2999877929688,1451347
2025-04-02,648.5153198242188,654.4500122070312,656.0999755859375,630.8499755859375,631.9000244140625,1932828
2025-04-03,645.3442993164062,651.25,653.7000122070312,636.0499877929688,642.7999877929688,2635192
2025-04-04,631.9171752929688,637.7000122070312,655.4000244140625,631.1500244140625,649.5,2529542
2025-04-07,608.8780517578125,614.4500122070312,624.0999755859375,588.8499755859375,595.0,2010970
2025-04-08,608.9275512695312,614.5,628.0999755859375,610.0999755859375,619.0,1696619
2025-04-09,608.6798095703125,614.25,615.7999877929688,601.2000122070312,614.0,1911793
2025-04-11,633.0567016601562,638.8499755859375,645.5499877929688,620.0999755859375,622.0,2007695
2025-04-15,652.0330810546875,658.0,661.9000244140625,638.8499755859375,649.0,2242497
2025-04-16,653.6681518554688,659.6500244140625,665.4000244140625,654.5499877929688,660.0,2228299
2025-04-17,650.2494506835938,656.2000122070312,664.9500122070312,650.75,659.6500244140625,1595004
2025-04-21,665.0638427734375,671.1500244140625,672.9000244140625,653.7000122070312,656.25,3468794
2025-04-22,666.5997924804688,672.7000122070312,681.1500244140625,666.0999755859375,673.4500122070312,3727936
2025-04-23,673.7344970703125,679.9000244140625,682.0,662.0499877929688,672.0,2856974
2025-04-24,677.9955444335938,684.2000122070312,687.0,675.4500122070312,679.5499877929688,2692652
2025-04-25,655.84814453125,661.8499755859375,692.2000122070312,656.5499877929688,683.75,3157081
2025-04-28,672.1489868164062,678.2999877929688,679.4000244140625,661.3499755859375,662.0,1423133
2025-04-29,663.5278930664062,669.5999755859375,686.9000244140625,666.7000122070312,680.0,1676069
2025-04-30,663.8251953125,669.9000244140625,678.1500244140625,663.9500122070312,668.0999755859375,1402279
2025-05-02,673.6849365234375,679.8499755859375,692.7999877929688,670.5499877929688,671.0,2331658
2025-05-05,680.274658203125,686.5,688.9500122070312,682.0,687.0,1475543
2025-05-06,672.8922119140625,679.0499877929688,691.4500122070312,674.9500122070312,687.9500122070312,1859488
2025-05-07,681.7610473632812,688.0,689.0,674.2999877929688,675.0999755859375,1328953
2025-05-08,650.5466918945312,656.5,689.4000244140625,645.9500122070312,682.0999755859375,2451225
2025-05-09,668.6312255859375,674.75,682.0,638.0,638.0,3184067
2025-05-12,670.712158203125,676.8499755859375,699.4500122070312,662.0,686.0,8755697
2025-05-13,637.0204467773438,642.8499755859375,678.0,638.0499877929688,676.9000244140625,8899680
2025-05-14,631.1244506835938,636.9000244140625,646.1500244140625,634.0,645.2999877929688,4545306
2025-05-15,638.80419921875,644.6500244140625,647.7000122070312,635.75,637.9500122070312,2336733
2025-05-16,638.3582153320312,644.2000122070312,648.5,638.75,646.0,1281048
2025-05-19,639.6464233398438,645.5,654.7999877929688,643.75,645.0999755859375,1713111
2025-05-20,622.998779296875,628.7000122070312,647.9500122070312,626.7000122070312,647.5,3503829
2025-05-21,632.61083984375,638.4000244140625,641.0499877929688,623.5999755859375,628.7000122070312,2454859
2025-05-22,626.2193603515625,631.9500122070312,638.9000244140625,627.7999877929688,638.9000244140625,1078155
2025-05-23,624.782470703125,630.5,634.9000244140625,628.25,632.5999755859375,1018062
2025-05-26,626.3184204101562,632.0499877929688,636.2000122070312,629.9000244140625,632.0,771488
2025-05-27,624.6337890625,630.3499755859375,635.9000244140625,627.0,632.5,1156383
2025-05-28,625.0302124023438,630.75,638.5999755859375,629.5499877929688,631.4500122070312,937885
2025-05-29,625.2779541015625,631.0,635.0,626.0,632.0,1382432
2025-05-30,622.2060546875,627.9000244140625,633.9500122070312,618.0,631.0,5123450
2025-06-02,630.5794067382812,636.3499755859375,637.5,620.75,627.9000244140625,1624690
2025-06-03,629.5884399414062,635.3499755859375,638.3499755859375,632.2999877929688,638.0,1764731
2025-06-04,636.7232055664062,642.5499877929688,646.3499755859375,633.5499877929688,635.5,1302307
2025-06-05,641.0337524414062,646.9000244140625,649.5,642.0,646.7999877929688,1701494
2025-06-06,637.0204467773438,642.8499755859375,649.7999877929688,641.0,649.0,580732
2025-06-09,633.304443359375,639.0999755859375,651.5499877929688,636.5999755859375,650.0,1514278
2025-06-10,633.7999267578125,639.5999755859375,643.9500122070312,638.0,643.9500122070312,956125
2025-06-11,630.0839233398438,635.8499755859375,641.4000244140625,631.5,641.0,976204
2025-06-12,626.665283203125,632.4000244140625,642.0,631.0,635.8499755859375,1097714
2025-06-13,626.7643432617188,632.5,637.9500122070312,623.0499877929688,627.7999877929688,1518780
2025-06-16,637.9122924804688,643.75,645.2999877929688,630.0,631.9500122070312,1187428
2025-06-17,640.240966796875,646.0999755859375,653.3499755859375,642.5,645.0,2269496
2025-06-18,632.4622192382812,638.25,649.7999877929688,637.0,646.0999755859375,1066778
2025-06-19,625.2283935546875,630.9500122070312,640.0,629.0,639.0,1272286
2025-06-20,627.7552490234375,633.5,637.4000244140625,626.3499755859375,628.4000244140625,4218765
2025-06-23,633.0567016601562,638.8499755859375,641.4500122070312,628.7999877929688,631.0,834251
2025-06-24,638.60595703125,644.4500122070312,646.0,638.5,641.0,1131402
2025-06-25,644.79931640625,650.7000122070312,654.2999877929688,643.7999877929688,648.0,1565175
2025-06-26,630.7280883789062,636.5,650.7000122070312,629.0499877929688,650.7000122070312,3968851
2025-06-27,639.0518798828125,644.9000244140625,647.4500122070312,637.5499877929688,638.0,3212791
2025-06-30,655.2536010742188,661.25,664.5,643.7000122070312,646.5,2075636
2025-07-01,664.9647216796875,671.0499877929688,674.9500122070312,659.1500244140625,665.0,3182249
2025-07-02,666.55029296875,672.6500244140625,676.0,665.2000122070312,671.0499877929688,1348689
2025-07-03,677.9459838867188,684.1500244140625,687.75,670.0999755859375,672.6500244140625,3054421
2025-07-04,675.1217651367188,681.2999877929688,696.9500122070312,678.7000122070312,684.0,2791223
2025-07-07,674.081298828125,680.25,689.5,676.3499755859375,681.0499877929688,960264
2025-07-08,667.1943359375,673.2999877929688,683.9000244140625,668.5999755859375,680.5,820969
2025-07-09,658.7218627929688,664.75,674.7999877929688,663.7000122070312,668.5999755859375,630384
2025-07-10,655.6500244140625,661.6500244140625,668.1500244140625,655.5,666.0,2206322
2025-07-11,652.7999877929688,652.7999877929688,658.5,645.7000122070312,657.7000122070312,2145893
2025-07-14,659.5,659.5,661.7999877929688,646.75,654.0,1745640
2025-07-15,673.7999877929688,673.7999877929688,675.7999877929688,661.9500122070312,662.0,1726609
2025-07-16,671.4500122070312,671.4500122070312,677.0,668.4000244140625,673.0,1928069
2025-07-17,692.6500244140625,692.6500244140625,697.4500122070312,670.5499877929688,673.0,5685069
2025-07-18,686.8499755859375,686.8499755859375,697.9000244140625,684.3499755859375,694.0,1515065
2025-07-21,713.75,713.75,717.5499877929688,682.4500122070312,688.0,8073738
2025-07-22,722.8499755859375,722.8499755859375,730.9500122070312,711.4000244140625,715.0,4108448
2025-07-23,727.3499755859375,727.3499755859375,729.7999877929688,718.5,726.5999755859375,2827536
2025-07-24,726.5499877929688,726.5499877929688,730.5,718.7000122070312,726.0,2189801
2025-07-25,722.2000122070312,722.2000122070312,729.0,718.4500122070312,726.5499877929688,1507020
2025-07-28,729.8499755859375,729.8499755859375,735.8499755859375,720.1500244140625,725.0,4881892
2025-07-29,726.0499877929688,726.0499877929688,734.5499877929688,721.0499877929688,727.0,3504831
2025-07-30,721.9000244140625,721.9000244140625,728.5,716.9000244140625,727.0,1589570
2025-07-31,703.7999877929688,703.7999877929688,723.6500244140625,701.2999877929688,715.0,2497511
2025-08-01,665.1500244140625,665.1500244140625,713.9000244140625,658.0,703.9500122070312,6828070
2025-08-04,711.7000122070312,711.7000122070312,719.4500122070312,672.0499877929688,673.5,12572025
2025-08-05,720.4500122070312,720.4500122070312,723.7999877929688,702.0,708.2999877929688,3136768
2025-08-06,705.2999877929688,705.2999877929688,721.8499755859375,704.2000122070312,720.0,1691312
2025-08-07,705.4500122070312,705.4500122070312,710.7999877929688,688.2000122070312,700.0,1933447
2025-08-08,688.75,688.75,704.9500122070312,685.9000244140625,704.0499877929688,1164817
2025-08-11,693.7000122070312,693.7000122070312,696.5999755859375,678.1500244140625,688.9500122070312,1129449
2025-08-12,688.6500244140625,688.6500244140625,696.0,686.0499877929688,693.7000122070312,1449415
2025-08-13,686.1500244140625,686.1500244140625,693.1500244140625,680.9000244140625,686.0999755859375,1062727
2025-08-14,683.75,683.75,693.9000244140625,681.0,684.2000122070312,1066750
2025-08-18,690.9500122070312,690.9500122070312,700.7000122070312,686.4500122070312,690.1500244140625,1319724
2025-08-19,707.2999877929688,707.2999877929688,709.4500122070312,693.0,697.5,2030825
2025-08-20,713.4500122070312,713.4500122070312,730.2999877929688,702.0,708.5,3114706
2025-08-21,712.4500122070312,712.4500122070312,718.5499877929688,710.2000122070312,717.0499877929688,2041917
2025-08-22,716.4500122070312,716.4500122070312,722.9000244140625,707.9500122070312,712.9000244140625,1635644
2025-08-25,722.7999877929688,722.7999877929688,741.0,713.5,717.2000122070312,4678348
2025-08-26,723.0999755859375,723.0999755859375,729.7999877929688,712.4000244140625,725.25,3299511
2025-08-28,716.7000122070312,716.7000122070312,736.5,713.4500122070312,736.5,3935173
2025-08-29,715.75,715.75,722.2000122070312,702.5999755859375,713.0499877929688,2472182
2025-09-01,727.9500122070312,727.9500122070312,730.6500244140625,711.7999877929688,715.7000122070312,1785815
2025-09-02,710.6500244140625,710.6500244140625,732.0,709.6500244140625,731.5499877929688,3003994
2025-09-03,715.5999755859375,715.5999755859375,730.0,712.7999877929688,718.0,2196910
2025-09-04,695.4000244140625,695.4000244140625,723.1500244140625,692.0,720.0,2075117
2025-09-05,688.8499755859375,688.8499755859375,700.9000244140625,684.2000122070312,697.5,1054221
2025-09-08,705.7999877929688,705.7999877929688,708.0,691.0,691.0,1677209
2025-09-09,704.0,704.0,715.9500122070312,698.0,709.9500122070312,2826300
2025-09-10,696.9500122070312,696.9500122070312,708.25,690.6500244140625,705.4000244140625,1965357
2025-09-11,701.6500244140625,701.6500244140625,703.7999877929688,693.0499877929688,696.9500122070312,1913878
2025-09-12,693.0999755859375,693.0999755859375,705.9000244140625,688.0,704.2999877929688,1539148
2025-09-15,693.5999755859375,693.5999755859375,699.4000244140625,687.9000244140625,695.5,1791929
2025-09-16,702.7000122070312,702.7000122070312,705.0,686.3499755859375,692.9000244140625,3099583
2025-09-17,704.6500244140625,704.6500244140625,710.0,698.1500244140625,706.0,2209645
2025-09-18,698.9500122070312,698.9500122070312,713.4000244140625,693.2999877929688,704.5999755859375,3106450
2025-09-19,691.0999755859375,691.0999755859375,704.8499755859375,688.7000122070312,697.0999755859375,7803326
2025-09-22,682.7999877929688,682.7999877929688,693.7000122070312,679.3499755859375,693.7000122070312,2102153
2025-09-23,677.2000122070312,677.2000122070312,684.8499755859375,670.0,680.0,2559504
2025-09-24,676.1500244140625,676.1500244140625,680.0,669.5999755859375,675.75,2138799
2025-09-25,669.0999755859375,669.0999755859375,678.5499877929688,667.4500122070312,676.0,1246931
2025-09-26,648.0,648.0,668.2000122070312,645.0,667.0,1970948
2025-09-29,654.2000122070312,654.2000122070312,654.9000244140625,643.25,648.0,2520967
2025-09-30,655.7999877929688,655.7999877929688,661.0,650.1500244140625,660.2000122070312,2037016
2025-10-01,661.4500122070312,661.4500122070312,662.2999877929688,651.2999877929688,655.7999877929688,1196873
2025-10-03,674.0,674.0,680.0,664.6500244140625,667.7000122070312,3592605
2025-10-06,681.3499755859375,681.3499755859375,682.0,668.75,676.0,881397
2025-10-07,679.8499755859375,679.8499755859375,685.4000244140625,679.0499877929688,682.0,994752
2025-10-08,674.7999877929688,674.7999877929688,686.6500244140625,671.5499877929688,679.8499755859375,1714962
2025-10-09,675.0499877929688,675.0499877929688,677.5,666.9000244140625,673.0,1011011
2025-10-10,681.2999877929688,681.2999877929688,683.5999755859375,671.2000122070312,676.9000244140625,960905
2025-10-13,673.7999877929688,673.7999877929688,680.9500122070312,667.0,667.0,1031190
2025-10-14,669.9500122070312,669.9500122070312,681.4500122070312,666.0,673.7999877929688,1458278
2025-10-15,677.6500244140625,677.6500244140625,678.7000122070312,668.4000244140625,672.9000244140625,1722151
2025-10-16,680.4000244140625,680.4000244140625,686.0,674.7000122070312,678.0,1284794
2025-10-17,674.1500244140625,674.1500244140625,683.7000122070312,671.9000244140625,680.9500122070312,882467
2025-10-20,680.7999877929688,680.7999877929688,685.0,677.0,677.0999755859375,1330873
2025-10-21,680.9500122070312,680.9500122070312,684.0499877929688,678.0,681.0,86005
2025-10-23,675.6500244140625,675.6500244140625,689.7999877929688,674.0999755859375,684.25,1551907
2025-10-24,672.0499877929688,672.0499877929688,678.5499877929688,669.8499755859375,678.0,587809
2025-10-27,679.8499755859375,679.8499755859375,681.7000122070312,672.7000122070312,673.0,1365682
2025-10-28,702.5999755859375,702.5999755859375,709.0,675.5,682.0,4557745
2025-10-29,720.0499877929688,720.0499877929688,721.7999877929688,708.2000122070312,708.2000122070312,3405916
2025-10-30,721.3499755859375,721.3499755859375,726.5,712.2999877929688,721.8499755859375,3573819
2025-10-31,720.0999755859375,720.0999755859375,729.4000244140625,713.75,720.0,3852202
2025-11-03,730.5999755859375,730.5999755859375,735.0,719.2999877929688,720.0999755859375,2805423
2025-11-04,731.3499755859375,731.3499755859375,736.5999755859375,726.6500244140625,728.0,1916707
2025-11-06,733.3499755859375,733.3499755859375,747.4000244140625,713.4000244140625,730.0,9280167
2025-11-07,747.9500122070312,747.9500122070312,753.7999877929688,720.75,725.0,5598140
2025-11-10,750.6500244140625,750.6500244140625,759.0,746.7000122070312,750.0499877929688,2547152
2025-11-11,752.3499755859375,752.3499755859375,755.4500122070312,742.4000244140625,750.6500244140625,1645749
2025-11-12,760.5999755859375,760.5999755859375,767.7999877929688,752.4500122070312,754.3499755859375,4193619
2025-11-13,758.1500244140625,758.1500244140625,765.5,753.0,760.5999755859375,1752051
2025-11-14,758.5999755859375,758.5999755859375,766.3499755859375,754.0999755859375,755.0,2148563
2025-11-17,773.2000122070312,773.2000122070312,774.9500122070312,758.0,758.5999755859375,3590666
2025-11-18,759.6500244140625,759.6500244140625,776.0,757.0999755859375,774.0,1862425
2025-11-19,752.6500244140625,752.6500244140625,762.0,750.5999755859375,760.0,2359649
2025-11-20,753.5,753.5,760.2999877929688,750.9500122070312,758.0,2794809
2025-11-21,750.8499755859375,750.8499755859375,755.25,747.0,755.0,2033481
2025-11-24,742.7000122070312,742.7000122070312,755.5499877929688,731.0,752.0,5530635
2025-11-25,749.7000122070312,749.7000122070312,754.0,735.7999877929688,741.0499877929688,1677991
2025-11-26,760.5999755859375,760.5999755859375,763.3499755859375,746.5999755859375,750.1500244140625,1482487
2025-11-27,758.6500244140625,758.6500244140625,769.2000122070312,756.5499877929688,764.0,1201547
2025-11-28,758.6500244140625,758.6500244140625,766.1500244140625,755.25,757.0,1546792
2025-12-01,750.8499755859375,750.8499755859375,762.9000244140625,748.0499877929688,761.0,1611007
2025-12-02,746.75,746.75,757.9000244140625,744.25,754.0,1519168
2025-12-03,743.0,743.0,755.0999755859375,737.0,748.75,6025366
2025-12-04,756.4500122070312,756.4500122070312,758.9500122070312,745.25,748.0,2855120
2025-12-05,759.0999755859375,759.0999755859375,761.0499877929688,751.0499877929688,759.9500122070312,1936558
2025-12-08,739.8499755859375,739.8499755859375,761.2999877929688,733.0999755859375,759.9000244140625,1584321
2025-12-09,739.7000122070312,739.7000122070312,741.6500244140625,729.5999755859375,740.0,2172777
2025-12-10,736.9000244140625,736.9000244140625,752.25,733.7999877929688,743.0,1346660
2025-12-11,745.8499755859375,745.8499755859375,748.4500122070312,732.5499877929688,736.8499755859375,2062566
2025-12-12,748.3499755859375,748.3499755859375,750.9000244140625,741.4500122070312,748.7999877929688,4075773
2025-12-15,765.6500244140625,765.6500244140625,769.5499877929688,743.0,751.0,1840513
2025-12-16,749.9000244140625,749.9000244140625,765.9000244140625,747.0999755859375,765.9000244140625,1218572
2025-12-17,746.2999877929688,746.2999877929688,752.7999877929688,740.9500122070312,751.7000122070312,1655654
2025-12-18,744.4000244140625,744.4000244140625,748.0999755859375,736.5,743.0,748699
2025-12-19,751.5499877929688,751.5499877929688,753.7999877929688,740.25,747.4000244140625,6064263
2025-12-22,776.5499877929688,776.5499877929688,779.0,752.0999755859375,753.0499877929688,3673981
2025-12-23,781.0,781.0,786.2999877929688,774.5,779.9000244140625,3043436
2025-12-24,772.7000122070312,772.7000122070312,785.0,772.0,783.0,3570117
2025-12-26,774.0499877929688,774.0499877929688,780.7000122070312,770.2000122070312,775.0,1476893
2025-12-29,770.9500122070312,770.9500122070312,783.0,767.5,774.4000244140625,1364589
2025-12-30,787.3499755859375,787.3499755859375,792.6500244140625,768.9000244140625,770.0,8329037
2025-12-31,795.1500244140625,795.1500244140625,801.0,786.0499877929688,793.2999877929688,3039998
2026-01-01,805.3499755859375,805.3499755859375,806.5,786.0999755859375,797.2999877929688,2644289
2026-01-02,804.6500244140625,804.6500244140625,812.2000122070312,797.2999877929688,806.9500122070312,4562526
2026-01-05,805.0999755859375,805.0999755859375,811.4500122070312,798.0999755859375,810.0,2068765
2026-01-06,799.2999877929688,799.2999877929688,807.2999877929688,797.5499877929688,805.0999755859375,1710964
2026-01-07,802.9500122070312,802.9500122070312,809.2000122070312,797.8499755859375,801.0,3691946
2026-01-08,794.5,794.5,810.7999877929688,788.5,806.5,2238370
2026-01-09,771.7000122070312,771.7000122070312,797.75,768.2999877929688,789.0,2293012
2026-01-12,773.8499755859375,773.8499755859375,793.7000122070312,762.7999877929688,785.0,2279267
2026-01-13,773.4500122070312,773.4500122070312,780.5,764.7000122070312,777.7000122070312,2207561
2026-01-14,780.4000244140625,780.4000244140625,784.0,761.4000244140625,774.0,2672389
2026-01-15,780.4000244140625,780.4000244140625,780.4000244140625,780.4000244140625,780.4000244140625,0
2026-01-16,790.1500244140625,790.1500244140625,796.9500122070312,779.0499877929688,786.2000122070312,3461231
2026-01-19,787.1500244140625,787.1500244140625,800.0499877929688,783.0999755859375,790.1500244140625,2156885
2026-01-20,723.4500122070312,723.4500122070312,796.75,708.4500122070312,792.0,6196941
2026-01-21,691.7000122070312,691.7000122070312,731.0,671.5,715.2999877929688,7967753
2026-01-22,700.5,700.5,710.5,688.4500122070312,699.0499877929688,3505671
2026-01-23,702.5499877929688,702.5499877929688,711.5,697.6500244140625,701.0,3808963
2026-01-27,716.5499877929688,716.5499877929688,725.7999877929688,700.0,702.5999755859375,3625276
2026-01-28,715.0999755859375,715.0999755859375,722.8499755859375,707.5999755859375,720.0999755859375,1299211
2026-01-29,715.9500122070312,715.9500122070312,720.3499755859375,701.5999755859375,718.9000244140625,2742480
2026-01-30,703.9500122070312,703.9500122070312,717.1500244140625,699.8499755859375,717.0999755859375,4668042
2026-02-02,698.5499877929688,698.5499877929688,707.0999755859375,665.0499877929688,669.25,5879658
2026-02-03,739.7999877929688,739.7999877929688,753.1500244140625,726.8499755859375,742.0,7513174
2026-02-04,758.7000122070312,758.7000122070312,764.3499755859375,736.75,740.0,4830902
2026-02-05,747.6500244140625,747.6500244140625,762.0,735.5,762.0,1548274
2026-02-06,741.2999877929688,741.2999877929688,756.75,736.9500122070312,744.0,2249941
2026-02-09,744.0499877929688,744.0499877929688,749.0999755859375,734.2000122070312,747.7999877929688,1489737
2026-02-10,746.0,746.0,756.2000122070312,740.1500244140625,749.7999877929688,1977229
2026-02-11,749.0,749.0,757.2000122070312,743.0499877929688,746.9500122070312,1142581
2026-02-12,744.9000244140625,744.9000244140625,750.9000244140625,738.7000122070312,750.9000244140625,1117676
2026-02-13,724.2999877929688,724.2999877929688,742.9500122070312,720.9500122070312,740.1500244140625,1332082
2026-02-16,733.7999877929688,733.7999877929688,736.6500244140625,716.4000244140625,719.1500244140625,685996
2026-02-17,741.1500244140625,741.1500244140625,741.9500122070312,728.5499877929688,731.0,472779
2026-02-18,747.6500244140625,747.6500244140625,757.0,739.75,742.9500122070312,2240635
2026-02-19,765.0499877929688,765.0499877929688,771.9000244140625,747.6500244140625,747.6500244140625,2242488
2026-02-20,752.3499755859375,752.3499755859375,770.9000244140625,744.5999755859375,760.0999755859375,2400204
2026-02-23,644.7999877929688,644.7999877929688,714.75,625.5499877929688,714.75,22336295
2026-02-24,630.5499877929688,630.5499877929688,653.6500244140625,627.3499755859375,645.0,7889253
2026-02-25,626.2000122070312,626.2000122070312,635.0,620.5,635.0,5081011
2026-02-26,640.4500122070312,640.4500122070312,641.7000122070312,622.0,626.8499755859375,4874080
2026-02-27,637.4000244140625,637.4000244140625,643.25,631.5,640.5499877929688,4377806
2026-03-02,622.8499755859375,622.8499755859375,638.0,617.25,622.25,2404381
2026-03-04,614.0999755859375,614.0999755859375,621.0,601.0,621.0,3558558
2026-03-05,629.5999755859375,629.5999755859375,631.5999755859375,616.0499877929688,621.0499877929688,2530219
2026-03-06,628.3499755859375,628.3499755859375,635.0,626.2000122070312,629.2999877929688,3095128
2026-03-09,625.0,625.0,627.4000244140625,606.25,610.0,4705618
2026-03-10,630.2999877929688,630.2999877929688,633.5499877929688,622.8499755859375,630.0,1476957
2026-03-11,625.8499755859375,625.8499755859375,636.2999877929688,624.0,631.7000122070312,1418800
2026-03-12,629.0499877929688,629.0499877929688,633.75,616.9500122070312,623.5,1299556
2026-03-13,609.4000244140625,609.4000244140625,628.0999755859375,603.0,628.0,1954960
2026-03-16,608.7999877929688,608.7999877929688,621.4500122070312,601.7999877929688,610.0,2470861
2026-03-17,615.8499755859375,615.8499755859375,618.4000244140625,609.2999877929688,612.0,1500040
2026-03-18,631.5,631.5,634.0,611.2000122070312,618.0,1491586
2026-03-19,611.7999877929688,611.7999877929688,628.8499755859375,607.0,621.2999877929688,2849379
2026-03-20,625.5499877929688,625.5499877929688,635.2999877929688,614.7999877929688,619.4000244140625,4640376
2026-03-23,602.4000244140625,602.4000244140625,618.0,599.25,615.0,1690435
2026-03-24,620.4500122070312,620.4500122070312,625.5999755859375,608.4500122070312,615.0,2609729
2026-03-25,625.25,625.25,632.8499755859375,621.4000244140625,625.0,1449608
2026-03-27,595.8499755859375,595.8499755859375,630.9000244140625,593.25,616.5,4252300
2026-03-30,567.9500122070312,567.9500122070312,592.4000244140625,565.1500244140625,591.75,5317081
2026-04-01,594.5,594.5,601.8499755859375,573.0,573.0,2182769
2026-04-02,593.0,593.0,594.9500122070312,573.9500122070312,587.0,1403119
2026-04-06,607.75,607.75,609.6500244140625,585.2000122070312,593.2999877929688,1075781
2026-04-07,607.5499877929688,607.5499877929688,610.75,600.0999755859375,607.5,1533818
2026-04-08,640.25,640.25,643.5,622.7000122070312,625.0,3241939
2026-04-09,642.0,642.0,649.5,638.0499877929688,645.0,2904575
2026-04-10,644.8499755859375,644.8499755859375,653.75,640.5,643.9000244140625,2162418
2026-04-13,643.75,643.75,646.4000244140625,615.0,629.5,1737923
2026-04-15,659.7999877929688,659.7999877929688,661.5499877929688,648.5499877929688,654.0,2544691
2026-04-16,659.9500122070312,659.9500122070312,665.7999877929688,648.7999877929688,662.4500122070312,1666120
2026-04-17,664.7000122070312,664.7000122070312,671.7000122070312,657.75,659.0,1023994
2026-04-20,656.6500244140625,656.6500244140625,670.6500244140625,653.6500244140625,664.7000122070312,1301749
2026-04-21,654.2999877929688,654.2999877929688,664.8499755859375,653.0,659.6500244140625,1144716
2026-04-22,653.8499755859375,653.8499755859375,657.4000244140625,649.0,650.7999877929688,1709380
2026-04-23,642.0499877929688,642.0499877929688,656.5499877929688,638.4500122070312,653.5,2471569
2026-04-24,631.4000244140625,631.4000244140625,645.1500244140625,629.9500122070312,643.5999755859375,1793446
2026-04-27,639.5,639.5,643.75,632.5,634.9000244140625,1137864
