Date,Adj Close,Close,High,Low,Open,Volume
,ZODIACLOTH.NS,ZODIACLOTH.NS,ZODIACLOTH.NS,ZODIACLOTH.NS,ZODIACLOTH.NS,ZODIACLOTH.NS
2010-01-04,159.5230255126953,177.3333282470703,179.11111450195312,173.86666870117188,177.2888946533203,1678
2010-01-05,159.22317504882812,177.0,179.55555725097656,174.4888916015625,174.7111053466797,1471
2010-01-06,161.26220703125,179.26666259765625,179.95555114746094,174.75555419921875,175.15554809570312,10559
2010-01-07,163.82095336914062,182.11111450195312,184.39999389648438,176.24444580078125,176.91111755371094,5818
2010-01-08,171.0974578857422,190.1999969482422,193.06666564941406,178.8444366455078,178.8444366455078,4623
2010-01-11,167.11932373046875,185.77777099609375,190.6666717529297,184.04444885253906,190.6666717529297,821
2010-01-12,165.52015686035156,184.0,189.91111755371094,182.22222900390625,184.22222900390625,4758
2010-01-13,170.69760131835938,189.75555419921875,190.0,182.26666259765625,184.8000030517578,1557
2010-01-14,168.27882385253906,187.06666564941406,189.77777099609375,186.22222900390625,188.88888549804688,3557
2010-01-15,174.09597778320312,193.53334045410156,197.3333282470703,186.6666717529297,188.88888549804688,6549
2010-01-18,176.07504272460938,195.73333740234375,200.0,191.64443969726562,193.3333282470703,3006
2010-01-19,175.91513061523438,195.55555725097656,199.06666564941406,193.93333435058594,199.06666564941406,3989
2010-01-20,177.9141082763672,197.77777099609375,200.0,194.24444580078125,194.6666717529297,3487
2010-01-21,171.9170379638672,191.11111450195312,202.22222900390625,185.42222595214844,202.22222900390625,3555
2010-01-22,168.67861938476562,187.5111083984375,197.75555419921875,185.3333282470703,186.6666717529297,5015
2010-01-25,167.45919799804688,186.15554809570312,188.88888549804688,184.3333282470703,184.8222198486328,49
2010-01-27,163.58102416992188,181.8444366455078,184.022216796875,174.4888916015625,181.15554809570312,1782
2010-01-28,164.28070068359375,182.62222290039062,184.44444274902344,182.3111114501953,182.3111114501953,121
2010-01-29,160.88238525390625,178.8444366455078,184.44444274902344,175.24444580078125,182.22222900390625,113604
2010-02-01,160.3625946044922,178.26666259765625,181.62222290039062,177.77777099609375,177.77777099609375,5226
2010-02-02,161.9019012451172,179.977783203125,190.88888549804688,176.6666717529297,182.22222900390625,2603
2010-02-03,171.07745361328125,190.1777801513672,196.39999389648438,184.44444274902344,186.5111083984375,2364
2010-02-04,175.4153594970703,195.0,196.88888549804688,188.91111755371094,193.3333282470703,10066
2010-02-05,171.17738342285156,190.2888946533203,190.57777404785156,185.86666870117188,187.55555725097656,2925
2010-02-08,174.05601501464844,193.4888916015625,208.7111053466797,193.3333282470703,208.7111053466797,2157
2010-02-09,169.9779815673828,188.95555114746094,195.55555725097656,188.88888549804688,193.3333282470703,1692
2010-02-10,175.4353485107422,195.022216796875,197.77777099609375,189.86666870117188,197.77777099609375,258
2010-02-11,177.29443359375,197.08888244628906,199.95555114746094,190.15554809570312,190.15554809570312,1674
2010-02-15,173.6761932373047,193.06666564941406,196.86666870117188,192.6666717529297,193.04444885253906,247
2010-02-16,172.3168487548828,191.55555725097656,195.55555725097656,191.55555725097656,195.55555725097656,234
2010-02-17,172.7366485595703,192.022216796875,195.55555725097656,190.53334045410156,193.2888946533203,1055
2010-02-18,167.35922241210938,186.04444885253906,194.62222290039062,184.04444885253906,194.62222290039062,3948
2010-02-19,160.50254821777344,178.42222595214844,186.6666717529297,177.77777099609375,186.6666717529297,2337
2010-02-22,163.8409423828125,182.13333129882812,184.8222198486328,178.73333740234375,178.73333740234375,8763
2010-02-23,157.9637908935547,175.60000610351562,182.22222900390625,175.55555725097656,182.22222900390625,987
2010-02-24,161.9019012451172,179.977783203125,179.977783203125,174.44444274902344,175.55555725097656,150
2010-02-25,161.50209045410156,179.53334045410156,181.1999969482422,169.3333282470703,177.77777099609375,2778
2010-02-26,161.50209045410156,179.53334045410156,179.53334045410156,179.53334045410156,179.53334045410156,0
2010-03-02,159.1232147216797,176.88888549804688,183.91111755371094,175.60000610351562,183.55555725097656,929
2010-03-03,163.28118896484375,181.5111083984375,184.42222595214844,178.24444580078125,184.42222595214844,60
2010-03-04,164.3207244873047,182.6666717529297,182.6666717529297,181.77777099609375,181.77777099609375,315
2010-03-05,163.3811492919922,181.62222290039062,190.15554809570312,180.022216796875,184.88888549804688,1606
2010-03-08,165.91993713378906,184.44444274902344,186.6666717529297,182.93333435058594,182.93333435058594,1316
2010-03-09,164.40066528320312,182.75555419921875,184.44444274902344,182.6666717529297,184.44444274902344,1122
2010-03-10,163.26124572753906,181.4888916015625,182.44444274902344,174.13333129882812,182.22222900390625,7254
2010-03-11,162.24169921875,180.35556030273438,186.22222900390625,178.6666717529297,186.22222900390625,3102
2010-03-12,163.92091369628906,182.22222900390625,182.22222900390625,179.55555725097656,182.22222900390625,339
2010-03-15,157.72389221191406,175.3333282470703,178.3333282470703,174.022216796875,177.77777099609375,2664
2010-03-16,157.2041473388672,174.75555419921875,176.88888549804688,173.8444366455078,173.8444366455078,909
2010-03-17,154.14561462402344,171.35556030273438,179.04444885253906,171.3333282470703,178.8444366455078,4347
2010-03-18,159.9628143310547,177.8222198486328,180.0,175.55555725097656,176.0,3939
2010-03-19,159.9628143310547,177.8222198486328,184.39999389648438,177.77777099609375,184.39999389648438,2013
2010-03-22,161.18222045898438,179.1777801513672,182.8444366455078,177.77777099609375,182.8444366455078,23474
2010-03-23,158.90330505371094,176.64443969726562,180.0,175.55555725097656,180.0,23598
2010-03-25,159.5230255126953,177.3333282470703,179.3333282470703,176.88888549804688,176.88888549804688,400
2010-03-26,165.0004119873047,183.42222595214844,190.86666870117188,181.35556030273438,190.86666870117188,20873
2010-03-29,166.4396514892578,185.022216796875,189.73333740234375,184.44444274902344,184.44444274902344,17779
2010-03-30,164.0008544921875,182.3111114501953,190.22222900390625,182.3111114501953,187.11111450195312,1759
2010-03-31,167.6591033935547,186.37777709960938,186.62222290039062,183.64443969726562,183.6666717529297,848
2010-04-01,166.2397918701172,184.8000030517578,186.6666717529297,184.44444274902344,185.37777709960938,1406
2010-04-05,167.93894958496094,186.6888885498047,187.8222198486328,183.0,184.8444366455078,2090
2010-04-06,172.436767578125,191.6888885498047,193.06666564941406,182.6666717529297,186.6666717529297,12143
2010-04-07,169.61814880371094,188.55555725097656,192.88888549804688,188.1777801513672,192.88888549804688,857
2010-04-08,169.9180145263672,188.88888549804688,192.8222198486328,188.88888549804688,192.8222198486328,391
2010-04-09,172.75665283203125,192.04444885253906,202.15554809570312,187.24444580078125,202.15554809570312,1469
2010-04-12,173.6761932373047,193.06666564941406,194.62222290039062,189.91111755371094,193.77777099609375,1444
2010-04-13,173.23635864257812,192.57777404785156,193.26666259765625,189.55555725097656,193.26666259765625,382
2010-04-15,174.7156982421875,194.22222900390625,197.2888946533203,185.42222595214844,185.42222595214844,2385
2010-04-16,175.31536865234375,194.88888549804688,197.77777099609375,190.24444580078125,190.62222290039062,999
2010-04-19,170.85752868652344,189.93333435058594,196.88888549804688,185.60000610351562,196.88888549804688,1721
2010-04-20,168.01890563964844,186.77777099609375,192.3111114501953,186.6666717529297,192.3111114501953,2292
2010-04-21,166.75950622558594,185.37777709960938,190.39999389648438,184.8000030517578,190.3111114501953,4068
2010-04-22,166.5196533203125,185.11111450195312,188.39999389648438,180.08888244628906,185.77777099609375,1359
2010-04-23,162.0417938232422,180.13333129882812,188.86666870117188,179.55555725097656,183.1777801513672,1881
2010-04-26,163.92091369628906,182.22222900390625,183.11111450195312,179.39999389648438,182.0,4848
2010-04-27,161.80194091796875,179.86666870117188,188.8222198486328,178.75555419921875,188.8222198486328,1858
2010-04-28,161.34214782714844,179.35556030273438,180.6666717529297,178.22222900390625,179.86666870117188,90805
2010-04-29,166.31973266601562,184.88888549804688,184.88888549804688,181.3333282470703,181.3333282470703,891
2010-04-30,167.958984375,186.7111053466797,188.75555419921875,185.3333282470703,185.3333282470703,1615
2010-05-03,167.91896057128906,186.6666717529297,187.55555725097656,181.60000610351562,181.60000610351562,652
2010-05-04,166.83950805664062,185.46665954589844,188.53334045410156,183.77777099609375,188.53334045410156,513
2010-05-05,165.28024291992188,183.73333740234375,184.44444274902344,177.77777099609375,180.6888885498047,8790
2010-05-06,167.67904663085938,186.39999389648438,188.22222900390625,183.11111450195312,183.11111450195312,1923
2010-05-07,166.21978759765625,184.77777099609375,187.3333282470703,182.22222900390625,182.22222900390625,375
2010-05-10,167.51914978027344,186.22222900390625,187.977783203125,185.3333282470703,187.3333282470703,236
2010-05-11,172.09693908691406,191.3111114501953,197.3111114501953,187.55555725097656,187.55555725097656,49430
2010-05-12,196.6651153564453,218.62222290039062,229.3333282470703,187.55555725097656,187.55555725097656,21307
2010-05-13,192.0473175048828,213.4888916015625,241.77777099609375,209.13333129882812,228.88888549804688,33156
2010-05-14,185.4504852294922,206.15554809570312,214.977783203125,199.15554809570312,208.88888549804688,16467
2010-05-17,180.19305419921875,200.3111114501953,206.6666717529297,193.3333282470703,196.0,1856
2010-05-18,180.99266052246094,201.1999969482422,203.55555725097656,200.0,203.55555725097656,605
2010-05-19,179.93316650390625,200.022216796875,203.55555725097656,193.35556030273438,195.57777404785156,3327
2010-05-20,175.4353485107422,195.022216796875,201.73333740234375,194.022216796875,194.022216796875,1570
2010-05-21,171.9170379638672,191.11111450195312,194.6666717529297,188.88888549804688,194.6666717529297,1059
2010-05-24,171.9970245361328,191.1999969482422,196.77777099609375,191.11111450195312,191.5111083984375,720
2010-05-25,171.87705993652344,191.06666564941406,195.55555725097656,189.3333282470703,195.55555725097656,1836
2010-05-26,169.59817504882812,188.53334045410156,192.75555419921875,180.53334045410156,180.53334045410156,544
2010-05-27,175.6752166748047,195.2888946533203,200.0,191.11111450195312,191.60000610351562,2281
2010-05-28,173.0964813232422,192.42222595214844,199.55555725097656,192.0,199.55555725097656,389
2010-05-31,172.4167938232422,191.6666717529297,191.77777099609375,184.44444274902344,184.44444274902344,551
2010-06-01,172.49676513671875,191.75555419921875,199.73333740234375,188.95555114746094,188.95555114746094,1953
2010-06-02,171.9170379638672,191.11111450195312,204.022216796875,189.77777099609375,204.022216796875,1176
2010-06-03,173.11647033691406,192.44444274902344,193.2888946533203,188.62222290039062,188.88888549804688,2580
2010-06-04,170.29782104492188,189.3111114501953,193.3111114501953,187.26666259765625,193.3111114501953,218
2010-06-07,175.17544555664062,194.73333740234375,195.06666564941406,187.11111450195312,187.11111450195312,886
2010-06-08,179.8732147216797,199.95555114746094,203.2888946533203,193.3333282470703,193.3333282470703,3768
2010-06-09,180.6328582763672,200.8000030517578,208.88888549804688,197.37777709960938,200.0,6939
2010-06-10,179.91317749023438,200.0,204.39999389648438,199.55555725097656,204.0,2277
2010-06-11,182.7318115234375,203.13333129882812,208.0,199.95555114746094,200.0,5703
2010-06-14,180.95269775390625,201.15554809570312,206.64443969726562,201.04444885253906,203.1999969482422,1073
2010-06-15,181.9122314453125,202.22222900390625,203.977783203125,200.0,201.11111450195312,762
2010-06-16,180.7927703857422,200.977783203125,205.75555419921875,199.4888916015625,202.22222900390625,2722
2010-06-17,187.10971069335938,208.0,208.88888549804688,199.13333129882812,199.13333129882812,1500
2010-06-18,182.39198303222656,202.75555419921875,209.77777099609375,202.35556030273438,204.5111083984375,807
2010-06-21,182.77178955078125,203.1777801513672,208.0,202.77777099609375,207.977783203125,1235
2010-06-22,180.71278381347656,200.88888549804688,207.77777099609375,190.24444580078125,190.24444580078125,706
2010-06-23,179.91317749023438,200.0,206.22222900390625,199.11111450195312,206.11111450195312,1401
2010-06-24,209.69879150390625,233.11111450195312,240.0,200.0,202.22222900390625,155544
2010-06-25,211.77780151367188,235.42222595214844,244.44444274902344,229.3333282470703,233.3333282470703,149134
2010-06-28,213.1171875,236.91111755371094,243.95555114746094,235.8222198486328,236.88888549804688,37329
2010-06-29,211.0181427001953,234.57777404785156,241.24444580078125,233.77777099609375,237.77777099609375,13518
2010-06-30,207.67979431152344,230.86666870117188,236.44444274902344,229.08888244628906,234.6666717529297,5710
2010-07-01,207.87965393066406,231.08888244628906,235.55555725097656,228.93333435058594,232.44444274902344,47427
2010-07-02,208.93917846679688,232.26666259765625,235.3333282470703,231.08888244628906,235.08888244628906,8984
2010-07-05,214.1566925048828,238.06666564941406,241.7111053466797,233.3333282470703,241.7111053466797,6999
2010-07-06,214.3565673828125,238.2888946533203,250.22222900390625,236.04444885253906,241.2888946533203,87059
2010-07-07,208.69927978515625,232.0,239.3333282470703,228.13333129882812,235.55555725097656,48604
2010-07-08,208.19952392578125,231.44444274902344,237.75555419921875,229.57777404785156,237.75555419921875,6547
2010-07-09,208.01963806152344,231.24444580078125,233.3111114501953,228.88888549804688,228.88888549804688,4448
2010-07-12,210.3784942626953,233.86666870117188,234.6666717529297,231.11111450195312,231.24444580078125,5865
2010-07-13,209.75875854492188,233.1777801513672,235.60000610351562,231.39999389648438,235.5111083984375,2812
2010-07-14,208.1595458984375,231.39999389648438,233.3333282470703,228.53334045410156,233.3333282470703,3012
2010-07-15,208.17953491210938,231.42222595214844,233.77777099609375,228.88888549804688,228.88888549804688,6918
2010-07-16,212.47523498535156,233.022216796875,240.88888549804688,229.022216796875,232.88888549804688,13360
2010-07-19,213.42759704589844,234.06666564941406,241.77777099609375,229.1999969482422,233.022216796875,10487
2010-07-20,223.57923889160156,245.1999969482422,250.13333129882812,232.75555419921875,233.3333282470703,144198
2010-07-21,224.57212829589844,246.2888946533203,255.11111450195312,242.22222900390625,246.6666717529297,131208
2010-07-22,223.80213928222656,245.44444274902344,252.88888549804688,242.73333740234375,246.2888946533203,26966
2010-07-23,220.92483520507812,242.2888946533203,247.2888946533203,240.1777801513672,246.08888244628906,5366
2010-07-26,212.47523498535156,233.022216796875,248.0,231.1999969482422,247.55555725097656,4187
2010-07-27,205.26170349121094,225.11111450195312,235.04444885253906,222.75555419921875,227.11111450195312,13569
2010-07-28,200.33787536621094,219.7111053466797,227.55555725097656,217.77777099609375,224.44444274902344,9387
2010-07-29,201.0065460205078,220.44444274902344,224.35556030273438,218.44444274902344,218.44444274902344,3649
2010-07-30,196.60951232910156,215.62222290039062,222.977783203125,214.3111114501953,218.22222900390625,4925
2010-08-02,196.5081787109375,215.5111083984375,219.53334045410156,206.95555114746094,206.95555114746094,3210
2010-08-03,198.5952606201172,217.8000030517578,220.64443969726562,215.60000610351562,218.22222900390625,3784
2010-08-04,194.09693908691406,212.86666870117188,219.42222595214844,211.3111114501953,215.55555725097656,10559
2010-08-05,193.65115356445312,212.37777709960938,215.55555725097656,210.6666717529297,210.6666717529297,6363
2010-08-06,196.2042236328125,215.1777801513672,223.46665954589844,211.57777404785156,211.57777404785156,37005
2010-08-09,198.6155242919922,217.8222198486328,218.6888885498047,213.44444274902344,213.60000610351562,4495
2010-08-10,200.07444763183594,219.42222595214844,225.77777099609375,217.77777099609375,217.77777099609375,19284
2010-08-11,205.80882263183594,225.7111053466797,227.53334045410156,218.3111114501953,222.26666259765625,18553
2010-08-12,217.35858154296875,238.37777709960938,243.11111450195312,209.60000610351562,221.8000030517578,39413
2010-08-13,215.02835083007812,235.8222198486328,246.57777404785156,231.6666717529297,241.95555114746094,32528
2010-08-16,208.52401733398438,228.6888885498047,237.75555419921875,227.11111450195312,237.75555419921875,8817
2010-08-17,208.22007751464844,228.35556030273438,230.64443969726562,226.77777099609375,227.26666259765625,3606
2010-08-18,211.1784210205078,231.60000610351562,234.6666717529297,228.15554809570312,228.6666717529297,6923
2010-08-19,209.57766723632812,229.8444366455078,241.3333282470703,227.60000610351562,241.3333282470703,10527
2010-08-20,207.26773071289062,227.3111114501953,232.8222198486328,225.44444274902344,232.44444274902344,23526
2010-08-23,213.85311889648438,234.53334045410156,246.46665954589844,232.1999969482422,246.46665954589844,9058
2010-08-24,212.75894165039062,233.3333282470703,244.6666717529297,233.3333282470703,244.6666717529297,4479
2010-08-25,213.73153686523438,234.39999389648438,235.3333282470703,230.6666717529297,230.73333740234375,4419
2010-08-26,212.94129943847656,233.53334045410156,234.5,231.36666870117188,231.36666870117188,4335
2010-08-27,212.18141174316406,232.6999969482422,235.3333282470703,231.3333282470703,233.36666870117188,1827
2010-08-30,211.2392120361328,231.6666717529297,233.39999389648438,230.0,233.3333282470703,1360
2010-08-31,207.6527099609375,227.73333740234375,230.0,227.3333282470703,227.36666870117188,1119
2010-09-01,206.64971923828125,226.63333129882812,233.26666259765625,225.3333282470703,233.26666259765625,1140
2010-09-02,200.38853454589844,219.76666259765625,227.8000030517578,217.3333282470703,223.43333435058594,4065
2010-09-03,201.6346893310547,221.13333129882812,230.60000610351562,216.39999389648438,230.60000610351562,2601
2010-09-06,205.03880310058594,224.86666870117188,228.6666717529297,217.60000610351562,221.3333282470703,3831
2010-09-07,204.0358123779297,223.76666259765625,228.6666717529297,222.13333129882812,228.6666717529297,645
2010-09-08,201.17877197265625,220.63333129882812,226.6666717529297,217.3333282470703,226.6666717529297,897
2010-09-09,206.74090576171875,226.73333740234375,239.93333435058594,214.6666717529297,221.0,50799
2010-09-13,210.41854858398438,230.76666259765625,233.3000030517578,230.0,230.0,5437
2010-09-14,211.2696075439453,231.6999969482422,234.0,229.06666564941406,229.06666564941406,6465
2010-09-15,212.75894165039062,233.3333282470703,236.60000610351562,233.3333282470703,233.3333282470703,4678
2010-09-16,212.69810485839844,233.26666259765625,234.0,232.6666717529297,233.3333282470703,10587
2010-09-17,213.09326171875,233.6999969482422,234.6666717529297,233.3333282470703,233.3333282470703,4155
2010-09-20,217.4396209716797,238.46665954589844,273.26666259765625,236.03334045410156,246.6666717529297,11733
2010-09-21,212.75894165039062,233.3333282470703,237.3333282470703,233.3333282470703,236.0,7002
2010-09-22,212.9716796875,233.56666564941406,236.56666564941406,232.6666717529297,233.3333282470703,3928
2010-09-23,217.47000122070312,238.5,240.0,233.3333282470703,235.3333282470703,5122
2010-09-24,215.91993713378906,236.8000030517578,241.1999969482422,236.0,240.63333129882812,9351
2010-09-27,213.85311889648438,234.53334045410156,239.3333282470703,234.0,234.39999389648438,1816
2010-09-28,213.45797729492188,234.10000610351562,237.13333129882812,233.3333282470703,233.56666564941406,2674
2010-09-29,214.0658416748047,234.76666259765625,236.6666717529297,234.0,234.0,2884
2010-09-30,214.1570587158203,234.86666870117188,236.36666870117188,233.3333282470703,233.3333282470703,3115
2010-10-01,214.7345428466797,235.5,241.3333282470703,231.43333435058594,231.43333435058594,5950
2010-10-04,213.88351440429688,234.56666564941406,238.5,233.36666870117188,234.86666870117188,2361
2010-10-05,218.83775329589844,240.0,243.3333282470703,231.3333282470703,231.3333282470703,10681
2010-10-06,218.98973083496094,240.1666717529297,243.0,239.3333282470703,243.0,1956
2010-10-07,220.1750946044922,241.46665954589844,244.0,240.0,244.0,1494
2010-10-08,221.9075927734375,243.36666870117188,244.0,240.0,244.0,5374
2010-10-11,227.04417419433594,249.0,250.03334045410156,242.03334045410156,243.36666870117188,5800
2010-10-12,236.95266723632812,259.8666687011719,262.6000061035156,245.3333282470703,256.29998779296875,96438
2010-10-13,246.10125732421875,269.8999938964844,306.5333251953125,260.76666259765625,276.0,24133
2010-10-14,245.03750610351562,268.73333740234375,273.3333435058594,259.3333435058594,273.3333435058594,13879
2010-10-15,244.42965698242188,268.0666809082031,276.0,260.4333190917969,274.0,7632
2010-10-18,244.03443908691406,267.6333312988281,270.0,260.79998779296875,268.5666809082031,5878
2010-10-19,246.16204833984375,269.9666748046875,270.6666564941406,263.3333435058594,266.6666564941406,19000
2010-10-20,246.52684020996094,270.3666687011719,274.0,265.3333435058594,268.6666564941406,9715
2010-10-21,247.49940490722656,271.4333190917969,273.3666687011719,263.3333435058594,266.70001220703125,10003
2010-10-22,246.52684020996094,270.3666687011719,273.3333435058594,263.3666687011719,266.6000061035156,6961
2010-10-25,246.10125732421875,269.8999938964844,271.3333435058594,264.76666259765625,264.8999938964844,6825
2010-10-26,246.49644470214844,270.3333435058594,273.26666259765625,264.79998779296875,269.3333435058594,5085
2010-10-27,245.49342346191406,269.23333740234375,272.6000061035156,264.0333251953125,269.20001220703125,5673
2010-10-28,246.07089233398438,269.8666687011719,272.26666259765625,266.6666564941406,272.26666259765625,1837
2010-10-29,246.5572052001953,270.3999938964844,273.3333435058594,266.6666564941406,267.0,8670
2010-11-01,250.8427734375,275.1000061035156,277.3333435058594,268.0333251953125,272.5666809082031,3973
2010-11-02,247.77296447753906,271.73333740234375,273.3333435058594,269.6666564941406,270.0333251953125,9658
2010-11-03,246.73959350585938,270.6000061035156,275.29998779296875,267.1666564941406,275.29998779296875,5854
2010-11-04,245.70616149902344,269.4666748046875,270.6666564941406,263.3999938964844,267.3999938964844,3483
2010-11-08,247.833740234375,271.79998779296875,272.6666564941406,265.3333435058594,272.6666564941406,5679
2010-11-09,246.25326538085938,270.0666809082031,270.6666564941406,265.73333740234375,267.3333435058594,4467
2010-11-10,247.28668212890625,271.20001220703125,273.3333435058594,263.3333435058594,271.9333190917969,42012
2010-11-11,247.19544982910156,271.1000061035156,275.3333435058594,262.20001220703125,273.9333190917969,19503
2010-11-12,245.79734802246094,269.5666809082031,272.70001220703125,266.0,266.70001220703125,4911
2010-11-15,241.9676971435547,265.3666687011719,269.6666564941406,262.0666809082031,264.9333190917969,2287
2010-11-16,247.2562255859375,271.1666564941406,274.0,261.8999938964844,266.4666748046875,8785
2010-11-18,245.9493408203125,269.73333740234375,273.3333435058594,266.73333740234375,268.6666564941406,2877
2010-11-19,237.62135314941406,260.6000061035156,266.6666564941406,260.1333312988281,262.20001220703125,1045
2010-11-22,245.31105041503906,269.0333251953125,272.6666564941406,258.3999938964844,263.20001220703125,7965
2010-11-23,244.4600372314453,268.1000061035156,273.26666259765625,260.4333190917969,266.6666564941406,3004
2010-11-24,234.85548400878906,257.5666809082031,273.3333435058594,249.96665954589844,264.6000061035156,40708
2010-11-25,231.9072265625,254.3333282470703,257.26666259765625,253.3333282470703,257.26666259765625,1485
2010-11-26,221.11729431152344,242.5,258.9333190917969,221.6999969482422,254.3333282470703,3793
2010-11-29,220.26629638671875,241.56666564941406,244.23333740234375,232.6666717529297,232.6666717529297,1209
2010-11-30,225.67642211914062,247.5,253.3333282470703,240.0,240.0,7243
2010-12-01,241.02549743652344,264.3333435058594,269.3333435058594,247.46665954589844,254.0,14766
2010-12-02,243.12266540527344,266.6333312988281,267.3333435058594,262.73333740234375,266.6666564941406,657
2010-12-03,247.40826416015625,271.3333435058594,284.5666809082031,263.3333435058594,269.6666564941406,8206
2010-12-06,241.54217529296875,264.8999938964844,269.3333435058594,261.73333740234375,266.79998779296875,2917
2010-12-07,240.35684204101562,263.6000061035156,266.6666564941406,254.0,266.6666564941406,2295
2010-12-08,240.72149658203125,264.0,266.26666259765625,255.53334045410156,255.53334045410156,2193
2010-12-09,230.9954071044922,253.3333282470703,258.6666564941406,253.3333282470703,255.76666259765625,2775
2010-12-10,241.9980926513672,265.3999938964844,267.3333435058594,245.53334045410156,245.53334045410156,2098
2010-12-13,242.02845764160156,265.4333190917969,269.6000061035156,260.0,265.6666564941406,2710
2010-12-14,239.38421630859375,262.5333251953125,266.6333312988281,262.0,262.70001220703125,730
2010-12-15,237.9556884765625,260.9666748046875,265.8666687011719,248.36666870117188,260.0,5301
2010-12-16,229.38450622558594,251.56666564941406,259.8666687011719,248.06666564941406,257.1666564941406,6475
2010-12-20,234.39956665039062,257.0666809082031,259.3333435058594,250.0,258.26666259765625,249
2010-12-21,236.49676513671875,259.3666687011719,265.9666748046875,248.03334045410156,248.03334045410156,1258
2010-12-22,231.54251098632812,253.93333435058594,256.0,252.6666717529297,256.0,9
2010-12-23,232.94064331054688,255.46665954589844,259.4666748046875,244.0,251.53334045410156,2734
2010-12-24,242.08924865722656,265.5,266.26666259765625,250.26666259765625,250.26666259765625,1980
2010-12-27,245.49342346191406,269.23333740234375,270.0,260.0,268.0,1717
2010-12-28,245.37184143066406,269.1000061035156,272.8999938964844,261.5,264.0,3960
2010-12-29,243.15306091308594,266.6666564941406,269.3333435058594,261.73333740234375,266.6666564941406,2176
2010-12-30,245.5238037109375,269.26666259765625,272.8999938964844,260.0,262.8666687011719,6465
2010-12-31,247.77296447753906,271.73333740234375,272.8999938964844,264.23333740234375,272.3333435058594,21454
2011-01-03,245.1894989013672,268.8999938964844,272.0,267.5,268.0,1542
2011-01-04,241.90689086914062,265.29998779296875,269.73333740234375,265.0666809082031,269.5666809082031,123
2011-01-05,245.1894989013672,268.8999938964844,270.0,262.1000061035156,262.1000061035156,3360
2011-01-06,241.63333129882812,265.0,265.0,264.9333190917969,264.9333190917969,202
2011-01-07,231.84646606445312,254.26666259765625,264.9333190917969,247.46665954589844,262.26666259765625,8305
2011-01-10,224.8557891845703,246.60000610351562,253.3333282470703,237.06666564941406,253.3333282470703,9495
2011-01-11,222.33306884765625,243.8333282470703,248.86666870117188,240.0,248.3333282470703,1174
2011-01-12,225.88916015625,247.73333740234375,248.6666717529297,240.0,240.0,600
2011-01-13,219.8711700439453,241.13333129882812,250.5,240.6666717529297,248.6666717529297,2316
2011-01-14,208.9900665283203,229.1999969482422,248.6666717529297,224.6666717529297,235.03334045410156,10200
2011-01-17,210.75291442871094,231.13333129882812,238.86666870117188,230.0,230.06666564941406,600
2011-01-18,213.21484375,233.8333282470703,247.36666870117188,228.23333740234375,247.36666870117188,1714
2011-01-19,210.32742309570312,230.6666717529297,238.53334045410156,230.13333129882812,238.53334045410156,741
2011-01-20,216.5581817626953,237.5,240.63333129882812,221.0,234.6666717529297,2920
2011-01-21,218.32106018066406,239.43333435058594,239.96665954589844,233.3333282470703,233.3333282470703,673
2011-01-24,221.05650329589844,242.43333435058594,245.3333282470703,232.26666259765625,239.26666259765625,1248
2011-01-25,217.25726318359375,238.26666259765625,247.3333282470703,237.39999389648438,247.3333282470703,520
2011-01-27,215.859130859375,236.73333740234375,239.96665954589844,235.3333282470703,235.86666870117188,705
2011-01-28,211.42160034179688,231.86666870117188,240.6666717529297,228.73333740234375,240.6666717529297,766
2011-01-31,211.2696075439453,231.6999969482422,231.73333740234375,223.86666870117188,223.86666870117188,465
2011-02-01,209.7803192138672,230.06666564941406,231.3333282470703,228.6666717529297,228.6666717529297,27
2011-02-02,222.48504638671875,244.0,253.3333282470703,227.8333282470703,230.0,3208
2011-02-03,212.94129943847656,233.53334045410156,243.10000610351562,224.96665954589844,236.6666717529297,28120
2011-02-04,209.71954345703125,230.0,235.53334045410156,230.0,235.53334045410156,409
2011-02-07,208.4125518798828,228.56666564941406,239.8333282470703,226.73333740234375,230.0,489
2011-02-08,201.8778076171875,221.39999389648438,230.03334045410156,217.3333282470703,230.03334045410156,3837
2011-02-09,189.0819091796875,207.36666870117188,221.73333740234375,200.6666717529297,216.6666717529297,6487
2011-02-10,202.9112548828125,222.53334045410156,233.3333282470703,202.0,210.0,12400
2011-02-11,205.7986602783203,225.6999969482422,232.56666564941406,216.6666717529297,217.3333282470703,4774
2011-02-14,217.0140838623047,238.0,242.0,220.0,220.0,3168
2011-02-15,216.92291259765625,237.89999389648438,242.6666717529297,231.46665954589844,231.46665954589844,151
2011-02-16,226.071533203125,247.93333435058594,252.6666717529297,233.3333282470703,233.3333282470703,3252
2011-02-17,228.04718017578125,250.10000610351562,256.6666564941406,244.0,256.0,4305
2011-02-18,225.61563110351562,247.43333435058594,249.3333282470703,236.8000030517578,243.76666259765625,2284
2011-02-21,227.5608673095703,249.56666564941406,256.26666259765625,241.6666717529297,241.6666717529297,5340
2011-02-22,223.609619140625,245.23333740234375,253.3333282470703,240.1999969482422,253.3333282470703,3858
2011-02-23,226.31471252441406,248.1999969482422,249.96665954589844,238.86666870117188,249.96665954589844,954
2011-02-24,224.9469451904297,246.6999969482422,254.0,226.6666717529297,236.1999969482422,10402
2011-02-25,227.65206909179688,249.6666717529297,256.26666259765625,240.0,240.0,9942
2011-02-28,220.9957733154297,242.36666870117188,252.89999389648438,241.60000610351562,252.6666717529297,714
2011-03-01,226.13233947753906,248.0,251.6999969482422,237.10000610351562,237.10000610351562,889
2011-03-03,224.9165802001953,246.6666717529297,246.6666717529297,246.60000610351562,246.60000610351562,526
2011-03-04,224.9165802001953,246.6666717529297,246.6666717529297,246.6666717529297,246.6666717529297,0
2011-03-07,228.95899963378906,251.10000610351562,252.89999389648438,237.10000610351562,250.86666870117188,4164
2011-03-08,230.35714721679688,252.63333129882812,252.89999389648438,247.0,252.6666717529297,3651
2011-03-09,230.6002655029297,252.89999389648438,252.89999389648438,248.03334045410156,252.60000610351562,1351
2011-03-10,230.3875274658203,252.6666717529297,252.6666717529297,246.73333740234375,246.73333740234375,231
2011-03-11,229.870849609375,252.10000610351562,252.6666717529297,244.6666717529297,252.23333740234375,4575
2011-03-14,229.90121459960938,252.13333129882812,252.73333740234375,245.43333435058594,245.43333435058594,2443
2011-03-15,230.6002655029297,252.89999389648438,252.89999389648438,245.6666717529297,245.6666717529297,652
2011-03-16,229.6580810546875,251.86666870117188,252.56666564941406,247.46665954589844,247.5,1336
2011-03-17,230.11398315429688,252.36666870117188,252.86666870117188,246.93333435058594,249.96665954589844,1050
2011-03-18,230.02281188964844,252.26666259765625,252.86666870117188,248.6666717529297,248.6666717529297,1035
2011-03-21,229.90121459960938,252.13333129882812,252.89999389648438,246.8333282470703,252.06666564941406,883
2011-03-22,229.29331970214844,251.46665954589844,252.86666870117188,247.3333282470703,248.13333129882812,3273
2011-03-23,232.54551696777344,255.03334045410156,262.79998779296875,247.06666564941406,250.63333129882812,9169
2011-03-24,233.1230010986328,255.6666717529297,260.0,250.8000030517578,260.0,8763
2011-03-25,233.3053741455078,255.86666870117188,264.6666564941406,249.10000610351562,252.3000030517578,6292
2011-03-28,232.30235290527344,254.76666259765625,256.23333740234375,250.1666717529297,256.23333740234375,1750
2011-03-29,232.66709899902344,255.1666717529297,255.3333282470703,249.36666870117188,249.36666870117188,642
2011-03-30,232.78863525390625,255.3000030517578,256.23333740234375,250.26666259765625,256.23333740234375,327
2011-03-31,233.00143432617188,255.53334045410156,256.23333740234375,250.73333740234375,255.26666259765625,1711
2011-04-01,232.39352416992188,254.86666870117188,254.93333435058594,245.39999389648438,245.39999389648438,750
2011-04-04,233.03182983398438,255.56666564941406,255.60000610351562,253.3333282470703,254.93333435058594,153
2011-04-05,231.96803283691406,254.39999389648438,255.60000610351562,249.6666717529297,249.6999969482422,741
2011-04-06,231.84646606445312,254.26666259765625,256.20001220703125,250.13333129882812,250.13333129882812,262
2011-04-07,234.55149841308594,257.23333740234375,263.3333435058594,250.43333435058594,253.26666259765625,11944
2011-04-08,230.20516967773438,252.46665954589844,253.3333282470703,248.73333740234375,251.3333282470703,966
2011-04-11,229.99240112304688,252.23333740234375,252.26666259765625,244.36666870117188,246.6666717529297,894
2011-04-13,230.50909423828125,252.8000030517578,255.3333282470703,250.93333435058594,252.23333740234375,7584
2011-04-15,229.29331970214844,251.46665954589844,255.76666259765625,241.76666259765625,241.76666259765625,141
2011-04-18,229.29331970214844,251.46665954589844,251.46665954589844,251.46665954589844,251.46665954589844,0
2011-04-19,225.49404907226562,247.3000030517578,253.6666717529297,236.6666717529297,247.63333129882812,5569
2011-04-20,228.6246795654297,250.73333740234375,252.3333282470703,245.06666564941406,251.10000610351562,1300
2011-04-21,231.48171997070312,253.86666870117188,256.23333740234375,242.13333129882812,242.13333129882812,1329
2011-04-25,233.36614990234375,255.93333435058594,256.23333740234375,244.3000030517578,244.3000030517578,1059
2011-04-26,233.6092987060547,256.20001220703125,256.23333740234375,250.53334045410156,250.53334045410156,919
2011-04-27,233.03182983398438,255.56666564941406,256.23333740234375,253.3333282470703,253.3333282470703,258
2011-04-28,233.36614990234375,255.93333435058594,256.0,249.60000610351562,255.3333282470703,880
2011-04-29,233.3965301513672,255.96665954589844,255.96665954589844,250.53334045410156,250.6666717529297,412
2011-05-02,233.3965301513672,255.96665954589844,255.96665954589844,255.96665954589844,255.96665954589844,0
2011-05-03,230.3875274658203,252.6666717529297,253.3333282470703,247.53334045410156,247.53334045410156,5058
2011-05-04,228.65505981445312,250.76666259765625,253.3333282470703,238.73333740234375,242.6666717529297,3628
2011-05-05,230.11398315429688,252.36666870117188,256.5333251953125,240.6666717529297,253.3333282470703,871
2011-05-06,237.65170288085938,260.6333312988281,267.3333435058594,247.5,255.3333282470703,1795
2011-05-09,242.69708251953125,266.1666564941406,267.0,254.39999389648438,264.0,3189
2011-05-10,237.77328491210938,260.76666259765625,267.0,258.9333190917969,267.0,1329
2011-05-11,243.15306091308594,266.6666564941406,267.0,259.1000061035156,259.1000061035156,1141
2011-05-12,242.15005493164062,265.5666809082031,266.79998779296875,255.6999969482422,255.6999969482422,2368
2011-05-13,242.02845764160156,265.4333190917969,266.6666564941406,260.5333251953125,266.6666564941406,1038
2011-05-16,230.7218475341797,253.03334045410156,253.3333282470703,250.3333282470703,253.3333282470703,861
2011-05-17,226.58827209472656,248.5,253.26666259765625,242.0,250.0,3069
2011-05-18,220.63101196289062,241.96665954589844,252.0,241.43333435058594,245.1999969482422,2367
2011-05-19,224.6734161376953,246.39999389648438,248.26666259765625,238.8333282470703,245.6666717529297,3858
2011-05-20,220.90455627441406,242.26666259765625,246.10000610351562,234.8333282470703,237.5,3519
2011-05-23,221.36045837402344,242.76666259765625,244.6666717529297,238.03334045410156,244.6666717529297,685
2011-05-24,221.4212646484375,242.8333282470703,243.93333435058594,235.03334045410156,235.03334045410156,577
2011-05-25,219.11131286621094,240.3000030517578,240.3000030517578,240.3000030517578,240.3000030517578,300
2011-05-26,221.78599548339844,243.23333740234375,243.3333282470703,235.03334045410156,235.03334045410156,20569
2011-05-27,218.38186645507812,239.5,241.1999969482422,236.6666717529297,237.0,1537
2011-05-30,215.76792907714844,236.63333129882812,237.96665954589844,233.43333435058594,236.03334045410156,1425
2011-05-31,220.84376525878906,242.1999969482422,245.86666870117188,234.8000030517578,242.26666259765625,1629
2011-06-01,227.7128448486328,249.73333740234375,253.3333282470703,240.0,240.0,1101
2011-06-02,228.0167694091797,250.06666564941406,253.3333282470703,247.6666717529297,253.0,810
2011-06-03,230.66104125976562,252.96665954589844,253.3000030517578,245.06666564941406,245.06666564941406,615
2011-06-06,228.4423065185547,250.53334045410156,253.3000030517578,235.86666870117188,235.86666870117188,538
2011-06-07,230.75225830078125,253.06666564941406,253.3000030517578,246.53334045410156,246.53334045410156,291
2011-06-08,230.3875274658203,252.6666717529297,252.6666717529297,252.6666717529297,252.6666717529297,15
2011-06-09,230.7826385498047,253.10000610351562,253.3333282470703,248.6999969482422,248.73333740234375,366
2011-06-10,230.5699005126953,252.86666870117188,253.3333282470703,248.3333282470703,252.63333129882812,690
2011-06-13,228.04718017578125,250.10000610351562,253.1999969482422,249.6666717529297,249.96665954589844,877
2011-06-14,230.02281188964844,252.26666259765625,253.26666259765625,242.46665954589844,242.46665954589844,840
2011-06-15,230.9954071044922,253.3333282470703,256.23333740234375,253.1999969482422,253.1999969482422,4744
2011-06-16,230.9954071044922,253.3333282470703,253.3333282470703,253.3333282470703,253.3333282470703,0
2011-06-17,229.870849609375,252.10000610351562,252.96665954589844,245.1999969482422,245.1999969482422,475
2011-06-20,227.77362060546875,249.8000030517578,250.0,243.36666870117188,250.0,412
2011-06-21,227.77362060546875,249.8000030517578,253.3333282470703,242.73333740234375,242.73333740234375,705
2011-06-22,227.92559814453125,249.96665954589844,252.6666717529297,246.6666717529297,246.6666717529297,453
2011-06-23,227.9559783935547,250.0,250.0,245.6666717529297,249.43333435058594,1123
2011-06-24,228.95899963378906,251.10000610351562,266.4666748046875,243.73333740234375,243.73333740234375,1900
2011-06-27,228.4423065185547,250.53334045410156,253.23333740234375,246.8000030517578,253.23333740234375,1279
2011-06-28,227.37850952148438,249.36666870117188,250.0,244.06666564941406,248.0,1417
2011-06-29,216.8925018310547,237.86666870117188,246.6666717529297,235.6999969482422,245.3333282470703,24901
2011-06-30,214.5218048095703,235.26666259765625,245.93333435058594,234.13333129882812,240.0,417
2011-07-01,217.95632934570312,239.03334045410156,243.26666259765625,227.63333129882812,227.63333129882812,381
2011-07-04,222.97137451171875,244.53334045410156,248.6666717529297,234.1999969482422,234.1999969482422,4446
2011-07-05,223.1233367919922,244.6999969482422,249.73333740234375,244.0,246.6666717529297,2164
2011-07-06,223.73118591308594,245.36666870117188,249.3333282470703,243.63333129882812,247.96665954589844,1171
2011-07-07,222.06732177734375,240.23333740234375,246.0,240.1999969482422,243.63333129882812,1983
2011-07-08,222.43707275390625,240.63333129882812,245.3000030517578,238.76666259765625,242.6666717529297,303
2011-07-11,225.73403930664062,244.1999969482422,249.3333282470703,241.6666717529297,241.6666717529297,6133
2011-07-12,228.01419067382812,246.6666717529297,249.96665954589844,244.0,246.63333129882812,1606
2011-07-13,228.01419067382812,246.6666717529297,249.0,244.73333740234375,244.76666259765625,816
2011-07-14,233.34475708007812,252.43333435058594,255.93333435058594,244.39999389648438,246.6666717529297,1248
2011-07-15,243.11241149902344,263.0,264.9333190917969,255.0,255.0,6184
2011-07-18,242.95834350585938,262.8333435058594,265.20001220703125,260.0,260.0,1629
2011-07-19,242.37289428710938,262.20001220703125,263.0,256.6666564941406,260.0,1467
2011-07-20,242.37289428710938,262.20001220703125,262.20001220703125,262.20001220703125,262.20001220703125,0
2011-07-21,240.98635864257812,260.70001220703125,264.0,257.8999938964844,264.0,1752
2011-07-22,235.07028198242188,254.3000030517578,261.9666748046875,250.06666564941406,261.9333190917969,2059
2011-07-25,237.1039276123047,256.5,260.0,253.36666870117188,257.3333435058594,2328
2011-07-26,234.23834228515625,253.39999389648438,258.0,248.1999969482422,253.6666717529297,889
2011-07-27,233.65289306640625,252.76666259765625,261.1333312988281,250.73333740234375,256.6666564941406,508
2011-07-28,233.96102905273438,253.10000610351562,255.96665954589844,246.6666717529297,249.3333282470703,715
2011-07-29,230.04782104492188,248.86666870117188,259.3333435058594,248.39999389648438,259.3333435058594,1435
2011-08-01,225.9805450439453,244.46665954589844,263.29998779296875,241.6666717529297,241.6666717529297,300
2011-08-02,233.56048583984375,252.6666717529297,256.6000061035156,242.8000030517578,256.6000061035156,175
2011-08-03,223.6387481689453,241.93333435058594,249.3333282470703,236.03334045410156,244.76666259765625,514
2011-08-04,224.5323486328125,242.89999389648438,276.6000061035156,240.1666717529297,250.0,15078
2011-08-05,217.5686492919922,235.36666870117188,242.1999969482422,228.73333740234375,242.1999969482422,2650
2011-08-08,211.31370544433594,228.60000610351562,238.0,224.0,230.0,1509
2011-08-09,210.7282257080078,227.96665954589844,234.0,223.56666564941406,234.0,415
2011-08-10,212.36131286621094,229.73333740234375,240.0,229.3333282470703,240.0,1426
2011-08-11,214.67225646972656,232.23333740234375,239.89999389648438,225.06666564941406,233.3333282470703,4497
2011-08-12,216.33616638183594,234.03334045410156,238.89999389648438,229.3333282470703,229.3333282470703,1954
2011-08-16,216.5826416015625,234.3000030517578,239.3333282470703,233.3333282470703,236.6666717529297,606
2011-08-17,216.3669891357422,234.06666564941406,253.23333740234375,221.39999389648438,221.39999389648438,210
2011-08-18,208.84866333007812,225.93333435058594,233.73333740234375,225.13333129882812,226.96665954589844,601
2011-08-19,211.3753204345703,228.6666717529297,230.0,216.6999969482422,216.6999969482422,1369
2011-08-22,210.94390869140625,228.1999969482422,240.26666259765625,223.3333282470703,232.3333282470703,951
2011-08-23,210.7898712158203,228.03334045410156,228.06666564941406,228.0,228.06666564941406,30
2011-08-24,211.09800720214844,228.36666870117188,233.03334045410156,226.03334045410156,231.6666717529297,613
2011-08-25,203.98025512695312,220.6666717529297,228.1666717529297,218.73333740234375,225.3333282470703,297
2011-08-26,199.63565063476562,215.96665954589844,224.3333282470703,209.3333282470703,219.3333282470703,5454
2011-08-29,200.89898681640625,217.3333282470703,232.0,213.36666870117188,232.0,175
2011-08-30,206.93826293945312,223.86666870117188,224.5,218.0,219.0,369
2011-09-02,208.54054260253906,225.60000610351562,232.3333282470703,224.6666717529297,226.6666717529297,970
2011-09-05,206.66094970703125,223.56666564941406,228.5,223.3333282470703,228.10000610351562,1113
2011-09-06,207.9242706298828,224.93333435058594,226.6666717529297,220.1999969482422,226.6666717529297,409
2011-09-07,207.0615234375,224.0,233.3333282470703,223.3333282470703,233.0,1645
2011-09-08,209.3416290283203,226.46665954589844,232.0,221.10000610351562,223.3333282470703,282
2011-09-09,210.38929748535156,227.60000610351562,233.3333282470703,220.6666717529297,226.6666717529297,1929
2011-09-12,209.43411254882812,226.56666564941406,230.0,224.6666717529297,230.0,310
2011-09-13,208.01670837402344,225.03334045410156,229.3000030517578,224.6666717529297,226.6666717529297,94
2011-09-14,212.1456298828125,229.5,230.60000610351562,226.6666717529297,228.0,3201
2011-09-15,214.76470947265625,232.3333282470703,233.3000030517578,226.6999969482422,226.6999969482422,60
2011-09-16,224.316650390625,242.6666717529297,243.23333740234375,227.39999389648438,227.39999389648438,4323
2011-09-19,222.52951049804688,240.73333740234375,242.6666717529297,239.36666870117188,239.6666717529297,399
2011-09-20,218.43142700195312,236.3000030517578,246.0,229.93333435058594,245.3333282470703,7072
2011-09-21,225.24105834960938,243.6666717529297,245.3333282470703,241.1999969482422,242.0,1977
2011-09-22,226.47354125976562,245.0,250.0,242.26666259765625,242.6666717529297,2664
2011-09-23,225.64157104492188,244.10000610351562,244.6666717529297,234.0,240.0,5718
2011-09-26,228.753662109375,247.46665954589844,252.6666717529297,240.0,252.6666717529297,1675
2011-09-27,230.44837951660156,249.3000030517578,257.75,246.5,250.0,7434
2011-09-28,230.7719268798828,249.64999389648438,258.8999938964844,249.5,258.8999938964844,928
2011-09-29,229.93997192382812,248.75,265.0,230.0,238.0,5190
2011-09-30,219.4944610595703,237.4499969482422,260.0,231.64999389648438,260.0,3123
2011-10-03,213.90194702148438,231.39999389648438,254.89999389648438,227.25,254.89999389648438,1089
2011-10-04,223.4692840576172,241.75,250.9499969482422,224.5,227.0,1576
2011-10-05,212.33050537109375,229.6999969482422,264.70001220703125,226.64999389648438,264.70001220703125,5394
2011-10-07,210.52796936035156,227.75,243.0,217.5500030517578,243.0,2514
2011-10-10,205.85983276367188,222.6999969482422,248.0,217.6999969482422,222.5,1976
2011-10-11,205.81361389160156,222.64999389648438,228.0,212.14999389648438,220.3000030517578,820
2011-10-12,198.8807373046875,215.14999389648438,228.8000030517578,213.0,215.0,50619
2011-10-13,202.43960571289062,219.0,226.9499969482422,213.0,213.0,370
2011-10-14,202.43960571289062,219.0,225.85000610351562,216.0500030517578,216.0500030517578,104
2011-10-17,206.87667846679688,223.8000030517578,228.0,219.0,228.0,1660
2011-10-18,204.14971923828125,220.85000610351562,223.6999969482422,213.0500030517578,221.0,252
2011-10-19,200.4984130859375,216.89999389648438,225.10000610351562,215.0500030517578,225.10000610351562,633
2011-10-20,200.86817932128906,217.3000030517578,223.0,205.5,210.3000030517578,1736
2011-10-21,200.6370849609375,217.0500030517578,221.89999389648438,209.10000610351562,221.89999389648438,1115
2011-10-24,199.48158264160156,215.8000030517578,220.0,212.0500030517578,215.0,1069
2011-10-25,196.47735595703125,212.5500030517578,221.89999389648438,209.35000610351562,211.9499969482422,641
2011-10-28,200.96058654785156,217.39999389648438,232.0,213.89999389648438,232.0,928
2011-10-31,197.031982421875,213.14999389648438,216.9499969482422,211.0500030517578,211.14999389648438,288
2011-11-01,196.1075897216797,212.14999389648438,227.9499969482422,212.0,218.0,125
2011-11-02,197.35552978515625,213.5,223.89999389648438,205.5,223.89999389648438,437
2011-11-03,198.00254821777344,214.1999969482422,215.0,211.60000610351562,212.0,450
2011-11-04,191.34701538085938,207.0,223.9499969482422,206.0,223.9499969482422,2379
2011-11-08,192.27142333984375,208.0,209.9499969482422,206.0,207.0,380
2011-11-09,194.1201934814453,210.0,212.0,203.10000610351562,207.0500030517578,1138
2011-11-11,198.46478271484375,214.6999969482422,216.0,203.0,203.0,623
2011-11-14,198.23367309570312,214.4499969482422,221.0,205.64999389648438,209.5500030517578,972
2011-11-15,202.7169189453125,219.3000030517578,224.89999389648438,210.0,218.89999389648438,1894
2011-11-16,198.04881286621094,214.25,219.0,209.3000030517578,210.5500030517578,944
2011-11-17,196.893310546875,213.0,214.0,210.14999389648438,214.0,1466
2011-11-18,194.48989868164062,210.39999389648438,215.5,210.39999389648438,215.5,67
2011-11-21,194.0277099609375,209.89999389648438,210.4499969482422,208.5,210.4499969482422,265
2011-11-22,195.18324279785156,211.14999389648438,213.89999389648438,208.5,213.89999389648438,144
2011-11-23,196.84710693359375,212.9499969482422,214.0,206.5,210.4499969482422,238
2011-11-24,197.67904663085938,213.85000610351562,214.0,210.0500030517578,210.25,156
2011-11-25,202.43960571289062,219.0,227.0,210.0500030517578,214.0,1772
2011-11-28,198.23367309570312,214.4499969482422,216.9499969482422,211.9499969482422,215.0,50205
2011-11-29,197.4017333984375,213.5500030517578,214.4499969482422,210.14999389648438,214.4499969482422,424
2011-11-30,197.4017333984375,213.5500030517578,213.5500030517578,213.5500030517578,213.5500030517578,0
2011-12-01,186.40159606933594,201.64999389648438,218.0,195.0,215.10000610351562,3366
2011-12-02,187.6494903564453,203.0,208.89999389648438,194.9499969482422,201.60000610351562,1727
2011-12-05,190.88485717773438,206.5,206.8000030517578,200.0,204.0,596
2011-12-07,197.63284301757812,213.8000030517578,219.6999969482422,205.10000610351562,206.5,867
2011-12-08,203.73374938964844,220.39999389648438,223.0,215.0,215.0,987
2011-12-09,202.57826232910156,219.14999389648438,225.5500030517578,201.3000030517578,220.0,658
2011-12-12,198.6958770751953,214.9499969482422,224.9499969482422,214.5,224.9499969482422,1049
2011-12-13,198.74209594726562,215.0,224.75,215.0,224.75,49
2011-12-14,199.75889587402344,216.10000610351562,227.0,216.0500030517578,222.0,46
2011-12-15,194.0739288330078,209.9499969482422,215.0,209.14999389648438,215.0,1092
2011-12-16,194.1201934814453,210.0,210.0,210.0,210.0,522
2011-12-19,191.48568725585938,207.14999389648438,210.0,205.0,210.0,730
2011-12-20,189.49826049804688,205.0,205.60000610351562,200.14999389648438,200.6999969482422,362
2011-12-21,186.95623779296875,202.25,204.0,198.0500030517578,204.0,42
2011-12-22,190.2840118408203,205.85000610351562,214.9499969482422,196.0,202.9499969482422,1421
2011-12-23,188.94363403320312,204.39999389648438,211.0,196.8000030517578,207.9499969482422,938
2011-12-26,189.5444793701172,205.0500030517578,213.0,205.0500030517578,213.0,34
2011-12-27,184.2292938232422,199.3000030517578,209.0,198.5500030517578,206.0500030517578,464
2011-12-28,184.5990447998047,199.6999969482422,209.9499969482422,199.5,209.89999389648438,73
2011-12-29,181.2250518798828,196.0500030517578,205.0,195.85000610351562,199.5,245
2011-12-30,192.17898559570312,207.89999389648438,212.9499969482422,199.25,209.9499969482422,846
2012-01-02,195.0446014404297,211.0,213.1999969482422,206.10000610351562,211.9499969482422,169
2012-01-03,192.45628356933594,208.1999969482422,211.0,207.0,211.0,265
2012-01-04,190.60751342773438,206.1999969482422,219.89999389648438,200.0,200.0,640
2012-01-05,194.0739288330078,209.9499969482422,209.9499969482422,203.0,203.0500030517578,145
2012-01-06,186.40159606933594,201.64999389648438,209.0,201.25,209.0,222
2012-01-09,188.85118103027344,204.3000030517578,204.60000610351562,200.1999969482422,204.0,163
2012-01-10,189.96046447753906,205.5,209.9499969482422,201.5,205.0,515
2012-01-11,187.32595825195312,202.64999389648438,207.0,201.75,207.0,181
2012-01-12,188.15792846679688,203.5500030517578,206.0,201.5,201.5,218
2012-01-13,189.86802673339844,205.39999389648438,209.85000610351562,202.10000610351562,209.85000610351562,123
2012-01-16,192.04029846191406,207.75,209.9499969482422,203.5500030517578,209.9499969482422,300
2012-01-17,193.56556701660156,209.39999389648438,210.0,206.39999389648438,209.89999389648438,634
2012-01-18,194.1201934814453,210.0,210.0,208.10000610351562,209.9499969482422,8668
2012-01-19,191.11595153808594,206.75,209.89999389648438,202.60000610351562,208.25,807
2012-01-20,189.49826049804688,205.0,209.1999969482422,203.89999389648438,203.89999389648438,280
2012-01-23,191.34701538085938,207.0,209.0,200.25,200.25,122
2012-01-24,189.59071350097656,205.10000610351562,209.5,204.1999969482422,209.4499969482422,836
2012-01-25,185.56964111328125,200.75,205.0,198.0,205.0,3281
2012-01-27,190.3302001953125,205.89999389648438,207.64999389648438,204.0,206.8000030517578,714
2012-01-30,186.35536193847656,201.60000610351562,206.5,198.1999969482422,206.5,225
2012-01-31,189.26715087890625,204.75,208.89999389648438,199.4499969482422,208.89999389648438,675
2012-02-01,189.22096252441406,204.6999969482422,207.9499969482422,200.4499969482422,207.9499969482422,443
2012-02-02,190.51507568359375,206.10000610351562,208.0,200.3000030517578,207.0,796
2012-02-03,192.7798309326172,208.5500030517578,210.0,205.3000030517578,209.39999389648438,1229
2012-02-06,193.796630859375,209.64999389648438,213.0,205.60000610351562,213.0,464
2012-02-07,193.19577026367188,209.0,213.5,209.0,213.0,6428
2012-02-08,194.90591430664062,210.85000610351562,218.0,207.0,217.9499969482422,385
2012-02-09,193.1495819091797,208.9499969482422,218.0,200.14999389648438,218.0,1345
2012-02-10,191.71678161621094,207.39999389648438,213.0,207.25,213.0,460
2012-02-13,193.1495819091797,208.9499969482422,233.39999389648438,205.0,205.0,47803
2012-02-14,197.49415588378906,213.64999389648438,219.0,209.39999389648438,214.89999389648438,9160
2012-02-15,196.47735595703125,212.5500030517578,217.5,209.0,209.0,3189
2012-02-16,192.87228393554688,208.64999389648438,213.64999389648438,203.3000030517578,203.3000030517578,72130
2012-02-17,193.56556701660156,209.39999389648438,213.0,208.0,208.0500030517578,3563
2012-02-21,190.2840118408203,205.85000610351562,213.0,204.1999969482422,204.1999969482422,1654
2012-02-22,185.89320373535156,201.10000610351562,207.0,192.10000610351562,205.0,11208
2012-02-23,183.5822296142578,198.60000610351562,207.9499969482422,196.10000610351562,196.9499969482422,1253
2012-02-24,181.30599975585938,195.14999389648438,198.5,192.75,196.5,1064
2012-02-27,181.21311950683594,195.0500030517578,209.9499969482422,191.5,191.5,1524
2012-02-28,183.0712432861328,197.0500030517578,199.89999389648438,189.10000610351562,193.0,965
2012-02-29,181.30599975585938,195.14999389648438,200.0,195.0,197.0,1502
2012-03-01,183.25706481933594,197.25,199.9499969482422,195.0,199.9499969482422,580
2012-03-02,183.0712432861328,197.0500030517578,200.0,190.10000610351562,190.10000610351562,1612
2012-03-05,183.21058654785156,197.1999969482422,200.0,194.0,200.0,515
2012-03-06,183.44285583496094,197.4499969482422,210.0,197.0,198.5,1441
2012-03-07,182.65316772460938,196.60000610351562,199.0,194.10000610351562,195.0,719
2012-03-09,183.8144989013672,197.85000610351562,199.9499969482422,197.0,197.0,235
2012-03-12,188.6920166015625,203.10000610351562,207.89999389648438,201.3000030517578,207.89999389648438,2601
2012-03-13,192.50120544433594,207.1999969482422,216.4499969482422,206.10000610351562,207.9499969482422,31375
2012-03-14,185.8119659423828,200.0,211.6999969482422,198.0,210.4499969482422,24560
2012-03-15,185.85841369628906,200.0500030517578,204.0,192.0500030517578,192.0500030517578,1005
2012-03-16,186.694580078125,200.9499969482422,208.39999389648438,197.0,197.3000030517578,3747
2012-03-19,186.27650451660156,200.5,204.9499969482422,195.9499969482422,195.9499969482422,3032
2012-03-20,186.694580078125,200.9499969482422,203.9499969482422,198.3000030517578,200.0,744
2012-03-21,185.99777221679688,200.1999969482422,202.0,197.35000610351562,197.35000610351562,691
2012-03-22,185.85841369628906,200.0500030517578,202.9499969482422,200.0,202.9499969482422,1229
2012-03-23,185.8119659423828,200.0,200.0,199.0500030517578,199.0500030517578,242
2012-03-26,186.1371307373047,200.35000610351562,202.0,199.0,202.0,1132
2012-03-27,185.85841369628906,200.0500030517578,201.0,199.5,199.5,275
2012-03-28,185.8119659423828,200.0,200.0500030517578,200.0,200.0,2206
2012-03-29,185.85841369628906,200.0500030517578,204.0,200.0,202.0,700
2012-03-30,186.9732666015625,201.25,204.8000030517578,196.0,196.0,40529
2012-04-02,188.32041931152344,202.6999969482422,205.0,200.1999969482422,202.0,1145
2012-04-03,185.8119659423828,200.0,202.9499969482422,200.0,200.0500030517578,1832
2012-04-04,185.90487670898438,200.10000610351562,202.6999969482422,200.0,200.0500030517578,1014
2012-04-09,185.8119659423828,200.0,200.0,200.0,200.0,40
2012-04-10,185.8119659423828,200.0,201.75,191.5500030517578,200.0500030517578,3337
2012-04-11,188.59913635253906,203.0,203.64999389648438,199.0,199.0,809
2012-04-12,186.46231079101562,200.6999969482422,204.5,200.25,202.6999969482422,940
2012-04-13,186.36941528320312,200.60000610351562,219.0,199.10000610351562,219.0,268
2012-04-16,184.46481323242188,198.5500030517578,209.5500030517578,192.5500030517578,198.1999969482422,1811
2012-04-17,187.76300048828125,202.10000610351562,215.0,192.39999389648438,199.0,5726
2012-04-18,189.57467651367188,204.0500030517578,206.0,200.1999969482422,200.1999969482422,4319
2012-04-19,192.7799072265625,207.5,210.10000610351562,195.85000610351562,195.85000610351562,1872
2012-04-20,193.19798278808594,207.9499969482422,209.0,200.9499969482422,200.9499969482422,2791
2012-04-23,192.96572875976562,207.6999969482422,208.0500030517578,203.0,203.0,3573
2012-04-24,190.3643798828125,204.89999389648438,208.5,200.5,200.5,2687
2012-04-25,187.62364196777344,201.9499969482422,212.5,201.1999969482422,212.5,1079
2012-04-26,190.50372314453125,205.0500030517578,207.5,200.0,202.35000610351562,2348
2012-04-27,187.391357421875,201.6999969482422,205.0,201.14999389648438,203.0,280
2012-04-30,193.19798278808594,207.9499969482422,208.0,205.9499969482422,205.9499969482422,1793
2012-05-02,191.20053100585938,205.8000030517578,206.5,203.60000610351562,203.60000610351562,786
2012-05-03,191.10760498046875,205.6999969482422,206.5,204.0500030517578,205.0,368
2012-05-04,189.62112426757812,204.10000610351562,204.89999389648438,204.0,204.0,312
2012-05-07,187.53073120117188,201.85000610351562,205.0,196.5500030517578,200.0,47
2012-05-08,187.8558807373047,202.1999969482422,204.89999389648438,202.0,204.89999389648438,263
2012-05-09,186.36941528320312,200.60000610351562,202.0,200.0,200.10000610351562,840
2012-05-10,183.39642333984375,197.39999389648438,200.0,197.0,200.0,302
2012-05-11,183.11767578125,197.10000610351562,208.89999389648438,195.5500030517578,195.5500030517578,585
2012-05-14,183.30352783203125,197.3000030517578,201.0,195.0,197.10000610351562,751
2012-05-15,180.23764038085938,194.0,197.0,193.60000610351562,195.0,976
2012-05-16,181.1666717529297,195.0,195.0,194.0,194.0,124
2012-05-17,185.62612915039062,199.8000030517578,200.0,191.14999389648438,191.14999389648438,2081
2012-05-18,182.97833251953125,196.9499969482422,198.0,191.0,191.0,841
2012-05-21,181.1666717529297,195.0,205.9499969482422,194.25,195.0,528
2012-05-22,180.46987915039062,194.25,201.0,194.1999969482422,201.0,709
2012-05-23,180.23764038085938,194.0,195.0,194.0,195.0,526
2012-05-24,180.00535583496094,193.75,195.0,191.25,192.5,1178
2012-05-25,179.40147399902344,193.10000610351562,205.0,193.0,205.0,186
2012-05-28,179.54080200195312,193.25,195.0500030517578,190.35000610351562,190.35000610351562,161
2012-05-29,179.54080200195312,193.25,193.25,193.25,193.25,0
2012-05-30,179.49435424804688,193.1999969482422,196.0,190.35000610351562,191.5500030517578,595
2012-05-31,177.68267822265625,191.25,196.0,190.75,190.8000030517578,67
2012-06-01,177.31106567382812,190.85000610351562,195.0,190.25,195.0,80
2012-06-04,176.7071990966797,190.1999969482422,195.0,190.0,195.0,69
2012-06-05,176.14976501464844,189.60000610351562,195.0,185.10000610351562,185.3000030517578,788
2012-06-06,178.7046661376953,192.35000610351562,196.9499969482422,190.1999969482422,194.9499969482422,726
2012-06-07,177.1717071533203,190.6999969482422,192.0,188.0,192.0,380
2012-06-08,176.84654235839844,190.35000610351562,197.0500030517578,188.0,194.0,443
2012-06-11,179.49435424804688,193.1999969482422,198.8000030517578,186.0500030517578,186.0500030517578,1572
2012-06-12,180.70211791992188,194.5,198.0,187.5,190.0,1638
2012-06-13,180.23764038085938,194.0,195.9499969482422,190.3000030517578,195.9499969482422,232
2012-06-14,176.84654235839844,190.35000610351562,194.5,188.0,189.89999389648438,904
2012-06-15,174.7096710205078,188.0500030517578,191.39999389648438,188.0,188.75,305
2012-06-18,179.72659301757812,193.4499969482422,196.89999389648438,188.6999969482422,188.6999969482422,137
2012-06-19,175.4993896484375,188.89999389648438,194.8000030517578,186.89999389648438,192.0,73
2012-06-20,175.08132934570312,188.4499969482422,192.0,185.14999389648438,190.0,1058
2012-06-21,171.0863800048828,184.14999389648438,190.75,183.10000610351562,190.75,736
2012-06-22,171.31863403320312,184.39999389648438,188.6999969482422,181.0,188.6999969482422,402
2012-06-25,176.01039123535156,189.4499969482422,196.75,184.5,196.75,232
2012-06-26,176.2426300048828,189.6999969482422,191.85000610351562,183.0,189.0,1191
2012-06-27,176.75363159179688,190.25,192.0,185.75,189.0,778
2012-06-28,176.05682373046875,189.5,190.6999969482422,186.6999969482422,190.6999969482422,49
2012-06-29,175.17422485351562,188.5500030517578,189.0,185.75,186.5500030517578,610
2012-07-02,172.75865173339844,185.9499969482422,198.4499969482422,185.10000610351562,198.4499969482422,245
2012-07-03,175.63877868652344,189.0500030517578,195.14999389648438,186.5,189.9499969482422,566
2012-07-04,176.19618225097656,189.64999389648438,195.5500030517578,187.4499969482422,195.5500030517578,92
2012-07-05,183.3499755859375,197.35000610351562,200.0,189.60000610351562,197.0,7721
2012-07-06,181.90992736816406,195.8000030517578,202.5,194.0,197.75,4982
2012-07-09,180.70211791992188,194.5,197.85000610351562,187.9499969482422,197.6999969482422,1800
2012-07-10,180.33050537109375,194.10000610351562,195.5,189.5500030517578,191.3000030517578,923
2012-07-11,180.88796997070312,194.6999969482422,195.0,191.0500030517578,191.0500030517578,154
2012-07-12,176.61427307128906,190.10000610351562,192.10000610351562,189.0,189.5500030517578,1158
2012-07-13,176.19618225097656,189.64999389648438,201.75,189.0500030517578,201.75,612
2012-07-16,175.17422485351562,188.5500030517578,188.64999389648438,188.5500030517578,188.64999389648438,20
2012-07-17,176.4748992919922,189.9499969482422,189.9499969482422,186.5500030517578,186.5500030517578,40
2012-07-18,173.31610107421875,186.5500030517578,214.6999969482422,185.0,214.6999969482422,404
2012-07-19,172.94448852539062,186.14999389648438,189.5,186.10000610351562,187.10000610351562,317
2012-07-20,172.89804077148438,186.10000610351562,187.0,181.5,181.5,721
2012-07-23,171.9689483642578,185.10000610351562,192.0,185.10000610351562,191.9499969482422,156
2012-07-24,172.7122039794922,185.89999389648438,187.0,184.9499969482422,186.0,163
2012-07-25,179.72659301757812,193.4499969482422,199.9499969482422,183.5500030517578,185.89999389648438,619
2012-07-26,173.54837036132812,186.8000030517578,204.0,185.75,204.0,2161
2012-07-27,174.61680603027344,187.9499969482422,189.0,185.10000610351562,188.0,191
2012-07-30,175.36004638671875,188.75,190.0,184.25,188.0,531
2012-07-31,175.59231567382812,189.0,189.0500030517578,189.0,189.0500030517578,13
2012-08-01,178.98333740234375,192.64999389648438,193.5,185.5,193.5,305
2012-08-02,178.98333740234375,192.64999389648438,192.64999389648438,192.64999389648438,192.64999389648438,0
2012-08-03,178.89047241210938,192.5500030517578,195.0,184.0,184.0500030517578,248
2012-08-06,178.37948608398438,192.0,196.0,192.0,196.0,55
2012-08-07,180.84149169921875,194.64999389648438,195.0,182.1999969482422,195.0,414
2012-08-08,181.39892578125,195.25,196.75,186.5500030517578,186.5500030517578,858
2012-08-09,175.8710479736328,189.3000030517578,199.4499969482422,189.3000030517578,199.4499969482422,57
2012-08-10,176.14976501464844,189.60000610351562,193.0,188.0500030517578,193.0,160
2012-08-13,171.22573852539062,184.3000030517578,188.89999389648438,183.60000610351562,188.0,603
2012-08-14,170.94699096679688,184.0,188.5,184.0,185.0500030517578,622
2012-08-16,163.1980438232422,173.75,184.0,166.64999389648438,182.0500030517578,6057
2012-08-17,163.94944763183594,174.5500030517578,179.0,171.0,175.0,537
2012-08-21,163.90248107910156,174.5,178.0,172.0500030517578,175.0,485
2012-08-22,161.6012725830078,172.0500030517578,175.0,172.0500030517578,175.0,130
2012-08-23,161.5543212890625,172.0,175.0,171.3000030517578,172.0,113
2012-08-24,164.37210083007812,175.0,175.0,161.0,174.85000610351562,3596
2012-08-27,161.2725372314453,171.6999969482422,175.0,168.0,171.5,1502
2012-08-28,164.3251495361328,174.9499969482422,174.9499969482422,171.0,171.0,26
2012-08-29,162.02394104003906,172.5,175.0,164.8000030517578,164.8000030517578,481
2012-08-30,164.3251495361328,174.9499969482422,175.0,167.8000030517578,175.0,838
2012-08-31,162.16482543945312,172.64999389648438,175.0,168.0,174.0,1162
2012-09-03,159.8636474609375,170.1999969482422,175.0,169.5,172.0,500
2012-09-04,162.4935760498047,173.0,173.0,168.60000610351562,168.60000610351562,6
2012-09-05,160.75592041015625,171.14999389648438,174.5,167.0500030517578,170.0,333
2012-09-06,161.17861938476562,171.60000610351562,173.0,168.10000610351562,171.0,336
2012-09-07,159.5818328857422,169.89999389648438,173.0,169.0,173.0,415
2012-09-10,159.6288299560547,169.9499969482422,175.0,168.8000030517578,175.0,128
2012-09-11,162.44662475585938,172.9499969482422,177.0500030517578,167.10000610351562,169.10000610351562,4676
2012-09-12,159.67578125,170.0,172.0500030517578,169.1999969482422,172.0500030517578,256
2012-09-13,158.2198944091797,168.4499969482422,173.0,167.10000610351562,170.0500030517578,188
2012-09-14,165.49925231933594,176.1999969482422,178.25,168.5,169.60000610351562,1275
2012-09-17,164.3251495361328,174.9499969482422,185.0,170.10000610351562,184.85000610351562,2462
2012-09-18,167.70652770996094,178.5500030517578,180.0,167.0,170.10000610351562,1154
2012-09-20,171.69842529296875,182.8000030517578,192.5,181.1999969482422,183.64999389648438,15124
2012-09-21,171.93324279785156,183.0500030517578,189.85000610351562,178.5,185.0,8276
2012-09-24,171.087890625,182.14999389648438,186.39999389648438,177.0,185.0,2993
2012-09-25,167.65957641601562,178.5,183.8000030517578,178.1999969482422,180.3000030517578,4695
2012-09-26,166.95510864257812,177.75,182.9499969482422,175.9499969482422,178.39999389648438,3777
2012-09-27,166.34458923339844,177.10000610351562,180.89999389648438,177.0,177.75,1419
2012-09-28,167.61260986328125,178.4499969482422,180.0,177.4499969482422,180.0,831
2012-10-01,177.75669860839844,189.25,190.0,179.8000030517578,180.0,3924
2012-10-03,174.4692840576172,185.75,189.1999969482422,184.1999969482422,189.1999969482422,2746
2012-10-04,173.06036376953125,184.25,187.39999389648438,184.0500030517578,185.1999969482422,1070
2012-10-05,171.88626098632812,183.0,188.25,175.10000610351562,185.0,2871
2012-10-08,170.52432250976562,181.5500030517578,186.0,178.1999969482422,183.0,1032
2012-10-09,167.65957641601562,178.5,182.60000610351562,178.0,180.14999389648438,847
2012-10-10,167.8943634033203,178.75,187.8000030517578,177.1999969482422,178.5,101391
2012-10-11,167.4247589111328,178.25,184.0,175.0,184.0,3763
2012-10-12,168.50489807128906,179.39999389648438,180.0,177.35000610351562,180.0,2909
2012-10-15,168.55186462402344,179.4499969482422,184.8000030517578,177.35000610351562,184.8000030517578,1176
2012-10-16,165.02963256835938,175.6999969482422,179.89999389648438,175.0,179.0,1295
2012-10-17,168.78668212890625,179.6999969482422,183.89999389648438,177.0,177.0,5647
2012-10-18,169.81988525390625,180.8000030517578,184.89999389648438,179.0,181.0,740
2012-10-19,166.29762268066406,177.0500030517578,181.0,176.5,179.0,1086
2012-10-22,167.80047607421875,178.64999389648438,183.9499969482422,176.0,183.89999389648438,3903
2012-10-23,169.63204956054688,180.60000610351562,187.0,176.3000030517578,177.3000030517578,4571
2012-10-25,170.3834228515625,181.39999389648438,183.1999969482422,175.0,180.0,2447
2012-10-29,169.06845092773438,180.0,182.9499969482422,180.0,182.9499969482422,1926
2012-10-30,170.80612182617188,181.85000610351562,183.75,178.5500030517578,178.5500030517578,1007
2012-10-31,169.9607391357422,180.9499969482422,182.0,178.85000610351562,181.8000030517578,983
2012-11-01,169.06845092773438,180.0,180.5,179.3000030517578,179.3000030517578,615
2012-11-02,168.1291961669922,179.0,187.0,177.0500030517578,183.1999969482422,1512
2012-11-05,169.06845092773438,180.0,181.5,179.0,181.5,662
2012-11-06,170.14862060546875,181.14999389648438,182.5,179.5,180.0500030517578,658
2012-11-07,172.1680450439453,183.3000030517578,188.9499969482422,180.89999389648438,188.9499969482422,924
2012-11-08,168.1761474609375,179.0500030517578,181.0,179.0,180.0,366
2012-11-09,169.7259521484375,180.6999969482422,193.5500030517578,178.5500030517578,184.9499969482422,128
2012-11-12,169.06845092773438,180.0,183.8000030517578,179.0,181.1999969482422,994
2012-11-15,171.27574157714844,182.35000610351562,187.89999389648438,179.85000610351562,179.85000610351562,110280
2012-11-16,171.7454071044922,182.85000610351562,189.0,181.14999389648438,189.0,1973
2012-11-19,173.7648162841797,185.0,193.1999969482422,179.5500030517578,189.0,96366
2012-11-20,165.64013671875,176.35000610351562,185.0,176.0,180.0,2742
2012-11-21,169.06845092773438,180.0,182.0,178.0500030517578,180.0,4123
2012-11-22,169.06845092773438,180.0,180.0,180.0,180.0,10
2012-11-23,169.1623992919922,180.10000610351562,182.4499969482422,175.0,180.0,1895
2012-11-26,169.63204956054688,180.60000610351562,183.9499969482422,176.5,178.5,5401
2012-11-27,169.11544799804688,180.0500030517578,182.5,179.9499969482422,179.9499969482422,1366
2012-11-29,167.56565856933594,178.39999389648438,181.8000030517578,177.3000030517578,179.14999389648438,172
2012-11-30,170.75914001464844,181.8000030517578,183.0,178.3000030517578,178.3000030517578,3633
2012-12-03,179.30648803710938,190.89999389648438,198.85000610351562,181.0,181.0,4191
2012-12-04,178.36721801757812,189.89999389648438,198.9499969482422,185.8000030517578,196.0,1178
2012-12-05,179.40042114257812,191.0,193.9499969482422,188.5,189.75,240
2012-12-06,178.27333068847656,189.8000030517578,198.0,185.5,198.0,780
2012-12-07,173.34214782714844,184.5500030517578,192.5,183.0500030517578,190.0,828
2012-12-10,172.2620086669922,183.39999389648438,191.0,182.5,191.0,581
2012-12-11,170.28953552246094,181.3000030517578,186.0,180.8000030517578,182.5,957
2012-12-12,169.8668670654297,180.85000610351562,186.0,180.39999389648438,185.0,305
2012-12-13,169.11544799804688,180.0500030517578,180.6999969482422,180.0,180.6999969482422,21
2012-12-14,169.06845092773438,180.0,184.0,180.0,184.0,3102
2012-12-17,169.06845092773438,180.0,183.75,180.0,183.75,1815
2012-12-18,169.06845092773438,180.0,182.89999389648438,180.0,181.0,3088
2012-12-19,169.8668670654297,180.85000610351562,184.0,179.64999389648438,184.0,598
2012-12-20,170.47738647460938,181.5,185.0,180.0500030517578,184.0,797
2012-12-21,169.3502655029297,180.3000030517578,180.6999969482422,180.0,180.5500030517578,1471
2012-12-24,172.21502685546875,183.35000610351562,184.0,180.39999389648438,180.39999389648438,114
2012-12-26,171.5575408935547,182.64999389648438,184.5,180.85000610351562,182.85000610351562,760
2012-12-27,171.27574157714844,182.35000610351562,184.0,182.0500030517578,184.0,32
2012-12-28,175.2676239013672,186.60000610351562,188.9499969482422,184.4499969482422,184.89999389648438,1767
2012-12-31,178.64903259277344,190.1999969482422,191.0,187.0,187.0,409
2013-01-01,179.07167053222656,190.64999389648438,191.85000610351562,188.0,189.0,439
2013-01-02,177.28707885742188,188.75,191.0,181.8000030517578,189.0,799
2013-01-03,212.74447631835938,226.5,226.5,190.0500030517578,193.0,211140
2013-01-04,238.5274200439453,253.9499969482422,269.25,236.5500030517578,236.5500030517578,957928
2013-01-07,235.00518798828125,250.1999969482422,258.0,243.25,253.0,183631
2013-01-08,238.15171813964844,253.5500030517578,263.8500061035156,248.0500030517578,252.0500030517578,152821
2013-01-09,228.61813354492188,243.39999389648438,255.89999389648438,241.10000610351562,252.0,28987
2013-01-10,220.25865173339844,234.5,245.6999969482422,231.64999389648438,245.10000610351562,19774
2013-01-11,214.76390075683594,228.64999389648438,251.0,226.1999969482422,251.0,20708
2013-01-14,210.06756591796875,223.64999389648438,235.0,221.35000610351562,226.75,20226
2013-01-15,207.766357421875,221.1999969482422,229.0,216.25,224.0,23143
2013-01-16,218.19223022460938,232.3000030517578,245.0,221.10000610351562,222.0,150371
2013-01-17,214.90481567382812,228.8000030517578,237.75,225.60000610351562,233.39999389648438,34805
2013-01-18,204.7606964111328,218.0,228.5,217.39999389648438,223.0500030517578,2811
2013-01-21,201.0506134033203,214.0500030517578,224.89999389648438,210.0,218.0,3831
2013-01-22,201.9429168701172,215.0,223.0,213.0,220.9499969482422,3936
2013-01-23,197.15260314941406,209.89999389648438,215.0,205.0,207.14999389648438,4296
2013-01-24,192.55020141601562,205.0,213.39999389648438,201.0,202.1999969482422,3474
2013-01-25,193.48947143554688,206.0,207.0,198.0,200.0,3265
2013-01-28,193.63037109375,206.14999389648438,210.9499969482422,201.0500030517578,206.0,447
2013-01-29,195.3679962158203,208.0,209.0,205.25,209.0,2445
2013-01-30,193.72427368164062,206.25,214.0,204.14999389648438,214.0,499
2013-01-31,198.32672119140625,211.14999389648438,215.8000030517578,203.0,203.0,6317
2013-02-01,193.1607208251953,205.64999389648438,210.0,203.0500030517578,203.0500030517578,71
2013-02-04,193.254638671875,205.75,214.0,205.5,214.0,411
2013-02-05,192.55020141601562,205.0,205.25,203.5,205.0,1735
2013-02-06,194.7105255126953,207.3000030517578,215.25,198.89999389648438,210.89999389648438,10148
2013-02-07,193.39553833007812,205.89999389648438,212.8000030517578,203.0,212.8000030517578,6305
2013-02-08,191.04733276367188,203.39999389648438,209.0,199.0,209.0,3060
2013-02-11,193.3016357421875,205.8000030517578,208.0,202.3000030517578,207.9499969482422,1116
2013-02-12,189.02793884277344,201.25,206.9499969482422,200.0,200.0,348
2013-02-13,190.2020263671875,202.5,204.0,201.5500030517578,202.0,635
2013-02-14,192.40931701660156,204.85000610351562,205.0,199.1999969482422,205.0,504
2013-02-15,188.18258666992188,200.35000610351562,205.0,200.0,200.0,4433
2013-02-18,189.73239135742188,202.0,203.0,200.0,203.0,1366
2013-02-19,191.51699829101562,203.89999389648438,205.0,200.0,200.0,2186
2013-02-20,188.37045288085938,200.5500030517578,205.0,200.5500030517578,203.0,328
2013-02-21,190.87826538085938,201.6999969482422,203.0,200.0,200.0,959
2013-02-22,189.26947021484375,200.0,210.89999389648438,200.0,210.89999389648438,1742
2013-02-25,189.26947021484375,200.0,200.0500030517578,200.0,200.0500030517578,498
2013-02-26,189.26947021484375,200.0,201.0,200.0,200.0500030517578,1357
2013-02-27,190.07391357421875,200.85000610351562,204.75,200.0,200.0,1209
2013-02-28,189.26947021484375,200.0,200.0,200.0,200.0,1015
2013-03-01,189.74267578125,200.5,203.75,200.25,200.25,2783
2013-03-04,181.13088989257812,191.39999389648438,200.0,190.60000610351562,200.0,5410
2013-03-05,189.22216796875,199.9499969482422,200.9499969482422,183.10000610351562,183.10000610351562,5364
2013-03-06,191.72998046875,202.60000610351562,208.9499969482422,200.1999969482422,200.5,2996
2013-03-07,189.4114227294922,200.14999389648438,208.0,198.39999389648438,208.0,733
2013-03-08,185.62603759765625,196.14999389648438,204.8000030517578,195.0,201.89999389648438,1833
2013-03-11,185.01092529296875,195.5,202.5,194.5,201.0500030517578,711
2013-03-12,186.6670379638672,197.25,202.4499969482422,195.0,197.0,614
2013-03-13,190.0265655517578,200.8000030517578,201.0,192.0500030517578,194.9499969482422,547
2013-03-14,188.3231201171875,199.0,203.9499969482422,195.3000030517578,195.35000610351562,1240
2013-03-15,188.0392303466797,198.6999969482422,204.0,198.0,199.0,307
2013-03-18,187.3767852783203,198.0,204.6999969482422,198.0,198.0,1396
2013-03-19,187.3767852783203,198.0,204.6999969482422,198.0,204.6999969482422,1018
2013-03-20,187.3767852783203,198.0,200.0,198.0,198.0,1536
2013-03-21,187.7552947998047,198.39999389648438,209.0,198.0,205.10000610351562,11666
2013-03-22,188.2284698486328,198.89999389648438,202.5,198.0,198.0,2501
2013-03-25,178.81231689453125,188.9499969482422,199.5,186.1999969482422,195.0,1054
2013-03-26,175.12158203125,185.0500030517578,197.0,180.10000610351562,180.14999389648438,45581
2013-03-28,175.12158203125,185.0500030517578,196.85000610351562,183.25,185.0,14730
2013-04-01,176.11526489257812,186.10000610351562,190.0,185.14999389648438,185.14999389648438,669
2013-04-02,179.80599975585938,190.0,191.0,188.0,190.0,2506
2013-04-03,183.5914306640625,194.0,194.4499969482422,190.0500030517578,191.85000610351562,730
2013-04-04,184.39576721191406,194.85000610351562,202.64999389648438,190.0500030517578,193.75,422
2013-04-05,179.8533172607422,190.0500030517578,194.89999389648438,190.0,191.0,1095
2013-04-08,180.51577758789062,190.75,195.89999389648438,190.0,191.0500030517578,1753
2013-04-09,180.0898895263672,190.3000030517578,195.0,190.0,190.1999969482422,170
2013-04-10,179.80599975585938,190.0,193.85000610351562,188.10000610351562,188.10000610351562,2155
2013-04-11,178.14988708496094,188.25,192.0,186.0,192.0,143
2013-04-12,178.7177276611328,188.85000610351562,194.89999389648438,183.3000030517578,189.0,236
2013-04-15,179.9479522705078,190.14999389648438,194.5,187.0,190.89999389648438,395
2013-04-16,180.27919006347656,190.5,196.0,190.0,196.0,224
2013-04-17,179.80599975585938,190.0,195.5,190.0,195.0,179
2013-04-18,179.80599975585938,190.0,193.85000610351562,190.0,190.0,538
2013-04-22,182.78700256347656,193.14999389648438,199.0,184.1999969482422,184.1999969482422,867
2013-04-23,180.13723754882812,190.35000610351562,195.1999969482422,190.0500030517578,190.5,101
2013-04-25,180.89431762695312,191.14999389648438,193.0,186.10000610351562,186.10000610351562,166
2013-04-26,179.99530029296875,190.1999969482422,194.0,190.0,190.10000610351562,918
2013-04-29,179.99530029296875,190.1999969482422,190.25,190.1999969482422,190.25,12
2013-04-30,184.82164001464844,195.3000030517578,195.3000030517578,190.0,190.0500030517578,63
2013-05-02,184.82164001464844,195.3000030517578,195.3000030517578,195.3000030517578,195.3000030517578,0
2013-05-03,179.8533172607422,190.0500030517578,191.8000030517578,190.0,190.10000610351562,250
2013-05-06,180.51577758789062,190.75,193.9499969482422,190.5,190.5,71
2013-05-07,186.19384765625,196.75,199.0,190.0,190.14999389648438,1127
2013-05-08,179.99530029296875,190.1999969482422,196.0,190.0,196.0,2677
2013-05-09,181.84063720703125,192.14999389648438,199.0,191.3000030517578,196.0,344
2013-05-10,188.08656311035156,198.75,199.0,190.0500030517578,190.25,1118
2013-05-13,180.32650756835938,190.5500030517578,200.0,190.5500030517578,191.4499969482422,246
2013-05-14,180.0426025390625,190.25,199.39999389648438,190.0,190.5,168
2013-05-15,185.20018005371094,195.6999969482422,199.85000610351562,190.0,199.85000610351562,2925
2013-05-16,188.3231201171875,199.0,199.0,193.0,193.0500030517578,1200
2013-05-17,182.50311279296875,192.85000610351562,196.0,190.9499969482422,190.9499969482422,331
2013-05-20,184.44309997558594,194.89999389648438,200.64999389648438,193.9499969482422,195.0,1488
2013-05-21,184.8689727783203,195.35000610351562,201.0,195.0,200.9499969482422,818
2013-05-22,184.58506774902344,195.0500030517578,198.0,192.10000610351562,198.0,778
2013-05-23,180.0426025390625,190.25,194.9499969482422,190.25,191.89999389648438,258
2013-05-24,180.32650756835938,190.5500030517578,193.6999969482422,190.25,192.0,537
2013-05-27,184.30116271972656,194.75,201.9499969482422,191.8000030517578,201.9499969482422,172
2013-05-28,180.7996826171875,191.0500030517578,199.0,190.10000610351562,196.0,231
2013-05-29,182.69236755371094,193.0500030517578,195.4499969482422,192.3000030517578,192.35000610351562,974
2013-05-30,183.82798767089844,194.25,199.3000030517578,194.25,195.0,242
2013-05-31,180.0426025390625,190.25,198.5,190.0,198.5,541
2013-06-03,186.38311767578125,196.9499969482422,198.0,188.3000030517578,188.3000030517578,1306
2013-06-04,185.1055450439453,195.60000610351562,197.0,191.0500030517578,191.35000610351562,1387
2013-06-05,185.48410034179688,196.0,196.0,195.0,195.0,658
2013-06-06,184.7743377685547,195.25,199.9499969482422,195.0,199.9499969482422,445
2013-06-07,188.6070556640625,199.3000030517578,200.0,195.0,195.0500030517578,1304
2013-06-10,186.47776794433594,197.0500030517578,199.3000030517578,195.0,199.3000030517578,1324
2013-06-11,184.53775024414062,195.0,196.1999969482422,195.0,195.0500030517578,3341
2013-06-12,181.27284240722656,191.5500030517578,199.4499969482422,190.1999969482422,195.0,241
2013-06-13,184.53775024414062,195.0,195.3000030517578,195.0,195.0,391
2013-06-14,184.53775024414062,195.0,195.0500030517578,195.0,195.0500030517578,658
2013-06-17,181.7460174560547,192.0500030517578,198.9499969482422,192.0500030517578,195.0,47
2013-06-18,187.47142028808594,198.10000610351562,198.9499969482422,192.0500030517578,198.9499969482422,29255
2013-06-19,184.49041748046875,194.9499969482422,195.0,191.4499969482422,194.0,790
2013-06-20,177.01429748535156,187.0500030517578,195.0,185.85000610351562,195.0,750
2013-06-21,179.80599975585938,190.0,197.64999389648438,190.0,197.64999389648438,614
2013-06-24,179.900634765625,190.10000610351562,198.5,190.0,190.1999969482422,3164
2013-06-25,179.80599975585938,190.0,195.9499969482422,190.0,190.10000610351562,366
2013-06-26,184.06455993652344,194.5,198.89999389648438,191.3000030517578,195.75,1375
2013-06-27,180.8470001220703,191.10000610351562,195.0,190.5500030517578,190.5500030517578,71
2013-06-28,183.1182098388672,193.5,195.0,190.5500030517578,191.5500030517578,205
2013-07-01,185.8153076171875,196.35000610351562,196.5,191.0,191.14999389648438,165
2013-07-02,181.41477966308594,191.6999969482422,196.0,191.64999389648438,195.75,1207
2013-07-03,181.7933349609375,192.10000610351562,196.0,192.10000610351562,196.0,774
2013-07-04,185.20018005371094,195.6999969482422,196.85000610351562,195.6999969482422,196.8000030517578,7
2013-07-05,182.73968505859375,193.10000610351562,198.89999389648438,191.5,191.5,352
2013-07-08,184.8689727783203,195.35000610351562,195.35000610351562,195.0,195.35000610351562,29
2013-07-09,184.8689727783203,195.35000610351562,195.35000610351562,195.35000610351562,195.35000610351562,0
2013-07-10,179.80599975585938,190.0,190.0,190.0,190.0,140
2013-07-11,180.37380981445312,190.60000610351562,198.9499969482422,190.60000610351562,190.60000610351562,6
2013-07-12,179.900634765625,190.10000610351562,190.10000610351562,190.10000610351562,190.10000610351562,33
2013-07-15,179.8533172607422,190.0500030517578,190.0500030517578,190.0500030517578,190.0500030517578,500
2013-07-16,179.80599975585938,190.0,190.0,190.0,190.0,450
2013-07-17,179.80599975585938,190.0,190.0,190.0,190.0,218
2013-07-18,179.80599975585938,190.0,190.0,190.0,190.0,240
2013-07-19,179.80599975585938,190.0,190.0,190.0,190.0,29
2013-07-22,179.80599975585938,190.0,190.0,190.0,190.0,199
2013-07-23,179.80599975585938,190.0,190.0,190.0,190.0,4
2013-07-24,179.80599975585938,190.0,190.0,190.0,190.0,120
2013-07-25,171.05230712890625,180.75,180.75,180.75,180.75,10
2013-07-26,171.05230712890625,180.75,180.75,180.75,180.75,0
2013-07-29,171.05230712890625,180.75,180.75,180.75,180.75,0
2013-07-30,179.61676025390625,189.8000030517578,189.8000030517578,171.3000030517578,189.8000030517578,338
2013-07-31,171.2415313720703,180.9499969482422,180.9499969482422,174.0,180.9499969482422,180
2013-08-01,158.9451141357422,166.10000610351562,170.0,166.10000610351562,166.10000610351562,175
2013-08-02,155.06954956054688,162.0500030517578,174.6999969482422,145.0,162.0500030517578,600
2013-08-05,153.10784912109375,160.0,160.0,153.60000610351562,160.0,1095
2013-08-06,153.10784912109375,160.0,160.0,160.0,160.0,274
2013-08-07,157.89247131347656,165.0,165.0,152.10000610351562,165.0,820
2013-08-08,153.77767944335938,160.6999969482422,161.25,160.5,160.6999969482422,655
2013-08-12,158.84939575195312,166.0,166.0,161.0,166.0,570
2013-08-13,158.84939575195312,166.0,166.0,166.0,166.0,0
2013-08-14,153.1556854248047,160.0500030517578,166.0,159.3000030517578,160.0500030517578,20
2013-08-16,153.1556854248047,160.0500030517578,160.0500030517578,160.0500030517578,160.0500030517578,0
2013-08-19,153.1556854248047,160.0500030517578,160.0500030517578,160.0500030517578,160.0500030517578,0
2013-08-20,153.1556854248047,160.0500030517578,160.0500030517578,160.0500030517578,160.0500030517578,0
2013-08-21,153.1556854248047,160.0500030517578,160.0500030517578,160.0500030517578,160.0500030517578,0
2013-08-22,153.1556854248047,160.0500030517578,160.0500030517578,160.0500030517578,160.0500030517578,0
2013-08-23,153.1556854248047,160.0500030517578,160.0500030517578,160.0500030517578,160.0500030517578,0
2013-08-26,153.1556854248047,160.0500030517578,160.0500030517578,160.0500030517578,160.0500030517578,0
2013-08-27,153.1556854248047,160.0500030517578,160.0500030517578,160.0500030517578,160.0500030517578,0
2013-08-28,153.1556854248047,160.0500030517578,160.0500030517578,160.0500030517578,160.0500030517578,0
2013-08-29,162.67709350585938,170.0,170.0,170.0,170.0,100
2013-08-30,162.67709350585938,170.0,170.0,170.0,170.0,0
2013-09-02,172.246337890625,180.0,180.0,175.5,180.0,289
2013-09-03,177.03094482421875,185.0,185.0,180.0,185.0,278
2013-09-04,191.3848114013672,200.0,200.0,200.0,200.0,250
2013-09-05,177.27020263671875,185.25,185.25,185.25,185.25,986
2013-09-06,177.03094482421875,185.0,185.0,185.0,185.0,56
2013-09-10,177.03094482421875,185.0,185.0,185.0,185.0,20
2013-09-11,186.60020446777344,195.0,195.0,195.0,195.0,16
2013-09-12,181.8155517578125,190.0,190.0,190.0,190.0,50
2013-09-13,181.8155517578125,190.0,190.0,190.0,190.0,0
2013-09-16,182.77249145507812,191.0,191.0,190.0,191.0,200
2013-09-17,182.77249145507812,191.0,191.0,191.0,191.0,0
2013-09-18,181.8155517578125,190.0,190.0,190.0,190.0,414
2013-09-19,181.8155517578125,190.0,190.0,190.0,190.0,550
2013-09-20,181.8155517578125,190.0,190.0,190.0,190.0,0
2013-09-23,181.8155517578125,190.0,190.0,190.0,190.0,270
2013-09-24,191.3848114013672,200.0,200.0,200.0,200.0,5
2013-09-25,186.60020446777344,195.0,195.0,195.0,195.0,346
2013-09-26,186.60020446777344,195.0,195.0,195.0,195.0,430
2013-09-27,187.55711364746094,196.0,196.0,196.0,196.0,9
2013-09-30,188.51405334472656,197.0,197.0,196.0,197.0,451
2013-10-01,188.51405334472656,197.0,197.0,197.0,197.0,600
2013-10-03,188.51405334472656,197.0,197.0,197.0,197.0,2
2013-10-04,187.55711364746094,196.0,196.0,195.0,196.0,250
2013-10-07,186.60020446777344,195.0,195.0,195.0,195.0,5
2013-10-08,186.60020446777344,195.0,195.0,195.0,195.0,0
2013-10-09,187.70065307617188,196.14999389648438,196.14999389648438,195.0,196.14999389648438,237
2013-10-10,187.79635620117188,196.25,196.25,196.25,196.25,10
2013-10-11,187.79635620117188,196.25,196.25,196.25,196.25,0
2013-10-14,191.3848114013672,200.0,200.0,196.0,200.0,317
2013-10-15,191.3848114013672,200.0,200.0,200.0,200.0,0
2013-10-17,187.55711364746094,196.0,197.0,196.0,196.0,3516
2013-10-18,187.55711364746094,196.0,196.1999969482422,196.0,196.0,392
2013-10-21,187.55711364746094,196.0,196.0,196.0,196.0,0
2013-10-22,187.55711364746094,196.0,196.0,196.0,196.0,0
2013-10-23,187.60496520996094,196.0500030517578,196.0500030517578,196.0500030517578,196.0500030517578,34
2013-10-24,187.55711364746094,196.0,205.0,196.0,196.0,15
2013-10-25,187.60496520996094,196.0500030517578,200.0,196.0500030517578,196.0500030517578,100
2013-10-28,187.60496520996094,196.0500030517578,196.0500030517578,196.0500030517578,196.0500030517578,34
2013-10-29,187.60496520996094,196.0500030517578,196.25,196.0500030517578,196.0500030517578,433
2013-10-30,187.60496520996094,196.0500030517578,196.25,196.0500030517578,196.0500030517578,704
2013-10-31,187.60496520996094,196.0500030517578,196.0500030517578,196.0500030517578,196.0500030517578,0
2013-11-01,189.47097778320312,198.0,198.0,198.0,198.0,50
2013-11-05,187.55711364746094,196.0,196.0,196.0,196.0,17
2013-11-06,187.55711364746094,196.0,196.0,196.0,196.0,958
2013-11-07,187.55711364746094,196.0,196.0,196.0,196.0,0
2013-11-08,187.55711364746094,196.0,196.0,196.0,196.0,621
2013-11-11,187.55711364746094,196.0,196.0,196.0,196.0,0
2013-11-12,187.55711364746094,196.0,196.0,196.0,196.0,200
2013-11-13,191.3848114013672,200.0,200.0,196.0,200.0,137
2013-11-14,191.4805145263672,200.10000610351562,200.10000610351562,196.0,200.10000610351562,20
2013-11-18,200.9540557861328,210.0,210.0,200.0,210.0,220
2013-11-19,200.9540557861328,210.0,210.0,210.0,210.0,0
2013-11-20,192.8201904296875,201.5,201.5,201.5,201.5,900
2013-11-21,196.16944885253906,205.0,205.0,196.0,205.0,215
2013-11-22,191.3848114013672,200.0,200.0,200.0,200.0,35
2013-11-25,187.55711364746094,196.0,196.0,196.0,196.0,1250
2013-11-26,189.47097778320312,198.0,198.0,198.0,198.0,79
2013-11-27,189.47097778320312,198.0,198.0,198.0,198.0,0
2013-11-28,189.47097778320312,198.0,198.0,198.0,198.0,0
2013-11-29,187.55711364746094,196.0,207.0,196.0,196.0,831
2013-12-02,190.42788696289062,199.0,199.0,199.0,199.0,25
2013-12-03,187.60496520996094,196.0500030517578,196.0500030517578,196.0500030517578,196.0500030517578,79
2013-12-04,190.42788696289062,199.0,199.0,199.0,199.0,80
2013-12-05,187.55711364746094,196.0,196.0,196.0,196.0,3
2013-12-06,187.55711364746094,196.0,196.0,196.0,196.0,75
2013-12-09,187.55711364746094,196.0,196.0,196.0,196.0,200
2013-12-10,187.55711364746094,196.0,196.0,196.0,196.0,0
2013-12-11,188.0834197998047,196.5500030517578,196.5500030517578,196.5500030517578,196.5500030517578,8
2013-12-12,187.55711364746094,196.0,196.0,196.0,196.0,170
2013-12-13,187.55711364746094,196.0,196.0,196.0,196.0,600
2013-12-16,187.55711364746094,196.0,196.0,196.0,196.0,0
2013-12-17,196.6479034423828,205.5,205.5,198.0,205.5,250
2013-12-18,196.16944885253906,205.0,205.0,205.0,205.0,10
2013-12-19,187.79635620117188,196.25,196.25,196.25,196.25,1
2013-12-20,191.3848114013672,200.0,200.0,200.0,200.0,211
2013-12-23,200.9540557861328,210.0,210.0,209.5,210.0,611
2013-12-24,204.78175354003906,214.0,214.0,214.0,214.0,5
2013-12-26,203.8248291015625,213.0,213.0,213.0,213.0,5
2013-12-27,195.21249389648438,204.0,205.0,204.0,205.0,182
2013-12-30,198.08326721191406,207.0,209.0,205.10000610351562,207.0,170
2013-12-31,198.08326721191406,207.0,207.0,207.0,207.0,0
2014-01-01,198.08326721191406,207.0,207.0,207.0,207.0,0
2014-01-02,198.08326721191406,207.0,207.0,207.0,207.0,0
2014-01-03,205.7386932373047,215.0,215.0,214.9499969482422,215.0,131
2014-01-06,205.7386932373047,215.0,216.0,215.0,215.0,179
2014-01-07,205.7386932373047,215.0,215.0,215.0,215.0,55
2014-01-08,215.30792236328125,225.0,225.0,215.0,225.0,1053
2014-01-09,205.69082641601562,214.9499969482422,225.75,214.9499969482422,214.9499969482422,419
2014-01-10,198.56173706054688,207.5,215.0,207.5,207.5,55
2014-01-13,198.13113403320312,207.0500030517578,215.0,207.0,214.9499969482422,195
2014-01-14,195.21249389648438,204.0,207.0,201.0,207.0,438
2014-01-15,190.2365264892578,198.8000030517578,205.4499969482422,198.8000030517578,204.75,1181
2014-01-16,187.55711364746094,196.0,196.25,196.0,196.10000610351562,30
2014-01-17,187.55711364746094,196.0,198.0,196.0,198.0,4053
2014-01-20,187.55711364746094,196.0,196.0,196.0,196.0,0
2014-01-21,195.97805786132812,204.8000030517578,204.8000030517578,197.0,198.0500030517578,1237
2014-01-22,191.3848114013672,200.0,213.9499969482422,200.0,204.8000030517578,106
2014-01-23,188.70541381835938,197.1999969482422,209.9499969482422,197.1999969482422,209.9499969482422,80
2014-01-24,185.73895263671875,194.10000610351562,204.9499969482422,190.0,196.0500030517578,187
2014-01-27,186.9829559326172,195.39999389648438,195.75,187.10000610351562,188.3000030517578,58
2014-01-28,193.3943634033203,202.10000610351562,202.10000610351562,195.25,195.25,268
2014-01-29,187.7484893798828,196.1999969482422,198.0,196.0,196.14999389648438,115
2014-01-30,188.03558349609375,196.5,196.5,190.0,190.0,284
2014-01-31,190.5714111328125,199.14999389648438,206.3000030517578,190.0,190.0,120
2014-02-03,190.47573852539062,199.0500030517578,208.0,196.0,196.0500030517578,79
2014-02-04,190.76283264160156,199.35000610351562,200.0,196.0,198.0500030517578,266
2014-02-05,189.47097778320312,198.0,201.0,196.0,196.0,218
2014-02-06,182.34188842773438,190.5500030517578,204.9499969482422,189.5,195.0500030517578,803
2014-02-07,188.1312713623047,196.60000610351562,200.0,192.0,192.0,605
2014-02-10,186.7437286376953,195.14999389648438,198.5,195.0500030517578,196.0,221
2014-02-11,187.03077697753906,195.4499969482422,198.89999389648438,193.5500030517578,198.89999389648438,79
2014-02-12,189.08819580078125,197.60000610351562,199.0,196.0,196.0,345
2014-02-13,187.55711364746094,196.0,207.4499969482422,196.0,207.4499969482422,270
2014-02-14,187.55711364746094,196.0,196.0,196.0,196.0,15
2014-02-17,187.55711364746094,196.0,196.0,196.0,196.0,13550
2014-02-18,192.3417510986328,201.0,201.0,196.0,196.10000610351562,989
2014-02-19,188.03558349609375,196.5,200.0,196.10000610351562,196.14999389648438,422
2014-02-20,187.79635620117188,196.25,196.60000610351562,196.0,196.5500030517578,1602
2014-02-21,193.05943298339844,201.75,202.89999389648438,196.0,196.5,1771
2014-02-24,188.03558349609375,196.5,199.0,196.5,196.5,208
2014-02-25,188.2748260498047,196.75,196.75,196.75,196.75,48
2014-02-26,191.4805145263672,200.10000610351562,202.0,197.25,198.0,187
2014-02-28,191.00204467773438,199.60000610351562,205.0,196.64999389648438,199.9499969482422,322
2014-03-03,189.51882934570312,198.0500030517578,204.0,196.0,196.10000610351562,393
2014-03-04,188.51405334472656,197.0,202.0,196.0500030517578,202.0,946
2014-03-05,191.3848114013672,200.0,200.0,197.25,197.25,341
2014-03-06,189.99725341796875,198.5500030517578,200.0,197.8000030517578,200.0,508
2014-03-07,188.99249267578125,197.5,203.0,196.0,200.1999969482422,400
2014-03-10,189.423095703125,197.9499969482422,199.0,196.0,196.35000610351562,255
2014-03-11,188.51405334472656,197.0,199.9499969482422,197.0,197.0,97
2014-03-12,188.99249267578125,197.5,199.39999389648438,197.0,197.0500030517578,192
2014-03-13,187.55711364746094,196.0,197.5,196.0,197.5,300
2014-03-14,189.47097778320312,198.0,198.0,197.0,197.0,435
2014-03-18,187.55711364746094,196.0,199.85000610351562,196.0,196.10000610351562,8598
2014-03-19,191.1455841064453,199.75,201.0,196.0,200.9499969482422,541
2014-03-20,188.0834197998047,196.5500030517578,203.0,196.10000610351562,198.0,67
2014-03-21,206.02577209472656,215.3000030517578,216.1999969482422,201.89999389648438,201.89999389648438,999
2014-03-24,223.3460693359375,233.39999389648438,234.39999389648438,222.0,222.0,9446
2014-03-25,217.2217559814453,227.0,240.0,226.10000610351562,240.0,3300
2014-03-26,216.55191040039062,226.3000030517578,233.9499969482422,226.25,232.0,720
2014-03-27,232.7239227294922,243.1999969482422,248.89999389648438,225.39999389648438,229.89999389648438,13568
2014-03-28,224.92501831054688,235.0500030517578,254.9499969482422,234.0,254.9499969482422,580
2014-03-31,218.46578979492188,228.3000030517578,239.0,228.3000030517578,235.0,240
2014-04-01,220.47531127929688,230.39999389648438,239.0,228.0,238.0,1981
2014-04-02,218.17869567871094,228.0,238.0,228.0,234.85000610351562,112
2014-04-03,236.8386993408203,247.5,250.8000030517578,241.75,241.75,8350
2014-04-04,238.75257873535156,249.5,258.0,240.0500030517578,258.0,1677
2014-04-07,239.37454223632812,250.14999389648438,253.0,250.0,250.0,7808
2014-04-09,262.5321350097656,274.3500061035156,275.1499938964844,250.0,254.6999969482422,9879
2014-04-10,262.7713317871094,274.6000061035156,280.0,263.04998779296875,270.0,2955
2014-04-11,263.2976379394531,275.1499938964844,276.0,270.3999938964844,273.54998779296875,5796
2014-04-15,264.111083984375,276.0,276.0,265.04998779296875,265.04998779296875,1030
2014-04-16,261.2402648925781,273.0,279.0,267.25,279.0,2913
2014-04-17,260.3789978027344,272.1000061035156,276.0,272.0,272.0,814
2014-04-21,264.111083984375,276.0,276.0,271.79998779296875,275.0,606
2014-04-22,263.1063232421875,274.95001220703125,275.0,273.04998779296875,275.0,1203
2014-04-23,261.7187805175781,273.5,276.0,270.0,275.0,1712
2014-04-24,261.7187805175781,273.5,273.5,273.5,273.5,0
2014-04-25,265.1158142089844,277.04998779296875,283.5,275.0,275.0,1381
2014-04-28,264.111083984375,276.0,276.0,255.5500030517578,255.5500030517578,784
2014-04-29,264.111083984375,276.0,276.0,258.1000061035156,276.0,1961
2014-04-30,263.2019348144531,275.04998779296875,276.0,266.04998779296875,266.04998779296875,2163
2014-05-02,263.5368957519531,275.3999938964844,276.0,267.3999938964844,274.0,1250
2014-05-05,263.823974609375,275.70001220703125,302.75,270.54998779296875,285.0,10628
2014-05-06,264.111083984375,276.0,276.0,270.95001220703125,270.95001220703125,150
2014-05-07,264.0632019042969,275.95001220703125,276.0,275.0,275.0,220
2014-05-08,262.14935302734375,273.95001220703125,276.0,271.0,275.0,14658
2014-05-09,262.1971740722656,274.0,276.0,272.0,273.0,805
2014-05-12,272.3883972167969,284.6499938964844,291.0,262.1499938964844,275.0,12923
2014-05-13,287.07720947265625,300.0,305.0,276.0,276.04998779296875,5348
2014-05-14,287.07720947265625,300.0,315.0,299.95001220703125,315.0,3803
2014-05-15,287.07720947265625,300.0,300.3999938964844,296.20001220703125,296.20001220703125,874
2014-05-16,289.947998046875,303.0,303.5,277.3500061035156,285.0,3057
2014-05-19,308.32098388671875,322.20001220703125,325.0,301.0,303.0,5337
2014-05-20,340.71282958984375,356.04998779296875,368.5,311.04998779296875,324.95001220703125,11807
2014-05-21,349.18157958984375,364.8999938964844,369.0,335.0,360.0,1341
2014-05-22,411.5251770019531,430.04998779296875,437.8500061035156,364.0,364.0,19344
2014-05-23,397.45843505859375,415.3500061035156,454.79998779296875,415.0,437.0,2162
2014-05-26,392.3388977050781,410.0,420.0,410.0,420.0,1950
2014-05-27,403.1999816894531,421.3500061035156,423.0,415.0,420.0,2842
2014-05-28,402.3387756347656,420.45001220703125,431.0,416.0,431.0,1624
2014-05-29,398.0325927734375,415.95001220703125,425.0,408.0,420.0,25091
2014-05-30,389.70733642578125,407.25,420.0,386.5,417.0,957
2014-06-02,381.3820495605469,398.54998779296875,400.0,387.0,390.0,1317
2014-06-03,384.6835021972656,402.0,405.0,398.95001220703125,398.95001220703125,1730
2014-06-04,383.9179382324219,401.20001220703125,410.0,395.1499938964844,395.1499938964844,596
2014-06-05,383.7265930175781,401.0,404.0,400.0,401.0,3476
2014-06-06,386.5973205566406,404.0,440.0,397.0,397.0,2097
2014-06-09,382.7696228027344,400.0,404.0,399.0,399.0,2657
2014-06-10,382.7696228027344,400.0,403.95001220703125,398.6499938964844,398.6499938964844,4378
2014-06-11,382.7696228027344,400.0,410.0,398.0,400.1000061035156,5731
2014-06-12,392.86517333984375,410.54998779296875,428.0,395.0,396.0,1026
2014-06-13,382.7217712402344,399.95001220703125,409.79998779296875,395.0,409.79998779296875,4929
2014-06-16,383.0566711425781,400.29998779296875,400.95001220703125,400.0,400.04998779296875,1583
2014-06-17,385.16192626953125,402.5,405.95001220703125,400.0,400.1000061035156,200
2014-06-18,382.7696228027344,400.0,405.0,400.0,400.0,488
2014-06-19,385.1141052246094,402.45001220703125,407.0,393.79998779296875,395.04998779296875,859
2014-06-20,382.7696228027344,400.0,405.8999938964844,391.0,405.0,280
2014-06-23,379.03765869140625,396.1000061035156,415.3500061035156,392.0,392.0,318
2014-06-24,376.9324035644531,393.8999938964844,397.95001220703125,390.0,394.29998779296875,252
2014-06-25,373.3918151855469,390.20001220703125,393.79998779296875,388.54998779296875,390.0,186
2014-06-26,369.6119689941406,386.25,397.0,386.25,390.0,229
2014-06-27,373.2004089355469,390.0,394.95001220703125,384.1499938964844,384.1499938964844,102
2014-06-30,385.06622314453125,402.3999938964844,429.0,380.0,393.0,4314
2014-07-01,383.2002868652344,400.45001220703125,408.95001220703125,400.0,408.95001220703125,344
2014-07-02,375.1142272949219,392.0,406.20001220703125,391.95001220703125,396.3500061035156,498
2014-07-03,389.0374755859375,406.54998779296875,414.0,392.04998779296875,400.0,942
2014-07-04,375.2099304199219,392.1000061035156,431.0,384.1000061035156,431.0,943
2014-07-07,382.6260986328125,399.8500061035156,408.95001220703125,392.1000061035156,405.0,404
2014-07-08,376.0233459472656,392.95001220703125,397.70001220703125,386.0,390.04998779296875,203
2014-07-09,365.6407165527344,382.1000061035156,388.1000061035156,380.1000061035156,388.1000061035156,69
2014-07-10,373.2004089355469,390.0,390.0,385.0,386.0,135
2014-07-11,368.4157409667969,385.0,392.1000061035156,380.3999938964844,392.1000061035156,150
2014-07-14,364.3488464355469,380.75,385.1000061035156,380.25,385.1000061035156,201
2014-07-15,365.6885681152344,382.1499938964844,384.0,382.1499938964844,382.20001220703125,55
2014-07-16,371.7171936035156,388.45001220703125,394.8999938964844,381.0,385.0,62
2014-07-17,368.4157409667969,385.0,397.8999938964844,380.5,390.0,248
2014-07-18,368.51153564453125,385.1000061035156,397.0,385.04998779296875,396.0,175
2014-07-21,369.1334533691406,385.75,397.0,384.6499938964844,386.04998779296875,392
2014-07-22,368.4157409667969,385.0,394.95001220703125,384.79998779296875,392.54998779296875,109
2014-07-23,364.5881042480469,381.0,392.0,380.1000061035156,392.0,255
2014-07-24,368.8463439941406,385.45001220703125,386.0,385.45001220703125,385.6000061035156,29
2014-07-25,362.6741943359375,379.0,385.0,378.04998779296875,385.0,465
2014-07-28,364.9708251953125,381.3999938964844,393.0,379.0,379.0,147
2014-07-30,380.416015625,392.8500061035156,395.0,381.04998779296875,384.8999938964844,583
2014-07-31,372.8144836425781,385.0,390.0,374.04998779296875,383.0,2067
2014-08-01,362.84051513671875,374.70001220703125,395.0,370.0,380.0,166
2014-08-04,363.1309509277344,375.0,389.8999938964844,375.0,389.8999938964844,13
2014-08-05,364.0993347167969,376.0,389.8999938964844,375.0,375.29998779296875,115
2014-08-06,372.2334289550781,384.3999938964844,385.8500061035156,377.25,377.6499938964844,23
2014-08-07,384.3377685546875,396.8999938964844,400.0,370.0,375.1499938964844,1962
2014-08-08,364.9708251953125,376.8999938964844,394.5,372.0,385.0,61
2014-08-11,363.1309509277344,375.0,389.8999938964844,375.0,376.04998779296875,115
2014-08-12,371.70086669921875,383.8500061035156,385.0,356.0,375.0,722
2014-08-13,354.94842529296875,366.54998779296875,384.0,365.1000061035156,384.0,69
2014-08-14,359.1607360839844,370.8999938964844,374.0,368.0,370.0,182
2014-08-18,358.2892150878906,370.0,370.0,370.0,370.0,10
2014-08-19,368.0211181640625,380.04998779296875,390.0,375.04998779296875,375.04998779296875,710
2014-08-20,377.4625244140625,389.79998779296875,390.0,385.0,385.0,660
2014-08-21,367.2464599609375,379.25,389.79998779296875,370.04998779296875,389.79998779296875,713
2014-08-22,363.1794128417969,375.04998779296875,387.8500061035156,375.0,380.0,758
2014-08-25,362.4530944824219,374.29998779296875,390.0,372.0,390.0,476
2014-08-26,361.33953857421875,373.1499938964844,374.0,371.6000061035156,371.6000061035156,12
2014-08-27,359.2575988769531,371.0,386.1000061035156,371.0,372.29998779296875,82
2014-08-28,358.628173828125,370.3500061035156,379.0,370.0,371.79998779296875,1309
2014-09-01,358.2892150878906,370.0,375.0,370.0,371.04998779296875,256
2014-09-02,368.11798095703125,380.1499938964844,380.3999938964844,372.0,372.0,155
2014-09-03,361.00054931640625,372.79998779296875,384.95001220703125,371.0,380.3999938964844,1495
2014-09-04,359.2575988769531,371.0,375.0,371.0,371.04998779296875,13
2014-09-05,358.337646484375,370.04998779296875,374.0,369.0,374.0,1089
2014-09-08,393.19818115234375,406.04998779296875,417.0,379.0,379.0,1979
2014-09-09,415.8576354980469,429.45001220703125,444.0,400.0,410.0,4961
2014-09-10,410.4832458496094,423.8999938964844,430.1000061035156,407.1000061035156,407.54998779296875,2126
2014-09-11,394.7959899902344,407.70001220703125,417.04998779296875,405.04998779296875,410.0,642
2014-09-12,393.7792663574219,406.6499938964844,417.95001220703125,403.04998779296875,406.75,666
2014-09-15,403.46270751953125,416.6499938964844,421.0,406.0,406.0,425
2014-09-16,390.922607421875,403.70001220703125,422.95001220703125,376.0,415.5,629
2014-09-17,382.7884826660156,395.29998779296875,415.0,395.0,415.0,353
2014-09-18,387.14605712890625,399.79998779296875,409.3500061035156,371.0,405.0,518
2014-09-19,385.49981689453125,398.1000061035156,403.45001220703125,391.6000061035156,400.04998779296875,161
2014-09-22,382.5463562011719,395.04998779296875,415.0,390.0,405.0,313
2014-09-23,379.5928955078125,392.0,407.8999938964844,391.54998779296875,407.8999938964844,72
2014-09-24,391.842529296875,404.6499938964844,410.0,390.0,390.1000061035156,1175
2014-09-25,385.6451110839844,398.25,405.0,398.0,405.0,100
2014-09-26,378.7698059082031,391.1499938964844,398.0,390.0,390.0,54
2014-09-29,378.5277404785156,390.8999938964844,399.8500061035156,390.0,390.29998779296875,347
2014-09-30,382.49798583984375,395.0,395.0,395.0,395.0,196
2014-10-01,377.6562194824219,390.0,392.0,390.0,391.20001220703125,1521
2014-10-07,378.18878173828125,390.54998779296875,401.0,390.0,390.0,1212
2014-10-08,379.0119323730469,391.3999938964844,393.0,390.0,390.6499938964844,1563
2014-10-09,378.6729736328125,391.04998779296875,404.0,390.0,390.04998779296875,744
2014-10-10,379.6897277832031,392.1000061035156,395.0,390.6499938964844,391.20001220703125,52
2014-10-13,378.28564453125,390.6499938964844,397.25,390.0,390.04998779296875,201
2014-10-14,380.1739196777344,392.6000061035156,398.0,390.5,390.54998779296875,230
2014-10-15,380.1739196777344,392.6000061035156,392.6000061035156,392.6000061035156,392.6000061035156,0
2014-10-16,378.28564453125,390.6499938964844,399.95001220703125,390.0,399.0,63
2014-10-17,377.6562194824219,390.0,395.29998779296875,390.0,395.29998779296875,197
2014-10-20,378.62457275390625,391.0,391.20001220703125,390.70001220703125,390.70001220703125,84
2014-10-21,378.62457275390625,391.0,395.0,391.0,391.04998779296875,73
2014-10-22,378.721435546875,391.1000061035156,398.0,391.0,391.04998779296875,188
2014-10-27,378.62457275390625,391.0,398.0,391.0,398.0,111
2014-10-28,378.62457275390625,391.0,391.1000061035156,391.0,391.04998779296875,47
2014-10-29,377.6562194824219,390.0,395.0,390.0,394.0,439
2014-10-30,382.49798583984375,395.0,398.0,390.04998779296875,390.1499938964844,226
2014-10-31,378.62457275390625,391.0,399.0,390.0,390.04998779296875,55
2014-11-03,372.8144836425781,385.0,391.0,385.0,391.0,16
2014-11-05,366.7138671875,378.70001220703125,389.8500061035156,352.95001220703125,380.54998779296875,455
2014-11-07,382.06219482421875,394.54998779296875,398.0,385.0,389.95001220703125,285
2014-11-10,377.6562194824219,390.0,390.0,371.6000061035156,371.6000061035156,117
2014-11-11,377.6562194824219,390.0,397.75,390.0,397.75,2
2014-11-12,368.9410705566406,381.0,387.0,378.0,387.0,79
2014-11-13,359.1607360839844,370.8999938964844,381.0,361.25,381.0,735
2014-11-14,361.29107666015625,373.1000061035156,382.79998779296875,370.29998779296875,372.0,653
2014-11-17,369.81256103515625,381.8999938964844,389.75,371.1499938964844,371.1499938964844,174
2014-11-18,377.6562194824219,390.0,390.95001220703125,381.1000061035156,383.8500061035156,721
2014-11-19,381.52960205078125,394.0,395.0,389.95001220703125,389.95001220703125,91
2014-11-20,378.9150695800781,391.29998779296875,404.0,391.0,397.0,378
2014-11-21,377.1720275878906,389.5,399.0,380.0,393.95001220703125,1113
2014-11-24,379.15716552734375,391.54998779296875,394.95001220703125,383.1499938964844,392.0,1092
2014-11-25,372.76605224609375,384.95001220703125,393.0,380.5,389.0,1605
2014-11-26,383.1274108886719,395.6499938964844,409.79998779296875,390.0,395.5,2490
2014-11-27,379.7865905761719,392.20001220703125,403.0,392.0,403.0,247
2014-11-28,375.6226806640625,387.8999938964844,402.79998779296875,382.1499938964844,402.79998779296875,544
2014-12-01,379.5445251464844,391.95001220703125,391.95001220703125,385.0,386.8999938964844,456
2014-12-02,377.6562194824219,390.0,390.0,383.0,386.5,443
2014-12-03,377.7046203613281,390.04998779296875,393.5,383.6499938964844,384.0,749
2014-12-04,377.7046203613281,390.04998779296875,390.04998779296875,390.04998779296875,390.04998779296875,0
2014-12-05,377.7046203613281,390.04998779296875,390.04998779296875,390.04998779296875,390.04998779296875,0
2014-12-08,377.7046203613281,390.04998779296875,390.04998779296875,390.04998779296875,390.04998779296875,0
2014-12-09,374.6543273925781,386.8999938964844,390.04998779296875,385.0,390.04998779296875,650
2014-12-10,374.7511901855469,387.0,387.0,384.1499938964844,384.1499938964844,3
2014-12-11,375.1868896484375,387.45001220703125,390.0,387.04998779296875,387.04998779296875,213
2014-12-12,377.55938720703125,389.8999938964844,392.0,381.95001220703125,383.25,430
2014-12-15,376.6878356933594,389.0,395.0,373.0,373.0,1841
2014-12-16,363.7120056152344,375.6000061035156,389.0,375.0,388.95001220703125,2075
2014-12-17,363.1309509277344,375.0,377.0,374.6499938964844,376.1000061035156,807
2014-12-18,372.8144836425781,385.0,390.0,380.5,389.8999938964844,198
2014-12-19,364.29302978515625,376.20001220703125,383.25,372.29998779296875,372.29998779296875,151
2014-12-22,367.97271728515625,380.0,380.0,379.5,379.5,100
2014-12-23,362.8888854980469,374.75,378.0,370.0,376.0,1113
2014-12-24,362.7920227050781,374.6499938964844,375.0,372.0,375.0,557
2014-12-26,362.25946044921875,374.1000061035156,375.0,372.6000061035156,373.1499938964844,384
2014-12-29,362.25946044921875,374.1000061035156,380.0,371.6499938964844,371.6499938964844,2069
2014-12-30,360.75848388671875,372.54998779296875,375.0,372.1000061035156,372.3500061035156,294
2014-12-31,359.6933288574219,371.45001220703125,374.0,370.79998779296875,373.04998779296875,368
2015-01-01,360.22589111328125,372.0,372.0,371.04998779296875,371.1000061035156,20
2015-01-02,373.4923400878906,385.70001220703125,395.0,370.0,372.04998779296875,924
2015-01-05,370.9261779785156,383.04998779296875,389.0,375.0,380.0,387
2015-01-06,367.97271728515625,380.0,389.70001220703125,380.0,383.0,30
2015-01-07,367.97271728515625,380.0,380.0,380.0,380.0,6
2015-01-08,364.14776611328125,376.04998779296875,409.5,372.5,409.5,1489
2015-01-09,363.7604064941406,375.6499938964844,380.0,375.0,377.0,1294
2015-01-12,366.0359802246094,378.0,381.6000061035156,378.0,381.6000061035156,190
2015-01-13,366.9075622558594,378.8999938964844,394.0,372.04998779296875,372.04998779296875,1168
2015-01-14,359.8869934082031,371.6499938964844,379.04998779296875,370.0,379.04998779296875,1330
2015-01-15,360.66168212890625,372.45001220703125,376.0,372.1499938964844,376.0,706
2015-01-16,359.35443115234375,371.1000061035156,374.54998779296875,371.04998779296875,374.54998779296875,108
2015-01-19,358.8702697753906,370.6000061035156,372.04998779296875,370.04998779296875,370.75,272
2015-01-20,360.1290588378906,371.8999938964844,374.04998779296875,371.0,374.04998779296875,202
2015-01-21,358.337646484375,370.04998779296875,371.0,370.04998779296875,371.0,9
2015-01-22,359.2575988769531,371.0,376.5,370.1000061035156,370.1000061035156,3077
2015-01-23,359.9354248046875,371.70001220703125,371.70001220703125,371.70001220703125,371.70001220703125,1
2015-01-27,356.06201171875,367.70001220703125,372.0,367.3500061035156,371.70001220703125,189
2015-01-28,351.8497314453125,363.3500061035156,377.3999938964844,351.25,367.3999938964844,415
2015-01-29,345.99114990234375,357.29998779296875,369.95001220703125,357.04998779296875,360.0,71
2015-01-30,365.2613220214844,377.20001220703125,387.6000061035156,369.0,369.0,778
2015-02-02,386.5166015625,399.1499938964844,429.0,377.3999938964844,382.5,10406
2015-02-03,386.5650329589844,399.20001220703125,405.04998779296875,392.25,405.04998779296875,7998
2015-02-04,378.5277404785156,390.8999938964844,404.0,388.0,398.95001220703125,5711
2015-02-05,378.5277404785156,390.8999938964844,390.8999938964844,390.8999938964844,390.8999938964844,0
2015-02-06,367.97271728515625,380.0,399.25,380.0,399.25,56
2015-02-09,352.2854309082031,363.79998779296875,394.3500061035156,353.0,394.3500061035156,430
2015-02-10,354.6095275878906,366.20001220703125,366.20001220703125,360.04998779296875,360.04998779296875,11
2015-02-11,356.40093994140625,368.04998779296875,383.20001220703125,355.04998779296875,355.5,255
2015-02-12,312.0021667480469,322.20001220703125,365.0,315.0,365.0,10503
2015-02-13,296.6053771972656,306.29998779296875,329.6499938964844,300.1000061035156,329.6499938964844,2867
2015-02-16,303.0933532714844,313.0,315.0,287.04998779296875,306.5,1074
2015-02-18,283.9200134277344,293.20001220703125,311.1000061035156,275.20001220703125,301.25,2727
2015-02-19,290.45635986328125,299.95001220703125,300.0,292.0,293.0,913
2015-02-20,293.65191650390625,303.25,310.3999938964844,291.3999938964844,291.3999938964844,787
2015-02-23,279.1266784667969,288.25,300.04998779296875,285.0,298.0,722
2015-02-24,290.5047912597656,300.0,300.0,285.3999938964844,285.3999938964844,375
2015-02-25,284.7915344238281,294.1000061035156,303.70001220703125,290.0,300.0,551
2015-02-26,276.7057800292969,285.75,300.0,280.0,290.54998779296875,720
2015-02-27,274.6239013671875,283.6000061035156,293.29998779296875,280.1000061035156,286.25,81
2015-03-02,286.9703063964844,296.3500061035156,301.0,293.0,301.0,387
2015-03-03,278.8846130371094,288.0,298.3500061035156,270.3999938964844,298.3500061035156,1870
2015-03-04,274.0428466796875,283.0,290.04998779296875,280.5,290.04998779296875,121
2015-03-05,276.7057800292969,285.75,290.0,271.70001220703125,280.5,197
2015-03-09,275.5921936035156,284.6000061035156,285.0,270.0,283.0,415
2015-03-10,275.9795227050781,285.0,286.0,272.0,280.1000061035156,121
2015-03-11,271.6219787597656,280.5,285.0,280.0,285.0,177
2015-03-12,249.64044189453125,257.79998779296875,286.0,252.10000610351562,286.0,13954
2015-03-13,248.6720733642578,256.79998779296875,270.0,250.60000610351562,270.0,1134
2015-03-16,251.96449279785156,260.20001220703125,270.0,255.0,270.0,2352
2015-03-17,254.67588806152344,263.0,266.79998779296875,262.5,262.5,153
2015-03-18,263.48785400390625,272.1000061035156,274.8500061035156,265.0,265.0,543
2015-03-19,255.7410430908203,264.1000061035156,290.0,260.1000061035156,277.8999938964844,950
2015-03-20,254.28521728515625,262.0,270.6000061035156,250.0,255.0,786
2015-03-23,251.37355041503906,259.0,266.1499938964844,245.5500030517578,253.10000610351562,1476
2015-03-24,243.36648559570312,250.75,260.0,248.14999389648438,256.0,520
2015-03-25,242.63856506347656,250.0,255.0500030517578,236.0,236.0,380
2015-03-26,242.83267211914062,250.1999969482422,255.0,245.0,252.0,139
2015-03-27,234.58297729492188,241.6999969482422,252.0,238.0500030517578,252.0,88
2015-03-30,267.48480224609375,275.6000061035156,285.25,233.5,265.0,3443
2015-03-31,275.5403747558594,283.8999938964844,298.95001220703125,275.0,288.0,1183
2015-04-01,268.3582763671875,276.5,297.1499938964844,273.04998779296875,297.0,1493
2015-04-06,256.5174560546875,264.29998779296875,275.0,258.04998779296875,270.0,621
2015-04-07,257.2939147949219,265.1000061035156,286.0,251.5,263.0,331
2015-04-08,263.8936767578125,271.8999938964844,277.0,261.5,262.04998779296875,655
2015-04-09,263.8936767578125,271.8999938964844,271.8999938964844,271.8999938964844,271.8999938964844,0
2015-04-10,268.7950134277344,276.95001220703125,290.0,270.29998779296875,270.29998779296875,289
2015-04-13,271.9978332519531,280.25,281.1000061035156,262.0,262.0,922
2015-04-15,292.91326904296875,301.79998779296875,307.3999938964844,284.04998779296875,297.0,5184
2015-04-16,289.03106689453125,297.79998779296875,307.45001220703125,290.0,292.0,801
2015-04-17,289.9530944824219,298.75,300.0,291.0,291.0,214
2015-04-20,289.4678039550781,298.25,305.0,293.0,304.8500061035156,3334
2015-04-21,283.7900695800781,292.3999938964844,294.5,291.3500061035156,294.0,1332
2015-04-22,286.3134765625,295.0,307.0,291.1499938964844,299.5,1041
2015-04-23,288.1090393066406,296.8500061035156,304.3500061035156,291.5,304.3500061035156,282
2015-04-24,286.07086181640625,294.75,299.0,293.1499938964844,295.04998779296875,1651
2015-04-27,282.28570556640625,290.8500061035156,292.0,290.0,291.54998779296875,809
2015-04-28,288.2546081542969,297.0,297.0,267.3999938964844,280.1000061035156,95
2015-04-29,278.8887634277344,287.3500061035156,299.95001220703125,286.3999938964844,288.1000061035156,57
2015-04-30,288.93402099609375,297.70001220703125,300.04998779296875,287.0,287.0,323
2015-05-04,283.64447021484375,292.25,302.0,291.1000061035156,302.0,91
2015-05-05,285.87677001953125,294.54998779296875,302.8999938964844,294.0,302.8999938964844,22
2015-05-06,285.87677001953125,294.54998779296875,294.54998779296875,294.54998779296875,294.54998779296875,0
2015-05-07,279.422607421875,287.8999938964844,295.0,280.0,286.0,1988
2015-05-08,274.4242248535156,282.75,290.0,280.54998779296875,290.0,362
2015-05-11,273.0168762207031,281.29998779296875,299.5,280.0,299.5,306
2015-05-12,273.0654602050781,281.3500061035156,303.0,280.25,292.79998779296875,446
2015-05-13,266.9994812011719,275.1000061035156,283.0,275.0,283.0,668
2015-05-14,271.6096496582031,279.8500061035156,285.0,277.29998779296875,284.0,339
2015-05-15,270.2508544921875,278.45001220703125,282.0,270.0,271.0,291
2015-05-18,270.2508544921875,278.45001220703125,278.45001220703125,278.45001220703125,278.45001220703125,0
2015-05-19,280.29608154296875,288.79998779296875,288.79998779296875,288.79998779296875,288.79998779296875,1
2015-05-20,271.9007568359375,280.1499938964844,282.0,280.04998779296875,282.0,231
2015-05-21,275.1036071777344,283.45001220703125,283.5,280.1000061035156,280.1499938964844,201
2015-05-22,267.7274169921875,275.8500061035156,283.0,275.1000061035156,280.04998779296875,126
2015-05-25,280.92694091796875,289.45001220703125,297.8999938964844,282.20001220703125,285.95001220703125,125
2015-05-26,280.8783874511719,289.3999938964844,294.95001220703125,281.1000061035156,282.8999938964844,67
2015-05-27,290.9721374511719,299.79998779296875,302.0,282.3500061035156,282.3500061035156,718
2015-05-28,279.2769775390625,287.75,291.0,282.1000061035156,290.0,1662
2015-05-29,284.3724060058594,293.0,295.0,293.0,295.0,390
2015-06-01,284.3724060058594,293.0,293.0,293.0,293.0,5
2015-06-02,271.9493103027344,280.20001220703125,285.0,280.20001220703125,285.0,78
2015-06-03,272.14337158203125,280.3999938964844,285.0,275.20001220703125,278.0,436
2015-06-04,267.0965270996094,275.20001220703125,275.8999938964844,274.1000061035156,275.6499938964844,63
2015-06-05,282.5283508300781,291.1000061035156,307.0,288.0,290.0,283
2015-06-08,284.27532958984375,292.8999938964844,298.70001220703125,289.0,290.0,473
2015-06-09,284.27532958984375,292.8999938964844,292.8999938964844,292.8999938964844,292.8999938964844,0
2015-06-10,273.8418884277344,282.1499938964844,289.8999938964844,282.0,285.0,39
2015-06-11,276.6079406738281,285.0,285.1000061035156,285.0,285.0,71
2015-06-12,269.9596862792969,278.1499938964844,285.0,276.0,279.0,16
2015-06-15,265.3980712890625,273.45001220703125,289.70001220703125,262.0,262.0,330
2015-06-16,266.8053894042969,274.8999938964844,277.0,272.1000061035156,273.0,50
2015-06-17,274.56982421875,282.8999938964844,290.0,273.54998779296875,290.0,75
2015-06-18,262.534912109375,270.5,279.5,270.1000061035156,275.1499938964844,165
2015-06-19,271.5125427246094,279.75,285.95001220703125,274.0,275.0,152
2015-06-22,277.86968994140625,286.29998779296875,305.0,283.25,305.0,595
2015-06-23,286.4590759277344,295.1499938964844,297.95001220703125,281.6499938964844,290.70001220703125,180
2015-06-24,284.17828369140625,292.79998779296875,292.79998779296875,290.1499938964844,290.1499938964844,6
2015-06-25,273.4536437988281,281.75,290.0,280.0,283.0,62
2015-06-26,270.2023010253906,278.3999938964844,290.3999938964844,275.0,275.0,92
2015-06-29,268.5523681640625,276.70001220703125,292.8999938964844,274.0,292.8999938964844,47
2015-06-30,262.9716796875,270.95001220703125,287.6499938964844,256.6499938964844,283.0,198
2015-07-01,273.6962890625,282.0,287.95001220703125,282.0,287.95001220703125,22
2015-07-02,285.87677001953125,294.54998779296875,300.0,282.0,286.3999938964844,1964
2015-07-03,283.45037841796875,292.04998779296875,300.0,285.0,285.0,167
2015-07-06,278.3549499511719,286.79998779296875,298.0,272.04998779296875,280.0,316
2015-07-07,333.14276123046875,343.25,344.1499938964844,296.0,296.0,9219
2015-07-08,334.7441711425781,344.8999938964844,368.95001220703125,326.5,350.0,9771
2015-07-09,329.6487731933594,339.6499938964844,350.70001220703125,338.45001220703125,350.70001220703125,4638
2015-07-10,319.603515625,329.29998779296875,340.0,316.54998779296875,340.0,1669
2015-07-13,306.50103759765625,315.79998779296875,327.95001220703125,313.0,327.95001220703125,1423
2015-07-14,292.67059326171875,301.54998779296875,314.25,301.0,314.25,953
2015-07-15,292.67059326171875,301.54998779296875,312.0,291.5,300.0,248
2015-07-16,324.6989440917969,334.54998779296875,361.8500061035156,311.5,311.5,3913
2015-07-17,328.1443786621094,338.1000061035156,347.0,332.20001220703125,336.0,970
2015-07-20,325.8150634765625,335.70001220703125,343.45001220703125,325.25,343.45001220703125,1169
2015-07-21,328.5811462402344,338.54998779296875,340.95001220703125,338.5,340.95001220703125,53
2015-07-22,313.489013671875,323.0,334.70001220703125,320.0,330.0,329
2015-07-23,315.43011474609375,325.0,325.0,321.95001220703125,323.25,165
2015-07-24,319.3123474121094,329.0,345.0,319.95001220703125,324.0,488
2015-07-27,308.5391845703125,317.8999938964844,341.95001220703125,312.04998779296875,312.04998779296875,579
2015-07-28,295.5823059082031,304.54998779296875,315.04998779296875,296.79998779296875,311.6499938964844,1351
2015-07-29,318.8236999511719,325.79998779296875,344.79998779296875,303.0,307.5,551
2015-07-30,314.1754455566406,321.04998779296875,345.0,317.0,317.0,975
2015-07-31,307.81463623046875,314.54998779296875,329.95001220703125,310.0,322.5,1778
2015-08-03,300.6709289550781,307.25,315.0,303.0,315.0,535
2015-08-04,300.08380126953125,306.6499938964844,326.0,303.1000061035156,314.45001220703125,543
2015-08-05,321.4659423828125,328.5,360.0,317.1499938964844,317.1499938964844,734
2015-08-06,317.2580261230469,324.20001220703125,326.0,324.0,325.95001220703125,70
2015-08-07,315.4476318359375,322.3500061035156,325.0,311.1000061035156,319.8999938964844,767
2015-08-10,311.9247131347656,318.75,338.0,307.0,307.0,593
2015-08-11,315.1051025390625,322.0,322.0,312.6000061035156,312.6000061035156,15
2015-08-12,293.576171875,300.0,315.45001220703125,267.95001220703125,306.25,7162
2015-08-13,279.8270568847656,285.95001220703125,333.8500061035156,275.25,333.8500061035156,2435
2015-08-14,280.707763671875,286.8500061035156,296.0,279.0,290.0,556
2015-08-17,286.6282043457031,292.8999938964844,298.95001220703125,283.0,295.0,123
2015-08-18,274.3958435058594,280.3999938964844,287.8999938964844,262.6000061035156,285.0,1215
2015-08-19,274.102294921875,280.1000061035156,294.8999938964844,280.0,289.6000061035156,188
2015-08-20,280.0716857910156,286.20001220703125,293.95001220703125,281.0,288.45001220703125,147
2015-08-21,269.89434814453125,275.79998779296875,285.0,266.1000061035156,280.0,276
2015-08-24,248.610107421875,254.0500030517578,266.20001220703125,251.0,266.20001220703125,636
2015-08-25,250.1758270263672,255.64999389648438,269.8999938964844,246.0,254.0500030517578,230
2015-08-26,253.94337463378906,259.5,274.95001220703125,250.0,256.1000061035156,135
2015-08-27,264.1696472167969,269.95001220703125,270.0,269.95001220703125,269.95001220703125,157
2015-08-28,268.2796936035156,274.1499938964844,275.0,265.04998779296875,274.8999938964844,309
2015-08-31,267.39898681640625,273.25,285.0,263.70001220703125,274.8500061035156,5026
2015-09-01,280.56097412109375,286.70001220703125,294.79998779296875,250.10000610351562,260.0,1657
2015-09-02,295.19085693359375,301.6499938964844,313.0,271.0,272.95001220703125,1815
2015-09-03,288.04718017578125,294.3500061035156,310.0,291.0,310.0,556
2015-09-04,265.0503845214844,270.8500061035156,297.54998779296875,270.0,285.0,405
2015-09-07,262.2613830566406,268.0,268.0,268.0,268.0,1
2015-09-08,255.94949340820312,261.54998779296875,296.0,252.10000610351562,296.0,365
2015-09-09,255.75379943847656,261.3500061035156,279.0,260.0,279.0,972
2015-09-10,244.9893341064453,250.35000610351562,279.0,244.85000610351562,244.85000610351562,1820
2015-09-11,257.66204833984375,263.29998779296875,265.0,251.0,263.0,640
2015-09-14,257.1727294921875,262.79998779296875,262.79998779296875,257.0,262.75,60
2015-09-15,254.43270874023438,260.0,264.0,250.0,250.0,410
2015-09-16,258.00457763671875,263.6499938964844,263.6499938964844,263.6499938964844,263.6499938964844,0
2015-09-18,255.41131591796875,261.0,262.0,261.0,261.6499938964844,3
2015-09-21,262.2613830566406,268.0,283.0,267.5,274.8999938964844,1906
2015-09-22,264.21856689453125,270.0,272.04998779296875,267.5,272.0,128
2015-09-23,256.3409729003906,261.95001220703125,270.0,251.10000610351562,270.0,4257
2015-09-24,263.23992919921875,269.0,274.0,262.20001220703125,263.8500061035156,1902
2015-09-28,263.23992919921875,269.0,272.0,269.0,269.0,1105
2015-09-29,251.98623657226562,257.5,269.0,241.5,260.0,199
2015-09-30,251.98623657226562,257.5,257.5,257.5,257.5,0
2015-10-01,254.43270874023438,260.0,260.0,258.54998779296875,258.75,110
2015-10-05,252.622314453125,258.1499938964844,272.0,257.3999938964844,272.0,505
2015-10-06,254.041259765625,259.6000061035156,268.0,258.0,267.0,643
2015-10-07,266.2735900878906,272.1000061035156,274.0,260.0,260.0,2370
2015-10-08,262.3592834472656,268.1000061035156,273.0,260.04998779296875,260.04998779296875,62
2015-10-09,260.45098876953125,266.1499938964844,276.0,263.6499938964844,273.0,157
2015-10-12,271.6069030761719,277.54998779296875,290.0,259.29998779296875,280.0,500
2015-10-13,267.2032775878906,273.04998779296875,273.04998779296875,273.04998779296875,273.04998779296875,40
2015-10-14,267.2032775878906,273.04998779296875,274.1000061035156,273.04998779296875,273.04998779296875,463
2015-10-15,269.0625915527344,274.95001220703125,275.0,274.95001220703125,275.0,10
2015-10-16,263.7292785644531,269.5,285.0,266.04998779296875,285.0,172
2015-10-19,264.21856689453125,270.0,271.95001220703125,270.0,271.95001220703125,10
2015-10-20,262.995361328125,268.75,274.0,265.04998779296875,270.0,1263
2015-10-21,260.20635986328125,265.8999938964844,280.0,265.0,270.0,1186
2015-10-23,258.8363342285156,264.5,265.20001220703125,264.5,265.20001220703125,42
2015-10-26,259.32562255859375,265.0,265.0,265.0,265.0,10
2015-10-27,264.21856689453125,270.0,270.0,269.79998779296875,269.79998779296875,44
2015-10-28,257.36846923828125,263.0,263.0,257.0,260.0,15
2015-10-29,264.07177734375,269.8500061035156,273.54998779296875,258.5,270.29998779296875,1389
2015-10-30,259.5702819824219,265.25,273.54998779296875,263.0,269.8500061035156,833
2015-11-02,256.24310302734375,261.8500061035156,269.0,260.1499938964844,269.0,757
2015-11-03,256.3409729003906,261.95001220703125,271.0,258.1000061035156,270.0,879
2015-11-04,250.27369689941406,255.75,261.1499938964844,252.1999969482422,255.0,812
2015-11-05,259.3745422363281,265.04998779296875,265.75,253.0,253.0,236
2015-11-06,255.3623809814453,260.95001220703125,261.70001220703125,260.0,260.25,113
2015-11-09,253.69876098632812,259.25,274.8500061035156,250.0,250.0,65
2015-11-10,252.86697387695312,258.3999938964844,270.0,250.1999969482422,250.1999969482422,1425
2015-11-13,245.82113647460938,251.1999969482422,258.8999938964844,250.0,250.0,48
2015-11-16,242.64071655273438,247.9499969482422,251.39999389648438,242.0,251.39999389648438,2172
2015-11-17,254.28590393066406,259.8500061035156,260.0,250.0,259.6000061035156,121
2015-11-18,240.48782348632812,245.75,251.1999969482422,241.3000030517578,251.1999969482422,397
2015-11-19,249.49082946777344,254.9499969482422,259.95001220703125,246.0,251.0,37
2015-11-20,246.60400390625,252.0,257.0,252.0,254.0,296
2015-11-23,252.32875061035156,257.8500061035156,260.0,250.0,259.79998779296875,451
2015-11-24,253.4541015625,259.0,259.0,259.0,259.0,4
2015-11-26,250.029052734375,255.5,264.75,247.0,250.0,789
2015-11-27,253.69876098632812,259.25,268.79998779296875,255.5,261.0,1232
2015-11-30,247.58258056640625,253.0,260.6000061035156,253.0,260.5,715
2015-12-01,252.4755401611328,258.0,260.0,256.3999938964844,259.8999938964844,513
2015-12-02,243.86395263671875,249.1999969482422,267.20001220703125,246.0,267.0,2506
2015-12-03,249.44189453125,254.89999389648438,258.0,252.0,257.8999938964844,32
2015-12-04,251.10549926757812,256.6000061035156,257.8999938964844,254.0500030517578,257.8500061035156,60
2015-12-07,251.10549926757812,256.6000061035156,259.70001220703125,251.10000610351562,254.0,120
2015-12-08,246.94650268554688,252.35000610351562,257.0,245.5,254.0500030517578,165
2015-12-09,249.44189453125,254.89999389648438,257.0,250.0,253.89999389648438,119
2015-12-10,248.31654357910156,253.75,254.39999389648438,248.0,248.0500030517578,136
2015-12-11,249.39297485351562,254.85000610351562,257.3500061035156,248.10000610351562,257.3500061035156,1051
2015-12-14,244.84254455566406,250.1999969482422,256.29998779296875,246.1999969482422,251.0,4316
2015-12-15,244.6957550048828,250.0500030517578,252.0,248.9499969482422,249.0500030517578,355
2015-12-16,245.6254119873047,251.0,256.5,251.0,251.5,1877
2015-12-17,251.44801330566406,256.95001220703125,261.5,253.0,261.0,192
2015-12-18,249.5397491455078,255.0,258.8999938964844,246.1999969482422,250.0,483
2015-12-21,246.65293884277344,252.0500030517578,260.0,251.0500030517578,252.0500030517578,313
2015-12-22,251.5948028564453,257.1000061035156,257.95001220703125,257.0,257.0,400
2015-12-23,254.43270874023438,260.0,260.0,254.5500030517578,254.5500030517578,30
2015-12-24,259.2767028808594,264.95001220703125,264.95001220703125,259.6499938964844,260.0,673
2015-12-28,251.49693298339844,257.0,263.95001220703125,257.0,263.95001220703125,270
2015-12-29,257.36846923828125,263.0,269.0,256.70001220703125,263.95001220703125,863
2015-12-30,258.3470153808594,264.0,287.20001220703125,250.39999389648438,264.0,2219
2015-12-31,252.96482849121094,258.5,265.04998779296875,257.0,264.95001220703125,546
2016-01-01,264.21856689453125,270.0,274.70001220703125,265.95001220703125,270.6499938964844,349
2016-01-04,267.1543273925781,273.0,276.70001220703125,259.04998779296875,261.6000061035156,2247
2016-01-05,277.1359558105469,283.20001220703125,285.0,275.0,276.0,3399
2016-01-06,270.090087890625,276.0,287.0,275.5,286.0,1170
2016-01-07,265.2950134277344,271.1000061035156,275.0,271.1000061035156,271.20001220703125,56
2016-01-08,266.077880859375,271.8999938964844,280.0,267.04998779296875,272.0,617
2016-01-11,269.6007995605469,275.5,280.0,249.0,280.0,252
2016-01-12,257.3195495605469,262.95001220703125,280.0,244.0,271.3500061035156,6806
2016-01-13,269.0136413574219,274.8999938964844,276.3999938964844,260.0,269.70001220703125,1110
2016-01-14,254.33482360839844,259.8999938964844,276.8500061035156,250.0,265.1000061035156,1416
2016-01-15,254.43270874023438,260.0,262.0,255.0500030517578,255.10000610351562,636
2016-01-18,246.35935974121094,251.75,259.5,250.0,250.0500030517578,517
2016-01-19,241.46641540527344,246.75,253.1999969482422,245.1999969482422,253.0,2452
2016-01-20,243.91290283203125,249.25,255.0,248.0,250.0,711
2016-01-21,246.60400390625,252.0,252.0,252.0,252.0,25
2016-01-22,243.22787475585938,248.5500030517578,258.0,248.0,258.0,692
2016-01-25,244.79359436035156,250.14999389648438,263.3999938964844,250.0,263.3999938964844,507
2016-01-27,242.6896514892578,248.0,259.0,248.0,250.39999389648438,281
2016-01-28,244.64682006835938,250.0,255.0,248.5500030517578,248.5500030517578,9
2016-01-29,244.64682006835938,250.0,250.0,250.0,250.0,0
2016-02-01,253.4541015625,259.0,265.0,252.0,257.5,423
2016-02-02,262.2125244140625,267.95001220703125,268.0,264.8999938964844,265.0,170
2016-02-03,249.58868408203125,255.0500030517578,260.0,250.10000610351562,260.0,202
2016-02-04,245.67434692382812,251.0500030517578,255.5,251.0500030517578,255.5,120
2016-02-05,266.3714904785156,272.20001220703125,279.0,254.0,254.0,2194
2016-02-08,266.1757507324219,272.0,272.0,272.0,272.0,5
2016-02-09,254.43270874023438,260.0,265.0,258.0,265.0,598
2016-02-10,246.79971313476562,252.1999969482422,273.79998779296875,252.0,260.0,1011
2016-02-11,239.3135223388672,244.5500030517578,257.5,244.0,257.0,417
2016-02-12,239.01995849609375,244.25,253.9499969482422,241.0,241.0500030517578,55
2016-02-15,235.83953857421875,241.0,249.6999969482422,236.1999969482422,245.10000610351562,1921
2016-02-16,233.8823699951172,239.0,242.0500030517578,238.0,242.0,3633
2016-02-17,236.2799072265625,241.4499969482422,249.0,229.0,236.0,269
2016-02-18,234.71417236328125,239.85000610351562,240.14999389648438,239.0,240.14999389648438,74
2016-02-19,226.6897430419922,231.64999389648438,251.5,230.0500030517578,251.5,192
2016-02-22,228.01084899902344,233.0,246.39999389648438,230.0,246.3000030517578,153
2016-02-23,232.3166046142578,237.39999389648438,237.39999389648438,230.0,230.0,83
2016-02-24,228.98944091796875,234.0,234.0,230.0,230.0,2
2016-02-25,228.98944091796875,234.0,234.0,234.0,234.0,0
2016-02-26,222.13931274414062,227.0,255.0,222.10000610351562,249.89999389648438,189
2016-02-29,221.0628662109375,225.89999389648438,240.0,222.0,238.85000610351562,623
2016-03-01,225.8579559326172,230.8000030517578,232.5,227.0,227.0,140
2016-03-02,232.61019897460938,237.6999969482422,238.0,230.10000610351562,232.5,567
2016-03-03,227.5704803466797,232.5500030517578,250.0,225.4499969482422,250.0,1268
2016-03-04,218.9099884033203,223.6999969482422,246.0,221.0,225.14999389648438,2297
2016-03-08,214.50633239746094,219.1999969482422,229.60000610351562,214.89999389648438,222.35000610351562,12768
2016-03-09,220.52467346191406,225.35000610351562,238.89999389648438,202.1999969482422,230.0,1012
2016-03-10,216.41458129882812,221.14999389648438,228.0,219.9499969482422,228.0,883
2016-03-11,209.90696716308594,214.5,226.9499969482422,211.0,226.9499969482422,1699
2016-03-14,211.81520080566406,216.4499969482422,222.89999389648438,215.0500030517578,221.0,180
2016-03-15,209.4176788330078,214.0,219.85000610351562,212.5,212.5,243
2016-03-16,217.98031616210938,222.75,230.0,212.3000030517578,222.0,584
2016-03-17,225.27078247070312,230.1999969482422,239.0,221.0500030517578,233.5,1812
2016-03-18,231.97412109375,237.0500030517578,247.0,223.0,240.0,6112
2016-03-21,226.9343719482422,231.89999389648438,238.6999969482422,227.3000030517578,230.1999969482422,201
2016-03-22,223.11790466308594,228.0,236.0,226.25,234.0,3554
2016-03-23,215.48492431640625,220.1999969482422,231.8000030517578,215.0,226.25,629
2016-03-28,211.71737670898438,216.35000610351562,246.0,214.0,225.0,30677
2016-03-29,210.68984985351562,215.3000030517578,219.9499969482422,210.0,210.10000610351562,5161
2016-03-30,208.14552307128906,212.6999969482422,222.0,210.0,217.0,1752
2016-03-31,210.29840087890625,214.89999389648438,216.5,213.0,213.0500030517578,871
2016-04-01,207.9987335205078,212.5500030517578,217.5,210.0500030517578,215.5,1213
2016-04-04,209.4176788330078,214.0,218.0,213.0,213.0,1112
2016-04-05,209.2219696044922,213.8000030517578,216.9499969482422,212.0,214.0,2771
2016-04-06,207.36264038085938,211.89999389648438,215.0,210.9499969482422,212.0,1050
2016-04-07,214.40847778320312,219.10000610351562,224.60000610351562,206.5,206.5,11164
2016-04-08,218.9099884033203,223.6999969482422,230.0,217.5,217.5,3947
2016-04-11,212.79380798339844,217.4499969482422,227.39999389648438,216.1999969482422,223.6999969482422,7228
2016-04-12,217.53994750976562,222.3000030517578,227.9499969482422,217.0,227.9499969482422,2476
2016-04-13,219.350341796875,224.14999389648438,225.0,219.0,219.0500030517578,1596
2016-04-18,214.7509765625,219.4499969482422,223.8000030517578,216.0500030517578,220.0,1499
2016-04-20,217.53994750976562,222.3000030517578,225.0,220.25,221.0500030517578,1717
2016-04-21,220.18214416503906,225.0,225.0,219.85000610351562,223.9499969482422,750
2016-04-22,221.94358825683594,226.8000030517578,229.0,221.35000610351562,223.85000610351562,688
2016-04-25,219.0078582763672,223.8000030517578,235.0,222.75,235.0,1707
2016-04-26,220.52467346191406,225.35000610351562,231.0,221.5,222.10000610351562,1939
2016-04-27,222.53073120117188,227.39999389648438,228.0,222.5500030517578,223.39999389648438,547
2016-04-28,217.0506591796875,221.8000030517578,226.0,216.0,226.0,212
2016-04-29,217.7356719970703,222.5,225.0,220.0,224.89999389648438,777
2016-05-02,215.38705444335938,220.10000610351562,229.0,212.25,217.3000030517578,910
2016-05-03,218.3717498779297,223.14999389648438,226.8000030517578,217.0500030517578,217.0500030517578,2191
2016-05-04,218.3717498779297,223.14999389648438,223.14999389648438,223.14999389648438,223.14999389648438,0
2016-05-05,215.87637329101562,220.60000610351562,232.0,218.5,231.89999389648438,660
2016-05-06,217.98031616210938,222.75,226.0,221.6999969482422,224.9499969482422,254
2016-05-09,216.757080078125,221.5,225.0,221.0,224.89999389648438,461
2016-05-10,216.26780700683594,221.0,224.5,217.10000610351562,222.64999389648438,228
2016-05-11,213.28309631347656,217.9499969482422,223.25,217.5,223.25,473
2016-05-12,215.92529296875,220.64999389648438,227.8000030517578,218.3000030517578,220.0,820
2016-05-13,211.2280731201172,215.85000610351562,220.0500030517578,215.3000030517578,217.5500030517578,355
2016-05-16,214.16384887695312,218.85000610351562,222.0,216.5,219.3000030517578,205
2016-05-17,212.79380798339844,217.4499969482422,220.5500030517578,216.0,216.0,512
2016-05-18,219.7906951904297,224.60000610351562,225.0,218.1999969482422,218.1999969482422,61
2016-05-19,212.3534393310547,217.0,225.85000610351562,215.0,225.85000610351562,310
2016-05-20,212.84274291992188,217.5,222.5500030517578,217.5,218.1999969482422,193
2016-05-23,215.24026489257812,219.9499969482422,223.3000030517578,215.0,223.3000030517578,25
2016-05-24,207.46051025390625,212.0,220.0,210.0,220.0,137
2016-05-25,210.3473358154297,214.9499969482422,221.14999389648438,213.0,215.0,153
2016-05-26,210.8855743408203,215.5,222.85000610351562,215.0,222.85000610351562,326
2016-05-27,206.38406372070312,210.89999389648438,215.39999389648438,210.14999389648438,210.14999389648438,1291
2016-05-30,215.14242553710938,219.85000610351562,219.85000610351562,219.0,219.0,3
2016-05-31,207.1179962158203,211.64999389648438,212.25,211.5,211.5500030517578,173
2016-06-01,208.3412322998047,212.89999389648438,222.5,212.25,222.5,509
2016-06-02,211.13021850585938,215.75,216.0,212.10000610351562,212.10000610351562,151
2016-06-03,208.43910217285156,213.0,215.0500030517578,213.0,215.0500030517578,319
2016-06-06,206.87335205078125,211.39999389648438,215.0,205.4499969482422,208.0500030517578,846
2016-06-07,205.1118927001953,209.60000610351562,215.0,207.10000610351562,214.9499969482422,1065
2016-06-08,205.1118927001953,209.60000610351562,209.60000610351562,209.60000610351562,209.60000610351562,0
2016-06-09,204.81832885742188,209.3000030517578,215.0,209.3000030517578,211.0,607
2016-06-10,210.39627075195312,215.0,218.0,211.64999389648438,216.0,464
2016-06-13,213.8213348388672,218.5,218.5,213.1999969482422,217.0,712
2016-06-14,210.39627075195312,215.0,215.10000610351562,215.0,215.0500030517578,130
2016-06-15,209.31980895996094,213.89999389648438,218.0500030517578,212.1999969482422,212.64999389648438,1366
2016-06-16,206.48193359375,211.0,218.0,208.0500030517578,214.5,1539
2016-06-17,207.5094451904297,212.0500030517578,214.39999389648438,209.9499969482422,213.89999389648438,681
2016-06-20,204.47579956054688,208.9499969482422,215.0,207.5500030517578,208.0500030517578,3982
2016-06-21,205.65011596679688,210.14999389648438,214.85000610351562,204.0,214.8000030517578,1327
2016-06-22,202.12721252441406,206.5500030517578,223.89999389648438,205.0,210.0,33428
2016-06-23,203.9865264892578,208.4499969482422,212.0,205.0,212.0,4236
2016-06-24,193.17312622070312,197.39999389648438,209.5500030517578,192.25,209.5500030517578,9614
2016-06-27,201.24647521972656,205.64999389648438,209.8000030517578,192.25,206.35000610351562,892
2016-06-28,202.76327514648438,207.1999969482422,209.0,203.60000610351562,203.60000610351562,621
2016-06-29,210.68984985351562,215.3000030517578,217.0,208.5,208.5,1360
2016-06-30,207.0201416015625,211.5500030517578,220.0,210.5,220.0,946
2016-07-01,210.8855743408203,215.5,221.0,211.0,211.0,1929
2016-07-04,217.53994750976562,222.3000030517578,225.0,212.8000030517578,221.75,5168
2016-07-05,207.7540740966797,212.3000030517578,223.9499969482422,210.0,223.9499969482422,3220
2016-07-07,204.5736846923828,209.0500030517578,221.5,208.9499969482422,212.60000610351562,8124
2016-07-08,203.54615783691406,208.0,212.75,207.75,210.0,849
2016-07-11,205.4054718017578,209.89999389648438,211.0,206.5,206.5,1760
2016-07-12,207.36264038085938,211.89999389648438,214.3000030517578,207.0,210.0,5857
2016-07-13,203.0079345703125,207.4499969482422,215.14999389648438,205.5,215.14999389648438,1913
2016-07-14,204.720458984375,209.1999969482422,216.39999389648438,208.0,216.39999389648438,133
2016-07-15,201.78468322753906,206.1999969482422,214.0,204.5,211.0,3644
2016-07-18,202.71435546875,207.14999389648438,211.8000030517578,207.0500030517578,211.8000030517578,62
2016-07-19,201.5889892578125,206.0,210.5,205.3000030517578,210.5,335
2016-07-20,202.56756591796875,207.0,209.0,204.89999389648438,204.89999389648438,129
2016-07-21,198.99574279785156,203.35000610351562,209.3000030517578,202.5,209.3000030517578,1371
2016-07-22,200.6103973388672,205.0,208.25,202.0,208.25,2031
2016-07-25,198.35964965820312,202.6999969482422,207.0,202.0,205.0,1088
2016-07-26,196.89175415039062,201.1999969482422,206.64999389648438,201.10000610351562,204.0,1019
2016-07-27,196.30462646484375,200.60000610351562,204.0,200.60000610351562,203.0,581
2016-07-28,199.6807403564453,204.0500030517578,206.6999969482422,201.0,202.0,345
2016-07-29,203.05686950683594,207.5,208.5,200.0,204.5,383
2016-08-01,204.4268798828125,208.89999389648438,209.0,205.0500030517578,208.9499969482422,251
2016-08-02,200.1700439453125,204.5500030517578,208.89999389648438,204.3000030517578,208.89999389648438,674
2016-08-03,201.39927673339844,204.8000030517578,223.0,202.14999389648438,206.1999969482422,2772
2016-08-04,204.34945678710938,207.8000030517578,208.0,203.14999389648438,206.14999389648438,24
2016-08-05,201.49761962890625,204.89999389648438,213.39999389648438,204.25,213.0,956
2016-08-08,201.30093383789062,204.6999969482422,208.85000610351562,204.3000030517578,204.3000030517578,842
2016-08-09,203.02188110351562,206.4499969482422,214.9499969482422,205.75,212.39999389648438,854
2016-08-10,200.612548828125,204.0,207.0,204.0,207.0,435
2016-08-11,207.25047302246094,210.75,212.89999389648438,206.0,212.89999389648438,523
2016-08-12,208.97142028808594,212.5,214.0,203.25,213.5,5113
2016-08-16,202.77603149414062,206.1999969482422,206.1999969482422,206.0500030517578,206.14999389648438,202
2016-08-17,202.2351531982422,205.64999389648438,210.0,200.5,208.39999389648438,291
2016-08-18,209.36477661132812,212.89999389648438,212.89999389648438,206.4499969482422,211.85000610351562,161
2016-08-19,205.62786865234375,209.10000610351562,212.9499969482422,208.0,212.0,492
2016-08-22,204.00526428222656,207.4499969482422,212.0,205.60000610351562,209.0500030517578,2509
2016-08-23,203.51356506347656,206.9499969482422,211.4499969482422,206.0,207.0,102
2016-08-24,202.579345703125,206.0,208.9499969482422,204.0,204.1999969482422,850
2016-08-25,202.7268524169922,206.14999389648438,207.0500030517578,206.0,207.0500030517578,51
2016-08-26,204.39862060546875,207.85000610351562,213.10000610351562,204.1999969482422,212.4499969482422,533
2016-08-29,205.57870483398438,209.0500030517578,209.0500030517578,207.0,207.0,24
2016-08-30,205.38201904296875,208.85000610351562,211.0,206.25,210.0,929
2016-08-31,205.77537536621094,209.25,213.89999389648438,208.6999969482422,212.0,456
2016-09-01,205.48036193847656,208.9499969482422,211.85000610351562,207.5,208.0,814
2016-09-02,203.6610870361328,207.10000610351562,211.39999389648438,206.0500030517578,208.0,568
2016-09-06,201.69430541992188,205.10000610351562,209.0,203.0,209.0,4347
2016-09-07,201.595947265625,205.0,206.0,204.25,206.0,1093
2016-09-08,200.02252197265625,203.39999389648438,215.0,203.14999389648438,209.0,4320
2016-09-09,204.89031982421875,208.35000610351562,214.9499969482422,204.0,204.0500030517578,8331
2016-09-12,201.595947265625,205.0,210.0,203.0500030517578,209.3000030517578,2356
2016-09-14,201.595947265625,205.0,205.0,205.0,205.0,0
2016-09-15,201.84181213378906,205.25,206.4499969482422,202.0500030517578,203.5500030517578,939
2016-09-16,200.71090698242188,204.10000610351562,205.5,202.10000610351562,202.6999969482422,746
2016-09-19,199.629150390625,203.0,213.0,197.0,197.0,1901
2016-09-20,202.1859893798828,205.60000610351562,207.0,203.1999969482422,206.0,605
2016-09-21,202.62852478027344,206.0500030517578,207.35000610351562,201.0,204.0,1014
2016-09-22,195.35137939453125,198.64999389648438,206.5,193.39999389648438,203.14999389648438,8809
2016-09-23,195.5972442626953,198.89999389648438,204.0,198.25,199.1999969482422,5899
2016-09-26,195.1055450439453,198.39999389648438,201.9499969482422,194.0,201.9499969482422,2060
2016-09-27,194.76136779785156,198.0500030517578,201.5,196.9499969482422,200.9499969482422,17566
2016-09-28,197.21986389160156,200.5500030517578,216.0,198.0,205.0,522270
2016-09-29,189.647705078125,192.85000610351562,204.39999389648438,186.9499969482422,204.39999389648438,46591
2016-09-30,189.7460479736328,192.9499969482422,198.1999969482422,192.25,198.1999969482422,1022
2016-10-03,193.4829559326172,196.75,197.6999969482422,193.89999389648438,197.6999969482422,3993
2016-10-04,194.1713104248047,197.4499969482422,199.9499969482422,194.9499969482422,199.9499969482422,731
2016-10-05,193.6796112060547,196.9499969482422,200.0,193.3000030517578,200.0,13674
2016-10-06,193.97463989257812,197.25,199.0,191.0,199.0,5884
2016-10-07,191.56532287597656,194.8000030517578,202.4499969482422,193.0500030517578,197.1999969482422,5557
2016-10-10,193.77796936035156,197.0500030517578,197.9499969482422,195.64999389648438,197.9499969482422,1068
2016-10-13,187.14004516601562,190.3000030517578,195.89999389648438,184.0500030517578,195.0,1219
2016-10-14,190.63111877441406,193.85000610351562,194.9499969482422,191.0,191.0,1208
2016-10-17,188.66432189941406,191.85000610351562,199.0,190.0500030517578,198.75,7589
2016-10-18,191.31947326660156,194.5500030517578,194.9499969482422,193.0,194.9499969482422,1007
2016-10-19,196.08892822265625,199.39999389648438,202.89999389648438,193.5,193.5,14196
2016-10-20,194.90887451171875,198.1999969482422,210.0,194.0,207.35000610351562,6662
2016-10-21,195.69557189941406,199.0,200.89999389648438,196.0,198.0,9460
2016-10-24,196.08892822265625,199.39999389648438,203.8000030517578,197.0,197.0,13865
2016-10-25,198.2032470703125,201.5500030517578,206.3000030517578,196.0500030517578,206.3000030517578,30596
2016-10-26,204.34945678710938,207.8000030517578,218.0,199.9499969482422,200.0,40295
2016-10-27,201.20260620117188,204.60000610351562,219.0,202.25,215.0,19622
2016-10-28,203.75942993164062,207.1999969482422,217.8000030517578,203.75,203.8000030517578,18018
2016-11-01,201.0059051513672,204.39999389648438,209.89999389648438,201.0,205.14999389648438,7568
2016-11-02,197.4656982421875,200.8000030517578,205.85000610351562,200.0,205.85000610351562,4108
2016-11-03,195.35137939453125,198.64999389648438,209.9499969482422,198.0,208.75,3403
2016-11-04,190.63111877441406,193.85000610351562,200.0,166.89999389648438,198.5,15677
2016-11-07,200.36669921875,203.75,209.0,195.1999969482422,199.5,7818
2016-11-08,197.21986389160156,200.5500030517578,211.8000030517578,198.0,211.8000030517578,1978
2016-11-09,187.09088134765625,190.25,199.0,187.9499969482422,197.0,3937
2016-11-10,199.08828735351562,202.4499969482422,203.0,196.3000030517578,199.85000610351562,977
2016-11-11,189.69686889648438,192.89999389648438,198.4499969482422,191.0,195.9499969482422,2973
2016-11-15,179.51873779296875,182.5500030517578,193.0500030517578,182.0500030517578,193.0,1986
2016-11-16,182.07554626464844,185.14999389648438,189.0,183.35000610351562,185.0,1790
2016-11-17,180.01043701171875,183.0500030517578,187.0,181.14999389648438,183.35000610351562,10416
2016-11-18,181.43637084960938,184.5,186.4499969482422,182.0,183.0,812
2016-11-21,176.27352905273438,179.25,189.5,178.0,189.39999389648438,4318
2016-11-22,178.3386688232422,181.35000610351562,186.0,173.0,181.25,2560
2016-11-23,183.25564575195312,186.35000610351562,193.9499969482422,181.5,183.0,538
2016-11-24,179.8629150390625,182.89999389648438,192.9499969482422,181.10000610351562,192.9499969482422,6449
2016-11-25,181.6822052001953,184.75,185.0,182.3000030517578,182.3000030517578,153
2016-11-28,180.69882202148438,183.75,185.0,183.5,185.0,410
2016-11-29,183.8456573486328,186.9499969482422,189.0,184.9499969482422,185.0,2827
2016-11-30,184.87823486328125,188.0,188.0,188.0,188.0,1
2016-12-01,182.91146850585938,186.0,190.0,186.0,190.0,561
2016-12-02,179.96127319335938,183.0,185.9499969482422,177.0,185.9499969482422,1933
2016-12-05,178.5845184326172,181.60000610351562,182.9499969482422,180.8000030517578,181.0,1672
2016-12-06,182.3214111328125,185.39999389648438,185.8000030517578,176.14999389648438,176.14999389648438,580
2016-12-07,179.6170654296875,182.64999389648438,185.8000030517578,181.6999969482422,182.5,220
2016-12-08,179.8137664794922,182.85000610351562,186.85000610351562,177.0,186.85000610351562,1625
2016-12-09,180.40379333496094,183.4499969482422,185.8000030517578,181.4499969482422,182.0,726
2016-12-12,180.3054656982422,183.35000610351562,186.0,182.0,182.39999389648438,1327
2016-12-13,179.1253662109375,182.14999389648438,186.0,182.10000610351562,186.0,2118
2016-12-14,180.99383544921875,184.0500030517578,200.0,179.0,189.39999389648438,4352
2016-12-15,182.02639770507812,185.10000610351562,186.85000610351562,178.0,180.0,662
2016-12-16,182.02639770507812,185.10000610351562,186.5,184.9499969482422,185.0,1006
2016-12-19,181.43637084960938,184.5,187.75,181.0,181.60000610351562,1548
2016-12-20,178.48617553710938,181.5,186.8000030517578,181.3000030517578,186.8000030517578,1420
2016-12-21,178.1419677734375,181.14999389648438,184.9499969482422,180.3000030517578,182.10000610351562,128
2016-12-22,175.63433837890625,178.60000610351562,182.10000610351562,177.10000610351562,182.10000610351562,1520
2016-12-23,174.79843139648438,177.75,179.9499969482422,177.0,177.0,497
2016-12-26,177.0602569580078,180.0500030517578,189.0,174.89999389648438,189.0,2330
2016-12-27,175.48681640625,178.4499969482422,179.1999969482422,177.60000610351562,177.60000610351562,276
2016-12-28,176.91273498535156,179.89999389648438,180.0,178.10000610351562,179.89999389648438,141
2016-12-29,174.65093994140625,177.60000610351562,178.39999389648438,176.89999389648438,178.0,353
2016-12-30,177.0602569580078,180.0500030517578,183.89999389648438,178.39999389648438,178.39999389648438,144
2017-01-02,174.9951171875,177.9499969482422,183.0,177.0,182.10000610351562,293
2017-01-03,173.0283203125,175.9499969482422,181.9499969482422,171.89999389648438,178.0,6861
2017-01-04,174.30673217773438,177.25,180.0,175.35000610351562,175.39999389648438,1089
2017-01-05,175.04429626464844,178.0,182.9499969482422,177.9499969482422,178.9499969482422,1119
2017-01-06,173.8642120361328,176.8000030517578,177.9499969482422,175.60000610351562,175.60000610351562,103
2017-01-09,175.732666015625,178.6999969482422,184.89999389648438,176.0500030517578,176.0500030517578,1744
2017-01-10,175.732666015625,178.6999969482422,178.6999969482422,178.6999969482422,178.6999969482422,0
2017-01-11,180.64964294433594,183.6999969482422,184.0,178.75,178.75,655
2017-01-12,181.04299926757812,184.10000610351562,188.85000610351562,181.0,187.9499969482422,415
2017-01-13,179.91209411621094,182.9499969482422,183.5,180.0,183.0500030517578,1486
2017-01-16,181.6822052001953,184.75,185.9499969482422,183.0,185.9499969482422,1211
2017-01-17,184.6815643310547,187.8000030517578,189.0,185.5500030517578,188.0,499
2017-01-18,185.22244262695312,188.35000610351562,188.9499969482422,187.0,187.0,398
2017-01-19,180.64964294433594,183.6999969482422,187.5500030517578,182.9499969482422,187.39999389648438,4998
2017-01-20,179.96127319335938,183.0,185.0,183.0,183.14999389648438,414
2017-01-23,181.2888641357422,184.35000610351562,184.9499969482422,182.25,183.5,225
2017-01-24,181.9280548095703,185.0,185.39999389648438,182.85000610351562,183.4499969482422,488
2017-01-25,187.7792510986328,190.9499969482422,192.0,183.4499969482422,187.89999389648438,3379
2017-01-27,186.00914001464844,189.14999389648438,199.9499969482422,187.0,187.0,82425
2017-01-30,184.9274139404297,188.0500030517578,196.5,186.0,196.5,346
2017-01-31,185.6157989501953,188.75,193.8000030517578,186.0,189.9499969482422,537
2017-02-01,181.48553466796875,184.5500030517578,188.9499969482422,182.3000030517578,185.9499969482422,346
2017-02-02,183.69815063476562,186.8000030517578,187.0,183.5,185.60000610351562,1101
2017-02-03,189.10684204101562,192.3000030517578,197.9499969482422,186.0,189.89999389648438,720
2017-02-06,183.8948516845703,187.0,194.89999389648438,186.0,187.4499969482422,1622
2017-02-07,191.71282958984375,194.9499969482422,205.0,189.0500030517578,193.35000610351562,9422
2017-02-08,193.1387481689453,196.39999389648438,201.9499969482422,194.14999389648438,198.39999389648438,2653
2017-02-09,188.22177124023438,191.39999389648438,199.9499969482422,190.0,199.9499969482422,1820
2017-02-10,187.53341674804688,190.6999969482422,196.0,188.0,195.60000610351562,4047
2017-02-13,195.548095703125,198.85000610351562,205.0,184.25,193.0,7000
2017-02-14,191.41781616210938,194.64999389648438,203.89999389648438,194.60000610351562,199.9499969482422,898
2017-02-15,186.3041534423828,189.4499969482422,199.8000030517578,187.60000610351562,191.5,3374
2017-02-16,185.12408447265625,188.25,192.85000610351562,187.0,192.85000610351562,796
2017-02-17,185.27159118652344,188.39999389648438,194.6999969482422,184.85000610351562,194.6999969482422,4867
2017-02-20,187.18922424316406,190.35000610351562,194.89999389648438,186.0,192.10000610351562,1168
2017-02-21,185.8616485595703,189.0,192.35000610351562,186.6999969482422,192.35000610351562,712
2017-02-22,181.78054809570312,184.85000610351562,188.9499969482422,184.0,188.9499969482422,2829
2017-02-23,180.25628662109375,183.3000030517578,186.35000610351562,183.0500030517578,186.0,979
2017-02-27,180.45297241210938,183.5,186.89999389648438,182.10000610351562,183.0500030517578,2153
2017-02-28,180.01043701171875,183.0500030517578,186.0,181.64999389648438,183.5,523
2017-03-01,179.96127319335938,183.0,185.8000030517578,181.25,181.25,3508
2017-03-02,178.5845184326172,181.60000610351562,183.60000610351562,180.0,183.0500030517578,2109
2017-03-03,177.8961181640625,180.89999389648438,185.3000030517578,180.5,185.3000030517578,209
2017-03-06,183.8456573486328,186.9499969482422,188.0,184.75,184.9499969482422,2384
2017-03-07,182.91146850585938,186.0,188.0,182.0,182.0500030517578,1568
2017-03-08,189.3035125732422,192.5,194.0,185.35000610351562,185.35000610351562,4328
2017-03-09,188.12344360351562,191.3000030517578,197.9499969482422,188.0,197.9499969482422,2455
2017-03-10,182.4197540283203,185.5,188.8000030517578,184.5,188.6999969482422,3064
2017-03-14,179.2237091064453,182.25,189.9499969482422,181.75,185.0,3564
2017-03-15,179.3712158203125,182.39999389648438,184.6999969482422,180.39999389648438,183.10000610351562,721
2017-03-16,179.66624450683594,182.6999969482422,184.85000610351562,181.0,184.1999969482422,1097
2017-03-17,178.1419677734375,181.14999389648438,184.1999969482422,181.0,181.0,1852
2017-03-20,177.25692749023438,180.25,184.14999389648438,180.10000610351562,184.14999389648438,853
2017-03-21,178.24032592773438,181.25,184.9499969482422,181.0,184.9499969482422,916
2017-03-22,178.24032592773438,181.25,181.8000030517578,178.0,181.35000610351562,924
2017-03-23,177.99449157714844,181.0,184.0,180.5,184.0,1424
2017-03-24,178.5845184326172,181.60000610351562,184.0,175.64999389648438,184.0,3874
2017-03-27,177.25692749023438,180.25,187.8000030517578,179.35000610351562,184.3000030517578,2107
2017-03-28,178.19114685058594,181.1999969482422,183.0,180.6999969482422,180.9499969482422,1637
2017-03-29,176.02769470214844,179.0,183.39999389648438,176.60000610351562,180.0500030517578,3307
2017-03-30,176.66688537597656,179.64999389648438,184.64999389648438,178.9499969482422,184.64999389648438,352
2017-03-31,177.30609130859375,180.3000030517578,183.1999969482422,179.3000030517578,179.35000610351562,1625
2017-04-03,184.09152221679688,187.1999969482422,188.9499969482422,178.0,178.0,5008
2017-04-05,182.12474060058594,185.1999969482422,191.5,184.0,191.0,1426
2017-04-06,185.56661987304688,188.6999969482422,189.0,183.0500030517578,184.85000610351562,1410
2017-04-07,219.39541625976562,223.10000610351562,226.39999389648438,189.85000610351562,189.85000610351562,245038
2017-04-10,214.82260131835938,218.4499969482422,225.0,215.0,222.0,40520
2017-04-11,204.9886474609375,208.4499969482422,222.39999389648438,207.0,215.10000610351562,9117
2017-04-12,204.74281311035156,208.1999969482422,213.85000610351562,198.0,209.5,15382
2017-04-13,211.1348876953125,214.6999969482422,224.8000030517578,204.9499969482422,208.0,9972
2017-04-17,209.46310424804688,213.0,214.0,207.0,210.0,5344
2017-04-18,204.1527862548828,207.60000610351562,219.0,206.64999389648438,219.0,7097
2017-04-19,204.74281311035156,208.1999969482422,213.1999969482422,207.3000030517578,208.0,142
2017-04-20,216.4452362060547,220.10000610351562,223.0,208.0,209.89999389648438,16289
2017-04-21,229.2293701171875,233.10000610351562,239.89999389648438,216.10000610351562,226.9499969482422,91444
2017-04-24,222.7881317138672,226.5500030517578,239.8000030517578,226.0,237.64999389648438,11492
2017-04-25,219.5429229736328,223.25,230.0500030517578,212.5,226.10000610351562,15509
2017-04-26,216.39605712890625,220.0500030517578,228.0500030517578,218.10000610351562,228.0,6399
2017-04-27,216.69107055664062,220.35000610351562,221.9499969482422,215.3000030517578,219.14999389648438,4815
2017-04-28,224.85324096679688,228.64999389648438,234.89999389648438,218.0,224.0500030517578,10660
2017-05-02,226.47584533691406,230.3000030517578,233.89999389648438,216.5500030517578,222.8000030517578,9767
2017-05-03,225.8366241455078,229.64999389648438,233.85000610351562,224.0,233.5,13113
2017-05-04,234.49050903320312,238.4499969482422,241.0,225.1999969482422,225.1999969482422,23018
2017-05-05,237.19483947753906,241.1999969482422,244.0,230.1999969482422,239.10000610351562,23234
2017-05-08,236.21144104003906,240.1999969482422,248.75,235.1999969482422,241.25,7255
2017-05-09,230.95028686523438,234.85000610351562,244.89999389648438,233.0,244.89999389648438,1912
2017-05-10,231.49114990234375,235.39999389648438,243.0,232.39999389648438,238.9499969482422,12882
2017-05-11,227.11505126953125,230.9499969482422,241.5,228.25,239.3000030517578,7052
2017-05-12,224.5582275390625,228.35000610351562,239.39999389648438,226.5500030517578,230.9499969482422,933
2017-05-15,224.3615264892578,228.14999389648438,235.0,225.10000610351562,234.9499969482422,6741
2017-05-16,225.73831176757812,229.5500030517578,234.35000610351562,225.0,234.35000610351562,8391
2017-05-17,226.13165283203125,229.9499969482422,238.64999389648438,227.0500030517578,238.64999389648438,6370
2017-05-18,220.91964721679688,224.64999389648438,236.10000610351562,221.75,236.10000610351562,2262
2017-05-19,222.39476013183594,226.14999389648438,229.9499969482422,215.0,229.9499969482422,28487
2017-05-22,211.3807373046875,214.9499969482422,234.9499969482422,212.3000030517578,234.9499969482422,4241
2017-05-23,207.59466552734375,211.10000610351562,225.0,207.0,223.5,2727
2017-05-24,203.4152374267578,206.85000610351562,213.9499969482422,200.0,202.6999969482422,2108
2017-05-25,202.579345703125,206.0,210.0,200.60000610351562,200.60000610351562,4434
2017-05-26,212.36412048339844,215.9499969482422,216.10000610351562,210.85000610351562,214.1999969482422,1491
2017-05-29,208.03720092773438,211.5500030517578,219.0,211.0,211.3000030517578,1642
2017-05-30,208.52890014648438,212.0500030517578,225.0,207.0,220.0,1788
2017-05-31,212.80665588378906,216.39999389648438,224.9499969482422,213.3000030517578,216.4499969482422,3705
2017-06-01,211.2823944091797,214.85000610351562,218.85000610351562,201.0,210.0,1607
2017-06-02,211.2332305908203,214.8000030517578,218.9499969482422,214.8000030517578,218.9499969482422,5
2017-06-05,211.42990112304688,215.0,215.0500030517578,214.75,215.0500030517578,1135
2017-06-06,203.56272888183594,207.0,213.5,204.0,213.5,1520
2017-06-07,206.16873168945312,209.64999389648438,218.9499969482422,208.0500030517578,215.3000030517578,1106
2017-06-08,208.47970581054688,212.0,212.0500030517578,206.0500030517578,212.0500030517578,369
2017-06-09,207.54550170898438,211.0500030517578,215.0,208.9499969482422,210.0,426
2017-06-12,202.1368408203125,205.5500030517578,209.85000610351562,205.0500030517578,205.0500030517578,93
2017-06-13,209.70896911621094,213.25,215.0,205.9499969482422,208.39999389648438,3667
2017-06-14,207.98800659179688,211.5,219.0,210.1999969482422,210.1999969482422,2245
2017-06-15,211.42990112304688,215.0,218.4499969482422,211.10000610351562,211.10000610351562,2355
2017-06-16,209.2664337158203,212.8000030517578,216.89999389648438,212.0,214.6999969482422,341
2017-06-19,209.4139404296875,212.9499969482422,219.35000610351562,212.0500030517578,219.35000610351562,367
2017-06-20,214.28173828125,217.89999389648438,224.89999389648438,216.1999969482422,220.0,2262
2017-06-21,204.7919921875,208.25,219.9499969482422,201.5500030517578,219.9499969482422,1967
2017-06-22,208.33221435546875,211.85000610351562,218.5,206.0,216.5500030517578,380
2017-06-23,203.9069366455078,207.35000610351562,234.0,206.0500030517578,212.3000030517578,4302
2017-06-27,206.51292419433594,210.0,212.85000610351562,203.0,212.85000610351562,1305
2017-06-28,206.7587890625,210.25,214.35000610351562,207.10000610351562,212.0,3127
2017-06-29,206.46376037597656,209.9499969482422,212.75,206.5,206.5,283
2017-06-30,201.30093383789062,204.6999969482422,209.6999969482422,195.8000030517578,205.3000030517578,578
2017-07-03,208.97142028808594,212.5,219.9499969482422,204.9499969482422,204.9499969482422,3506
2017-07-04,213.8883819580078,217.5,218.75,211.35000610351562,213.0,1619
2017-07-05,215.3634796142578,219.0,220.0,206.4499969482422,212.85000610351562,4155
2017-07-06,213.3966827392578,217.0,220.0,215.0,219.64999389648438,3143
2017-07-07,210.7415313720703,214.3000030517578,223.85000610351562,212.5,223.85000610351562,395
2017-07-10,211.2823944091797,214.85000610351562,229.8000030517578,213.0,222.0,316
2017-07-11,206.66041564941406,210.14999389648438,221.8000030517578,209.0500030517578,221.8000030517578,2826
2017-07-12,207.93885803222656,211.4499969482422,217.85000610351562,210.0,211.0,1379
2017-07-13,207.00462341308594,210.5,217.75,203.0,209.0,6440
2017-07-14,209.85647583007812,213.39999389648438,215.89999389648438,208.64999389648438,214.0,1794
2017-07-17,211.1348876953125,214.6999969482422,219.0,210.5,215.89999389648438,1772
2017-07-18,208.03720092773438,211.5500030517578,217.9499969482422,209.9499969482422,217.9499969482422,4168
2017-07-19,206.85711669921875,210.35000610351562,218.6999969482422,205.6999969482422,218.1999969482422,3518
2017-07-20,211.03656005859375,214.60000610351562,216.0,211.0500030517578,211.10000610351562,1460
2017-07-21,210.5448455810547,214.10000610351562,218.9499969482422,212.1999969482422,217.9499969482422,943
2017-07-24,199.57998657226562,202.9499969482422,214.0,193.10000610351562,214.0,6712
2017-07-25,199.82583618164062,203.1999969482422,214.8000030517578,197.0,197.0,2375
2017-07-26,197.80987548828125,201.14999389648438,206.5,201.0,203.14999389648438,3398
2017-07-27,197.21986389160156,200.5500030517578,206.0,198.75,201.75,5491
2017-07-28,197.4656982421875,200.8000030517578,205.0,199.0500030517578,204.9499969482422,2659
2017-07-31,193.97463989257812,197.25,204.89999389648438,195.10000610351562,204.5,4910
2017-08-01,195.35137939453125,198.64999389648438,200.89999389648438,196.9499969482422,199.64999389648438,1099
2017-08-02,195.59848022460938,197.89999389648438,199.85000610351562,195.0,195.5,1179
2017-08-03,195.45022583007812,197.75,199.0,195.0500030517578,197.75,426
2017-08-04,194.5112762451172,196.8000030517578,206.75,195.4499969482422,199.89999389648438,1598
2017-08-07,191.59559631347656,193.85000610351562,196.14999389648438,192.25,196.0,1151
2017-08-08,194.01708984375,196.3000030517578,200.3000030517578,193.5,200.3000030517578,845
2017-08-09,186.2583770751953,188.4499969482422,197.0,185.0500030517578,193.0500030517578,1943
2017-08-10,182.1072235107422,184.25,204.0,182.0,190.0,1429
2017-08-11,184.47930908203125,186.64999389648438,199.9499969482422,181.0500030517578,191.60000610351562,615
2017-08-14,192.1885986328125,194.4499969482422,197.0,190.0500030517578,193.9499969482422,735
2017-08-16,186.2583770751953,188.4499969482422,196.8000030517578,187.0,190.0,4207
2017-08-17,191.59559631347656,193.85000610351562,194.0,190.5,193.39999389648438,341
2017-08-18,181.56362915039062,183.6999969482422,193.60000610351562,183.0500030517578,193.5,2766
2017-08-21,177.115966796875,179.1999969482422,186.0500030517578,176.35000610351562,183.6999969482422,2371
2017-08-22,181.06944274902344,183.1999969482422,185.9499969482422,178.0,185.9499969482422,2722
2017-08-23,181.76129150390625,183.89999389648438,184.6999969482422,177.0,177.0,57
2017-08-24,182.15664672851562,184.3000030517578,192.0,180.5,183.89999389648438,1547
2017-08-28,188.53163146972656,190.75,194.5,187.9499969482422,188.6999969482422,1355
2017-08-29,193.1275634765625,195.39999389648438,204.0,189.89999389648438,189.89999389648438,779
2017-08-30,192.53453063964844,194.8000030517578,202.0,192.10000610351562,201.9499969482422,1155
2017-08-31,193.96768188476562,196.25,197.75,193.4499969482422,194.8000030517578,284
2017-09-01,192.73220825195312,195.0,204.0,193.3000030517578,204.0,1104
2017-09-04,194.7583770751953,197.0500030517578,199.89999389648438,190.4499969482422,199.89999389648438,2831
2017-09-05,195.45022583007812,197.75,198.0,192.3000030517578,193.0,621
2017-09-06,191.34849548339844,193.60000610351562,197.75,192.60000610351562,197.75,1723
2017-09-07,193.81942749023438,196.10000610351562,201.0,192.0,192.0,10694
2017-09-08,194.36300659179688,196.64999389648438,200.10000610351562,195.25,196.0,3593
2017-09-11,195.99383544921875,198.3000030517578,200.0,194.0500030517578,200.0,1590
2017-09-12,200.58975219726562,202.9499969482422,209.89999389648438,190.60000610351562,199.0,9352
2017-09-13,198.26708984375,200.60000610351562,208.5,190.0,190.0,1461
2017-09-14,195.84556579589844,198.14999389648438,205.8000030517578,198.14999389648438,201.0,328
2017-09-15,201.23220825195312,203.60000610351562,208.0,195.0,205.0,4096
2017-09-18,201.03451538085938,203.39999389648438,205.8000030517578,200.39999389648438,200.5,1219
2017-09-19,187.64212036132812,189.85000610351562,204.4499969482422,163.5,204.4499969482422,334257
2017-09-20,193.62173461914062,195.89999389648438,200.0,192.35000610351562,194.0,10860
2017-09-21,193.27581787109375,195.5500030517578,199.85000610351562,190.0,199.85000610351562,1320
2017-09-22,183.83688354492188,186.0,198.0,182.0,198.0,3101
2017-09-25,192.13919067382812,194.39999389648438,195.89999389648438,183.10000610351562,183.10000610351562,4529
2017-09-26,186.55490112304688,188.75,194.89999389648438,187.0,194.5,2979
2017-09-27,186.802001953125,189.0,193.6999969482422,187.5500030517578,187.5500030517578,5607
2017-09-28,186.50547790527344,188.6999969482422,192.75,185.14999389648438,192.75,455
2017-09-29,188.0868682861328,190.3000030517578,193.6999969482422,189.0,193.0,1213
2017-10-03,185.9618682861328,188.14999389648438,197.85000610351562,188.0,191.0,2775
2017-10-04,184.5287322998047,186.6999969482422,193.0,186.0,188.5,1051
2017-10-05,187.64212036132812,189.85000610351562,192.0,187.1999969482422,189.0,648
2017-10-06,199.0577850341797,201.39999389648438,208.8000030517578,189.85000610351562,190.0,12442
2017-10-09,197.08103942871094,199.39999389648438,205.0,198.0,203.0,3042
2017-10-10,195.2525634765625,197.5500030517578,203.0,196.0,202.9499969482422,5335
2017-10-11,193.424072265625,195.6999969482422,201.39999389648438,193.39999389648438,195.0500030517578,1047
2017-10-12,193.17697143554688,195.4499969482422,202.5,195.0,195.0,2562
2017-10-13,190.80490112304688,193.0500030517578,198.89999389648438,190.10000610351562,197.0500030517578,2028
2017-10-16,194.95603942871094,197.25,208.0,193.9499969482422,199.85000610351562,11167
2017-10-17,196.8833770751953,199.1999969482422,201.9499969482422,190.0500030517578,195.0,1584
2017-10-18,209.97926330566406,212.4499969482422,219.0,194.0,198.9499969482422,26926
2017-10-19,222.43275451660156,225.0500030517578,229.0,215.8000030517578,224.5,34670
2017-10-23,224.55772399902344,227.1999969482422,239.9499969482422,223.5500030517578,239.9499969482422,190424
2017-10-24,226.97923278808594,229.64999389648438,238.89999389648438,228.10000610351562,231.0,99921
2017-10-25,230.290283203125,233.0,250.8000030517578,231.0500030517578,231.9499969482422,106114
2017-10-26,227.32516479492188,230.0,238.5,228.9499969482422,233.10000610351562,9065
2017-10-27,232.8106231689453,235.5500030517578,237.0,225.35000610351562,231.9499969482422,11345
2017-10-30,230.73504638671875,233.4499969482422,238.0,230.3000030517578,233.3000030517578,11669
2017-10-31,227.91819763183594,230.60000610351562,234.0,228.1999969482422,232.0,10563
2017-11-01,227.6710968017578,230.35000610351562,233.9499969482422,228.3000030517578,230.5500030517578,8795
2017-11-02,226.8309783935547,229.5,232.60000610351562,225.0,228.0,2476
2017-11-03,230.53738403320312,233.25,243.0,227.25,227.8000030517578,15049
2017-11-06,227.6710968017578,230.35000610351562,239.39999389648438,228.0500030517578,234.0,4987
2017-11-07,214.57521057128906,217.10000610351562,234.5500030517578,215.0,234.5500030517578,15347
2017-11-08,215.26705932617188,217.8000030517578,225.0,217.1999969482422,219.60000610351562,9332
2017-11-09,221.0984344482422,223.6999969482422,228.6999969482422,219.89999389648438,220.25,6426
2017-11-10,224.95309448242188,227.60000610351562,233.39999389648438,223.14999389648438,223.14999389648438,12427
2017-11-13,221.4443817138672,224.0500030517578,231.5,223.60000610351562,226.0,3117
2017-11-14,220.8019256591797,223.39999389648438,236.89999389648438,220.14999389648438,222.0,30724
2017-11-15,218.87460327148438,221.4499969482422,227.89999389648438,218.0,221.0,3926
2017-11-16,212.89495849609375,215.39999389648438,222.0,213.0,219.10000610351562,15221
2017-11-17,215.0693817138672,217.60000610351562,222.8000030517578,216.5,217.89999389648438,3183
2017-11-20,213.88333129882812,216.39999389648438,222.0,213.14999389648438,218.0,7133
2017-11-21,216.7990264892578,219.35000610351562,224.6999969482422,218.4499969482422,220.0,2846
2017-11-22,216.25543212890625,218.8000030517578,235.0,217.89999389648438,222.0,6236
2017-11-23,213.93275451660156,216.4499969482422,220.6999969482422,216.0,220.0,4349
2017-11-24,215.9589080810547,218.5,225.10000610351562,215.0,215.0,8039
2017-11-27,215.3658905029297,217.89999389648438,222.6999969482422,216.75,219.9499969482422,8764
2017-11-28,214.03160095214844,216.5500030517578,223.0,213.0,223.0,3294
2017-11-29,219.2205352783203,221.8000030517578,229.0,218.0,218.0,17622
2017-11-30,218.0345001220703,220.60000610351562,224.85000610351562,218.25,218.25,3161
2017-12-01,214.8717041015625,217.39999389648438,221.8000030517578,217.1999969482422,221.8000030517578,2764
2017-12-04,213.38914489746094,215.89999389648438,219.89999389648438,215.0,219.89999389648438,366
2017-12-05,208.44729614257812,210.89999389648438,214.64999389648438,210.0,213.5,2686
2017-12-06,211.90660095214844,214.39999389648438,222.0,210.8000030517578,210.8000030517578,4840
2017-12-07,218.82518005371094,221.39999389648438,229.39999389648438,213.35000610351562,218.0,3373
2017-12-08,217.44146728515625,220.0,228.25,215.0500030517578,215.0500030517578,6046
2017-12-11,220.65367126464844,223.25,227.0,219.0,222.5,14104
2017-12-12,214.52578735351562,217.0500030517578,223.9499969482422,216.0,220.8000030517578,3152
2017-12-13,209.78160095214844,212.25,219.6999969482422,212.1999969482422,216.0,2120
2017-12-14,211.9560089111328,214.4499969482422,216.5,205.0,212.25,3652
2017-12-15,216.7990264892578,219.35000610351562,220.0,211.3000030517578,215.0500030517578,3457
2017-12-18,213.5868377685547,216.10000610351562,220.0,210.0,216.89999389648438,5598
2017-12-19,219.072265625,221.64999389648438,224.0,215.0,216.10000610351562,5492
2017-12-20,215.31646728515625,217.85000610351562,225.0,216.10000610351562,222.5,4400
2017-12-21,220.4560089111328,223.0500030517578,225.0,215.8000030517578,215.85000610351562,5537
2017-12-22,222.77867126464844,225.39999389648438,231.9499969482422,224.0,225.60000610351562,17857
2017-12-26,223.37168884277344,226.0,230.0,220.0500030517578,230.0,5163
2017-12-27,226.58389282226562,229.25,244.39999389648438,225.0,225.89999389648438,14690
2017-12-28,227.2757568359375,229.9499969482422,240.0,227.60000610351562,231.8000030517578,11299
2017-12-29,232.66236877441406,235.39999389648438,240.0,225.0500030517578,228.0,12424
2018-01-01,232.26702880859375,235.0,241.75,233.3000030517578,241.75,10389
2018-01-02,225.6449432373047,228.3000030517578,242.0,225.0,236.0,1944
2018-01-03,226.97923278808594,229.64999389648438,239.0,226.39999389648438,239.0,3744
2018-01-04,227.22633361816406,229.89999389648438,229.9499969482422,226.75,229.5,10644
2018-01-05,221.0984344482422,223.6999969482422,231.0,222.0,231.0,7879
2018-01-08,231.0809783935547,233.8000030517578,242.0,202.6999969482422,223.0,19962
2018-01-09,227.32516479492188,230.0,249.25,223.1999969482422,239.75,45594
2018-01-10,232.51412963867188,235.25,253.89999389648438,232.25,250.0,399840
2018-01-11,233.8484344482422,236.60000610351562,239.9499969482422,233.10000610351562,236.0,26572
2018-01-12,226.33680725097656,229.0,236.4499969482422,226.60000610351562,233.0,19144
2018-01-15,225.8920440673828,228.5500030517578,233.75,223.1999969482422,227.9499969482422,8997
2018-01-16,217.5897216796875,220.14999389648438,231.6999969482422,215.8000030517578,229.0,9737
2018-01-17,216.84844970703125,219.39999389648438,224.6999969482422,213.5500030517578,220.5,22635
2018-01-18,211.46182250976562,213.9499969482422,229.6999969482422,212.10000610351562,224.0,6315
2018-01-19,211.9560089111328,214.4499969482422,220.0,206.5,209.10000610351562,9367
2018-01-22,212.74671936035156,215.25,225.0,211.25,220.8000030517578,2172
2018-01-23,215.9095001220703,218.4499969482422,223.0,213.10000610351562,217.8000030517578,9388
2018-01-24,211.80775451660156,214.3000030517578,221.0,213.5500030517578,219.89999389648438,3493
2018-01-25,210.42404174804688,212.89999389648438,215.5,210.1999969482422,214.3000030517578,2067
2018-01-29,214.22926330566406,216.75,219.60000610351562,211.0,211.0,3790
2018-01-30,207.8048553466797,210.25,218.5,206.75,216.75,5929
2018-01-31,207.45892333984375,209.89999389648438,218.6999969482422,208.0,212.8000030517578,3220
2018-02-01,200.44149780273438,202.8000030517578,211.8000030517578,197.3000030517578,211.8000030517578,10087
2018-02-02,186.40664672851562,188.60000610351562,202.75,170.0,202.75,8571
2018-02-05,182.15664672851562,184.3000030517578,189.5,171.0,186.89999389648438,6554
2018-02-06,180.32815551757812,182.4499969482422,189.75,172.0,172.0,9733
2018-02-07,187.54327392578125,189.75,199.60000610351562,186.35000610351562,189.6999969482422,2985
2018-02-08,195.203125,197.5,200.0,195.0,195.0,1524
2018-02-09,189.76708984375,192.0,195.75,189.0,190.0,4518
2018-02-12,196.33975219726562,198.64999389648438,207.60000610351562,190.5,194.0,1773
2018-02-14,193.3746337890625,195.64999389648438,204.9499969482422,194.0,204.9499969482422,1352
2018-02-15,186.60430908203125,188.8000030517578,199.9499969482422,188.0,199.9499969482422,8125
2018-02-16,181.26710510253906,183.39999389648438,195.64999389648438,180.0,195.5,5836
2018-02-19,178.4996795654297,180.60000610351562,188.5500030517578,177.5500030517578,188.5500030517578,7288
2018-02-20,176.6217803955078,178.6999969482422,185.5,178.0,180.0,1085
2018-02-21,182.3543243408203,184.5,187.0,180.0,180.0,7186
2018-02-22,177.36305236816406,179.4499969482422,188.60000610351562,178.5500030517578,184.0,12205
2018-02-23,176.6711883544922,178.75,182.0,178.5,181.5,2018
2018-02-26,179.1915283203125,181.3000030517578,183.4499969482422,179.0,180.8000030517578,3816
2018-02-27,179.88340759277344,182.0,182.0500030517578,178.1999969482422,179.3000030517578,3719
2018-02-28,177.9066619873047,180.0,183.8000030517578,178.1999969482422,183.0,649
2018-03-01,178.64793395996094,180.75,185.0,178.5500030517578,178.5500030517578,2946
2018-03-05,177.06654357910156,179.14999389648438,188.8000030517578,178.0,182.8000030517578,4587
2018-03-06,175.73223876953125,177.8000030517578,180.14999389648438,176.5500030517578,179.14999389648438,2666
2018-03-07,171.33399963378906,173.35000610351562,179.8000030517578,172.10000610351562,178.0,3858
2018-03-08,172.02586364746094,174.0500030517578,179.4499969482422,169.0500030517578,175.5500030517578,5972
2018-03-09,169.0607452392578,171.0500030517578,176.10000610351562,171.0,172.10000610351562,912
2018-03-12,167.0345916748047,169.0,178.9499969482422,165.3000030517578,169.10000610351562,16470
2018-03-13,167.08399963378906,169.0500030517578,172.60000610351562,168.0500030517578,168.0500030517578,2475
2018-03-14,167.57818603515625,169.5500030517578,171.0,165.0,167.10000610351562,8586
2018-03-15,166.44155883789062,168.39999389648438,174.4499969482422,168.0,168.0,2721
2018-03-16,164.5142364501953,166.4499969482422,171.0,166.0,170.39999389648438,1359
2018-03-19,162.04330444335938,163.9499969482422,173.10000610351562,162.0,166.25,3379
2018-03-20,162.9822540283203,164.89999389648438,167.89999389648438,160.25,165.0,3388
2018-03-21,161.74679565429688,163.64999389648438,166.89999389648438,163.35000610351562,166.89999389648438,5340
2018-03-22,159.4241485595703,161.3000030517578,167.85000610351562,159.5500030517578,162.0,6064
2018-03-23,155.86599731445312,157.6999969482422,161.3000030517578,156.35000610351562,161.3000030517578,1267
2018-03-26,161.15377807617188,163.0500030517578,183.5,157.10000610351562,157.10000610351562,24365
2018-03-27,163.0811004638672,165.0,167.89999389648438,158.64999389648438,161.10000610351562,3383
2018-03-28,164.26715087890625,166.1999969482422,169.4499969482422,163.0,165.85000610351562,1433
2018-04-02,165.05784606933594,167.0,171.0,164.0,168.1999969482422,1658
2018-04-03,169.35726928710938,171.35000610351562,174.0,165.75,168.89999389648438,2494
2018-04-04,167.38052368164062,169.35000610351562,179.4499969482422,167.14999389648438,173.39999389648438,3696
2018-04-05,167.1334228515625,169.10000610351562,175.0,168.1999969482422,171.39999389648438,3818
2018-04-06,171.53167724609375,173.5500030517578,174.0,169.89999389648438,171.10000610351562,4795
2018-04-09,173.01422119140625,175.0500030517578,178.75,172.1999969482422,172.1999969482422,539
2018-04-10,171.9764404296875,174.0,180.5,173.0,175.0,1380
2018-04-11,173.40956115722656,175.4499969482422,178.9499969482422,171.25,172.0,1549
2018-04-12,170.6421356201172,172.64999389648438,174.9499969482422,171.1999969482422,171.5,602
2018-04-13,169.45608520507812,171.4499969482422,173.9499969482422,170.1999969482422,171.4499969482422,1108
2018-04-16,168.02296447753906,170.0,173.9499969482422,168.39999389648438,171.0,2415
2018-04-17,166.24388122558594,168.1999969482422,174.6999969482422,162.9499969482422,168.0,5434
2018-04-18,167.6276092529297,169.60000610351562,172.6999969482422,167.0,170.1999969482422,691
2018-04-19,169.25840759277344,171.25,172.3000030517578,168.0,168.0,532
2018-04-20,167.429931640625,169.39999389648438,173.64999389648438,169.39999389648438,170.0,552
2018-04-23,169.0607452392578,171.0500030517578,173.5,167.9499969482422,168.0,2747
2018-04-24,167.77586364746094,169.75,173.0,169.0,169.10000610351562,1593
2018-04-25,168.2206268310547,170.1999969482422,171.8000030517578,168.0,168.1999969482422,1313
2018-04-26,168.17120361328125,170.14999389648438,174.64999389648438,167.10000610351562,170.0500030517578,1842
2018-04-27,174.39793395996094,176.4499969482422,177.8000030517578,170.3000030517578,172.0500030517578,2899
2018-04-30,179.0926971435547,181.1999969482422,185.0,175.0,177.0,7061
2018-05-02,175.8804931640625,177.9499969482422,188.0,172.3000030517578,179.1999969482422,9845
2018-05-03,182.0083770751953,184.14999389648438,188.64999389648438,179.60000610351562,185.0,5541
2018-05-04,176.96771240234375,179.0500030517578,186.0,178.0,185.89999389648438,1036
2018-05-07,177.95608520507812,180.0500030517578,185.89999389648438,176.6999969482422,185.89999389648438,179
2018-05-08,172.12469482421875,174.14999389648438,181.0,172.5,178.10000610351562,105358
2018-05-09,171.58108520507812,173.60000610351562,178.60000610351562,169.60000610351562,172.0500030517578,5790
2018-05-10,170.54330444335938,172.5500030517578,177.64999389648438,172.0,175.0,1140
2018-05-11,166.9851531982422,168.9499969482422,175.0,168.0,170.0500030517578,2588
2018-05-14,169.15957641601562,171.14999389648438,175.0,169.1999969482422,169.1999969482422,2575
2018-05-15,164.36598205566406,166.3000030517578,175.0,165.8000030517578,175.0,3279
2018-05-16,166.0462188720703,168.0,173.0,165.0,173.0,98356
2018-05-17,166.3427276611328,168.3000030517578,169.10000610351562,166.35000610351562,168.75,1595
2018-05-18,161.30203247070312,163.1999969482422,170.0,162.14999389648438,169.9499969482422,1599
2018-05-21,157.24972534179688,159.10000610351562,164.8000030517578,158.0,161.25,3146
2018-05-22,160.85726928710938,162.75,166.75,153.8000030517578,157.8000030517578,99061
2018-05-23,160.75843811035156,162.64999389648438,164.0,158.8000030517578,162.0,1163
2018-05-24,160.11599731445312,162.0,164.6999969482422,160.0,163.0,1404
2018-05-25,161.74679565429688,163.64999389648438,167.89999389648438,161.5500030517578,161.5500030517578,8657
2018-05-28,162.24098205566406,164.14999389648438,166.89999389648438,163.3000030517578,163.3000030517578,215
2018-05-29,164.46481323242188,166.39999389648438,166.89999389648438,163.0500030517578,163.39999389648438,800
2018-05-30,166.490966796875,168.4499969482422,170.9499969482422,164.39999389648438,164.39999389648438,2323
2018-05-31,166.9357452392578,168.89999389648438,170.5,163.0500030517578,166.5,1328
2018-06-01,163.13052368164062,165.0500030517578,179.6999969482422,163.10000610351562,170.89999389648438,2383
2018-06-04,156.1625213623047,158.0,166.9499969482422,156.0500030517578,165.0,1166
2018-06-05,151.9125213623047,153.6999969482422,158.0,146.60000610351562,158.0,5377
2018-06-06,152.15960693359375,153.9499969482422,157.0,145.5,155.0,3051
2018-06-07,152.7526397705078,154.5500030517578,167.0,153.0500030517578,156.0,1292
2018-06-08,154.77879333496094,156.60000610351562,159.35000610351562,154.10000610351562,154.5500030517578,991
2018-06-11,154.13633728027344,155.9499969482422,158.9499969482422,153.0500030517578,156.60000610351562,123
2018-06-12,156.01426696777344,157.85000610351562,162.0,151.1999969482422,158.0,748
2018-06-13,157.94158935546875,159.8000030517578,161.6999969482422,155.89999389648438,155.9499969482422,714
2018-06-14,156.90377807617188,158.75,159.0,156.0,157.8000030517578,600
2018-06-15,153.98809814453125,155.8000030517578,159.25,155.8000030517578,157.0,431
2018-06-18,155.3223876953125,157.14999389648438,158.89999389648438,156.0500030517578,156.0500030517578,564
2018-06-19,151.46774291992188,153.25,159.1999969482422,152.60000610351562,155.1999969482422,200
2018-06-20,153.59274291992188,155.39999389648438,166.3000030517578,151.3000030517578,151.3000030517578,754
2018-06-21,153.0491485595703,154.85000610351562,156.9499969482422,152.0,153.60000610351562,529
2018-06-22,151.8136749267578,153.60000610351562,156.39999389648438,151.0,152.89999389648438,139
2018-06-25,154.53170776367188,156.35000610351562,158.6999969482422,153.60000610351562,155.39999389648438,369
2018-06-26,150.57823181152344,152.35000610351562,158.35000610351562,152.3000030517578,156.35000610351562,572
2018-06-27,145.7846221923828,147.5,159.85000610351562,146.14999389648438,152.0,734
2018-06-28,152.1101837158203,153.89999389648438,165.1999969482422,148.0,153.0,13392
2018-06-29,147.81077575683594,149.5500030517578,153.89999389648438,146.5500030517578,153.89999389648438,1273
2018-07-02,147.06951904296875,148.8000030517578,162.6999969482422,148.0,155.5,1201
2018-07-03,146.62474060058594,148.35000610351562,154.60000610351562,148.0,154.60000610351562,857
2018-07-04,150.23228454589844,152.0,152.5,148.60000610351562,150.39999389648438,2199
2018-07-05,147.46484375,149.1999969482422,152.6999969482422,148.5500030517578,151.0,328
2018-07-06,144.05496215820312,145.75,151.14999389648438,145.0,151.14999389648438,616
2018-07-09,145.14218139648438,146.85000610351562,153.85000610351562,145.0,153.85000610351562,681
2018-07-10,150.8253173828125,152.60000610351562,157.89999389648438,148.10000610351562,148.39999389648438,1578
2018-07-11,149.54043579101562,151.3000030517578,154.60000610351562,148.39999389648438,154.60000610351562,2045
2018-07-12,151.76426696777344,153.5500030517578,153.6999969482422,150.5,153.3000030517578,203
2018-07-13,146.92124938964844,148.64999389648438,153.5500030517578,145.0,151.60000610351562,961
2018-07-16,143.31370544433594,145.0,150.6999969482422,144.10000610351562,150.6999969482422,4486
2018-07-17,145.0927734375,146.8000030517578,150.0,144.0500030517578,144.0500030517578,289
2018-07-18,144.79624938964844,146.5,154.0,144.0,148.3000030517578,1840
2018-07-19,147.02008056640625,148.75,152.0,146.25,147.9499969482422,594
2018-07-20,143.51136779785156,145.1999969482422,150.3000030517578,143.10000610351562,148.75,1452
2018-07-23,142.42416381835938,144.10000610351562,146.6999969482422,140.3000030517578,146.6999969482422,4961
2018-07-24,144.5985870361328,146.3000030517578,151.0,144.6999969482422,145.60000610351562,455
2018-07-25,150.52880859375,152.3000030517578,155.0,145.25,147.8000030517578,2503
2018-07-26,147.02008056640625,148.75,151.8000030517578,145.10000610351562,150.3000030517578,1248
2018-07-27,153.0985565185547,154.89999389648438,159.75,148.4499969482422,148.75,7144
2018-07-30,152.55496215820312,154.35000610351562,159.0,151.0500030517578,156.0,1316
2018-07-31,151.12181091308594,152.89999389648438,159.9499969482422,147.5,155.0500030517578,2052
2018-08-01,151.61599731445312,153.39999389648438,154.89999389648438,151.0,154.89999389648438,108
2018-08-02,151.56658935546875,153.35000610351562,153.35000610351562,153.35000610351562,153.35000610351562,20
2018-08-03,151.31948852539062,153.10000610351562,156.0,150.14999389648438,155.35000610351562,1750
2018-08-06,153.98809814453125,155.8000030517578,161.8000030517578,152.35000610351562,156.0,2278
2018-08-07,151.66543579101562,153.4499969482422,155.0,151.0,155.0,2333
2018-08-08,153.14796447753906,154.9499969482422,156.0,153.0500030517578,154.4499969482422,922
2018-08-09,153.88925170898438,155.6999969482422,157.89999389648438,153.64999389648438,155.0,1174
2018-08-10,150.8253173828125,152.60000610351562,155.8000030517578,146.0,146.0,727
2018-08-13,146.3776397705078,148.10000610351562,153.8000030517578,146.0500030517578,150.60000610351562,1229
2018-08-14,143.7090301513672,145.39999389648438,150.9499969482422,144.39999389648438,146.1999969482422,5110
2018-08-16,140.49684143066406,142.14999389648438,149.9499969482422,140.5500030517578,145.1999969482422,9441
2018-08-17,143.0666046142578,144.75,148.3000030517578,140.3000030517578,142.1999969482422,3243
2018-08-20,142.6712646484375,144.35000610351562,147.89999389648438,143.0,147.89999389648438,1412
2018-08-21,141.92481994628906,142.60000610351562,145.35000610351562,142.0,145.35000610351562,2602
2018-08-23,144.263671875,144.9499969482422,157.6999969482422,143.5500030517578,145.39999389648438,5131
2018-08-24,145.0101318359375,145.6999969482422,149.64999389648438,144.39999389648438,144.6999969482422,1457
2018-08-27,146.50302124023438,147.1999969482422,148.60000610351562,143.9499969482422,148.60000610351562,1380
2018-08-28,145.70680236816406,146.39999389648438,148.6999969482422,144.0,147.25,1922
2018-08-29,149.83717346191406,150.5500030517578,156.0,147.0500030517578,150.0,644
2018-08-30,151.3798370361328,152.10000610351562,152.6999969482422,147.5,151.9499969482422,1290
2018-08-31,151.28030395507812,152.0,152.60000610351562,148.6999969482422,150.10000610351562,814
2018-09-03,152.8727264404297,153.60000610351562,154.5,150.0500030517578,150.0500030517578,3287
2018-09-04,148.54331970214844,149.25,151.6999969482422,147.0,150.85000610351562,1610
2018-09-05,150.0859832763672,150.8000030517578,152.9499969482422,144.5,145.0,2334
2018-09-06,146.45326232910156,147.14999389648438,152.39999389648438,145.10000610351562,148.0,1116
2018-09-07,147.796875,148.5,154.9499969482422,147.60000610351562,148.6999969482422,1748
2018-09-10,144.2139129638672,144.89999389648438,149.89999389648438,144.60000610351562,148.0,829
2018-09-11,143.1688995361328,143.85000610351562,150.0,143.39999389648438,146.39999389648438,2647
2018-09-12,142.72100830078125,143.39999389648438,146.8000030517578,139.89999389648438,145.39999389648438,3185
2018-09-14,146.20443725585938,146.89999389648438,151.60000610351562,143.14999389648438,144.89999389648438,15101
2018-09-17,175.31594848632812,176.14999389648438,176.25,144.0,146.89999389648438,334532
2018-09-18,159.49124145507812,160.25,182.8000030517578,158.1999969482422,179.8000030517578,52776
2018-09-19,153.0220184326172,153.75,163.8000030517578,151.0,160.25,9488
2018-09-21,147.0504150390625,147.75,154.8000030517578,145.0500030517578,152.39999389648438,9175
2018-09-24,144.5124969482422,145.1999969482422,152.75,143.0,143.0,3470
2018-09-25,142.3726806640625,143.0500030517578,148.5,141.0500030517578,142.0500030517578,4172
2018-09-26,142.6712646484375,143.35000610351562,146.89999389648438,141.5,143.10000610351562,1981
2018-09-27,141.92481994628906,142.60000610351562,146.85000610351562,140.3000030517578,140.3000030517578,4843
2018-09-28,138.39161682128906,139.0500030517578,144.0,131.3000030517578,141.5,3659
2018-10-01,137.39634704589844,138.0500030517578,141.0,130.1999969482422,138.0,8329
2018-10-03,135.05747985839844,135.6999969482422,140.4499969482422,132.5,132.5,2240
2018-10-04,137.39634704589844,138.0500030517578,142.0,135.6999969482422,135.6999969482422,278
2018-10-05,138.29208374023438,138.9499969482422,141.3000030517578,136.75,138.0,1264
2018-10-08,134.11196899414062,134.75,147.6999969482422,133.0500030517578,136.0500030517578,2785
2018-10-09,137.34658813476562,138.0,139.9499969482422,134.8000030517578,134.8000030517578,691
2018-10-10,142.77078247070312,143.4499969482422,144.25,136.0,136.0,2208
2018-10-11,136.0029754638672,136.64999389648438,150.0,128.6999969482422,139.14999389648438,5953
2018-10-12,143.66653442382812,144.35000610351562,148.5,138.1999969482422,138.1999969482422,1774
2018-10-15,140.43191528320312,141.10000610351562,143.85000610351562,140.0,143.85000610351562,83
2018-10-16,144.0646209716797,144.75,148.0,142.60000610351562,142.60000610351562,901
2018-10-17,137.94375610351562,138.60000610351562,143.39999389648438,137.9499969482422,142.0,2259
2018-10-19,137.69493103027344,138.35000610351562,148.5,135.3000030517578,148.5,1075
2018-10-22,138.9390106201172,139.60000610351562,147.0,138.39999389648438,138.39999389648438,1529
2018-10-23,136.5006103515625,137.14999389648438,144.35000610351562,136.10000610351562,139.60000610351562,2892
2018-10-24,140.03379821777344,140.6999969482422,142.0,137.1999969482422,137.1999969482422,301
2018-10-25,138.98876953125,139.64999389648438,140.0,135.6999969482422,140.0,77
2018-10-26,138.34185791015625,139.0,144.0,137.14999389648438,141.6999969482422,558
2018-10-29,142.72100830078125,143.39999389648438,143.75,139.0500030517578,139.35000610351562,636
2018-10-30,143.81581115722656,144.5,147.25,139.10000610351562,143.75,828
2018-10-31,143.46746826171875,144.14999389648438,144.5,141.0,144.5,227
2018-11-01,143.1688995361328,143.85000610351562,144.14999389648438,140.85000610351562,142.8000030517578,467
2018-11-02,143.91534423828125,144.60000610351562,147.35000610351562,142.10000610351562,143.8000030517578,2052
2018-11-05,139.5859375,140.25,145.8000030517578,140.0,143.5,886
2018-11-06,143.81581115722656,144.5,150.89999389648438,141.8000030517578,142.8000030517578,532
2018-11-07,140.73048400878906,141.39999389648438,146.9499969482422,139.25,144.10000610351562,2192
2018-11-09,143.7660369873047,144.4499969482422,145.0,139.0,141.39999389648438,862
2018-11-12,143.1688995361328,143.85000610351562,146.1999969482422,141.75,142.35000610351562,1079
2018-11-13,140.13333129882812,140.8000030517578,146.89999389648438,139.0,142.39999389648438,3380
2018-11-14,140.83001708984375,141.5,142.5,138.64999389648438,142.5,2566
2018-11-15,137.84422302246094,138.5,143.0,136.0,138.0,3284
2018-11-16,136.7991943359375,137.4499969482422,140.9499969482422,136.6999969482422,137.39999389648438,2235
2018-11-19,138.24232482910156,138.89999389648438,139.0,135.0,137.4499969482422,1668
2018-11-20,140.03379821777344,140.6999969482422,141.8000030517578,135.89999389648438,135.89999389648438,807
2018-11-21,142.0740966796875,142.75,143.5,138.10000610351562,138.10000610351562,1314
2018-11-22,142.92007446289062,143.60000610351562,145.0,140.64999389648438,140.6999969482422,401
2018-11-26,144.31344604492188,145.0,145.0,141.5,145.0,701
2018-11-27,143.26841735839844,143.9499969482422,144.5,140.0,142.1999969482422,566
2018-11-28,144.4627227783203,145.14999389648438,146.0,140.1999969482422,140.1999969482422,806
2018-11-29,142.52195739746094,143.1999969482422,145.5,142.25,142.25,1099
2018-11-30,147.6475830078125,148.35000610351562,149.89999389648438,142.35000610351562,142.35000610351562,1800
2018-12-03,145.80633544921875,146.5,151.0,145.0,148.0,741
2018-12-04,147.19970703125,147.89999389648438,150.89999389648438,146.5500030517578,148.89999389648438,701
2018-12-05,146.30397033691406,147.0,150.5,144.5500030517578,147.85000610351562,1359
2018-12-06,138.69020080566406,139.35000610351562,149.75,137.1999969482422,147.0,2246
2018-12-07,141.9745635986328,142.64999389648438,151.89999389648438,139.0,139.10000610351562,2561
2018-12-10,141.42718505859375,142.10000610351562,147.6999969482422,139.0,141.1999969482422,1168
2018-12-11,139.3868865966797,140.0500030517578,144.9499969482422,138.25,138.25,989
2018-12-12,141.2778778076172,141.9499969482422,144.9499969482422,140.0500030517578,143.9499969482422,1376
2018-12-13,150.2850341796875,151.0,154.4499969482422,142.0,142.0,99629
2018-12-14,144.61203002929688,145.3000030517578,153.5,145.0,152.89999389648438,1017
2018-12-17,148.89166259765625,149.60000610351562,150.0,145.3000030517578,150.0,352
2018-12-18,144.6617889404297,145.35000610351562,153.1999969482422,144.60000610351562,145.60000610351562,523
2018-12-19,149.09071350097656,149.8000030517578,159.0,145.39999389648438,159.0,1209
2018-12-20,149.53858947753906,150.25,150.8000030517578,146.39999389648438,149.8000030517578,470
2018-12-21,145.2091827392578,145.89999389648438,150.4499969482422,144.0500030517578,150.0,169
2018-12-24,147.796875,148.5,151.8000030517578,145.0,145.0500030517578,607
2018-12-26,143.26841735839844,143.9499969482422,148.85000610351562,140.14999389648438,144.0,964
2018-12-27,142.1238555908203,142.8000030517578,145.85000610351562,142.25,145.85000610351562,1542
2018-12-28,145.95562744140625,146.64999389648438,148.6999969482422,143.39999389648438,146.64999389648438,102880
2018-12-31,143.46746826171875,144.14999389648438,149.89999389648438,142.85000610351562,144.0500030517578,381
2019-01-01,142.0243377685547,142.6999969482422,151.14999389648438,142.0,151.14999389648438,1123
2019-01-02,142.52195739746094,143.1999969482422,144.75,142.5,143.10000610351562,741
2019-01-03,139.4366455078125,140.10000610351562,149.9499969482422,138.9499969482422,149.9499969482422,2581
2019-01-04,138.34185791015625,139.0,143.9499969482422,138.10000610351562,143.9499969482422,772
2019-01-07,137.4461212158203,138.10000610351562,139.89999389648438,138.0,138.60000610351562,1087
2019-01-08,136.351318359375,137.0,142.6999969482422,134.35000610351562,142.6999969482422,2121
2019-01-09,138.14280700683594,138.8000030517578,139.85000610351562,136.10000610351562,137.0500030517578,1155
2019-01-10,138.34185791015625,139.0,140.8000030517578,136.1999969482422,136.35000610351562,1668
2019-01-11,137.39634704589844,138.0500030517578,142.9499969482422,136.25,142.9499969482422,78
2019-01-14,135.70440673828125,136.35000610351562,139.85000610351562,136.14999389648438,137.5,275
2019-01-15,135.35606384277344,136.0,140.39999389648438,134.14999389648438,140.39999389648438,5967
2019-01-16,136.40109252929688,137.0500030517578,142.0,136.0,142.0,2287
2019-01-17,138.14280700683594,138.8000030517578,140.0,135.60000610351562,137.10000610351562,2898
2019-01-18,137.84422302246094,138.5,139.0500030517578,135.0,138.89999389648438,475
2019-01-21,137.39634704589844,138.0500030517578,140.0,136.25,139.0,576
2019-01-22,136.3015594482422,136.9499969482422,138.0500030517578,136.0500030517578,138.0500030517578,35
2019-01-23,139.6854705810547,140.35000610351562,146.89999389648438,134.9499969482422,136.0,7807
2019-01-24,138.29208374023438,138.9499969482422,140.39999389648438,136.60000610351562,140.39999389648438,1840
2019-01-25,135.00770568847656,135.64999389648438,142.8000030517578,135.64999389648438,142.8000030517578,1194
2019-01-28,139.6854705810547,140.35000610351562,145.0,134.0,135.64999389648438,8285
2019-01-29,139.6854705810547,140.35000610351562,142.0,137.60000610351562,140.0500030517578,13349
2019-01-30,148.54331970214844,149.25,162.89999389648438,141.0,141.9499969482422,28182
2019-01-31,152.9722442626953,153.6999969482422,156.8000030517578,149.25,149.25,4253
2019-02-01,159.19265747070312,159.9499969482422,161.89999389648438,150.0500030517578,153.10000610351562,23585
2019-02-04,152.7234344482422,153.4499969482422,164.89999389648438,148.0,164.89999389648438,5378
2019-02-05,149.43905639648438,150.14999389648438,158.5,148.8000030517578,158.5,1407
2019-02-06,146.45326232910156,147.14999389648438,154.85000610351562,132.0,151.0500030517578,12686
2019-02-07,143.06936645507812,143.75,145.85000610351562,142.35000610351562,145.35000610351562,166
2019-02-08,141.07882690429688,141.75,149.6999969482422,139.0500030517578,141.0500030517578,507
2019-02-11,139.287353515625,139.9499969482422,145.9499969482422,138.10000610351562,145.9499969482422,539
2019-02-12,138.98876953125,139.64999389648438,145.89999389648438,135.10000610351562,145.85000610351562,1082
2019-02-14,141.22811889648438,141.89999389648438,145.8000030517578,135.0,135.0,596
2019-02-15,144.6617889404297,145.35000610351562,146.39999389648438,136.3000030517578,142.6999969482422,2197
2019-02-18,140.43191528320312,141.10000610351562,145.35000610351562,138.64999389648438,145.35000610351562,2181
2019-02-19,142.72100830078125,143.39999389648438,145.0,140.64999389648438,144.9499969482422,331
2019-02-20,144.4627227783203,145.14999389648438,147.0,138.0,138.0,452
2019-02-21,141.32765197753906,142.0,142.0500030517578,140.60000610351562,142.0500030517578,36
2019-02-22,144.41297912597656,145.10000610351562,149.0,141.10000610351562,142.0,371
2019-02-25,161.4817657470703,162.25,172.0,147.9499969482422,147.9499969482422,99640
2019-02-26,151.87747192382812,152.60000610351562,165.0,152.0,165.0,5096
2019-02-27,150.53384399414062,151.25,159.89999389648438,149.0,157.10000610351562,7861
2019-02-28,180.640625,181.5,181.5,148.0500030517578,154.9499969482422,36528
2019-03-01,190.5435028076172,191.4499969482422,212.0,187.3000030517578,197.64999389648438,321189
2019-03-05,196.2165069580078,197.14999389648438,207.8000030517578,181.10000610351562,189.39999389648438,115796
2019-03-06,187.40843200683594,188.3000030517578,197.39999389648438,186.0,197.39999389648438,10314
2019-03-07,186.56243896484375,187.4499969482422,193.9499969482422,183.64999389648438,188.5,10966
2019-03-08,181.1382598876953,182.0,192.8000030517578,180.1999969482422,186.5500030517578,15270
2019-03-11,189.150146484375,190.0500030517578,192.0,180.0,182.25,12210
2019-03-12,189.49847412109375,190.39999389648438,196.0,187.0500030517578,195.85000610351562,14511
2019-03-13,196.46533203125,197.39999389648438,209.60000610351562,185.0500030517578,194.5500030517578,28243
2019-03-14,187.10984802246094,188.0,201.0,184.89999389648438,197.75,13288
2019-03-15,192.98190307617188,193.89999389648438,196.75,191.0,191.0,5084
2019-03-18,192.7330780029297,193.64999389648438,200.9499969482422,192.25,195.0,3188
2019-03-19,194.67385864257812,195.60000610351562,198.0,192.10000610351562,194.5500030517578,2952
2019-03-20,196.06723022460938,197.0,200.75,189.35000610351562,195.60000610351562,10689
2019-03-22,194.12646484375,195.0500030517578,199.0,191.60000610351562,197.4499969482422,3631
2019-03-25,195.42031860351562,196.35000610351562,198.9499969482422,190.0,194.9499969482422,3989
2019-03-26,199.2023162841797,200.14999389648438,202.9499969482422,193.0,199.9499969482422,16050
2019-03-27,204.2283935546875,205.1999969482422,206.4499969482422,197.64999389648438,200.14999389648438,7824
2019-03-28,220.30194091796875,221.35000610351562,235.9499969482422,205.10000610351562,205.89999389648438,194277
2019-04-01,233.68824768066406,234.8000030517578,241.8000030517578,221.89999389648438,224.0500030517578,63689
2019-04-02,234.882568359375,236.0,241.14999389648438,224.0,226.5,17095
2019-04-03,228.31381225585938,229.39999389648438,237.0,227.35000610351562,237.0,14575
2019-04-04,225.62660217285156,226.6999969482422,233.9499969482422,225.0,227.3000030517578,3056
2019-04-05,229.7569580078125,230.85000610351562,235.75,215.5500030517578,215.5500030517578,9434
2019-04-08,228.91098022460938,230.0,240.8000030517578,221.14999389648438,236.4499969482422,13464
2019-04-09,239.46080017089844,240.60000610351562,241.5,230.0,230.0,15452
2019-04-10,247.82101440429688,249.0,252.60000610351562,241.10000610351562,241.25,19642
2019-04-11,260.2120666503906,261.45001220703125,261.45001220703125,246.1999969482422,246.1999969482422,18677
2019-04-12,272.4538269042969,273.75,274.20001220703125,259.25,269.8999938964844,23482
2019-04-15,270.86138916015625,272.1499938964844,281.0,270.0,280.0,7210
2019-04-16,257.3257751464844,258.54998779296875,270.0,258.54998779296875,270.0,16146
2019-04-18,246.2285919189453,247.39999389648438,257.0,245.64999389648438,247.1999969482422,22967
2019-04-22,246.77598571777344,247.9499969482422,254.0,236.5,240.1999969482422,13237
2019-04-23,250.65753173828125,251.85000610351562,254.75,245.0,245.0,4753
2019-04-24,252.84710693359375,254.0500030517578,257.70001220703125,245.0500030517578,245.0500030517578,4700
2019-04-25,251.901611328125,253.10000610351562,259.0,248.0500030517578,250.14999389648438,3499
2019-04-26,253.09593200683594,254.3000030517578,259.29998779296875,245.5,245.5,7128
2019-04-30,264.2926330566406,265.54998779296875,267.0,247.3000030517578,259.5,33071
2019-05-02,258.71917724609375,259.95001220703125,270.0,256.70001220703125,270.0,3569
2019-05-03,254.48928833007812,255.6999969482422,261.95001220703125,255.0500030517578,257.0,9827
2019-05-06,257.0272216796875,258.25,260.0,250.0,254.0,5705
2019-05-07,254.0414276123047,255.25,265.8500061035156,252.0,252.5,2220
2019-05-08,247.77125549316406,248.9499969482422,257.0,248.1999969482422,252.5,2301
2019-05-09,244.08877563476562,245.25,253.89999389648438,245.0,250.0,1955
2019-05-10,246.97503662109375,248.14999389648438,252.0,246.3000030517578,252.0,169
2019-05-13,241.9987030029297,243.14999389648438,249.0,243.0,247.0,4602
2019-05-14,237.8683624267578,239.0,241.0,237.9499969482422,238.14999389648438,3850
2019-05-15,234.9821014404297,236.10000610351562,246.10000610351562,235.5,246.10000610351562,1125
2019-05-16,242.794921875,243.9499969482422,247.4499969482422,236.0,244.0,2503
2019-05-17,235.3802032470703,236.5,240.0,235.0,240.0,3921
2019-05-20,244.03900146484375,245.1999969482422,246.9499969482422,225.10000610351562,225.10000610351562,1590
2019-05-21,237.12191772460938,238.25,240.60000610351562,235.0,235.0,4225
2019-05-22,241.35179138183594,242.5,247.0,239.0,240.0,1362
2019-05-23,243.83995056152344,245.0,246.0,235.1999969482422,235.25,5191
2019-05-24,250.75704956054688,251.9499969482422,253.5,240.0,240.0,2494
2019-05-27,263.1978759765625,264.45001220703125,264.5,252.14999389648438,254.4499969482422,11182
2019-05-28,275.4893798828125,276.79998779296875,277.6499938964844,257.0,268.54998779296875,11586
2019-05-29,270.1149597167969,271.3999938964844,287.0,266.20001220703125,278.79998779296875,5687
2019-05-30,268.6718444824219,269.95001220703125,270.0,265.5,266.1000061035156,1629
2019-05-31,255.28550720214844,256.5,265.0,256.5,265.0,4267
2019-06-03,247.07456970214844,248.25,255.0,243.6999969482422,255.0,6628
2019-06-04,245.93002319335938,247.10000610351562,247.5,241.10000610351562,243.5,4180
2019-06-06,234.583984375,235.6999969482422,245.0,234.8000030517578,241.10000610351562,8247
2019-06-07,236.37547302246094,237.5,242.0,234.0,240.0,2167
2019-06-10,239.85890197753906,241.0,247.9499969482422,233.10000610351562,241.0,2695
2019-06-11,236.47500610351562,237.60000610351562,250.0,237.0,244.89999389648438,6775
2019-06-12,232.94180297851562,234.0500030517578,246.89999389648438,230.0,237.0,2901
2019-06-13,241.94895935058594,243.10000610351562,244.0,234.0,238.0,2682
2019-06-14,243.74041748046875,244.89999389648438,245.0,238.0,243.1999969482422,4624
2019-06-17,236.72381591796875,237.85000610351562,242.0,233.1999969482422,242.0,3363
2019-06-18,236.17642211914062,237.3000030517578,240.0,232.0,239.89999389648438,491
2019-06-19,228.91098022460938,230.0,240.0,228.39999389648438,232.25,1245
2019-06-20,231.7972412109375,232.89999389648438,235.0,220.0,225.0,470
2019-06-21,236.12664794921875,237.25,244.5,231.0,239.6999969482422,6295
2019-06-24,233.88729858398438,235.0,237.89999389648438,226.0,226.0,308
2019-06-25,241.25225830078125,242.39999389648438,244.0500030517578,226.14999389648438,226.14999389648438,7565
2019-06-26,235.92759704589844,237.0500030517578,245.89999389648438,235.14999389648438,238.10000610351562,984
2019-06-27,245.7807159423828,246.9499969482422,247.5,237.14999389648438,244.85000610351562,6839
2019-06-28,238.86363220214844,240.0,245.3000030517578,239.10000610351562,240.14999389648438,371
2019-07-01,236.47500610351562,237.60000610351562,244.85000610351562,233.0,244.85000610351562,672
2019-07-02,241.15274047851562,242.3000030517578,246.75,240.0,241.8000030517578,7693
2019-07-03,240.55557250976562,241.6999969482422,243.0500030517578,240.0,240.9499969482422,704
2019-07-04,241.50108337402344,242.64999389648438,248.0,237.0,237.14999389648438,3865
2019-07-05,236.17642211914062,237.3000030517578,243.89999389648438,236.0,239.9499969482422,2533
2019-07-08,228.76168823242188,229.85000610351562,238.9499969482422,227.25,237.3000030517578,840
2019-07-09,228.91098022460938,230.0,238.8000030517578,229.0500030517578,238.75,622
2019-07-10,227.51760864257812,228.60000610351562,235.0,228.0,230.0500030517578,1306
2019-07-11,233.58871459960938,234.6999969482422,234.75,224.0500030517578,224.0500030517578,382
2019-07-12,227.61712646484375,228.6999969482422,233.6999969482422,225.14999389648438,230.0500030517578,542
2019-07-15,225.52708435058594,226.60000610351562,238.0,225.0,238.0,166
2019-07-16,228.36358642578125,229.4499969482422,233.0,222.25,232.89999389648438,976
2019-07-17,225.92518615722656,227.0,237.85000610351562,224.39999389648438,224.39999389648438,345
2019-07-18,228.8612060546875,229.9499969482422,235.0,223.10000610351562,225.10000610351562,745
2019-07-19,221.1479034423828,222.1999969482422,225.14999389648438,221.0500030517578,225.14999389648438,1466
2019-07-22,221.09814453125,222.14999389648438,231.89999389648438,211.10000610351562,213.0,2319
2019-07-23,218.2616424560547,219.3000030517578,220.0,212.10000610351562,216.0500030517578,316
2019-07-24,210.1999969482422,211.1999969482422,218.9499969482422,210.39999389648438,214.0,4949
2019-07-25,212.0,212.0,216.64999389648438,207.5500030517578,216.0,3016
2019-07-26,212.0,212.0,212.10000610351562,210.0500030517578,210.25,280
2019-07-29,207.14999389648438,207.14999389648438,216.8000030517578,205.10000610351562,210.10000610351562,1635
2019-07-30,201.75,201.75,212.0,201.0500030517578,209.9499969482422,1464
2019-07-31,192.8000030517578,192.8000030517578,200.10000610351562,191.6999969482422,200.10000610351562,4076
2019-08-01,189.10000610351562,189.10000610351562,196.9499969482422,183.1999969482422,192.8000030517578,8939
2019-08-02,184.39999389648438,184.39999389648438,190.0,180.5,189.0,3140
2019-08-05,193.35000610351562,193.35000610351562,193.60000610351562,177.0,184.39999389648438,2505
2019-08-06,201.10000610351562,201.10000610351562,202.9499969482422,190.0,202.85000610351562,1690
2019-08-07,195.8000030517578,195.8000030517578,208.75,195.5,208.75,1479
2019-08-08,196.10000610351562,196.10000610351562,201.85000610351562,196.0,201.85000610351562,263
2019-08-09,193.75,193.75,201.75,191.10000610351562,191.10000610351562,3264
2019-08-13,187.35000610351562,187.35000610351562,191.89999389648438,187.0,190.0,2361
2019-08-14,196.0,196.0,196.0,186.9499969482422,186.9499969482422,1696
2019-08-16,200.60000610351562,200.60000610351562,203.75,186.1999969482422,198.9499969482422,16771
2019-08-19,200.10000610351562,200.10000610351562,202.0,196.0,200.0,1720
2019-08-20,197.39999389648438,197.39999389648438,200.0,194.9499969482422,198.0500030517578,568
2019-08-21,190.1999969482422,190.1999969482422,200.0500030517578,189.9499969482422,200.0500030517578,6351
2019-08-22,190.0,190.0,197.0,185.0,186.1999969482422,1407
2019-08-23,191.85000610351562,191.85000610351562,191.89999389648438,185.1999969482422,191.89999389648438,350
2019-08-26,197.0,197.0,199.6999969482422,193.9499969482422,198.85000610351562,2400
2019-08-27,200.9499969482422,200.9499969482422,201.9499969482422,196.10000610351562,197.0500030517578,292
2019-08-28,193.14999389648438,193.14999389648438,197.5,191.0,195.10000610351562,454
2019-08-29,195.85000610351562,195.85000610351562,195.9499969482422,189.9499969482422,193.3000030517578,245
2019-08-30,190.25,190.25,195.85000610351562,190.0,190.25,103
2019-09-03,190.4499969482422,190.4499969482422,193.85000610351562,181.10000610351562,185.5500030517578,287
2019-09-04,196.89999389648438,196.89999389648438,198.89999389648438,188.10000610351562,193.4499969482422,196
2019-09-05,188.89999389648438,188.89999389648438,191.0500030517578,188.3000030517578,188.3000030517578,258
2019-09-06,194.0,194.0,194.4499969482422,180.10000610351562,182.0,17
2019-09-09,191.6999969482422,191.6999969482422,196.0,190.3000030517578,192.9499969482422,911
2019-09-11,201.25,201.25,201.25,187.39999389648438,191.6999969482422,2884
2019-09-12,211.3000030517578,211.3000030517578,211.3000030517578,202.0,202.0,621
2019-09-13,211.60000610351562,211.60000610351562,221.1999969482422,208.9499969482422,212.0,869
2019-09-16,209.9499969482422,209.9499969482422,216.0,206.35000610351562,214.35000610351562,11479
2019-09-17,208.10000610351562,208.10000610351562,216.0500030517578,207.64999389648438,212.0,31892
2019-09-18,203.0500030517578,203.0500030517578,208.8000030517578,202.0,203.9499969482422,1026
2019-09-19,201.14999389648438,201.14999389648438,209.0,198.1999969482422,201.0,678
2019-09-20,206.25,206.25,211.1999969482422,203.10000610351562,209.89999389648438,1903
2019-09-23,215.4499969482422,215.4499969482422,216.5500030517578,208.64999389648438,214.0,7753
2019-09-24,209.9499969482422,209.9499969482422,222.5,206.0,222.5,3715
2019-09-25,204.3000030517578,204.3000030517578,214.0,201.0,213.4499969482422,3288
2019-09-26,200.4499969482422,200.4499969482422,207.89999389648438,198.1999969482422,199.9499969482422,5743
2019-09-27,200.0,200.0,207.0,196.0,204.89999389648438,1745
2019-09-30,196.60000610351562,196.60000610351562,204.0,192.10000610351562,195.10000610351562,3422
2019-10-01,201.85000610351562,201.85000610351562,202.0500030517578,193.3000030517578,193.35000610351562,3426
2019-10-03,200.85000610351562,200.85000610351562,203.3000030517578,196.3000030517578,203.3000030517578,38
2019-10-04,194.60000610351562,194.60000610351562,203.5,192.14999389648438,197.1999969482422,1070
2019-10-07,191.0500030517578,191.0500030517578,197.6999969482422,189.1999969482422,194.64999389648438,709
2019-10-09,200.0500030517578,200.0500030517578,202.8000030517578,181.10000610351562,192.0500030517578,1009
2019-10-10,199.89999389648438,199.89999389648438,202.4499969482422,194.9499969482422,202.39999389648438,1238
2019-10-11,200.0500030517578,200.0500030517578,209.0,193.3000030517578,199.0500030517578,2404
2019-10-14,199.75,199.75,206.5,193.4499969482422,201.75,1323
2019-10-15,200.64999389648438,200.64999389648438,214.39999389648438,198.14999389648438,199.85000610351562,1690
2019-10-16,195.39999389648438,195.39999389648438,209.8000030517578,191.10000610351562,200.6999969482422,1237
2019-10-17,193.39999389648438,193.39999389648438,200.0,189.9499969482422,195.14999389648438,8333
2019-10-18,199.5,199.5,204.60000610351562,191.5,204.0,6946
2019-10-22,198.0500030517578,198.0500030517578,201.85000610351562,195.1999969482422,200.0500030517578,911
2019-10-23,200.75,200.75,202.0500030517578,197.5,197.5,287
2019-10-24,193.35000610351562,193.35000610351562,199.89999389648438,191.10000610351562,192.14999389648438,1674
2019-10-25,191.5500030517578,191.5500030517578,199.85000610351562,188.10000610351562,194.0500030517578,1979
2019-10-27,196.5500030517578,196.5500030517578,198.89999389648438,192.9499969482422,194.9499969482422,909
2019-10-29,200.3000030517578,200.3000030517578,203.85000610351562,194.9499969482422,196.5500030517578,9546
2019-10-30,189.1999969482422,189.1999969482422,207.5,185.5500030517578,196.0500030517578,4243
2019-10-31,191.5,191.5,196.85000610351562,190.0,190.0500030517578,1136
2019-11-01,191.5500030517578,191.5500030517578,192.5,189.0,190.0,389
2019-11-04,193.8000030517578,193.8000030517578,198.0,190.0,190.10000610351562,610
2019-11-05,191.3000030517578,191.3000030517578,194.25,190.14999389648438,193.8000030517578,690
2019-11-06,190.85000610351562,190.85000610351562,194.9499969482422,188.0,194.9499969482422,913
2019-11-07,191.75,191.75,192.0,182.10000610351562,182.14999389648438,213
2019-11-08,187.0,187.0,191.0,186.0,188.0,631
2019-11-11,186.1999969482422,186.1999969482422,187.89999389648438,168.3000030517578,184.0500030517578,1393
2019-11-13,187.0,187.0,190.0,186.1999969482422,186.1999969482422,981
2019-11-14,187.25,187.25,191.9499969482422,187.0,187.0500030517578,283
2019-11-15,184.14999389648438,184.14999389648438,187.0500030517578,178.25,187.0500030517578,2224
2019-11-18,183.0,183.0,184.14999389648438,181.0500030517578,184.14999389648438,830
2019-11-19,184.1999969482422,184.1999969482422,194.0,183.9499969482422,184.10000610351562,1778
2019-11-20,188.10000610351562,188.10000610351562,191.0,179.0,186.9499969482422,3428
2019-11-21,188.10000610351562,188.10000610351562,188.10000610351562,188.10000610351562,188.10000610351562,0
2019-11-22,188.0,188.0,192.0,181.0500030517578,182.0500030517578,609
2019-11-25,185.0,185.0,193.0,182.0,182.0,303
2019-11-26,182.89999389648438,182.89999389648438,192.89999389648438,172.0,187.4499969482422,7295
2019-11-27,189.4499969482422,189.4499969482422,193.14999389648438,180.9499969482422,180.9499969482422,6871
2019-11-28,186.85000610351562,186.85000610351562,198.0,185.0500030517578,198.0,525
2019-11-29,192.5,192.5,195.75,184.0500030517578,184.10000610351562,1547
2019-12-02,189.0500030517578,189.0500030517578,193.0,188.0,192.5,671
2019-12-03,184.1999969482422,184.1999969482422,189.0,184.0,189.0,1043
2019-12-04,186.0,186.0,186.0,181.25,185.89999389648438,498
2019-12-05,184.5500030517578,184.5500030517578,186.0,180.0500030517578,185.9499969482422,858
2019-12-06,178.35000610351562,178.35000610351562,185.0,175.35000610351562,184.9499969482422,24716
2019-12-09,171.0,171.0,178.4499969482422,164.3000030517578,178.4499969482422,5313
2019-12-10,171.10000610351562,171.10000610351562,178.0,168.25,173.9499969482422,397
2019-12-11,171.89999389648438,171.89999389648438,173.4499969482422,165.0,169.39999389648438,599
2019-12-12,167.3000030517578,167.3000030517578,178.9499969482422,165.0500030517578,167.14999389648438,674
2019-12-13,170.8000030517578,170.8000030517578,171.89999389648438,165.6999969482422,165.9499969482422,1551
2019-12-16,165.60000610351562,165.60000610351562,170.0,162.3000030517578,167.6999969482422,1564
2019-12-17,164.10000610351562,164.10000610351562,168.89999389648438,160.35000610351562,168.89999389648438,1050
2019-12-18,164.10000610351562,164.10000610351562,167.0500030517578,160.5,164.0500030517578,582
2019-12-19,162.1999969482422,162.1999969482422,167.5,160.64999389648438,162.0500030517578,426
2019-12-20,162.10000610351562,162.10000610351562,168.0,160.3000030517578,166.0,420
2019-12-23,160.0,160.0,164.5500030517578,160.0,164.5500030517578,885
2019-12-24,175.39999389648438,175.39999389648438,192.0,161.1999969482422,180.0,168434
2019-12-26,171.9499969482422,171.9499969482422,177.8000030517578,168.0,177.0,15424
2019-12-27,167.8000030517578,167.8000030517578,172.8000030517578,165.10000610351562,167.0,6412
2019-12-30,171.14999389648438,171.14999389648438,189.60000610351562,164.0,164.0,65674
2019-12-31,175.35000610351562,175.35000610351562,183.85000610351562,168.0,168.0500030517578,12069
2020-01-01,171.75,171.75,184.9499969482422,168.75,175.35000610351562,12971
2020-01-02,172.25,172.25,176.75,170.60000610351562,176.6999969482422,2267
2020-01-03,170.4499969482422,170.4499969482422,175.0,170.0,171.75,2511
2020-01-06,167.1999969482422,167.1999969482422,168.9499969482422,161.3000030517578,167.0500030517578,10932
2020-01-07,171.1999969482422,171.1999969482422,174.85000610351562,167.10000610351562,174.85000610351562,1298
2020-01-08,169.75,169.75,173.8000030517578,168.0,173.8000030517578,1322
2020-01-09,171.89999389648438,171.89999389648438,174.89999389648438,170.5,172.0500030517578,4601
2020-01-10,173.1999969482422,173.1999969482422,178.0,172.0,172.9499969482422,2735
2020-01-13,176.0,176.0,177.35000610351562,170.25,174.1999969482422,1014
2020-01-14,175.0,175.0,177.39999389648438,172.6999969482422,175.4499969482422,2896
2020-01-15,175.8000030517578,175.8000030517578,176.0,173.10000610351562,175.0500030517578,706
2020-01-16,169.60000610351562,169.60000610351562,177.60000610351562,169.0,177.5500030517578,10332
2020-01-17,183.60000610351562,183.60000610351562,189.0,166.3000030517578,166.35000610351562,16009
2020-01-20,181.3000030517578,181.3000030517578,188.75,178.9499969482422,181.0,2646
2020-01-21,176.8000030517578,176.8000030517578,184.8000030517578,176.5500030517578,184.75,790
2020-01-22,174.6999969482422,174.6999969482422,180.89999389648438,173.0500030517578,178.35000610351562,5461
2020-01-23,184.6999969482422,184.6999969482422,189.8000030517578,176.0500030517578,176.10000610351562,6900
2020-01-24,186.6999969482422,186.6999969482422,195.0,183.5,189.89999389648438,9612
2020-01-27,189.1999969482422,189.1999969482422,194.5,176.5,181.14999389648438,2970
2020-01-28,183.5500030517578,183.5500030517578,203.75,181.10000610351562,196.64999389648438,58064
2020-01-29,184.75,184.75,189.10000610351562,176.60000610351562,185.89999389648438,4364
2020-01-30,180.4499969482422,180.4499969482422,184.0,178.6999969482422,181.0500030517578,987
2020-01-31,177.35000610351562,177.35000610351562,181.0,177.0,179.4499969482422,1694
2020-02-03,175.14999389648438,175.14999389648438,177.9499969482422,168.64999389648438,174.0500030517578,905
2020-02-04,176.0,176.0,184.0,175.10000610351562,184.0,4409
2020-02-05,177.0500030517578,177.0500030517578,179.3000030517578,175.10000610351562,179.25,1136
2020-02-06,178.0,178.0,179.89999389648438,176.0500030517578,176.10000610351562,861
2020-02-07,175.75,175.75,178.10000610351562,175.10000610351562,178.0500030517578,1284
2020-02-10,174.9499969482422,174.9499969482422,178.0,174.9499969482422,175.5500030517578,2957
2020-02-11,174.35000610351562,174.35000610351562,184.6999969482422,171.75,174.0,6999
2020-02-12,173.89999389648438,173.89999389648438,177.8000030517578,172.75,174.1999969482422,995
2020-02-13,178.0500030517578,178.0500030517578,182.0,172.25,174.89999389648438,5804
2020-02-14,175.14999389648438,175.14999389648438,178.89999389648438,174.10000610351562,178.89999389648438,1591
2020-02-17,174.64999389648438,174.64999389648438,177.8000030517578,173.8000030517578,175.0500030517578,431
2020-02-18,174.14999389648438,174.14999389648438,176.8000030517578,170.0,171.0500030517578,229
2020-02-19,173.0,173.0,174.0,171.10000610351562,171.14999389648438,223
2020-02-20,180.64999389648438,180.64999389648438,186.60000610351562,166.35000610351562,175.9499969482422,4086
2020-02-24,167.5,167.5,180.0,164.6999969482422,177.25,12810
2020-02-25,168.8000030517578,168.8000030517578,174.89999389648438,164.5500030517578,168.0,1517
2020-02-26,166.60000610351562,166.60000610351562,171.0500030517578,165.10000610351562,168.75,9081
2020-02-27,161.4499969482422,161.4499969482422,167.25,157.75,167.25,11566
2020-02-28,154.8000030517578,154.8000030517578,159.85000610351562,153.3000030517578,157.0,4282
2020-03-02,155.25,155.25,169.9499969482422,150.0,155.14999389648438,4940
2020-03-03,153.85000610351562,153.85000610351562,159.0,145.0,145.0,2233
2020-03-04,147.89999389648438,147.89999389648438,155.9499969482422,145.60000610351562,155.9499969482422,2625
2020-03-05,146.64999389648438,146.64999389648438,155.0,144.5,148.0,10783
2020-03-06,144.89999389648438,144.89999389648438,150.6999969482422,131.9499969482422,146.35000610351562,3094
2020-03-09,140.39999389648438,140.39999389648438,146.89999389648438,126.0,141.89999389648438,5201
2020-03-11,144.14999389648438,144.14999389648438,157.0,140.60000610351562,148.9499969482422,9046
2020-03-12,131.4499969482422,131.4499969482422,142.9499969482422,131.25,135.25,918
2020-03-13,128.89999389648438,128.89999389648438,142.89999389648438,116.0,130.0,5112
2020-03-16,120.19999694824219,120.19999694824219,125.1500015258789,116.0,125.1500015258789,1207
2020-03-17,120.9000015258789,120.9000015258789,128.0,117.0,121.05000305175781,656
2020-03-18,119.55000305175781,119.55000305175781,126.9000015258789,115.0,124.8499984741211,1319
2020-03-19,114.05000305175781,114.05000305175781,123.9000015258789,108.0999984741211,111.0,1497
2020-03-20,115.0999984741211,115.0999984741211,121.8499984741211,115.05000305175781,118.94999694824219,283
2020-03-23,96.0999984741211,96.0999984741211,119.80000305175781,95.94999694824219,102.0,5704
2020-03-24,91.0,91.0,99.0,81.69999694824219,81.69999694824219,542
2020-03-25,90.25,90.25,94.94999694824219,81.0,85.05000305175781,220
2020-03-26,98.0,98.0,108.0,93.4000015258789,95.0,1587
2020-03-27,99.94999694824219,99.94999694824219,115.0,83.94999694824219,108.69999694824219,1858
2020-03-30,98.94999694824219,98.94999694824219,105.94999694824219,86.3499984741211,98.0,352
2020-03-31,103.44999694824219,103.44999694824219,104.94999694824219,91.0999984741211,104.94999694824219,872
2020-04-01,97.19999694824219,97.19999694824219,106.5,95.69999694824219,99.05000305175781,2990
2020-04-03,95.69999694824219,95.69999694824219,103.9000015258789,94.30000305175781,96.3499984741211,3347
2020-04-07,96.5999984741211,96.5999984741211,105.0,95.80000305175781,105.0,2841
2020-04-08,101.5999984741211,101.5999984741211,103.0,97.25,99.6500015258789,873
2020-04-09,98.69999694824219,98.69999694824219,107.19999694824219,96.5,97.0,12072
2020-04-13,98.9000015258789,98.9000015258789,101.5,96.3499984741211,98.05000305175781,1733
2020-04-15,99.8499984741211,99.8499984741211,101.0,96.5,101.0,2068
2020-04-16,103.75,103.75,103.80000305175781,98.3499984741211,100.0,973
2020-04-17,114.05000305175781,114.05000305175781,118.4000015258789,102.30000305175781,103.30000305175781,5034
2020-04-20,115.44999694824219,115.44999694824219,125.0,101.5,120.0999984741211,2616
2020-04-21,115.1500015258789,115.1500015258789,123.9000015258789,101.5999984741211,123.9000015258789,4877
2020-04-22,113.80000305175781,113.80000305175781,117.9000015258789,104.0,104.0,3341
2020-04-23,112.0999984741211,112.0999984741211,121.5,106.69999694824219,121.5,3879
2020-04-24,110.05000305175781,110.05000305175781,119.69999694824219,106.5999984741211,111.0,5271
2020-04-27,113.0,113.0,120.0,108.55000305175781,119.8499984741211,1304
2020-04-28,115.4000015258789,115.4000015258789,118.80000305175781,111.3499984741211,113.05000305175781,616
2020-04-29,115.6500015258789,115.6500015258789,120.0,113.9000015258789,115.4000015258789,2321
2020-04-30,120.4000015258789,120.4000015258789,124.8499984741211,117.4000015258789,124.8499984741211,6400
2020-05-04,119.8499984741211,119.8499984741211,120.94999694824219,113.0,120.4000015258789,2855
2020-05-05,116.55000305175781,116.55000305175781,124.0,112.3499984741211,124.0,721
2020-05-06,114.5,114.5,119.9000015258789,112.44999694824219,112.44999694824219,2473
2020-05-07,115.5999984741211,115.5999984741211,117.5,113.9000015258789,117.5,794
2020-05-08,114.1500015258789,114.1500015258789,119.75,113.19999694824219,119.69999694824219,310
2020-05-11,115.55000305175781,115.55000305175781,120.0,111.05000305175781,115.0,1755
2020-05-12,107.5,107.5,114.94999694824219,105.5,110.4000015258789,3669
2020-05-13,110.55000305175781,110.55000305175781,113.75,107.5999984741211,112.94999694824219,2265
2020-05-14,112.1500015258789,112.1500015258789,113.9000015258789,106.6500015258789,111.6500015258789,1256
2020-05-15,109.8499984741211,109.8499984741211,112.1500015258789,108.0999984741211,112.0999984741211,39
2020-05-18,106.30000305175781,106.30000305175781,115.0,104.19999694824219,104.25,1090
2020-05-19,106.1500015258789,106.1500015258789,111.0,106.0,110.94999694824219,808
2020-05-20,104.94999694824219,104.94999694824219,110.44999694824219,102.5,105.8499984741211,2303
2020-05-21,100.19999694824219,100.19999694824219,109.44999694824219,92.4000015258789,109.44999694824219,3498
2020-05-22,95.5999984741211,95.5999984741211,103.44999694824219,90.69999694824219,98.05000305175781,12200
2020-05-26,95.94999694824219,95.94999694824219,101.8499984741211,92.0,94.0,3855
2020-05-27,99.4000015258789,99.4000015258789,99.5,94.0,99.44999694824219,2698
2020-05-28,102.8499984741211,102.8499984741211,104.0,95.80000305175781,97.0,3835
2020-05-29,104.80000305175781,104.80000305175781,115.0,96.3499984741211,96.4000015258789,9328
2020-06-01,111.80000305175781,111.80000305175781,114.0,105.5999984741211,110.0,4435
2020-06-02,115.30000305175781,115.30000305175781,119.94999694824219,115.0,119.0,7723
2020-06-03,119.3499984741211,119.3499984741211,124.9000015258789,112.30000305175781,115.0,14632
2020-06-04,113.05000305175781,113.05000305175781,122.44999694824219,110.0,117.69999694824219,11543
2020-06-05,119.44999694824219,119.44999694824219,124.9000015258789,106.0,117.5999984741211,10656
2020-06-08,117.75,117.75,122.94999694824219,114.4000015258789,122.94999694824219,6832
2020-06-09,113.30000305175781,113.30000305175781,123.80000305175781,112.1500015258789,123.80000305175781,2271
2020-06-10,117.30000305175781,117.30000305175781,120.9000015258789,112.94999694824219,120.9000015258789,3252
2020-06-11,115.25,115.25,120.6500015258789,112.1500015258789,112.1500015258789,2032
2020-06-12,111.8499984741211,111.8499984741211,115.0,107.0999984741211,114.9000015258789,2271
2020-06-15,120.25,120.25,122.0,107.30000305175781,107.30000305175781,7893
2020-06-16,112.6500015258789,112.6500015258789,122.9000015258789,110.1500015258789,118.05000305175781,8586
2020-06-17,113.0999984741211,113.0999984741211,120.0,110.25,114.0,2843
2020-06-18,114.25,114.25,117.94999694824219,113.4000015258789,116.6500015258789,2572
2020-06-19,117.19999694824219,117.19999694824219,122.0,114.25,115.05000305175781,4225
2020-06-22,135.25,135.25,139.89999389648438,111.0999984741211,123.0,32356
2020-06-23,148.0500030517578,148.0500030517578,161.85000610351562,130.0,135.25,316014
2020-06-24,137.39999389648438,137.39999389648438,145.64999389648438,128.8000030517578,145.64999389648438,43171
2020-06-25,133.60000610351562,133.60000610351562,137.0,131.35000610351562,137.0,9568
2020-06-26,130.89999389648438,130.89999389648438,136.85000610351562,127.5999984741211,132.85000610351562,10017
2020-06-29,128.89999389648438,128.89999389648438,133.0,128.0,131.89999389648438,6288
2020-06-30,129.60000610351562,129.60000610351562,133.0,127.0,130.14999389648438,8127
2020-07-01,125.69999694824219,125.69999694824219,130.0,125.0,129.10000610351562,6035
2020-07-02,129.25,129.25,130.0,125.25,127.94999694824219,14098
2020-07-03,126.05000305175781,126.05000305175781,130.89999389648438,125.3499984741211,130.89999389648438,5330
2020-07-06,127.05000305175781,127.05000305175781,128.85000610351562,126.25,126.55000305175781,5853
2020-07-07,128.5,128.5,130.0,126.19999694824219,127.05000305175781,7963
2020-07-08,128.39999389648438,128.39999389648438,129.5,127.05000305175781,128.0,2269
2020-07-09,126.0999984741211,126.0999984741211,128.10000610351562,125.30000305175781,127.30000305175781,2721
2020-07-10,123.55000305175781,123.55000305175781,126.1500015258789,123.19999694824219,126.0,3707
2020-07-13,127.75,127.75,130.0,120.3499984741211,123.55000305175781,14563
2020-07-14,120.44999694824219,120.44999694824219,128.5500030517578,120.0,128.5500030517578,7277
2020-07-15,123.30000305175781,123.30000305175781,126.9000015258789,120.5,120.5,1799
2020-07-16,121.44999694824219,121.44999694824219,124.75,118.5999984741211,121.94999694824219,1095
2020-07-17,119.25,119.25,125.9000015258789,118.0999984741211,119.05000305175781,4379
2020-07-20,119.44999694824219,119.44999694824219,122.6500015258789,115.25,119.5999984741211,4377
2020-07-21,120.69999694824219,120.69999694824219,122.0,117.05000305175781,120.94999694824219,4688
2020-07-22,118.30000305175781,118.30000305175781,120.69999694824219,117.80000305175781,120.69999694824219,1735
2020-07-23,118.75,118.75,120.1500015258789,117.94999694824219,118.05000305175781,5484
2020-07-24,118.44999694824219,118.44999694824219,123.30000305175781,116.0,117.05000305175781,4853
2020-07-27,114.30000305175781,114.30000305175781,122.30000305175781,112.0,122.30000305175781,1744
2020-07-28,115.55000305175781,115.55000305175781,119.94999694824219,112.0,112.05000305175781,1774
2020-07-29,117.19999694824219,117.19999694824219,118.0,115.0999984741211,115.0999984741211,2529
2020-07-30,117.3499984741211,117.3499984741211,119.5,115.44999694824219,118.25,3918
2020-07-31,114.69999694824219,114.69999694824219,118.9000015258789,112.69999694824219,113.75,2976
2020-08-03,113.0999984741211,113.0999984741211,116.94999694824219,111.5999984741211,114.0,560
2020-08-04,114.75,114.75,116.5,112.94999694824219,114.0,3994
2020-08-05,116.30000305175781,116.30000305175781,127.94999694824219,113.0,113.0,6948
2020-08-06,121.9000015258789,121.9000015258789,124.0,114.69999694824219,115.05000305175781,18029
2020-08-07,118.94999694824219,118.94999694824219,122.94999694824219,118.19999694824219,122.30000305175781,5907
2020-08-10,117.9000015258789,117.9000015258789,121.0,114.94999694824219,120.0,10774
2020-08-11,118.19999694824219,118.19999694824219,119.94999694824219,116.1500015258789,117.94999694824219,1551
2020-08-12,118.8499984741211,118.8499984741211,119.80000305175781,116.55000305175781,118.80000305175781,1989
2020-08-13,119.44999694824219,119.44999694824219,120.5,118.0,119.94999694824219,53315
2020-08-14,117.94999694824219,117.94999694824219,124.30000305175781,116.0999984741211,124.30000305175781,8267
2020-08-17,117.30000305175781,117.30000305175781,123.80000305175781,117.0,119.0,2792
2020-08-18,118.1500015258789,118.1500015258789,119.69999694824219,116.44999694824219,119.69999694824219,2213
2020-08-19,117.6500015258789,117.6500015258789,119.44999694824219,117.0,118.0,11606
2020-08-20,118.1500015258789,118.1500015258789,120.0,117.55000305175781,117.94999694824219,12926
2020-08-21,117.44999694824219,117.44999694824219,121.5999984741211,117.0,121.5999984741211,38718
2020-08-24,117.0999984741211,117.0999984741211,120.9000015258789,116.9000015258789,120.9000015258789,13703
2020-08-25,116.75,116.75,118.0,115.0,117.0999984741211,6688
2020-08-26,117.80000305175781,117.80000305175781,118.5,115.0999984741211,117.80000305175781,16909
2020-08-27,116.4000015258789,116.4000015258789,118.0,115.5999984741211,118.0,9260
2020-08-28,116.8499984741211,116.8499984741211,117.9000015258789,115.5,117.0,8305
2020-08-31,109.6500015258789,109.6500015258789,118.0,101.30000305175781,117.80000305175781,24696
2020-09-01,107.8499984741211,107.8499984741211,111.80000305175781,106.5,106.5,4985
2020-09-02,109.44999694824219,109.44999694824219,110.9000015258789,108.5,109.8499984741211,2956
2020-09-03,112.05000305175781,112.05000305175781,117.30000305175781,109.0,109.44999694824219,2438
2020-09-04,111.25,111.25,115.94999694824219,103.94999694824219,115.0,4332
2020-09-07,110.25,110.25,113.69999694824219,107.75,110.05000305175781,2765
2020-09-08,109.6500015258789,109.6500015258789,118.5999984741211,108.1500015258789,118.5999984741211,2913
2020-09-09,107.05000305175781,107.05000305175781,109.6500015258789,106.5999984741211,109.6500015258789,4638
2020-09-10,105.4000015258789,105.4000015258789,111.9000015258789,103.3499984741211,111.8499984741211,7914
2020-09-11,106.9000015258789,106.9000015258789,107.8499984741211,103.6500015258789,105.44999694824219,5441
2020-09-14,108.94999694824219,108.94999694824219,112.9000015258789,107.4000015258789,112.75,5512
2020-09-15,108.8499984741211,108.8499984741211,111.3499984741211,108.0,109.75,2451
2020-09-16,109.3499984741211,109.3499984741211,111.75,107.1500015258789,108.05000305175781,1926
2020-09-17,108.6500015258789,108.6500015258789,112.0,108.3499984741211,112.0,2336
2020-09-18,107.19999694824219,107.19999694824219,112.80000305175781,106.0999984741211,110.05000305175781,13742
2020-09-21,103.6500015258789,103.6500015258789,108.9000015258789,103.05000305175781,108.80000305175781,8034
2020-09-22,102.19999694824219,102.19999694824219,105.0,97.5999984741211,103.9000015258789,4365
2020-09-23,100.6500015258789,100.6500015258789,105.94999694824219,98.69999694824219,98.69999694824219,2419
2020-09-24,98.1500015258789,98.1500015258789,99.9000015258789,96.0999984741211,98.1500015258789,2957
2020-09-25,100.6500015258789,100.6500015258789,103.9000015258789,97.4000015258789,103.75,3545
2020-09-28,100.94999694824219,100.94999694824219,104.44999694824219,100.0,101.4000015258789,1748
2020-09-29,102.05000305175781,102.05000305175781,102.5,101.6500015258789,101.6500015258789,127
2020-09-30,101.6500015258789,101.6500015258789,102.30000305175781,99.19999694824219,101.05000305175781,1234
2020-10-01,104.75,104.75,105.0,99.3499984741211,104.44999694824219,3897
2020-10-05,102.94999694824219,102.94999694824219,108.94999694824219,102.05000305175781,108.94999694824219,4138
2020-10-06,101.5999984741211,101.5999984741211,105.0,100.30000305175781,102.6500015258789,7949
2020-10-07,101.4000015258789,101.4000015258789,105.0,100.19999694824219,103.0,39738
2020-10-08,100.75,100.75,102.9000015258789,99.1500015258789,101.44999694824219,35125
2020-10-09,99.69999694824219,99.69999694824219,102.6500015258789,99.0999984741211,101.8499984741211,2141
2020-10-12,98.25,98.25,100.75,97.94999694824219,98.0,5104
2020-10-13,100.44999694824219,100.44999694824219,101.0,96.6500015258789,99.94999694824219,1529
2020-10-14,100.5999984741211,100.5999984741211,101.4000015258789,97.6500015258789,100.6500015258789,16534
2020-10-15,98.75,98.75,100.5999984741211,98.05000305175781,100.5999984741211,13264
2020-10-16,99.9000015258789,99.9000015258789,101.5,98.0,100.0,9317
2020-10-19,99.1500015258789,99.1500015258789,100.0,98.75,100.0,5110
2020-10-20,99.80000305175781,99.80000305175781,100.0,98.3499984741211,99.05000305175781,2652
2020-10-21,98.05000305175781,98.05000305175781,99.9000015258789,97.5,99.05000305175781,2290
2020-10-22,97.9000015258789,97.9000015258789,100.94999694824219,97.3499984741211,100.94999694824219,3426
2020-10-23,99.05000305175781,99.05000305175781,100.19999694824219,98.0,99.0,11186
2020-10-26,98.0,98.0,99.94999694824219,95.30000305175781,99.0,2642
2020-10-27,99.6500015258789,99.6500015258789,99.9000015258789,97.0999984741211,99.75,1902
2020-10-28,96.25,96.25,100.0,91.94999694824219,98.05000305175781,9455
2020-10-29,95.69999694824219,95.69999694824219,98.1500015258789,95.05000305175781,95.05000305175781,2800
2020-10-30,96.0999984741211,96.0999984741211,98.75,92.3499984741211,97.5999984741211,1827
2020-11-02,96.0,96.0,97.75,93.19999694824219,96.0999984741211,6450
2020-11-03,96.30000305175781,96.30000305175781,100.0,96.0,96.44999694824219,4412
2020-11-04,95.69999694824219,95.69999694824219,98.8499984741211,94.5,96.3499984741211,605
2020-11-05,97.44999694824219,97.44999694824219,97.8499984741211,95.05000305175781,95.05000305175781,2634
2020-11-06,96.30000305175781,96.30000305175781,98.05000305175781,96.0999984741211,98.0,3400
2020-11-09,97.5,97.5,99.25,96.19999694824219,99.19999694824219,9855
2020-11-10,98.5,98.5,100.0,97.05000305175781,98.8499984741211,5603
2020-11-11,101.80000305175781,101.80000305175781,103.94999694824219,98.05000305175781,100.0,7386
2020-11-12,99.69999694824219,99.69999694824219,101.80000305175781,98.19999694824219,101.80000305175781,12230
2020-11-13,99.30000305175781,99.30000305175781,99.69999694824219,99.05000305175781,99.05000305175781,2920
2020-11-14,100.25,100.25,103.0,98.25,101.9000015258789,3237
2020-11-17,99.80000305175781,99.80000305175781,100.0,99.0,99.9000015258789,3796
2020-11-18,99.8499984741211,99.8499984741211,100.05000305175781,99.0,99.94999694824219,16955
2020-11-19,99.75,99.75,100.0,98.05000305175781,99.8499984741211,3381
2020-11-20,97.25,97.25,102.55000305175781,95.5,99.94999694824219,13301
2020-11-23,98.05000305175781,98.05000305175781,99.8499984741211,97.05000305175781,99.8499984741211,5814
2020-11-24,99.0999984741211,99.0999984741211,100.05000305175781,98.4000015258789,99.9000015258789,33372
2020-11-25,98.05000305175781,98.05000305175781,100.0,97.80000305175781,99.94999694824219,9929
2020-11-26,99.75,99.75,100.05000305175781,97.4000015258789,98.0999984741211,19117
2020-11-27,99.69999694824219,99.69999694824219,100.0,99.25,99.94999694824219,8137
2020-12-01,99.9000015258789,99.9000015258789,101.0,99.4000015258789,99.94999694824219,25482
2020-12-02,99.05000305175781,99.05000305175781,100.05000305175781,97.5,99.94999694824219,38177
2020-12-03,100.0,100.0,101.05000305175781,99.0999984741211,100.0,53489
2020-12-04,99.6500015258789,99.6500015258789,100.5,99.0999984741211,100.5,30117
2020-12-07,106.19999694824219,106.19999694824219,111.8499984741211,99.5,100.0,287249
2020-12-08,103.69999694824219,103.69999694824219,109.9000015258789,103.1500015258789,108.94999694824219,156952
2020-12-09,104.19999694824219,104.19999694824219,106.8499984741211,103.25,104.9000015258789,148546
2020-12-10,103.3499984741211,103.3499984741211,107.4000015258789,102.8499984741211,105.75,50086
2020-12-11,103.25,103.25,105.4000015258789,102.5,105.4000015258789,42449
2020-12-14,103.25,103.25,104.05000305175781,102.5,103.94999694824219,53030
2020-12-15,110.8499984741211,110.8499984741211,113.0,102.30000305175781,102.5999984741211,460122
2020-12-16,112.6500015258789,112.6500015258789,116.8499984741211,111.25,112.0,329929
2020-12-17,114.94999694824219,114.94999694824219,118.69999694824219,112.8499984741211,116.19999694824219,430729
2020-12-18,109.75,109.75,115.25,105.44999694824219,115.25,134163
2020-12-21,104.5,104.5,116.4000015258789,102.55000305175781,111.4000015258789,200693
2020-12-22,103.0999984741211,103.0999984741211,106.9000015258789,97.19999694824219,105.0,60009
2020-12-23,106.9000015258789,106.9000015258789,109.0,100.3499984741211,100.3499984741211,52691
2020-12-24,106.69999694824219,106.69999694824219,110.9000015258789,105.3499984741211,107.9000015258789,113216
2020-12-28,108.44999694824219,108.44999694824219,110.0,107.3499984741211,107.94999694824219,43806
2020-12-29,108.5999984741211,108.5999984741211,110.9000015258789,106.05000305175781,110.0,72511
2020-12-30,107.9000015258789,107.9000015258789,109.0,106.8499984741211,108.94999694824219,16983
2020-12-31,107.44999694824219,107.44999694824219,109.19999694824219,107.0,107.55000305175781,36683
2021-01-01,107.94999694824219,107.94999694824219,109.4000015258789,107.3499984741211,109.4000015258789,65510
2021-01-04,112.80000305175781,112.80000305175781,114.30000305175781,107.25,109.9000015258789,111922
2021-01-05,110.4000015258789,110.4000015258789,113.9000015258789,109.0,112.69999694824219,96828
2021-01-06,108.1500015258789,108.1500015258789,112.4000015258789,106.55000305175781,111.94999694824219,197050
2021-01-07,107.5999984741211,107.5999984741211,111.0,105.0,109.55000305175781,147063
2021-01-08,107.9000015258789,107.9000015258789,109.0,107.0,108.94999694824219,47573
2021-01-11,107.6500015258789,107.6500015258789,113.4000015258789,107.0999984741211,112.0,200231
2021-01-12,107.9000015258789,107.9000015258789,108.75,107.0,108.75,65086
2021-01-13,107.19999694824219,107.19999694824219,108.9000015258789,105.05000305175781,108.05000305175781,115475
2021-01-14,111.5999984741211,111.5999984741211,114.0,107.94999694824219,107.94999694824219,197649
2021-01-15,116.1500015258789,116.1500015258789,119.0,108.69999694824219,112.94999694824219,647743
2021-01-18,120.5,120.5,126.5,112.44999694824219,118.0,1009810
2021-01-19,121.4000015258789,121.4000015258789,127.5,120.0,121.9000015258789,348240
2021-01-20,116.94999694824219,116.94999694824219,121.80000305175781,116.0999984741211,121.44999694824219,132048
2021-01-21,113.0999984741211,113.0999984741211,119.5,112.0999984741211,118.5,105385
2021-01-22,109.75,109.75,114.75,108.5,114.75,70475
2021-01-25,107.05000305175781,107.05000305175781,113.05000305175781,105.94999694824219,111.9000015258789,55864
2021-01-27,105.55000305175781,105.55000305175781,107.75,104.5,106.4000015258789,53029
2021-01-28,105.25,105.25,108.69999694824219,104.5,104.5999984741211,34073
2021-01-29,104.69999694824219,104.69999694824219,107.9000015258789,103.4000015258789,107.9000015258789,32094
2021-02-01,106.55000305175781,106.55000305175781,107.0,104.19999694824219,104.19999694824219,46352
2021-02-02,107.6500015258789,107.6500015258789,110.8499984741211,106.0,107.5,65492
2021-02-03,107.75,107.75,110.0,107.19999694824219,108.0999984741211,45842
2021-02-04,107.25,107.25,108.9000015258789,106.5999984741211,107.55000305175781,60214
2021-02-05,112.44999694824219,112.44999694824219,115.5,106.4000015258789,108.44999694824219,277449
2021-02-08,111.8499984741211,111.8499984741211,115.5999984741211,111.0999984741211,114.69999694824219,111252
2021-02-09,109.05000305175781,109.05000305175781,112.55000305175781,107.4000015258789,112.5,48147
2021-02-10,108.80000305175781,108.80000305175781,113.0,106.3499984741211,110.05000305175781,359307
2021-02-11,108.44999694824219,108.44999694824219,109.9000015258789,107.69999694824219,109.9000015258789,39125
2021-02-12,107.94999694824219,107.94999694824219,110.0,107.5,109.5,39578
2021-02-15,106.5999984741211,106.5999984741211,109.0999984741211,104.69999694824219,107.5,59982
2021-02-16,105.5,105.5,108.19999694824219,105.0999984741211,107.0,41294
2021-02-17,105.8499984741211,105.8499984741211,108.9000015258789,104.25,106.19999694824219,45594
2021-02-18,106.69999694824219,106.69999694824219,108.30000305175781,105.6500015258789,108.30000305175781,64259
2021-02-19,106.8499984741211,106.8499984741211,111.5,105.75,105.75,161288
2021-02-22,103.05000305175781,103.05000305175781,108.94999694824219,101.69999694824219,108.94999694824219,61186
2021-02-23,104.75,104.75,106.05000305175781,103.0,105.9000015258789,41520
2021-02-24,105.8499984741211,105.8499984741211,108.44999694824219,104.3499984741211,106.6500015258789,44349
2021-02-25,105.94999694824219,105.94999694824219,107.0,105.0,105.1500015258789,36181
2021-02-26,104.0,104.0,105.5999984741211,103.0,103.19999694824219,38375
2021-03-01,104.1500015258789,104.1500015258789,105.5999984741211,103.5999984741211,105.55000305175781,42434
2021-03-02,104.94999694824219,104.94999694824219,105.80000305175781,102.9000015258789,104.19999694824219,73219
2021-03-03,105.4000015258789,105.4000015258789,108.80000305175781,104.75,105.5,213784
2021-03-04,111.1500015258789,111.1500015258789,113.05000305175781,104.1500015258789,105.5,539940
2021-03-05,110.5999984741211,110.5999984741211,116.4000015258789,108.69999694824219,112.8499984741211,456889
2021-03-08,109.75,109.75,113.0,109.0,112.0,42210
2021-03-09,113.30000305175781,113.30000305175781,119.0,110.0,112.25,728867
2021-03-10,113.0,113.0,117.30000305175781,111.30000305175781,115.4000015258789,185345
2021-03-12,108.30000305175781,108.30000305175781,114.44999694824219,107.80000305175781,113.44999694824219,82313
2021-03-15,105.9000015258789,105.9000015258789,109.69999694824219,104.75,108.8499984741211,87210
2021-03-16,103.8499984741211,103.8499984741211,107.19999694824219,103.0,106.30000305175781,118713
2021-03-17,101.30000305175781,101.30000305175781,105.8499984741211,100.75,104.69999694824219,125079
2021-03-18,97.69999694824219,97.69999694824219,103.5,95.55000305175781,102.1500015258789,114015
2021-03-19,97.80000305175781,97.80000305175781,98.69999694824219,93.19999694824219,98.0,68313
2021-03-22,100.0999984741211,100.0999984741211,101.5999984741211,96.30000305175781,98.30000305175781,57079
2021-03-23,100.3499984741211,100.3499984741211,103.55000305175781,99.55000305175781,101.44999694824219,34104
2021-03-24,99.05000305175781,99.05000305175781,101.6500015258789,98.4000015258789,99.5,32244
2021-03-25,97.0999984741211,97.0999984741211,100.3499984741211,95.3499984741211,100.30000305175781,76481
2021-03-26,96.19999694824219,96.19999694824219,98.9000015258789,95.19999694824219,97.44999694824219,49900
2021-03-30,94.69999694824219,94.69999694824219,98.80000305175781,94.0999984741211,97.94999694824219,46233
2021-03-31,92.5999984741211,92.5999984741211,95.0,92.05000305175781,94.75,32701
2021-04-01,97.44999694824219,97.44999694824219,98.4000015258789,93.69999694824219,94.0,28694
2021-04-05,93.55000305175781,93.55000305175781,98.9000015258789,92.44999694824219,98.9000015258789,34943
2021-04-06,94.6500015258789,94.6500015258789,95.69999694824219,93.19999694824219,93.19999694824219,57359
2021-04-07,95.5999984741211,95.5999984741211,97.0,94.8499984741211,94.8499984741211,27939
2021-04-08,97.05000305175781,97.05000305175781,98.80000305175781,95.55000305175781,95.80000305175781,27544
2021-04-09,96.6500015258789,96.6500015258789,97.8499984741211,96.19999694824219,96.19999694824219,15375
2021-04-12,89.94999694824219,89.94999694824219,97.0,88.25,97.0,44018
2021-04-13,91.30000305175781,91.30000305175781,92.6500015258789,90.05000305175781,91.44999694824219,15778
2021-04-15,90.30000305175781,90.30000305175781,92.94999694824219,89.05000305175781,92.75,16684
2021-04-16,89.94999694824219,89.94999694824219,92.5999984741211,89.0,92.5999984741211,21190
2021-04-19,87.75,87.75,90.80000305175781,86.80000305175781,89.5,19180
2021-04-20,86.80000305175781,86.80000305175781,89.44999694824219,86.19999694824219,89.44999694824219,19383
2021-04-22,86.75,86.75,87.80000305175781,86.0,87.0,19230
2021-04-23,88.05000305175781,88.05000305175781,89.4000015258789,86.9000015258789,87.5999984741211,13475
2021-04-26,87.75,87.75,90.0,87.0,90.0,23126
2021-04-27,91.69999694824219,91.69999694824219,92.5,87.25,87.80000305175781,43212
2021-04-28,90.30000305175781,90.30000305175781,93.0,89.8499984741211,91.25,25725
2021-04-29,90.5,90.5,92.5,90.05000305175781,92.5,9961
2021-04-30,91.0,91.0,93.5,89.8499984741211,90.4000015258789,33701
2021-05-03,91.4000015258789,91.4000015258789,92.69999694824219,89.94999694824219,91.4000015258789,21271
2021-05-04,90.94999694824219,90.94999694824219,93.5999984741211,88.5999984741211,91.5,32021
2021-05-05,90.94999694824219,90.94999694824219,92.75,90.44999694824219,92.75,23034
2021-05-06,90.9000015258789,90.9000015258789,93.25,90.55000305175781,91.94999694824219,26957
2021-05-07,91.05000305175781,91.05000305175781,92.5999984741211,89.80000305175781,92.5999984741211,23727
2021-05-10,95.25,95.25,97.44999694824219,90.9000015258789,91.0,73166
2021-05-11,92.5999984741211,92.5999984741211,96.75,91.0999984741211,96.0,51806
2021-05-12,94.75,94.75,95.94999694824219,92.0,94.9000015258789,30317
2021-05-14,92.80000305175781,92.80000305175781,95.94999694824219,92.0999984741211,94.75,14151
2021-05-17,95.69999694824219,95.69999694824219,97.19999694824219,92.5,94.80000305175781,30749
2021-05-18,96.5999984741211,96.5999984741211,98.0,95.5,96.80000305175781,42331
2021-05-19,98.55000305175781,98.55000305175781,101.69999694824219,95.4000015258789,96.5999984741211,113853
2021-05-20,102.4000015258789,102.4000015258789,103.9000015258789,98.55000305175781,99.80000305175781,128791
2021-05-21,108.25,108.25,109.69999694824219,102.80000305175781,103.69999694824219,482475
2021-05-24,106.4000015258789,106.4000015258789,109.0,104.1500015258789,109.0,98535
2021-05-25,105.8499984741211,105.8499984741211,107.8499984741211,104.75,107.55000305175781,56557
2021-05-26,108.4000015258789,108.4000015258789,109.9000015258789,105.4000015258789,106.0,177010
2021-05-27,108.94999694824219,108.94999694824219,112.80000305175781,107.25,108.4000015258789,163643
2021-05-28,105.69999694824219,105.69999694824219,111.4000015258789,104.6500015258789,111.25,103337
2021-05-31,105.3499984741211,105.3499984741211,107.75,104.55000305175781,107.0999984741211,52438
2021-06-01,102.05000305175781,102.05000305175781,107.3499984741211,100.69999694824219,106.0,63748
2021-06-02,103.94999694824219,103.94999694824219,104.9000015258789,101.25,102.0999984741211,26763
2021-06-03,106.5,106.5,108.0,103.0999984741211,103.6500015258789,75966
2021-06-04,109.8499984741211,109.8499984741211,111.80000305175781,105.05000305175781,106.0,222828
2021-06-07,107.44999694824219,107.44999694824219,111.44999694824219,107.0999984741211,110.0,62418
2021-06-08,110.3499984741211,110.3499984741211,112.75,105.5,107.55000305175781,234107
2021-06-09,107.4000015258789,107.4000015258789,112.3499984741211,106.0,111.9000015258789,158070
2021-06-10,109.69999694824219,109.69999694824219,110.94999694824219,107.0,108.6500015258789,98196
2021-06-11,109.5999984741211,109.5999984741211,111.75,109.0,111.0,67185
2021-06-14,108.0999984741211,108.0999984741211,110.1500015258789,106.0,109.5999984741211,53244
2021-06-15,107.1500015258789,107.1500015258789,110.0,106.5,110.0,59277
2021-06-16,106.19999694824219,106.19999694824219,109.0,105.5,108.8499984741211,63854
2021-06-17,104.1500015258789,104.1500015258789,107.05000305175781,103.30000305175781,104.5,50698
2021-06-18,102.5,102.5,106.05000305175781,100.8499984741211,105.94999694824219,50975
2021-06-21,104.30000305175781,104.30000305175781,105.1500015258789,101.5,103.44999694824219,33895
2021-06-22,103.6500015258789,103.6500015258789,107.8499984741211,103.0,105.94999694824219,66376
2021-06-23,112.6500015258789,112.6500015258789,118.0,103.30000305175781,105.3499984741211,1038433
2021-06-24,116.80000305175781,116.80000305175781,118.0,110.30000305175781,113.55000305175781,477153
2021-06-25,115.80000305175781,115.80000305175781,119.5,114.6500015258789,117.9000015258789,207298
2021-06-28,114.05000305175781,114.05000305175781,117.69999694824219,113.0,116.94999694824219,85489
2021-06-29,112.3499984741211,112.3499984741211,116.44999694824219,111.1500015258789,113.25,88456
2021-06-30,110.19999694824219,110.19999694824219,114.9000015258789,109.19999694824219,114.9000015258789,90047
2021-07-01,107.3499984741211,107.3499984741211,111.05000305175781,107.0,108.5999984741211,77799
2021-07-02,107.5,107.5,109.80000305175781,106.19999694824219,107.30000305175781,81467
2021-07-05,110.30000305175781,110.30000305175781,113.69999694824219,107.5,108.5,77350
2021-07-06,108.4000015258789,108.4000015258789,112.5,107.30000305175781,110.0,67722
2021-07-07,107.75,107.75,109.9000015258789,107.1500015258789,107.75,39180
2021-07-08,107.25,107.25,109.5,106.5,108.9000015258789,51748
2021-07-09,113.19999694824219,113.19999694824219,115.80000305175781,106.25,106.6500015258789,205198
2021-07-12,135.8000030517578,135.8000030517578,135.8000030517578,113.19999694824219,114.94999694824219,2098380
2021-07-13,128.39999389648438,128.39999389648438,139.0,126.19999694824219,139.0,574020
2021-07-14,146.85000610351562,146.85000610351562,154.0500030517578,129.14999389648438,129.14999389648438,2672610
2021-07-15,135.8000030517578,135.8000030517578,146.85000610351562,134.0,146.85000610351562,573749
2021-07-16,136.89999389648438,136.89999389648438,143.6999969482422,135.10000610351562,137.60000610351562,323933
2021-07-19,139.9499969482422,139.9499969482422,144.64999389648438,133.85000610351562,134.5,259535
2021-07-20,132.89999389648438,132.89999389648438,141.64999389648438,131.0,140.5,138064
2021-07-22,141.5,141.5,144.89999389648438,133.64999389648438,135.0,199616
2021-07-23,136.89999389648438,136.89999389648438,142.6999969482422,135.64999389648438,142.6999969482422,82991
2021-07-26,137.85000610351562,137.85000610351562,143.4499969482422,136.60000610351562,138.6999969482422,124951
2021-07-27,133.14999389648438,133.14999389648438,140.1999969482422,130.1999969482422,140.0,111761
2021-07-28,142.3000030517578,142.3000030517578,146.8000030517578,128.25,135.75,264069
2021-07-29,141.8000030517578,141.8000030517578,148.3000030517578,140.60000610351562,140.60000610351562,228956
2021-07-30,139.4499969482422,139.4499969482422,144.64999389648438,138.0,142.85000610351562,55089
2021-08-02,137.5500030517578,137.5500030517578,144.1999969482422,136.1999969482422,141.60000610351562,48264
2021-08-03,139.64999389648438,139.64999389648438,146.0,138.0,138.0,130126
2021-08-04,133.75,133.75,140.8000030517578,131.35000610351562,140.0,61226
2021-08-05,133.8000030517578,133.8000030517578,135.9499969482422,128.14999389648438,134.14999389648438,44139
2021-08-06,134.0500030517578,134.0500030517578,138.9499969482422,132.5500030517578,133.8000030517578,33196
2021-08-09,130.0,130.0,137.35000610351562,126.05000305175781,135.1999969482422,28892
2021-08-10,116.6500015258789,116.6500015258789,133.14999389648438,114.05000305175781,132.9499969482422,126277
2021-08-11,115.69999694824219,115.69999694824219,121.94999694824219,103.5,117.0,158389
2021-08-12,119.80000305175781,119.80000305175781,121.44999694824219,116.69999694824219,117.0,46378
2021-08-13,118.0,118.0,124.4000015258789,114.19999694824219,120.0,74426
2021-08-16,113.80000305175781,113.80000305175781,119.75,113.0,118.0,43461
2021-08-17,112.25,112.25,116.6500015258789,108.19999694824219,114.55000305175781,36493
2021-08-18,110.19999694824219,110.19999694824219,114.3499984741211,108.5999984741211,114.3499984741211,33979
2021-08-20,107.6500015258789,107.6500015258789,111.75,107.30000305175781,109.19999694824219,28400
2021-08-23,102.55000305175781,102.55000305175781,111.9000015258789,101.25,110.94999694824219,54446
2021-08-24,107.25,107.25,108.4000015258789,100.30000305175781,103.0,74909
2021-08-25,108.0999984741211,108.0999984741211,110.75,106.3499984741211,108.5,25189
2021-08-26,106.1500015258789,106.1500015258789,109.44999694824219,104.75,108.94999694824219,29579
2021-08-27,106.94999694824219,106.94999694824219,108.69999694824219,105.5,106.1500015258789,16524
2021-08-30,108.80000305175781,108.80000305175781,109.44999694824219,107.1500015258789,107.8499984741211,13587
2021-08-31,107.19999694824219,107.19999694824219,109.0,107.0,109.0,14452
2021-09-01,106.55000305175781,106.55000305175781,109.80000305175781,104.69999694824219,108.5,56968
2021-09-02,113.05000305175781,113.05000305175781,114.94999694824219,107.3499984741211,107.3499984741211,71245
2021-09-03,113.5,113.5,118.9000015258789,112.19999694824219,115.69999694824219,105715
2021-09-06,119.44999694824219,119.44999694824219,121.4000015258789,112.5,114.0,102583
2021-09-07,115.0999984741211,115.0999984741211,119.5999984741211,113.75,119.5,54294
2021-09-08,115.25,115.25,117.9000015258789,114.5999984741211,116.75,38452
2021-09-09,113.80000305175781,113.80000305175781,115.6500015258789,110.0,115.6500015258789,25836
2021-09-13,113.0,113.0,114.75,112.19999694824219,113.9000015258789,13107
2021-09-14,114.19999694824219,114.19999694824219,115.75,112.44999694824219,113.0,31077
2021-09-15,121.5,121.5,124.6500015258789,114.05000305175781,114.05000305175781,220294
2021-09-16,120.0,120.0,122.3499984741211,119.0,121.5,33484
2021-09-17,112.0,112.0,121.69999694824219,108.0999984741211,120.0,104625
2021-09-20,114.8499984741211,114.8499984741211,116.0,109.19999694824219,112.5999984741211,44008
2021-09-21,115.4000015258789,115.4000015258789,119.0,112.30000305175781,119.0,85711
2021-09-22,117.1500015258789,117.1500015258789,118.44999694824219,112.8499984741211,115.4000015258789,43742
2021-09-23,116.55000305175781,116.55000305175781,119.3499984741211,116.05000305175781,117.4000015258789,29084
2021-09-24,115.44999694824219,115.44999694824219,118.3499984741211,112.19999694824219,117.9000015258789,30848
2021-09-27,115.19999694824219,115.19999694824219,117.80000305175781,114.0,117.0,19823
2021-09-28,113.25,113.25,116.5,112.4000015258789,116.0,28913
2021-09-29,114.8499984741211,114.8499984741211,128.5,112.0,112.6500015258789,69677
2021-09-30,116.25,116.25,117.30000305175781,114.94999694824219,115.0,28629
2021-10-01,119.1500015258789,119.1500015258789,120.0,115.4000015258789,115.5,73074
2021-10-04,120.0,120.0,123.69999694824219,115.19999694824219,119.1500015258789,56443
2021-10-05,119.30000305175781,119.30000305175781,123.69999694824219,116.0999984741211,120.0,83918
2021-10-06,117.3499984741211,117.3499984741211,121.80000305175781,117.05000305175781,120.0,42628
2021-10-07,118.94999694824219,118.94999694824219,121.5,118.4000015258789,119.8499984741211,39176
2021-10-08,117.05000305175781,117.05000305175781,120.0,116.55000305175781,119.80000305175781,27374
2021-10-11,115.94999694824219,115.94999694824219,119.69999694824219,114.55000305175781,117.0999984741211,31988
2021-10-12,119.4000015258789,119.4000015258789,139.0,113.0,116.80000305175781,111167
2021-10-13,120.55000305175781,120.55000305175781,123.44999694824219,119.19999694824219,120.80000305175781,54338
2021-10-14,118.19999694824219,118.19999694824219,121.94999694824219,117.0999984741211,121.5,50818
2021-10-18,118.05000305175781,118.05000305175781,119.5,118.0,118.55000305175781,41220
2021-10-19,116.44999694824219,116.44999694824219,119.0999984741211,114.0999984741211,118.9000015258789,41036
2021-10-20,113.55000305175781,113.55000305175781,119.05000305175781,112.30000305175781,115.5,35466
2021-10-21,114.94999694824219,114.94999694824219,118.75,114.0,114.1500015258789,37238
2021-10-22,112.75,112.75,117.75,109.8499984741211,114.0999984741211,54624
2021-10-25,112.05000305175781,112.05000305175781,117.30000305175781,109.30000305175781,113.0,104015
2021-10-26,113.05000305175781,113.05000305175781,114.8499984741211,111.5999984741211,111.5999984741211,20802
2021-10-27,113.94999694824219,113.94999694824219,118.0,109.30000305175781,114.0,103323
2021-10-28,112.30000305175781,112.30000305175781,114.8499984741211,111.3499984741211,112.30000305175781,18210
2021-10-29,110.9000015258789,110.9000015258789,114.5,110.1500015258789,113.0,22909
2021-11-01,112.0,112.0,113.80000305175781,111.0999984741211,111.0999984741211,23560
2021-11-02,112.80000305175781,112.80000305175781,115.0,111.0999984741211,113.30000305175781,35046
2021-11-03,114.1500015258789,114.1500015258789,116.6500015258789,111.80000305175781,114.3499984741211,56755
2021-11-04,114.9000015258789,114.9000015258789,115.8499984741211,113.5,114.80000305175781,4718
2021-11-08,115.75,115.75,117.5999984741211,114.0999984741211,115.25,32965
2021-11-09,118.1500015258789,118.1500015258789,123.4000015258789,112.3499984741211,116.80000305175781,221187
2021-11-10,116.0,116.0,121.30000305175781,114.6500015258789,117.9000015258789,69660
2021-11-11,117.55000305175781,117.55000305175781,118.94999694824219,115.55000305175781,116.5,39523
2021-11-12,125.25,125.25,129.39999389648438,118.8499984741211,119.0,361154
2021-11-15,116.0,116.0,126.69999694824219,115.55000305175781,126.69999694824219,125604
2021-11-16,115.3499984741211,115.3499984741211,119.0,114.75,115.25,50348
2021-11-17,114.8499984741211,114.8499984741211,118.75,114.0,116.80000305175781,44667
2021-11-18,114.4000015258789,114.4000015258789,116.0,112.5999984741211,116.0,31484
2021-11-22,106.69999694824219,106.69999694824219,119.9000015258789,104.94999694824219,114.0,90134
2021-11-23,111.55000305175781,111.55000305175781,112.4000015258789,105.3499984741211,106.69999694824219,35535
2021-11-24,112.3499984741211,112.3499984741211,116.0,110.5,113.0,43171
2021-11-25,112.05000305175781,112.05000305175781,115.0,110.5,112.80000305175781,27341
2021-11-26,106.8499984741211,106.8499984741211,112.25,105.5,110.5,56486
2021-11-29,102.3499984741211,102.3499984741211,107.30000305175781,101.69999694824219,106.9000015258789,68986
2021-11-30,102.55000305175781,102.55000305175781,105.75,101.94999694824219,102.0,50518
2021-12-01,101.8499984741211,101.8499984741211,105.0,99.94999694824219,105.0,51765
2021-12-02,103.80000305175781,103.80000305175781,105.4000015258789,101.0,101.8499984741211,31598
2021-12-03,106.4000015258789,106.4000015258789,108.19999694824219,102.6500015258789,106.0,61055
2021-12-06,107.8499984741211,107.8499984741211,108.94999694824219,105.69999694824219,106.4000015258789,16640
2021-12-07,107.5999984741211,107.5999984741211,109.9000015258789,106.0,108.30000305175781,14490
2021-12-08,112.3499984741211,112.3499984741211,113.5999984741211,107.9000015258789,108.75,70080
2021-12-09,111.3499984741211,111.3499984741211,113.75,110.69999694824219,113.75,18618
2021-12-10,111.5,111.5,113.30000305175781,109.55000305175781,112.0,12699
2021-12-13,117.25,117.25,118.4000015258789,111.19999694824219,111.19999694824219,95554
2021-12-14,114.75,114.75,117.05000305175781,114.0,116.0,26363
2021-12-15,113.0999984741211,113.0999984741211,115.94999694824219,112.05000305175781,114.75,19146
2021-12-16,109.9000015258789,109.9000015258789,114.6500015258789,108.94999694824219,114.30000305175781,23799
2021-12-17,107.1500015258789,107.1500015258789,111.5999984741211,105.69999694824219,111.5999984741211,20625
2021-12-20,103.69999694824219,103.69999694824219,106.69999694824219,101.05000305175781,106.69999694824219,26651
2021-12-21,105.75,105.75,107.0,103.5999984741211,104.0999984741211,9833
2021-12-22,107.19999694824219,107.19999694824219,108.8499984741211,105.0999984741211,105.0999984741211,9356
2021-12-23,106.80000305175781,106.80000305175781,108.9000015258789,105.4000015258789,108.69999694824219,16240
2021-12-24,105.19999694824219,105.19999694824219,108.80000305175781,103.25,107.0999984741211,19103
2021-12-27,105.94999694824219,105.94999694824219,106.9000015258789,101.19999694824219,105.5,14709
2021-12-28,107.80000305175781,107.80000305175781,109.80000305175781,105.5,105.5,22987
2021-12-29,107.0,107.0,109.94999694824219,106.25,108.19999694824219,14795
2021-12-30,108.0,108.0,109.30000305175781,106.5,107.30000305175781,16792
2021-12-31,109.94999694824219,109.94999694824219,113.80000305175781,108.0,108.0,43589
2022-01-03,112.5,112.5,113.8499984741211,108.1500015258789,110.30000305175781,21510
2022-01-04,110.9000015258789,110.9000015258789,113.9000015258789,109.0,112.80000305175781,38811
2022-01-05,110.1500015258789,110.1500015258789,111.3499984741211,108.9000015258789,110.69999694824219,21015
2022-01-06,112.25,112.25,115.0,107.94999694824219,109.0999984741211,59168
2022-01-07,113.4000015258789,113.4000015258789,114.4000015258789,112.0,112.80000305175781,30040
2022-01-10,115.69999694824219,115.69999694824219,121.19999694824219,112.55000305175781,113.4000015258789,180385
2022-01-11,114.1500015258789,114.1500015258789,117.5,113.55000305175781,117.0,31336
2022-01-12,114.5999984741211,114.5999984741211,116.4000015258789,114.05000305175781,116.25,27565
2022-01-13,117.05000305175781,117.05000305175781,123.80000305175781,112.30000305175781,115.30000305175781,322778
2022-01-14,116.25,116.25,119.05000305175781,115.30000305175781,117.0,52754
2022-01-17,122.5,122.5,129.39999389648438,115.80000305175781,116.4000015258789,271737
2022-01-18,120.0,120.0,126.5,118.44999694824219,123.69999694824219,101903
2022-01-19,122.8499984741211,122.8499984741211,124.5,118.0,120.0,79387
2022-01-20,126.19999694824219,126.19999694824219,127.80000305175781,121.0,123.80000305175781,154426
2022-01-21,121.30000305175781,121.30000305175781,128.5500030517578,120.0999984741211,124.94999694824219,110249
2022-01-24,109.80000305175781,109.80000305175781,122.69999694824219,107.9000015258789,122.69999694824219,110709
2022-01-25,113.75,113.75,117.0,107.30000305175781,109.4000015258789,62590
2022-01-27,112.4000015258789,112.4000015258789,115.19999694824219,109.6500015258789,111.0,37769
2022-01-28,112.25,112.25,119.5,112.0,113.30000305175781,102154
2022-01-31,113.19999694824219,113.19999694824219,116.80000305175781,112.55000305175781,114.4000015258789,23646
2022-02-01,115.30000305175781,115.30000305175781,118.0,111.5,115.30000305175781,28279
2022-02-02,115.25,115.25,117.0,113.75,114.25,22909
2022-02-03,115.6500015258789,115.6500015258789,118.9000015258789,114.6500015258789,115.0,40654
2022-02-04,113.69999694824219,113.69999694824219,117.30000305175781,112.3499984741211,117.0,42101
2022-02-07,113.0,113.0,115.1500015258789,112.25,113.69999694824219,11547
2022-02-08,110.05000305175781,110.05000305175781,115.19999694824219,108.05000305175781,115.19999694824219,26712
2022-02-09,111.8499984741211,111.8499984741211,115.25,110.30000305175781,110.30000305175781,31456
2022-02-10,111.8499984741211,111.8499984741211,113.6500015258789,110.19999694824219,110.19999694824219,13635
2022-02-11,109.55000305175781,109.55000305175781,112.75,108.69999694824219,112.75,17076
2022-02-14,105.75,105.75,111.5,105.25,109.5999984741211,44975
2022-02-15,107.69999694824219,107.69999694824219,108.55000305175781,104.05000305175781,106.05000305175781,21308
2022-02-16,110.4000015258789,110.4000015258789,114.0,108.05000305175781,109.9000015258789,36795
2022-02-17,108.9000015258789,108.9000015258789,112.19999694824219,107.9000015258789,111.80000305175781,9496
2022-02-18,108.0999984741211,108.0999984741211,110.75,107.5,109.80000305175781,8507
2022-02-21,104.4000015258789,104.4000015258789,108.0999984741211,104.0,108.0999984741211,15715
2022-02-22,100.94999694824219,100.94999694824219,110.0,98.5999984741211,99.05000305175781,23861
2022-02-23,102.19999694824219,102.19999694824219,104.9000015258789,101.5999984741211,102.44999694824219,10598
2022-02-24,94.05000305175781,94.05000305175781,100.75,92.6500015258789,99.0999984741211,49930
2022-02-25,99.75,99.75,101.05000305175781,95.0,97.0,32582
2022-02-28,102.19999694824219,102.19999694824219,104.75,96.1500015258789,99.0,123523
2022-03-02,100.5,100.5,102.19999694824219,98.69999694824219,102.19999694824219,20589
2022-03-03,100.05000305175781,100.05000305175781,104.3499984741211,99.0999984741211,103.9000015258789,13646
2022-03-04,98.80000305175781,98.80000305175781,101.30000305175781,97.0,99.5999984741211,17647
2022-03-07,94.55000305175781,94.55000305175781,98.0,92.8499984741211,95.44999694824219,59818
2022-03-08,100.05000305175781,100.05000305175781,101.69999694824219,95.0,95.0,20201
2022-03-09,101.94999694824219,101.94999694824219,103.0,100.05000305175781,102.80000305175781,14527
2022-03-10,102.25,102.25,105.69999694824219,101.0,103.5,38945
2022-03-11,101.4000015258789,101.4000015258789,104.44999694824219,100.69999694824219,104.44999694824219,28677
2022-03-14,109.80000305175781,109.80000305175781,111.0,101.69999694824219,101.69999694824219,84364
2022-03-15,104.0999984741211,104.0999984741211,113.0,103.5,111.0,34906
2022-03-16,106.0999984741211,106.0999984741211,107.4000015258789,105.55000305175781,106.75,9813
2022-03-17,105.5,105.5,110.0,104.0999984741211,110.0,21573
2022-03-21,104.25,104.25,108.0,103.9000015258789,106.0,22045
2022-03-22,105.1500015258789,105.1500015258789,106.25,103.30000305175781,106.25,7046
2022-03-23,103.9000015258789,103.9000015258789,108.44999694824219,103.19999694824219,107.0,15737
2022-03-24,103.1500015258789,103.1500015258789,106.0,102.6500015258789,104.0,19512
2022-03-25,105.30000305175781,105.30000305175781,109.05000305175781,103.30000305175781,104.5,80358
2022-03-28,102.69999694824219,102.69999694824219,107.94999694824219,102.19999694824219,107.94999694824219,28410
2022-03-29,100.69999694824219,100.69999694824219,104.6500015258789,98.94999694824219,101.5,304482
2022-03-30,101.55000305175781,101.55000305175781,105.0,101.05000305175781,102.5,220880
2022-03-31,100.4000015258789,100.4000015258789,104.94999694824219,100.0,102.69999694824219,172826
2022-04-01,104.69999694824219,104.69999694824219,107.0,101.05000305175781,101.55000305175781,39517
2022-04-04,107.9000015258789,107.9000015258789,108.69999694824219,105.0,105.25,28261
2022-04-05,108.5,108.5,110.0,107.1500015258789,108.44999694824219,16139
2022-04-06,110.44999694824219,110.44999694824219,111.55000305175781,106.8499984741211,108.69999694824219,44075
2022-04-07,108.75,108.75,111.69999694824219,108.05000305175781,110.5,25038
2022-04-08,111.75,111.75,113.5999984741211,108.55000305175781,110.25,31559
2022-04-11,111.80000305175781,111.80000305175781,113.69999694824219,110.19999694824219,112.4000015258789,22600
2022-04-12,107.5,107.5,111.94999694824219,106.3499984741211,110.55000305175781,44580
2022-04-13,115.0999984741211,115.0999984741211,116.44999694824219,108.69999694824219,108.9000015258789,179888
2022-04-18,111.5,111.5,116.44999694824219,107.5999984741211,115.19999694824219,83380
2022-04-19,114.25,114.25,121.0,112.19999694824219,112.9000015258789,186003
2022-04-20,115.6500015258789,115.6500015258789,119.4000015258789,114.25,115.94999694824219,50093
2022-04-21,118.0999984741211,118.0999984741211,119.4000015258789,116.30000305175781,117.5,61119
2022-04-22,119.8499984741211,119.8499984741211,124.75,116.05000305175781,117.19999694824219,116428
2022-04-25,116.6500015258789,116.6500015258789,119.25,114.55000305175781,119.25,26580
2022-04-26,118.0,118.0,120.0,117.0999984741211,118.0,22561
2022-04-27,116.69999694824219,116.69999694824219,117.8499984741211,113.6500015258789,117.0,13161
2022-04-28,123.5,123.5,125.80000305175781,115.5,116.0,180256
2022-04-29,123.25,123.25,126.0,121.1500015258789,126.0,106904
2022-05-02,116.9000015258789,116.9000015258789,122.0,116.4000015258789,121.25,28989
2022-05-04,110.94999694824219,110.94999694824219,118.4000015258789,109.55000305175781,116.9000015258789,59147
2022-05-05,109.8499984741211,109.8499984741211,112.75,108.0999984741211,110.1500015258789,49683
2022-05-06,105.0999984741211,105.0999984741211,108.5,103.94999694824219,107.94999694824219,37080
2022-05-09,100.19999694824219,100.19999694824219,105.75,99.0,103.25,52486
2022-05-10,95.80000305175781,95.80000305175781,103.75,95.05000305175781,101.55000305175781,53594
2022-05-11,97.4000015258789,97.4000015258789,99.80000305175781,93.19999694824219,96.0,54291
2022-05-12,95.19999694824219,95.19999694824219,98.69999694824219,94.25,96.9000015258789,39579
2022-05-13,96.9000015258789,96.9000015258789,99.44999694824219,96.05000305175781,96.55000305175781,13385
2022-05-16,98.0999984741211,98.0999984741211,99.8499984741211,97.0999984741211,99.19999694824219,7814
2022-05-17,103.3499984741211,103.3499984741211,104.80000305175781,97.05000305175781,99.5,35653
2022-05-18,99.3499984741211,99.3499984741211,103.80000305175781,99.0,103.80000305175781,44412
2022-05-19,97.05000305175781,97.05000305175781,99.25,95.05000305175781,98.3499984741211,47857
2022-05-20,98.55000305175781,98.55000305175781,99.8499984741211,96.3499984741211,98.44999694824219,31937
2022-05-23,98.25,98.25,99.9000015258789,98.0,99.55000305175781,18157
2022-05-24,96.44999694824219,96.44999694824219,99.25,96.05000305175781,99.25,13906
2022-05-25,94.8499984741211,94.8499984741211,97.3499984741211,93.75,96.6500015258789,7133
2022-05-26,93.9000015258789,93.9000015258789,96.0,92.1500015258789,96.0,12857
2022-05-27,95.05000305175781,95.05000305175781,96.69999694824219,93.9000015258789,93.9000015258789,8174
2022-05-30,98.8499984741211,98.8499984741211,99.0,96.44999694824219,96.44999694824219,16446
2022-05-31,94.4000015258789,94.4000015258789,97.5,92.30000305175781,97.5,52573
2022-06-01,94.5999984741211,94.5999984741211,96.5999984741211,93.3499984741211,94.19999694824219,15971
2022-06-02,98.19999694824219,98.19999694824219,99.75,94.25,96.1500015258789,73747
2022-06-03,95.25,95.25,100.6500015258789,95.0,100.6500015258789,28261
2022-06-06,93.94999694824219,93.94999694824219,96.55000305175781,93.19999694824219,93.19999694824219,10775
2022-06-07,95.69999694824219,95.69999694824219,96.4000015258789,92.80000305175781,92.80000305175781,10675
2022-06-08,95.30000305175781,95.30000305175781,97.75,94.25,95.25,7508
2022-06-09,95.25,95.25,97.0,95.0,96.4000015258789,6059
2022-06-10,95.3499984741211,95.3499984741211,96.0,94.05000305175781,96.0,6231
2022-06-13,93.19999694824219,93.19999694824219,95.3499984741211,93.05000305175781,95.3499984741211,5706
2022-06-14,92.5,92.5,94.5,91.55000305175781,94.5,7390
2022-06-15,92.44999694824219,92.44999694824219,94.0,91.30000305175781,93.8499984741211,19458
2022-06-16,89.9000015258789,89.9000015258789,94.5,89.1500015258789,94.5,15631
2022-06-17,88.5,88.5,90.94999694824219,86.19999694824219,89.25,9521
2022-06-20,81.4000015258789,81.4000015258789,89.6500015258789,78.4000015258789,87.5999984741211,56529
2022-06-21,82.8499984741211,82.8499984741211,84.9000015258789,81.6500015258789,83.75,8066
2022-06-22,82.8499984741211,82.8499984741211,84.0,81.0,84.0,4820
2022-06-23,84.25,84.25,85.0999984741211,81.1500015258789,81.1500015258789,2608
2022-06-24,83.69999694824219,83.69999694824219,85.69999694824219,82.44999694824219,85.44999694824219,12159
2022-06-27,86.19999694824219,86.19999694824219,87.69999694824219,84.0,84.9000015258789,9197
2022-06-28,85.0999984741211,85.0999984741211,87.25,84.25,86.9000015258789,3199
2022-06-29,86.05000305175781,86.05000305175781,86.75,84.0,84.75,3727
2022-06-30,82.69999694824219,82.69999694824219,86.80000305175781,81.80000305175781,85.9000015258789,27163
2022-07-01,79.9000015258789,79.9000015258789,82.55000305175781,79.1500015258789,82.0,21233
2022-07-04,81.1500015258789,81.1500015258789,82.9000015258789,78.05000305175781,79.5,30070
2022-07-05,81.75,81.75,83.19999694824219,81.1500015258789,82.05000305175781,11060
2022-07-06,82.5,82.5,83.3499984741211,81.0,81.0,7805
2022-07-07,82.94999694824219,82.94999694824219,83.5999984741211,82.25,82.5,5165
2022-07-08,82.80000305175781,82.80000305175781,84.80000305175781,82.1500015258789,83.0,21811
2022-07-11,82.30000305175781,82.30000305175781,85.0,81.5,83.80000305175781,62522
2022-07-12,84.75,84.75,85.25,81.94999694824219,82.55000305175781,33814
2022-07-13,83.30000305175781,83.30000305175781,85.5999984741211,82.25,84.9000015258789,17141
2022-07-14,82.30000305175781,82.30000305175781,84.44999694824219,81.0999984741211,84.0,8065
2022-07-15,82.55000305175781,82.55000305175781,83.3499984741211,82.30000305175781,83.0,3575
2022-07-18,82.0,82.0,83.75,81.3499984741211,83.19999694824219,18416
2022-07-19,89.25,89.25,91.0,82.0,83.0,71644
2022-07-20,86.55000305175781,86.55000305175781,92.5,86.0,91.94999694824219,52707
2022-07-21,93.19999694824219,93.19999694824219,94.3499984741211,86.05000305175781,86.0999984741211,128085
2022-07-22,91.6500015258789,91.6500015258789,95.0,91.0,94.8499984741211,38983
2022-07-25,91.9000015258789,91.9000015258789,92.05000305175781,90.30000305175781,91.6500015258789,9339
2022-07-26,88.30000305175781,88.30000305175781,92.0,88.0,92.0,7399
2022-07-27,89.5,89.5,91.94999694824219,88.3499984741211,88.94999694824219,13324
2022-07-28,89.6500015258789,89.6500015258789,90.94999694824219,89.0,90.8499984741211,8667
2022-07-29,93.3499984741211,93.3499984741211,99.0,89.8499984741211,90.9000015258789,221663
2022-08-01,94.5999984741211,94.5999984741211,97.4000015258789,91.5,93.5,61438
2022-08-02,93.55000305175781,93.55000305175781,95.25,93.0999984741211,94.5999984741211,16704
2022-08-03,91.44999694824219,91.44999694824219,92.5,90.69999694824219,91.80000305175781,16993
2022-08-04,91.80000305175781,91.80000305175781,93.80000305175781,91.0,91.0,13598
2022-08-05,92.19999694824219,92.19999694824219,93.4000015258789,91.1500015258789,93.1500015258789,13331
2022-08-08,92.3499984741211,92.3499984741211,94.19999694824219,91.6500015258789,93.0,10291
2022-08-10,90.9000015258789,90.9000015258789,93.9000015258789,90.25,93.6500015258789,20269
2022-08-11,96.44999694824219,96.44999694824219,98.8499984741211,91.19999694824219,92.0,101098
2022-08-12,96.9000015258789,96.9000015258789,99.75,95.19999694824219,95.5,106750
2022-08-16,92.30000305175781,92.30000305175781,96.9000015258789,91.1500015258789,95.0,61296
2022-08-17,92.19999694824219,92.19999694824219,94.44999694824219,91.3499984741211,93.19999694824219,28103
2022-08-18,93.1500015258789,93.1500015258789,94.0,92.1500015258789,92.1500015258789,19212
2022-08-19,92.80000305175781,92.80000305175781,94.9000015258789,92.0,93.0,19145
2022-08-22,90.75,90.75,92.80000305175781,90.3499984741211,92.80000305175781,16484
2022-08-23,90.75,90.75,91.9000015258789,90.19999694824219,91.8499984741211,19527
2022-08-24,92.75,92.75,93.3499984741211,91.0999984741211,91.80000305175781,22474
2022-08-25,92.3499984741211,92.3499984741211,94.69999694824219,91.5,91.6500015258789,29458
2022-08-26,92.9000015258789,92.9000015258789,95.3499984741211,92.44999694824219,92.5999984741211,18612
2022-08-29,92.55000305175781,92.55000305175781,93.0,90.5999984741211,92.9000015258789,14915
2022-08-30,94.0999984741211,94.0999984741211,95.44999694824219,91.75,93.1500015258789,26215
2022-09-01,93.0999984741211,93.0999984741211,94.9000015258789,91.6500015258789,94.05000305175781,15623
2022-09-02,93.1500015258789,93.1500015258789,94.55000305175781,92.0,94.55000305175781,11540
2022-09-05,95.8499984741211,95.8499984741211,96.44999694824219,92.1500015258789,93.9000015258789,50824
2022-09-06,96.5999984741211,96.5999984741211,98.0,92.25,95.8499984741211,42231
2022-09-07,95.6500015258789,95.6500015258789,97.5,95.05000305175781,96.0999984741211,13817
2022-09-08,98.4000015258789,98.4000015258789,101.69999694824219,95.3499984741211,97.05000305175781,121733
2022-09-09,96.80000305175781,96.80000305175781,99.80000305175781,96.19999694824219,98.94999694824219,28640
2022-09-12,97.6500015258789,97.6500015258789,99.05000305175781,96.80000305175781,96.9000015258789,23586
2022-09-13,103.55000305175781,103.55000305175781,105.1500015258789,97.25,98.8499984741211,119553
2022-09-14,103.0,103.0,104.69999694824219,101.25,102.5999984741211,49566
2022-09-15,100.80000305175781,100.80000305175781,107.0999984741211,100.3499984741211,103.0,71495
2022-09-16,96.4000015258789,96.4000015258789,102.9000015258789,95.05000305175781,101.0,46306
2022-09-19,97.44999694824219,97.44999694824219,99.94999694824219,96.4000015258789,97.75,26055
2022-09-20,98.1500015258789,98.1500015258789,100.80000305175781,97.05000305175781,98.55000305175781,19104
2022-09-21,98.6500015258789,98.6500015258789,103.5999984741211,97.0999984741211,98.94999694824219,54614
2022-09-22,97.5,97.5,99.69999694824219,96.55000305175781,98.6500015258789,18651
2022-09-23,95.0999984741211,95.0999984741211,98.4000015258789,94.30000305175781,97.5,19981
2022-09-26,91.80000305175781,91.80000305175781,95.0,90.05000305175781,94.80000305175781,37028
2022-09-27,92.55000305175781,92.55000305175781,93.1500015258789,90.6500015258789,93.1500015258789,10603
2022-09-28,91.1500015258789,91.1500015258789,93.69999694824219,91.0,91.55000305175781,9406
2022-09-29,94.75,94.75,99.0,91.19999694824219,91.19999694824219,61715
2022-09-30,94.9000015258789,94.9000015258789,98.0,93.5,94.69999694824219,13893
2022-10-03,92.9000015258789,92.9000015258789,95.5999984741211,92.5,95.5999984741211,8550
2022-10-04,95.9000015258789,95.9000015258789,96.5,93.5,94.75,16316
2022-10-06,93.94999694824219,93.94999694824219,96.9000015258789,93.5,95.69999694824219,26393
2022-10-07,95.0999984741211,95.0999984741211,96.19999694824219,93.8499984741211,94.8499984741211,23358
2022-10-10,92.9000015258789,92.9000015258789,95.0,92.5,94.9000015258789,20132
2022-10-11,93.0,93.0,94.6500015258789,92.5,93.75,7841
2022-10-12,93.05000305175781,93.05000305175781,94.4000015258789,92.0,94.0,4846
2022-10-13,92.80000305175781,92.80000305175781,94.0,92.0,93.94999694824219,4595
2022-10-14,93.4000015258789,93.4000015258789,94.9000015258789,93.0,93.25,22702
2022-10-17,91.94999694824219,91.94999694824219,93.44999694824219,91.25,93.4000015258789,6089
2022-10-18,92.44999694824219,92.44999694824219,93.5,91.80000305175781,93.19999694824219,5866
2022-10-19,92.0999984741211,92.0999984741211,94.4000015258789,91.6500015258789,93.69999694824219,6218
2022-10-20,92.4000015258789,92.4000015258789,93.9000015258789,91.19999694824219,91.19999694824219,3319
2022-10-21,92.25,92.25,93.75,91.9000015258789,91.9000015258789,2668
2022-10-24,93.6500015258789,93.6500015258789,94.8499984741211,93.0,93.55000305175781,2699
2022-10-25,93.8499984741211,93.8499984741211,95.80000305175781,91.19999694824219,94.1500015258789,16727
2022-10-27,94.55000305175781,94.55000305175781,95.9000015258789,93.25,94.8499984741211,11850
2022-10-28,94.25,94.25,96.6500015258789,94.0,95.5,7895
2022-10-31,92.44999694824219,92.44999694824219,94.94999694824219,91.80000305175781,94.5,16033
2022-11-01,92.75,92.75,93.75,92.0999984741211,93.75,2401
2022-11-02,92.4000015258789,92.4000015258789,93.69999694824219,91.0999984741211,93.69999694824219,9505
2022-11-03,93.75,93.75,94.5,92.0,93.05000305175781,9473
2022-11-04,92.30000305175781,92.30000305175781,94.5,91.19999694824219,94.5,44629
2022-11-07,92.19999694824219,92.19999694824219,93.5,91.75,93.5,15227
2022-11-09,93.25,93.25,93.5,90.3499984741211,93.19999694824219,22584
2022-11-10,93.55000305175781,93.55000305175781,94.5,91.6500015258789,93.0,33981
2022-11-11,95.94999694824219,95.94999694824219,98.0,93.55000305175781,93.55000305175781,42529
2022-11-14,96.94999694824219,96.94999694824219,99.80000305175781,92.5999984741211,97.0,66925
2022-11-15,94.69999694824219,94.69999694824219,99.4000015258789,93.5999984741211,98.0,24967
2022-11-16,93.0,93.0,96.55000305175781,92.80000305175781,95.3499984741211,13326
2022-11-17,93.0999984741211,93.0999984741211,94.5999984741211,92.0999984741211,94.5999984741211,12152
2022-11-18,91.44999694824219,91.44999694824219,93.1500015258789,91.0999984741211,93.1500015258789,20387
2022-11-21,90.44999694824219,90.44999694824219,92.6500015258789,90.0999984741211,92.6500015258789,33437
2022-11-22,91.55000305175781,91.55000305175781,91.94999694824219,90.25,91.75,7693
2022-11-23,91.8499984741211,91.8499984741211,92.55000305175781,91.25,92.5,5754
2022-11-24,91.0999984741211,91.0999984741211,93.0,90.55000305175781,91.75,16892
2022-11-25,91.6500015258789,91.6500015258789,92.8499984741211,90.6500015258789,91.80000305175781,15481
2022-11-28,91.69999694824219,91.69999694824219,92.6500015258789,88.1500015258789,92.4000015258789,49546
2022-11-29,93.44999694824219,93.44999694824219,94.5,91.44999694824219,91.75,14220
2022-11-30,93.5999984741211,93.5999984741211,94.6500015258789,92.55000305175781,93.0,27331
2022-12-01,93.3499984741211,93.3499984741211,95.3499984741211,93.0,94.4000015258789,33592
2022-12-02,94.44999694824219,94.44999694824219,96.0,93.75,93.9000015258789,30341
2022-12-05,94.1500015258789,94.1500015258789,96.25,93.0999984741211,95.8499984741211,22156
2022-12-06,93.0999984741211,93.0999984741211,95.30000305175781,92.6500015258789,95.25,15425
2022-12-07,93.44999694824219,93.44999694824219,95.55000305175781,92.05000305175781,93.0999984741211,25088
2022-12-08,93.19999694824219,93.19999694824219,94.8499984741211,93.05000305175781,94.75,5938
2022-12-09,91.25,91.25,94.55000305175781,90.55000305175781,94.55000305175781,35625
2022-12-12,91.19999694824219,91.19999694824219,92.75,90.0,92.55000305175781,12534
2022-12-13,92.19999694824219,92.19999694824219,92.80000305175781,91.44999694824219,92.4000015258789,7853
2022-12-14,98.5999984741211,98.5999984741211,99.9000015258789,92.30000305175781,93.55000305175781,238475
2022-12-15,99.25,99.25,101.80000305175781,97.0,100.0,64091
2022-12-16,98.05000305175781,98.05000305175781,99.69999694824219,97.3499984741211,98.4000015258789,20739
2022-12-19,101.30000305175781,101.30000305175781,102.80000305175781,96.5,98.19999694824219,80603
2022-12-20,104.55000305175781,104.55000305175781,105.6500015258789,101.0,101.80000305175781,148745
2022-12-21,101.3499984741211,101.3499984741211,108.19999694824219,98.1500015258789,105.94999694824219,126161
2022-12-22,98.30000305175781,98.30000305175781,100.8499984741211,95.25,99.0,46006
2022-12-23,92.6500015258789,92.6500015258789,98.69999694824219,92.0,96.0999984741211,39983
2022-12-26,93.8499984741211,93.8499984741211,96.55000305175781,88.80000305175781,92.6500015258789,52038
2022-12-27,93.80000305175781,93.80000305175781,96.75,92.19999694824219,94.80000305175781,19206
2022-12-28,97.1500015258789,97.1500015258789,97.9000015258789,93.0,93.0,21282
2022-12-29,99.75,99.75,101.30000305175781,95.69999694824219,98.55000305175781,15834
2022-12-30,98.94999694824219,98.94999694824219,101.1500015258789,96.75,101.1500015258789,16200
2023-01-02,98.8499984741211,98.8499984741211,101.0,98.30000305175781,99.5,17242
2023-01-03,99.55000305175781,99.55000305175781,100.55000305175781,99.0,99.19999694824219,11474
2023-01-04,98.5999984741211,98.5999984741211,100.25,98.0999984741211,99.19999694824219,11883
2023-01-05,99.5999984741211,99.5999984741211,101.0,97.80000305175781,97.80000305175781,16982
2023-01-06,98.30000305175781,98.30000305175781,99.8499984741211,96.69999694824219,99.55000305175781,10831
2023-01-09,98.80000305175781,98.80000305175781,100.5999984741211,98.30000305175781,99.19999694824219,2639
2023-01-10,98.19999694824219,98.19999694824219,100.0,97.30000305175781,98.80000305175781,14595
2023-01-11,98.0999984741211,98.0999984741211,99.75,97.25,98.30000305175781,4456
2023-01-12,99.0,99.0,99.9000015258789,96.25,98.94999694824219,12297
2023-01-13,100.80000305175781,100.80000305175781,102.94999694824219,98.0999984741211,99.80000305175781,39389
2023-01-16,98.19999694824219,98.19999694824219,100.75,97.05000305175781,99.19999694824219,26792
2023-01-17,98.0999984741211,98.0999984741211,99.69999694824219,97.5999984741211,99.6500015258789,7629
2023-01-18,98.5999984741211,98.5999984741211,99.8499984741211,97.19999694824219,98.0999984741211,13831
2023-01-19,97.25,97.25,100.0,95.80000305175781,98.6500015258789,6576
2023-01-20,97.69999694824219,97.69999694824219,98.1500015258789,96.5999984741211,97.5,11921
2023-01-23,98.30000305175781,98.30000305175781,100.69999694824219,97.0999984741211,98.0,10166
2023-01-24,96.80000305175781,96.80000305175781,98.3499984741211,96.0,97.05000305175781,6288
2023-01-25,95.80000305175781,95.80000305175781,98.6500015258789,94.94999694824219,96.0,13977
2023-01-27,94.4000015258789,94.4000015258789,97.75,92.5,97.75,12370
2023-01-30,94.69999694824219,94.69999694824219,97.5999984741211,93.4000015258789,96.1500015258789,5541
2023-01-31,94.69999694824219,94.69999694824219,96.3499984741211,93.94999694824219,94.75,4786
2023-02-01,92.80000305175781,92.80000305175781,97.9000015258789,92.0,96.05000305175781,17933
2023-02-02,92.5,92.5,94.5999984741211,91.19999694824219,92.0,14193
2023-02-03,93.4000015258789,93.4000015258789,94.69999694824219,91.4000015258789,92.4000015258789,20975
2023-02-06,95.0,95.0,96.0,93.1500015258789,93.9000015258789,12900
2023-02-07,96.30000305175781,96.30000305175781,97.9000015258789,94.30000305175781,96.30000305175781,10884
2023-02-08,95.25,95.25,96.69999694824219,95.1500015258789,96.19999694824219,2224
2023-02-09,96.3499984741211,96.3499984741211,97.69999694824219,94.4000015258789,97.05000305175781,19387
2023-02-10,94.0,94.0,97.1500015258789,93.0,96.75,15088
2023-02-13,93.5,93.5,94.9000015258789,93.1500015258789,94.9000015258789,7226
2023-02-14,93.5,93.5,95.44999694824219,92.6500015258789,92.69999694824219,12444
2023-02-15,92.05000305175781,92.05000305175781,93.55000305175781,90.25,92.8499984741211,19358
2023-02-16,92.05000305175781,92.05000305175781,93.9000015258789,91.19999694824219,91.19999694824219,7193
2023-02-17,91.80000305175781,91.80000305175781,93.19999694824219,91.0,91.0,4582
2023-02-20,92.30000305175781,92.30000305175781,94.19999694824219,90.25,91.55000305175781,29920
2023-02-21,91.4000015258789,91.4000015258789,93.5999984741211,91.0999984741211,93.5999984741211,2451
2023-02-22,91.05000305175781,91.05000305175781,92.30000305175781,90.5,91.0999984741211,6070
2023-02-23,91.0,91.0,92.4000015258789,90.5999984741211,91.3499984741211,7994
2023-02-24,91.30000305175781,91.30000305175781,93.19999694824219,90.25,91.0,7253
2023-02-27,92.25,92.25,92.6500015258789,90.6500015258789,92.6500015258789,9590
2023-02-28,91.25,91.25,92.44999694824219,91.0,91.75,4030
2023-03-01,91.44999694824219,91.44999694824219,94.4000015258789,90.69999694824219,90.80000305175781,8482
2023-03-02,90.5,90.5,92.0,90.0,91.44999694824219,15308
2023-03-03,90.94999694824219,90.94999694824219,92.94999694824219,90.4000015258789,91.0,8402
2023-03-06,90.80000305175781,90.80000305175781,92.4000015258789,90.0,90.6500015258789,9043
2023-03-08,90.44999694824219,90.44999694824219,91.30000305175781,90.0999984741211,90.5,6882
2023-03-09,90.0999984741211,90.0999984741211,91.5999984741211,89.94999694824219,91.0,30707
2023-03-10,90.19999694824219,90.19999694824219,91.19999694824219,89.0999984741211,90.0,2965
2023-03-13,88.3499984741211,88.3499984741211,91.55000305175781,88.0999984741211,91.55000305175781,9651
2023-03-14,89.4000015258789,89.4000015258789,89.94999694824219,87.55000305175781,89.6500015258789,8853
2023-03-15,87.75,87.75,89.5,86.8499984741211,89.4000015258789,126148
2023-03-16,86.25,86.25,88.0,85.69999694824219,87.75,128086
2023-03-17,87.1500015258789,87.1500015258789,88.0,86.0,86.30000305175781,129178
2023-03-20,85.30000305175781,85.30000305175781,89.5,84.8499984741211,89.5,21900
2023-03-21,85.69999694824219,85.69999694824219,86.55000305175781,82.55000305175781,86.55000305175781,5598
2023-03-22,87.75,87.75,87.94999694824219,85.5,86.8499984741211,128632
2023-03-23,85.05000305175781,85.05000305175781,88.6500015258789,84.0999984741211,88.6500015258789,135660
2023-03-24,84.3499984741211,84.3499984741211,85.5,83.30000305175781,85.5,8795
2023-03-27,82.8499984741211,82.8499984741211,84.6500015258789,82.5,84.6500015258789,10943
2023-03-28,83.80000305175781,83.80000305175781,84.5,81.6500015258789,82.25,20929
2023-03-29,83.19999694824219,83.19999694824219,84.05000305175781,80.69999694824219,83.80000305175781,43489
2023-03-31,81.8499984741211,81.8499984741211,83.55000305175781,79.0,83.5,40292
2023-04-03,82.55000305175781,82.55000305175781,83.69999694824219,81.05000305175781,82.05000305175781,29407
2023-04-05,87.0999984741211,87.0999984741211,88.05000305175781,82.0,82.0,37673
2023-04-06,87.44999694824219,87.44999694824219,88.5999984741211,86.1500015258789,86.1500015258789,5938
2023-04-10,88.69999694824219,88.69999694824219,89.80000305175781,87.0999984741211,88.75,9387
2023-04-11,89.69999694824219,89.69999694824219,91.0999984741211,88.05000305175781,89.9000015258789,10598
2023-04-12,92.25,92.25,93.0,89.94999694824219,89.94999694824219,26394
2023-04-13,91.30000305175781,91.30000305175781,93.5,90.8499984741211,93.5,15690
2023-04-17,91.5,91.5,92.80000305175781,90.0999984741211,90.0999984741211,14507
2023-04-18,93.25,93.25,93.4000015258789,90.80000305175781,91.5,9249
2023-04-19,90.1500015258789,90.1500015258789,93.3499984741211,89.75,93.3499984741211,15936
2023-04-20,93.94999694824219,93.94999694824219,95.8499984741211,91.3499984741211,91.4000015258789,86354
2023-04-21,93.0,93.0,94.44999694824219,92.25,94.44999694824219,12359
2023-04-24,95.30000305175781,95.30000305175781,95.9000015258789,92.69999694824219,93.80000305175781,19714
2023-04-25,93.44999694824219,93.44999694824219,95.80000305175781,92.0999984741211,95.3499984741211,32616
2023-04-26,94.05000305175781,94.05000305175781,94.94999694824219,92.75,93.44999694824219,19874
2023-04-27,93.8499984741211,93.8499984741211,94.94999694824219,92.5,94.05000305175781,18974
2023-04-28,95.1500015258789,95.1500015258789,96.9000015258789,92.75,94.0,45190
2023-05-02,97.1500015258789,97.1500015258789,100.9000015258789,94.30000305175781,94.30000305175781,66603
2023-05-03,95.55000305175781,95.55000305175781,97.5999984741211,94.5,95.5999984741211,31298
2023-05-04,95.9000015258789,95.9000015258789,97.0,95.05000305175781,95.9000015258789,11034
2023-05-05,99.6500015258789,99.6500015258789,103.9000015258789,96.5,96.5,152185
2023-05-08,98.3499984741211,98.3499984741211,101.3499984741211,97.69999694824219,100.69999694824219,48363
2023-05-09,97.55000305175781,97.55000305175781,100.5999984741211,97.05000305175781,98.0,18564
2023-05-10,97.94999694824219,97.94999694824219,99.0,97.3499984741211,98.0999984741211,9044
2023-05-11,96.9000015258789,96.9000015258789,98.94999694824219,96.5,97.5,7926
2023-05-12,95.44999694824219,95.44999694824219,96.94999694824219,94.75,96.1500015258789,14374
2023-05-15,97.6500015258789,97.6500015258789,98.0,95.80000305175781,96.0,21147
2023-05-16,97.05000305175781,97.05000305175781,98.9000015258789,96.0999984741211,97.0,22011
2023-05-17,96.44999694824219,96.44999694824219,98.30000305175781,95.30000305175781,97.8499984741211,12355
2023-05-18,95.80000305175781,95.80000305175781,97.8499984741211,95.19999694824219,96.9000015258789,10249
2023-05-19,96.5,96.5,98.5,95.1500015258789,97.44999694824219,13480
2023-05-22,97.44999694824219,97.44999694824219,98.0,95.44999694824219,97.9000015258789,10486
2023-05-23,96.30000305175781,96.30000305175781,97.94999694824219,95.6500015258789,97.94999694824219,3128
2023-05-24,95.69999694824219,95.69999694824219,97.0,94.0999984741211,97.0,16914
2023-05-25,96.80000305175781,96.80000305175781,98.6500015258789,94.55000305175781,95.1500015258789,15413
2023-05-26,96.25,96.25,97.75,95.5999984741211,97.5999984741211,9750
2023-05-29,96.25,96.25,98.44999694824219,95.05000305175781,95.30000305175781,32361
2023-05-30,96.94999694824219,96.94999694824219,97.8499984741211,96.0999984741211,96.25,14994
2023-05-31,95.6500015258789,95.6500015258789,99.9000015258789,95.1500015258789,97.75,18034
2023-06-01,96.55000305175781,96.55000305175781,97.5,95.25,97.05000305175781,13262
2023-06-02,98.94999694824219,98.94999694824219,101.0,96.0,97.44999694824219,70387
2023-06-05,101.1500015258789,101.1500015258789,103.0,98.5,100.3499984741211,68656
2023-06-06,102.3499984741211,102.3499984741211,104.0,101.30000305175781,101.5,35030
2023-06-07,101.19999694824219,101.19999694824219,104.0,100.3499984741211,104.0,27868
2023-06-08,99.25,99.25,103.9000015258789,99.0,101.0999984741211,33354
2023-06-09,99.8499984741211,99.8499984741211,102.8499984741211,96.8499984741211,100.6500015258789,30125
2023-06-12,103.3499984741211,103.3499984741211,103.94999694824219,98.69999694824219,100.9000015258789,58669
2023-06-13,106.94999694824219,106.94999694824219,110.0,104.0,104.0,236411
2023-06-14,103.6500015258789,103.6500015258789,109.05000305175781,102.1500015258789,106.94999694824219,76007
2023-06-15,103.8499984741211,103.8499984741211,107.69999694824219,103.0,104.5999984741211,56556
2023-06-16,103.30000305175781,103.30000305175781,106.0,102.1500015258789,105.3499984741211,41145
2023-06-19,104.94999694824219,104.94999694824219,107.94999694824219,103.1500015258789,104.3499984741211,38827
2023-06-20,104.3499984741211,104.3499984741211,105.69999694824219,103.4000015258789,105.55000305175781,23264
2023-06-21,103.44999694824219,103.44999694824219,105.80000305175781,103.0999984741211,104.3499984741211,15943
2023-06-22,101.6500015258789,101.6500015258789,104.69999694824219,101.0,102.0999984741211,17845
2023-06-23,101.0,101.0,102.94999694824219,99.4000015258789,101.0,18953
2023-06-26,99.5,99.5,102.44999694824219,98.55000305175781,102.44999694824219,40732
2023-06-27,102.8499984741211,102.8499984741211,103.4000015258789,99.94999694824219,99.94999694824219,14328
2023-06-28,100.0999984741211,100.0999984741211,103.0,99.9000015258789,103.0,14235
2023-06-30,101.94999694824219,101.94999694824219,103.44999694824219,100.5999984741211,100.5999984741211,11975
2023-07-03,100.30000305175781,100.30000305175781,101.94999694824219,100.0,101.94999694824219,12262
2023-07-04,102.44999694824219,102.44999694824219,105.9000015258789,101.25,101.25,47338
2023-07-05,101.25,101.25,104.9000015258789,100.3499984741211,103.94999694824219,40881
2023-07-06,102.0999984741211,102.0999984741211,103.9000015258789,100.69999694824219,102.1500015258789,35815
2023-07-07,100.80000305175781,100.80000305175781,103.5,98.3499984741211,103.5,57717
2023-07-10,100.4000015258789,100.4000015258789,102.80000305175781,99.94999694824219,101.1500015258789,11561
2023-07-11,101.0999984741211,101.0999984741211,102.6500015258789,100.44999694824219,101.6500015258789,18067
2023-07-12,101.05000305175781,101.05000305175781,102.3499984741211,100.0,101.19999694824219,25806
2023-07-13,99.0,99.0,102.6500015258789,98.5999984741211,102.25,45245
2023-07-14,100.05000305175781,100.05000305175781,101.30000305175781,99.9000015258789,100.44999694824219,26999
2023-07-17,101.05000305175781,101.05000305175781,102.44999694824219,99.9000015258789,100.05000305175781,23620
2023-07-18,99.8499984741211,99.8499984741211,102.0,99.5,100.6500015258789,24783
2023-07-19,100.44999694824219,100.44999694824219,101.0,99.5,100.75,8571
2023-07-20,99.80000305175781,99.80000305175781,100.8499984741211,99.0999984741211,99.19999694824219,10039
2023-07-21,99.94999694824219,99.94999694824219,100.75,98.30000305175781,100.19999694824219,31933
2023-07-24,99.1500015258789,99.1500015258789,101.30000305175781,99.0,101.30000305175781,14402
2023-07-25,99.75,99.75,101.5,98.05000305175781,99.1500015258789,18744
2023-07-26,109.3499984741211,109.3499984741211,116.9000015258789,99.0,100.55000305175781,524540
2023-07-27,113.69999694824219,113.69999694824219,116.8499984741211,109.4000015258789,110.80000305175781,361113
2023-07-28,121.9000015258789,121.9000015258789,128.0,114.0,114.80000305175781,800005
2023-07-31,124.6500015258789,124.6500015258789,126.9000015258789,122.25,122.94999694824219,180009
2023-08-01,119.30000305175781,119.30000305175781,125.94999694824219,118.30000305175781,125.44999694824219,131510
2023-08-02,117.44999694824219,117.44999694824219,124.25,114.94999694824219,119.8499984741211,107014
2023-08-03,120.5999984741211,120.5999984741211,121.8499984741211,117.0,118.0,48767
2023-08-04,117.69999694824219,117.69999694824219,123.9000015258789,116.3499984741211,122.19999694824219,57356
2023-08-07,121.25,121.25,123.3499984741211,118.05000305175781,118.25,72997
2023-08-08,118.69999694824219,118.69999694824219,121.8499984741211,117.6500015258789,121.8499984741211,31304
2023-08-09,117.6500015258789,117.6500015258789,120.6500015258789,117.0,119.69999694824219,24122
2023-08-10,117.1500015258789,117.1500015258789,122.69999694824219,115.25,118.80000305175781,47672
2023-08-11,125.94999694824219,125.94999694824219,129.6999969482422,117.5,117.5,363188
2023-08-14,124.05000305175781,124.05000305175781,126.80000305175781,120.19999694824219,126.75,117343
2023-08-16,112.5,112.5,120.0,109.0,120.0,236755
2023-08-17,109.69999694824219,109.69999694824219,113.44999694824219,109.19999694824219,113.44999694824219,68781
2023-08-18,109.80000305175781,109.80000305175781,112.9000015258789,109.0999984741211,110.6500015258789,40631
2023-08-21,108.75,108.75,112.3499984741211,108.3499984741211,110.5999984741211,39560
2023-08-22,108.5999984741211,108.5999984741211,110.94999694824219,106.44999694824219,110.44999694824219,79487
2023-08-23,112.3499984741211,112.3499984741211,115.0,109.0,109.5999984741211,74655
2023-08-24,110.44999694824219,110.44999694824219,113.69999694824219,109.6500015258789,113.3499984741211,28540
2023-08-25,111.4000015258789,111.4000015258789,111.9000015258789,110.05000305175781,111.9000015258789,29023
2023-08-28,110.94999694824219,110.94999694824219,113.80000305175781,110.0,111.0999984741211,26422
2023-08-29,111.5,111.5,112.8499984741211,110.55000305175781,110.55000305175781,21043
2023-08-30,116.94999694824219,116.94999694824219,118.80000305175781,110.4000015258789,111.30000305175781,122011
2023-08-31,114.6500015258789,114.6500015258789,119.5,113.5999984741211,117.0,54119
2023-09-01,115.0,115.0,117.5,113.5,114.5999984741211,36291
2023-09-04,114.55000305175781,114.55000305175781,118.05000305175781,113.3499984741211,114.0,32777
2023-09-05,113.9000015258789,113.9000015258789,115.4000015258789,112.75,115.4000015258789,25741
2023-09-06,114.0999984741211,114.0999984741211,115.8499984741211,113.19999694824219,115.0,23131
2023-09-07,119.6500015258789,119.6500015258789,122.0,114.44999694824219,115.9000015258789,89351
2023-09-08,123.5999984741211,123.5999984741211,125.55000305175781,117.6500015258789,119.30000305175781,175696
2023-09-11,121.6500015258789,121.6500015258789,126.0,120.5,124.75,58666
2023-09-12,112.55000305175781,112.55000305175781,126.0,110.25,121.0,93424
2023-09-13,114.5999984741211,114.5999984741211,116.5,110.55000305175781,113.5,32685
2023-09-14,116.30000305175781,116.30000305175781,119.1500015258789,114.30000305175781,116.69999694824219,57447
2023-09-15,117.0999984741211,117.0999984741211,119.5,116.5,118.80000305175781,28880
2023-09-18,114.94999694824219,114.94999694824219,118.75,114.5999984741211,118.75,19792
2023-09-20,114.94999694824219,114.94999694824219,116.19999694824219,113.44999694824219,115.25,16381
2023-09-21,114.5999984741211,114.5999984741211,116.69999694824219,112.3499984741211,113.0999984741211,24308
2023-09-22,114.69999694824219,114.69999694824219,115.5999984741211,113.55000305175781,115.25,6566
2023-09-25,113.1500015258789,113.1500015258789,115.3499984741211,111.8499984741211,114.25,15060
2023-09-26,113.55000305175781,113.55000305175781,115.30000305175781,113.0999984741211,114.3499984741211,7270
2023-09-27,115.44999694824219,115.44999694824219,116.0,112.05000305175781,114.9000015258789,14516
2023-09-28,114.19999694824219,114.19999694824219,117.9000015258789,113.30000305175781,114.44999694824219,17180
2023-09-29,137.0,137.0,137.0,113.55000305175781,113.55000305175781,1627756
2023-10-03,142.0500030517578,142.0500030517578,148.35000610351562,138.0,145.0,1422207
2023-10-04,137.89999389648438,137.89999389648438,140.85000610351562,133.5,140.85000610351562,250539
2023-10-05,135.14999389648438,135.14999389648438,144.1999969482422,133.64999389648438,138.3000030517578,186024
2023-10-06,136.39999389648438,136.39999389648438,140.0,135.0500030517578,137.85000610351562,85277
2023-10-09,128.75,128.75,138.85000610351562,128.0,137.0,73562
2023-10-10,133.75,133.75,135.89999389648438,130.0500030517578,132.5500030517578,44860
2023-10-11,138.14999389648438,138.14999389648438,140.0,136.0,138.5,70962
2023-10-12,135.39999389648438,135.39999389648438,139.8000030517578,135.0,139.8000030517578,36530
2023-10-13,134.8000030517578,134.8000030517578,139.3000030517578,133.25,135.39999389648438,83733
2023-10-16,132.89999389648438,132.89999389648438,137.8000030517578,132.14999389648438,137.8000030517578,35181
2023-10-17,134.5500030517578,134.5500030517578,135.64999389648438,131.10000610351562,135.39999389648438,42765
2023-10-18,137.10000610351562,137.10000610351562,140.0,131.85000610351562,134.0,86782
2023-10-19,146.3000030517578,146.3000030517578,149.0,135.35000610351562,139.39999389648438,275170
2023-10-20,142.4499969482422,142.4499969482422,151.0,141.0,149.8000030517578,223231
2023-10-23,135.25,135.25,143.3000030517578,131.25,143.3000030517578,158460
2023-10-25,131.8000030517578,131.8000030517578,138.39999389648438,128.10000610351562,135.0,77869
2023-10-26,131.0500030517578,131.0500030517578,132.89999389648438,126.30000305175781,132.0,50136
2023-10-27,135.25,135.25,137.4499969482422,132.35000610351562,133.0,55703
2023-10-30,133.5,133.5,137.4499969482422,133.0,135.39999389648438,25855
2023-10-31,132.8000030517578,132.8000030517578,135.5,131.39999389648438,134.85000610351562,22585
2023-11-01,133.3000030517578,133.3000030517578,138.6999969482422,132.85000610351562,133.5,55450
2023-11-02,133.64999389648438,133.64999389648438,135.89999389648438,132.35000610351562,135.89999389648438,18485
2023-11-03,133.10000610351562,133.10000610351562,136.8000030517578,132.5,136.75,15564
2023-11-06,134.9499969482422,134.9499969482422,136.1999969482422,133.10000610351562,133.10000610351562,45116
2023-11-07,135.39999389648438,135.39999389648438,138.89999389648438,134.0500030517578,138.89999389648438,31022
2023-11-08,128.60000610351562,128.60000610351562,133.3000030517578,127.55000305175781,131.3000030517578,80133
2023-11-09,127.05000305175781,127.05000305175781,132.8000030517578,125.30000305175781,132.8000030517578,43621
2023-11-10,128.60000610351562,128.60000610351562,132.5,125.19999694824219,131.6999969482422,49889
2023-11-13,129.14999389648438,129.14999389648438,131.89999389648438,128.0,129.89999389648438,25510
2023-11-15,127.69999694824219,127.69999694824219,130.9499969482422,127.0999984741211,130.5,31364
2023-11-16,134.9499969482422,134.9499969482422,142.6999969482422,127.30000305175781,130.0,156760
2023-11-17,133.8000030517578,133.8000030517578,136.5,133.39999389648438,135.0,26940
2023-11-20,131.0,131.0,135.0,130.1999969482422,134.0,19388
2023-11-21,131.75,131.75,133.0,129.0,133.0,32279
2023-11-22,131.35000610351562,131.35000610351562,134.0,130.14999389648438,134.0,16026
2023-11-23,130.8000030517578,130.8000030517578,131.89999389648438,130.0,130.35000610351562,13457
2023-11-24,131.85000610351562,131.85000610351562,136.10000610351562,130.5,132.8000030517578,56519
2023-11-28,132.9499969482422,132.9499969482422,134.3000030517578,130.39999389648438,130.39999389648438,18886
2023-11-29,136.75,136.75,142.8000030517578,131.1999969482422,134.0,122540
2023-11-30,133.10000610351562,133.10000610351562,138.8000030517578,131.75,137.5,31883
2023-12-01,136.1999969482422,136.1999969482422,137.85000610351562,131.75,131.75,31646
2023-12-04,133.6999969482422,133.6999969482422,139.6999969482422,132.5,139.6999969482422,31461
2023-12-05,133.60000610351562,133.60000610351562,135.9499969482422,132.35000610351562,134.39999389648438,23426
2023-12-06,132.4499969482422,132.4499969482422,135.0,131.5500030517578,134.3000030517578,22204
2023-12-07,133.6999969482422,133.6999969482422,137.4499969482422,132.39999389648438,133.10000610351562,35715
2023-12-08,133.8000030517578,133.8000030517578,137.4499969482422,132.75,134.39999389648438,24375
2023-12-11,133.75,133.75,136.8000030517578,133.0,136.8000030517578,23891
2023-12-12,133.35000610351562,133.35000610351562,136.8000030517578,132.1999969482422,132.1999969482422,42435
2023-12-13,133.10000610351562,133.10000610351562,135.89999389648438,132.9499969482422,135.89999389648438,21844
2023-12-14,134.64999389648438,134.64999389648438,137.85000610351562,132.3000030517578,135.60000610351562,80370
2023-12-15,135.4499969482422,135.4499969482422,136.8000030517578,134.0,136.39999389648438,46739
2023-12-18,134.60000610351562,134.60000610351562,137.3000030517578,134.3000030517578,136.9499969482422,30458
2023-12-19,133.64999389648438,133.64999389648438,136.85000610351562,133.35000610351562,134.60000610351562,40940
2023-12-20,128.35000610351562,128.35000610351562,135.39999389648438,127.05000305175781,135.39999389648438,45414
2023-12-21,129.3000030517578,129.3000030517578,131.1999969482422,126.3499984741211,128.0,38786
2023-12-22,129.0500030517578,129.0500030517578,130.3000030517578,128.60000610351562,129.3000030517578,58732
2023-12-26,128.85000610351562,128.85000610351562,131.4499969482422,128.0,130.89999389648438,30168
2023-12-27,128.4499969482422,128.4499969482422,130.0,128.0500030517578,129.9499969482422,24150
2023-12-28,126.8499984741211,126.8499984741211,130.5500030517578,126.5,127.75,28534
2023-12-29,126.25,126.25,128.9499969482422,125.5,128.9499969482422,28845
2024-01-01,129.60000610351562,129.60000610351562,130.0,125.6500015258789,125.6500015258789,32843
2024-01-02,129.10000610351562,129.10000610351562,131.64999389648438,127.75,131.64999389648438,28293
2024-01-03,128.25,128.25,129.9499969482422,127.5,129.39999389648438,21303
2024-01-04,129.4499969482422,129.4499969482422,130.9499969482422,128.25,129.8000030517578,24476
2024-01-05,135.14999389648438,135.14999389648438,136.39999389648438,128.3000030517578,128.3000030517578,194490
2024-01-08,135.9499969482422,135.9499969482422,142.64999389648438,135.0,136.89999389648438,176299
2024-01-09,135.39999389648438,135.39999389648438,142.0500030517578,134.5500030517578,138.0,54879
2024-01-10,136.64999389648438,136.64999389648438,138.25,133.35000610351562,135.89999389648438,26783
2024-01-11,137.64999389648438,137.64999389648438,141.0,135.10000610351562,136.64999389648438,44526
2024-01-12,137.5,137.5,143.89999389648438,135.0500030517578,137.64999389648438,236419
2024-01-15,138.6999969482422,138.6999969482422,143.0500030517578,134.35000610351562,135.6999969482422,115258
2024-01-16,135.14999389648438,135.14999389648438,143.0,133.0,139.6999969482422,85612
2024-01-17,131.9499969482422,131.9499969482422,135.5500030517578,131.35000610351562,135.0,32874
2024-01-18,131.60000610351562,131.60000610351562,134.89999389648438,129.0,132.0,34909
2024-01-19,132.0500030517578,132.0500030517578,134.6999969482422,131.10000610351562,133.5500030517578,17983
2024-01-23,129.85000610351562,129.85000610351562,132.85000610351562,128.0,132.25,40489
2024-01-24,132.10000610351562,132.10000610351562,133.35000610351562,127.9000015258789,128.25,21487
2024-01-25,130.10000610351562,130.10000610351562,133.0,129.0,132.10000610351562,22845
2024-01-29,127.4000015258789,127.4000015258789,132.0,126.3499984741211,132.0,39470
2024-01-30,129.64999389648438,129.64999389648438,131.0,127.6500015258789,127.9000015258789,23542
2024-01-31,142.5500030517578,142.5500030517578,144.5,128.25,128.25,409030
2024-02-01,140.85000610351562,140.85000610351562,148.0,140.0,145.0,227845
2024-02-02,137.75,137.75,144.3000030517578,137.0,143.64999389648438,51571
2024-02-05,137.3000030517578,137.3000030517578,140.64999389648438,135.6999969482422,137.14999389648438,83041
2024-02-06,137.60000610351562,137.60000610351562,140.6999969482422,137.0,137.3000030517578,31972
2024-02-07,136.5500030517578,136.5500030517578,140.25,135.35000610351562,137.60000610351562,36770
2024-02-08,135.35000610351562,135.35000610351562,140.25,132.5,140.0,48866
2024-02-09,133.0,133.0,139.35000610351562,130.3000030517578,138.25,41879
2024-02-12,127.6500015258789,127.6500015258789,135.9499969482422,126.25,133.0,39034
2024-02-13,124.3499984741211,124.3499984741211,128.1999969482422,121.30000305175781,127.0,28643
2024-02-14,128.5,128.5,129.85000610351562,120.9000015258789,124.3499984741211,34994
2024-02-15,129.75,129.75,133.0,128.14999389648438,130.0,19783
2024-02-16,129.10000610351562,129.10000610351562,132.89999389648438,128.75,130.0,24279
2024-02-19,127.3499984741211,127.3499984741211,130.5,126.1500015258789,128.39999389648438,25595
2024-02-20,128.0,128.0,129.25,126.5,128.0,17590
2024-02-21,127.75,127.75,129.0,126.0,127.0,25276
2024-02-22,127.3499984741211,127.3499984741211,129.0,125.6500015258789,127.30000305175781,14353
2024-02-23,126.6500015258789,126.6500015258789,129.0,126.0999984741211,127.3499984741211,11870
2024-02-26,125.5,125.5,128.9499969482422,123.94999694824219,126.6500015258789,72059
2024-02-27,128.4499969482422,128.4499969482422,132.5,124.55000305175781,127.0,73666
2024-02-28,122.75,122.75,129.5,121.30000305175781,129.5,24570
2024-02-29,125.25,125.25,125.9000015258789,121.30000305175781,125.9000015258789,14942
2024-03-01,135.60000610351562,135.60000610351562,137.89999389648438,125.0,127.25,238465
2024-03-04,130.75,130.75,139.5,129.5500030517578,135.75,43881
2024-03-05,126.9000015258789,126.9000015258789,132.0,125.30000305175781,129.4499969482422,34931
2024-03-06,125.0,125.0,130.0,124.0999984741211,128.8000030517578,26016
2024-03-07,124.69999694824219,124.69999694824219,128.5,122.30000305175781,125.0,35731
2024-03-11,118.69999694824219,118.69999694824219,127.55000305175781,117.5,124.9000015258789,104529
2024-03-12,116.75,116.75,120.0,114.0,117.75,51650
2024-03-13,106.0999984741211,106.0999984741211,117.55000305175781,104.0,116.3499984741211,56255
2024-03-14,111.19999694824219,111.19999694824219,114.8499984741211,105.0999984741211,106.0999984741211,39126
2024-03-15,112.44999694824219,112.44999694824219,114.4000015258789,107.5999984741211,111.0,17635
2024-03-18,110.94999694824219,110.94999694824219,115.4000015258789,110.19999694824219,113.4000015258789,19127
2024-03-19,109.1500015258789,109.1500015258789,113.1500015258789,108.0999984741211,113.0,13203
2024-03-20,107.0,107.0,111.80000305175781,106.0999984741211,109.9000015258789,39519
2024-03-21,109.0,109.0,111.1500015258789,108.0999984741211,108.0999984741211,16334
2024-03-22,109.1500015258789,109.1500015258789,110.6500015258789,106.55000305175781,109.0,40192
2024-03-26,108.80000305175781,108.80000305175781,117.0,107.5,110.9000015258789,75168
2024-03-27,106.4000015258789,106.4000015258789,112.69999694824219,105.8499984741211,109.0,52339
2024-03-28,106.8499984741211,106.8499984741211,111.0,106.0999984741211,108.5,50359
2024-04-01,112.3499984741211,112.3499984741211,113.4000015258789,108.55000305175781,108.80000305175781,49815
2024-04-02,120.9000015258789,120.9000015258789,123.0,111.80000305175781,112.69999694824219,184529
2024-04-03,118.5999984741211,118.5999984741211,121.5,116.55000305175781,120.9000015258789,32747
2024-04-04,121.1500015258789,121.1500015258789,122.55000305175781,118.6500015258789,118.6500015258789,47538
2024-04-05,118.9000015258789,118.9000015258789,122.19999694824219,118.19999694824219,121.80000305175781,40231
2024-04-08,118.0,118.0,120.1500015258789,116.69999694824219,118.9000015258789,14454
2024-04-09,116.1500015258789,116.1500015258789,119.6500015258789,115.9000015258789,118.0999984741211,17723
2024-04-10,117.69999694824219,117.69999694824219,119.0,116.69999694824219,119.0,11312
2024-04-12,117.5999984741211,117.5999984741211,120.80000305175781,116.0999984741211,117.69999694824219,28311
2024-04-15,114.3499984741211,114.3499984741211,115.25,112.0999984741211,113.94999694824219,16396
2024-04-16,114.0999984741211,114.0999984741211,117.0,113.30000305175781,114.3499984741211,25485
2024-04-18,116.9000015258789,116.9000015258789,119.75,114.69999694824219,114.69999694824219,37377
2024-04-19,114.69999694824219,114.69999694824219,115.75,113.0,115.0,31844
2024-04-22,116.69999694824219,116.69999694824219,117.9000015258789,114.0,115.94999694824219,36946
2024-04-23,119.0999984741211,119.0999984741211,121.9000015258789,115.5999984741211,117.30000305175781,54959
2024-04-24,117.69999694824219,117.69999694824219,120.9000015258789,117.1500015258789,120.5,17834
2024-04-25,118.94999694824219,118.94999694824219,121.44999694824219,117.0,117.0,26461
2024-04-26,118.4000015258789,118.4000015258789,120.9000015258789,118.0,119.5999984741211,22396
2024-04-29,118.0,118.0,120.69999694824219,117.1500015258789,120.69999694824219,14780
2024-04-30,115.44999694824219,115.44999694824219,119.4000015258789,114.0,119.0,27451
2024-05-02,115.8499984741211,115.8499984741211,117.5999984741211,115.19999694824219,115.4000015258789,20084
2024-05-03,115.1500015258789,115.1500015258789,118.75,114.4000015258789,118.75,17797
2024-05-06,114.19999694824219,114.19999694824219,117.4000015258789,113.19999694824219,117.4000015258789,18134
2024-05-07,109.69999694824219,109.69999694824219,116.8499984741211,109.05000305175781,116.8499984741211,24453
2024-05-08,112.44999694824219,112.44999694824219,113.4000015258789,109.75,110.55000305175781,10904
2024-05-09,111.0999984741211,111.0999984741211,114.6500015258789,110.0,114.6500015258789,10506
2024-05-10,110.30000305175781,110.30000305175781,113.4000015258789,108.5,113.4000015258789,7316
2024-05-13,109.4000015258789,109.4000015258789,111.9000015258789,108.19999694824219,110.19999694824219,4629
2024-05-14,113.30000305175781,113.30000305175781,114.4000015258789,110.3499984741211,111.94999694824219,11853
2024-05-15,112.8499984741211,112.8499984741211,114.25,112.44999694824219,113.1500015258789,7814
2024-05-16,116.44999694824219,116.44999694824219,121.5999984741211,112.05000305175781,113.9000015258789,87075
2024-05-17,112.5,112.5,118.5,110.5,118.44999694824219,49554
2024-05-21,113.80000305175781,113.80000305175781,115.69999694824219,113.3499984741211,115.69999694824219,20953
2024-05-22,113.75,113.75,116.5,111.69999694824219,116.5,11355
2024-05-23,113.5999984741211,113.5999984741211,115.8499984741211,112.25,113.9000015258789,20274
2024-05-24,113.69999694824219,113.69999694824219,115.19999694824219,113.4000015258789,115.19999694824219,5100
2024-05-27,113.94999694824219,113.94999694824219,115.0,111.94999694824219,115.0,12961
2024-05-28,112.3499984741211,112.3499984741211,114.9000015258789,112.19999694824219,114.75,7215
2024-05-29,112.30000305175781,112.30000305175781,114.44999694824219,111.05000305175781,111.05000305175781,6248
2024-05-30,111.4000015258789,111.4000015258789,114.0,110.55000305175781,114.0,7470
2024-05-31,108.5999984741211,108.5999984741211,112.0,108.0,112.0,22934
2024-06-03,110.0,110.0,113.4000015258789,108.5999984741211,113.4000015258789,15870
2024-06-04,104.0,104.0,111.75,101.05000305175781,111.0,18681
2024-06-05,106.6500015258789,106.6500015258789,109.19999694824219,101.0999984741211,104.05000305175781,13501
2024-06-06,108.5999984741211,108.5999984741211,109.8499984741211,106.80000305175781,108.6500015258789,14440
2024-06-07,109.55000305175781,109.55000305175781,111.19999694824219,106.0999984741211,110.9000015258789,23253
2024-06-10,111.94000244140625,111.94000244140625,113.9000015258789,109.20999908447266,111.4000015258789,24983
2024-06-11,114.37999725341797,114.37999725341797,117.0,110.8499984741211,112.9000015258789,104877
2024-06-12,116.6500015258789,116.6500015258789,119.58000183105469,114.9000015258789,114.9000015258789,60036
2024-06-13,115.51000213623047,115.51000213623047,117.9000015258789,114.0,117.9000015258789,13449
2024-06-14,113.63999938964844,113.63999938964844,117.0,111.5,115.18000030517578,33291
2024-06-18,113.29000091552734,113.29000091552734,115.16000366210938,112.30000305175781,113.6500015258789,24638
2024-06-19,114.44000244140625,114.44000244140625,114.98999786376953,112.8499984741211,113.6500015258789,21815
2024-06-20,120.56999969482422,120.56999969482422,123.0,113.80000305175781,115.4000015258789,120058
2024-06-21,134.3699951171875,134.3699951171875,139.08999633789062,119.20999908447266,124.88999938964844,618191
2024-06-24,161.24000549316406,161.24000549316406,161.24000549316406,136.0,136.0,1496234
2024-06-25,171.99000549316406,171.99000549316406,177.36000061035156,163.9499969482422,164.9600067138672,2603256
2024-06-26,164.5500030517578,164.5500030517578,175.39999389648438,162.0,172.0,388780
2024-06-27,158.27999877929688,158.27999877929688,170.4600067138672,156.1999969482422,164.0,243890
2024-06-28,150.36000061035156,150.36000061035156,155.0,150.36000061035156,155.0,47265
2024-07-01,142.83999633789062,142.83999633789062,150.75,142.83999633789062,142.83999633789062,78734
2024-07-02,149.97999572753906,149.97999572753906,149.97999572753906,139.1999969482422,139.1999969482422,70450
2024-07-03,156.44000244140625,156.44000244140625,157.47000122070312,152.1999969482422,157.3000030517578,82892
2024-07-04,156.24000549316406,156.24000549316406,161.0,152.0,161.0,36249
2024-07-05,152.6300048828125,152.6300048828125,157.0,150.0,154.4499969482422,38985
2024-07-08,147.17999267578125,147.17999267578125,156.39999389648438,145.10000610351562,156.39999389648438,24488
2024-07-09,144.82000732421875,144.82000732421875,150.1199951171875,143.3000030517578,150.1199951171875,27116
2024-07-10,143.2899932861328,143.2899932861328,147.0,140.5,142.5,18328
2024-07-11,143.10000610351562,143.10000610351562,150.4499969482422,140.25,142.5,55358
2024-07-12,144.6300048828125,144.6300048828125,146.6999969482422,142.0,143.10000610351562,18163
2024-07-15,141.8699951171875,141.8699951171875,147.35000610351562,137.38999938964844,147.35000610351562,30540
2024-07-16,141.89999389648438,141.89999389648438,145.0,139.0,139.0500030517578,25002
2024-07-18,135.0500030517578,135.0500030517578,143.8000030517578,134.8000030517578,143.8000030517578,30364
2024-07-19,130.27000427246094,130.27000427246094,135.0,128.60000610351562,133.5500030517578,25440
2024-07-22,130.55999755859375,130.55999755859375,133.0,125.0,128.0,13635
2024-07-23,128.24000549316406,128.24000549316406,133.9499969482422,126.5,130.77999877929688,9322
2024-07-24,130.97999572753906,130.97999572753906,131.49000549316406,128.61000061035156,128.61000061035156,9267
2024-07-25,134.25,134.25,134.9499969482422,129.0,129.0,10358
2024-07-26,136.91000366210938,136.91000366210938,139.69000244140625,134.0,135.00999450683594,6238
2024-07-29,134.4199981689453,134.4199981689453,136.85000610351562,133.0,136.85000610351562,9356
2024-07-30,133.77999877929688,133.77999877929688,137.0,132.0,134.5,9719
2024-07-31,135.19000244140625,135.19000244140625,137.85000610351562,133.0,134.60000610351562,6712
2024-08-01,131.92999267578125,131.92999267578125,137.0,130.3000030517578,135.0,12625
2024-08-02,130.35000610351562,130.35000610351562,135.0,126.0,131.92999267578125,35433
2024-08-05,124.98999786376953,124.98999786376953,128.85000610351562,124.5999984741211,125.05000305175781,34827
2024-08-06,125.13999938964844,125.13999938964844,128.85000610351562,124.20999908447266,124.25,13393
2024-08-07,125.30999755859375,125.30999755859375,128.8000030517578,122.9000015258789,125.16000366210938,5904
2024-08-08,126.30000305175781,126.30000305175781,129.6999969482422,125.19999694824219,129.6999969482422,22276
2024-08-09,126.29000091552734,126.29000091552734,129.1999969482422,123.5999984741211,128.85000610351562,15793
2024-08-12,124.37000274658203,124.37000274658203,127.0,120.80000305175781,123.9000015258789,10090
2024-08-13,123.86000061035156,123.86000061035156,127.5,123.5,127.5,9346
2024-08-14,121.73999786376953,121.73999786376953,128.89999389648438,120.0,125.0,10727
2024-08-16,123.75,123.75,124.94999694824219,120.55000305175781,120.55000305175781,4607
2024-08-19,122.41999816894531,122.41999816894531,127.0,120.54000091552734,127.0,7277
2024-08-20,125.5999984741211,125.5999984741211,127.44999694824219,117.02999877929688,124.9000015258789,16100
2024-08-21,129.8300018310547,129.8300018310547,130.69000244140625,125.5999984741211,130.69000244140625,20180
2024-08-22,132.72000122070312,132.72000122070312,134.0,129.0,129.0,17376
2024-08-23,133.64999389648438,133.64999389648438,135.8699951171875,131.0,135.8699951171875,28732
2024-08-26,130.17999267578125,130.17999267578125,134.39999389648438,129.89999389648438,134.39999389648438,9408
2024-08-27,130.17999267578125,130.17999267578125,132.39999389648438,128.05999755859375,130.17999267578125,10300
2024-08-28,128.47000122070312,128.47000122070312,130.17999267578125,126.05000305175781,130.17999267578125,9293
2024-08-29,126.73999786376953,126.73999786376953,130.0,122.25,128.0,20436
2024-08-30,128.19000244140625,128.19000244140625,128.89999389648438,121.22000122070312,126.0,5334
2024-09-02,129.91000366210938,129.91000366210938,131.99000549316406,126.0,126.0,9993
2024-09-03,128.14999389648438,128.14999389648438,132.1999969482422,128.0,129.91000366210938,4113
2024-09-04,125.41000366210938,125.41000366210938,128.0,123.01000213623047,127.05000305175781,8413
2024-09-05,126.05000305175781,126.05000305175781,129.6999969482422,125.0,125.0,9110
2024-09-06,125.12999725341797,125.12999725341797,128.7899932861328,123.5,128.57000732421875,10931
2024-09-09,124.19000244140625,124.19000244140625,125.0,123.19999694824219,125.0,1874
2024-09-10,124.0,124.0,125.94999694824219,121.0,125.94999694824219,7574
2024-09-11,125.4000015258789,125.4000015258789,126.87999725341797,120.6500015258789,126.87999725341797,8872
2024-09-12,123.72000122070312,123.72000122070312,127.91000366210938,122.2699966430664,127.91000366210938,2751
2024-09-13,125.44000244140625,125.44000244140625,127.0,120.44999694824219,120.44999694824219,7511
2024-09-16,125.31999969482422,125.31999969482422,127.0,123.5,127.0,5447
2024-09-17,123.79000091552734,123.79000091552734,127.5,122.9000015258789,125.31999969482422,9102
2024-09-18,123.11000061035156,123.11000061035156,127.5999984741211,123.0,127.5999984741211,5830
2024-09-19,122.31999969482422,122.31999969482422,126.9000015258789,120.70999908447266,120.70999908447266,7475
2024-09-20,128.41000366210938,128.41000366210938,128.42999267578125,125.5,125.80000305175781,54358
2024-09-23,128.60000610351562,128.60000610351562,132.0,123.8499984741211,132.0,20961
2024-09-24,127.44999694824219,127.44999694824219,128.5500030517578,125.0,128.5500030517578,5736
2024-09-25,126.08999633789062,126.08999633789062,132.89999389648438,124.5,132.89999389648438,8011
2024-09-26,126.16999816894531,126.16999816894531,128.75,124.9000015258789,127.0,4476
2024-09-27,125.98999786376953,125.98999786376953,130.0,125.0,130.0,14865
2024-09-30,124.5999984741211,124.5999984741211,128.0,124.0,128.0,5981
2024-10-01,124.41999816894531,124.41999816894531,126.30000305175781,124.0,124.69999694824219,13989
2024-10-03,121.3499984741211,121.3499984741211,126.73999786376953,118.5,125.0,10733
2024-10-04,122.11000061035156,122.11000061035156,123.9800033569336,118.5999984741211,123.9800033569336,19472
2024-10-07,120.98999786376953,120.98999786376953,127.55000305175781,119.0,127.55000305175781,10551
2024-10-08,118.58000183105469,118.58000183105469,121.0,114.94000244140625,121.0,21748
2024-10-09,120.2699966430664,120.2699966430664,123.0,118.0999984741211,123.0,11165
2024-10-10,121.08999633789062,121.08999633789062,122.0999984741211,119.02999877929688,120.47000122070312,6546
2024-10-11,123.58000183105469,123.58000183105469,125.69999694824219,119.66000366210938,121.66999816894531,10792
2024-10-14,124.70999908447266,124.70999908447266,126.94999694824219,122.51000213623047,124.19999694824219,12166
2024-10-15,125.08999633789062,125.08999633789062,129.88999938964844,124.01000213623047,129.88999938964844,16606
2024-10-16,123.08999633789062,123.08999633789062,126.9800033569336,121.16000366210938,125.0,18571
2024-10-17,119.95999908447266,119.95999908447266,124.33999633789062,117.30999755859375,123.69999694824219,5905
2024-10-18,121.05999755859375,121.05999755859375,121.9000015258789,118.2300033569336,120.5999984741211,3830
2024-10-21,119.11000061035156,119.11000061035156,123.80999755859375,118.8499984741211,120.0,14669
2024-10-22,114.44000244140625,114.44000244140625,123.29000091552734,113.1500015258789,119.69999694824219,13083
2024-10-23,115.62999725341797,115.62999725341797,118.27999877929688,112.19999694824219,112.19999694824219,12155
2024-10-24,118.3499984741211,118.3499984741211,119.68000030517578,116.51000213623047,117.94000244140625,5083
2024-10-25,114.58000183105469,114.58000183105469,120.76000213623047,112.43000030517578,120.76000213623047,8431
2024-10-28,114.16999816894531,114.16999816894531,119.80000305175781,112.9800033569336,116.0,9994
2024-10-29,116.25,116.25,118.19000244140625,114.0,114.0,9828
2024-10-30,119.04000091552734,119.04000091552734,119.69999694824219,116.81999969482422,119.69999694824219,5955
2024-10-31,117.22000122070312,117.22000122070312,119.01000213623047,116.75,119.01000213623047,3806
2024-11-01,121.04000091552734,121.04000091552734,123.0,116.0999984741211,121.69999694824219,4163
2024-11-04,118.06999969482422,118.06999969482422,120.98999786376953,116.81999969482422,120.98999786376953,9415
2024-11-05,118.52999877929688,118.52999877929688,120.5,114.69999694824219,116.80000305175781,4585
2024-11-06,121.48999786376953,121.48999786376953,122.30999755859375,116.0,116.0,14402
2024-11-07,123.12000274658203,123.12000274658203,124.0,121.16999816894531,124.0,5807
2024-11-08,122.0199966430664,122.0199966430664,124.0,119.20999908447266,123.12000274658203,14700
2024-11-11,122.44999694824219,122.44999694824219,125.0,119.7300033569336,120.0,14169
2024-11-12,120.91999816894531,120.91999816894531,124.87999725341797,119.05000305175781,124.87999725341797,12689
2024-11-13,115.66000366210938,115.66000366210938,121.30000305175781,114.87000274658203,121.30000305175781,17438
2024-11-14,111.19000244140625,111.19000244140625,118.88999938964844,109.87000274658203,116.0,16490
2024-11-18,109.16000366210938,109.16000366210938,112.79000091552734,108.0,110.01000213623047,11359
2024-11-19,111.98999786376953,111.98999786376953,114.61000061035156,109.3499984741211,109.3499984741211,18777
2024-11-21,110.70999908447266,110.70999908447266,115.48999786376953,109.94999694824219,110.0999984741211,9043
2024-11-22,111.97000122070312,111.97000122070312,114.0,111.19999694824219,112.44999694824219,7038
2024-11-25,114.05000305175781,114.05000305175781,117.0,112.69999694824219,117.0,9256
2024-11-26,114.16000366210938,114.16000366210938,117.5,113.5,117.5,1914
2024-11-27,115.54000091552734,115.54000091552734,118.31999969482422,113.45999908447266,113.5,19400
2024-11-28,116.58000183105469,116.58000183105469,118.79000091552734,113.55999755859375,118.79000091552734,19840
2024-11-29,120.2699966430664,120.2699966430664,122.4000015258789,115.3499984741211,118.51000213623047,19667
2024-12-02,119.04000091552734,119.04000091552734,123.88999938964844,118.23999786376953,120.30000305175781,16069
2024-12-03,119.87000274658203,119.87000274658203,123.0,117.04000091552734,121.37999725341797,26001
2024-12-04,124.45999908447266,124.45999908447266,125.86000061035156,119.0,121.41999816894531,47102
2024-12-05,130.67999267578125,130.67999267578125,130.67999267578125,124.76000213623047,125.86000061035156,31105
2024-12-06,136.9600067138672,136.9600067138672,143.74000549316406,126.80000305175781,131.5500030517578,197438
2024-12-09,141.3000030517578,141.3000030517578,145.5,135.07000732421875,137.0,83290
2024-12-10,136.22000122070312,136.22000122070312,144.8000030517578,134.97999572753906,141.3000030517578,73334
2024-12-11,139.5800018310547,139.5800018310547,148.19000244140625,136.6199951171875,138.4499969482422,79901
2024-12-12,138.5500030517578,138.5500030517578,142.0,137.2100067138672,142.0,41855
2024-12-13,140.9499969482422,140.9499969482422,142.5500030517578,135.5,138.5,30209
2024-12-16,150.44000244140625,150.44000244140625,154.6999969482422,138.82000732421875,143.05999755859375,279337
2024-12-17,144.38999938964844,144.38999938964844,153.8000030517578,144.0,150.5,80498
2024-12-18,139.63999938964844,139.63999938964844,146.9600067138672,137.39999389648438,146.9600067138672,27513
2024-12-19,143.05999755859375,143.05999755859375,144.0500030517578,131.8000030517578,137.10000610351562,39080
2024-12-20,135.3800048828125,135.3800048828125,149.00999450683594,130.35000610351562,145.6999969482422,82574
2024-12-23,136.47999572753906,136.47999572753906,138.7899932861328,134.11000061035156,135.3800048828125,14207
2024-12-24,133.63999938964844,133.63999938964844,137.47999572753906,132.7100067138672,136.47999572753906,17596
2024-12-26,132.0800018310547,132.0800018310547,134.97999572753906,132.0,133.69000244140625,10772
2024-12-27,132.55999755859375,132.55999755859375,134.02999877929688,128.3000030517578,134.02999877929688,19551
2024-12-30,131.0399932861328,131.0399932861328,136.89999389648438,130.0,130.10000610351562,15104
2024-12-31,130.49000549316406,130.49000549316406,133.85000610351562,127.0,130.9499969482422,18194
2025-01-01,133.3000030517578,133.3000030517578,134.9499969482422,131.82000732421875,132.89999389648438,11565
2025-01-02,134.32000732421875,134.32000732421875,137.0,132.10000610351562,134.55999755859375,7827
2025-01-03,131.94000244140625,131.94000244140625,136.5,130.1999969482422,136.4499969482422,9260
2025-01-06,126.16999816894531,126.16999816894531,136.49000549316406,123.3499984741211,135.0,24384
2025-01-07,126.62000274658203,126.62000274658203,131.0,125.0999984741211,131.0,12057
2025-01-08,123.91000366210938,123.91000366210938,127.33000183105469,122.0,125.0,9678
2025-01-09,121.88999938964844,121.88999938964844,126.98999786376953,119.25,126.75,7716
2025-01-10,116.47000122070312,116.47000122070312,124.9000015258789,115.4000015258789,121.88999938964844,19919
2025-01-13,116.5199966430664,116.5199966430664,117.48999786376953,113.19999694824219,117.41000366210938,13284
2025-01-14,118.91000366210938,118.91000366210938,119.44999694824219,113.37000274658203,118.25,9783
2025-01-15,118.73999786376953,118.73999786376953,122.9000015258789,117.08000183105469,121.0,8112
2025-01-16,121.0999984741211,121.0999984741211,121.43000030517578,118.5999984741211,120.0999984741211,1880
2025-01-17,119.41000366210938,119.41000366210938,123.66000366210938,117.19999694824219,123.66000366210938,4419
2025-01-20,123.72000122070312,123.72000122070312,124.80000305175781,120.19999694824219,122.4000015258789,9628
2025-01-21,120.12999725341797,120.12999725341797,124.37999725341797,120.05000305175781,121.25,9132
2025-01-22,121.7300033569336,121.7300033569336,125.05000305175781,118.51000213623047,122.0,12073
2025-01-23,120.5,120.5,123.9000015258789,120.0999984741211,120.31999969482422,4851
2025-01-24,121.4800033569336,121.4800033569336,124.4000015258789,121.0,121.0,5290
2025-01-27,123.98999786376953,123.98999786376953,126.58999633789062,117.87000274658203,121.4800033569336,11885
2025-01-28,118.25,118.25,123.98999786376953,114.0,123.5,18864
2025-01-29,117.04000091552734,117.04000091552734,120.9000015258789,116.19999694824219,120.9000015258789,14931
2025-01-30,116.19999694824219,116.19999694824219,120.0,114.43000030517578,116.0999984741211,13040
2025-01-31,116.54000091552734,116.54000091552734,119.5,116.0999984741211,119.01000213623047,7063
2025-02-01,118.05999755859375,118.05999755859375,119.83999633789062,116.81999969482422,119.0,3462
2025-02-03,119.01000213623047,119.01000213623047,120.0,117.62999725341797,120.0,1942
2025-02-04,119.68000030517578,119.68000030517578,124.9800033569336,118.41000366210938,124.9800033569336,5718
2025-02-05,118.54000091552734,118.54000091552734,121.75,118.3499984741211,121.75,2371
2025-02-06,117.19999694824219,117.19999694824219,120.16999816894531,116.0199966430664,118.81999969482422,2147
2025-02-07,116.55000305175781,116.55000305175781,120.0,115.0999984741211,119.18000030517578,4085
2025-02-10,109.88999938964844,109.88999938964844,117.27999877929688,109.19999694824219,116.83999633789062,14880
2025-02-11,102.13999938964844,102.13999938964844,112.06999969482422,99.36000061035156,109.88999938964844,17874
2025-02-12,103.0,103.0,105.27999877929688,100.51000213623047,101.98999786376953,14116
2025-02-13,102.20999908447266,102.20999908447266,106.9000015258789,101.91000366210938,103.72000122070312,17856
2025-02-14,97.8499984741211,97.8499984741211,105.19999694824219,96.36000061035156,105.19999694824219,21091
2025-02-17,95.33000183105469,95.33000183105469,99.0,94.0,99.0,10792
2025-02-18,94.8499984741211,94.8499984741211,102.77999877929688,92.51000213623047,94.0999984741211,13243
2025-02-19,93.04000091552734,93.04000091552734,98.37000274658203,90.25,95.5999984741211,15372
2025-02-20,94.62999725341797,94.62999725341797,96.4000015258789,93.19999694824219,96.0,17870
2025-02-21,100.26000213623047,100.26000213623047,101.80999755859375,95.2300033569336,97.94999694824219,21228
2025-02-24,99.41999816894531,99.41999816894531,100.0,96.0,99.93000030517578,7399
2025-02-25,97.20999908447266,97.20999908447266,105.58999633789062,96.5,102.9000015258789,19091
2025-02-27,97.4800033569336,97.4800033569336,99.9000015258789,96.5199966430664,97.80000305175781,4024
2025-02-28,88.37999725341797,88.37999725341797,99.30000305175781,87.7300033569336,99.30000305175781,40074
2025-03-03,89.52999877929688,89.52999877929688,92.98999786376953,88.38999938964844,89.66000366210938,12228
2025-03-04,90.41000366210938,90.41000366210938,91.0,88.6500015258789,90.9000015258789,10065
2025-03-05,94.97000122070312,94.97000122070312,96.94999694824219,91.69000244140625,93.9000015258789,8364
2025-03-06,94.69999694824219,94.69999694824219,96.80000305175781,94.08000183105469,95.80000305175781,11140
2025-03-07,96.43000030517578,96.43000030517578,96.98999786376953,94.61000061035156,95.9000015258789,7123
2025-03-10,89.08999633789062,89.08999633789062,96.41000366210938,87.44999694824219,96.41000366210938,154198
2025-03-11,85.05000305175781,85.05000305175781,88.0,84.81999969482422,88.0,28527
2025-03-12,82.5999984741211,82.5999984741211,89.70999908447266,82.0,85.0999984741211,57800
2025-03-13,86.87000274658203,86.87000274658203,87.6500015258789,84.01000213623047,85.98999786376953,29728
2025-03-17,84.2300033569336,84.2300033569336,88.13999938964844,82.36000061035156,87.0999984741211,30054
2025-03-18,84.2300033569336,84.2300033569336,84.2300033569336,84.2300033569336,84.2300033569336,0
2025-03-19,90.33000183105469,90.33000183105469,91.58999633789062,87.5,87.5,11217
2025-03-20,92.12999725341797,92.12999725341797,93.55000305175781,91.05000305175781,91.0999984741211,32335
2025-03-21,93.6500015258789,93.6500015258789,95.22000122070312,91.2300033569336,91.2300033569336,10674
2025-03-24,93.1500015258789,93.1500015258789,95.5,92.11000061035156,95.5,47169
2025-03-25,93.29000091552734,93.29000091552734,94.9000015258789,92.72000122070312,94.9000015258789,18765
2025-03-26,90.33999633789062,90.33999633789062,94.41999816894531,90.0,94.0,31083
2025-03-27,84.70999908447266,84.70999908447266,90.79000091552734,84.0,85.0,56200
2025-03-28,86.9800033569336,86.9800033569336,87.97000122070312,84.0,84.0,25660
2025-04-01,88.52999877929688,88.52999877929688,90.77999877929688,86.5,87.4800033569336,14067
2025-04-02,91.9800033569336,91.9800033569336,93.0,88.48999786376953,88.91000366210938,10258
2025-04-03,93.0,93.0,93.91999816894531,90.41000366210938,93.16999816894531,12570
2025-04-04,92.2699966430664,92.2699966430664,96.5999984741211,92.0,95.68000030517578,11105
2025-04-07,89.81999969482422,89.81999969482422,90.98999786376953,84.0,84.0,7464
2025-04-08,90.4800033569336,90.4800033569336,92.9000015258789,89.20999908447266,90.98999786376953,6199
2025-04-09,90.69999694824219,90.69999694824219,92.93000030517578,86.2699966430664,92.93000030517578,3808
2025-04-11,90.66000366210938,90.66000366210938,93.69000244140625,90.20999908447266,91.18000030517578,6363
2025-04-15,93.12000274658203,93.12000274658203,94.86000061035156,89.91000366210938,89.91000366210938,12768
2025-04-16,95.0,95.0,96.58000183105469,92.70999908447266,93.12000274658203,12358
2025-04-17,95.37999725341797,95.37999725341797,96.73999786376953,94.0,96.66999816894531,6160
2025-04-21,98.3499984741211,98.3499984741211,104.80000305175781,93.7300033569336,94.13999938964844,34476
2025-04-22,98.41000366210938,98.41000366210938,106.02999877929688,97.3499984741211,103.80000305175781,62343
2025-04-23,100.27999877929688,100.27999877929688,100.9800033569336,98.0,100.30000305175781,13324
2025-04-24,100.88999938964844,100.88999938964844,102.12999725341797,99.11000061035156,100.30000305175781,7405
2025-04-25,96.83999633789062,96.83999633789062,102.0999984741211,95.05000305175781,98.44000244140625,14268
2025-04-28,98.33000183105469,98.33000183105469,99.4800033569336,93.0,96.83999633789062,20778
2025-04-29,96.41999816894531,96.41999816894531,101.30000305175781,95.26000213623047,98.33000183105469,13217
2025-04-30,90.12999725341797,90.12999725341797,101.38999938964844,87.5199966430664,97.61000061035156,61710
2025-05-02,108.1500015258789,108.1500015258789,108.1500015258789,90.12999725341797,90.12999725341797,358442
2025-05-05,106.9800033569336,106.9800033569336,117.9000015258789,105.19999694824219,113.9000015258789,420914
2025-05-06,105.30000305175781,105.30000305175781,109.80000305175781,104.1500015258789,106.0999984741211,39345
2025-05-07,100.83000183105469,100.83000183105469,104.9000015258789,99.0,103.69999694824219,52504
2025-05-08,105.58999633789062,105.58999633789062,114.25,101.0,101.0,271159
2025-05-09,102.0199966430664,102.0199966430664,104.73999786376953,100.0,100.0,33970
2025-05-12,103.8499984741211,103.8499984741211,110.58999633789062,101.94999694824219,104.55000305175781,38399
2025-05-13,108.33999633789062,108.33999633789062,109.9000015258789,103.86000061035156,104.62999725341797,15874
2025-05-14,109.41000366210938,109.41000366210938,110.9000015258789,106.23999786376953,109.69000244140625,19029
2025-05-15,109.27999877929688,109.27999877929688,111.9000015258789,106.9000015258789,108.55000305175781,28811
2025-05-16,109.62999725341797,109.62999725341797,111.33000183105469,108.19000244140625,110.1500015258789,5309
2025-05-19,112.86000061035156,112.86000061035156,114.98999786376953,108.62999725341797,110.0,48399
2025-05-20,112.70999908447266,112.70999908447266,114.94000244140625,110.0,114.94000244140625,24281
2025-05-21,110.19999694824219,110.19999694824219,114.9000015258789,109.9000015258789,114.9000015258789,10508
2025-05-22,115.87999725341797,115.87999725341797,125.41000366210938,110.01000213623047,111.37000274658203,117602
2025-05-23,114.66999816894531,114.66999816894531,117.0,112.94999694824219,116.0,13346
2025-05-26,113.63999938964844,113.63999938964844,117.9000015258789,112.62999725341797,114.66999816894531,21381
2025-05-27,111.70999908447266,111.70999908447266,114.79000091552734,110.19999694824219,113.05999755859375,10576
2025-05-28,111.33000183105469,111.33000183105469,112.88999938964844,110.19999694824219,111.48999786376953,9139
2025-05-29,111.87999725341797,111.87999725341797,113.01000213623047,110.0,110.0,11660
2025-05-30,113.25,113.25,114.01000213623047,108.05999755859375,113.80000305175781,23574
2025-06-02,114.62000274658203,114.62000274658203,115.5,111.76000213623047,114.0,13083
2025-06-03,112.4800033569336,112.4800033569336,114.44000244140625,111.7699966430664,114.44000244140625,4803
2025-06-04,113.05999755859375,113.05999755859375,113.5,111.5199966430664,112.58000183105469,9418
2025-06-05,112.31999969482422,112.31999969482422,114.48999786376953,111.88999938964844,112.20999908447266,8300
2025-06-06,111.7699966430664,111.7699966430664,114.56999969482422,110.4000015258789,114.56999969482422,8558
2025-06-09,113.4000015258789,113.4000015258789,114.81999969482422,112.0999984741211,112.97000122070312,6415
2025-06-10,111.87999725341797,111.87999725341797,115.02999877929688,111.1500015258789,115.02999877929688,10731
2025-06-11,111.63999938964844,111.63999938964844,113.9000015258789,110.52999877929688,113.9000015258789,23870
2025-06-12,111.80000305175781,111.80000305175781,113.4000015258789,111.11000061035156,112.16000366210938,10394
2025-06-13,109.80000305175781,109.80000305175781,110.98999786376953,108.44999694824219,109.5999984741211,3863
2025-06-16,109.83999633789062,109.83999633789062,111.58999633789062,107.54000091552734,108.55000305175781,7525
2025-06-17,107.4000015258789,107.4000015258789,110.97000122070312,106.5,110.97000122070312,14252
2025-06-18,106.70999908447266,106.70999908447266,109.18000030517578,106.0,108.18000030517578,13460
2025-06-19,107.91999816894531,107.91999816894531,110.80000305175781,105.55000305175781,107.01000213623047,14423
2025-06-20,109.44000244140625,109.44000244140625,109.95999908447266,107.02999877929688,108.83000183105469,4996
2025-06-23,106.73999786376953,106.73999786376953,113.5,104.98999786376953,107.52999877929688,22184
2025-06-24,106.97000122070312,106.97000122070312,109.5999984741211,106.4000015258789,106.73999786376953,9595
2025-06-25,108.36000061035156,108.36000061035156,110.19000244140625,107.5,107.9800033569336,8026
2025-06-26,108.55999755859375,108.55999755859375,110.5999984741211,107.30999755859375,109.5,3202
2025-06-27,109.0,109.0,110.5999984741211,108.43000030517578,109.0999984741211,8588
2025-06-30,111.5,111.5,113.37000274658203,109.08000183105469,109.44999694824219,16248
2025-07-01,115.1500015258789,115.1500015258789,119.30000305175781,110.2300033569336,110.2300033569336,91313
2025-07-02,111.18000030517578,111.18000030517578,117.52999877929688,109.41000366210938,115.37000274658203,21330
2025-07-03,112.77999877929688,112.77999877929688,115.0,111.66000366210938,112.30999755859375,7401
2025-07-04,110.68000030517578,110.68000030517578,112.98999786376953,108.98999786376953,111.0,24919
2025-07-07,110.69999694824219,110.69999694824219,112.16000366210938,109.66000366210938,112.16000366210938,4846
2025-07-08,109.68000030517578,109.68000030517578,113.5,108.9000015258789,113.44999694824219,11303
2025-07-09,109.48999786376953,109.48999786376953,111.16000366210938,107.44000244140625,110.4800033569336,4859
2025-07-10,109.87999725341797,109.87999725341797,112.0,108.0,111.05000305175781,5148
2025-07-11,109.36000061035156,109.36000061035156,112.16000366210938,109.0,109.31999969482422,12743
2025-07-14,107.87999725341797,107.87999725341797,109.94999694824219,107.19999694824219,109.36000061035156,6260
2025-07-15,109.06999969482422,109.06999969482422,109.98999786376953,108.41000366210938,109.0999984741211,3396
2025-07-16,109.98999786376953,109.98999786376953,110.9000015258789,108.0,110.9000015258789,1180
2025-07-17,107.19000244140625,107.19000244140625,112.44999694824219,105.51000213623047,112.44999694824219,32708
2025-07-18,109.58000183105469,109.58000183105469,110.18000030517578,105.86000061035156,107.0,21071
2025-07-21,108.48999786376953,108.48999786376953,110.88999938964844,107.19999694824219,110.5,4732
2025-07-22,108.52999877929688,108.52999877929688,110.0,108.0999984741211,109.0,3037
2025-07-23,107.94000244140625,107.94000244140625,109.08000183105469,107.5,109.08000183105469,2321
2025-07-24,108.01000213623047,108.01000213623047,108.8499984741211,105.95999908447266,107.94000244140625,11783
2025-07-25,106.19000244140625,106.19000244140625,110.0,103.05999755859375,110.0,14946
2025-07-28,105.01000213623047,105.01000213623047,108.19000244140625,105.0,106.56999969482422,3701
2025-07-29,105.62999725341797,105.62999725341797,107.5,105.0,106.23999786376953,7228
2025-07-30,107.97000122070312,107.97000122070312,109.80000305175781,103.12000274658203,103.12000274658203,6223
2025-07-31,106.62999725341797,106.62999725341797,107.44000244140625,105.61000061035156,107.44000244140625,1273
2025-08-01,103.19000244140625,103.19000244140625,107.5,102.0999984741211,106.81999969482422,12282
2025-08-04,102.45999908447266,102.45999908447266,104.22000122070312,100.0,100.0999984741211,26150
2025-08-05,102.37999725341797,102.37999725341797,104.51000213623047,100.5999984741211,104.51000213623047,5894
2025-08-06,100.88999938964844,100.88999938964844,102.98999786376953,100.5,102.37999725341797,3479
2025-08-07,99.37999725341797,99.37999725341797,101.80999755859375,98.0,99.3499984741211,2956
2025-08-08,101.5,101.5,102.0,100.01000213623047,102.0,1734
2025-08-11,97.80000305175781,97.80000305175781,102.5,96.0999984741211,102.5,8171
2025-08-12,96.25,96.25,100.48999786376953,94.5199966430664,100.30000305175781,7107
2025-08-13,99.69000244140625,99.69000244140625,100.66999816894531,96.25,96.25,7363
2025-08-14,96.58999633789062,96.58999633789062,99.98999786376953,96.0199966430664,98.43000030517578,9483
2025-08-18,98.41000366210938,98.41000366210938,100.37000274658203,96.5999984741211,98.97000122070312,4605
2025-08-19,100.16000366210938,100.16000366210938,100.76000213623047,99.41000366210938,100.0199966430664,3595
2025-08-20,100.54000091552734,100.54000091552734,102.77999877929688,100.0,101.6500015258789,3609
2025-08-21,99.36000061035156,99.36000061035156,101.98999786376953,99.0999984741211,100.54000091552734,6387
2025-08-22,98.08999633789062,98.08999633789062,100.19000244140625,97.51000213623047,100.1500015258789,7412
2025-08-25,99.95999908447266,99.95999908447266,101.37000274658203,98.25,99.97000122070312,4429
2025-08-26,97.04000091552734,97.04000091552734,100.9000015258789,96.94999694824219,100.9000015258789,8382
2025-08-28,96.69000244140625,96.69000244140625,98.4000015258789,95.2300033569336,96.94999694824219,5968
2025-08-29,96.44000244140625,96.44000244140625,98.31999969482422,96.05000305175781,97.47000122070312,2672
2025-09-01,98.73999786376953,98.73999786376953,98.98999786376953,96.0999984741211,96.0999984741211,1886
2025-09-02,103.16000366210938,103.16000366210938,105.63999938964844,97.80000305175781,97.83000183105469,17302
2025-09-03,102.75,102.75,104.37000274658203,101.97000122070312,104.37000274658203,2646
2025-09-04,97.55999755859375,97.55999755859375,104.8499984741211,94.5,104.8499984741211,75728
2025-09-05,98.97000122070312,98.97000122070312,99.87999725341797,96.23999786376953,98.0999984741211,17084
2025-09-08,97.44999694824219,97.44999694824219,101.9000015258789,97.16000366210938,101.9000015258789,16779
2025-09-09,97.83999633789062,97.83999633789062,99.0,97.11000061035156,97.44999694824219,6738
2025-09-10,97.91000366210938,97.91000366210938,99.98999786376953,97.01000213623047,98.4800033569336,5474
2025-09-11,98.73999786376953,98.73999786376953,101.5999984741211,97.97000122070312,98.20999908447266,9246
2025-09-12,98.56999969482422,98.56999969482422,100.47000122070312,98.0199966430664,100.0,15743
2025-09-15,100.62000274658203,100.62000274658203,103.4800033569336,97.83000183105469,99.7699966430664,21928
2025-09-16,113.3499984741211,113.3499984741211,119.44999694824219,99.0,99.0,200284
2025-09-17,105.55999755859375,105.55999755859375,113.0199966430664,100.5999984741211,113.0199966430664,198967
2025-09-18,105.4800033569336,105.4800033569336,108.58999633789062,104.01000213623047,107.88999938964844,18674
2025-09-19,104.38999938964844,104.38999938964844,106.5,104.0,106.5,5904
2025-09-22,103.44999694824219,103.44999694824219,106.56999969482422,102.0999984741211,104.0,10783
2025-09-23,103.4000015258789,103.4000015258789,105.44999694824219,102.16000366210938,104.69000244140625,8190
2025-09-24,101.76000213623047,101.76000213623047,103.91999816894531,101.19999694824219,103.91999816894531,13932
2025-09-25,99.56999969482422,99.56999969482422,103.2699966430664,99.0199966430664,102.95999908447266,8054
2025-09-26,98.63999938964844,98.63999938964844,100.5199966430664,97.48999786376953,99.12000274658203,8502
2025-09-29,95.6500015258789,95.6500015258789,100.0,94.0,98.91000366210938,23462
2025-09-30,97.26000213623047,97.26000213623047,98.38999938964844,95.9000015258789,96.66000366210938,6047
2025-10-01,99.08999633789062,99.08999633789062,102.0,97.75,97.75,3785
2025-10-03,100.12000274658203,100.12000274658203,101.8499984741211,99.0,99.9000015258789,9396
2025-10-06,99.1500015258789,99.1500015258789,102.25,98.4000015258789,100.12000274658203,8692
2025-10-07,100.30000305175781,100.30000305175781,101.79000091552734,98.61000061035156,100.5999984741211,2111
2025-10-08,100.4800033569336,100.4800033569336,101.9000015258789,98.22000122070312,99.01000213623047,7787
2025-10-09,99.2699966430664,99.2699966430664,101.0,97.5,100.4000015258789,3339
2025-10-10,99.44999694824219,99.44999694824219,101.45999908447266,98.61000061035156,101.45999908447266,1885
2025-10-13,99.25,99.25,101.69999694824219,98.5,101.69999694824219,6571
2025-10-14,98.0199966430664,98.0199966430664,99.93000030517578,96.51000213623047,98.55000305175781,13035
2025-10-15,97.20999908447266,97.20999908447266,99.83999633789062,96.98999786376953,99.83999633789062,6195
2025-10-16,97.55000305175781,97.55000305175781,99.44000244140625,97.5,98.98999786376953,7941
2025-10-17,97.79000091552734,97.79000091552734,100.0,95.02999877929688,99.98999786376953,3541
2025-10-20,97.2300033569336,97.2300033569336,99.69999694824219,96.98999786376953,97.79000091552734,4585
2025-10-21,98.73999786376953,98.73999786376953,99.5,98.0,99.5,603
2025-10-23,100.5,100.5,104.0,98.97000122070312,99.68000030517578,30236
2025-10-24,100.48999786376953,100.48999786376953,101.7699966430664,99.0999984741211,101.0,6006
2025-10-27,99.5199966430664,99.5199966430664,101.9800033569336,98.5199966430664,100.01000213623047,2088
2025-10-28,98.58000183105469,98.58000183105469,101.0999984741211,98.11000061035156,100.01000213623047,3421
2025-10-29,99.5,99.5,99.98999786376953,97.70999908447266,99.98999786376953,2773
2025-10-30,99.08999633789062,99.08999633789062,99.5,98.9800033569336,98.98999786376953,3164
2025-10-31,98.93000030517578,98.93000030517578,99.0,97.30000305175781,99.0,2915
2025-11-03,99.29000091552734,99.29000091552734,99.48999786376953,98.0,98.61000061035156,3433
2025-11-04,99.26000213623047,99.26000213623047,99.29000091552734,98.56999969482422,99.29000091552734,542
2025-11-06,96.22000122070312,96.22000122070312,100.27999877929688,95.7699966430664,100.2699966430664,5846
2025-11-07,97.16000366210938,97.16000366210938,99.0,93.0,96.5,25146
2025-11-10,97.0,97.0,98.79000091552734,96.11000061035156,97.0,1416
2025-11-11,98.41999816894531,98.41999816894531,99.48999786376953,96.98999786376953,97.0,3446
2025-11-12,98.73999786376953,98.73999786376953,99.44999694824219,96.2699966430664,98.91000366210938,2871
2025-11-13,94.76000213623047,94.76000213623047,99.27999877929688,93.75,97.20999908447266,17926
2025-11-14,95.51000213623047,95.51000213623047,97.33999633789062,95.38999938964844,95.4000015258789,14495
2025-11-17,95.06999969482422,95.06999969482422,96.97000122070312,93.11000061035156,95.51000213623047,4142
2025-11-18,95.2699966430664,95.2699966430664,97.87999725341797,94.01000213623047,95.06999969482422,1692
2025-11-19,95.12000274658203,95.12000274658203,96.80000305175781,93.25,93.25,1089
2025-11-20,92.80999755859375,92.80999755859375,96.94000244140625,91.61000061035156,96.0,7230
2025-11-21,93.4800033569336,93.4800033569336,94.94000244140625,91.5,94.94000244140625,24611
2025-11-24,89.73999786376953,89.73999786376953,93.91000366210938,88.56999969482422,93.69999694824219,13207
2025-11-25,88.9000015258789,88.9000015258789,91.5999984741211,87.0199966430664,90.98999786376953,11222
2025-11-26,89.41000366210938,89.41000366210938,90.94999694824219,88.12999725341797,89.26000213623047,6993
2025-11-27,89.20999908447266,89.20999908447266,95.0,89.0,89.5,3973
2025-11-28,89.6500015258789,89.6500015258789,91.98999786376953,88.91999816894531,91.98999786376953,3649
2025-12-01,90.0199966430664,90.0199966430664,93.56999969482422,88.5,91.9000015258789,15059
2025-12-02,88.20999908447266,88.20999908447266,91.55999755859375,88.12000274658203,91.55999755859375,5539
2025-12-03,88.45999908447266,88.45999908447266,89.97000122070312,88.0,89.97000122070312,1973
2025-12-04,88.4800033569336,88.4800033569336,90.0,88.0,89.98999786376953,8968
2025-12-05,87.87999725341797,87.87999725341797,89.9800033569336,87.75,88.04000091552734,1151
2025-12-08,83.27999877929688,83.27999877929688,87.80000305175781,80.80000305175781,87.11000061035156,17722
2025-12-09,86.4000015258789,86.4000015258789,89.16999816894531,83.01000213623047,84.5,4127
2025-12-10,85.77999877929688,85.77999877929688,88.0,84.0999984741211,88.0,6091
2025-12-11,87.41000366210938,87.41000366210938,87.88999938964844,84.0999984741211,86.94000244140625,3987
2025-12-12,87.83999633789062,87.83999633789062,89.69999694824219,86.2300033569336,89.69999694824219,12508
2025-12-15,87.83999633789062,87.83999633789062,93.16999816894531,85.11000061035156,93.16999816894531,6283
2025-12-16,85.72000122070312,85.72000122070312,88.4000015258789,84.37999725341797,88.4000015258789,10659
2025-12-17,86.0199966430664,86.0199966430664,87.77999877929688,85.0999984741211,86.9800033569336,5674
2025-12-18,85.56999969482422,85.56999969482422,87.25,85.0199966430664,86.45999908447266,4099
2025-12-19,86.47000122070312,86.47000122070312,87.37000274658203,85.5,86.5,3436
2025-12-22,86.76000213623047,86.76000213623047,88.80000305175781,86.0,86.01000213623047,3427
2025-12-23,86.87000274658203,86.87000274658203,87.69999694824219,86.0199966430664,86.70999908447266,2803
2025-12-24,87.58999633789062,87.58999633789062,88.05000305175781,87.0,87.01000213623047,1418
2025-12-26,87.08999633789062,87.08999633789062,89.41999816894531,86.11000061035156,88.48999786376953,4025
2025-12-29,85.76000213623047,85.76000213623047,90.0,84.73999786376953,85.36000061035156,23231
2025-12-30,85.19999694824219,85.19999694824219,86.48999786376953,84.0,86.18000030517578,6685
2025-12-31,84.41999816894531,84.41999816894531,88.5,83.91999816894531,85.30000305175781,14832
2026-01-01,85.80999755859375,85.80999755859375,87.69999694824219,83.97000122070312,87.69999694824219,5931
2026-01-02,85.19999694824219,85.19999694824219,86.73999786376953,84.0199966430664,85.0,4696
2026-01-05,85.05999755859375,85.05999755859375,86.48999786376953,85.0,85.01000213623047,4476
2026-01-06,84.55000305175781,84.55000305175781,85.48999786376953,84.11000061035156,85.05999755859375,2041
2026-01-07,84.61000061035156,84.61000061035156,85.97000122070312,84.43000030517578,85.97000122070312,2333
2026-01-08,85.12000274658203,85.12000274658203,85.97000122070312,85.0999984741211,85.5,5271
2026-01-09,80.62000274658203,80.62000274658203,87.56999969482422,79.9800033569336,85.12000274658203,11457
2026-01-12,82.68000030517578,82.68000030517578,84.01000213623047,80.62000274658203,81.43000030517578,5230
2026-01-13,83.05999755859375,83.05999755859375,84.4000015258789,82.01000213623047,83.7699966430664,2967
2026-01-14,83.94000244140625,83.94000244140625,84.05000305175781,82.88999938964844,82.88999938964844,3014
2026-01-16,82.83999633789062,82.83999633789062,84.98999786376953,82.55000305175781,83.94000244140625,1355
2026-01-19,80.26000213623047,80.26000213623047,83.48999786376953,79.19999694824219,82.83999633789062,12676
2026-01-20,78.7699966430664,78.7699966430664,83.16000366210938,78.0999984741211,81.25,7763
2026-01-21,77.41000366210938,77.41000366210938,78.7699966430664,75.43000030517578,78.76000213623047,21009
2026-01-22,82.37000274658203,82.37000274658203,87.80000305175781,77.5199966430664,80.06999969482422,17721
2026-01-23,81.08000183105469,81.08000183105469,85.0,80.12000274658203,82.04000091552734,5147
2026-01-27,78.7300033569336,78.7300033569336,81.33000183105469,77.16000366210938,81.31999969482422,9257
2026-01-28,83.0,83.0,84.0,75.91999816894531,78.5,23843
2026-01-29,81.04000091552734,81.04000091552734,86.0,80.41999816894531,84.0,10587
2026-01-30,81.63999938964844,81.63999938964844,84.0,81.04000091552734,81.04000091552734,3673
2026-02-02,80.23999786376953,80.23999786376953,83.38999938964844,79.0,82.69000244140625,1042
2026-02-03,83.93000030517578,83.93000030517578,86.0,82.11000061035156,82.11000061035156,7451
2026-02-04,83.75,83.75,86.05000305175781,81.69999694824219,86.0,9251
2026-02-05,84.61000061035156,84.61000061035156,86.56999969482422,82.02999877929688,82.22000122070312,3949
2026-02-06,85.87999725341797,85.87999725341797,87.0,82.19999694824219,86.0,5020
2026-02-09,88.31999969482422,88.31999969482422,90.0,85.05000305175781,85.05000305175781,8893
2026-02-10,88.22000122070312,88.22000122070312,89.9000015258789,86.19999694824219,89.0,3294
2026-02-11,88.0,88.0,89.98999786376953,87.77999877929688,89.98999786376953,1512
2026-02-12,84.95999908447266,84.95999908447266,87.98999786376953,84.01000213623047,84.01000213623047,4148
2026-02-13,83.52999877929688,83.52999877929688,84.98999786376953,82.30000305175781,84.95999908447266,4840
2026-02-16,82.3499984741211,82.3499984741211,84.87999725341797,82.0,82.5,2287
2026-02-17,82.62000274658203,82.62000274658203,84.0,80.01000213623047,82.01000213623047,11334
2026-02-18,82.01000213623047,82.01000213623047,83.5,78.6500015258789,83.5,6023
2026-02-19,82.01000213623047,82.01000213623047,82.86000061035156,80.45999908447266,82.0,1170
2026-02-20,81.05000305175781,81.05000305175781,82.8499984741211,81.0,81.9000015258789,3988
2026-02-23,79.69000244140625,79.69000244140625,81.86000061035156,78.5999984741211,81.86000061035156,7653
2026-02-24,80.72000122070312,80.72000122070312,81.66000366210938,79.69000244140625,80.0,4588
2026-02-25,79.97000122070312,79.97000122070312,80.70999908447266,77.4000015258789,80.69999694824219,5874
2026-02-26,81.20999908447266,81.20999908447266,81.79000091552734,79.4800033569336,79.4800033569336,2688
2026-02-27,80.5,80.5,81.88999938964844,80.0,81.01000213623047,5656
2026-03-02,78.0,78.0,80.51000213623047,77.20999908447266,80.51000213623047,3609
2026-03-04,74.62000274658203,74.62000274658203,78.0,73.9000015258789,78.0,7122
2026-03-05,75.5,75.5,78.97000122070312,74.80999755859375,78.97000122070312,10835
2026-03-06,75.22000122070312,75.22000122070312,76.80000305175781,73.1500015258789,75.52999877929688,8331
2026-03-09,72.8499984741211,72.8499984741211,74.88999938964844,71.0,74.88999938964844,5405
2026-03-10,73.08000183105469,73.08000183105469,74.98999786376953,71.19999694824219,72.95999908447266,7853
2026-03-11,71.11000061035156,71.11000061035156,75.88999938964844,70.94999694824219,75.88999938964844,16991
2026-03-12,72.18000030517578,72.18000030517578,74.98999786376953,71.12000274658203,71.93000030517578,20728
2026-03-13,70.87999725341797,70.87999725341797,72.88999938964844,70.0,71.1500015258789,9449
2026-03-16,67.98999786376953,67.98999786376953,72.4000015258789,67.0,70.87999725341797,24162
2026-03-17,68.38999938964844,68.38999938964844,69.98999786376953,67.41999816894531,69.98999786376953,13168
2026-03-18,68.3499984741211,68.3499984741211,70.6500015258789,67.30999755859375,69.98999786376953,19418
2026-03-19,68.48999786376953,68.48999786376953,70.38999938964844,67.26000213623047,70.38999938964844,5240
2026-03-20,66.55999755859375,66.55999755859375,69.87000274658203,65.93000030517578,69.44000244140625,22677
2026-03-23,61.150001525878906,61.150001525878906,66.55999755859375,60.20000076293945,66.55999755859375,33021
2026-03-24,63.33000183105469,63.33000183105469,70.48999786376953,62.369998931884766,62.369998931884766,34816
2026-03-25,64.16999816894531,64.16999816894531,67.79000091552734,63.0,63.9900016784668,16396
2026-03-27,62.0099983215332,62.0099983215332,64.5999984741211,60.75,63.20000076293945,17997
2026-03-30,59.540000915527344,59.540000915527344,61.59000015258789,58.5,60.04999923706055,12868
2026-04-01,66.94999694824219,66.94999694824219,67.80000305175781,62.150001525878906,63.0,14874
2026-04-02,64.52999877929688,64.52999877929688,67.0,63.099998474121094,67.0,10276
2026-04-06,67.5199966430664,67.5199966430664,69.73999786376953,63.2599983215332,68.9800033569336,6053
2026-04-07,68.4800033569336,68.4800033569336,69.97000122070312,67.01000213623047,69.97000122070312,2174
2026-04-08,73.11000061035156,73.11000061035156,75.75,71.0,71.0,6851
2026-04-09,71.8499984741211,71.8499984741211,74.0,71.0,74.0,3442
2026-04-10,72.55000305175781,72.55000305175781,73.29000091552734,71.16999816894531,73.29000091552734,7903
2026-04-13,71.13999938964844,71.13999938964844,73.79000091552734,68.80000305175781,70.0,3170
2026-04-15,74.98999786376953,74.98999786376953,76.98999786376953,72.98999786376953,73.69999694824219,3822
2026-04-16,74.0999984741211,74.0999984741211,75.51000213623047,72.98999786376953,73.0199966430664,6138
2026-04-17,80.3499984741211,80.3499984741211,82.4000015258789,74.4800033569336,74.5,24679
2026-04-20,81.0,81.0,83.9000015258789,80.0,83.9000015258789,14925
2026-04-21,79.52999877929688,79.52999877929688,82.4000015258789,79.01000213623047,82.4000015258789,4362
2026-04-22,80.12000274658203,80.12000274658203,80.98999786376953,78.81999969482422,79.0,4403
2026-04-23,79.88999938964844,79.88999938964844,84.48999786376953,79.30999755859375,80.9000015258789,29632
2026-04-24,77.98999786376953,77.98999786376953,81.31999969482422,77.22000122070312,79.9000015258789,4829
2026-04-27,78.2300033569336,78.2300033569336,80.0,77.01000213623047,78.0,4780
